split,uav_id,channel,history_length,shift_cycle,pre_shift_median,post_shift_median,candidate_shift_size,candidate_shift_score,persistence_ratio,permanent_shift_flag
train,UAV_0001,telemetry_01,259,232.0,21.992750481641373,49.525965322980674,27.5332148413393,1.6926418864094284,0.7388430632117816,False
train,UAV_0001,telemetry_02,259,174.0,20.125507338088216,8.392827365897336,-11.73267997219088,1.1451290160793623,0.6563724578231508,False
train,UAV_0001,telemetry_03,259,,,,0.0,0.0,0.0,False
train,UAV_0001,telemetry_04,259,209.0,-125.85394219349476,-125.91439159810811,-0.06044940461335102,1.4166666666683874,0.870588235294267,False
train,UAV_0001,telemetry_05,259,106.0,-113.52324601366433,-113.528116764652,-0.004870750987663541,1.0900689223047462,0.7128537988688032,False
train,UAV_0001,telemetry_06,259,232.0,-135.8888897326193,-134.6928594324346,1.1960303001847024,0.5104222340994143,1.0188481675392802,False
train,UAV_0001,telemetry_07,259,11.0,140.5912754437698,140.5912754437698,0.0,0.0,0.0,False
train,UAV_0001,telemetry_08,259,,,,0.0,0.0,0.0,False
train,UAV_0001,telemetry_09,259,248.0,-143.38122533083578,-156.66565816657683,-13.284432835741057,1.0140397303802382,0.7906209656194008,False
train,UAV_0001,telemetry_10,259,200.0,-62.23541558413608,-63.95496705520205,-1.7195514710659694,1.070323541353127,0.3706140485181545,False
train,UAV_0001,telemetry_11,259,75.0,62.61761405682944,62.43251991777513,-0.18509413905430705,0.4442307692307584,0.16305916305922283,False
train,UAV_0001,telemetry_12,259,186.0,636.3289597049288,633.7986222373298,-2.530337467598997,0.612903225806449,1.2894736842104566,False
train,UAV_0001,telemetry_13,259,224.0,7140.001406193736,7145.2404142319265,5.23900803819015,0.6687463322072131,0.9307102086314765,False
train,UAV_0001,telemetry_14,259,,,,0.0,0.0,0.0,False
train,UAV_0001,telemetry_15,259,75.0,50060.64897886043,50089.4214594055,28.77248054507072,0.3169157608695822,0.40514469453376206,False
train,UAV_0001,telemetry_16,259,73.0,-692.8648959266694,-696.3335106993333,-3.468614772663841,0.6666666666666666,1.0,False
train,UAV_0001,telemetry_17,259,,,,0.0,0.0,0.0,False
train,UAV_0001,telemetry_18,259,155.0,-104.75996612459446,-104.53348573886194,0.22648038573251483,0.86203518451627,1.923940852168729,False
train,UAV_0001,telemetry_19,259,223.0,33505.85023334059,33506.48022555151,0.6299922109174076,0.3361359488955405,1.2883919442800706,False
train,UAV_0001,telemetry_20,259,,,,0.0,0.0,0.0,False
train,UAV_0001,telemetry_21,259,13.0,34960.98284993379,34960.17350425431,-0.8093456794813392,0.39285714285676443,0.2727272727329936,False
train,UAV_0001,telemetry_22,259,169.0,23031.748148989085,23124.328863038823,92.58071404973816,0.6958664111689187,1.1982690794650053,False
train,UAV_0001,telemetry_23,259,26.0,-17400.369351111538,-17388.122548665735,12.246802445803041,0.35372745162901287,0.2183209860358225,False
train,UAV_0001,telemetry_24,259,248.0,-3634.060868870739,-3629.0615788834207,4.999289987318207,0.2448135751825195,1.0,False
train,UAV_0001,telemetry_25,259,238.0,-173.47609989853242,-174.03819509623875,-0.5620951977063271,0.4512195121951267,1.3243243243243148,False
train,UAV_0001,telemetry_26,259,63.0,-6902.281563219124,-6850.717181149888,51.56438206923576,1.088698137015039,3.7200533029825227,False
train,UAV_0001,telemetry_27,259,,,,0.0,0.0,0.0,False
train,UAV_0001,telemetry_28,259,117.0,-9723.533160116967,-9760.673840334322,-37.14068021735511,0.3965963710605714,2.223688567726063,False
train,UAV_0002,telemetry_01,253,16.0,96.47887620186287,84.54760262044232,-11.931273581420555,0.7334912954589178,0.8028032456456371,False
train,UAV_0002,telemetry_02,253,187.0,7.978064875461326,17.446667402017017,9.46860252655569,0.9241513039289504,0.29325192049865667,False
train,UAV_0002,telemetry_03,253,,,,0.0,0.0,0.0,False
train,UAV_0002,telemetry_04,253,21.0,-125.92150329276848,-125.86816558281554,0.053337709952941736,1.2500000000011657,0.4666666666664535,False
train,UAV_0002,telemetry_05,253,124.0,-113.52413592138205,-113.52859038140073,-0.004454460018678219,0.9969034434953468,0.23156413764775524,False
train,UAV_0002,telemetry_06,253,228.0,-140.66925377011128,-141.90473428438585,-1.2354805142745704,0.5272581507215442,1.2088190572731892,False
train,UAV_0002,telemetry_07,253,203.0,140.5912754437698,140.67722414279535,0.08594869902555047,2.8695647601215146,1.0,False
train,UAV_0002,telemetry_08,253,,,,0.0,0.0,0.0,False
train,UAV_0002,telemetry_09,253,123.0,-159.6967535946458,-142.86019712181505,16.83655647283075,1.2851837483273747,0.43858969505638096,False
train,UAV_0002,telemetry_10,253,188.0,-63.28941565502967,-61.64959478539754,1.639820869632132,1.0206957511317747,0.675940948090696,False
train,UAV_0002,telemetry_11,253,215.0,62.12910441710312,61.90528206713557,-0.22382234996754846,0.5371794871794802,1.6515513126491939,False
train,UAV_0002,telemetry_12,253,231.0,641.8557494367898,644.2529112481993,2.3971618114095463,0.5806451612903129,1.1111111111111374,False
train,UAV_0002,telemetry_13,253,176.0,7129.547556938322,7134.473369878806,4.92581294048432,0.6287677577653978,1.341570668268605,False
train,UAV_0002,telemetry_14,253,,,,0.0,0.0,0.0,False
train,UAV_0002,telemetry_15,253,237.0,50200.718224986595,50268.65581838507,67.93759339847747,0.748301630434689,1.0567408079891873,False
train,UAV_0002,telemetry_16,253,236.0,-698.0678180856652,-701.5364328583291,-3.4686147726639547,0.6666666666666885,1.0,False
train,UAV_0002,telemetry_17,253,,,,0.0,0.0,0.0,False
train,UAV_0002,telemetry_18,253,112.0,-103.06823150972842,-102.98314088905516,0.08509062067325601,0.3238740019601772,0.07667408566177232,False
train,UAV_0002,telemetry_19,253,244.0,33509.02588404663,33510.73368264537,1.7077985987416469,0.9112057142334359,1.0,False
train,UAV_0002,telemetry_20,253,,,,0.0,0.0,0.0,False
train,UAV_0002,telemetry_21,253,235.0,34964.66169393144,34966.42753905032,1.7658451188763138,0.8571428571458843,1.1249999999979399,False
train,UAV_0002,telemetry_22,253,16.0,22990.301708159583,22901.80008143226,-88.50162672732404,0.6652066794415527,0.10534979423867677,False
train,UAV_0002,telemetry_23,253,244.0,-17460.37982460802,-17488.14592348427,-27.766098876250908,0.8019751637735684,1.0,False
train,UAV_0002,telemetry_24,253,236.0,-3703.527738122855,-3722.12214464344,-18.594406520584926,0.9105619298438591,1.2919658261775118,False
train,UAV_0002,telemetry_25,253,235.0,-173.15707289442884,-173.93185276153756,-0.7747798671087196,0.6219512195122004,0.9607843137254851,False
train,UAV_0002,telemetry_26,253,243.0,-7615.204353957676,-7657.472548454987,-42.268194497311015,0.8924242424242407,1.0254668930390336,False
train,UAV_0002,telemetry_27,253,,,,0.0,0.0,0.0,False
train,UAV_0002,telemetry_28,253,234.0,-9813.547503044872,-9868.99146071935,-55.44395767447713,0.5920428027233217,1.172404532431912,False
train,UAV_0003,telemetry_01,222,41.0,93.80691011062946,77.37716743199744,-16.429742678632024,1.0100408107456753,0.47538540879147856,False
train,UAV_0003,telemetry_02,222,87.0,6.271970137897007,18.378060571263234,12.106090433366226,1.1815744961412906,0.5512509378494725,False
train,UAV_0003,telemetry_03,222,,,,0.0,0.0,0.0,False
train,UAV_0003,telemetry_04,222,66.0,-125.87243259961178,-125.9236368011666,-0.051204201554810425,1.2000000000007993,0.5555555555559256,False
train,UAV_0003,telemetry_05,222,150.0,-113.52756899451867,-113.52278572211584,0.004783272402832495,1.070491307490718,0.7176687632329587,False
train,UAV_0003,telemetry_06,222,148.0,-137.9741153345119,-136.7993756260583,1.1747397084536146,0.5013361838588793,1.8363539445629393,False
train,UAV_0003,telemetry_07,222,11.0,140.5912754437698,140.5912754437698,0.0,0.0,0.0,False
train,UAV_0003,telemetry_08,222,,,,0.0,0.0,0.0,False
train,UAV_0003,telemetry_09,222,163.0,-146.8186750268248,-157.9813457821836,-11.162670755358818,0.8520794062531,0.3865231739678278,False
train,UAV_0003,telemetry_10,222,39.0,-61.46787718676161,-63.63769195613594,-2.1698147693743266,1.3505869798694443,0.35775422184334704,False
train,UAV_0003,telemetry_11,222,116.0,62.46697467093243,62.62268878791463,0.15571411698220317,0.3737179487179596,1.6243567753000818,False
train,UAV_0003,telemetry_12,222,204.0,633.332507440667,631.1351091135416,-2.19739832712537,0.5322580645161086,1.2727272727273433,False
train,UAV_0003,telemetry_13,222,194.0,7140.352305965294,7145.443685647434,5.091379682139632,0.6499019401164023,1.0337756161199438,False
train,UAV_0003,telemetry_14,222,,,,0.0,0.0,0.0,False
train,UAV_0003,telemetry_15,222,34.0,49985.43345897895,50017.72154807936,32.28808910040971,0.3556385869564606,1.4336198662847957,False
train,UAV_0003,telemetry_16,222,158.0,-694.5992033130013,-698.0678180856652,-3.468614772663841,0.6666666666666666,1.5000000000000329,False
train,UAV_0003,telemetry_17,222,,,,0.0,0.0,0.0,False
train,UAV_0003,telemetry_18,222,32.0,-103.32305780605788,-103.33124616830571,-0.008188362247835812,0.03116674469786468,0.5154241061176243,False
train,UAV_0003,telemetry_19,222,209.0,33506.0989521528,33507.00954592812,0.9105937753192848,0.4858525191598727,0.8806797373846181,False
train,UAV_0003,telemetry_20,222,,,,0.0,0.0,0.0,False
train,UAV_0003,telemetry_21,222,159.0,34961.20358057365,34961.93934937318,0.7357687995245215,0.35714285714058674,2.000000000009889,False
train,UAV_0003,telemetry_22,222,61.0,22946.45151944366,23060.228919400924,113.7773999572637,0.855187517109193,1.0467349551856513,False
train,UAV_0003,telemetry_23,222,190.0,-17397.454993141135,-17410.250556737097,-12.795563595962449,0.369577456890216,1.8872496177857883,False
train,UAV_0003,telemetry_24,222,108.0,-3648.671771403041,-3643.398435436655,5.273335966386185,0.25823351602816247,1.6584344272730782,False
train,UAV_0003,telemetry_25,222,211.0,-173.56725047113346,-174.2812632898415,-0.7140128187080279,0.5731707317073157,0.9574468085106324,False
train,UAV_0003,telemetry_26,222,202.0,-7458.7618004701735,-7450.365571682083,8.396228788090411,0.17727272727272203,1.0940170940170968,False
train,UAV_0003,telemetry_27,222,,,,0.0,0.0,0.0,False
train,UAV_0003,telemetry_28,222,197.0,-9839.485462566565,-9895.086412818953,-55.60095025238843,0.5937192040794274,1.1823962624368691,False
train,UAV_0004,telemetry_01,272,77.0,103.94608704637218,86.1641889678997,-17.78189807847248,1.0931664057731143,0.9511088441641249,False
train,UAV_0004,telemetry_02,272,154.0,3.9503500094937793,13.365197601469914,9.414847591976134,0.9189047331974209,0.8895853999217354,False
train,UAV_0004,telemetry_03,272,,,,0.0,0.0,0.0,False
train,UAV_0004,telemetry_04,272,48.0,-125.91296925917604,-125.85607570189288,0.05689355728316059,1.3333333333351096,0.33750000000027475,False
train,UAV_0004,telemetry_05,272,68.0,-113.5246304884337,-113.52941260965306,-0.004782121219363944,1.0702336738473404,0.2520026380929444,False
train,UAV_0004,telemetry_06,272,179.0,-136.80751614642602,-135.5570069791649,1.2505091672611286,0.5336718332442355,1.251877816725117,False
train,UAV_0004,telemetry_07,272,11.0,140.5912754437698,140.5912754437698,0.0,0.0,0.0,False
train,UAV_0004,telemetry_08,272,,,,0.0,0.0,0.0,False
train,UAV_0004,telemetry_09,272,104.0,-149.41395122364548,-161.63895202658716,-12.225000802941679,0.9331701753017777,0.3134141262797951,False
train,UAV_0004,telemetry_10,272,262.0,-61.326312215575726,-63.160686133970245,-1.834373918394519,1.141794021021491,0.9485712109717943,False
train,UAV_0004,telemetry_11,272,210.0,62.74955706504421,62.89084826210009,0.14129119705588522,0.3391025641025559,1.7183364839319806,False
train,UAV_0004,telemetry_12,272,160.0,634.9972031430348,633.1993317844775,-1.797871358557245,0.43548387096775526,1.148148148148113,False
train,UAV_0004,telemetry_13,272,260.0,7143.907256578996,7149.1980942995315,5.290837720535819,0.6753622621152163,0.9657258251551768,False
train,UAV_0004,telemetry_14,272,,,,0.0,0.0,0.0,False
train,UAV_0004,telemetry_15,272,86.0,49954.31723939698,49929.677140838015,-24.640098558964382,0.2713994565217803,1.0212765957445804,False
train,UAV_0004,telemetry_16,272,239.0,-698.0678180856652,-701.5364328583291,-3.4686147726639547,0.6666666666666885,1.0,False
train,UAV_0004,telemetry_17,272,,,,0.0,0.0,0.0,False
train,UAV_0004,telemetry_18,272,123.0,-103.3200247001181,-103.33005124100234,-0.010026540884240376,0.03816326519071804,0.6570836690288361,False
train,UAV_0004,telemetry_19,272,230.0,33506.6356550783,33507.479655334275,0.8440002559727873,0.45032116587023163,1.0513031906182209,False
train,UAV_0004,telemetry_20,272,,,,0.0,0.0,0.0,False
train,UAV_0004,telemetry_21,272,210.0,34962.96942569252,34963.778771372,0.8093456794813392,0.39285714285676443,1.2727272727240038,False
train,UAV_0004,telemetry_22,272,233.0,23103.496381356505,23196.659822166584,93.16344081007992,0.7002463728442332,1.1055512118842676,False
train,UAV_0004,telemetry_23,272,214.0,-17362.90170132447,-17351.18631648219,11.715384842278581,0.3383783843539117,0.6845685927185103,False
train,UAV_0004,telemetry_24,272,30.0,-3636.8493987113607,-3641.8831390156674,-5.033740304306775,0.2465005957973542,0.12101124762712576,False
train,UAV_0004,telemetry_25,272,248.0,-173.9014692373372,-174.417989148743,-0.5165199114057941,0.41463414634145174,0.9411764705882256,False
train,UAV_0004,telemetry_26,272,146.0,-7462.062881874039,-7455.8195322623815,6.243349611657322,0.1318181818181853,1.4252873563218675,False
train,UAV_0004,telemetry_27,272,,,,0.0,0.0,0.0,False
train,UAV_0004,telemetry_28,272,56.0,-9782.237769305475,-9821.454728094337,-39.21695878886203,0.41876733136478494,1.466679259353956,False
train,UAV_0005,telemetry_01,213,85.0,96.10028404054358,79.98460920406005,-16.115674836483535,0.9907330623458557,0.6638142549695802,False
train,UAV_0005,telemetry_02,213,31.0,9.492523194951518,19.202087928936226,9.709564733984708,0.9476696148484952,0.3650780433496284,False
train,UAV_0005,telemetry_03,213,,,,0.0,0.0,0.0,False
train,UAV_0005,telemetry_04,213,167.0,-125.8653209049514,-125.93217083475909,-0.06684992980768811,1.5666666666681544,0.5957446808508241,False
train,UAV_0005,telemetry_05,213,186.0,-113.5223944932263,-113.52670705550568,-0.004312562279380927,0.965146879436736,0.9144689263656683,False
train,UAV_0005,telemetry_06,213,182.0,-135.68224575405333,-134.86130558465956,0.820940169393765,0.3503474078033033,1.3493516399695151,False
train,UAV_0005,telemetry_07,213,11.0,140.5912754437698,140.5912754437698,0.0,0.0,0.0,False
train,UAV_0005,telemetry_08,213,,,,0.0,0.0,0.0,False
train,UAV_0005,telemetry_09,213,194.0,-161.46613496588225,-146.38729459711442,15.078840368767828,1.1510121215603266,1.0200406405235802,False
train,UAV_0005,telemetry_10,213,93.0,-62.758629309466016,-61.154403664393115,1.6042256450729013,0.9985397369347249,0.20391407018393226,False
train,UAV_0005,telemetry_11,213,197.0,62.86360496890596,63.042556012436094,0.1789510435301338,0.4294871794871586,1.0029850746269249,False
train,UAV_0005,telemetry_12,213,204.0,632.4668656754358,630.0031160359315,-2.4637496395042717,0.5967741935483809,1.0,False
train,UAV_0005,telemetry_13,213,96.0,7138.8227356187,7134.6148618605785,-4.207873758121423,0.5371246086323621,0.3748339130324271,False
train,UAV_0005,telemetry_14,213,,,,0.0,0.0,0.0,False
train,UAV_0005,telemetry_15,213,203.0,50165.222914046215,50224.30980871325,59.086894667037996,0.6508152173912323,1.0120041753653053,False
train,UAV_0005,telemetry_16,213,200.0,-699.8021254719972,-702.4035865514951,-2.6014610794978807,0.5,0.6666666666666666,False
train,UAV_0005,telemetry_17,213,,,,0.0,0.0,0.0,False
train,UAV_0005,telemetry_18,213,115.0,-103.32748898208604,-103.32036480044549,0.007124181640548954,0.027116234437587153,0.12367413617689954,False
train,UAV_0005,telemetry_19,213,14.0,33505.128568672975,33505.67733262501,0.5487639520360972,0.29279614658839503,1.0315876020123291,False
train,UAV_0005,telemetry_20,213,,,,0.0,0.0,0.0,False
train,UAV_0005,telemetry_21,213,96.0,34961.86577249323,34962.45438753285,0.5886150396254379,0.2857142857152948,1.1249999999938194,False
train,UAV_0005,telemetry_22,213,173.0,23107.866832059088,23201.904363009686,94.03753095059801,0.7068163153572461,1.1216111541440428,False
train,UAV_0005,telemetry_23,213,204.0,-17443.473012476417,-17467.371859217288,-23.898846740870795,0.6902763551491456,1.0,False
train,UAV_0005,telemetry_24,213,154.0,-3640.2568577600714,-3636.3217772253247,3.935080534746703,0.19269959069913076,1.734473390871072,False
train,UAV_0005,telemetry_25,213,39.0,-172.13922483371744,-172.57978593462238,-0.4405611009049437,0.35365853658535723,1.586206896551722,False
train,UAV_0005,telemetry_26,213,190.0,-7455.31719378788,-7446.633914442931,8.68327934494846,0.18333333333333332,0.8181818181817134,False
train,UAV_0005,telemetry_27,213,,,,0.0,0.0,0.0,False
train,UAV_0005,telemetry_28,213,200.0,-9888.882728645356,-9928.943823451144,-40.061094805787434,0.4277812018441335,1.1026616234463877,False
train,UAV_0006,telemetry_01,278,146.0,94.72027897128825,79.01849888328127,-15.701780088006984,0.9652883189014964,0.5192484585261142,False
train,UAV_0006,telemetry_02,278,146.0,16.754569666471895,6.570071336199122,-10.184498330272772,0.9940239212055643,0.5019347527918326,False
train,UAV_0006,telemetry_03,278,,,,0.0,0.0,0.0,False
train,UAV_0006,telemetry_04,278,107.0,-125.8781219553401,-125.930748495827,-0.052626540486897966,1.2333333333343768,0.31081081081066486,False
train,UAV_0006,telemetry_05,278,160.0,-113.5237428528906,-113.52856165017374,-0.004818797283135723,1.0784417381502254,0.2723852169477539,False
train,UAV_0006,telemetry_06,278,199.0,-136.95404551304551,-135.89890883461032,1.0551366784351899,0.45029396044895736,1.4338278931750408,False
train,UAV_0006,telemetry_07,278,11.0,140.5912754437698,140.5912754437698,0.0,0.0,0.0,False
train,UAV_0006,telemetry_08,278,,,,0.0,0.0,0.0,False
train,UAV_0006,telemetry_09,278,213.0,-157.98093645129728,-145.36956697446308,12.611369476834199,0.962662829654867,0.47861073269731863,False
train,UAV_0006,telemetry_10,278,159.0,-61.85325939600896,-63.307985724136685,-1.4547263281277267,0.9054848670834379,0.48947618435466506,False
train,UAV_0006,telemetry_11,278,234.0,62.81499438693209,62.984864332730865,0.1698699457987729,0.40769230769233356,1.0283018867924247,False
train,UAV_0006,telemetry_12,278,216.0,634.93061531494,633.0661561282882,-1.8644591866518567,0.4516129032257958,1.428571428571411,False
train,UAV_0006,telemetry_13,278,111.0,7136.626935742501,7131.966944482214,-4.659991260286915,0.5948362821201373,0.5769030943121103,False
train,UAV_0006,telemetry_14,278,,,,0.0,0.0,0.0,False
train,UAV_0006,telemetry_15,278,215.0,50034.34359203841,50057.41091834893,23.067326310520002,0.25407608695656203,1.4759358288768503,False
train,UAV_0006,telemetry_16,278,220.0,-698.0678180856652,-699.8021254719972,-1.7343073863320342,0.3333333333333552,1.0,False
train,UAV_0006,telemetry_17,278,,,,0.0,0.0,0.0,False
train,UAV_0006,telemetry_18,278,47.0,-103.32196723319731,-103.32967136583932,-0.007704132642004424,0.029323658126544107,0.740901467739582,False
train,UAV_0006,telemetry_19,278,207.0,33505.35093924166,33506.147473106874,0.7965338652138598,0.4249952014822524,1.3420135741831005,False
train,UAV_0006,telemetry_20,278,,,,0.0,0.0,0.0,False
train,UAV_0006,telemetry_21,278,174.0,34961.79219561328,34962.3808106529,0.5886150396254379,0.2857142857152948,1.7499999999876388,False
train,UAV_0006,telemetry_22,278,168.0,23032.84076166473,23118.720117970508,85.87935630577704,0.6454968519025689,1.3638676844783315,False
train,UAV_0006,telemetry_23,278,50.0,-17385.016125397684,-17368.953444794206,16.06268060347793,0.46394241283333265,0.18493458864263357,False
train,UAV_0006,telemetry_24,278,262.0,-3633.014410424804,-3627.357022160126,5.657388264678048,0.2770404298980119,0.9904368724544087,False
train,UAV_0006,telemetry_25,278,203.0,-172.86842941452562,-173.47609989853245,-0.6076704840068317,0.4878048780487788,1.2499999999999882,False
train,UAV_0006,telemetry_26,278,241.0,-7454.384279478092,-7446.77743972136,7.60683975673237,0.16060606060607457,0.9716981132076149,False
train,UAV_0006,telemetry_27,278,,,,0.0,0.0,0.0,False
train,UAV_0006,telemetry_28,278,40.0,-9728.237418158547,-9778.79353532479,-50.556117166242984,0.5398493642471276,1.5154109753915903,False
train,UAV_0007,telemetry_01,424,234.0,94.92652740625391,77.82543805877371,-17.101089347480197,1.051312761679923,0.6097059417905777,False
train,UAV_0007,telemetry_02,424,270.0,15.455928700509384,2.0456967109134663,-13.410231989595918,1.3088608740748264,0.24044756947653442,False
train,UAV_0007,telemetry_03,424,,,,0.0,0.0,0.0,False
train,UAV_0007,telemetry_04,424,399.0,-125.92221446223452,-125.87385493854387,0.04835952369064955,1.1333333333339772,0.7647058823528202,False
train,UAV_0007,telemetry_05,424,378.0,-113.52857445288484,-113.52363579512425,0.004938657760590104,1.1052663863033645,0.7046632020412786,False
train,UAV_0007,telemetry_06,424,195.0,-137.38173592928953,-138.57087809685535,-1.1891421675658194,0.5074826296098288,1.6919431279620873,False
train,UAV_0007,telemetry_07,424,350.0,140.5912754437698,140.67722414279535,0.08594869902555047,2.8695647601215146,1.0,False
train,UAV_0007,telemetry_08,424,,,,0.0,0.0,0.0,False
train,UAV_0007,telemetry_09,424,27.0,-143.16786362329353,-157.09824988660955,-13.930386263316024,1.0633472505156862,0.6147377588728207,False
train,UAV_0007,telemetry_10,424,384.0,-61.59310316243698,-63.679167247857066,-2.086064085420084,1.2984569156352619,0.4721855356199329,False
train,UAV_0007,telemetry_11,424,81.0,62.294700905145945,62.478459588651525,0.18375868350558022,0.44102564102564357,0.09883720930234514,False
train,UAV_0007,telemetry_12,424,384.0,641.7225737806004,644.1863234201047,2.4637496395042717,0.5967741935483809,1.0810810810810536,False
train,UAV_0007,telemetry_13,424,190.0,7132.03833992213,7126.749165600808,-5.289174321322207,0.675149933347062,0.14907316822495625,False
train,UAV_0007,telemetry_14,424,,,,0.0,0.0,0.0,False
train,UAV_0007,telemetry_15,424,411.0,50243.24475303767,50293.32675561558,50.082002577910316,0.5516304347825848,1.2192118226600712,False
train,UAV_0007,telemetry_16,424,401.0,-698.0678180856652,-701.5364328583291,-3.4686147726639547,0.6666666666666885,1.0,False
train,UAV_0007,telemetry_17,424,,,,0.0,0.0,0.0,False
train,UAV_0007,telemetry_18,424,35.0,-103.05670534041909,-102.97935946245792,0.07734587796116443,0.29439577279143186,0.980925989820119,False
train,UAV_0007,telemetry_19,424,406.0,33508.78988067295,33510.14643842949,1.3565577565386775,0.7237991531065361,1.0620935818027673,False
train,UAV_0007,telemetry_20,424,,,,0.0,0.0,0.0,False
train,UAV_0007,telemetry_21,424,396.0,34964.8824245713,34966.206808410454,1.3243838391572353,0.6428571428594133,1.666666666661173,False
train,UAV_0007,telemetry_22,424,63.0,22985.130008161526,22889.999864535283,-95.13014362624381,0.7150287434984984,0.06967840735069744,False
train,UAV_0007,telemetry_23,424,414.0,-17472.205862694245,-17492.815068335112,-20.609205640867003,0.5952608302210711,1.0490215851812645,False
train,UAV_0007,telemetry_24,424,413.0,-3724.0381751699533,-3738.1315457104774,-14.09337054052412,0.6901476884017566,1.0214515390361916,False
train,UAV_0007,telemetry_25,424,369.0,-172.44306007572084,-173.12668937022852,-0.6836292945076821,0.5487804878048733,1.511111111111123,False
train,UAV_0007,telemetry_26,424,409.0,-7620.299501341902,-7648.7175064708235,-28.418005128921322,0.5999999999999808,1.2247474747475082,False
train,UAV_0007,telemetry_27,424,,,,0.0,0.0,0.0,False
train,UAV_0007,telemetry_28,424,407.0,-9837.564857102483,-9891.008315755706,-53.44345865322248,0.5706810331623785,1.057064401800436,False
train,UAV_0008,telemetry_01,267,56.0,91.01393187714652,77.05449682952693,-13.959435047619593,0.8581752842292993,0.41343228048181624,False
train,UAV_0008,telemetry_02,267,60.0,16.26205487251154,5.964588620548897,-10.297466251962645,1.0050497776441507,0.6295238786326651,False
train,UAV_0008,telemetry_03,267,,,,0.0,0.0,0.0,False
train,UAV_0008,telemetry_04,267,75.0,-125.91652510650621,-125.88096663320425,0.03555847330196116,0.8333333333341104,0.7599999999996643,False
train,UAV_0008,telemetry_05,267,159.0,-113.5289808408073,-113.52447752077846,0.004503320028831581,1.007838262119122,0.4813365750017057,False
train,UAV_0008,telemetry_06,267,11.0,-137.3867454802851,-136.27650374089905,1.1102417393860549,0.47381079636555684,1.009024252679076,False
train,UAV_0008,telemetry_07,267,11.0,140.5912754437698,140.5912754437698,0.0,0.0,0.0,False
train,UAV_0008,telemetry_08,267,,,,0.0,0.0,0.0,False
train,UAV_0008,telemetry_09,267,247.0,-158.92617315069376,-146.24163537067182,12.684537780021941,0.9682479808882157,0.765622204435867,False
train,UAV_0008,telemetry_10,267,206.0,-62.89729266012969,-61.90982229828198,0.9874703618477128,0.6146444537766034,0.26178374003976296,False
train,UAV_0008,telemetry_11,267,216.0,62.784813091530744,62.98700106160884,0.20218797007809286,0.4852564102564258,0.9722589167767476,False
train,UAV_0008,telemetry_12,267,28.0,636.0626083925501,634.5310883463717,-1.531520046178457,0.3709677419355105,1.1739130434782867,False
train,UAV_0008,telemetry_13,267,257.0,7143.964492480496,7148.901160574123,4.936668093627304,0.6301533910373838,0.8554512605647997,False
train,UAV_0008,telemetry_14,267,,,,0.0,0.0,0.0,False
train,UAV_0008,telemetry_15,267,174.0,49951.69595231624,49991.446999928885,39.75104761264811,0.4378396739131203,1.3141970519782393,False
train,UAV_0008,telemetry_16,267,118.0,-696.3335106993333,-698.9349717788311,-2.6014610794978807,0.5,1.333333333333377,False
train,UAV_0008,telemetry_17,267,,,,0.0,0.0,0.0,False
train,UAV_0008,telemetry_18,267,222.0,-103.331276332065,-103.32314328434649,0.008133047718516195,0.03095620518322087,0.4644066992144406,False
train,UAV_0008,telemetry_19,267,241.0,33506.32622166631,33507.10093219546,0.7747105291491607,0.4133512356537041,0.8238548119542587,False
train,UAV_0008,telemetry_20,267,,,,0.0,0.0,0.0,False
train,UAV_0008,telemetry_21,267,254.0,34963.19015633238,34963.85234825196,0.6621919195822557,0.3214285714314725,1.0,False
train,UAV_0008,telemetry_22,267,253.0,23178.44961090582,23262.07090101526,83.62129010944045,0.6285245004106327,0.765679442508647,False
train,UAV_0008,telemetry_23,267,250.0,-17391.48119874988,-17406.339694304243,-14.85849555436289,0.42916163551629555,1.156297726067447,False
train,UAV_0008,telemetry_24,267,237.0,-3634.5831227489957,-3631.0410419773953,3.5420807716004674,0.17345452243828266,1.3250883634172927,False
train,UAV_0008,telemetry_25,267,258.0,-173.795126902636,-174.50913972134404,-0.7140128187080279,0.5731707317073157,1.0,False
train,UAV_0008,telemetry_26,267,93.0,-7461.488780760323,-7468.019180928837,-6.530400168514461,0.13787878787877741,0.6153846153847761,False
train,UAV_0008,telemetry_27,267,,,,0.0,0.0,0.0,False
train,UAV_0008,telemetry_28,267,13.0,-9813.488253562853,-9779.04319162136,34.445061941492895,0.3678119648592021,0.30071123393721993,False
train,UAV_0009,telemetry_01,406,266.0,78.10904418279472,93.02696115668307,14.917916973888353,0.9170992662313219,0.7102470469821571,False
train,UAV_0009,telemetry_02,406,190.0,1.7451598524958767,11.435745201148087,9.69058534865221,0.9458171953754414,0.9480294568275588,False
train,UAV_0009,telemetry_03,406,,,,0.0,0.0,0.0,False
train,UAV_0009,telemetry_04,406,248.0,-125.91510276757415,-125.86247622708724,0.05262654048691218,1.2333333333347098,0.43243243243268786,False
train,UAV_0009,telemetry_05,406,94.0,-113.5276988891521,-113.52231206889836,0.00538682025374726,1.2055646785319252,0.3401258777393011,False
train,UAV_0009,telemetry_06,406,395.0,-142.30988172115,-143.3049037876387,-0.9950220664887013,0.42463923035808293,1.0,False
train,UAV_0009,telemetry_07,406,246.0,140.5912754437698,140.67722414279535,0.08594869902555047,2.8695647601215146,1.0,False
train,UAV_0009,telemetry_08,406,,,,0.0,0.0,0.0,False
train,UAV_0009,telemetry_09,406,110.0,-163.2020484207366,-148.057057631581,15.1449907891556,1.1560615772114615,0.6244653085370304,False
train,UAV_0009,telemetry_10,406,146.0,-63.276647618186956,-61.83934970401846,1.4372979141684965,0.894636665059309,0.5803183773072934,False
train,UAV_0009,telemetry_11,406,29.0,62.13845260594425,62.2818805318781,0.14342792593384956,0.34423076923074303,0.011173184357614965,False
train,UAV_0009,telemetry_12,406,272.0,640.4574050468009,642.8545668582105,2.39716181140966,0.5806451612903404,1.2499999999999525,False
train,UAV_0009,telemetry_13,406,355.0,7135.268995999247,7141.432992588618,6.163996589370981,0.7868188177668151,0.9083158312036461,False
train,UAV_0009,telemetry_14,406,,,,0.0,0.0,0.0,False
train,UAV_0009,telemetry_15,406,388.0,50253.35983730217,50299.617844609355,46.258007307187654,0.5095108695652446,1.336666666666719,False
train,UAV_0009,telemetry_16,406,386.0,-699.8021254719972,-703.270740244661,-3.468614772663841,0.6666666666666666,1.0,False
train,UAV_0009,telemetry_17,406,,,,0.0,0.0,0.0,False
train,UAV_0009,telemetry_18,406,308.0,-103.24654005169171,-103.2383905253694,0.00814952632231325,0.031018926448105773,0.6407418933262451,False
train,UAV_0009,telemetry_19,406,394.0,33510.07261975823,33511.123272953686,1.050653195452469,0.5605820241797357,1.0475924570041162,False
train,UAV_0009,telemetry_20,406,,,,0.0,0.0,0.0,False
train,UAV_0009,telemetry_21,406,383.0,34966.35396217036,34967.457615369654,1.1036531992940581,0.5357142857144118,1.4000000000013184,False
train,UAV_0009,telemetry_22,406,217.0,22977.263196896878,23073.340271508678,96.07707461179962,0.722146181220888,1.2691432903715087,False
train,UAV_0009,telemetry_23,406,382.0,-17463.23761923387,-17480.01789008853,-16.78027085465874,0.4846687511561165,1.1079063548029224,False
train,UAV_0009,telemetry_24,406,376.0,-3717.421235706847,-3728.679159899012,-11.25792419216532,0.5512968196702335,1.7567133875761467,False
train,UAV_0009,telemetry_25,406,266.0,-171.94173192641523,-172.48863536202134,-0.5469034356061115,0.4390243902438713,1.9166666666667274,False
train,UAV_0009,telemetry_26,406,375.0,-7620.873602455618,-7640.823616157235,-19.950013701616626,0.4212121212121107,1.845323741007182,False
train,UAV_0009,telemetry_27,406,,,,0.0,0.0,0.0,False
train,UAV_0009,telemetry_28,406,285.0,-9752.042809714658,-9802.671258423488,-50.62844870883055,0.5406217364044376,1.5264652777825978,False
train,UAV_0010,telemetry_01,481,254.0,91.88109268502936,76.67364010933599,-15.207452575693367,0.9348988617397296,0.40394088536082223,False
train,UAV_0010,telemetry_02,481,329.0,4.705707814332001,18.445803988898163,13.740096174566162,1.3410561653867958,0.5577732437356023,False
train,UAV_0010,telemetry_03,481,,,,0.0,0.0,0.0,False
train,UAV_0010,telemetry_04,481,225.0,-125.8781219553401,-125.930748495827,-0.052626540486897966,1.2333333333343768,0.3513513513511981,False
train,UAV_0010,telemetry_05,481,360.0,-113.52281282636517,-113.52723144913591,-0.004418622770742786,0.9888831052899473,0.6765966509443783,False
train,UAV_0010,telemetry_06,481,208.0,-137.40803607201613,-138.59154249471197,-1.1835064226958423,0.5050774986638119,0.9195767195767133,False
train,UAV_0010,telemetry_07,481,442.0,140.5912754437698,140.67722414279535,0.08594869902555047,2.8695647601215146,1.0,False
train,UAV_0010,telemetry_08,481,,,,0.0,0.0,0.0,False
train,UAV_0010,telemetry_09,481,101.0,-146.03031810118358,-159.3773778231612,-13.347059721977615,1.0188202243327547,0.5269843699325578,False
train,UAV_0010,telemetry_10,481,410.0,-61.79260671795528,-64.39406524221306,-2.6014585242577795,1.6192608056336828,0.3497119014776514,False
train,UAV_0010,telemetry_11,481,388.0,62.220716667746174,62.03482125536262,-0.18589541238355167,0.44615384615384773,1.961206896551741,False
train,UAV_0010,telemetry_12,481,15.0,638.592945860149,636.2623718768341,-2.3305739833149346,0.5645161290322723,0.4285714285714146,False
train,UAV_0010,telemetry_13,481,255.0,7130.941799819773,7125.116067312771,-5.825732507002613,0.7436402498485586,0.16012265306513387,False
train,UAV_0010,telemetry_14,481,,,,0.0,0.0,0.0,False
train,UAV_0010,telemetry_15,481,453.0,50181.16650723142,50235.28837578083,54.121868549409555,0.5961277173913362,1.4871794871794872,False
train,UAV_0010,telemetry_16,481,463.0,-698.0678180856652,-701.5364328583291,-3.4686147726639547,0.6666666666666885,1.0,False
train,UAV_0010,telemetry_17,481,,,,0.0,0.0,0.0,False
train,UAV_0010,telemetry_18,481,472.0,-102.0279739347989,-101.93756015624632,0.09041377855257338,0.34413513569970605,1.0,False
train,UAV_0010,telemetry_19,481,461.0,33507.10353797119,33508.514374130005,1.4108361588150728,0.752759705217397,1.2378323058590588,False
train,UAV_0010,telemetry_20,481,,,,0.0,0.0,0.0,False
train,UAV_0010,telemetry_21,481,471.0,34964.8824245713,34966.133231530504,1.2508069592076936,0.6071428571467673,1.0588235294086852,False
train,UAV_0010,telemetry_22,481,471.0,23129.864767262094,23256.972041862242,127.10727460014823,0.9553791404325159,1.0452722063037214,False
train,UAV_0010,telemetry_23,481,472.0,-17463.98899788958,-17491.165709934656,-27.176712045074964,0.7849517568281079,1.0,False
train,UAV_0010,telemetry_24,481,467.0,-3693.13699937651,-3708.574745110751,-15.437745734240707,0.7559812964531675,1.0938395957119953,False
train,UAV_0010,telemetry_25,481,203.0,-171.34925320450856,-170.68081567210106,0.6684375324074949,0.5365853658536407,0.2727272727273191,False
train,UAV_0010,telemetry_26,481,463.0,-7567.841012076138,-7594.895527059987,-27.054514983849003,0.5712121212121491,1.2679045092837944,False
train,UAV_0010,telemetry_27,481,,,,0.0,0.0,0.0,False
train,UAV_0010,telemetry_28,481,60.0,-9660.456221758726,-9718.740359709613,-58.28413795088636,0.6223708738353677,0.7903036916669498,False
train,UAV_0011,telemetry_01,197,59.0,80.31165762785392,90.84924888536789,10.537591257513967,0.6478127762091122,0.6270596761943218,False
train,UAV_0011,telemetry_02,197,175.0,16.387043898849942,7.846811342252755,-8.540232556597187,0.8335408557810418,1.039807272024774,False
train,UAV_0011,telemetry_03,197,,,,0.0,0.0,0.0,False
train,UAV_0011,telemetry_04,197,148.0,-125.86460973548536,-125.9108357507779,-0.04622601529254666,1.083333333334277,0.9230769230770414,False
train,UAV_0011,telemetry_05,197,100.0,-113.52849897985647,-113.52415936270376,0.004339617152709252,0.9712017314886668,0.5950156293026684,False
train,UAV_0011,telemetry_06,197,139.0,-138.417460597617,-140.04493847729242,-1.6274778796754106,0.6945483698556936,1.1923816852635323,False
train,UAV_0011,telemetry_07,197,159.0,140.5912754437698,140.67722414279535,0.08594869902555047,2.8695647601215146,1.0,False
train,UAV_0011,telemetry_08,197,,,,0.0,0.0,0.0,False
train,UAV_0011,telemetry_09,197,106.0,-159.30434838856002,-144.53052939820844,14.773818990351572,1.127728944916363,0.4708421790819536,False
train,UAV_0011,telemetry_10,197,162.0,-62.10541808331641,-63.40710190273958,-1.3016838194231752,0.810224560747462,0.42072153386041894,False
train,UAV_0011,telemetry_11,197,187.0,61.87990841170965,61.58503982654953,-0.29486858516011694,0.7076923076923114,1.000905797101431,False
train,UAV_0011,telemetry_12,197,143.0,638.4597702039597,640.6571685310851,2.19739832712537,0.5322580645161086,1.4242424242424305,False
train,UAV_0011,telemetry_13,197,159.0,7131.484713413996,7136.179679231702,4.694965817705452,0.5993006972963921,1.5696226157257676,False
train,UAV_0011,telemetry_14,197,,,,0.0,0.0,0.0,False
train,UAV_0011,telemetry_15,197,188.0,50209.784794418796,50296.040558710934,86.25576429213834,0.9500679347826861,1.0,False
train,UAV_0011,telemetry_16,197,177.0,-697.2006643924992,-699.8021254719972,-2.6014610794979944,0.5000000000000219,1.0,False
train,UAV_0011,telemetry_17,197,,,,0.0,0.0,0.0,False
train,UAV_0011,telemetry_18,197,149.0,-102.98133553202595,-102.89338299351348,0.08795253851246798,0.33476710365026896,0.977181081063319,False
train,UAV_0011,telemetry_19,197,184.0,33507.6700899604,33509.55180389079,1.8817139303937438,1.0039992345647917,1.1024175637784448,False
train,UAV_0011,telemetry_20,197,,,,0.0,0.0,0.0,False
train,UAV_0011,telemetry_21,197,188.0,34964.882424571304,34967.016154089935,2.1337295186312986,1.035714285712646,1.0,False
train,UAV_0011,telemetry_22,197,181.0,23100.364225019654,23196.36845878641,96.00423376675826,0.7215986860114839,1.1585735963581123,False
train,UAV_0011,telemetry_23,197,177.0,-17416.384258389975,-17451.620051893537,-35.23579350356158,1.0177242179988224,1.2942246706196305,False
train,UAV_0011,telemetry_24,197,188.0,-3705.875372384975,-3726.8669876262184,-20.99161524124338,1.0279524470676713,1.0,False
train,UAV_0011,telemetry_25,197,187.0,-172.98996351132698,-174.0533868583389,-1.063423347011934,0.8536585365853459,1.0,False
train,UAV_0011,telemetry_26,197,188.0,-7592.742647883553,-7640.680090878806,-47.93744299525315,1.0121212121212226,1.0,False
train,UAV_0011,telemetry_27,197,,,,0.0,0.0,0.0,False
train,UAV_0011,telemetry_28,197,180.0,-9790.828666783558,-9856.078512958444,-65.24984617488553,0.6967522418484918,1.2019369942984286,False
train,UAV_0012,telemetry_01,170,137.0,79.80266774415594,89.40787982979741,9.605212085641469,0.5904934965891534,0.7079491930461832,False
train,UAV_0012,telemetry_02,170,59.0,22.024621153068036,11.73705459725058,-10.287566555817456,1.004083550888363,1.0739909318521546,False
train,UAV_0012,telemetry_03,170,,,,0.0,0.0,0.0,False
train,UAV_0012,telemetry_04,170,88.0,-125.9271926484968,-125.88167780267028,0.0455148458265171,1.0666666666678213,0.6718749999998244,False
train,UAV_0012,telemetry_05,170,83.0,-113.52863866996907,-113.52322141698076,0.005417252988308974,1.212375492357246,0.5202121119081738,False
train,UAV_0012,telemetry_06,170,157.0,-135.56702608115594,-134.38665062783235,1.1803754533235917,0.5037413148048961,0.8970822281167055,False
train,UAV_0012,telemetry_07,170,11.0,140.5912754437698,140.5912754437698,0.0,0.0,0.0,False
train,UAV_0012,telemetry_08,170,,,,0.0,0.0,0.0,False
train,UAV_0012,telemetry_09,170,128.0,-144.55389763210954,-157.2335701143923,-12.679672482282768,0.9678765984386485,0.7445376922566884,False
train,UAV_0012,telemetry_10,170,145.0,-61.13409812944815,-63.20751542357587,-2.0734172941277222,1.2905850032961663,0.8040152925843933,False
train,UAV_0012,telemetry_11,170,150.0,62.793627098152385,62.99394543046223,0.2003183323098483,0.48076923076920025,1.378666666666726,False
train,UAV_0012,telemetry_12,170,119.0,636.4621353611183,634.2647370339929,-2.19739832712537,0.5322580645161086,1.6060606060606075,False
train,UAV_0012,telemetry_13,170,150.0,7140.83623674109,7145.704067373394,4.867830632303594,0.6213664604881056,0.8644242872562875,False
train,UAV_0012,telemetry_14,170,,,,0.0,0.0,0.0,False
train,UAV_0012,telemetry_15,170,22.0,49983.182235956665,50010.72116964021,27.53893368354329,0.30332880434781556,0.2821948488239488,False
train,UAV_0012,telemetry_16,170,129.0,-698.0678180856652,-699.8021254719972,-1.7343073863320342,0.3333333333333552,1.0,False
train,UAV_0012,telemetry_17,170,,,,0.0,0.0,0.0,False
train,UAV_0012,telemetry_18,170,113.0,-103.32491110229583,-103.3309100474281,-0.00599894513227639,0.022833331713380405,0.305596768782024,False
train,UAV_0012,telemetry_19,170,148.0,33506.094678088855,33506.8391821347,0.7445040458478616,0.3972343936494295,1.2766556095414037,False
train,UAV_0012,telemetry_20,170,,,,0.0,0.0,0.0,False
train,UAV_0012,telemetry_21,170,128.0,34962.01292625313,34962.822271932615,0.8093456794813392,0.39285714285676443,1.5454545454569972,False
train,UAV_0012,telemetry_22,170,152.0,23129.71908557201,23215.816964412912,86.0978788409011,0.647139337530781,1.0541455160744058,False
train,UAV_0012,telemetry_23,170,78.0,-17363.87972850666,-17375.501406312615,-11.621677805953368,0.33567182063609946,1.0552709585459292,False
train,UAV_0012,telemetry_24,170,124.0,-3640.1920612898457,-3636.440013904489,3.752047385356491,0.18373651798424487,1.5920760023637321,False
train,UAV_0012,telemetry_25,170,144.0,-173.14188113232868,-173.77993514053585,-0.6380540082071775,0.5121951219512212,1.2380952380952253,False
train,UAV_0012,telemetry_26,170,161.0,-7451.8008244663715,-7442.471681368494,9.329143097877932,0.19696969696968475,1.0,False
train,UAV_0012,telemetry_27,170,,,,0.0,0.0,0.0,False
train,UAV_0012,telemetry_28,170,136.0,-9814.34179282075,-9860.786985542058,-46.44519272130856,0.49595200676676177,1.6026988199929197,False
train,UAV_0013,telemetry_01,185,51.0,92.85992364466395,80.23698496214962,-12.62293868251433,0.7760123496919725,0.47976474071253794,False
train,UAV_0013,telemetry_02,185,26.0,7.584738528792445,23.67188805002337,16.087149521230923,1.5701324630376654,0.2753503469964633,False
train,UAV_0013,telemetry_03,185,,,,0.0,0.0,0.0,False
train,UAV_0013,telemetry_04,185,145.0,-125.85749804082496,-125.90016820878732,-0.04267016796235623,1.0000000000009992,0.8833333333332611,False
train,UAV_0013,telemetry_05,185,72.0,-113.52498712729565,-113.52855435602763,-0.0035672287319812312,0.7983420193998872,0.27016395847416097,False
train,UAV_0013,telemetry_06,185,166.0,-136.19134137397486,-134.91766303335942,1.2736783406154473,0.543559593800069,1.0,False
train,UAV_0013,telemetry_07,185,11.0,140.5912754437698,140.5912754437698,0.0,0.0,0.0,False
train,UAV_0013,telemetry_08,185,,,,0.0,0.0,0.0,False
train,UAV_0013,telemetry_09,185,23.0,-147.614713842016,-160.14141454854237,-12.526700706526384,0.9561998140277664,0.5780765486046704,False
train,UAV_0013,telemetry_10,185,66.0,-61.7190940364863,-63.22584419932065,-1.5067501628343507,0.937866761975741,0.41295946643035564,False
train,UAV_0013,telemetry_11,185,20.0,62.58743276142809,62.737537965105616,0.15010520367752633,0.3602564102564194,1.104982206405707,False
train,UAV_0013,telemetry_12,185,77.0,636.3289597049289,634.3979126901822,-1.9310470147466958,0.4677419354838914,1.2758620689654483,False
train,UAV_0013,telemetry_13,185,174.0,7141.302958475681,7147.499059055349,6.196100579667473,0.7909168121969613,1.0950776091539618,False
train,UAV_0013,telemetry_14,185,,,,0.0,0.0,0.0,False
train,UAV_0013,telemetry_15,185,167.0,50268.90252775738,50387.87812255147,118.97559479408665,1.3104619565218092,1.2625712804562967,False
train,UAV_0013,telemetry_16,185,163.0,-698.0678180856652,-700.6692791651632,-2.6014610794979944,0.5000000000000219,1.3333333333333188,False
train,UAV_0013,telemetry_17,185,,,,0.0,0.0,0.0,False
train,UAV_0013,telemetry_18,185,100.0,-103.33001345841826,-103.32424639517913,0.005767063239133563,0.021950737179223086,0.3935468737693659,False
train,UAV_0013,telemetry_19,185,176.0,33505.518675601365,33506.16718866187,0.6485130605069571,0.34601785416873276,1.0,False
train,UAV_0013,telemetry_20,185,,,,0.0,0.0,0.0,False
train,UAV_0013,telemetry_21,185,176.0,34962.23365689299,34962.96942569252,0.7357687995317974,0.3571428571441185,1.0,False
train,UAV_0013,telemetry_22,185,19.0,23096.06661516211,23015.723163079612,-80.34345208249943,0.6038872159868481,0.20308250226658214,False
train,UAV_0013,telemetry_23,185,176.0,-17506.60407259995,-17555.56866771995,-48.96459512000001,1.414256621554272,1.0,False
train,UAV_0013,telemetry_24,185,176.0,-3635.3478417010247,-3631.829459825928,3.5183818750965656,0.1722939953242888,1.0,False
train,UAV_0013,telemetry_25,185,172.0,-173.3393740396309,-173.99261980993822,-0.6532457703073078,0.5243902439024082,1.0232558139535146,False
train,UAV_0013,telemetry_26,185,144.0,-7461.77583131718,-7456.393633376098,5.382197941082268,0.11363636363633221,1.6266666666670857,False
train,UAV_0013,telemetry_27,185,,,,0.0,0.0,0.0,False
train,UAV_0013,telemetry_28,185,163.0,-9857.890779465797,-9896.103692996665,-38.21291353086781,0.4080459147571534,1.3010380690081862,False
train,UAV_0014,telemetry_01,207,195.0,92.96848658635594,80.74322277711735,-12.225263809238584,0.751564745169291,1.0797775088955845,False
train,UAV_0014,telemetry_02,207,121.0,3.4561058523357646,14.068763308562957,10.612657456227193,1.035812961713931,0.8629046569536756,False
train,UAV_0014,telemetry_03,207,,,,0.0,0.0,0.0,False
train,UAV_0014,telemetry_04,207,157.0,-125.90941341184582,-125.87029909121367,0.03911432063215159,0.9166666666673883,0.4727272727274577,False
train,UAV_0014,telemetry_05,207,130.0,-113.52319512680049,-113.52811875564265,-0.004923628842163907,1.1019029302462302,0.7077485916432916,False
train,UAV_0014,telemetry_06,207,197.0,-135.9114327120992,-134.25452372032504,1.6569089917741735,0.7071084981293343,0.9950869236583454,False
train,UAV_0014,telemetry_07,207,11.0,140.5912754437698,140.5912754437698,0.0,0.0,0.0,False
train,UAV_0014,telemetry_08,207,,,,0.0,0.0,0.0,False
train,UAV_0014,telemetry_09,207,149.0,-159.21038221589214,-148.08565543201547,11.124726783876667,0.8491830315951021,0.7265099886831338,False
train,UAV_0014,telemetry_10,207,99.0,-62.886482173266295,-61.35997747978728,1.526504693479012,0.950162840082816,0.3395322007604685,False
train,UAV_0014,telemetry_11,207,184.0,62.84918204897964,63.055910567923426,0.20672851894378397,0.49615384615386393,1.085271317829421,False
train,UAV_0014,telemetry_12,207,97.0,635.5299057677923,637.3277771263495,1.7978713585571313,0.4354838709677277,0.407407407407384,False
train,UAV_0014,telemetry_13,207,163.0,7134.29989222533,7140.6674784550005,6.367586229670451,0.8128065284618897,1.2233868684491258,False
train,UAV_0014,telemetry_14,207,,,,0.0,0.0,0.0,False
train,UAV_0014,telemetry_15,207,184.0,49927.39507914419,49879.62597693164,-47.76910221255093,0.5261548913043225,1.067140090380847,False
train,UAV_0014,telemetry_16,207,172.0,-696.3335106993333,-699.8021254719972,-3.4686147726639547,0.6666666666666885,1.0,False
train,UAV_0014,telemetry_17,207,,,,0.0,0.0,0.0,False
train,UAV_0014,telemetry_18,207,35.0,-103.32959102833729,-103.32198009294754,0.007610935389749329,0.028968928465146343,0.5179510075680068,False
train,UAV_0014,telemetry_19,207,198.0,33506.930518517314,33507.95226650765,1.0217479903367348,0.5451594865971698,1.0,False
train,UAV_0014,telemetry_20,207,,,,0.0,0.0,0.0,False
train,UAV_0014,telemetry_21,207,192.0,34963.55804073214,34964.58811705149,1.0300763193517923,0.5000000000052977,1.071428571424535,False
train,UAV_0014,telemetry_22,207,182.0,23088.63684896772,23185.15096864978,96.5141196820623,0.7254311524774217,1.1154716981132098,False
train,UAV_0014,telemetry_23,207,170.0,-17364.43988529127,-17349.273488617706,15.166396673565032,0.43805482038892485,1.1708039966107802,False
train,UAV_0014,telemetry_24,207,178.0,-3638.0164629882565,-3632.407876557447,5.608586430809737,0.2746506202540282,1.4299554407131074,False
train,UAV_0014,telemetry_25,207,198.0,-173.93185276153753,-174.60029029394505,-0.6684375324075233,0.5365853658536636,1.0,False
train,UAV_0014,telemetry_26,207,193.0,-7450.580859599726,-7441.467004419491,9.113855180235078,0.19242424242424067,0.9763779527558599,False
train,UAV_0014,telemetry_27,207,,,,0.0,0.0,0.0,False
train,UAV_0014,telemetry_28,207,171.0,-9817.176308228994,-9867.541022922973,-50.364714693978385,0.5378055264534221,1.2174109746258461,False
train,UAV_0015,telemetry_01,202,82.0,74.23441320440762,89.42468011416099,15.190266909753376,0.9338423495168201,0.7961325420601969,False
train,UAV_0015,telemetry_02,202,112.0,14.37223855307851,4.732324339602988,-9.639914213475523,0.9408716085780485,0.35201940090144596,False
train,UAV_0015,telemetry_03,202,,,,0.0,0.0,0.0,False
train,UAV_0015,telemetry_04,202,17.0,-125.87243259961178,-125.91865861490433,-0.04622601529254666,1.083333333334277,0.5230769230769183,False
train,UAV_0015,telemetry_05,202,99.0,-113.52287293847341,-113.52811757052956,-0.005244632056147225,1.173743110212196,0.4767371989748391,False
train,UAV_0015,telemetry_06,202,190.0,-135.16375722601518,-133.57134620330854,1.5924110227066421,0.679583110636024,0.8065277231616157,False
train,UAV_0015,telemetry_07,202,11.0,140.5912754437698,140.5912754437698,0.0,0.0,0.0,False
train,UAV_0015,telemetry_08,202,,,,0.0,0.0,0.0,False
train,UAV_0015,telemetry_09,202,54.0,-154.5924933644186,-141.75430534822783,12.83818801619077,0.9799765541727529,0.26306625135981726,False
train,UAV_0015,telemetry_10,202,45.0,-61.68994994051888,-63.320927235324234,-1.630977294805355,1.015191125951262,0.38148031445745156,False
train,UAV_0015,telemetry_11,202,68.0,62.591172036964544,62.79496255370111,0.2037905167365679,0.4891025641025704,1.2765399737876857,False
train,UAV_0015,telemetry_12,202,50.0,636.2623718768342,634.5976761744664,-1.6646957023677942,0.4032258064516191,1.5999999999999863,False
train,UAV_0015,telemetry_13,202,124.0,7136.971402373907,7142.674206975382,5.7028046014747815,0.7279488087687982,1.190422498468961,False
train,UAV_0015,telemetry_14,202,,,,0.0,0.0,0.0,False
train,UAV_0015,telemetry_15,202,102.0,49995.08596317038,50018.677546897045,23.591583726665704,0.25985054347827474,1.2810457516338842,False
train,UAV_0015,telemetry_16,202,90.0,-698.0678180856652,-694.5992033130013,3.468614772663841,0.6666666666666666,0.5000000000000328,False
train,UAV_0015,telemetry_17,202,,,,0.0,0.0,0.0,False
train,UAV_0015,telemetry_18,202,32.0,-103.33246780232815,-103.32413047847743,0.008337323850724943,0.031733725994797075,0.5326117345921922,False
train,UAV_0015,telemetry_19,202,127.0,33505.7109647976,33506.418104335215,0.7071395376115106,0.3772983464834628,1.1107487247939516,False
train,UAV_0015,telemetry_20,202,,,,0.0,0.0,0.0,False
train,UAV_0015,telemetry_21,202,176.0,34962.96942569252,34963.92592513191,0.9564994393876987,0.4642857142855881,0.923076923080434,False
train,UAV_0015,telemetry_22,202,173.0,23124.401703883865,23211.737877090498,87.33617320663325,0.6564467560908689,1.092577147623056,False
train,UAV_0015,telemetry_23,202,175.0,-17390.848285890563,-17405.64637594205,-14.798090051488543,0.42741692830062283,1.0851399644877147,False
train,UAV_0015,telemetry_24,202,171.0,-3635.0787552347474,-3629.449876426549,5.628878808198351,0.27564433125500265,0.9734542478151869,False
train,UAV_0015,telemetry_25,202,13.0,-172.45825183782102,-172.86842941452562,-0.41017757670459787,0.32926829268291485,1.6666666666666436,False
train,UAV_0015,telemetry_26,202,159.0,-7456.60892129374,-7450.796147517369,5.812773776371614,0.12272727272729717,1.6049382716046756,False
train,UAV_0015,telemetry_27,202,,,,0.0,0.0,0.0,False
train,UAV_0015,telemetry_28,202,192.0,-9891.770020100375,-9941.702696087696,-49.93267598732018,0.5331921219003659,0.9474912345833482,False
train,UAV_0016,telemetry_01,344,41.0,76.7592690923338,92.84932097689415,16.090051884560353,0.9891578564743816,0.5363302399630689,False
train,UAV_0016,telemetry_02,344,222.0,8.241972281566632,17.51984734470406,9.27787506313743,0.9055359873055411,0.4614778133691417,False
train,UAV_0016,telemetry_03,344,,,,0.0,0.0,0.0,False
train,UAV_0016,telemetry_04,344,334.0,-125.92363680116662,-125.87883312480614,0.04480367636048754,1.0500000000013654,1.0793650793649232,False
train,UAV_0016,telemetry_05,344,20.0,-113.52238925365708,-113.52731393917637,-0.004924685519284822,1.1021394134689069,0.5481137285284519,False
train,UAV_0016,telemetry_06,344,309.0,-141.0994489618531,-142.34181760874654,-1.242368646893425,0.5301977552111177,0.9495967741935335,False
train,UAV_0016,telemetry_07,344,241.0,140.5912754437698,140.67722414279535,0.08594869902555047,2.8695647601215146,1.0,False
train,UAV_0016,telemetry_08,344,,,,0.0,0.0,0.0,False
train,UAV_0016,telemetry_09,344,158.0,-157.6415550090407,-144.7854127826648,12.856142226375908,0.9813470517077583,0.3711022511508953,False
train,UAV_0016,telemetry_10,344,122.0,-61.49802743163826,-63.62166419688998,-2.1236367652517174,1.321843783904225,0.37033284638902964,False
train,UAV_0016,telemetry_11,344,289.0,62.09010911508013,61.93599754475642,-0.15411157032371392,0.3698717948717809,1.620450606585857,False
train,UAV_0016,telemetry_12,344,317.0,643.5870329672523,645.7844312943778,2.1973983271254838,0.5322580645161361,1.0,False
train,UAV_0016,telemetry_13,344,330.0,7138.029631060742,7144.564005162229,6.534374101486719,0.8340965850376204,0.9129484947768012,False
train,UAV_0016,telemetry_14,344,,,,0.0,0.0,0.0,False
train,UAV_0016,telemetry_15,344,321.0,50216.69265684334,50259.62008762441,42.92743078107014,0.472826086956547,1.3850574712643113,False
train,UAV_0016,telemetry_16,344,327.0,-698.0678180856652,-701.5364328583291,-3.4686147726639547,0.6666666666666885,1.0,False
train,UAV_0016,telemetry_17,344,,,,0.0,0.0,0.0,False
train,UAV_0016,telemetry_18,344,150.0,-103.32709586466879,-103.24053354633054,0.08656231833825245,0.3294756136145114,0.9621139923077467,False
train,UAV_0016,telemetry_19,344,333.0,33509.72955959787,33511.30256793363,1.5730083357557305,0.8392875981591559,0.9846067766551245,False
train,UAV_0016,telemetry_20,344,,,,0.0,0.0,0.0,False
train,UAV_0016,telemetry_21,344,311.0,34965.0295783312,34966.35396217036,1.3243838391572353,0.6428571428594133,1.3333333333278394,False
train,UAV_0016,telemetry_22,344,97.0,23039.032233493388,22947.252768739134,-91.77946475425415,0.6898439638652551,0.007142857142809011,False
train,UAV_0016,telemetry_23,344,305.0,-17430.85034728331,-17450.648679501162,-19.798332217851566,0.5718401707643457,1.8747124068648438,False
train,UAV_0016,telemetry_24,344,333.0,-3725.9434314799437,-3741.7812691450918,-15.837837665148072,0.7755736658207328,1.0839638034399648,False
train,UAV_0016,telemetry_25,344,286.0,-172.54940241042203,-173.02034703552732,-0.47094462510528956,0.3780487804877996,1.774193548387093,False
train,UAV_0016,telemetry_26,344,329.0,-7630.274508192711,-7658.33370012556,-28.05919193284899,0.5924242424242214,1.1636828644501453,False
train,UAV_0016,telemetry_27,344,,,,0.0,0.0,0.0,False
train,UAV_0016,telemetry_28,344,332.0,-9827.448552700025,-9893.908252835019,-66.45970013499391,0.7096713291480301,1.0626227188895103,False
train,UAV_0017,telemetry_01,312,182.0,98.87063393131132,80.3348268289467,-18.535807102364615,1.1395139899450104,0.6551394999042576,False
train,UAV_0017,telemetry_02,312,73.0,4.744705771534986,14.722944171640986,9.978238400106001,0.9738926100773049,0.6681931539789275,False
train,UAV_0017,telemetry_03,312,,,,0.0,0.0,0.0,False
train,UAV_0017,telemetry_04,312,228.0,-125.91865861490433,-125.87314376907784,0.04551484582648868,1.0666666666671551,0.6406250000000293,False
train,UAV_0017,telemetry_05,312,286.0,-113.52237659957726,-113.52755678171155,-0.005180182134296274,1.159319285830159,0.8486197963201683,False
train,UAV_0017,telemetry_06,312,295.0,-140.79950209599528,-142.11263065070065,-1.3131285547053722,0.5603955104222231,1.3795898903195272,False
train,UAV_0017,telemetry_07,312,255.0,140.5912754437698,140.67722414279535,0.08594869902555047,2.8695647601215146,1.0,False
train,UAV_0017,telemetry_08,312,,,,0.0,0.0,0.0,False
train,UAV_0017,telemetry_09,312,249.0,-157.65926274930473,-141.99962336166288,15.659639387641846,1.195346214538656,0.5852992527326388,False
train,UAV_0017,telemetry_10,312,291.0,-63.08308358338091,-61.906466362282686,1.1766172210982262,0.7323776764427042,0.8168723358653269,False
train,UAV_0017,telemetry_11,312,187.0,62.429314824458174,62.22338757884364,-0.20592724561453224,0.49423076923075754,1.6238651102464776,False
train,UAV_0017,telemetry_12,312,302.0,642.921154686305,645.6512556381883,2.730100951883287,0.6612903225806807,0.975609756097557,False
train,UAV_0017,telemetry_13,312,292.0,7137.266113692602,7142.630200999758,5.3640873071562964,0.6847123894734979,1.1487970389264601,False
train,UAV_0017,telemetry_14,312,,,,0.0,0.0,0.0,False
train,UAV_0017,telemetry_15,312,299.0,50214.472272492596,50302.11577700394,87.64350451134669,0.9653532608695634,1.0337790288529223,False
train,UAV_0017,telemetry_16,312,275.0,-696.3335106993333,-699.8021254719972,-3.4686147726639547,0.6666666666666885,1.0,False
train,UAV_0017,telemetry_17,312,,,,0.0,0.0,0.0,False
train,UAV_0017,telemetry_18,312,261.0,-102.98122405320221,-103.07146251987524,-0.09023846667302848,0.3434678593351653,0.9332939359438621,False
train,UAV_0017,telemetry_19,312,43.0,33502.837736726375,33498.516091554244,-4.321645172130957,2.3058385096677254,0.1722459719842618,False
train,UAV_0017,telemetry_20,312,,,,0.0,0.0,0.0,False
train,UAV_0017,telemetry_21,312,43.0,34959.36415857483,34954.72881513779,-4.63534343703941,2.250000000002649,0.17460317460280086,False
train,UAV_0017,telemetry_22,312,238.0,22986.149779992127,23081.4984461535,95.34866616137151,0.716671229126738,1.2857142857143347,False
train,UAV_0017,telemetry_23,312,293.0,-17445.939384009213,-17473.512438356578,-27.57305434736554,0.7963994104652471,1.0395378217953983,False
train,UAV_0017,telemetry_24,312,303.0,-3719.5698988904905,-3739.9359648466334,-20.366065956142847,0.9973195057246383,1.0,False
train,UAV_0017,telemetry_25,312,290.0,-172.77727884192458,-173.6584010437345,-0.8811222018099159,0.7073170731707372,1.3793103448275383,False
train,UAV_0017,telemetry_26,312,297.0,-7605.731685581368,-7641.613005188593,-35.88131960722512,0.7575757575757593,1.3080000000000247,False
train,UAV_0017,telemetry_27,312,,,,0.0,0.0,0.0,False
train,UAV_0017,telemetry_28,312,293.0,-9813.192630222868,-9867.313328119031,-54.12069789616362,0.5779127430965643,1.118689831601473,False
train,UAV_0018,telemetry_01,447,378.0,91.05209148205704,76.15867856011283,-14.893412921944204,0.915592846260155,0.547125208778991,False
train,UAV_0018,telemetry_02,447,288.0,5.462587197844613,15.871121595198868,10.408534397354256,1.0158902127665197,0.6344932235945406,False
train,UAV_0018,telemetry_03,447,,,,0.0,0.0,0.0,False
train,UAV_0018,telemetry_04,447,399.0,-125.8781219553401,-125.92008095383639,-0.04195899849628404,0.9833333333335442,0.6101694915260379,False
train,UAV_0018,telemetry_05,447,28.0,-113.52888509946902,-113.52452945506417,0.004355644404853365,0.9747886135765602,0.6843140820735111,False
train,UAV_0018,telemetry_06,447,39.0,-138.11626134401033,-136.88328560523357,1.2329757387767586,0.5261892036344068,0.30066023362113303,False
train,UAV_0018,telemetry_07,447,375.0,140.5912754437698,140.67722414279535,0.08594869902555047,2.8695647601215146,1.0,False
train,UAV_0018,telemetry_08,447,,,,0.0,0.0,0.0,False
train,UAV_0018,telemetry_09,447,347.0,-160.3704188141319,-143.7025212601143,16.6678975540176,1.2723095182662032,0.4468670493104861,False
train,UAV_0018,telemetry_10,447,287.0,-63.28109258750451,-61.3992584633752,1.8818341241293126,1.1713353149752697,0.407705672213927,False
train,UAV_0018,telemetry_11,447,38.0,62.34624948932702,62.58716567031834,0.24091618099132006,0.5782051282051135,0.1019955654102125,False
train,UAV_0018,telemetry_12,447,36.0,638.4597702039596,635.5299057677923,-2.929864436167236,0.7096774193548299,0.02272727272727802,False
train,UAV_0018,telemetry_13,447,40.0,7127.147219933632,7132.152816919619,5.005596985986813,0.6389519925307404,0.6482902880932931,False
train,UAV_0018,telemetry_14,447,,,,0.0,0.0,0.0,False
train,UAV_0018,telemetry_15,447,438.0,50255.302673609076,50319.72465845221,64.42198484313121,0.7095788043477305,1.0,False
train,UAV_0018,telemetry_16,447,298.0,-694.5992033130013,-691.1305885403375,3.468614772663841,0.6666666666666666,0.5,False
train,UAV_0018,telemetry_17,447,,,,0.0,0.0,0.0,False
train,UAV_0018,telemetry_18,447,197.0,-102.9808722675862,-102.89604180105624,0.08483046652995085,0.32288379689583396,1.0124044111217538,False
train,UAV_0018,telemetry_19,447,40.0,33502.73361389371,33496.74766600692,-5.985947886787471,3.1938367460678787,0.12129781885313713,False
train,UAV_0018,telemetry_20,447,,,,0.0,0.0,0.0,False
train,UAV_0018,telemetry_21,447,40.0,34959.14342793497,34953.036546898875,-6.106881036095729,2.964285714287354,0.14457831325225126,False
train,UAV_0018,telemetry_22,447,438.0,23174.734727808624,23277.221796784215,102.48706897559168,0.7703257596495942,1.0,False
train,UAV_0018,telemetry_23,447,438.0,-17466.49805006267,-17487.671646745715,-21.173596683045616,0.6115622775544116,1.0,False
train,UAV_0018,telemetry_24,447,435.0,-3718.183356260429,-3733.0286747727528,-14.845318512323956,0.7269703315759951,1.0370065918064433,False
train,UAV_0018,telemetry_25,447,43.0,-170.93907562780396,-171.6986637328125,-0.7595881050085325,0.6097560975609678,0.6600000000000052,False
train,UAV_0018,telemetry_26,447,433.0,-7612.04679783224,-7646.636389933606,-34.58959210136527,0.7303030303030373,1.0746887966804828,False
train,UAV_0018,telemetry_27,447,,,,0.0,0.0,0.0,False
train,UAV_0018,telemetry_28,447,353.0,-9720.9999050344,-9773.447456920896,-52.44755188649651,0.5600465211586478,1.5560448179926054,False
train,UAV_0019,telemetry_01,229,159.0,98.7320287223956,84.48534749444916,-14.24668122794644,0.8758341344338287,0.89899067389223,False
train,UAV_0019,telemetry_02,229,46.0,18.26505127037857,4.268655536816569,-13.996395733562002,1.3660714272459904,0.4543710275729585,False
train,UAV_0019,telemetry_03,229,,,,0.0,0.0,0.0,False
train,UAV_0019,telemetry_04,229,133.0,-125.85892037975704,-125.91012458131188,-0.051204201554838846,1.2000000000014654,0.7916666666665048,False
train,UAV_0019,telemetry_05,229,37.0,-113.52894563306728,-113.52339999520974,0.0055456378575371446,1.2411078903784638,0.6700452306376649,False
train,UAV_0019,telemetry_06,229,207.0,-141.50710117411504,-142.69624334168083,-1.189142167565791,0.5074826296098166,1.076882569773567,False
train,UAV_0019,telemetry_07,229,150.0,140.5912754437698,140.67722414279535,0.08594869902555047,2.8695647601215146,1.0,False
train,UAV_0019,telemetry_08,229,,,,0.0,0.0,0.0,False
train,UAV_0019,telemetry_09,229,30.0,-145.0223004533476,-161.39318268370874,-16.370882230361133,1.2496374672691084,0.5774411479595079,False
train,UAV_0019,telemetry_10,229,95.0,-62.1615756699198,-63.438108325950864,-1.2765326560310655,0.7945693839621424,0.13896511647288895,False
train,UAV_0019,telemetry_11,229,203.0,61.92157462483011,61.738884305763506,-0.1826903190666016,0.43846153846155855,1.3289473684210245,False
train,UAV_0019,telemetry_12,229,26.0,641.589398124411,639.7915267658539,-1.7978713585571313,0.4354838709677277,0.0370370370370464,False
train,UAV_0019,telemetry_13,229,128.0,7136.738340723801,7132.172392754952,-4.5659479688492866,0.5828318901132614,0.11347219673744802,False
train,UAV_0019,telemetry_14,229,,,,0.0,0.0,0.0,False
train,UAV_0019,telemetry_15,229,211.0,50190.60314072209,50254.96344822215,64.36030750006466,0.7088994565217502,1.2803066602780344,False
train,UAV_0019,telemetry_16,229,212.0,-698.9349717788311,-701.5364328583291,-2.6014610794979944,0.5000000000000219,1.0,False
train,UAV_0019,telemetry_17,229,,,,0.0,0.0,0.0,False
train,UAV_0019,telemetry_18,229,83.0,-103.2839526735779,-103.32884820324091,-0.044895529663008915,0.17088246327307163,0.9309266578685211,False
train,UAV_0019,telemetry_19,229,213.0,33508.93987355432,33510.583429081904,1.6435555275820661,0.8769284560229841,1.126890947506262,False
train,UAV_0019,telemetry_20,229,,,,0.0,0.0,0.0,False
train,UAV_0019,telemetry_21,229,216.0,34966.133231530504,34967.89907664937,1.7658451188690378,0.8571428571423526,1.0,False
train,UAV_0019,telemetry_22,229,114.0,23116.243529239044,23007.200784209574,-109.0427450294701,0.8196003284971358,0.3426853707414746,False
train,UAV_0019,telemetry_23,229,220.0,-17465.925411028777,-17492.20997122888,-26.284560200103442,0.7591835124243577,1.0,False
train,UAV_0019,telemetry_24,229,204.0,-3708.545837811075,-3723.511165373688,-14.965327562612856,0.7328471350280878,1.437112552638287,False
train,UAV_0019,telemetry_25,229,216.0,-173.43052461223192,-174.14453743093995,-0.7140128187080279,0.5731707317073157,1.2340425531914623,False
train,UAV_0019,telemetry_26,229,219.0,-7635.297892937721,-7665.366438768578,-30.068545830856237,0.6348484848485197,1.0262529832935547,False
train,UAV_0019,telemetry_27,229,,,,0.0,0.0,0.0,False
train,UAV_0019,telemetry_28,229,192.0,-9787.406287458842,-9827.427494905163,-40.02120744632157,0.42735527582654914,1.6680563811044296,False
train,UAV_0020,telemetry_01,338,316.0,98.1720918398563,80.22653643758926,-17.945555402267033,1.1032274626772434,0.8704067941669686,False
train,UAV_0020,telemetry_02,338,235.0,16.94407981206578,6.999782471623162,-9.944297340442619,0.9705799063856382,0.5349173474525376,False
train,UAV_0020,telemetry_03,338,,,,0.0,0.0,0.0,False
train,UAV_0020,telemetry_04,338,28.0,-125.92648147903077,-125.88807832786465,0.03840315116612203,0.9000000000009325,0.81481481481476,False
train,UAV_0020,telemetry_05,338,61.0,-113.52848607050686,-113.52239032979597,0.006095740710890141,1.364220327460556,0.44356991870810103,False
train,UAV_0020,telemetry_06,338,286.0,-140.48327418940198,-141.61230174502128,-1.1290275556193023,0.4818278995189422,1.2645590682196792,False
train,UAV_0020,telemetry_07,338,256.0,140.5912754437698,140.67722414279535,0.08594869902555047,2.8695647601215146,1.0,False
train,UAV_0020,telemetry_08,338,,,,0.0,0.0,0.0,False
train,UAV_0020,telemetry_09,338,319.0,-148.41050313673128,-162.79842186843678,-14.387918731705497,1.0982720460732065,0.4715088686821754,False
train,UAV_0020,telemetry_10,338,189.0,-61.558253520260834,-63.73219279078272,-2.1739392705218847,1.3531542485722723,0.451607839763962,False
train,UAV_0020,telemetry_11,338,316.0,61.87884004727067,61.62590476634074,-0.25293528092993256,0.6070512820513174,1.0105596620907964,False
train,UAV_0020,telemetry_12,338,115.0,640.7903441872745,638.6595336882438,-2.1308104990307584,0.516129032258068,0.0,False
train,UAV_0020,telemetry_13,338,305.0,7136.789768579778,7141.250651306922,4.460882727144053,0.5694205735967265,1.2109798595250507,False
train,UAV_0020,telemetry_14,338,,,,0.0,0.0,0.0,False
train,UAV_0020,telemetry_15,338,304.0,50163.12588438162,50217.5561396464,54.430255264785956,0.5995244565217177,1.5926345609066574,False
train,UAV_0020,telemetry_16,338,284.0,-696.3335106993333,-699.8021254719972,-3.4686147726639547,0.6666666666666885,1.0,False
train,UAV_0020,telemetry_17,338,,,,0.0,0.0,0.0,False
train,UAV_0020,telemetry_18,338,314.0,-103.15266990361071,-103.06550766642218,0.08716223718853655,0.3317590394181491,0.9901746399807358,False
train,UAV_0020,telemetry_19,338,321.0,33508.949115024894,33510.270036316775,1.3209212918809499,0.7047851134796588,1.28932647694895,False
train,UAV_0020,telemetry_20,338,,,,0.0,0.0,0.0,False
train,UAV_0020,telemetry_21,338,303.0,34964.29380953168,34965.765347130735,1.4715375990563189,0.7142857142847052,1.4500000000046973,False
train,UAV_0020,telemetry_22,338,315.0,23153.100996830828,23242.11250947346,89.01151264263171,0.6690391459075179,1.2054009819966731,False
train,UAV_0020,telemetry_23,338,329.0,-17466.41236060443,-17493.421149932372,-27.008789327941486,0.7801016030785796,1.0,False
train,UAV_0020,telemetry_24,338,323.0,-3718.8695765369666,-3732.918623743112,-14.049047206145588,0.6879771893947486,1.2528040664492226,False
train,UAV_0020,telemetry_25,338,307.0,-172.89881293872594,-173.5520587090333,-0.6532457703073646,0.5243902439024538,1.3488372093022547,False
train,UAV_0020,telemetry_26,338,329.0,-7641.397717270951,-7666.084065160721,-24.68634788977033,0.5212121212121107,1.0,False
train,UAV_0020,telemetry_27,338,,,,0.0,0.0,0.0,False
train,UAV_0020,telemetry_28,338,270.0,-9738.039503886961,-9797.993041755628,-59.9535378686669,0.6401970941782897,1.341002371408411,False
train,UAV_0021,telemetry_01,220,63.0,92.87827410771581,81.09305160301031,-11.785222504705501,0.7245126065761389,0.661333458550725,False
train,UAV_0021,telemetry_02,220,30.0,6.280562927192432,18.459574202692487,12.179011275500056,1.1886916912239411,0.43206606417406995,False
train,UAV_0021,telemetry_03,220,,,,0.0,0.0,0.0,False
train,UAV_0021,telemetry_04,220,135.0,-125.91865861490433,-125.87741078587406,0.04124782903026869,0.9666666666674215,0.5344827586207431,False
train,UAV_0021,telemetry_05,220,34.0,-113.52721524332262,-113.52331417587939,0.0039010674432233827,0.8730547700843357,0.3223509683722072,False
train,UAV_0021,telemetry_06,220,184.0,-139.7631512337934,-141.39501247058985,-1.6318612367964533,0.6964190272581295,1.2540291634689302,False
train,UAV_0021,telemetry_07,220,165.0,140.5912754437698,140.67722414279535,0.08594869902555047,2.8695647601215146,1.0,False
train,UAV_0021,telemetry_08,220,,,,0.0,0.0,0.0,False
train,UAV_0021,telemetry_09,220,137.0,-148.65141998989662,-161.15913341171702,-12.507713421820398,0.9547504588838939,0.6916399054342718,False
train,UAV_0021,telemetry_10,220,159.0,-61.435130468654904,-63.30616811072079,-1.871037642065886,1.164615115486784,0.6384978665558424,False
train,UAV_0021,telemetry_11,220,211.0,61.74128812575123,61.538031791234154,-0.20325633451707859,0.4878205128205279,1.0,False
train,UAV_0021,telemetry_12,220,167.0,639.7249389377591,641.7225737806004,1.9976348428413075,0.48387096774193195,1.6333333333333069,False
train,UAV_0021,telemetry_13,220,205.0,7137.104199185793,7141.20878007851,4.104580892717422,0.5239395315378895,1.2158559765377928,False
train,UAV_0021,telemetry_14,220,,,,0.0,0.0,0.0,False
train,UAV_0021,telemetry_15,220,211.0,50237.909662861566,50307.38918983696,69.47952697539586,0.7652853260869974,1.0,False
train,UAV_0021,telemetry_16,220,210.0,-698.0678180856652,-702.4035865514951,-4.335768465829915,0.8333333333333551,0.8000000000000053,False
train,UAV_0021,telemetry_17,220,,,,0.0,0.0,0.0,False
train,UAV_0021,telemetry_18,220,194.0,-103.05834504348906,-103.07124953005581,-0.012904486566753803,0.04911737245006952,0.5060681909817641,False
train,UAV_0021,telemetry_19,220,210.0,33508.82969691509,33510.69382516117,1.8641282460812363,0.9946162920760994,1.0058093399631556,False
train,UAV_0021,telemetry_20,220,,,,0.0,0.0,0.0,False
train,UAV_0021,telemetry_21,220,210.0,34965.691770250785,34967.457615369654,1.7658451188690378,0.8571428571423526,1.1249999999984548,False
train,UAV_0021,telemetry_22,220,35.0,23017.54418420569,22910.68666452751,-106.8575196781785,0.803175472214631,0.0068166325834798,False
train,UAV_0021,telemetry_23,220,211.0,-17455.486593497717,-17486.219266497123,-30.732672999405622,0.8876594645774655,1.0,False
train,UAV_0021,telemetry_24,220,211.0,-3718.063101119848,-3736.3491110047253,-18.28600988487733,0.8954598487176674,1.0,False
train,UAV_0021,telemetry_25,220,210.0,-173.4457163743321,-174.19011271724048,-0.7443963429083738,0.5975609756097581,1.0612244897959076,False
train,UAV_0021,telemetry_26,220,211.0,-7614.558490204747,-7656.826684702058,-42.268194497311015,0.8924242424242407,1.0,False
train,UAV_0021,telemetry_27,220,,,,0.0,0.0,0.0,False
train,UAV_0021,telemetry_28,220,194.0,-9779.022842772156,-9840.497053427836,-61.47421065568051,0.6564351734318397,1.50238854855449,False
train,UAV_0022,telemetry_01,192,107.0,80.369028544825,91.4573736890463,11.088345144221307,0.6816711215972415,0.8736633762945655,False
train,UAV_0022,telemetry_02,192,156.0,16.40852053947789,8.405074716443153,-8.003445823034738,0.7811495806839814,0.7332087661907456,False
train,UAV_0022,telemetry_03,192,,,,0.0,0.0,0.0,False
train,UAV_0022,telemetry_04,192,98.0,-125.88238897213634,-125.92505914009868,-0.04267016796234202,1.0000000000006661,0.4,False
train,UAV_0022,telemetry_05,192,80.0,-113.52854592656641,-113.52280460734477,0.005741319221641561,1.2849011728157467,0.5978271603140184,False
train,UAV_0022,telemetry_06,192,173.0,-136.22014629219922,-134.62898765724148,1.5911586349577362,0.6790486370924552,1.0,False
train,UAV_0022,telemetry_07,192,11.0,140.5912754437698,140.5912754437698,0.0,0.0,0.0,False
train,UAV_0022,telemetry_08,192,,,,0.0,0.0,0.0,False
train,UAV_0022,telemetry_09,192,19.0,-141.70036262319445,-158.3573973754605,-16.657034752266043,1.2714803287407246,0.6324922909445813,False
train,UAV_0022,telemetry_10,192,84.0,-62.89947447112429,-60.991293731492036,1.9081807396322574,1.1877345930906844,0.2183602900289145,False
train,UAV_0022,telemetry_11,192,120.0,62.51611943512577,62.716704858545384,0.20058542341961072,0.48141025641026414,1.4474034620506497,False
train,UAV_0022,telemetry_12,192,179.0,633.4656830968563,631.268284769731,-2.1973983271252564,0.532258064516081,1.0303030303030396,False
train,UAV_0022,telemetry_13,192,154.0,7136.178094443325,7141.612148828017,5.43405438469199,0.6936435127197635,1.3457598371531738,False
train,UAV_0022,telemetry_14,192,,,,0.0,0.0,0.0,False
train,UAV_0022,telemetry_15,192,175.0,50077.456054848706,50101.911121378434,24.455066529728356,0.26936141304343925,0.5548549810847977,False
train,UAV_0022,telemetry_16,192,124.0,-694.5992033130013,-697.2006643924992,-2.6014610794978807,0.5,1.3333333333333333,False
train,UAV_0022,telemetry_17,192,,,,0.0,0.0,0.0,False
train,UAV_0022,telemetry_18,192,73.0,-103.324174165399,-103.33009819767439,-0.005924032275387958,0.02254819656491448,0.5985172758201329,False
train,UAV_0022,telemetry_19,192,180.0,33505.963776630495,33506.96326186681,0.9994852363161044,0.5332810668039231,1.0152788593960347,False
train,UAV_0022,telemetry_20,192,,,,0.0,0.0,0.0,False
train,UAV_0022,telemetry_21,192,163.0,34961.93934937318,34962.822271932615,0.8829225594381569,0.42857142857294217,1.3333333333333333,False
train,UAV_0022,telemetry_22,192,157.0,23105.90012924293,23173.350751752805,67.45062250987394,0.5069805639200318,1.157667386609048,False
train,UAV_0022,telemetry_23,192,170.0,-17406.728600469756,-17419.436286142427,-12.707685672670777,0.3670392568989958,1.07020855559915,False
train,UAV_0022,telemetry_24,192,183.0,-3633.6599724862244,-3628.2726482501935,5.387324236030963,0.2638154838458719,1.0,False
train,UAV_0022,telemetry_25,192,140.0,-172.1544165958176,-172.71651179352392,-0.5620951977063271,0.4512195121951267,1.9189189189188833,False
train,UAV_0022,telemetry_26,192,173.0,-7456.465396015312,-7447.495066113504,8.970329901807418,0.18939393939396384,1.0959999999999692,False
train,UAV_0022,telemetry_27,192,,,,0.0,0.0,0.0,False
train,UAV_0022,telemetry_28,192,164.0,-9819.586158007834,-9876.75784304785,-57.17168504001529,0.610491856411743,1.3004994434442771,False
train,UAV_0023,telemetry_01,196,125.0,96.33869277904486,78.56120538652672,-17.77748739251814,1.0928952528461082,0.4900364263241752,False
train,UAV_0023,telemetry_02,196,32.0,8.461287361009333,17.79885970483482,9.337572343825485,0.9113625408686621,0.45222700634124163,False
train,UAV_0023,telemetry_03,196,,,,0.0,0.0,0.0,False
train,UAV_0023,telemetry_04,196,24.0,-125.88950066679672,-125.93501551262324,-0.0455148458265171,1.0666666666678213,0.12500000000015613,False
train,UAV_0023,telemetry_05,196,153.0,-113.52821519200651,-113.52321367016091,0.005001521845599655,1.1193353020766394,0.5526014968004845,False
train,UAV_0023,telemetry_06,196,182.0,-135.80748452894176,-134.4329889745411,1.374495554400653,0.5865847140566178,0.9261958997722464,False
train,UAV_0023,telemetry_07,196,11.0,140.5912754437698,140.5912754437698,0.0,0.0,0.0,False
train,UAV_0023,telemetry_08,196,,,,0.0,0.0,0.0,False
train,UAV_0023,telemetry_09,196,136.0,-161.3096647759097,-148.5380357201849,12.771629055724816,0.9748959134589319,0.6515151800479109,False
train,UAV_0023,telemetry_10,196,133.0,-62.692658794583565,-60.98862465462837,1.7040341399551977,1.0606648803207042,0.26093237659350416,False
train,UAV_0023,telemetry_11,196,176.0,62.80805001807869,63.00329361930337,0.1952436012246821,0.46858974358975375,1.0779753761969832,False
train,UAV_0023,telemetry_12,196,173.0,634.3979126901822,631.8675752225834,-2.5303374675988834,0.6129032258064214,1.2631578947368232,False
train,UAV_0023,telemetry_13,196,180.0,7141.509273481708,7147.118384384645,5.6091109029366635,0.7159890414251427,1.0635847486531125,False
train,UAV_0023,telemetry_14,196,,,,0.0,0.0,0.0,False
train,UAV_0023,telemetry_15,196,63.0,49985.926877723556,49953.114531206986,-32.81234651656996,0.3614130434783336,1.3421052631576964,False
train,UAV_0023,telemetry_16,196,181.0,-698.0678180856652,-700.6692791651632,-2.6014610794979944,0.5000000000000219,0.6666666666666813,False
train,UAV_0023,telemetry_17,196,,,,0.0,0.0,0.0,False
train,UAV_0023,telemetry_18,196,110.0,-103.33158875962299,-103.3249496569801,0.0066391026428931355,0.025269914890325942,0.6022350915863032,False
train,UAV_0023,telemetry_19,196,169.0,33506.15698565262,33507.24659932876,1.0896136761439266,0.58136961158114,1.2711498783943473,False
train,UAV_0023,telemetry_20,196,,,,0.0,0.0,0.0,False
train,UAV_0023,telemetry_21,196,184.0,34963.778771372,34964.51454017154,0.7357687995390734,0.35714285714765026,1.0999999999940666,False
train,UAV_0023,telemetry_22,196,161.0,23068.45993489079,23143.19464190498,74.73470701418773,0.5617300848617781,1.2904483430798595,False
train,UAV_0023,telemetry_23,196,39.0,-17354.56433351081,-17364.606890357143,-10.042556846332445,0.2900616758385001,0.05183646181046102,False
train,UAV_0023,telemetry_24,196,181.0,-3634.4741911039496,-3629.009097148012,5.465093955937391,0.2676238412765336,1.0817009963302775,False
train,UAV_0023,telemetry_25,196,171.0,-173.20264818072937,-173.8558939510367,-0.6532457703073362,0.5243902439024309,1.511627906976735,False
train,UAV_0023,telemetry_26,196,163.0,-7461.417018121108,-7453.236077250661,8.180940870447557,0.17272727272727798,1.429824561403506,False
train,UAV_0023,telemetry_27,196,,,,0.0,0.0,0.0,False
train,UAV_0023,telemetry_28,196,44.0,-9769.878619944013,-9724.492393415354,45.38622652865888,0.48464413231150494,0.26895123969185925,False
train,UAV_0024,telemetry_01,494,142.0,94.02425938905537,74.62483358779443,-19.399425801260946,1.1926061258275065,0.43571334300666725,False
train,UAV_0024,telemetry_02,494,19.0,17.236276861666326,7.235501495527698,-10.000775366138628,0.9760922553245567,0.5450509283913718,False
train,UAV_0024,telemetry_03,494,,,,0.0,0.0,0.0,False
train,UAV_0024,telemetry_04,494,450.0,-125.87669961640803,-125.93288200422512,-0.0561823878170884,1.3166666666676548,0.35443037974663694,False
train,UAV_0024,telemetry_05,494,19.0,-113.522834520032,-113.52766483765097,-0.004830317618967683,1.0810199771315938,0.6472076552212451,False
train,UAV_0024,telemetry_06,494,97.0,-138.25590257801093,-136.48252152559053,1.7733810524204046,0.7568145376803648,0.21186440677966537,False
train,UAV_0024,telemetry_07,494,414.0,140.5912754437698,140.67722414279535,0.08594869902555047,2.8695647601215146,1.0,False
train,UAV_0024,telemetry_08,494,,,,0.0,0.0,0.0,False
train,UAV_0024,telemetry_09,494,194.0,-161.8774834626107,-146.51027383262544,15.367209629985268,1.1730241932468306,0.6739581451759273,False
train,UAV_0024,telemetry_10,494,137.0,-61.44148950853153,-63.172602875377706,-1.7311133668461736,1.077520167592266,0.5184515900412476,False
train,UAV_0024,telemetry_11,494,150.0,62.6288318834388,62.38684733800848,-0.24198454543032,0.5807692307692497,1.396247240618095,False
train,UAV_0024,telemetry_12,494,148.0,634.7974396587506,637.9936554072966,3.196215748546024,0.7741935483870745,1.2916666666667038,False
train,UAV_0024,telemetry_13,494,186.0,7132.8237178389945,7125.767571928192,-7.056145910802115,0.9006994574106382,0.2590248784954442,False
train,UAV_0024,telemetry_14,494,,,,0.0,0.0,0.0,False
train,UAV_0024,telemetry_15,494,150.0,49905.77717039597,49959.035556142306,53.25838574633235,0.5866168478260114,1.8170237405908138,False
train,UAV_0024,telemetry_16,494,460.0,-698.0678180856652,-700.6692791651632,-2.6014610794979944,0.5000000000000219,1.3333333333333188,False
train,UAV_0024,telemetry_17,494,,,,0.0,0.0,0.0,False
train,UAV_0024,telemetry_18,494,257.0,-103.0643070529677,-102.98571870105496,0.07858835191274238,0.2991249075403021,1.0689000752490865,False
train,UAV_0024,telemetry_19,494,150.0,33496.29877647557,33503.15362333015,6.854846854585048,3.6574427621004872,1.0962155229899726,True
train,UAV_0024,telemetry_20,494,,,,0.0,0.0,0.0,False
train,UAV_0024,telemetry_21,494,151.0,34952.5215087392,34959.58488921469,7.063380475490703,3.428571428576474,1.1145833333320243,True
train,UAV_0024,telemetry_22,494,71.0,22955.9936701443,22868.147611022367,-87.84605912193365,0.6602792225567794,0.20646766169154807,False
train,UAV_0024,telemetry_23,494,470.0,-17453.800086638596,-17474.184778454874,-20.384691816278064,0.5887761413907597,1.1971373615935246,False
train,UAV_0024,telemetry_24,494,481.0,-3719.0655531053276,-3733.654591669601,-14.589038564273324,0.7144203873861159,1.1661479424293153,False
train,UAV_0024,telemetry_25,494,480.0,-173.67359280583463,-174.34203033824215,-0.6684375324075233,0.5365853658536636,0.9318181818181944,False
train,UAV_0024,telemetry_26,494,482.0,-7627.834578459419,-7656.683159423628,-28.84858096420885,0.6090909090909074,1.2338308457711105,False
train,UAV_0024,telemetry_27,494,,,,0.0,0.0,0.0,False
train,UAV_0024,telemetry_28,494,426.0,-9752.393402074555,-9812.74388384601,-60.350481771454724,0.6444357486789338,1.4676959443408577,False
train,UAV_0025,telemetry_01,193,176.0,89.67394429809661,76.03136715125675,-13.64257714683987,0.8386960131746797,0.5335883603763631,False
train,UAV_0025,telemetry_02,193,137.0,18.43859111652295,9.256574224372624,-9.182016892150326,0.8961800709006099,0.8928230718119166,False
train,UAV_0025,telemetry_03,193,,,,0.0,0.0,0.0,False
train,UAV_0025,telemetry_04,193,162.0,-125.86105388815515,-125.90585756451563,-0.04480367636047333,1.0500000000010323,0.6031746031746233,False
train,UAV_0025,telemetry_05,193,124.0,-113.52806872582471,-113.52242306106083,0.005645664763875402,1.2634938062813266,0.4096920459802074,False
train,UAV_0025,telemetry_06,193,178.0,-136.26210128178684,-134.8055743298342,1.4565269519526396,0.6215927311597933,1.0597592433361978,False
train,UAV_0025,telemetry_07,193,11.0,140.5912754437698,140.5912754437698,0.0,0.0,0.0,False
train,UAV_0025,telemetry_08,193,,,,0.0,0.0,0.0,False
train,UAV_0025,telemetry_09,193,136.0,-148.046710617672,-163.38907823346509,-15.34236761579308,1.1711279294254822,0.5173518925745626,False
train,UAV_0025,telemetry_10,193,157.0,-63.743779033028545,-61.82022833936349,1.9235506936650566,1.197301520226993,0.6816914636418477,False
train,UAV_0025,telemetry_11,193,158.0,62.64352189447486,62.850250413418635,0.20672851894377686,0.4961538461538469,1.113695090439255,False
train,UAV_0025,telemetry_12,193,181.0,633.6654465811405,631.5346360821098,-2.1308104990306447,0.5161290322580405,1.0937499999999716,False
train,UAV_0025,telemetry_13,193,163.0,7136.909022372306,7142.169307022995,5.260284650688845,0.6714622388190328,1.263420572732409,False
train,UAV_0025,telemetry_14,193,,,,0.0,0.0,0.0,False
train,UAV_0025,telemetry_15,193,184.0,50425.80968854336,50582.47013995703,156.66045141367067,1.7255434782609083,1.0,False
train,UAV_0025,telemetry_16,193,179.0,-698.0678180856652,-701.5364328583291,-3.4686147726639547,0.6666666666666885,1.0,False
train,UAV_0025,telemetry_17,193,,,,0.0,0.0,0.0,False
train,UAV_0025,telemetry_18,193,161.0,-103.32223505460348,-103.3307838031264,-0.00854874852291232,0.03253845575411315,0.5956294930932527,False
train,UAV_0025,telemetry_19,193,182.0,33504.92955551603,33506.027026907905,1.097471391876752,0.585562140771554,1.105104842305639,False
train,UAV_0025,telemetry_20,193,,,,0.0,0.0,0.0,False
train,UAV_0025,telemetry_21,193,182.0,34961.571464973415,34962.60154129275,1.0300763193372404,0.49999999999823413,1.0714285714326077,False
train,UAV_0025,telemetry_22,193,184.0,23129.50056303688,23244.734779895007,115.23421685812718,0.8661374212975478,1.0,False
train,UAV_0025,telemetry_23,193,184.0,-17529.779978070314,-17574.070348848523,-44.29037077820976,1.27924983328601,1.0,False
train,UAV_0025,telemetry_24,193,173.0,-3639.6591163838157,-3634.878643162431,4.7804732213844545,0.23409819061510917,1.1295963239567552,False
train,UAV_0025,telemetry_25,193,174.0,-172.92919646292628,-173.68878456793482,-0.7595881050085325,0.6097560975609678,1.2599999999999827,False
train,UAV_0025,telemetry_26,193,122.0,-7478.783576811005,-7467.947418289623,10.836158521382458,0.22878787878788925,1.1854304635761428,False
train,UAV_0025,telemetry_27,193,,,,0.0,0.0,0.0,False
train,UAV_0025,telemetry_28,193,179.0,-9830.820128965133,-9912.028045373187,-81.20791640805328,0.8671560337706085,0.9935514620609162,False
train,UAV_0026,telemetry_01,243,51.0,78.04347624114092,94.23329041450877,16.18981417336785,0.9952908790688266,0.4917008119969641,False
train,UAV_0026,telemetry_02,243,217.0,17.73771636156335,5.288985643200696,-12.448730718362654,1.2150167559964227,0.5928292591794053,False
train,UAV_0026,telemetry_03,243,,,,0.0,0.0,0.0,False
train,UAV_0026,telemetry_04,243,25.0,-125.86887675228161,-125.92648147903077,-0.05760472674916173,1.3500000000008991,0.4074074074071607,False
train,UAV_0026,telemetry_05,243,223.0,-113.52674457723032,-113.5227679338208,0.0039766434095156455,0.8899685914513084,0.45721688070212724,False
train,UAV_0026,telemetry_06,243,188.0,-137.3955121945273,-136.2145105473292,1.1810016471980873,0.5040085515766988,1.451749734888623,False
train,UAV_0026,telemetry_07,243,11.0,140.5912754437698,140.5912754437698,0.0,0.0,0.0,False
train,UAV_0026,telemetry_08,243,,,,0.0,0.0,0.0,False
train,UAV_0026,telemetry_09,243,198.0,-147.27579471034264,-159.11236292149712,-11.836568211154486,0.9035199760409517,0.41019075521033477,False
train,UAV_0026,telemetry_10,243,33.0,-63.20930877405228,-61.48025197797048,1.7290567960817995,1.0762400686009848,0.4984920777461276,False
train,UAV_0026,telemetry_11,243,217.0,62.80030437589603,62.98833651715756,0.18803214126153023,0.45128205128206894,1.0894886363636822,False
train,UAV_0026,telemetry_12,243,100.0,639.2588241410962,636.3955475330235,-2.863276608072624,0.6935483870967893,1.3720930232558084,False
train,UAV_0026,telemetry_13,243,208.0,7138.41794697685,7143.706501153409,5.288554176559046,0.6750707734120556,0.9935663031764556,False
train,UAV_0026,telemetry_14,243,,,,0.0,0.0,0.0,False
train,UAV_0026,telemetry_15,243,232.0,50049.02279969056,50078.227021637154,29.20422194659477,0.32167119565208424,1.0285110876452048,False
train,UAV_0026,telemetry_16,243,136.0,-692.8648959266694,-696.3335106993333,-3.468614772663841,0.6666666666666666,1.5,False
train,UAV_0026,telemetry_17,243,,,,0.0,0.0,0.0,False
train,UAV_0026,telemetry_18,243,231.0,-103.32246455413419,-103.33142172567703,-0.008957171542846254,0.03409300544375055,0.9335257503304512,False
train,UAV_0026,telemetry_19,243,187.0,33505.13211559951,33506.04432169503,0.9122060955196503,0.48671278182833344,1.2037264979006987,False
train,UAV_0026,telemetry_20,243,,,,0.0,0.0,0.0,False
train,UAV_0026,telemetry_21,243,21.0,34961.2771574536,34960.61496553403,-0.6621919195749797,0.32142857142794073,0.33333333334065846,False
train,UAV_0026,telemetry_22,243,233.0,23148.87622781834,23243.56932637432,94.69309855598112,0.7117437722419646,0.7592307692307642,False
train,UAV_0026,telemetry_23,243,67.0,-17356.52984137996,-17370.544689275746,-14.014847895785351,0.40479434963395616,1.5175228585555642,False
train,UAV_0026,telemetry_24,243,166.0,-3644.3203986549674,-3640.1753831642545,4.145015490712922,0.20298003597360958,1.446206943297924,False
train,UAV_0026,telemetry_25,243,220.0,-173.20264818072937,-173.9014692373372,-0.6988210566078408,0.5609756097560831,1.1086956521739104,False
train,UAV_0026,telemetry_26,243,151.0,-7473.473141509136,-7466.225114948476,7.248026560660037,0.15303030303031526,1.9306930693069704,False
train,UAV_0026,telemetry_27,243,,,,0.0,0.0,0.0,False
train,UAV_0026,telemetry_28,243,194.0,-9795.71561343753,-9848.057539948695,-52.34192651116609,0.5589186301156512,1.4223929073668304,False
train,UAV_0027,telemetry_01,320,107.0,97.74541512001264,73.66142505357854,-24.083990066434097,1.4805960950520074,0.5170403915025338,False
train,UAV_0027,telemetry_02,320,271.0,5.0274141267601316,16.460098677989954,11.432684551229823,1.1158489656520345,0.3935990313346103,False
train,UAV_0027,telemetry_03,320,,,,0.0,0.0,0.0,False
train,UAV_0027,telemetry_04,320,14.0,-125.88452248053446,-125.92008095383642,-0.03555847330196116,0.8333333333341104,0.4199999999998881,False
train,UAV_0027,telemetry_05,320,258.0,-113.52357780138612,-113.52857409134366,-0.004996289957531985,1.1181644110575775,0.2900164700843239,False
train,UAV_0027,telemetry_06,320,235.0,-138.3135124144596,-139.62288380591835,-1.3093713914587397,0.5587920897915534,1.6016260162601144,False
train,UAV_0027,telemetry_07,320,268.0,140.5912754437698,140.67722414279535,0.08594869902555047,2.8695647601215146,1.0,False
train,UAV_0027,telemetry_08,320,,,,0.0,0.0,0.0,False
train,UAV_0027,telemetry_09,320,129.0,-158.0978866739335,-144.70254062755748,13.395346046376005,1.022506061129811,0.49354598513741244,False
train,UAV_0027,telemetry_10,320,21.0,-62.87356038990582,-60.6395467992624,2.2340135906434213,1.3905471153394442,0.23594341835161034,False
train,UAV_0027,telemetry_11,320,295.0,61.948016644695,61.73781594132453,-0.21020070337047514,0.5044871794871658,1.208386277001271,False
train,UAV_0027,telemetry_12,320,294.0,641.4562224682215,643.9865599358207,2.530337467599111,0.6129032258064765,1.105263157894666,False
train,UAV_0027,telemetry_13,320,163.0,7131.683279299654,7126.733934246814,-4.949345052839817,0.6317715733182869,0.18705641085348795,False
train,UAV_0027,telemetry_14,320,,,,0.0,0.0,0.0,False
train,UAV_0027,telemetry_15,320,293.0,50160.65879065856,50220.48581344253,59.82702278396755,0.6589673913044365,1.5304123711339777,False
train,UAV_0027,telemetry_16,320,308.0,-699.8021254719972,-703.270740244661,-3.468614772663841,0.6666666666666666,1.0,False
train,UAV_0027,telemetry_17,320,,,,0.0,0.0,0.0,False
train,UAV_0027,telemetry_18,320,170.0,-102.98330150932064,-102.89401622448425,0.08928528483639298,0.33983983531108014,0.12273958450134548,False
train,UAV_0027,telemetry_19,320,149.0,33496.414845343046,33502.52825765328,6.11341231023107,3.261846118536539,1.2749766293974951,True
train,UAV_0027,telemetry_20,320,,,,0.0,0.0,0.0,False
train,UAV_0027,telemetry_21,320,149.0,34952.595085619156,34958.996274175064,6.401188555908448,3.1071428571450013,1.2988505747123562,True
train,UAV_0027,telemetry_22,320,132.0,22862.174661728834,22943.39220395185,81.21754222301752,0.610457158499861,1.799999999999991,False
train,UAV_0027,telemetry_23,320,289.0,-17423.723453169572,-17449.094011124027,-25.370557954454853,0.7327841574443753,1.7069010859791542,False
train,UAV_0027,telemetry_24,320,296.0,-3697.065835241161,-3714.476543916884,-17.410708675723072,0.8525966383581526,1.5555084185735482,False
train,UAV_0027,telemetry_25,320,309.0,-173.46090813643227,-174.19011271724045,-0.7292045808081866,0.5853658536585254,1.0,False
train,UAV_0027,telemetry_26,320,307.0,-7609.176292263663,-7642.545919498381,-33.36962723471879,0.704545454545444,1.1376344086021626,False
train,UAV_0027,telemetry_27,320,,,,0.0,0.0,0.0,False
train,UAV_0027,telemetry_28,320,302.0,-9811.954513227785,-9869.888061772745,-57.933548544959194,0.6186272028710965,1.0888414702165332,False
train,UAV_0028,telemetry_01,200,22.0,75.62100967920915,90.80362639778286,15.182616718573712,0.9333720435934342,0.674431274163934,False
train,UAV_0028,telemetry_02,200,71.0,13.736299569952386,2.9327882449742084,-10.803511324978178,1.0544406157073725,0.2418697661848917,False
train,UAV_0028,telemetry_03,200,,,,0.0,0.0,0.0,False
train,UAV_0028,telemetry_04,200,112.0,-125.88452248053443,-125.91794744543829,-0.03342496490385827,0.7833333333344101,0.40425531914964175,False
train,UAV_0028,telemetry_05,200,113.0,-113.5290532815819,-113.52324751328419,0.005805768297705072,1.2993248079114483,0.40879568485217815,False
train,UAV_0028,telemetry_06,200,158.0,-136.5401313620392,-135.49689236721844,1.0432389948207685,0.44521646178513324,1.1194477791116313,False
train,UAV_0028,telemetry_07,200,11.0,140.5912754437698,140.5912754437698,0.0,0.0,0.0,False
train,UAV_0028,telemetry_08,200,,,,0.0,0.0,0.0,False
train,UAV_0028,telemetry_09,200,79.0,-153.82733030219617,-142.3215489106528,11.505781391543366,0.8782700476835034,0.3001676397412447,False
train,UAV_0028,telemetry_10,200,184.0,-61.2356980398643,-62.53975978129027,-1.3040617414259685,0.8117046827106117,1.3578744988111398,False
train,UAV_0028,telemetry_11,200,165.0,62.70976048969198,62.91461937086754,0.20485888117556073,0.49166666666668957,1.1069100391133866,False
train,UAV_0028,telemetry_12,200,186.0,633.0661561282882,630.802169973068,-2.263986155220209,0.5483870967742042,0.9411764705882235,False
train,UAV_0028,telemetry_13,200,80.0,7132.476203414073,7136.424979865476,3.948776451403319,0.5040514825196645,1.5276536232593045,False
train,UAV_0028,telemetry_14,200,,,,0.0,0.0,0.0,False
train,UAV_0028,telemetry_15,200,175.0,50032.21572370228,49993.66738427963,-38.54833942264668,0.4245923913042637,0.8400000000002114,False
train,UAV_0028,telemetry_16,200,185.0,-698.9349717788311,-701.5364328583291,-2.6014610794979944,0.5000000000000219,1.0,False
train,UAV_0028,telemetry_17,200,,,,0.0,0.0,0.0,False
train,UAV_0028,telemetry_18,200,156.0,-103.33062369408486,-103.32388007127108,0.006743622813786487,0.025667742121634776,0.5924082645211076,False
train,UAV_0028,telemetry_19,200,164.0,33505.64671194889,33506.29295100727,0.6462390583837987,0.3448045473242795,1.5071066679116125,False
train,UAV_0028,telemetry_20,200,,,,0.0,0.0,0.0,False
train,UAV_0028,telemetry_21,200,126.0,34961.497888093465,34962.3808106529,0.8829225594381569,0.42857142857294217,1.3333333333250925,False
train,UAV_0028,telemetry_22,200,124.0,23029.271560257625,23128.69931374141,99.42775348378564,0.7473309608541039,1.1289377289377005,False
train,UAV_0028,telemetry_23,200,31.0,-17386.09481831733,-17373.976782794918,12.118035522413265,0.35000824444278256,0.17179841719451566,False
train,UAV_0028,telemetry_24,200,39.0,-3643.9794788541803,-3647.8880811237123,-3.9086022695319116,0.19140295881974234,0.6802952219338785,False
train,UAV_0028,telemetry_25,200,177.0,-173.23303170492972,-173.71916809213513,-0.48613638720541985,0.39024390243898655,1.343750000000051,False
train,UAV_0028,telemetry_26,200,187.0,-7452.805501415374,-7445.485712215501,7.319789199873412,0.15454545454544408,1.049019607843276,False
train,UAV_0028,telemetry_27,200,,,,0.0,0.0,0.0,False
train,UAV_0028,telemetry_28,200,164.0,-9814.980321468498,-9860.07706887454,-45.096747406041686,0.4815530104242399,1.408885037344703,False
train,UAV_0029,telemetry_01,223,39.0,79.30889020965236,93.02459988250044,13.715709672848078,0.8431919348276268,0.6763427350541381,False
train,UAV_0029,telemetry_02,223,69.0,17.42106396459439,8.896646425982105,-8.524417538612283,0.8319972838070975,0.6609869244950969,False
train,UAV_0029,telemetry_03,223,,,,0.0,0.0,0.0,False
train,UAV_0029,telemetry_04,223,19.0,-125.92861498742889,-125.87883312480614,0.049781862622751305,1.1666666666678878,0.6142857142855757,False
train,UAV_0029,telemetry_05,223,39.0,-113.52292504548208,-113.52805619678672,-0.005131151304638593,1.1483462379818858,0.5952482133937138,False
train,UAV_0029,telemetry_06,223,192.0,-136.00097843614444,-135.05166852249,0.9493099136544458,0.40513094601817,1.3291556728231726,False
train,UAV_0029,telemetry_07,223,11.0,140.5912754437698,140.5912754437698,0.0,0.0,0.0,False
train,UAV_0029,telemetry_08,223,,,,0.0,0.0,0.0,False
train,UAV_0029,telemetry_09,223,144.0,-159.30697606242012,-144.2072094253408,15.099766637079313,1.1526094850111281,0.47902065265977817,False
train,UAV_0029,telemetry_10,223,165.0,-63.23440583339827,-61.263610201827234,1.9707956315710362,1.2267088221318259,0.595905633284538,False
train,UAV_0029,telemetry_11,223,155.0,62.6053278657811,62.74448233395903,0.13915446817792798,0.3339743589743859,2.032629558541169,False
train,UAV_0029,telemetry_12,223,214.0,632.0673387068674,629.9365282078368,-2.1308104990306447,0.5161290322580405,1.0,False
train,UAV_0029,telemetry_13,223,123.0,7133.680283799617,7137.522608705824,3.8423249062061586,0.4904632078139467,1.886018927936879,False
train,UAV_0029,telemetry_14,223,,,,0.0,0.0,0.0,False
train,UAV_0029,telemetry_15,223,214.0,50047.45002744211,50020.89793124779,-26.552096194318437,0.29245923913037025,1.0,False
train,UAV_0029,telemetry_16,223,57.0,-696.3335106993333,-693.7320496198354,2.6014610794978807,0.5,0.0,False
train,UAV_0029,telemetry_17,223,,,,0.0,0.0,0.0,False
train,UAV_0029,telemetry_18,223,153.0,-103.32463145735593,-103.33298462027902,-0.008353162923086188,0.03179401305948629,0.5072089577027542,False
train,UAV_0029,telemetry_19,223,208.0,33506.319917517525,33507.023127058426,0.7032095409012982,0.3752014742516301,1.0969087733402951,False
train,UAV_0029,telemetry_20,223,,,,0.0,0.0,0.0,False
train,UAV_0029,telemetry_21,223,29.0,34960.76211929393,34961.71861873333,0.9564994393949746,0.4642857142891199,1.2307692307569427,False
train,UAV_0029,telemetry_22,223,159.0,23060.665964471184,23152.736792605618,92.07082813443412,0.6920339447029809,1.2262658227848338,False
train,UAV_0029,telemetry_23,223,71.0,-17388.477959144082,-17378.97933304059,9.498626103493734,0.27435118843752554,0.12187260350357267,False
train,UAV_0029,telemetry_24,223,89.0,-3645.2571288483186,-3640.930647229442,4.326481618876642,0.21186637217794746,1.5321610213170433,False
train,UAV_0029,telemetry_25,223,147.0,-172.42786831362068,-173.0355387976275,-0.6076704840068317,0.4878048780487788,1.5249999999999568,False
train,UAV_0029,telemetry_26,223,214.0,-7449.863233207581,-7441.61052969792,8.252703509660932,0.1742424242424068,1.0,False
train,UAV_0029,telemetry_27,223,,,,0.0,0.0,0.0,False
train,UAV_0029,telemetry_28,223,204.0,-9866.025563120165,-9910.01871082532,-43.993147705154115,0.4697685295285179,1.0262812228051477,False
train,UAV_0030,telemetry_01,218,54.0,82.77473892792852,95.81681111853534,13.042072190606817,0.801779153019635,0.11472487404771345,False
train,UAV_0030,telemetry_02,218,179.0,6.682378497649621,16.268147670149816,9.585769172500195,0.9355869628155615,0.6009042607352519,False
train,UAV_0030,telemetry_03,218,,,,0.0,0.0,0.0,False
train,UAV_0030,telemetry_04,218,96.0,-125.86887675228161,-125.91794744543829,-0.04907069315667911,1.150000000000433,0.5652173913042219,False
train,UAV_0030,telemetry_05,218,19.0,-113.52308692236161,-113.52809192823216,-0.005005005870543755,1.120115023176264,0.38404372117107083,False
train,UAV_0030,telemetry_06,218,186.0,-137.08492003280392,-135.6784885908067,1.4064314419972277,0.600213789417396,1.257791629563691,False
train,UAV_0030,telemetry_07,218,11.0,140.5912754437698,140.5912754437698,0.0,0.0,0.0,False
train,UAV_0030,telemetry_08,218,,,,0.0,0.0,0.0,False
train,UAV_0030,telemetry_09,218,29.0,-144.82749029091337,-159.39385541391488,-14.566365123001503,1.1118933826221247,0.6854438850397121,False
train,UAV_0030,telemetry_10,218,128.0,-63.15135444206457,-61.510539450325425,1.6408149917391484,1.0213145359207287,0.46628464014539694,False
train,UAV_0030,telemetry_11,218,191.0,62.68144883205885,62.87829497994201,0.19684614788316424,0.4724358974359154,1.397557666214374,False
train,UAV_0030,telemetry_12,218,202.0,633.9317978935194,631.9341630506781,-1.9976348428413075,0.48387096774193195,1.2333333333333865,False
train,UAV_0030,telemetry_13,218,198.0,7139.283409254787,7144.734513334096,5.451104079308607,0.6958198637879429,1.0310088027210345,False
train,UAV_0030,telemetry_14,218,,,,0.0,0.0,0.0,False
train,UAV_0030,telemetry_15,218,209.0,50578.09104859861,50776.969641347976,198.87859274936636,2.1905570652174817,1.0,False
train,UAV_0030,telemetry_16,218,203.0,-698.0678180856652,-702.4035865514951,-4.335768465829915,0.8333333333333551,0.8000000000000053,False
train,UAV_0030,telemetry_17,218,,,,0.0,0.0,0.0,False
train,UAV_0030,telemetry_18,218,89.0,-103.3204703494005,-103.328955450314,-0.00848510091350363,0.03229619866618395,0.8796895948758535,False
train,UAV_0030,telemetry_19,218,62.0,33504.49036023982,33503.68621528617,-0.8041449536467553,0.42905614126560887,0.04186273873435345,False
train,UAV_0030,telemetry_20,218,,,,0.0,0.0,0.0,False
train,UAV_0030,telemetry_21,218,197.0,34961.35073433356,34962.16008001304,0.8093456794813392,0.39285714285676443,1.0909090909050045,False
train,UAV_0030,telemetry_22,218,193.0,23084.412079955226,23221.571391171317,137.15931121609174,1.0309334793320544,1.0706319702602096,False
train,UAV_0030,telemetry_23,218,208.0,-17574.983844864713,-17641.615961350886,-66.63211648617289,1.9245520506766025,1.0072405034810181,False
train,UAV_0030,telemetry_24,218,206.0,-3638.0197322876375,-3632.283850297954,5.7358819896835485,0.2808842416186236,0.9066916170001676,False
train,UAV_0030,telemetry_25,218,208.0,-173.43052461223192,-174.0685786204391,-0.6380540082071775,0.5121951219512212,1.0238095238095046,False
train,UAV_0030,telemetry_26,218,209.0,-7458.54651255253,-7450.437334321297,8.109178231232363,0.17121212121211074,1.0,False
train,UAV_0030,telemetry_27,218,,,,0.0,0.0,0.0,False
train,UAV_0030,telemetry_28,218,206.0,-9849.377614655506,-9902.054099178595,-52.67648452308822,0.5624911143206,1.0531780115268927,False
train,UAV_0031,telemetry_01,183,103.0,79.40048842493195,93.8975733431812,14.497084918249243,0.8912280423795745,0.5727597590213972,False
train,UAV_0031,telemetry_02,183,141.0,4.69316278828938,16.541097056421933,11.847934268132553,1.1563780264353454,0.6705837741259866,False
train,UAV_0031,telemetry_03,183,,,,0.0,0.0,0.0,False
train,UAV_0031,telemetry_04,183,158.0,-125.85963154922308,-125.91296925917604,-0.05333770995295595,1.2500000000014986,0.5866666666662652,False
train,UAV_0031,telemetry_05,183,152.0,-113.52318774103432,-113.52807775607172,-0.004890015037403828,1.0943801962731352,0.7302087138873975,False
train,UAV_0031,telemetry_06,183,157.0,-135.78744632495963,-134.63838056535812,1.1490657596015126,0.4903794762159206,1.1514986376021987,False
train,UAV_0031,telemetry_07,183,11.0,140.5912754437698,140.5912754437698,0.0,0.0,0.0,False
train,UAV_0031,telemetry_08,183,,,,0.0,0.0,0.0,False
train,UAV_0031,telemetry_09,183,136.0,-164.81411881609392,-145.8730679507176,18.941050865376326,1.4458259791843906,0.6989885630999122,False
train,UAV_0031,telemetry_10,183,88.0,-62.77939397067381,-61.12335843954038,1.6560355311334263,1.030788460894716,0.36607427437316803,False
train,UAV_0031,telemetry_11,183,45.0,62.5524438260513,62.722580862959816,0.170137036908514,0.40833333333334626,1.6279434850862882,False
train,UAV_0031,telemetry_12,183,147.0,634.3313248620875,631.8009873944886,-2.5303374675988834,0.6129032258064214,1.078947368421074,False
train,UAV_0031,telemetry_13,183,172.0,7144.038123490802,7148.579705611288,4.541582120486055,0.5797216502347868,0.7903663201566624,False
train,UAV_0031,telemetry_14,183,,,,0.0,0.0,0.0,False
train,UAV_0031,telemetry_15,183,168.0,49937.66435676639,49973.622247779844,35.957891013451444,0.3960597826086901,1.1063464837048465,False
train,UAV_0031,telemetry_16,183,46.0,-695.4663570061673,-698.0678180856652,-2.6014610794978807,0.5,1.0,False
train,UAV_0031,telemetry_17,183,,,,0.0,0.0,0.0,False
train,UAV_0031,telemetry_18,183,151.0,-103.33145248854876,-103.32276907244068,0.00868341610808443,0.033051030811139526,0.5036295398219206,False
train,UAV_0031,telemetry_19,183,129.0,33505.89491993026,33506.46811140972,0.5731914794596378,0.30582959361740936,1.903272695766647,False
train,UAV_0031,telemetry_20,183,,,,0.0,0.0,0.0,False
train,UAV_0031,telemetry_21,183,174.0,34963.705194492046,34964.36738641163,0.6621919195822557,0.3214285714314725,1.0,False
train,UAV_0031,telemetry_22,183,135.0,23074.14152080415,23150.260203874153,76.11868307000259,0.5721324938406741,1.1722488038277716,False
train,UAV_0031,telemetry_23,183,161.0,-17359.689403579127,-17376.17247397582,-16.48307039669453,0.4760846361527197,1.2066227455865437,False
train,UAV_0031,telemetry_24,183,117.0,-3638.9266779406644,-3635.1182580612985,3.808419879365829,0.18649706034833852,1.526469987261457,False
train,UAV_0031,telemetry_25,183,142.0,-173.12668937022852,-173.7191680921352,-0.592478721906673,0.47560975609756906,1.5128205128204304,False
train,UAV_0031,telemetry_26,183,32.0,-7467.803893011194,-7461.560543399537,6.243349611657322,0.1318181818181853,1.275862068965457,False
train,UAV_0031,telemetry_27,183,,,,0.0,0.0,0.0,False
train,UAV_0031,telemetry_28,183,121.0,-9817.742880337868,-9864.168593003364,-46.425712665495666,0.49574399443639416,1.3221687400634559,False
train,UAV_0032,telemetry_01,189,178.0,93.51567011249173,83.35602996092771,-10.15964015156402,0.624577717149277,1.0,False
train,UAV_0032,telemetry_02,189,81.0,5.6778686623317505,19.301162097305294,13.623293434973544,1.329656024363424,0.5805291104457364,False
train,UAV_0032,telemetry_03,189,,,,0.0,0.0,0.0,False
train,UAV_0032,telemetry_04,189,168.0,-125.8710102606797,-125.92434797063264,-0.053337709952941736,1.2500000000011657,0.6266666666669437,False
train,UAV_0032,telemetry_05,189,16.0,-113.5237135654301,-113.52722184449863,-0.0035082790685265763,0.7851491470327725,0.38389507897504344,False
train,UAV_0032,telemetry_06,189,172.0,-135.8387942226639,-134.59955654514272,1.2392376775211744,0.5288615713522019,1.125315816068757,False
train,UAV_0032,telemetry_07,189,11.0,140.5912754437698,140.5912754437698,0.0,0.0,0.0,False
train,UAV_0032,telemetry_08,189,,,,0.0,0.0,0.0,False
train,UAV_0032,telemetry_09,189,64.0,-161.83534398709543,-149.01420591591324,12.82113807118219,0.978675081851482,0.6760964472686857,False
train,UAV_0032,telemetry_10,189,94.0,-63.16178161323652,-61.6037964240729,1.5579851891636238,0.9697576682642708,0.5184295266287575,False
train,UAV_0032,telemetry_11,189,180.0,62.8908482621001,63.07594240115442,0.18509413905432126,0.44423076923079247,1.0,False
train,UAV_0032,telemetry_12,189,130.0,636.8616623296865,634.5976761744665,-2.263986155219982,0.5483870967741491,1.294117647058862,False
train,UAV_0032,telemetry_13,189,51.0,7131.2246389335305,7136.611123177408,5.386484243877931,0.6875713026830382,1.1275333049899512,False
train,UAV_0032,telemetry_14,189,,,,0.0,0.0,0.0,False
train,UAV_0032,telemetry_15,189,180.0,50472.314405222845,50648.865799778614,176.55139455576864,1.9446331521740436,1.0,False
train,UAV_0032,telemetry_16,189,170.0,-698.0678180856652,-701.5364328583291,-3.4686147726639547,0.6666666666666885,1.4999999999999836,False
train,UAV_0032,telemetry_17,189,,,,0.0,0.0,0.0,False
train,UAV_0032,telemetry_18,189,152.0,-103.33188374785507,-103.32470892041184,0.007174827443236609,0.02730900373071433,0.721819823788795,False
train,UAV_0032,telemetry_19,189,180.0,33505.417991833136,33506.11035039654,0.6923585634067422,0.36941187312106166,1.0,False
train,UAV_0032,telemetry_20,189,,,,0.0,0.0,0.0,False
train,UAV_0032,telemetry_21,189,170.0,34961.571464973415,34962.3808106529,0.8093456794886151,0.3928571428602962,1.0,False
train,UAV_0032,telemetry_22,189,175.0,23143.48600528515,23259.084426368492,115.59842108334124,0.8688748973446229,1.0856962822936407,False
train,UAV_0032,telemetry_23,189,179.0,-17533.417703573577,-17604.187699268405,-70.76999569482723,2.044067448602171,1.061115542114121,False
train,UAV_0032,telemetry_24,189,174.0,-3639.7266548625066,-3632.423959707998,7.302695154508456,0.3576105634556947,1.0862821052386533,False
train,UAV_0032,telemetry_25,189,180.0,-173.41533285013173,-174.19011271724048,-0.774779867108748,0.6219512195122232,1.0,False
train,UAV_0032,telemetry_26,189,179.0,-7458.905325748603,-7452.159637662444,6.745688086159134,0.14242424242425988,1.021276595744764,False
train,UAV_0032,telemetry_27,189,,,,0.0,0.0,0.0,False
train,UAV_0032,telemetry_28,189,159.0,-9789.702794684421,-9852.638500627545,-62.93570594312405,0.672041342299242,1.4994573114663134,False
train,UAV_0033,telemetry_01,231,174.0,92.09760465749636,80.08489852814213,-12.012706129354228,0.738497472265508,0.6036679292946026,False
train,UAV_0033,telemetry_02,231,108.0,8.716613227300066,19.123512497789783,10.406899270489717,1.0157306216737778,0.21172374965967555,False
train,UAV_0033,telemetry_03,231,,,,0.0,0.0,0.0,False
train,UAV_0033,telemetry_04,231,21.0,-125.87527727747596,-125.90941341184583,-0.034136134369873616,0.8000000000005328,0.6666666666665279,False
train,UAV_0033,telemetry_05,231,42.0,-113.52978929842925,-113.52510150646069,0.00468779196856417,1.049122887231158,0.6510366522365126,False
train,UAV_0033,telemetry_06,231,210.0,-140.6085129642904,-142.24413136433353,-1.6356184000431142,0.6980224478888115,1.1776416539050705,False
train,UAV_0033,telemetry_07,231,180.0,140.5912754437698,140.67722414279535,0.08594869902555047,2.8695647601215146,1.0,False
train,UAV_0033,telemetry_08,231,,,,0.0,0.0,0.0,False
train,UAV_0033,telemetry_09,231,141.0,-147.92204962695325,-160.98084910821038,-13.058799481257125,0.9968164745006121,0.47736047592897785,False
train,UAV_0033,telemetry_10,231,35.0,-63.27185036710354,-61.522225407472504,1.749624959631035,1.0890425871760763,0.46700517442492945,False
train,UAV_0033,telemetry_11,231,112.0,62.48246595529773,62.26264997197637,-0.21981598332135377,0.5275641025641017,1.4908869987849713,False
train,UAV_0033,telemetry_12,231,222.0,644.0531477639153,646.5168974034195,2.4637496395042717,0.5967741935483809,1.0,False
train,UAV_0033,telemetry_13,231,38.0,7126.938386630156,7132.424756536009,5.48636990585328,0.7003214587429591,0.8718029460993595,False
train,UAV_0033,telemetry_14,231,,,,0.0,0.0,0.0,False
train,UAV_0033,telemetry_15,231,222.0,50223.26129388096,50314.6979549915,91.43666111053608,1.0071331521739135,1.0,False
train,UAV_0033,telemetry_16,231,215.0,-698.0678180856652,-701.5364328583291,-3.4686147726639547,0.6666666666666885,1.0,False
train,UAV_0033,telemetry_17,231,,,,0.0,0.0,0.0,False
train,UAV_0033,telemetry_18,231,139.0,-103.24465709013776,-103.2354197681502,0.009237321987569658,0.0351593209197171,0.438666122363248,False
train,UAV_0033,telemetry_19,231,216.0,33508.14856788714,33509.97694064498,1.828372757838224,0.9755387467342508,1.0365402867172864,False
train,UAV_0033,telemetry_20,231,,,,0.0,0.0,0.0,False
train,UAV_0033,telemetry_21,231,217.0,34965.10315521116,34967.089730969885,1.986575758724939,0.9642857142838223,1.1481481481489622,False
train,UAV_0033,telemetry_22,231,222.0,23156.524516547855,23240.94705595277,84.42253940491355,0.634546947714214,1.0,False
train,UAV_0033,telemetry_23,231,222.0,-17456.12458822746,-17484.685181005258,-28.560592777797865,0.8249227294236787,1.0,False
train,UAV_0033,telemetry_24,231,212.0,-3702.5974432034927,-3720.222334090133,-17.62489088664006,0.8630850703011078,1.4402242886542884,False
train,UAV_0033,telemetry_25,231,220.0,-173.1874564186292,-174.44837267294335,-1.2609162543141395,1.0121951219511869,0.8795180722891588,False
train,UAV_0033,telemetry_26,231,219.0,-7615.850217710607,-7652.520926349191,-36.670708638584074,0.774242424242426,1.1526418786692711,False
train,UAV_0033,telemetry_27,231,,,,0.0,0.0,0.0,False
train,UAV_0033,telemetry_28,231,216.0,-9821.751302189099,-9870.9793210124,-49.22801882330168,0.5256676373606083,1.0043626326588957,False
train,UAV_0034,telemetry_01,459,196.0,100.3904123443468,79.17636365130619,-21.21404869304061,1.304162539866451,0.662436188519922,False
train,UAV_0034,telemetry_02,459,199.0,15.297518579368175,3.62410231792004,-11.673416261448136,1.1393447796616893,0.4322198429595233,False
train,UAV_0034,telemetry_03,459,,,,0.0,0.0,0.0,False
train,UAV_0034,telemetry_04,459,347.0,-125.85749804082496,-125.9087022423798,-0.051204201554838846,1.2000000000014654,0.6249999999999306,False
train,UAV_0034,telemetry_05,459,37.0,-113.5285516389919,-113.52322656403355,0.005325074958349774,1.191746146691189,0.4970185058054722,False
train,UAV_0034,telemetry_06,459,439.0,-141.15455402280404,-142.45641108776945,-1.301857064965418,0.5555852485301895,1.0582010582010604,False
train,UAV_0034,telemetry_07,459,380.0,140.5912754437698,140.67722414279535,0.08594869902555047,2.8695647601215146,1.0,False
train,UAV_0034,telemetry_08,459,,,,0.0,0.0,0.0,False
train,UAV_0034,telemetry_09,459,35.0,-142.1382574876297,-159.05706324764844,-16.918805760018756,1.2914620777099959,0.5936273757723558,False
train,UAV_0034,telemetry_10,459,360.0,-61.38341990258645,-63.1740456660186,-1.7906257634321463,1.114563268738185,0.6658062709867989,False
train,UAV_0034,telemetry_11,459,412.0,61.99021704003495,61.79844562323697,-0.1917714167979767,0.4602564102564177,1.4651810584957825,False
train,UAV_0034,telemetry_12,459,192.0,637.2611892982549,639.5917632815697,2.330573983314821,0.5645161290322447,1.2857142857142578,False
train,UAV_0034,telemetry_13,459,436.0,7138.801669431872,7143.723035544128,4.921366112255782,0.6282001312135559,0.8353948385956532,False
train,UAV_0034,telemetry_14,459,,,,0.0,0.0,0.0,False
train,UAV_0034,telemetry_15,459,440.0,50230.5700590355,50273.404973801946,42.83491476644849,0.4718070652173364,1.2865370770339992,False
train,UAV_0034,telemetry_16,459,340.0,-692.8648959266694,-696.3335106993333,-3.468614772663841,0.6666666666666666,1.5,False
train,UAV_0034,telemetry_17,459,,,,0.0,0.0,0.0,False
train,UAV_0034,telemetry_18,459,31.0,-103.15575910427168,-103.24392358019054,-0.0881644759188589,0.33557378499105345,0.22952715644676447,False
train,UAV_0034,telemetry_19,459,449.0,33509.37140283093,33510.73324390441,1.36184107347799,0.7266180970901857,1.0095256637085042,False
train,UAV_0034,telemetry_20,459,,,,0.0,0.0,0.0,False
train,UAV_0034,telemetry_21,459,413.0,34963.55804073215,34964.7352708114,1.1772300792508759,0.5714285714305896,2.1249999999938196,False
train,UAV_0034,telemetry_22,459,395.0,23025.775199695556,23125.858520784725,100.08332108916875,0.7522584177388225,1.4301310043668327,False
train,UAV_0034,telemetry_23,459,445.0,-17462.730942068807,-17484.218914991485,-21.487972922677727,0.620642484946496,1.0540690061165712,False
train,UAV_0034,telemetry_24,459,447.0,-3721.5519330670813,-3733.4169736223457,-11.865040555264386,0.5810271069268489,1.0712420011294455,False
train,UAV_0034,telemetry_25,459,437.0,-173.36975756383123,-173.88627747523702,-0.5165199114057941,0.41463414634145174,1.2058823529411828,False
train,UAV_0034,telemetry_26,459,450.0,-7635.082605020078,-7659.9842408274935,-24.901635807415914,0.5257575757576124,1.0,False
train,UAV_0034,telemetry_27,459,,,,0.0,0.0,0.0,False
train,UAV_0034,telemetry_28,459,20.0,-9670.147094212718,-9714.774180271927,-44.62708605920852,0.47653786302544743,1.1291023050309446,False
train,UAV_0035,telemetry_01,231,84.0,198.24723067557258,214.60652603906004,16.359295363487462,1.0057099660881985,1.3991806412009877,False
train,UAV_0035,telemetry_02,231,203.0,18.223002314503695,4.986350355036876,-13.236651959466819,1.2919191753679755,0.5149145487573914,False
train,UAV_0035,telemetry_03,231,,,,0.0,0.0,0.0,False
train,UAV_0035,telemetry_04,231,183.0,-125.92079212330245,-125.86389856601932,0.05689355728313217,1.3333333333344435,0.44999999999992507,False
train,UAV_0035,telemetry_05,231,140.0,-113.52930263856898,-113.52502408568351,0.0042785528854665245,0.9575356130290698,0.8056725303569673,False
train,UAV_0035,telemetry_06,231,96.0,-138.96475404387957,-137.38799786803398,1.5767561758455884,0.6729021913415301,1.1509134233518497,False
train,UAV_0035,telemetry_07,231,11.0,140.5912754437698,140.5912754437698,0.0,0.0,0.0,False
train,UAV_0035,telemetry_08,231,,,,0.0,0.0,0.0,False
train,UAV_0035,telemetry_09,231,184.0,-144.61576769587248,-159.07651568746948,-14.460747991597003,1.1038313171371152,0.6028734449652237,False
train,UAV_0035,telemetry_10,231,65.0,-61.42826306791079,-63.020764958806446,-1.5925018908956545,0.9912423629973425,0.7322893949977063,False
train,UAV_0035,telemetry_11,231,198.0,62.698809754192375,62.8868418954539,0.18803214126152312,0.4512820512820519,1.4019886363636642,False
train,UAV_0035,telemetry_12,231,16.0,638.3265945477702,640.191053734422,1.864459186651743,0.45161290322576825,0.7500000000000457,False
train,UAV_0035,telemetry_13,231,187.0,7134.680974569076,7139.79355612504,5.112581555963516,0.6526083065224636,1.7312483894541428,False
train,UAV_0035,telemetry_14,231,,,,0.0,0.0,0.0,False
train,UAV_0035,telemetry_15,231,16.0,49997.05963814882,50033.480109235345,36.42047108652332,0.40115489130434256,1.0635055038103345,False
train,UAV_0035,telemetry_16,231,211.0,-698.0678180856652,-701.5364328583291,-3.4686147726639547,0.6666666666666885,1.0,False
train,UAV_0035,telemetry_17,231,,,,0.0,0.0,0.0,False
train,UAV_0035,telemetry_18,231,79.0,-101.82264768870385,-101.66258714303589,0.16006054566796024,0.6092263644482396,2.3451187395909967,False
train,UAV_0035,telemetry_19,231,82.0,33503.66639857675,33504.51735712885,0.8509585520951077,0.4540338045810601,1.350297625984321,False
train,UAV_0035,telemetry_20,231,,,,0.0,0.0,0.0,False
train,UAV_0035,telemetry_21,231,63.0,34960.247081134265,34960.90927305384,0.6621919195749797,0.32142857142794073,1.4444444444468862,False
train,UAV_0035,telemetry_22,231,203.0,23064.235165878294,23173.42359259785,109.18842671955645,0.8206953189159714,1.1107404936624392,False
train,UAV_0035,telemetry_23,231,221.0,-17419.118099310766,-17436.300837063613,-17.18273775284615,0.4962933030251356,1.0174338634816245,False
train,UAV_0035,telemetry_24,231,208.0,-3638.9430066804484,-3633.8675619836104,5.075444696838076,0.24854284608935612,1.3094468924819191,False
train,UAV_0035,telemetry_25,231,171.0,-172.27595069261895,-172.82285412822512,-0.5469034356061684,0.43902439024391693,1.9166666666665801,False
train,UAV_0035,telemetry_26,231,168.0,-7515.981200185488,-7468.997888714943,46.98331147054523,0.9919762754084723,1.7947076662895993,False
train,UAV_0035,telemetry_27,231,,,,0.0,0.0,0.0,False
train,UAV_0035,telemetry_28,231,197.0,-9791.197881739517,-9845.8390188921,-54.641137152582814,0.5834701082079568,1.5685164530890965,False
train,UAV_0036,telemetry_01,324,146.0,90.15715398212004,76.64944066391081,-13.507713318209227,0.8304050756064657,0.28993636636184605,False
train,UAV_0036,telemetry_02,324,113.0,14.993310678901452,6.630164638295408,-8.363146040606043,0.8162569182408964,0.32114479253959005,False
train,UAV_0036,telemetry_03,324,,,,0.0,0.0,0.0,False
train,UAV_0036,telemetry_04,324,298.0,-125.91936978437036,-125.87527727747594,0.04409250689441535,1.0333333333339105,0.5483870967740376,False
train,UAV_0036,telemetry_05,324,92.0,-113.52374215991134,-113.52770477694402,-0.003962617032684079,0.8868295031432937,0.536119956335855,False
train,UAV_0036,telemetry_06,324,315.0,-135.35098919447339,-133.74167093715684,1.609318257316545,0.6867985034740622,1.0,False
train,UAV_0036,telemetry_07,324,11.0,140.5912754437698,140.5912754437698,0.0,0.0,0.0,False
train,UAV_0036,telemetry_08,324,,,,0.0,0.0,0.0,False
train,UAV_0036,telemetry_09,324,268.0,-162.4390891362759,-150.36908404924844,12.070005087027454,0.9213388976010926,0.8546196823639471,False
train,UAV_0036,telemetry_10,324,164.0,-63.367778670818325,-61.41562898035073,1.9521496904675928,1.2151027783177797,0.5101116609478056,False
train,UAV_0036,telemetry_11,324,314.0,62.94667030403711,63.127223894225736,0.18055359018862305,0.4333333333333373,0.9511834319526625,False
train,UAV_0036,telemetry_12,324,64.0,639.525175453475,637.3277771263497,-2.1973983271252564,0.532258064516081,1.3636363636364766,False
train,UAV_0036,telemetry_13,324,71.0,7134.47825098802,7127.173290378501,-7.304960609518275,0.9324600342131041,0.016958193863744052,False
train,UAV_0036,telemetry_14,324,,,,0.0,0.0,0.0,False
train,UAV_0036,telemetry_15,324,314.0,49934.85803765642,49902.90917394293,-31.948863713492756,0.3519021739130089,0.9893822393823137,False
train,UAV_0036,telemetry_16,324,142.0,-695.4663570061673,-692.8648959266694,2.6014610794978807,0.5,0.3333333333333333,False
train,UAV_0036,telemetry_17,324,,,,0.0,0.0,0.0,False
train,UAV_0036,telemetry_18,324,61.0,-103.32142661071838,-103.33354104076744,-0.012114430049066982,0.046110240005466555,0.5165091165441719,False
train,UAV_0036,telemetry_19,324,310.0,33506.901369795174,33507.74191648369,0.8405466885160422,0.44847849519267313,1.2063084267074808,False
train,UAV_0036,telemetry_20,324,,,,0.0,0.0,0.0,False
train,UAV_0036,telemetry_21,324,279.0,34962.5279644128,34963.41088697224,0.8829225594381569,0.42857142857294217,1.4166666666625463,False
train,UAV_0036,telemetry_22,324,206.0,22991.467161680273,23122.872046137963,131.40488445769006,0.9876813577881214,1.0376940133037427,False
train,UAV_0036,telemetry_23,324,100.0,-17385.406622002407,-17374.41279260766,10.993829394745262,0.3175375182752349,1.0456784792209226,False
train,UAV_0036,telemetry_24,324,297.0,-3634.4955711169046,-3630.200936847924,4.294634268980644,0.210306817999673,1.043817684451257,False
train,UAV_0036,telemetry_25,324,309.0,-173.88627747523705,-174.509139721344,-0.622862246106962,0.49999999999996575,0.7804878048780721,False
train,UAV_0036,telemetry_26,324,285.0,-7460.125290615248,-7451.083198074226,9.042092541021702,0.19090909090911184,1.42063492063471,False
train,UAV_0036,telemetry_27,324,,,,0.0,0.0,0.0,False
train,UAV_0036,telemetry_28,324,251.0,-9788.115111920644,-9830.759498237008,-42.644386316364034,0.4553661580832365,1.7397171480544205,False
train,UAV_0037,telemetry_01,324,232.0,92.95592409885072,76.16091893784954,-16.79500516100117,1.0324958193872245,0.43826187451269444,False
train,UAV_0037,telemetry_02,324,200.0,5.307923575856298,15.482187066103926,10.174263490247627,0.9930249838514812,0.6145115953266183,False
train,UAV_0037,telemetry_03,324,,,,0.0,0.0,0.0,False
train,UAV_0037,telemetry_04,324,200.0,-125.88096663320425,-125.93714902102136,-0.05618238781710261,1.3166666666679878,0.32911392405069056,False
train,UAV_0037,telemetry_05,324,65.0,-113.528538920172,-113.52281005693874,0.005728863233258608,1.2821135357825177,0.48201513631372955,False
train,UAV_0037,telemetry_06,324,297.0,-140.2584705884772,-141.42256500106532,-1.1640944125881276,0.49679315873863616,1.324905863367392,False
train,UAV_0037,telemetry_07,324,265.0,140.5912754437698,140.67722414279535,0.08594869902555047,2.8695647601215146,1.0,False
train,UAV_0037,telemetry_08,324,,,,0.0,0.0,0.0,False
train,UAV_0037,telemetry_09,324,127.0,-147.03358631042408,-161.75773028519154,-14.724143974767458,1.1239371052471507,0.35355801400099746,False
train,UAV_0037,telemetry_10,324,92.0,-61.836333025118435,-63.2528866515859,-1.4165536264674614,0.8817245191604393,0.5312159382416896,False
train,UAV_0037,telemetry_11,324,308.0,61.886318598343564,61.637923866279344,-0.24839473206422014,0.5961538461538282,1.007526881720479,False
train,UAV_0037,telemetry_12,324,301.0,642.4550398896422,644.8522017010519,2.39716181140966,0.5806451612903404,1.0555555555555187,False
train,UAV_0037,telemetry_13,324,279.0,7132.499550125509,7137.493779512006,4.994229386496954,0.6375009467584439,1.4110651491317927,False
train,UAV_0037,telemetry_14,324,,,,0.0,0.0,0.0,False
train,UAV_0037,telemetry_15,324,313.0,50244.10823584073,50309.455380830026,65.3471449892968,0.7197690217392757,1.0,False
train,UAV_0037,telemetry_16,324,281.0,-696.3335106993333,-699.8021254719972,-3.4686147726639547,0.6666666666666885,1.0,False
train,UAV_0037,telemetry_17,324,,,,0.0,0.0,0.0,False
train,UAV_0037,telemetry_18,324,113.0,-103.15347378737088,-103.06738004408552,0.08609374328536035,0.3276921117855423,1.094073290038415,False
train,UAV_0037,telemetry_19,324,309.0,33508.40205537965,33509.90157412208,1.4995187424283358,0.8000768051382725,1.152878439421156,False
train,UAV_0037,telemetry_20,324,,,,0.0,0.0,0.0,False
train,UAV_0037,telemetry_21,324,315.0,34966.206808410454,34968.04623040928,1.8394219988258556,0.8928571428585304,1.0,False
train,UAV_0037,telemetry_22,324,263.0,23000.790789845785,23117.62750529486,116.83671544907338,0.8781823159047107,1.1720698254364224,False
train,UAV_0037,telemetry_23,324,312.0,-17460.44039314206,-17484.480573153734,-24.040180011674238,0.6943585192840647,1.0544599774978956,False
train,UAV_0037,telemetry_24,324,313.0,-3716.67163133496,-3733.4877020301974,-16.816070695237613,0.8234774133659553,1.0921088657956308,False
train,UAV_0037,telemetry_25,324,309.0,-173.41533285013173,-174.0685786204391,-0.6532457703073646,0.5243902439024538,1.0465116279069382,False
train,UAV_0037,telemetry_26,324,314.0,-7624.102921220268,-7658.9078012392765,-34.804880019008124,0.7348484848484813,1.059793814433009,False
train,UAV_0037,telemetry_27,324,,,,0.0,0.0,0.0,False
train,UAV_0037,telemetry_28,324,314.0,-9834.232346787281,-9890.003414535295,-55.77106774801359,0.5955357562002829,1.021704985674811,False
train,UAV_0038,telemetry_01,201,11.0,79.71216976915946,95.46970223424933,15.757532465089866,0.9687157722250977,0.44191891681006223,False
train,UAV_0038,telemetry_02,201,44.0,18.52672928086495,3.7630598858185653,-14.763669395046383,1.4409586086164672,0.540361039103286,False
train,UAV_0038,telemetry_03,201,,,,0.0,0.0,0.0,False
train,UAV_0038,telemetry_04,201,16.0,-125.86958792174764,-125.91510276757415,-0.0455148458265171,1.0666666666678213,0.5624999999997659,False
train,UAV_0038,telemetry_05,201,65.0,-113.52631862899597,-113.52274431112245,0.0035743178735145875,0.7999285617813195,0.14350317024831852,False
train,UAV_0038,telemetry_06,201,143.0,-139.57153590821406,-140.53399589323178,-0.9624599850177162,0.4107429182255386,1.9440468445022943,False
train,UAV_0038,telemetry_07,201,144.0,140.5912754437698,140.67722414279535,0.08594869902555047,2.8695647601215146,1.0,False
train,UAV_0038,telemetry_08,201,,,,0.0,0.0,0.0,False
train,UAV_0038,telemetry_09,201,15.0,-160.3409603546661,-148.88036321825712,11.460597136408978,0.8748210009337893,0.7534158902335482,False
train,UAV_0038,telemetry_10,201,51.0,-61.58522121259073,-63.31623200033475,-1.7310107877440188,1.0774563179025451,0.4674578385556677,False
train,UAV_0038,telemetry_11,201,188.0,61.95148882912171,61.63632131962086,-0.3151675095008457,0.756410256410251,1.0483050847457596,False
train,UAV_0038,telemetry_12,201,170.0,641.4562224682217,643.7867964515365,2.330573983314821,0.5645161290322447,1.342857142857129,False
train,UAV_0038,telemetry_13,201,177.0,7135.6366405682475,7139.3911242236245,3.7544836553770438,0.4792504908491608,1.2182594025851095,False
train,UAV_0038,telemetry_14,201,,,,0.0,0.0,0.0,False
train,UAV_0038,telemetry_15,201,191.0,50218.51213846409,50304.767902756226,86.25576429213834,0.9500679347826861,1.0157311405076583,False
train,UAV_0038,telemetry_16,201,189.0,-698.9349717788311,-701.5364328583291,-2.6014610794979944,0.5000000000000219,1.0,False
train,UAV_0038,telemetry_17,201,,,,0.0,0.0,0.0,False
train,UAV_0038,telemetry_18,201,79.0,-103.24199341301579,-103.32939383733,-0.08740042431421102,0.33266563308261193,0.9234109255587651,False
train,UAV_0038,telemetry_19,201,191.0,33509.21371165849,33511.162994287595,1.9492826291025267,1.0400509003830714,1.0010437529496587,False
train,UAV_0038,telemetry_20,201,,,,0.0,0.0,0.0,False
train,UAV_0038,telemetry_21,201,191.0,34966.05965465055,34968.193384169186,2.1337295186385745,1.0357142857161776,1.0344827586224534,False
train,UAV_0038,telemetry_22,201,168.0,23057.533808134333,23181.2904038625,123.75659572816585,0.9301943607993274,1.061801059446724,False
train,UAV_0038,telemetry_23,201,190.0,-17446.353548891282,-17486.306742487664,-39.953193596382334,1.153978062260008,1.0199222367781613,False
train,UAV_0038,telemetry_24,201,189.0,-3713.7483009211574,-3736.3912604897005,-22.64295956854312,1.1088182319389521,1.1352676602761569,False
train,UAV_0038,telemetry_25,201,187.0,-173.23303170492972,-174.09896214463944,-0.8659304397097287,0.6951219512195047,1.0877192982456105,False
train,UAV_0038,telemetry_26,201,192.0,-7622.2370926006915,-7666.6581662744375,-44.42107367374592,0.9378787878788158,1.0,False
train,UAV_0038,telemetry_27,201,,,,0.0,0.0,0.0,False
train,UAV_0038,telemetry_28,201,172.0,-9769.615096204445,-9828.259587531942,-58.644491327497235,0.6262188066310767,1.5421720476270824,False
train,UAV_0039,telemetry_01,288,170.0,97.686658038793,80.6314029676858,-17.055255071107197,1.0484950371072834,0.6743684339523585,False
train,UAV_0039,telemetry_02,288,143.0,8.833574960529063,17.267214533232185,8.433639572703122,0.8231372038398919,0.39898469338353015,False
train,UAV_0039,telemetry_03,288,,,,0.0,0.0,0.0,False
train,UAV_0039,telemetry_04,288,164.0,-125.92648147903076,-125.86958792174764,0.05689355728311796,1.3333333333341104,0.6000000000000499,False
train,UAV_0039,telemetry_05,288,192.0,-113.52892498064648,-113.52413695609016,0.004788024556319215,1.0715548344176777,0.8246294319420845,False
train,UAV_0039,telemetry_06,288,254.0,-140.83018559584295,-141.91600577412578,-1.0858201782828303,0.46338856226615466,1.299884659746307,False
train,UAV_0039,telemetry_07,288,224.0,140.5912754437698,140.67722414279535,0.08594869902555047,2.8695647601215146,1.0,False
train,UAV_0039,telemetry_08,288,,,,0.0,0.0,0.0,False
train,UAV_0039,telemetry_09,288,240.0,-159.02277881393786,-147.96307146099926,11.059707352938602,0.8442199076866034,0.5027525429119766,False
train,UAV_0039,telemetry_10,288,51.0,-61.76326957057381,-63.39229675545788,-1.629027184884066,1.0139772928138986,0.5087707918001149,False
train,UAV_0039,telemetry_11,288,273.0,61.919972078171625,61.711373921459625,-0.2085981567120001,0.5006410256410213,1.0537772087067936,False
train,UAV_0039,telemetry_12,288,262.0,642.9877425143999,645.1851408415254,2.1973983271254838,0.5322580645161361,1.1818181818181677,False
train,UAV_0039,telemetry_13,288,259.0,7134.454482793793,7140.112898515536,5.658415721742131,0.722282678788541,1.221743509154172,False
train,UAV_0039,telemetry_14,288,,,,0.0,0.0,0.0,False
train,UAV_0039,telemetry_15,288,273.0,50214.16388577721,50276.30380892653,62.13992314931966,0.6844429347826185,1.4054590570720151,False
train,UAV_0039,telemetry_16,288,272.0,-698.0678180856652,-701.5364328583291,-3.4686147726639547,0.6666666666666885,1.0,False
train,UAV_0039,telemetry_17,288,,,,0.0,0.0,0.0,False
train,UAV_0039,telemetry_18,288,260.0,-103.24570984991183,-103.3270160536944,-0.08130620378256026,0.30946966181343105,1.020068666878243,False
train,UAV_0039,telemetry_19,288,279.0,33509.74929937757,33511.3775145113,1.6282151337363757,0.8687435011102186,1.0,False
train,UAV_0039,telemetry_20,288,,,,0.0,0.0,0.0,False
train,UAV_0039,telemetry_21,288,277.0,34966.42753905032,34968.26696104914,1.8394219988258556,0.8928571428585304,1.0,False
train,UAV_0039,telemetry_22,288,246.0,23046.3163179977,23163.153033446775,116.83671544907702,0.878182315904738,1.2699501246882625,False
train,UAV_0039,telemetry_23,288,276.0,-17453.275466949664,-17480.01714455806,-26.74167760839555,0.7723865486165385,1.052945486693134,False
train,UAV_0039,telemetry_24,288,278.0,-3720.4312188315716,-3741.48874848209,-21.057529650518518,1.0311802538625612,1.004542742821082,False
train,UAV_0039,telemetry_25,288,250.0,-172.56459417252222,-173.17226465652902,-0.6076704840068032,0.487804878048756,1.7000000000000375,False
train,UAV_0039,telemetry_26,288,278.0,-7633.64735223579,-7669.528671843015,-35.88131960722512,0.7575757575757593,1.0779999999999976,False
train,UAV_0039,telemetry_27,288,,,,0.0,0.0,0.0,False
train,UAV_0039,telemetry_28,288,268.0,-9803.644333039087,-9850.926424868772,-47.28209182968567,0.504888599941248,1.305631372227731,False
train,UAV_0040,telemetry_01,188,165.0,97.23604917727569,79.11832699576797,-18.117722181507716,1.1138116499459763,0.8908309125529451,False
train,UAV_0040,telemetry_02,188,44.0,7.415847969892063,15.720857443279318,8.305009473387255,0.8105826928997741,0.4162619017384798,False
train,UAV_0040,telemetry_03,188,,,,0.0,0.0,0.0,False
train,UAV_0040,telemetry_04,188,170.0,-125.85963154922308,-125.90372405611753,-0.04409250689444377,1.0333333333345767,1.0,False
train,UAV_0040,telemetry_05,188,150.0,-113.52807447786054,-113.52332757319732,0.004746904663221585,1.0623522458091148,0.44396878052128486,False
train,UAV_0040,telemetry_06,188,176.0,-135.02161121651676,-134.19002575125748,0.8315854652592805,0.35489043292355865,0.9939759036144572,False
train,UAV_0040,telemetry_07,188,11.0,140.5912754437698,140.5912754437698,0.0,0.0,0.0,False
train,UAV_0040,telemetry_08,188,,,,0.0,0.0,0.0,False
train,UAV_0040,telemetry_09,188,88.0,-157.67641423148564,-144.17717366186116,13.499240569624476,1.0304366348807215,0.4606648328176337,False
train,UAV_0040,telemetry_10,188,179.0,-61.08710581525139,-62.7661310848511,-1.6790252695997054,1.0450982729032836,1.0,False
train,UAV_0040,telemetry_11,188,166.0,62.88604062212466,63.0350774613632,0.1490368392385406,0.35769230769231736,0.8494623655913824,False
train,UAV_0040,telemetry_12,188,138.0,634.7974396587506,632.5334535035306,-2.263986155219982,0.5483870967741491,1.0,False
train,UAV_0040,telemetry_13,188,17.0,7131.56812213034,7138.282394428506,6.714272298166179,0.8570601419405873,1.070001676985333,False
train,UAV_0040,telemetry_14,188,,,,0.0,0.0,0.0,False
train,UAV_0040,telemetry_15,188,165.0,49953.607949951605,49917.03328550739,-36.5746644442188,0.4028532608696134,1.0699831365935208,False
train,UAV_0040,telemetry_16,188,77.0,-695.4663570061673,-698.0678180856652,-2.6014610794978807,0.5,1.0,False
train,UAV_0040,telemetry_17,188,,,,0.0,0.0,0.0,False
train,UAV_0040,telemetry_18,188,32.0,-103.33170760673823,-103.32562583678728,0.006081769950952776,0.023148581564352264,0.5942859759312986,False
train,UAV_0040,telemetry_19,188,161.0,33505.89179815643,33506.880921443255,0.9891232868249062,0.5277523893627218,1.351156880547263,False
train,UAV_0040,telemetry_20,188,,,,0.0,0.0,0.0,False
train,UAV_0040,telemetry_21,188,177.0,34963.778771372,34964.58811705149,0.8093456794886151,0.3928571428602962,1.0,False
train,UAV_0040,telemetry_22,188,156.0,23090.894915164055,23191.05107709827,100.15616193421374,0.7528059129482539,1.0087272727272858,False
train,UAV_0040,telemetry_23,188,155.0,-17372.837628785546,-17360.642960423047,12.194668362499215,0.3522216498891965,1.2141008828236193,False
train,UAV_0040,telemetry_24,188,161.0,-3637.983322474248,-3631.1690064507693,6.814316023478568,0.33369479913411026,1.107328862767175,False
train,UAV_0040,telemetry_25,188,42.0,-172.21518364421829,-172.62536122092288,-0.41017757670459787,0.32926829268291485,2.1111111111110956,False
train,UAV_0040,telemetry_26,188,164.0,-7454.025466282021,-7446.633914442931,7.391551839089516,0.1560606060606305,1.3009708737864054,False
train,UAV_0040,telemetry_27,188,,,,0.0,0.0,0.0,False
train,UAV_0040,telemetry_28,188,161.0,-9853.787829178185,-9899.749089745736,-45.9612605675502,0.49078447254560853,1.231406402672464,False
train,UAV_0041,telemetry_01,295,187.0,79.87880887211526,96.16526389733944,16.286455025224186,1.0012320070748713,0.5025185715245005,False
train,UAV_0041,telemetry_02,295,215.0,5.626253557418484,18.453775160969414,12.827521603550931,1.2519873743618433,0.44223117586114746,False
train,UAV_0041,telemetry_03,295,,,,0.0,0.0,0.0,False
train,UAV_0041,telemetry_04,295,51.0,-125.87314376907784,-125.91510276757415,-0.04195899849631246,0.9833333333342104,0.5254237288132149,False
train,UAV_0041,telemetry_05,295,135.0,-113.52714517848187,-113.5224224989031,0.004722679578776479,1.0569306975179578,0.48759049533770604,False
train,UAV_0041,telemetry_06,295,177.0,-138.81822467726005,-140.0580885486557,-1.2398638713956416,0.5291288081239923,1.5530303030302814,False
train,UAV_0041,telemetry_07,295,217.0,140.5912754437698,140.67722414279535,0.08594869902555047,2.8695647601215146,1.0,False
train,UAV_0041,telemetry_08,295,,,,0.0,0.0,0.0,False
train,UAV_0041,telemetry_09,295,150.0,-148.4845881101788,-160.9481104426848,-12.463522332505988,0.9513772233948311,0.5356088487947274,False
train,UAV_0041,telemetry_10,295,95.0,-63.19551051788629,-61.81687108413523,1.3786394337510615,0.8581250784350006,0.5399939418683769,False
train,UAV_0041,telemetry_11,295,271.0,61.93412790698819,61.692410452667616,-0.2417174543205718,0.5801282051282199,1.1779005524861572,False
train,UAV_0041,telemetry_12,295,19.0,637.7938919230127,639.6583511096644,1.864459186651743,0.45161290322576825,1.464285714285734,False
train,UAV_0041,telemetry_13,295,213.0,7131.8760924457365,7136.308793752683,4.43270130694691,0.5658232854735076,1.4991336608337127,False
train,UAV_0041,telemetry_14,295,,,,0.0,0.0,0.0,False
train,UAV_0041,telemetry_15,295,286.0,50260.85363448593,50327.095100949824,66.24146646389272,0.7296195652174303,1.0,False
train,UAV_0041,telemetry_16,295,253.0,-696.3335106993333,-699.8021254719972,-3.4686147726639547,0.6666666666666885,1.0,False
train,UAV_0041,telemetry_17,295,,,,0.0,0.0,0.0,False
train,UAV_0041,telemetry_18,295,16.0,-103.150111811519,-103.160475523974,-0.010363712455003338,0.03944661587151195,0.30658357071255693,False
train,UAV_0041,telemetry_19,295,274.0,33508.35324735295,33509.55972065278,1.2064732998333056,0.6437207324611963,1.5166834937679077,False
train,UAV_0041,telemetry_20,295,,,,0.0,0.0,0.0,False
train,UAV_0041,telemetry_21,295,273.0,34965.250308971066,34966.50111593027,1.2508069592004176,0.6071428571432356,1.3529411764716148,False
train,UAV_0041,telemetry_22,295,24.0,23030.364172933267,22929.33392085854,-101.0302520747282,0.7593758554612394,0.06272530641669671,False
train,UAV_0041,telemetry_23,295,266.0,-17437.88722854229,-17460.341763661734,-22.45453511944288,0.6485599421126191,1.4370883319171441,False
train,UAV_0041,telemetry_24,295,283.0,-3722.4093334924682,-3738.8286957342216,-16.419362241753333,0.8040507317673723,1.0501760616347364,False
train,UAV_0041,telemetry_25,295,233.0,-172.07845778531674,-172.74689531772424,-0.6684375324074949,0.5365853658536407,1.8636363636363829,False
train,UAV_0041,telemetry_26,295,281.0,-7624.748784973197,-7656.754922062843,-32.00613708964647,0.6757575757576124,1.159192825112073,False
train,UAV_0041,telemetry_27,295,,,,0.0,0.0,0.0,False
train,UAV_0041,telemetry_28,295,254.0,-9766.239000080383,-9829.389641356789,-63.15064127640653,0.674336469170739,1.3393394789325064,False
train,UAV_0042,telemetry_01,193,61.0,79.05561241079059,100.32107243018682,21.26546001939623,1.3073231211834837,0.4160932847709039,False
train,UAV_0042,telemetry_02,193,61.0,5.325837937230437,14.860048233573306,9.534210296342868,0.9305547310267341,0.5923296203752074,False
train,UAV_0042,telemetry_03,193,,,,0.0,0.0,0.0,False
train,UAV_0042,telemetry_04,193,143.0,-125.86674324388349,-125.90230171718545,-0.03555847330196116,0.8333333333341104,0.8399999999993766,False
train,UAV_0042,telemetry_05,193,169.0,-113.52677058438158,-113.52283347991252,0.003937104469059705,0.8811198183727745,0.22988058948880807,False
train,UAV_0042,telemetry_06,193,155.0,-138.7537267081925,-140.29416363932043,-1.5404369311279424,0.6574024585783038,1.4682926829268041,False
train,UAV_0042,telemetry_07,193,161.0,140.5912754437698,140.67722414279535,0.08594869902555047,2.8695647601215146,1.0,False
train,UAV_0042,telemetry_08,193,,,,0.0,0.0,0.0,False
train,UAV_0042,telemetry_09,193,97.0,-157.48437166171175,-144.78693597702036,12.697435684691385,0.9692325157897198,0.5368696157911135,False
train,UAV_0042,telemetry_10,193,72.0,-63.22659111815277,-61.77465196927527,1.4519391488775,0.9037500056293406,0.5776014500927473,False
train,UAV_0042,telemetry_11,193,184.0,61.85213093629602,61.628041495218724,-0.22408944107729667,0.53782051282051,1.0,False
train,UAV_0042,telemetry_12,193,184.0,642.255276405358,645.7844312943778,3.5291548890197646,0.8548387096774425,1.0,False
train,UAV_0042,telemetry_13,193,161.0,7131.40295284371,7136.889708499824,5.486755656113928,0.7003706988033056,1.2800901925573254,False
train,UAV_0042,telemetry_14,193,,,,0.0,0.0,0.0,False
train,UAV_0042,telemetry_15,193,182.0,50170.77387492307,50269.76601056045,98.99213563738158,1.0903532608696234,1.0507788161994014,False
train,UAV_0042,telemetry_16,193,169.0,-694.5992033130013,-698.0678180856652,-3.468614772663841,0.6666666666666666,1.5000000000000329,False
train,UAV_0042,telemetry_17,193,,,,0.0,0.0,0.0,False
train,UAV_0042,telemetry_18,193,56.0,-102.98073507366249,-102.89992244676654,0.08081262689594837,0.3075909973933432,0.007968510850741071,False
train,UAV_0042,telemetry_19,193,68.0,33495.2375547846,33502.84820297449,7.610648189889616,4.060704889181649,1.1472660756626647,True
train,UAV_0042,telemetry_20,193,,,,0.0,0.0,0.0,False
train,UAV_0042,telemetry_21,193,68.0,34950.75566362032,34959.069851055014,8.31418743469112,4.03571428571971,1.1858407079654458,True
train,UAV_0042,telemetry_22,193,94.0,22887.814639183995,22983.308987035445,95.49434785145058,0.7177662195455188,1.46605644546155,False
train,UAV_0042,telemetry_23,193,176.0,-17418.328809380768,-17451.854028403362,-33.52521902259468,0.9683172683356962,1.25776956623567,False
train,UAV_0042,telemetry_24,193,184.0,-3705.104254753798,-3729.4838913512394,-24.379636597441277,1.1938627309498977,1.0,False
train,UAV_0042,telemetry_25,193,174.0,-172.47344359992118,-173.40014108803157,-0.926697488110392,0.7439024390243666,1.295081967213103,False
train,UAV_0042,telemetry_26,193,180.0,-7578.03130684459,-7623.600582745767,-45.5692759011763,0.9621212121212226,1.222047244094493,False
train,UAV_0042,telemetry_27,193,,,,0.0,0.0,0.0,False
train,UAV_0042,telemetry_28,193,168.0,-9761.605958617482,-9823.013908456407,-61.40794983892556,0.6557276258232677,1.2013371510244217,False
train,UAV_0043,telemetry_01,321,199.0,75.7272726829301,93.66264879855342,17.935376115623313,1.1026016771652276,0.6365924244823564,False
train,UAV_0043,telemetry_02,321,82.0,14.589571292486497,4.244284400184016,-10.34528689230248,1.00971715141983,0.41782293394006115,False
train,UAV_0043,telemetry_03,321,,,,0.0,0.0,0.0,False
train,UAV_0043,telemetry_04,321,268.0,-125.88452248053443,-125.9236368011666,-0.0391143206321658,0.9166666666677213,0.6727272727277945,False
train,UAV_0043,telemetry_05,321,221.0,-113.52413944672743,-113.52855845402792,-0.004419007300484168,0.9889691626395929,0.5835377114197725,False
train,UAV_0043,telemetry_06,321,312.0,-141.94794166172238,-143.46019986850035,-1.5122582067779717,0.6453768038481833,1.0,False
train,UAV_0043,telemetry_07,321,241.0,140.5912754437698,140.67722414279535,0.08594869902555047,2.8695647601215146,1.0,False
train,UAV_0043,telemetry_08,321,,,,0.0,0.0,0.0,False
train,UAV_0043,telemetry_09,321,285.0,-160.8627866746741,-146.5517552948747,14.311031379799402,1.0924030089407561,0.7642396861277453,False
train,UAV_0043,telemetry_10,321,36.0,-61.87247812267697,-63.68175225323538,-1.8092741305584141,1.1261708226142355,0.2974110637038682,False
train,UAV_0043,telemetry_11,321,285.0,62.02413761097275,61.85426766517399,-0.1698699457987587,0.4076923076922994,1.4764150943396999,False
train,UAV_0043,telemetry_12,321,170.0,641.1898711558426,638.9258850006225,-2.2639861552200955,0.5483870967741766,0.17647058823533843,False
train,UAV_0043,telemetry_13,321,221.0,7129.894537042497,7135.050658744585,5.156121702088058,0.6581660977707878,1.2323957731027309,False
train,UAV_0043,telemetry_14,321,,,,0.0,0.0,0.0,False
train,UAV_0043,telemetry_15,321,306.0,50222.95290716558,50285.30870101567,62.35579385008896,0.6868206521739497,1.1745796241344815,False
train,UAV_0043,telemetry_16,321,294.0,-698.0678180856652,-700.6692791651632,-2.6014610794979944,0.5000000000000219,1.0,False
train,UAV_0043,telemetry_17,321,,,,0.0,0.0,0.0,False
train,UAV_0043,telemetry_18,321,305.0,-103.23940729555079,-103.32593019907034,-0.08652290351955116,0.32932559196737426,0.9591242699813243,False
train,UAV_0043,telemetry_19,321,312.0,33509.79463456939,33511.23522238293,1.4405878135366947,0.7686338708304952,1.0,False
train,UAV_0043,telemetry_20,321,,,,0.0,0.0,0.0,False
train,UAV_0043,telemetry_21,321,301.0,34965.47103961092,34966.86900033003,1.397960719106777,0.6785714285720592,1.1578947368399137,False
train,UAV_0043,telemetry_22,321,294.0,23112.16444191663,23189.812782732537,77.64834081590743,0.583629893238433,1.4024390243902147,False
train,UAV_0043,telemetry_23,321,312.0,-17458.049743114083,-17481.260619545545,-23.210876431461656,0.6704055369971704,1.0,False
train,UAV_0043,telemetry_24,321,308.0,-3718.2202684236986,-3736.1338982309676,-17.91362980726899,0.8772245196294771,1.1290014666890886,False
train,UAV_0043,telemetry_25,321,309.0,-173.4001410880316,-174.09896214463942,-0.6988210566078124,0.5609756097560603,1.1956521739131036,False
train,UAV_0043,telemetry_26,321,312.0,-7639.029550176873,-7666.729928913652,-27.700378736778475,0.5848484848485006,1.0,False
train,UAV_0043,telemetry_27,321,,,,0.0,0.0,0.0,False
train,UAV_0043,telemetry_28,321,304.0,-9833.295943111782,-9878.068933864866,-44.77299075308474,0.47809586551149164,1.0334282233788874,False
train,UAV_0044,telemetry_01,180,130.0,100.49691799981002,79.07776465238311,-21.419153347426914,1.316771627875692,0.5972751276819612,False
train,UAV_0044,telemetry_02,180,25.0,7.880705122923425,15.467321871420827,7.586616748497402,0.740466371977226,0.5517166866462839,False
train,UAV_0044,telemetry_03,180,,,,0.0,0.0,0.0,False
train,UAV_0044,telemetry_04,180,37.0,-125.91296925917601,-125.86816558281556,0.04480367636044491,1.0500000000003664,0.4920634920637539,False
train,UAV_0044,telemetry_05,180,77.0,-113.52277176321535,-113.52671551744282,-0.00394375422747828,0.8826080272775785,0.7713382412548444,False
train,UAV_0044,telemetry_06,180,84.0,-136.98660759451653,-135.94649956906795,1.0401080254485748,0.4438802779262418,1.287176399759212,False
train,UAV_0044,telemetry_07,180,11.0,140.5912754437698,140.5912754437698,0.0,0.0,0.0,False
train,UAV_0044,telemetry_08,180,,,,0.0,0.0,0.0,False
train,UAV_0044,telemetry_09,180,98.0,-147.7652477349027,-161.8379213953499,-14.072673660447208,1.0742084649617574,0.34357590927251236,False
train,UAV_0044,telemetry_10,180,99.0,-61.8937130534078,-63.22670491956835,-1.3329918661605475,0.8297120492121256,0.7743997073850969,False
train,UAV_0044,telemetry_11,180,42.0,62.60105440802516,62.798167647018076,0.19711323899291244,0.47307692307694515,1.126016260162545,False
train,UAV_0044,telemetry_12,180,104.0,635.7962570801711,633.8652100654247,-1.9310470147464684,0.4677419354838363,1.4827586206896795,False
train,UAV_0044,telemetry_13,180,146.0,7139.974460498341,7144.353809812639,4.379349314298452,0.5590130364455392,1.0599513698894099,False
train,UAV_0044,telemetry_14,180,,,,0.0,0.0,0.0,False
train,UAV_0044,telemetry_15,180,70.0,50002.641437697224,49974.39321456829,-28.248223128932295,0.31114130434794957,1.6713973799121755,False
train,UAV_0044,telemetry_16,180,112.0,-696.3335106993333,-698.9349717788311,-2.6014610794978807,0.5,1.333333333333377,False
train,UAV_0044,telemetry_17,180,,,,0.0,0.0,0.0,False
train,UAV_0044,telemetry_18,180,76.0,-103.32360980189276,-103.33068501751669,-0.007075215623927988,0.026929858787279257,0.6645325677961603,False
train,UAV_0044,telemetry_19,180,171.0,33507.3327103281,33508.0183171143,0.6856067862026975,0.3658094237607626,1.0,False
train,UAV_0044,telemetry_20,180,,,,0.0,0.0,0.0,False
train,UAV_0044,telemetry_21,180,151.0,34963.19015633238,34964.073078891815,0.8829225594381569,0.42857142857294217,1.0833333333374537,False
train,UAV_0044,telemetry_22,180,136.0,23121.488070082145,23181.217563017453,59.72949293530837,0.4489460717218336,1.0329268292683145,False
train,UAV_0044,telemetry_23,180,161.0,-17364.459591197327,-17353.90223806492,10.557353132408025,0.30493066545333625,1.0715297442372576,False
train,UAV_0044,telemetry_24,180,160.0,-3633.98569755587,-3628.6280060252298,5.357691530640295,0.26236438007565205,0.9642933946790547,False
train,UAV_0044,telemetry_25,180,55.0,-172.54940241042203,-172.98996351132698,-0.4405611009049437,0.35365853658535723,1.413793103448278,False
train,UAV_0044,telemetry_26,180,143.0,-7455.245431148665,-7448.786793619365,6.4586375293001765,0.1363636363636294,1.3333333333334272,False
train,UAV_0044,telemetry_27,180,,,,0.0,0.0,0.0,False
train,UAV_0044,telemetry_28,180,86.0,-9804.526058868989,-9842.112700464724,-37.58664159573527,0.4013584449715413,1.7075484338562201,False
train,UAV_0045,telemetry_01,205,71.0,88.10333325138728,71.68299916722293,-16.420334084164352,1.0094624045849712,0.06247706576629494,False
train,UAV_0045,telemetry_02,205,100.0,14.530324227264451,4.90917145093557,-9.62115277632888,0.9390404612092553,0.4092576146341595,False
train,UAV_0045,telemetry_03,205,,,,0.0,0.0,0.0,False
train,UAV_0045,telemetry_04,205,94.0,-125.91154692024395,-125.87243259961178,0.0391143206321658,0.9166666666677213,0.4181818181818578,False
train,UAV_0045,telemetry_05,205,101.0,-113.52852558018445,-113.52407189722811,0.004453682956338412,0.9967295377651086,0.7739316482339309,False
train,UAV_0045,telemetry_06,205,180.0,-140.52898634223627,-141.77135498912966,-1.2423686468933965,0.5301977552111055,1.0751008064516054,False
train,UAV_0045,telemetry_07,205,164.0,140.5912754437698,140.67722414279535,0.08594869902555047,2.8695647601215146,1.0,False
train,UAV_0045,telemetry_08,205,,,,0.0,0.0,0.0,False
train,UAV_0045,telemetry_09,205,126.0,-147.4565976721804,-159.1047578875967,-11.648160215416283,0.889138241000986,0.4848203242521336,False
train,UAV_0045,telemetry_10,205,99.0,-63.78191887519824,-61.76563507190284,2.0162838032953943,1.2550226364426662,0.654749073809326,False
train,UAV_0045,telemetry_11,205,196.0,61.83396874083326,61.60774257087799,-0.22622616995526812,0.5429487179487141,1.0,False
train,UAV_0045,telemetry_12,205,57.0,636.8616623296866,639.258824141096,2.3971618114094326,0.5806451612902853,1.1944444444444997,False
train,UAV_0045,telemetry_13,205,192.0,7135.884410398228,7143.431095765813,7.5466853675843595,0.9633155977438319,1.0143256165144923,False
train,UAV_0045,telemetry_14,205,,,,0.0,0.0,0.0,False
train,UAV_0045,telemetry_15,205,196.0,50209.969826448025,50286.91231193565,76.94248548762698,0.847486413043577,1.0,False
train,UAV_0045,telemetry_16,205,196.0,-698.0678180856652,-702.4035865514951,-4.335768465829915,0.8333333333333551,1.0,False
train,UAV_0045,telemetry_17,205,,,,0.0,0.0,0.0,False
train,UAV_0045,telemetry_18,205,170.0,-103.0646791313061,-103.15425062439428,-0.08957149308818657,0.3409292081605081,1.0067574347659225,False
train,UAV_0045,telemetry_19,205,196.0,33508.58629568937,33510.33903593543,1.752740246061876,0.9351845873133356,1.0,False
train,UAV_0045,telemetry_20,205,,,,0.0,0.0,0.0,False
train,UAV_0045,telemetry_21,205,196.0,34965.250308971066,34966.942577209986,1.692268238919496,0.8214285714297066,1.0,False
train,UAV_0045,telemetry_22,205,175.0,23058.407898274847,23161.769057390957,103.36115911610977,0.7768957021626071,1.1000704721635395,False
train,UAV_0045,telemetry_23,205,193.0,-17442.204516452723,-17474.112114397678,-31.90759794495534,0.9215951150204172,1.0013358999075836,False
train,UAV_0045,telemetry_24,205,194.0,-3706.7352244361846,-3728.4243821001646,-21.68915766398004,1.0621108685204832,1.0797316666998455,False
train,UAV_0045,telemetry_25,205,193.0,-172.92919646292628,-174.03819509623875,-1.108998633312467,0.8902439024390207,1.0136986301369755,False
train,UAV_0045,telemetry_26,205,196.0,-7604.655245993151,-7655.750245113841,-51.09499912068986,1.0787878787879084,1.0,False
train,UAV_0045,telemetry_27,205,,,,0.0,0.0,0.0,False
train,UAV_0045,telemetry_28,205,194.0,-9831.974630709521,-9896.226807074929,-64.25217636540765,0.6860989036855917,1.0108708010500604,False
train,UAV_0046,telemetry_01,204,53.0,75.57422900768273,93.49889041598746,17.92466140830473,1.1019429759379078,0.5821697791478122,False
train,UAV_0046,telemetry_02,204,74.0,8.393881176311183,16.05967441987291,7.665793243561726,0.7481941291567046,0.4874638969876769,False
train,UAV_0046,telemetry_03,204,,,,0.0,0.0,0.0,False
train,UAV_0046,telemetry_04,204,46.0,-125.87243259961181,-125.91652510650621,-0.04409250689440114,1.0333333333335775,0.5483870967738921,False
train,UAV_0046,telemetry_05,204,164.0,-113.52854033266621,-113.52404747627978,0.004492856386434596,1.0054965100114996,0.5686804089097544,False
train,UAV_0046,telemetry_06,204,189.0,-141.1050847067231,-142.59041657690008,-1.4853318701769922,0.6338856226616679,1.1500843170320438,False
train,UAV_0046,telemetry_07,204,161.0,140.5912754437698,140.67722414279535,0.08594869902555047,2.8695647601215146,1.0,False
train,UAV_0046,telemetry_08,204,,,,0.0,0.0,0.0,False
train,UAV_0046,telemetry_09,204,166.0,-145.54951077010617,-157.3371071906269,-11.787596420520742,0.8997818155952252,0.4402369355760561,False
train,UAV_0046,telemetry_10,204,119.0,-62.83160155898358,-61.01874890003231,1.8128526589512717,1.1283982541547997,0.47073500422880105,False
train,UAV_0046,telemetry_11,204,146.0,62.42557554892173,62.17771499907698,-0.24786054984474504,0.5948717948718197,1.767241379310312,False
train,UAV_0046,telemetry_12,204,185.0,642.4550398896423,644.8522017010519,2.3971618114095463,0.5806451612903129,1.2499999999999645,False
train,UAV_0046,telemetry_13,204,128.0,7126.795243833182,7132.786860618757,5.991616785574479,0.7648149649963708,1.2139072870976588,False
train,UAV_0046,telemetry_14,204,,,,0.0,0.0,0.0,False
train,UAV_0046,telemetry_15,204,193.0,50187.4575962252,50271.09207343659,83.63447721139528,0.9211956521739623,1.0464601769911503,False
train,UAV_0046,telemetry_16,204,192.0,-698.0678180856652,-701.5364328583291,-3.4686147726639547,0.6666666666666885,1.0,False
train,UAV_0046,telemetry_17,204,,,,0.0,0.0,0.0,False
train,UAV_0046,telemetry_18,204,55.0,-103.24533880015153,-103.23731061599923,0.00802818415229467,0.03055707091221354,0.6023913874853515,False
train,UAV_0046,telemetry_19,204,194.0,33508.74076642942,33510.376325131045,1.635558701622358,0.8726617037750403,1.005047313440604,False
train,UAV_0046,telemetry_20,204,,,,0.0,0.0,0.0,False
train,UAV_0046,telemetry_21,204,195.0,34965.54461649088,34967.457615369654,1.9129988787753973,0.9285714285711762,1.0,False
train,UAV_0046,telemetry_22,204,23.0,22890.728272985718,22990.665912384797,99.93763939907876,0.7511634273199597,1.0422740524782004,False
train,UAV_0046,telemetry_23,204,195.0,-17449.678540547768,-17479.42290152918,-29.744360981410864,0.8591138018963942,1.0,False
train,UAV_0046,telemetry_24,204,195.0,-3717.148897054645,-3738.936643476066,-21.787746421420707,1.066938727325049,1.0,False
train,UAV_0046,telemetry_25,204,180.0,-172.62536122092288,-173.44571637433208,-0.8203551534091957,0.6585365853658297,1.2592592592592695,False
train,UAV_0046,telemetry_26,204,188.0,-7586.284010354252,-7631.494473059356,-45.210462705103964,0.9545454545454632,1.2555555555555677,False
train,UAV_0046,telemetry_27,204,,,,0.0,0.0,0.0,False
train,UAV_0046,telemetry_28,204,186.0,-9790.973415227818,-9855.627557875414,-64.65414264759602,0.6903911882606633,1.139321803765745,False
train,UAV_0047,telemetry_01,269,42.0,73.71877870270606,94.21789820124066,20.499119498534597,1.2602112938019734,0.6270541231231531,False
train,UAV_0047,telemetry_02,269,40.0,18.842188043353886,3.510039794988243,-15.332148248365643,1.4964430871419518,0.49568288846200637,False
train,UAV_0047,telemetry_03,269,,,,0.0,0.0,0.0,False
train,UAV_0047,telemetry_04,269,101.0,-125.87598844694199,-125.91936978437036,-0.04338133742837158,1.0166666666671218,0.5737704918036224,False
train,UAV_0047,telemetry_05,269,181.0,-113.52548845794219,-113.52947758394006,-0.003989125997875931,0.8927621815313459,0.29638843055839487,False
train,UAV_0047,telemetry_06,269,159.0,-138.08620403803707,-137.0191696759875,1.0670343620495544,0.45537145911275717,1.4377934272300337,False
train,UAV_0047,telemetry_07,269,11.0,140.5912754437698,140.5912754437698,0.0,0.0,0.0,False
train,UAV_0047,telemetry_08,269,,,,0.0,0.0,0.0,False
train,UAV_0047,telemetry_09,269,224.0,-156.42648151302612,-145.22139893619908,11.205082576827039,0.8553168250076937,0.4738242118987156,False
train,UAV_0047,telemetry_10,269,135.0,-62.34351876544622,-60.74115282719441,1.6023659382518076,0.9973821746144776,0.01959193510741894,False
train,UAV_0047,telemetry_11,269,259.0,62.93064483745233,63.125087165347765,0.19444232789543747,0.4666666666666644,0.9107142857142929,False
train,UAV_0047,telemetry_12,269,71.0,637.6607162668231,639.1256484849067,1.464932218083618,0.35483870967741493,0.8636363636364095,False
train,UAV_0047,telemetry_13,269,145.0,7131.431063144992,7135.490931365758,4.059868220766475,0.5182320702871315,1.5499613490494715,False
train,UAV_0047,telemetry_14,269,,,,0.0,0.0,0.0,False
train,UAV_0047,telemetry_15,269,256.0,50347.72617220883,50415.63292693578,67.90675472695148,0.7479619565217791,1.1130790190735695,False
train,UAV_0047,telemetry_16,269,244.0,-698.0678180856652,-701.5364328583291,-3.4686147726639547,0.6666666666666885,1.2499999999999918,False
train,UAV_0047,telemetry_17,269,,,,0.0,0.0,0.0,False
train,UAV_0047,telemetry_18,269,14.0,-103.31973242954048,-103.33118374091023,-0.01145131136975408,0.043586261466535554,0.6391177091573003,False
train,UAV_0047,telemetry_19,269,255.0,33505.27685623746,33506.17613309233,0.8992768548705499,0.47981431150001713,1.016135936096994,False
train,UAV_0047,telemetry_20,269,,,,0.0,0.0,0.0,False
train,UAV_0047,telemetry_21,269,253.0,34962.3808106529,34963.04300257248,0.6621919195749797,0.32142857142794073,0.8888888888827846,False
train,UAV_0047,telemetry_22,269,124.0,23070.93652362226,22966.846956055717,-104.08956756654152,0.7823706542567844,0.06997900629810966,False
train,UAV_0047,telemetry_23,269,260.0,-17502.00947514153,-17534.912832849222,-32.90335770769161,0.9503558927716841,1.0,False
train,UAV_0047,telemetry_24,269,259.0,-3634.8828610388555,-3629.676533353152,5.2063276857034,0.25495214271267164,0.9968273085878254,False
train,UAV_0047,telemetry_25,269,243.0,-173.23303170492972,-173.8103186647362,-0.5772869598064858,0.46341463414633643,1.2105263157894555,False
train,UAV_0047,telemetry_26,269,214.0,-7472.468464560134,-7462.278169791682,10.190294768452077,0.21515151515151865,1.464788732394448,False
train,UAV_0047,telemetry_27,269,,,,0.0,0.0,0.0,False
train,UAV_0047,telemetry_28,269,255.0,-9872.214566598983,-9917.746548115578,-45.5319815165949,0.48620053620451686,1.0177803714021298,False
train,UAV_0048,telemetry_01,174,34.0,92.86933251412833,78.18470875301746,-14.68462376111087,0.9027572481982767,0.49782634686794447,False
train,UAV_0048,telemetry_02,174,80.0,7.92858104272294,17.733180674912028,9.804599632189088,0.9569451784649861,0.5704994650747716,False
train,UAV_0048,telemetry_03,174,,,,0.0,0.0,0.0,False
train,UAV_0048,telemetry_04,174,129.0,-125.91510276757414,-125.87101026067972,0.04409250689441535,1.0333333333339105,0.6774193548387825,False
train,UAV_0048,telemetry_05,174,85.0,-113.52279619888768,-113.52820099802739,-0.005404799139711258,1.2095883342056917,0.41964287217857343,False
train,UAV_0048,telemetry_06,174,83.0,-138.0642872524316,-136.6929226674031,1.3713645850284877,0.5852485301977384,1.319178082191763,False
train,UAV_0048,telemetry_07,174,11.0,140.5912754437698,140.5912754437698,0.0,0.0,0.0,False
train,UAV_0048,telemetry_08,174,,,,0.0,0.0,0.0,False
train,UAV_0048,telemetry_09,174,101.0,-164.3667832008801,-150.9302835037874,13.4364996970927,1.0256474400198936,0.9479389603018421,False
train,UAV_0048,telemetry_10,174,83.0,-61.56988376055425,-62.9061417949442,-1.3362580343899495,0.8317450542164955,0.691711635125441,False
train,UAV_0048,telemetry_11,174,164.0,62.80858420029818,63.07888040336162,0.27029620306344526,0.6487179487179634,0.8873517786561107,False
train,UAV_0048,telemetry_12,174,141.0,634.7308518306559,631.6678117382992,-3.0630400923566867,0.741935483870966,0.9347826086956377,False
train,UAV_0048,telemetry_13,174,158.0,7141.299529011462,7146.016629813821,4.7171008023588,0.6021261729766133,0.9819066164251754,False
train,UAV_0048,telemetry_14,174,,,,0.0,0.0,0.0,False
train,UAV_0048,telemetry_15,174,165.0,50388.186509266845,50557.21326796731,169.0267587004637,1.861752717391404,1.0,False
train,UAV_0048,telemetry_16,174,134.0,-696.3335106993333,-699.8021254719972,-3.4686147726639547,0.6666666666666885,1.0,False
train,UAV_0048,telemetry_17,174,,,,0.0,0.0,0.0,False
train,UAV_0048,telemetry_18,174,88.0,-103.33178821973462,-103.32188033779087,0.009907881943746588,0.037711622628682336,0.5544832845620995,False
train,UAV_0048,telemetry_19,174,157.0,33505.15279316019,33505.831005183514,0.6782120233256137,0.36186390571550536,1.0727099131802706,False
train,UAV_0048,telemetry_20,174,,,,0.0,0.0,0.0,False
train,UAV_0048,telemetry_21,174,153.0,34961.64504185337,34962.23365689299,0.588615039618162,0.28571428571176305,1.5000000000061806,False
train,UAV_0048,telemetry_22,174,148.0,23094.53695741621,23178.376770060775,83.83981264456452,0.6301669860388449,1.3266724587315637,False
train,UAV_0048,telemetry_23,174,165.0,-17519.75527983611,-17576.926765672833,-57.17148583672315,1.6512982944212278,1.0,False
train,UAV_0048,telemetry_24,174,163.0,-3636.3949767770728,-3631.541863631242,4.8531131458307755,0.23765534366080227,1.1329173869520321,False
train,UAV_0048,telemetry_25,174,165.0,-173.58244223323362,-174.19011271724045,-0.6076704840068317,0.4878048780487788,1.0,False
train,UAV_0048,telemetry_26,174,165.0,-7457.900648799599,-7450.509096960512,7.391551839087697,0.1560606060605921,1.0,False
train,UAV_0048,telemetry_27,174,,,,0.0,0.0,0.0,False
train,UAV_0048,telemetry_28,174,165.0,-9855.441283647471,-9916.392348682097,-60.95106503462557,0.6508489091622459,1.0,False
train,UAV_0049,telemetry_01,256,177.0,94.98391601640597,81.97201194414089,-13.011904072265082,0.7999245268514366,0.8712074648671365,False
train,UAV_0049,telemetry_02,256,69.0,22.524693818145167,8.878754287763972,-13.645939530381195,1.3318663208185961,0.8212383286735376,False
train,UAV_0049,telemetry_03,256,,,,0.0,0.0,0.0,False
train,UAV_0049,telemetry_04,256,189.0,-125.8617650576212,-125.9087022423798,-0.046937184758604644,1.1000000000013987,0.4848484848483931,False
train,UAV_0049,telemetry_05,256,240.0,-113.52453634973527,-113.52884347178284,-0.004307122047563894,0.9639293613068005,0.8928134292504982,False
train,UAV_0049,telemetry_06,256,240.0,-141.52087743935274,-142.79580816771713,-1.2749307283643816,0.5440940673436498,1.1468565815324674,False
train,UAV_0049,telemetry_07,256,178.0,140.5912754437698,140.67722414279535,0.08594869902555047,2.8695647601215146,1.0,False
train,UAV_0049,telemetry_08,256,,,,0.0,0.0,0.0,False
train,UAV_0049,telemetry_09,256,54.0,-148.16518087357372,-161.11625171973571,-12.951070846161997,0.9885932317444601,0.30521268156453824,False
train,UAV_0049,telemetry_10,256,193.0,-61.18068136759406,-62.88572536007706,-1.7050439924829988,1.0612934564069614,0.7191958448137797,False
train,UAV_0049,telemetry_11,256,238.0,61.87750459172194,61.677720441631564,-0.1997841500903732,0.4794871794871919,1.128342245989313,False
train,UAV_0049,telemetry_12,256,224.0,642.055512921074,644.0531477639153,1.9976348428413075,0.48387096774193195,1.433333333333375,False
train,UAV_0049,telemetry_13,256,164.0,7129.207485950334,7134.464856053031,5.257370102697678,0.6710902040244825,1.4059536915327582,False
train,UAV_0049,telemetry_14,256,,,,0.0,0.0,0.0,False
train,UAV_0049,telemetry_15,256,247.0,50250.831066236045,50310.688927691546,59.857861455500824,0.6593070652174265,1.0,False
train,UAV_0049,telemetry_16,256,200.0,-694.5992033130013,-698.0678180856652,-3.468614772663841,0.6666666666666666,1.5000000000000329,False
train,UAV_0049,telemetry_17,256,,,,0.0,0.0,0.0,False
train,UAV_0049,telemetry_18,256,172.0,-103.15326067363466,-103.24049947603183,-0.08723880239716664,0.3320504637882352,0.968860432949368,False
train,UAV_0049,telemetry_19,256,238.0,33508.751345777375,33510.089014599514,1.3376688221396762,0.7137208540771116,1.1948116978674819,False
train,UAV_0049,telemetry_20,256,,,,0.0,0.0,0.0,False
train,UAV_0049,telemetry_21,256,243.0,34966.05965465055,34967.531192249604,1.4715375990563189,0.7142857142847052,1.0,False
train,UAV_0049,telemetry_22,256,237.0,23114.422508112966,23225.941841873897,111.51933376093075,0.8382151656172843,1.0,False
train,UAV_0049,telemetry_23,256,241.0,-17457.588451847267,-17484.222002038434,-26.63355019116716,0.7692634774380259,1.1022155689529636,False
train,UAV_0049,telemetry_24,256,247.0,-3721.9189337112034,-3741.429403977769,-19.51047026656579,0.955421268133409,1.0,False
train,UAV_0049,telemetry_25,256,227.0,-172.91400470082613,-173.52167518483296,-0.6076704840068317,0.4878048780487788,1.5000000000000233,False
train,UAV_0049,telemetry_26,256,239.0,-7615.706692432177,-7646.421102015962,-30.7144095837848,0.648484848484852,1.2126168224298892,False
train,UAV_0049,telemetry_27,256,,,,0.0,0.0,0.0,False
train,UAV_0049,telemetry_28,256,54.0,-9690.729954562701,-9741.621626846973,-50.89167228427141,0.5434324957708924,1.1795685468450083,False
train,UAV_0050,telemetry_01,161,75.0,79.92955789217916,94.03028562316733,14.100727730988169,0.8668614443995151,0.6286602975643547,False
train,UAV_0050,telemetry_02,161,105.0,7.8717919900072255,19.03262942734556,11.160837437338337,1.089316236659816,0.2323539185450828,False
train,UAV_0050,telemetry_03,161,,,,0.0,0.0,0.0,False
train,UAV_0050,telemetry_04,161,12.0,-125.88452248053443,-125.91652510650621,-0.03200262597178494,0.7500000000011656,0.2666666666673179,False
train,UAV_0050,telemetry_05,161,69.0,-113.52806511875731,-113.52416621001274,0.0038989087445742143,0.8725716556085517,1.0099115021538156,False
train,UAV_0050,telemetry_06,161,146.0,-136.12246004778623,-134.76299314637214,1.3594669014140948,0.5801710315339265,0.9645324735144983,False
train,UAV_0050,telemetry_07,161,11.0,140.5912754437698,140.5912754437698,0.0,0.0,0.0,False
train,UAV_0050,telemetry_08,161,,,,0.0,0.0,0.0,False
train,UAV_0050,telemetry_09,161,123.0,-160.6411301833523,-148.36114867625082,12.279981507101468,0.9373670137450651,0.8253226161312212,False
train,UAV_0050,telemetry_10,161,150.0,-61.80181685421206,-63.32685530533293,-1.5250384511208637,0.9492501871383348,0.8944996198781585,False
train,UAV_0050,telemetry_11,161,84.0,62.47365194867609,62.66809427657154,0.19444232789544458,0.46666666666668144,1.2554945054944677,False
train,UAV_0050,telemetry_12,161,148.0,633.8652100654247,631.1351091135416,-2.7301009518830597,0.6612903225806256,1.0,False
train,UAV_0050,telemetry_13,161,148.0,7141.072397479516,7145.271330524529,4.198933045012382,0.5359833488642145,1.066429665881057,False
train,UAV_0050,telemetry_14,161,,,,0.0,0.0,0.0,False
train,UAV_0050,telemetry_15,161,138.0,49978.24804851056,49919.59289524505,-58.655153265513945,0.6460597826087302,1.2402733964247332,False
train,UAV_0050,telemetry_16,161,146.0,-698.0678180856652,-701.5364328583291,-3.4686147726639547,0.6666666666666885,1.0,False
train,UAV_0050,telemetry_17,161,,,,0.0,0.0,0.0,False
train,UAV_0050,telemetry_18,161,132.0,-103.33263939883666,-103.32347334358724,0.009166055249423266,0.03488806371760136,0.5479775647183969,False
train,UAV_0050,telemetry_19,161,143.0,33506.194651551836,33507.286041854626,1.091390302790387,0.5823175408940618,1.07189920140332,False
train,UAV_0050,telemetry_20,161,,,,0.0,0.0,0.0,False
train,UAV_0050,telemetry_21,161,138.0,34962.67511817271,34963.778771372,1.1036531992940581,0.5357142857144118,1.199999999997363,False
train,UAV_0050,telemetry_22,161,112.0,23002.611810971866,23076.763791225698,74.15198025383143,0.5573501231863541,1.8261296660119724,False
train,UAV_0050,telemetry_23,161,150.0,-17363.5564859163,-17342.33393144932,21.22255446697818,0.6129763374467392,1.0,False
train,UAV_0050,telemetry_24,161,151.0,-3633.658020876614,-3627.930226920589,5.727793956024925,0.28048817328868336,0.9984518097390155,False
train,UAV_0050,telemetry_25,161,148.0,-173.41533285013176,-174.29645505194162,-0.881122201809859,0.7073170731706916,1.0862068965517568,False
train,UAV_0050,telemetry_26,161,146.0,-7455.747769623167,-7446.920964999788,8.826804623378848,0.1863636363636678,1.0325203252031716,False
train,UAV_0050,telemetry_27,161,,,,0.0,0.0,0.0,False
train,UAV_0050,telemetry_28,161,106.0,-9750.124688036543,-9814.764532066296,-64.63984402975257,0.6902385044671864,1.3107409658223266,False
train,UAV_0051,telemetry_01,190,99.0,98.02134907998476,77.08788991585911,-20.93345916412565,1.2869129163747453,0.6954901252886095,False
train,UAV_0051,telemetry_02,190,14.0,10.228966079930466,19.520451431013925,9.291485351083459,0.9068643739726228,0.1912459191077689,False
train,UAV_0051,telemetry_03,190,,,,0.0,0.0,0.0,False
train,UAV_0051,telemetry_04,190,176.0,-125.91012458131186,-125.85678687135892,0.053337709952941736,1.2500000000011657,0.946666666666592,False
train,UAV_0051,telemetry_05,190,47.0,-113.5236083865398,-113.52863379144266,-0.005025404902852415,1.1246803050436969,0.6027826226606621,False
train,UAV_0051,telemetry_06,190,175.0,-136.51696218868483,-134.88447475801388,1.632487430670949,0.6966862640299321,1.1518987341771818,False
train,UAV_0051,telemetry_07,190,11.0,140.5912754437698,140.5912754437698,0.0,0.0,0.0,False
train,UAV_0051,telemetry_08,190,,,,0.0,0.0,0.0,False
train,UAV_0051,telemetry_09,190,125.0,-144.68948232218378,-160.49577265543604,-15.806290333252264,1.2065405114413208,0.599563028139874,False
train,UAV_0051,telemetry_10,190,100.0,-61.51638960777025,-63.145616172360555,-1.6292265645903043,1.014101395405095,0.7058068687610857,False
train,UAV_0051,telemetry_11,190,181.0,62.835827493492324,63.07514112782518,0.23931363433285213,0.574358974358986,1.0,False
train,UAV_0051,telemetry_12,190,181.0,633.1993317844775,631.0019334573522,-2.19739832712537,0.5322580645161086,1.0,False
train,UAV_0051,telemetry_13,190,147.0,7134.68818459355,7139.517294031844,4.829109438293926,0.6164237964792154,1.3534893780770045,False
train,UAV_0051,telemetry_14,190,,,,0.0,0.0,0.0,False
train,UAV_0051,telemetry_15,190,176.0,50310.25718629001,50442.555087188564,132.2979008985567,1.4572010869565997,1.0829836829836097,False
train,UAV_0051,telemetry_16,190,155.0,-696.3335106993333,-699.8021254719972,-3.4686147726639547,0.6666666666666885,1.0,False
train,UAV_0051,telemetry_17,190,,,,0.0,0.0,0.0,False
train,UAV_0051,telemetry_18,190,65.0,-103.32271972653291,-103.33090545798152,-0.008185731448605793,0.031156731285478703,0.5738160899280642,False
train,UAV_0051,telemetry_19,190,11.0,33504.87013136539,33504.11710370617,-0.7530276592151495,0.4017822163329192,0.03492971747237509,False
train,UAV_0051,telemetry_20,190,,,,0.0,0.0,0.0,False
train,UAV_0051,telemetry_21,190,167.0,34961.571464973415,34962.233656893,0.6621919195822557,0.3214285714314725,1.111111111105007,False
train,UAV_0051,telemetry_22,190,180.0,23148.80338697329,23247.13852778143,98.33514080813984,0.7391185327128516,0.8799999999999704,False
train,UAV_0051,telemetry_23,190,171.0,-17472.913951320985,-17519.575732380217,-46.66178105923245,1.3477438682951617,1.2502499655763188,False
train,UAV_0051,telemetry_24,190,153.0,-3642.5963899184903,-3637.39780029378,5.198589624710166,0.2545732124282634,1.0783031997192325,False
train,UAV_0051,telemetry_25,190,179.0,-173.26341522913006,-173.795126902636,-0.5317116735059528,0.4268292682926615,1.0571428571429213,False
train,UAV_0051,telemetry_26,190,175.0,-7461.775831317181,-7453.523127807519,8.252703509661842,0.17424242424242598,1.0695652173913637,False
train,UAV_0051,telemetry_27,190,,,,0.0,0.0,0.0,False
train,UAV_0051,telemetry_28,190,164.0,-9819.530758350193,-9874.65320222175,-55.12244387155806,0.5886096074577163,1.2013278438023665,False
train,UAV_0052,telemetry_01,222,168.0,80.38396756251962,94.33042985409922,13.946462291579607,0.8573777663810572,0.5260089645997224,False
train,UAV_0052,telemetry_02,222,52.0,17.144777296242545,1.0281860498457283,-16.116591246396816,1.5730060242232435,0.3301256086061378,False
train,UAV_0052,telemetry_03,222,,,,0.0,0.0,0.0,False
train,UAV_0052,telemetry_04,222,179.0,-125.92079212330243,-125.86745441334952,0.053337709952913315,1.2500000000004996,0.6000000000001598,False
train,UAV_0052,telemetry_05,222,76.0,-113.52231009243766,-113.52590041863368,-0.003590326196018623,0.8035112074357736,1.0141125300921816,False
train,UAV_0052,telemetry_06,222,185.0,-136.6622391675554,-135.33533434761233,1.3269048199430813,0.56627471940137,0.9778197262859789,False
train,UAV_0052,telemetry_07,222,11.0,140.5912754437698,140.5912754437698,0.0,0.0,0.0,False
train,UAV_0052,telemetry_08,222,,,,0.0,0.0,0.0,False
train,UAV_0052,telemetry_09,222,122.0,-157.26182035693455,-142.7963392975601,14.46548105937444,1.1041926060857854,0.2882598414338496,False
train,UAV_0052,telemetry_10,222,120.0,-61.092696479841024,-63.212361665998465,-2.119665186157441,1.3193717005310446,0.6936837301121408,False
train,UAV_0052,telemetry_11,222,213.0,62.909544639782354,63.0730043989472,0.16345975916484434,0.3923076923076869,1.0,False
train,UAV_0052,telemetry_12,222,200.0,634.1981492058982,632.1339265349623,-2.0642226709359193,0.49999999999997247,1.2580645161291033,False
train,UAV_0052,telemetry_13,222,201.0,7140.80270975889,7145.766112416289,4.963402657398547,0.6335659915401604,1.1224657050252396,False
train,UAV_0052,telemetry_14,222,,,,0.0,0.0,0.0,False
train,UAV_0052,telemetry_15,222,211.0,50182.677602136784,50239.45159643848,56.773994301693165,0.6253396739131303,1.0494296577945872,False
train,UAV_0052,telemetry_16,222,206.0,-698.0678180856652,-700.6692791651632,-2.6014610794979944,0.5000000000000219,1.3333333333333188,False
train,UAV_0052,telemetry_17,222,,,,0.0,0.0,0.0,False
train,UAV_0052,telemetry_18,222,17.0,-103.330551837997,-103.32110514409817,0.009446693898837566,0.03595623741020524,0.37061611701868624,False
train,UAV_0052,telemetry_19,222,145.0,33504.32493124501,33505.15053477533,0.8256035303129465,0.4405054876299618,1.3732534025990648,False
train,UAV_0052,telemetry_20,222,,,,0.0,0.0,0.0,False
train,UAV_0052,telemetry_21,222,206.0,34962.23365689299,34963.11657945243,0.8829225594381569,0.42857142857294217,1.0,False
train,UAV_0052,telemetry_22,222,31.0,22949.7293574706,23026.43076730094,76.70140983034071,0.5765124555159613,1.2659069325736423,False
train,UAV_0052,telemetry_23,222,208.0,-17437.455146304914,-17463.15358456121,-25.69843825629505,0.7422544060355928,1.08129168407716,False
train,UAV_0052,telemetry_24,222,161.0,-3646.068036643018,-3640.527336857022,5.540699785995912,0.2713262337379074,1.8257479207558993,False
train,UAV_0052,telemetry_25,222,208.0,-173.43052461223192,-173.9622362857379,-0.5317116735059813,0.4268292682926843,1.0571428571428114,False
train,UAV_0052,telemetry_26,222,200.0,-7458.905325748602,-7450.939672795797,7.965652952804703,0.1681818181818339,1.3333333333332191,False
train,UAV_0052,telemetry_27,222,,,,0.0,0.0,0.0,False
train,UAV_0052,telemetry_28,222,70.0,-9709.71294984335,-9759.42143712009,-49.708487276740925,0.5307981854261778,1.4935320791529505,False
train,UAV_0053,telemetry_01,164,75.0,71.27210244826017,89.00029908388333,17.728196635623164,1.0898650364251767,0.8952587928488509,False
train,UAV_0053,telemetry_02,164,50.0,15.849735019594057,4.072096792040205,-11.777638227553851,1.149517016335951,0.4774038211861858,False
train,UAV_0053,telemetry_03,164,,,,0.0,0.0,0.0,False
train,UAV_0053,telemetry_04,164,138.0,-125.87669961640803,-125.92292563170056,-0.04622601529253245,1.0833333333339439,0.6461538461542198,False
train,UAV_0053,telemetry_05,164,44.0,-113.52773967399888,-113.52499071470626,0.0027489592926173145,0.6152141838399331,0.7064200540384766,False
train,UAV_0053,telemetry_06,164,153.0,-136.00536179326554,-134.4048102501912,1.6005515430743458,0.6830571886691418,1.0,False
train,UAV_0053,telemetry_07,164,11.0,140.5912754437698,140.5912754437698,0.0,0.0,0.0,False
train,UAV_0053,telemetry_08,164,,,,0.0,0.0,0.0,False
train,UAV_0053,telemetry_09,164,117.0,-162.11565511167774,-148.15544930310625,13.960205808571487,1.0656234638854853,0.7896427627038795,False
train,UAV_0053,telemetry_10,164,22.0,-62.773592902508135,-61.30309836328342,1.4704945392247168,0.9152996867187418,0.34878716168212276,False
train,UAV_0053,telemetry_11,164,117.0,62.58396057700139,62.759439436104834,0.17547885910344263,0.4211538461538567,1.2663622526635963,False
train,UAV_0053,telemetry_12,164,118.0,636.7950745015919,634.8640274868453,-1.9310470147465821,0.46774193548386384,1.7931034482759312,False
train,UAV_0053,telemetry_13,164,136.0,7138.808827687295,7143.148045751066,4.3392180637711135,0.5538903822328693,1.1761781693085875,False
train,UAV_0053,telemetry_14,164,,,,0.0,0.0,0.0,False
train,UAV_0053,telemetry_15,164,155.0,49842.15699101282,49794.78879153026,-47.36819948255288,0.5217391304347303,1.0,False
train,UAV_0053,telemetry_16,164,149.0,-698.0678180856652,-700.6692791651632,-2.6014610794979944,0.5000000000000219,1.0,False
train,UAV_0053,telemetry_17,164,,,,0.0,0.0,0.0,False
train,UAV_0053,telemetry_18,164,151.0,-103.3301708150857,-103.32186184647497,0.008308968610720058,0.03162579958664232,0.6717632978654561,False
train,UAV_0053,telemetry_19,164,153.0,33507.31481672326,33508.16688502388,0.8520683006208856,0.45462591725687324,1.0,False
train,UAV_0053,telemetry_20,164,,,,0.0,0.0,0.0,False
train,UAV_0053,telemetry_21,164,155.0,34964.073078891815,34964.882424571304,0.8093456794886151,0.3928571428602962,1.0,False
train,UAV_0053,telemetry_22,164,154.0,23156.961561618118,23240.874215107724,83.91265348960587,0.6307144812482489,0.9548611111111274,False
train,UAV_0053,telemetry_23,164,145.0,-17339.326313928403,-17327.014933979757,12.311379948645481,0.35559265976102206,1.2765696154152624,False
train,UAV_0053,telemetry_24,164,146.0,-3636.3470725241195,-3629.6221074046666,6.724965119452918,0.32931931495219674,1.0291966465814308,False
train,UAV_0053,telemetry_25,164,140.0,-173.00515527342714,-173.67359280583466,-0.6684375324075233,0.5365853658536636,1.3863636363636218,False
train,UAV_0053,telemetry_26,164,152.0,-7452.805501415374,-7442.328156090065,10.477345325309216,0.22121212121211073,0.9931506849315223,False
train,UAV_0053,telemetry_27,164,,,,0.0,0.0,0.0,False
train,UAV_0053,telemetry_28,164,155.0,-9862.361216521294,-9931.4572966013,-69.09608008000578,0.7378231753934308,1.0,False
train,UAV_0054,telemetry_01,194,101.0,95.74700391796699,79.2107873850237,-16.536216532943286,1.0165864359715426,0.564470833932519,False
train,UAV_0054,telemetry_02,194,122.0,15.249491482957666,6.7745141639814905,-8.474977318976176,0.8271718364071143,0.6887079728944366,False
train,UAV_0054,telemetry_03,194,,,,0.0,0.0,0.0,False
train,UAV_0054,telemetry_04,194,108.0,-125.87669961640803,-125.91652510650621,-0.03982549009818115,0.9333333333338439,0.6071428571430483,False
train,UAV_0054,telemetry_05,194,45.0,-113.52860745683012,-113.52447820086223,0.004129255967882273,0.9241231206913014,0.5532908408407676,False
train,UAV_0054,telemetry_06,194,65.0,-137.9202626613099,-136.59836739236232,1.3218952689475714,0.5641368252271436,1.22453813358597,False
train,UAV_0054,telemetry_07,194,11.0,140.5912754437698,140.5912754437698,0.0,0.0,0.0,False
train,UAV_0054,telemetry_08,194,,,,0.0,0.0,0.0,False
train,UAV_0054,telemetry_09,194,118.0,-161.52298859661607,-148.5038837657928,13.019104830823267,0.993786465382331,0.814188424264455,False
train,UAV_0054,telemetry_10,194,37.0,-63.552638056504364,-61.85282263360278,1.6998154229015867,1.058038967544747,0.7035720344787428,False
train,UAV_0054,telemetry_11,194,132.0,62.68545519870505,62.83796422237029,0.15250902366523889,0.36602564102563634,1.1401050788091756,False
train,UAV_0054,telemetry_12,194,177.0,633.1327439563829,631.2016969416362,-1.9310470147466958,0.4677419354838914,0.8275862068965801,False
train,UAV_0054,telemetry_13,194,143.0,7135.494872835772,7141.629441552413,6.134568716640388,0.7830624230810677,1.1075112355185033,False
train,UAV_0054,telemetry_14,194,,,,0.0,0.0,0.0,False
train,UAV_0054,telemetry_15,194,185.0,50327.58851969444,50451.55997927769,123.97145958325564,1.3654891304347754,1.0,False
train,UAV_0054,telemetry_16,194,184.0,-699.8021254719972,-703.270740244661,-3.468614772663841,0.6666666666666666,1.0,False
train,UAV_0054,telemetry_17,194,,,,0.0,0.0,0.0,False
train,UAV_0054,telemetry_18,194,85.0,-103.32333488664301,-103.32982305843919,-0.0064881717961782215,0.02469543820937066,0.7970792788773864,False
train,UAV_0054,telemetry_19,194,129.0,33505.958193778904,33505.19061728484,-0.767576494064997,0.40954483041422113,0.554133631689688,False
train,UAV_0054,telemetry_20,194,,,,0.0,0.0,0.0,False
train,UAV_0054,telemetry_21,194,16.0,34962.3808106529,34961.93934937318,-0.4414612797263544,0.21428571429000284,0.333333333344321,False
train,UAV_0054,telemetry_22,194,65.0,23009.895895476166,23082.591058829144,72.69516335297885,0.5464002189980814,1.4599198396794237,False
train,UAV_0054,telemetry_23,194,185.0,-17496.952042245925,-17541.247049593418,-44.29500734749308,1.2793837524738263,1.0,False
train,UAV_0054,telemetry_24,194,42.0,-3645.0929625367917,-3641.187981679076,3.9049808577156,0.19122561948231473,1.6045776508233636,False
train,UAV_0054,telemetry_25,194,147.0,-172.68612826932358,-173.21783994282953,-0.5317116735059528,0.4268292682926615,1.685714285714307,False
train,UAV_0054,telemetry_26,194,42.0,-7471.535550250346,-7464.072235772042,7.463314478303801,0.15757575757577852,1.2307692307691558,False
train,UAV_0054,telemetry_27,194,,,,0.0,0.0,0.0,False
train,UAV_0054,telemetry_28,194,181.0,-9865.527622377995,-9920.049505207484,-54.521882829489186,0.5821966842562296,1.1248767840244391,False
train,UAV_0055,telemetry_01,525,143.0,79.3199206660015,98.93452928532457,19.61460861932308,1.2058347826765685,0.393891531562312,False
train,UAV_0055,telemetry_02,525,139.0,6.48600133486398,18.164836544917083,11.678835210053103,1.1398736780292318,0.33738531200008465,False
train,UAV_0055,telemetry_03,525,,,,0.0,0.0,0.0,False
train,UAV_0055,telemetry_04,525,274.0,-125.89732353092316,-125.94568305461382,-0.048359523690663764,1.1333333333343103,0.07352941176488738,False
train,UAV_0055,telemetry_05,525,100.0,-113.52288460775688,-113.52785443803518,-0.004969830278298559,1.112242762814922,0.6054782445285805,False
train,UAV_0055,telemetry_06,525,368.0,-138.43374163835253,-139.52707614312865,-1.0933345047761236,0.4665954035275064,1.6798396334478942,False
train,UAV_0055,telemetry_07,525,441.0,140.5912754437698,140.67722414279535,0.08594869902555047,2.8695647601215146,1.0,False
train,UAV_0055,telemetry_08,525,,,,0.0,0.0,0.0,False
train,UAV_0055,telemetry_09,525,379.0,-162.4597047850753,-149.03654684592834,13.42315793914696,1.0246290244956948,0.7700200090970116,False
train,UAV_0055,telemetry_10,525,458.0,-61.8831135732715,-63.90581719966525,-2.0227036263937492,1.2590186132477295,0.25133779191700506,False
train,UAV_0055,telemetry_11,525,100.0,62.49929269521175,62.68144883205885,0.18215613684709808,0.4371794871794819,1.0043988269795006,False
train,UAV_0055,telemetry_12,525,188.0,636.06260839255,638.126831063486,2.0642226709359193,0.49999999999997247,1.5161290322582066,False
train,UAV_0055,telemetry_13,525,266.0,7130.713494693307,7125.726514148886,-4.986980544421385,0.6365756501153678,0.5213836670363454,False
train,UAV_0055,telemetry_14,525,,,,0.0,0.0,0.0,False
train,UAV_0055,telemetry_15,525,510.0,50251.201130294496,50310.47305699077,59.27192669627402,0.6528532608695734,1.0072840790843693,False
train,UAV_0055,telemetry_16,525,287.0,-694.5992033130013,-691.1305885403375,3.468614772663841,0.6666666666666666,0.5,False
train,UAV_0055,telemetry_17,525,,,,0.0,0.0,0.0,False
train,UAV_0055,telemetry_18,525,423.0,-102.97703652569672,-102.98740901114999,-0.010372485453274294,0.03948000787214284,0.2777038222613253,False
train,UAV_0055,telemetry_19,525,161.0,33502.30962829768,33495.66958723544,-6.640041062237287,3.5428319024933055,0.23645389090565577,False
train,UAV_0055,telemetry_20,525,,,,0.0,0.0,0.0,False
train,UAV_0055,telemetry_21,525,171.0,34952.3743549793,34958.922697295115,6.548342315814807,3.178571428573825,1.235955056178764,True
train,UAV_0055,telemetry_22,525,319.0,22916.878136356172,23023.808496879392,106.93036052321986,0.8037229674240352,1.264305177111704,False
train,UAV_0055,telemetry_23,525,504.0,-17455.732096267755,-17479.199528881938,-23.467432614183053,0.6778157132546316,1.2651692541293502,False
train,UAV_0055,telemetry_24,525,508.0,-3720.4506174868247,-3731.7356568230716,-11.285039336246882,0.5526246392968276,1.318805760900532,False
train,UAV_0055,telemetry_25,525,513.0,-173.88627747523705,-174.4331809108432,-0.54690343560614,0.4390243902438941,1.0277777777777561,False
train,UAV_0055,telemetry_26,525,504.0,-7621.87827940462,-7646.277576737533,-24.399297332913193,0.5151515151515187,1.3205882352941223,False
train,UAV_0055,telemetry_27,525,,,,0.0,0.0,0.0,False
train,UAV_0055,telemetry_28,525,182.0,-9707.443382146468,-9656.645572563626,50.79780958284209,0.5424302091529049,0.2750527713631063,False
train,UAV_0056,telemetry_01,195,161.0,88.8467271166164,73.13048024325214,-15.71624687336427,0.9661776842370935,0.48112820054906025,False
train,UAV_0056,telemetry_02,195,122.0,7.603230299244281,18.50876386280786,10.90553356356358,1.0643981553288764,0.37580382986854255,False
train,UAV_0056,telemetry_03,195,,,,0.0,0.0,0.0,False
train,UAV_0056,telemetry_04,195,174.0,-125.87029909121367,-125.90656873398169,-0.03626964276801914,0.8500000000012322,1.0,False
train,UAV_0056,telemetry_05,195,123.0,-113.52895036639815,-113.52452233416079,0.0044280322373566605,0.9909889339716489,0.9086076849056595,False
train,UAV_0056,telemetry_06,195,123.0,-137.2339541749212,-135.7561366312375,1.4778175436836989,0.6306787814003162,1.2233050847457438,False
train,UAV_0056,telemetry_07,195,11.0,140.5912754437698,140.5912754437698,0.0,0.0,0.0,False
train,UAV_0056,telemetry_08,195,,,,0.0,0.0,0.0,False
train,UAV_0056,telemetry_09,195,121.0,-159.53706813064076,-143.6315573995802,15.90551073106056,1.2141142954850812,0.38004583036306305,False
train,UAV_0056,telemetry_10,195,19.0,-61.16629895836827,-63.13243215954874,-1.9661332011804689,1.2238067228978606,0.6460616804577622,False
train,UAV_0056,telemetry_11,195,151.0,62.71643776743565,62.921029557501456,0.2045917900658054,0.4910256410256427,1.1788511749347004,False
train,UAV_0056,telemetry_12,195,138.0,635.2635544554136,632.2671021911516,-2.9964522642619613,0.7258064516128979,0.8666666666666742,False
train,UAV_0056,telemetry_13,195,146.0,7138.703247398698,7142.392223091276,3.6889756925775146,0.4708885624968452,1.7299097501396743,False
train,UAV_0056,telemetry_14,195,,,,0.0,0.0,0.0,False
train,UAV_0056,telemetry_15,195,176.0,49895.045312700706,49863.127287658746,-31.91802504195948,0.35156250000001876,1.0657004830919394,False
train,UAV_0056,telemetry_16,195,136.0,-696.3335106993333,-698.9349717788311,-2.6014610794978807,0.5,1.333333333333377,False
train,UAV_0056,telemetry_17,195,,,,0.0,0.0,0.0,False
train,UAV_0056,telemetry_18,195,24.0,-103.33099485602554,-103.32401002240776,0.006984833617778463,0.026585844584477273,0.5429213700856944,False
train,UAV_0056,telemetry_19,195,120.0,33505.88515202238,33506.41788369527,0.5327316728871665,0.28424203231317824,2.1023734881076956,False
train,UAV_0056,telemetry_20,195,,,,0.0,0.0,0.0,False
train,UAV_0056,telemetry_21,195,186.0,34964.14665577177,34965.0295783312,0.8829225594308809,0.42857142856941044,1.0,False
train,UAV_0056,telemetry_22,195,36.0,23025.483836315383,23100.50990670974,75.0260703943568,0.5639200656994217,1.3563106796116768,False
train,UAV_0056,telemetry_23,195,138.0,-17358.17657713307,-17344.819224504077,13.357352628991066,0.38580374974386134,1.0819168970290152,False
train,UAV_0056,telemetry_24,195,120.0,-3640.333247383095,-3634.0343549548834,6.29889242821173,0.308454676354517,1.0440818995247245,False
train,UAV_0056,telemetry_25,195,160.0,-173.2482234670299,-173.8103186647362,-0.5620951977062987,0.45121951219510387,1.4864864864864715,False
train,UAV_0056,telemetry_26,195,170.0,-7453.6666530859475,-7444.983373740999,8.68327934494846,0.18333333333333332,1.066115702479396,False
train,UAV_0056,telemetry_27,195,,,,0.0,0.0,0.0,False
train,UAV_0056,telemetry_28,195,183.0,-9892.30418242806,-9935.080017523112,-42.77583509505166,0.45676979712007615,1.0186388216096125,False
train,UAV_0057,telemetry_01,215,21.0,82.60930757677848,95.71302074539184,13.103713168613368,0.805568616106106,0.42238012350886056,False
train,UAV_0057,telemetry_02,215,169.0,18.305778701300355,7.562951801414027,-10.742826899886328,1.0485177152139233,0.8303427142327473,False
train,UAV_0057,telemetry_03,215,,,,0.0,0.0,0.0,False
train,UAV_0057,telemetry_04,215,203.0,-125.87812195534009,-125.93145966529303,-0.053337709952941736,1.2500000000011657,0.8533333333331948,False
train,UAV_0057,telemetry_05,215,47.0,-113.52848954224365,-113.52406353520792,0.004426007035732482,0.9905356959889416,0.5893930515797768,False
train,UAV_0057,telemetry_06,215,184.0,-140.89656214653382,-142.46267302651387,-1.5661108799800445,0.6683591662212626,1.0771691323470654,False
train,UAV_0057,telemetry_07,215,145.0,140.5912754437698,140.67722414279535,0.08594869902555047,2.8695647601215146,1.0,False
train,UAV_0057,telemetry_08,215,,,,0.0,0.0,0.0,False
train,UAV_0057,telemetry_09,215,167.0,-166.92489169910988,-154.06195522097727,12.86293647813261,0.9818656768763816,1.3938376955005032,False
train,UAV_0057,telemetry_10,215,169.0,-61.28814957932971,-62.88897193069761,-1.6008223513678956,0.9964213790769351,0.8371434389726232,False
train,UAV_0057,telemetry_11,215,162.0,62.20816338558808,61.94534573359754,-0.2628176519905381,0.6307692307692319,1.3750000000000169,False
train,UAV_0057,telemetry_12,215,163.0,640.4574050468009,642.7213912020211,2.263986155220209,0.5483870967742042,1.382352941176447,False
train,UAV_0057,telemetry_13,215,206.0,7139.751923023165,7143.874692114017,4.122769090852671,0.5262612097456228,1.0,False
train,UAV_0057,telemetry_14,215,,,,0.0,0.0,0.0,False
train,UAV_0057,telemetry_15,215,184.0,50136.32707881498,50204.2029948704,67.8759160554182,0.747622282608789,1.5665606542478856,False
train,UAV_0057,telemetry_16,215,186.0,-698.0678180856652,-699.8021254719972,-1.7343073863320342,0.3333333333333552,1.0,False
train,UAV_0057,telemetry_17,215,,,,0.0,0.0,0.0,False
train,UAV_0057,telemetry_18,215,29.0,-103.24280734109429,-103.3283388909791,-0.08553154988480571,0.3255522775115345,0.9817962661747932,False
train,UAV_0057,telemetry_19,215,200.0,33508.76817049832,33510.5075905111,1.7394200127819204,0.9280775006296007,1.1342428684806198,False
train,UAV_0057,telemetry_20,215,,,,0.0,0.0,0.0,False
train,UAV_0057,telemetry_21,215,206.0,34966.50111593027,34968.193384169186,1.692268238919496,0.8214285714297066,1.0,False
train,UAV_0057,telemetry_22,215,133.0,23010.260099701383,23088.63684896772,78.37674926633554,0.5891048453325829,1.27695167286246,False
train,UAV_0057,telemetry_23,215,202.0,-17447.488558888646,-17482.893170423155,-35.40461153450815,1.0226002313206688,1.0009490296090315,False
train,UAV_0057,telemetry_24,215,206.0,-3724.86944760373,-3742.245058996729,-17.375611392998962,0.8508779360454888,1.0,False
train,UAV_0057,telemetry_25,215,200.0,-173.20264818072937,-173.84070218893652,-0.6380540082071491,0.5121951219511983,1.1428571428571683,False
train,UAV_0057,telemetry_26,215,206.0,-7636.374332525938,-7673.475616999809,-37.10128447387069,0.7833333333333333,1.0,False
train,UAV_0057,telemetry_27,215,,,,0.0,0.0,0.0,False
train,UAV_0057,telemetry_28,215,203.0,-9808.37771732232,-9867.825181032858,-59.447463710537704,0.6347931227532381,1.0455326915421221,False
train,UAV_0058,telemetry_01,178,80.0,94.83207145357514,78.55332238612098,-16.278749067454157,1.000758272824381,0.6689861899183567,False
train,UAV_0058,telemetry_02,178,57.0,6.1887217660624145,15.61865500633736,9.429933240274945,0.9203771174808313,0.6625703921505671,False
train,UAV_0058,telemetry_03,178,,,,0.0,0.0,0.0,False
train,UAV_0058,telemetry_04,178,77.0,-125.90443522558357,-125.8617650576212,0.04267016796237044,1.0000000000013323,0.2166666666669664,False
train,UAV_0058,telemetry_05,178,41.0,-113.52367160050571,-113.52807567349453,-0.004404072988819507,0.9856268794756842,0.5082043880739406,False
train,UAV_0058,telemetry_06,178,149.0,-136.45935235223615,-135.44366588789086,1.0156864643452934,0.4334580438268153,1.3705302096177632,False
train,UAV_0058,telemetry_07,178,11.0,140.5912754437698,140.5912754437698,0.0,0.0,0.0,False
train,UAV_0058,telemetry_08,178,,,,0.0,0.0,0.0,False
train,UAV_0058,telemetry_09,178,147.0,-161.1181138782698,-145.20977375324549,15.908340125024324,1.2143302714268194,0.8793637970211664,False
train,UAV_0058,telemetry_10,178,161.0,-62.446763786902665,-61.178647504494904,1.2681162824077603,0.7893306673703891,0.5484167287077021,False
train,UAV_0058,telemetry_11,178,83.0,62.553779281600036,62.75943943610483,0.20566015450479114,0.4935897435897448,1.2350649350649336,False
train,UAV_0058,telemetry_12,178,158.0,633.9317978935194,631.5346360821097,-2.39716181140966,0.5806451612903404,0.972222222222217,False
train,UAV_0058,telemetry_13,178,141.0,7139.109005674045,7144.918650369786,5.809644695740644,0.7415866807957422,1.0241571733714316,False
train,UAV_0058,telemetry_14,178,,,,0.0,0.0,0.0,False
train,UAV_0058,telemetry_15,178,165.0,49957.92536396693,49921.99831162502,-35.927052341910894,0.3957201086956199,1.0884120171672589,False
train,UAV_0058,telemetry_16,178,164.0,-698.9349717788311,-701.5364328583291,-2.6014610794979944,0.5000000000000219,1.0,False
train,UAV_0058,telemetry_17,178,,,,0.0,0.0,0.0,False
train,UAV_0058,telemetry_18,178,98.0,-103.3242164118039,-103.33012171764629,-0.005905305842389907,0.02247691955753658,0.6446313350562527,False
train,UAV_0058,telemetry_19,178,156.0,33506.41115043461,33507.159580364096,0.7484299294883385,0.3993290713293702,1.285713186335612,False
train,UAV_0058,telemetry_20,178,,,,0.0,0.0,0.0,False
train,UAV_0058,telemetry_21,178,133.0,34962.23365689299,34962.96942569252,0.7357687995317974,0.3571428571441185,1.999999999990111,False
train,UAV_0058,telemetry_22,178,66.0,23021.914634908273,23113.184213747234,91.26957883896102,0.6860114973993994,1.0071827613726962,False
train,UAV_0058,telemetry_23,178,168.0,-17369.178306465277,-17353.08148703935,16.096819425925787,0.46492845296254487,1.0903581320859883,False
train,UAV_0058,telemetry_24,178,125.0,-3641.047029255149,-3635.988949140129,5.058080115019948,0.24769250826793965,1.4519377969543557,False
train,UAV_0058,telemetry_25,178,144.0,-172.83804589032528,-173.52167518483296,-0.6836292945076821,0.5487804878048733,1.6444444444444344,False
train,UAV_0058,telemetry_26,178,120.0,-7466.009827030834,-7458.761800470173,7.248026560660946,0.15303030303033446,1.8712871287124415,False
train,UAV_0058,telemetry_27,178,,,,0.0,0.0,0.0,False
train,UAV_0058,telemetry_28,178,159.0,-9869.321082992954,-9921.961059045374,-52.639976052420025,0.5621012688224766,0.9468847206193871,False
train,UAV_0059,telemetry_01,299,155.0,98.32090859607878,82.31477264225633,-16.00613595382245,0.9839990103271913,0.719366959440358,False
train,UAV_0059,telemetry_02,299,114.0,11.671461952684835,21.65711990982831,9.985657957143475,0.9746167711445296,0.08729373132269798,False
train,UAV_0059,telemetry_03,299,,,,0.0,0.0,0.0,False
train,UAV_0059,telemetry_04,299,192.0,-125.92079212330245,-125.86603207441743,0.05476004888501507,1.2833333333344101,0.6363636363636128,False
train,UAV_0059,telemetry_05,299,162.0,-113.52364737193386,-113.52897731518206,-0.005329943248199243,1.1928356648133676,0.4313036131954532,False
train,UAV_0059,telemetry_06,299,290.0,-141.8565173560538,-143.70692025503064,-1.8504028989768244,0.7896846606092898,1.0,False
train,UAV_0059,telemetry_07,299,195.0,140.5912754437698,140.67722414279535,0.08594869902555047,2.8695647601215146,1.0,False
train,UAV_0059,telemetry_08,299,,,,0.0,0.0,0.0,False
train,UAV_0059,telemetry_09,299,217.0,-148.9227989396634,-163.33751552353846,-14.414716583875048,1.1003176047451335,0.2988960313911868,False
train,UAV_0059,telemetry_10,299,96.0,-63.60514434741876,-61.874079947985734,1.7310643994330235,1.0774896881469367,0.7346674520061478,False
train,UAV_0059,telemetry_11,299,235.0,62.12216004824971,61.93813427363439,-0.18402577461532132,0.44166666666665627,1.5878084179971264,False
train,UAV_0059,telemetry_12,299,159.0,639.6583511096644,641.589398124411,1.9310470147465821,0.46774193548386384,1.4137931034482556,False
train,UAV_0059,telemetry_13,299,102.0,7134.541743414611,7129.148354312853,-5.393389101757748,0.6884526905999644,0.039309003363345925,False
train,UAV_0059,telemetry_14,299,,,,0.0,0.0,0.0,False
train,UAV_0059,telemetry_15,299,290.0,50256.28951109829,50315.16053506457,58.87102396627597,0.6484374999999812,1.0,False
train,UAV_0059,telemetry_16,299,277.0,-698.0678180856652,-701.5364328583291,-3.4686147726639547,0.6666666666666885,1.0,False
train,UAV_0059,telemetry_17,299,,,,0.0,0.0,0.0,False
train,UAV_0059,telemetry_18,299,56.0,-103.33012839074584,-103.24334577414909,0.08678261659675002,0.330314118235114,0.11231105668777787,False
train,UAV_0059,telemetry_19,299,289.0,33509.94315843313,33511.24238627133,1.2992278382007498,0.6932104471405356,1.0158194327379568,False
train,UAV_0059,telemetry_20,299,,,,0.0,0.0,0.0,False
train,UAV_0059,telemetry_21,299,254.0,34964.22023265173,34965.47103961092,1.2508069591931417,0.6071428571397038,1.8235294117718917,False
train,UAV_0059,telemetry_22,299,282.0,23131.904310923303,23231.186382717002,99.28207179369929,0.7462359704352685,0.981658107116609,False
train,UAV_0059,telemetry_23,299,272.0,-17443.2894003334,-17461.85383903081,-18.56443869740906,0.5362013162552445,1.5350342953221803,False
train,UAV_0059,telemetry_24,299,290.0,-3730.52420612056,-3743.264668501074,-12.740462380514145,0.6238962238166187,1.0,False
train,UAV_0059,telemetry_25,299,251.0,-172.74689531772424,-173.27860699123022,-0.5317116735059813,0.4268292682926843,1.714285714285676,False
train,UAV_0059,telemetry_26,299,290.0,-7643.263545890526,-7678.355476466393,-35.09193057586708,0.7409090909091118,1.0,False
train,UAV_0059,telemetry_27,299,,,,0.0,0.0,0.0,False
train,UAV_0059,telemetry_28,299,288.0,-9847.102081302866,-9900.607179814106,-53.50509851123934,0.5713392371548501,0.9869194857357727,False
train,UAV_0060,telemetry_01,190,35.0,79.82343173521355,96.80366814640087,16.98023641118732,1.043883162802942,0.41233521364806563,False
train,UAV_0060,telemetry_02,190,96.0,5.125564493681276,16.09382838357698,10.968263889895704,1.0705207391751337,0.5627248973084392,False
train,UAV_0060,telemetry_03,190,,,,0.0,0.0,0.0,False
train,UAV_0060,telemetry_04,190,138.0,-125.87172143014575,-125.91652510650621,-0.04480367636045912,1.0500000000006995,0.4603174603173546,False
train,UAV_0060,telemetry_05,190,74.0,-113.52723569507174,-113.52353001320456,0.0037056818671743486,0.8293276847011781,0.7963969296570254,False
train,UAV_0060,telemetry_06,190,174.0,-140.34425914927579,-142.2272241297236,-1.8829649804478095,0.803580972741834,1.010974393082806,False
train,UAV_0060,telemetry_07,190,149.0,140.5912754437698,140.67722414279535,0.08594869902555047,2.8695647601215146,1.0,False
train,UAV_0060,telemetry_08,190,,,,0.0,0.0,0.0,False
train,UAV_0060,telemetry_09,190,71.0,-160.72263530030403,-143.6883176075824,17.03431769272163,1.300279442406107,0.5474707784733049,False
train,UAV_0060,telemetry_10,190,92.0,-63.21745953007027,-61.26667868161171,1.9507808484585638,1.21425075158214,0.395940181706993,False
train,UAV_0060,telemetry_11,190,180.0,61.86281458068588,61.61201602863393,-0.2507985520519469,0.6019230769230791,0.991480298189565,False
train,UAV_0060,telemetry_12,190,163.0,640.7237563591798,643.1209181705893,2.3971618114095463,0.5806451612903129,1.3888888888888862,False
train,UAV_0060,telemetry_13,190,173.0,7134.487735555442,7141.331171311607,6.843435756165491,0.8735475357683089,1.0308076272521165,False
train,UAV_0060,telemetry_14,190,,,,0.0,0.0,0.0,False
train,UAV_0060,telemetry_15,190,180.0,50201.05745037351,50290.67462986331,89.6171794897964,0.987092391304454,1.0010323468685478,False
train,UAV_0060,telemetry_16,190,180.0,-698.0678180856652,-701.5364328583291,-3.4686147726639547,0.6666666666666885,1.0,False
train,UAV_0060,telemetry_17,190,,,,0.0,0.0,0.0,False
train,UAV_0060,telemetry_18,190,49.0,-103.15260161728965,-103.06714487625096,0.0854567410386835,0.3252675382513914,0.05985226902271726,False
train,UAV_0060,telemetry_19,190,181.0,33508.15886177399,33510.70016163422,2.5412998602259904,1.3559250815200263,1.0,False
train,UAV_0060,telemetry_20,190,,,,0.0,0.0,0.0,False
train,UAV_0060,telemetry_21,190,174.0,34963.99950201186,34966.05965465055,2.0601526386890328,1.0000000000035318,1.2142857142857142,False
train,UAV_0060,telemetry_22,190,178.0,23125.931361629766,23217.4923038489,91.56094221913372,0.6882014782370703,0.9578361177406889,False
train,UAV_0060,telemetry_23,190,176.0,-17434.64536332267,-17470.413888240088,-35.76852491741738,1.0331112323856275,1.0749946827608885,False
train,UAV_0060,telemetry_24,190,177.0,-3700.6086350651335,-3724.8430175918033,-24.234382526669833,1.1867496872045702,1.115653097072922,False
train,UAV_0060,telemetry_25,190,168.0,-172.39748478942033,-173.35456580173107,-0.9570810123107378,0.768292682926809,1.1269841269841476,False
train,UAV_0060,telemetry_26,190,178.0,-7592.096784130623,-7641.54124254938,-49.44445841875677,1.043939393939408,1.1320754716981198,False
train,UAV_0060,telemetry_27,190,,,,0.0,0.0,0.0,False
train,UAV_0060,telemetry_28,190,138.0,-9690.387990775225,-9753.523346507076,-63.13535573185072,0.6741732467562587,1.7803127000124601,False
train,UAV_0061,telemetry_01,199,157.0,77.22805315455449,92.62555046708114,15.397497312526653,0.9465821208037128,0.6947527463292629,False
train,UAV_0061,telemetry_02,199,27.0,17.225201699848558,3.418247847901545,-13.806953851947013,1.347581585537857,0.43031014765778175,False
train,UAV_0061,telemetry_03,199,,,,0.0,0.0,0.0,False
train,UAV_0061,telemetry_04,199,26.0,-125.86958792174764,-125.9236368011666,-0.054048879418957085,1.2666666666672883,0.4736842105263988,False
train,UAV_0061,telemetry_05,199,98.0,-113.52715698164124,-113.52278053578782,0.004376445853424116,0.979443955778066,0.4750170261464702,False
train,UAV_0061,telemetry_06,199,185.0,-135.7749224474708,-134.639632953107,1.1352894943638034,0.48450026723677375,0.9404302261445204,False
train,UAV_0061,telemetry_07,199,11.0,140.5912754437698,140.5912754437698,0.0,0.0,0.0,False
train,UAV_0061,telemetry_08,199,,,,0.0,0.0,0.0,False
train,UAV_0061,telemetry_09,199,118.0,-143.5576623057022,-159.58198980446048,-16.024327498758282,1.2231839279316161,0.4857676601900991,False
train,UAV_0061,telemetry_10,199,25.0,-61.525332666091174,-62.958338167386884,-1.4330055012957104,0.8919648808037891,0.6036234619314802,False
train,UAV_0061,telemetry_11,199,185.0,62.88390389324669,63.09998060103159,0.21607670778490018,0.5185897435897359,0.800988875154505,False
train,UAV_0061,telemetry_12,199,173.0,633.7320344092352,632.2005143630569,-1.5315200461783434,0.370967741935483,1.30434782608695,False
train,UAV_0061,telemetry_13,199,135.0,7134.722599190911,7139.223364102482,4.500764911571423,0.57451143514185,1.654306129548362,False
train,UAV_0061,telemetry_14,199,,,,0.0,0.0,0.0,False
train,UAV_0061,telemetry_15,199,190.0,50339.95482698122,50441.99999110088,102.04516411965596,1.1239809782609296,1.0,False
train,UAV_0061,telemetry_16,199,187.0,-699.8021254719972,-703.270740244661,-3.468614772663841,0.6666666666666666,1.0,False
train,UAV_0061,telemetry_17,199,,,,0.0,0.0,0.0,False
train,UAV_0061,telemetry_18,199,159.0,-103.33208396468302,-103.32449597920711,0.007587985475907999,0.028881575941664645,0.7646608170991435,False
train,UAV_0061,telemetry_19,199,135.0,33504.8288110673,33505.57961614879,0.7508050814867602,0.40059634726854093,0.894393472762072,False
train,UAV_0061,telemetry_20,199,,,,0.0,0.0,0.0,False
train,UAV_0061,telemetry_21,199,190.0,34962.16008001304,34962.822271932615,0.6621919195749797,0.32142857142794073,1.0,False
train,UAV_0061,telemetry_22,199,184.0,23145.816912326525,23238.179103841132,92.36219151460682,0.6942239255406517,0.9865930599369082,False
train,UAV_0061,telemetry_23,199,190.0,-17497.907880852534,-17538.63957654348,-40.731695690945344,1.1764637325577267,1.0,False
train,UAV_0061,telemetry_24,199,188.0,-3635.81245415283,-3630.562630283596,5.249823869234206,0.25708213641657435,1.0,False
train,UAV_0061,telemetry_25,199,189.0,-173.53686694693312,-174.1141539067396,-0.5772869598064858,0.46341463414633643,1.0,False
train,UAV_0061,telemetry_26,199,189.0,-7457.828886160386,-7446.849202360574,10.979683799811937,0.23181818181820452,1.0,False
train,UAV_0061,telemetry_27,199,,,,0.0,0.0,0.0,False
train,UAV_0061,telemetry_28,199,156.0,-9810.422145754386,-9849.40656221562,-38.984416461233195,0.41628419312617837,1.684393221712426,False
train,UAV_0062,telemetry_01,246,98.0,77.63546773498584,95.26772788217795,17.632260147192113,1.0839672101201419,0.5240266442978215,False
train,UAV_0062,telemetry_02,246,206.0,2.8425201086202514,12.5366067435884,9.69408663496815,0.946158926724416,0.752515754073051,False
train,UAV_0062,telemetry_03,246,,,,0.0,0.0,0.0,False
train,UAV_0062,telemetry_04,246,11.0,-125.91723627597224,-125.88167780267028,0.03555847330196116,0.8333333333341104,0.5799999999997123,False
train,UAV_0062,telemetry_05,246,114.0,-113.52806398671257,-113.52407675503063,0.0039872316819327125,0.8923382356256819,0.3771126052788548,False
train,UAV_0062,telemetry_06,246,230.0,-141.4194340316931,-142.87721337139462,-1.457779339701517,0.6221272047033499,1.142182130584199,False
train,UAV_0062,telemetry_07,246,199.0,140.5912754437698,140.67722414279535,0.08594869902555047,2.8695647601215146,1.0,False
train,UAV_0062,telemetry_08,246,,,,0.0,0.0,0.0,False
train,UAV_0062,telemetry_09,246,116.0,-159.10682190643973,-144.49117485484993,14.615647051589804,1.1156552168077625,0.4292142614584209,False
train,UAV_0062,telemetry_10,246,181.0,-63.12986680456751,-61.537146753265546,1.592720051301967,0.991378155512191,0.44783865627312747,False
train,UAV_0062,telemetry_11,246,220.0,61.99449049779089,61.76479214340892,-0.2296983543819735,0.5512820512820502,1.048837209302332,False
train,UAV_0062,telemetry_12,246,219.0,641.0566954996534,643.9199721077258,2.863276608072397,0.6935483870967342,1.1627906976744242,False
train,UAV_0062,telemetry_13,246,125.0,7125.215917494197,7131.403539352,6.1876218578026965,0.7898345244608972,1.35908412135002,False
train,UAV_0062,telemetry_14,246,,,,0.0,0.0,0.0,False
train,UAV_0062,telemetry_15,246,228.0,50172.13077647075,50240.62346595692,68.492689486171,0.7544157608695521,1.3448896893291908,False
train,UAV_0062,telemetry_16,246,214.0,-696.3335106993333,-699.8021254719972,-3.4686147726639547,0.6666666666666885,1.0,False
train,UAV_0062,telemetry_17,246,,,,0.0,0.0,0.0,False
train,UAV_0062,telemetry_18,246,126.0,-103.07262547743478,-103.15396743619216,-0.0813419587573776,0.30960575327324713,0.9837349170876354,False
train,UAV_0062,telemetry_19,246,237.0,33509.068266524446,33511.02989995493,1.9616334304810152,1.0466407411287737,1.0,False
train,UAV_0062,telemetry_20,246,,,,0.0,0.0,0.0,False
train,UAV_0062,telemetry_21,246,234.0,34965.47103961092,34967.16330784984,1.692268238919496,0.8214285714297066,1.2173913043461437,False
train,UAV_0062,telemetry_22,246,233.0,23121.997955997445,23248.59534468229,126.59738868484419,0.9515466739665781,1.0,False
train,UAV_0062,telemetry_23,246,230.0,-17438.184070179617,-17466.34428528016,-28.1602151005427,0.8133585210442786,1.2852533332504608,False
train,UAV_0062,telemetry_24,246,237.0,-3715.673133505899,-3740.4170236232185,-24.743890117319552,1.2117001051971263,1.0,False
train,UAV_0062,telemetry_25,246,237.0,-173.62801751953413,-174.4635644350435,-0.8355469155093829,0.6707317073170623,1.0,False
train,UAV_0062,telemetry_26,246,237.0,-7618.003096887039,-7665.653489325435,-47.65039243839601,1.0060606060606305,1.0,False
train,UAV_0062,telemetry_27,246,,,,0.0,0.0,0.0,False
train,UAV_0062,telemetry_28,246,112.0,-9709.494467092394,-9656.877241302838,52.61722578955596,0.5618583365002962,0.7384195383918553,False
train,UAV_0063,telemetry_01,231,52.0,96.55128543046686,76.92049060308408,-19.630794827382786,1.2068298518648881,0.4963435877397455,False
train,UAV_0063,telemetry_02,231,25.0,4.746705687912723,17.42686114777248,12.680155459859758,1.2376041944295118,0.5204239056496005,False
train,UAV_0063,telemetry_03,231,,,,0.0,0.0,0.0,False
train,UAV_0063,telemetry_04,231,157.0,-125.91083575077792,-125.8617650576212,0.049070693156721745,1.150000000001432,0.46376811594253264,False
train,UAV_0063,telemetry_05,231,47.0,-113.52764938686349,-113.52332386917607,0.004325517687419733,0.968046286061022,0.3849266434603072,False
train,UAV_0063,telemetry_06,231,152.0,-137.3998955516484,-136.32346828148218,1.0764272701662208,0.45938001068946804,1.3728912158231252,False
train,UAV_0063,telemetry_07,231,11.0,140.5912754437698,140.5912754437698,0.0,0.0,0.0,False
train,UAV_0063,telemetry_08,231,,,,0.0,0.0,0.0,False
train,UAV_0063,telemetry_09,231,37.0,-147.5096603820221,-159.9534789668437,-12.4438185848216,0.9498731785299572,0.4457386142478585,False
train,UAV_0063,telemetry_10,231,60.0,-61.89472266234924,-63.47429164179947,-1.5795689794502294,0.9831923570445154,0.35020209872087177,False
train,UAV_0063,telemetry_11,231,58.0,62.45388720655485,62.63550916118246,0.18162195462760877,0.4358974358974394,1.2897058823528942,False
train,UAV_0063,telemetry_12,231,34.0,637.9936554072966,636.4621353611183,-1.5315200461783434,0.370967741935483,1.3913043478260256,False
train,UAV_0063,telemetry_13,231,170.0,7133.661148321296,7139.4955007671315,5.834352445835066,0.7447405635789504,1.529155478063999,False
train,UAV_0063,telemetry_14,231,,,,0.0,0.0,0.0,False
train,UAV_0063,telemetry_15,231,94.0,49948.920471877806,49970.56921929757,21.648747419763822,0.23845108695653447,1.358974358974359,False
train,UAV_0063,telemetry_16,231,188.0,-698.0678180856652,-699.8021254719972,-1.7343073863320342,0.3333333333333552,1.0,False
train,UAV_0063,telemetry_17,231,,,,0.0,0.0,0.0,False
train,UAV_0063,telemetry_18,231,162.0,-103.32168025050998,-103.32979367861046,-0.00811342810047222,0.030881528513071375,0.7855606969735089,False
train,UAV_0063,telemetry_19,231,197.0,33505.89754425686,33506.639073764585,0.7415295077225892,0.39564731181264234,1.3488853950501696,False
train,UAV_0063,telemetry_20,231,,,,0.0,0.0,0.0,False
train,UAV_0063,telemetry_21,231,212.0,34962.96942569252,34963.70519449205,0.7357687995317974,0.3571428571441185,1.2,False
train,UAV_0063,telemetry_22,231,204.0,23140.572371483424,23240.874215107724,100.30184362430009,0.7539009033670894,0.9310094408133492,False
train,UAV_0063,telemetry_23,231,189.0,-17370.150515400608,-17380.2641197041,-10.113604303493048,0.2921137572758678,1.2469037961175695,False
train,UAV_0063,telemetry_24,231,213.0,-3634.8527549901473,-3629.089552688981,5.76320230116653,0.2822221082249247,1.0153013407486504,False
train,UAV_0063,telemetry_25,231,215.0,-173.52167518483293,-174.1293456688398,-0.6076704840068601,0.4878048780488016,1.024999999999979,False
train,UAV_0063,telemetry_26,231,201.0,-7459.83824005839,-7451.9443497448,7.893890313589509,0.16666666666666666,1.6818181818181086,False
train,UAV_0063,telemetry_27,231,,,,0.0,0.0,0.0,False
train,UAV_0063,telemetry_28,231,208.0,-9849.983462445434,-9904.691464837044,-54.708002391609625,0.5841841099707931,1.205121126702035,False
train,UAV_0064,telemetry_01,195,110.0,92.34461303285892,76.84610734563773,-15.498505687221183,0.9527917482254042,0.406160600115047,False
train,UAV_0064,telemetry_02,195,102.0,6.954470862987057,20.303207576558716,13.34873671357166,1.3028588331861206,0.3974498902903079,False
train,UAV_0064,telemetry_03,195,,,,0.0,0.0,0.0,False
train,UAV_0064,telemetry_04,195,140.0,-125.91652510650621,-125.87456610800992,0.04195899849629825,0.9833333333338773,0.7796610169496921,False
train,UAV_0064,telemetry_05,195,105.0,-113.52144516474868,-113.52593304135516,-0.004487876606475538,1.0043820405206485,0.6367928670743056,False
train,UAV_0064,telemetry_06,195,181.0,-136.222651067697,-134.86694132952954,1.3557097381674623,0.5785676109032567,0.9976905311778,False
train,UAV_0064,telemetry_07,195,11.0,140.5912754437698,140.5912754437698,0.0,0.0,0.0,False
train,UAV_0064,telemetry_08,195,,,,0.0,0.0,0.0,False
train,UAV_0064,telemetry_09,195,30.0,-143.18681353339338,-154.38361674158097,-11.196803208187589,0.8546848365105801,0.8346656276361343,False
train,UAV_0064,telemetry_10,195,157.0,-62.90520866473498,-61.69093187561809,1.2142767891168873,0.7558186276941227,0.31901990527183344,False
train,UAV_0064,telemetry_11,195,184.0,62.85452387117458,63.05350674793571,0.19898287676112858,0.47756410256410253,1.0,False
train,UAV_0064,telemetry_12,195,163.0,635.5964935958871,633.332507440667,-2.2639861552200955,0.5483870967741766,1.1764705882352882,False
train,UAV_0064,telemetry_13,195,186.0,7141.937821797992,7149.338158931091,7.4003371330991286,0.9446346099836358,1.0,False
train,UAV_0064,telemetry_14,195,,,,0.0,0.0,0.0,False
train,UAV_0064,telemetry_15,195,185.0,50493.037992496465,50685.656334923595,192.6183424271294,2.1216032608696787,1.0497918667947361,False
train,UAV_0064,telemetry_16,195,45.0,-692.8648959266694,-696.3335106993333,-3.468614772663841,0.6666666666666666,1.0,False
train,UAV_0064,telemetry_17,195,,,,0.0,0.0,0.0,False
train,UAV_0064,telemetry_18,195,65.0,-103.32318978251661,-103.3314539392814,-0.008264156764795416,0.03145523564246136,0.609105049049866,False
train,UAV_0064,telemetry_19,195,89.0,33504.579762832844,33504.02710520813,-0.5526576247139019,0.2948736379248937,0.038282820165428166,False
train,UAV_0064,telemetry_20,195,,,,0.0,0.0,0.0,False
train,UAV_0064,telemetry_21,195,38.0,34961.056426813746,34960.46781177412,-0.5886150396254379,0.2857142857152948,0.25,False
train,UAV_0064,telemetry_22,195,147.0,23033.642010960208,23125.130112334293,91.48810137408509,0.6876539830276116,1.2667197452229657,False
train,UAV_0064,telemetry_23,195,186.0,-17558.112705031468,-17629.46111704818,-71.34841201671225,2.060773991589735,1.0,False
train,UAV_0064,telemetry_24,195,186.0,-3638.1528481223277,-3631.2673469344663,6.885501187861337,0.33718071306122965,1.0,False
train,UAV_0064,telemetry_25,195,179.0,-173.02034703552732,-173.7495516163355,-0.7292045808081866,0.5853658536585254,1.0833333333333464,False
train,UAV_0064,telemetry_26,195,185.0,-7459.981765336819,-7452.446688219302,7.535077117517176,0.15909090909090734,1.0761904761905428,False
train,UAV_0064,telemetry_27,195,,,,0.0,0.0,0.0,False
train,UAV_0064,telemetry_28,195,184.0,-9848.765761765811,-9911.461180881022,-62.695419115210825,0.669475506579316,1.0,False
train,UAV_0065,telemetry_01,234,178.0,93.98786165917329,78.24594687617383,-15.741914782999459,0.9677556539451517,0.5710652297839789,False
train,UAV_0065,telemetry_02,234,111.0,17.278148874350702,6.9381031611067066,-10.340045713243995,1.0092056036547359,0.6680755570491922,False
train,UAV_0065,telemetry_03,234,,,,0.0,0.0,0.0,False
train,UAV_0065,telemetry_04,234,78.0,-125.87598844694199,-125.91936978437036,-0.04338133742837158,1.0166666666671218,0.606557377049422,False
train,UAV_0065,telemetry_05,234,45.0,-113.5271221689614,-113.52244635285336,0.004675816108033359,1.046442702303709,0.26668467176951793,False
train,UAV_0065,telemetry_06,234,144.0,-137.85764327386568,-136.65785581043434,1.1997874634313348,0.5120256547300841,1.3460334029227163,False
train,UAV_0065,telemetry_07,234,11.0,140.5912754437698,140.5912754437698,0.0,0.0,0.0,False
train,UAV_0065,telemetry_08,234,,,,0.0,0.0,0.0,False
train,UAV_0065,telemetry_09,234,145.0,-145.71394297238498,-161.51528368107122,-15.80134070868624,1.2061626920776736,0.5512439906751808,False
train,UAV_0065,telemetry_10,234,219.0,-61.86744194341567,-63.16167847429847,-1.2942365308827988,0.8055890448131393,0.6499353179149373,False
train,UAV_0065,telemetry_11,234,219.0,62.88657480434415,63.09089950330022,0.20432469895607142,0.490384615384647,0.9620915032679399,False
train,UAV_0065,telemetry_12,234,200.0,634.5976761744664,632.3336900192463,-2.2639861552200955,0.5483870967741766,1.0294117647058396,False
train,UAV_0065,telemetry_13,234,225.0,7142.966155800812,7147.829940799258,4.863784998446135,0.6208500453988546,1.0,False
train,UAV_0065,telemetry_14,234,,,,0.0,0.0,0.0,False
train,UAV_0065,telemetry_15,234,225.0,49937.54100208024,49885.7320338962,-51.80896818403562,0.5706521739129137,1.0,False
train,UAV_0065,telemetry_16,234,118.0,-692.8648959266694,-696.3335106993333,-3.468614772663841,0.6666666666666666,1.0,False
train,UAV_0065,telemetry_17,234,,,,0.0,0.0,0.0,False
train,UAV_0065,telemetry_18,234,42.0,-103.33105051886776,-103.32421784199609,0.006832676871667331,0.02600670185525119,0.5379694830931965,False
train,UAV_0065,telemetry_19,234,206.0,33506.14376169587,33507.05923410662,0.9154724107502261,0.4884555430091785,1.2336220621756742,False
train,UAV_0065,telemetry_20,234,,,,0.0,0.0,0.0,False
train,UAV_0065,telemetry_21,234,202.0,34962.60154129275,34963.55804073215,0.9564994393949746,0.4642857142891199,1.6153846153822748,False
train,UAV_0065,telemetry_22,234,11.0,23007.200784209577,22926.711650436984,-80.48913377259305,0.6049822064057383,0.32307692307681807,False
train,UAV_0065,telemetry_23,234,167.0,-17362.037744132605,-17377.40851875407,-15.37077462146408,0.44395791966724074,0.07204056957267212,False
train,UAV_0065,telemetry_24,234,225.0,-3632.943710457443,-3627.638330371713,5.305380085730121,0.259802705941143,1.0,False
train,UAV_0065,telemetry_25,234,166.0,-172.29114245471914,-172.80766236612493,-0.5165199114057941,0.41463414634145174,1.9411764705882806,False
train,UAV_0065,telemetry_26,234,220.0,-7451.944349744801,-7441.754054976349,10.190294768452077,0.21515151515151865,1.0774647887323932,False
train,UAV_0065,telemetry_27,234,,,,0.0,0.0,0.0,False
train,UAV_0065,telemetry_28,234,225.0,-9890.711896167708,-9942.581412385724,-51.86951621801563,0.5538741288620747,1.0,False
train,UAV_0066,telemetry_01,165,22.0,80.44172296441715,96.27277897006081,15.83105600564366,0.9732357320298504,0.34575125894026865,False
train,UAV_0066,telemetry_02,165,21.0,4.872839178192111,13.6868875873239,8.81404840913179,0.8602657369286633,0.8850801420462412,False
train,UAV_0066,telemetry_03,165,,,,0.0,0.0,0.0,False
train,UAV_0066,telemetry_04,165,80.0,-125.9143915981081,-125.87101026067972,0.04338133742837158,1.0166666666671218,0.44262295081976877,False
train,UAV_0066,telemetry_05,165,35.0,-113.5228397237386,-113.52773530131222,-0.004895577573620358,1.0956250859983934,0.6565083432078587,False
train,UAV_0066,telemetry_06,165,128.0,-137.73428308060053,-135.92270420183914,1.8115788787613951,0.7731159807589382,1.1009332872450597,False
train,UAV_0066,telemetry_07,165,11.0,140.5912754437698,140.5912754437698,0.0,0.0,0.0,False
train,UAV_0066,telemetry_08,165,,,,0.0,0.0,0.0,False
train,UAV_0066,telemetry_09,165,27.0,-158.05417938382533,-146.8010327062333,11.253146677592042,0.8589856988228847,0.48516549101602,False
train,UAV_0066,telemetry_10,165,131.0,-61.16729387279445,-62.842287725513145,-1.6749938527186927,1.0425889438919913,0.7625582361473179,False
train,UAV_0066,telemetry_11,165,103.0,62.46270121317649,62.605327865781106,0.14262665260461915,0.34230769230768776,2.2191011235955296,False
train,UAV_0066,telemetry_12,165,145.0,634.93061531494,632.4002778473409,-2.530337467599111,0.6129032258064765,1.1578947368420438,False
train,UAV_0066,telemetry_13,165,150.0,7139.812658208942,7146.925135426087,7.11247721714517,0.9078900084139483,0.7686308085069199,False
train,UAV_0066,telemetry_14,165,,,,0.0,0.0,0.0,False
train,UAV_0066,telemetry_15,165,147.0,50073.847930278745,50110.17588535066,36.32795507191622,0.4001358695652922,1.101867572155983,False
train,UAV_0066,telemetry_16,165,152.0,-698.0678180856652,-700.6692791651632,-2.6014610794979944,0.5000000000000219,1.3333333333333188,False
train,UAV_0066,telemetry_17,165,,,,0.0,0.0,0.0,False
train,UAV_0066,telemetry_18,165,105.0,-103.32124696661269,-103.33049630432711,-0.009249337714422268,0.035205055473201664,0.5727462843195369,False
train,UAV_0066,telemetry_19,165,134.0,33504.81850763557,33505.80159223292,0.983084597348352,0.5245304120396511,1.4696853198278927,False
train,UAV_0066,telemetry_20,165,,,,0.0,0.0,0.0,False
train,UAV_0066,telemetry_21,165,151.0,34962.16008001304,34963.33731009229,1.1772300792508759,0.5714285714305896,1.1874999999969098,False
train,UAV_0066,telemetry_22,165,125.0,23015.067595474226,23116.607733464258,101.54013799003224,0.7632083219271772,1.2754662840746618,False
train,UAV_0066,telemetry_23,165,146.0,-17402.160312233806,-17419.638917087777,-17.478604853971774,0.5048389063501811,1.0673865075026374,False
train,UAV_0066,telemetry_24,165,144.0,-3638.678593295529,-3633.691806828579,4.9867864669499795,0.24420128193058208,1.3846316633936513,False
train,UAV_0066,telemetry_25,165,133.0,-172.36710126522,-173.21783994282953,-0.8507386776095416,0.6829268292682721,1.4107142857143042,False
train,UAV_0066,telemetry_26,165,70.0,-7482.586996689371,-7473.831954705209,8.755041984161835,0.18484848484846214,1.8196721311478306,False
train,UAV_0066,telemetry_27,165,,,,0.0,0.0,0.0,False
train,UAV_0066,telemetry_28,165,152.0,-9844.000759937337,-9900.71728189684,-56.71652195950264,0.6056315246968781,1.04043067794205,False
train,UAV_0067,telemetry_01,263,15.0,75.6487977327007,95.2795915806001,19.630793847899398,1.2068297916498127,0.5119669297722331,False
train,UAV_0067,telemetry_02,263,170.0,15.42972772338487,4.433416679831666,-10.996311043553204,1.0732581878695298,0.4980750605556848,False
train,UAV_0067,telemetry_03,263,,,,0.0,0.0,0.0,False
train,UAV_0067,telemetry_04,263,71.0,-125.9087022423798,-125.86389856601932,0.04480367636048754,1.0500000000013654,0.33333333333375625,False
train,UAV_0067,telemetry_05,263,27.0,-113.52417002336928,-113.52806318761569,-0.0038931642464064,0.8712860429909428,0.42460753519252764,False
train,UAV_0067,telemetry_06,263,142.0,-137.56270595900335,-136.0197642523777,1.5429417066256406,0.6584714056653928,1.1574675324675592,False
train,UAV_0067,telemetry_07,263,11.0,140.5912754437698,140.5912754437698,0.0,0.0,0.0,False
train,UAV_0067,telemetry_08,263,,,,0.0,0.0,0.0,False
train,UAV_0067,telemetry_09,263,24.0,-165.66233334119556,-152.69451126498603,12.96782207620953,0.9898719022764256,0.8308080882050652,False
train,UAV_0067,telemetry_10,263,140.0,-61.58767703423946,-63.142959425693775,-1.5552823914543126,0.9680753295471879,0.5994815549447379,False
train,UAV_0067,telemetry_11,263,253.0,62.93758920630573,63.112266792079936,0.1746775857742051,0.4192307692307844,0.952599388379185,False
train,UAV_0067,telemetry_12,263,150.0,636.3289597049289,634.5310883463717,-1.797871358557245,0.43548387096775526,1.7407407407406283,False
train,UAV_0067,telemetry_13,263,232.0,7138.613641464481,7145.061449885572,6.447808421091395,0.8230466914628448,0.9347828589269765,False
train,UAV_0067,telemetry_14,263,,,,0.0,0.0,0.0,False
train,UAV_0067,telemetry_15,263,219.0,50007.668141157934,49979.358240685935,-28.309900471998844,0.3118206521739297,0.9716775599131967,False
train,UAV_0067,telemetry_16,263,205.0,-698.0678180856652,-699.8021254719972,-1.7343073863320342,0.3333333333333552,1.0,False
train,UAV_0067,telemetry_17,263,,,,0.0,0.0,0.0,False
train,UAV_0067,telemetry_18,263,193.0,-103.32257306539037,-103.32918190306125,-0.00660883767088194,0.025154719613491403,0.6430904153865715,False
train,UAV_0067,telemetry_19,263,175.0,33505.24287463809,33505.96658559563,0.723710957536241,0.3861401224045241,1.7994594795549703,False
train,UAV_0067,telemetry_20,263,,,,0.0,0.0,0.0,False
train,UAV_0067,telemetry_21,263,117.0,34961.64504185337,34962.3808106529,0.7357687995317974,0.3571428571441185,1.3999999999901112,False
train,UAV_0067,telemetry_22,263,70.0,23016.451571530044,23097.304909527844,80.85333799779983,0.6077196824527586,1.1261261261260942,False
train,UAV_0067,telemetry_23,263,23.0,-17380.89511273845,-17369.213409806925,11.681702931524342,0.33740554131918343,0.35666432556568145,False
train,UAV_0067,telemetry_24,263,245.0,-3633.1966128937247,-3628.52143471795,4.675178175774818,0.2289419270996715,1.1661017104945473,False
train,UAV_0067,telemetry_25,263,225.0,-173.4912916606326,-173.9622362857379,-0.47094462510528956,0.3780487804877996,1.3225806451612787,False
train,UAV_0067,telemetry_26,263,253.0,-7448.212692505648,-7440.175276913631,8.037415592017169,0.1696969696969435,1.0267857142856567,False
train,UAV_0067,telemetry_27,263,,,,0.0,0.0,0.0,False
train,UAV_0067,telemetry_28,263,189.0,-9807.050145207093,-9853.760547079499,-46.71040187240578,0.49878396854779733,1.5138473448354504,False
train,UAV_0068,telemetry_01,201,116.0,174.3009340975243,194.37933524440703,20.078401146882726,1.2343470600577222,1.2164222140396206,False
train,UAV_0068,telemetry_02,201,97.0,3.3401133726703325,14.048756296650488,10.708642923980156,1.0451813024942465,0.7452695090077825,False
train,UAV_0068,telemetry_03,201,,,,0.0,0.0,0.0,False
train,UAV_0068,telemetry_04,201,119.0,-125.90656873398166,-125.86389856601932,0.04267016796234202,1.0000000000006661,0.39999999999966696,False
train,UAV_0068,telemetry_05,201,65.0,-113.52764231469831,-113.523725621524,0.003916693174318198,0.8765517921858329,0.4668366352757625,False
train,UAV_0068,telemetry_06,201,175.0,-137.12186547139603,-135.7260793252643,1.3957861461317407,0.5956707642971527,1.434724091520859,False
train,UAV_0068,telemetry_07,201,11.0,140.5912754437698,140.5912754437698,0.0,0.0,0.0,False
train,UAV_0068,telemetry_08,201,,,,0.0,0.0,0.0,False
train,UAV_0068,telemetry_09,201,182.0,-159.79875741750544,-147.86242501382,11.93633240368544,0.9111352695312025,0.9624784710317396,False
train,UAV_0068,telemetry_10,201,139.0,-63.09104904801537,-61.23720722486639,1.8538418231489828,1.1539116907220706,0.24294052215800696,False
train,UAV_0068,telemetry_11,201,183.0,62.70602121415553,62.943198119610415,0.2371769054548878,0.5692307692307988,1.173423423423367,False
train,UAV_0068,telemetry_12,201,182.0,635.1969666273188,632.66662915972,-2.5303374675988834,0.6129032258064214,1.1578947368421029,False
train,UAV_0068,telemetry_13,201,177.0,7137.635189332335,7142.878803316711,5.24361398437577,0.6693342697701112,1.007847837860763,False
train,UAV_0068,telemetry_14,201,,,,0.0,0.0,0.0,False
train,UAV_0068,telemetry_15,201,191.0,50592.92444960846,50789.7676900363,196.84324042784283,2.168138586956531,1.080369732100934,False
train,UAV_0068,telemetry_16,201,188.0,-698.0678180856652,-701.5364328583291,-3.4686147726639547,0.6666666666666885,1.0,False
train,UAV_0068,telemetry_17,201,,,,0.0,0.0,0.0,False
train,UAV_0068,telemetry_18,201,171.0,-101.80127889255282,-101.71531947435724,0.0859594181955714,0.32718084034282174,1.323557801548265,False
train,UAV_0068,telemetry_19,201,134.0,33504.439550863026,33503.53029402159,-0.9092568414343987,0.48513919043577247,0.13964223008547985,False
train,UAV_0068,telemetry_20,201,,,,0.0,0.0,0.0,False
train,UAV_0068,telemetry_21,201,64.0,34960.83569617389,34960.09992737435,-0.7357687995390734,0.35714285714765026,0.10000000000395556,False
train,UAV_0068,telemetry_22,201,182.0,23104.880357412323,23213.923102441793,109.0427450294701,0.8196003284971358,1.0514362057448159,False
train,UAV_0068,telemetry_23,201,192.0,-17581.585381491117,-17652.8778164077,-71.29243491658417,2.059157191035834,1.0,False
train,UAV_0068,telemetry_24,201,178.0,-3643.344292876137,-3638.3537215612105,4.990571314926456,0.24438662468265165,1.2805237032445258,False
train,UAV_0068,telemetry_25,201,192.0,-173.12668937022852,-173.8103186647362,-0.6836292945076821,0.5487804878048733,1.0,False
train,UAV_0068,telemetry_26,201,168.0,-7015.566475571117,-6980.074695928803,35.491779642314214,0.7493512542059336,1.1493354429448788,False
train,UAV_0068,telemetry_27,201,,,,0.0,0.0,0.0,False
train,UAV_0068,telemetry_28,201,176.0,-9794.253717452808,-9848.935576139042,-54.68185868623368,0.5839049417213831,1.460238609784154,False
train,UAV_0069,telemetry_01,170,17.0,78.61029522721151,92.919770301251,14.309475074039497,0.8796944716562831,0.5353630468083631,False
train,UAV_0069,telemetry_02,170,57.0,15.411804523144674,2.9276000827182154,-12.48420444042646,1.2184790500792648,0.390199711908687,False
train,UAV_0069,telemetry_03,170,,,,0.0,0.0,0.0,False
train,UAV_0069,telemetry_04,170,67.0,-125.87598844694199,-125.92648147903076,-0.050493032088766654,1.1833333333340106,0.5492957746482203,False
train,UAV_0069,telemetry_05,170,59.0,-113.52363005238759,-113.52720471227701,-0.003574659889423515,0.800005104580202,0.38937600064256406,False
train,UAV_0069,telemetry_06,170,133.0,-136.65034148394105,-135.34410106185453,1.3062404220865176,0.5574559059326497,1.3662511984659609,False
train,UAV_0069,telemetry_07,170,11.0,140.5912754437698,140.5912754437698,0.0,0.0,0.0,False
train,UAV_0069,telemetry_08,170,,,,0.0,0.0,0.0,False
train,UAV_0069,telemetry_09,170,81.0,-161.9923833780062,-146.78394174390186,15.208441634104332,1.1609049663496942,0.6802280346699984,False
train,UAV_0069,telemetry_10,170,19.0,-63.199582159396016,-61.85088221480705,1.3486999445889651,0.8394894396620516,0.6904630116760817,False
train,UAV_0069,telemetry_11,170,157.0,62.89164953542934,63.11093133653121,0.21928180110187157,0.5262820512820762,1.0,False
train,UAV_0069,telemetry_12,170,129.0,634.7308518306559,632.6000413316252,-2.1308104990306447,0.5161290322580405,1.2500000000000133,False
train,UAV_0069,telemetry_13,170,106.0,7136.356470414032,7142.25504331127,5.8985728972384095,0.752938144307136,1.1394521342581063,False
train,UAV_0069,telemetry_14,170,,,,0.0,0.0,0.0,False
train,UAV_0069,telemetry_15,170,16.0,49908.52181216286,49939.79222510253,31.270412939673406,0.34442934782626566,0.6696252465483221,False
train,UAV_0069,telemetry_16,170,109.0,-696.3335106993333,-698.9349717788311,-2.6014610794978807,0.5,1.333333333333377,False
train,UAV_0069,telemetry_17,170,,,,0.0,0.0,0.0,False
train,UAV_0069,telemetry_18,170,54.0,-103.32797827038976,-103.32060769329306,0.007370577096708075,0.028054070850339275,0.22798148191337367,False
train,UAV_0069,telemetry_19,170,89.0,33505.526474708415,33506.33040592239,0.8039312139735557,0.4289420992399734,1.3118292914281373,False
train,UAV_0069,telemetry_20,170,,,,0.0,0.0,0.0,False
train,UAV_0069,telemetry_21,170,160.0,34963.705194492046,34964.51454017154,0.8093456794958911,0.39285714286382795,1.09090909090337,False
train,UAV_0069,telemetry_22,170,70.0,23010.26009970138,23086.67014615156,76.41004645017892,0.5743224746783724,1.582459485223988,False
train,UAV_0069,telemetry_23,170,37.0,-17357.986484895504,-17346.338619490554,11.647865404949698,0.33642820359387543,0.3424821976842736,False
train,UAV_0069,telemetry_24,170,152.0,-3635.3990084357756,-3631.305710768199,4.093297667576735,0.20044743130079704,1.1824207264265778,False
train,UAV_0069,telemetry_25,170,158.0,-173.77993514053585,-174.4331809108432,-0.6532457703073362,0.5243902439024309,0.9302325581395025,False
train,UAV_0069,telemetry_26,170,160.0,-7448.8585562585795,-7443.117545121424,5.74101113715551,0.12121212121211074,0.7750000000001822,False
train,UAV_0069,telemetry_27,170,,,,0.0,0.0,0.0,False
train,UAV_0069,telemetry_28,170,65.0,-9790.940038040077,-9822.474650784441,-31.534612744364495,0.33673354672086364,1.5469285250071805,False
train,UAV_0070,telemetry_01,172,72.0,75.5792301014117,88.6510373150548,13.071807213643098,0.8036071540639951,0.8434260776515263,False
train,UAV_0070,telemetry_02,172,20.0,15.709548936223014,7.152007116477476,-8.557541819745538,0.8352302685601434,0.4848485550041505,False
train,UAV_0070,telemetry_03,172,,,,0.0,0.0,0.0,False
train,UAV_0070,telemetry_04,172,138.0,-125.90941341184583,-125.86958792174764,0.03982549009819536,0.933333333334177,0.6428571428577036,False
train,UAV_0070,telemetry_05,172,89.0,-113.52362957622503,-113.52856662869891,-0.004937052473877657,1.1049071248340223,0.46194185925610426,False
train,UAV_0070,telemetry_06,172,101.0,-138.0636610585572,-136.79812323830942,1.265537820247772,0.5400855157669633,1.325086590796614,False
train,UAV_0070,telemetry_07,172,11.0,140.5912754437698,140.5912754437698,0.0,0.0,0.0,False
train,UAV_0070,telemetry_08,172,,,,0.0,0.0,0.0,False
train,UAV_0070,telemetry_09,172,27.0,-160.80738627271654,-148.64619457939844,12.161191693318102,0.9282994387698869,0.6817622915423788,False
train,UAV_0070,telemetry_10,172,122.0,-63.218715988947935,-61.16693041134344,2.051785577604491,1.2771204831440948,0.4665769034028126,False
train,UAV_0070,telemetry_11,172,111.0,62.48326722862697,62.703083211948325,0.21981598332135377,0.5275641025641017,1.4179829890643856,False
train,UAV_0070,telemetry_12,172,63.0,638.7927093444332,636.7284866734972,-2.064222670936033,0.5,1.6451612903226127,False
train,UAV_0070,telemetry_13,172,161.0,7140.387362176041,7145.07657071935,4.689208543308268,0.5985657955538177,1.0305901662491888,False
train,UAV_0070,telemetry_14,172,,,,0.0,0.0,0.0,False
train,UAV_0070,telemetry_15,172,21.0,50021.08296327702,50044.73622434676,23.65326106973953,0.260529891304335,0.382007822686033,False
train,UAV_0070,telemetry_16,172,150.0,-698.0678180856652,-699.8021254719972,-1.7343073863320342,0.3333333333333552,1.0,False
train,UAV_0070,telemetry_17,172,,,,0.0,0.0,0.0,False
train,UAV_0070,telemetry_18,172,24.0,-103.3324377135439,-103.32362028524939,0.008817428294506158,0.03356111127340933,0.5152835435953567,False
train,UAV_0070,telemetry_19,172,155.0,33505.714787510515,33506.78902326232,1.0742357518029166,0.5731646320578505,1.0916680521744613,False
train,UAV_0070,telemetry_20,172,,,,0.0,0.0,0.0,False
train,UAV_0070,telemetry_21,172,162.0,34963.19015633238,34963.999502011866,0.8093456794886151,0.3928571428602962,1.1818181818173645,False
train,UAV_0070,telemetry_22,172,162.0,23143.631686975234,23243.205122149106,99.57343517387199,0.7484259512729394,1.0907095830285176,False
train,UAV_0070,telemetry_23,172,44.0,-17382.979478376117,-17373.32769541275,9.651782963366713,0.27877485624650017,0.04148602441134053,False
train,UAV_0070,telemetry_24,172,163.0,-3633.6630859378856,-3628.1663447964766,5.496741141409075,0.2691735934692331,1.0,False
train,UAV_0070,telemetry_25,172,163.0,-173.4912916606326,-174.2812632898415,-0.7899716292088783,0.6341463414634102,1.0,False
train,UAV_0070,telemetry_26,172,153.0,-7458.618275191744,-7451.083198074227,7.535077117517176,0.15909090909090734,1.2571428571428709,False
train,UAV_0070,telemetry_27,172,,,,0.0,0.0,0.0,False
train,UAV_0070,telemetry_28,172,152.0,-9832.257009490206,-9896.127422149668,-63.87041265946209,0.6820223466733188,1.0925377401731065,False
train,UAV_0071,telemetry_01,409,115.0,92.64544125203024,78.96236644593661,-13.683074806093629,0.841185661940705,0.3797993234096958,False
train,UAV_0071,telemetry_02,409,145.0,18.194131986781436,3.8377746819376286,-14.356357304843808,1.4012042733583303,0.530308403191714,False
train,UAV_0071,telemetry_03,409,,,,0.0,0.0,0.0,False
train,UAV_0071,telemetry_04,409,50.0,-125.93643785155533,-125.87101026067971,0.06542759087561478,1.5333333333349097,0.6739130434783789,False
train,UAV_0071,telemetry_05,409,242.0,-113.52334821683507,-113.52801063750084,-0.004662420665766831,1.0434448164844068,0.45048970260550864,False
train,UAV_0071,telemetry_06,409,301.0,-138.0849516502882,-139.36489192964814,-1.2799402793599484,0.5462319615179005,1.5724070450097793,False
train,UAV_0071,telemetry_07,409,349.0,140.5912754437698,140.67722414279535,0.08594869902555047,2.8695647601215146,1.0,False
train,UAV_0071,telemetry_08,409,,,,0.0,0.0,0.0,False
train,UAV_0071,telemetry_09,409,130.0,-151.51014132304937,-165.52306551293879,-14.012924189889418,1.0696476125893644,0.1430619852890208,False
train,UAV_0071,telemetry_10,409,36.0,-61.98497867739806,-63.68274421014419,-1.697765532746132,1.0567630268546955,0.16865808565576937,False
train,UAV_0071,telemetry_11,409,399.0,61.81153308761455,61.493427575906495,-0.3181055117080547,0.7634615384615274,0.9647355163728133,False
train,UAV_0071,telemetry_12,409,183.0,638.3931823758649,636.0626083925501,-2.330573983314707,0.5645161290322172,0.3428571428572432,False
train,UAV_0071,telemetry_13,409,273.0,7128.677726106578,7134.697688446129,6.019962339551057,0.768433204387881,1.1616154965128458,False
train,UAV_0071,telemetry_14,409,,,,0.0,0.0,0.0,False
train,UAV_0071,telemetry_15,409,400.0,50231.89612191163,50302.4858410624,70.58971915076836,0.7775135869565633,1.0,False
train,UAV_0071,telemetry_16,409,388.0,-698.9349717788311,-701.5364328583291,-2.6014610794979944,0.5000000000000219,1.0,False
train,UAV_0071,telemetry_17,409,,,,0.0,0.0,0.0,False
train,UAV_0071,telemetry_18,409,227.0,-102.9830871038601,-102.89247982752289,0.09060727633720944,0.34487163170108276,0.9930247990393976,False
train,UAV_0071,telemetry_19,409,103.0,33496.90849483282,33502.711724793786,5.803229960962199,3.096346551247748,1.1334506742194574,True
train,UAV_0071,telemetry_20,409,,,,0.0,0.0,0.0,False
train,UAV_0071,telemetry_21,409,132.0,34953.036546898875,34958.922697295115,5.886150396239827,2.8571428571458846,1.237499999998733,False
train,UAV_0071,telemetry_22,409,347.0,23010.332940546425,23106.26433346814,95.9313929217169,0.7210511908020799,1.2596810933940872,False
train,UAV_0071,telemetry_23,409,381.0,-17436.63057849453,-17456.927088542587,-20.296510048057826,0.5862291653706334,1.5003497158997265,False
train,UAV_0071,telemetry_24,409,395.0,-3711.535831104511,-3727.576746442359,-16.040915337847764,0.7855183122044139,1.0100835565226163,False
train,UAV_0071,telemetry_25,409,400.0,-173.38494932593142,-174.235688003541,-0.85073867760957,0.682926829268295,1.0,False
train,UAV_0071,telemetry_26,409,388.0,-7591.88149621298,-7621.950042043834,-30.06854583085442,0.6348484848484813,1.3532219570405473,False
train,UAV_0071,telemetry_27,409,,,,0.0,0.0,0.0,False
train,UAV_0071,telemetry_28,409,145.0,-9713.401223430497,-9662.666374254428,50.734849176069474,0.541757904049703,0.25043906994039494,False
train,UAV_0072,telemetry_01,232,91.0,-20.92689835081459,5.905184320513868,26.832082671328457,1.6495388312192427,1.4151670873774775,False
train,UAV_0072,telemetry_02,232,126.0,3.2766549591213376,15.278497364936884,12.001842405815546,1.171399715826795,0.5961393103918479,False
train,UAV_0072,telemetry_03,232,,,,0.0,0.0,0.0,False
train,UAV_0072,telemetry_04,232,11.0,-125.858209210291,-125.91296925917602,-0.05476004888502928,1.2833333333347432,0.6753246753247293,False
train,UAV_0072,telemetry_05,232,46.0,-113.52274819838303,-113.52759314467309,-0.00484494629006349,1.0842938582592772,0.6409783163839247,False
train,UAV_0072,telemetry_06,232,210.0,-141.03620338053446,-142.34306999649542,-1.3068666159609563,0.557723142704428,0.944417824628638,False
train,UAV_0072,telemetry_07,232,180.0,140.5912754437698,140.67722414279535,0.08594869902555047,2.8695647601215146,1.0,False
train,UAV_0072,telemetry_08,232,,,,0.0,0.0,0.0,False
train,UAV_0072,telemetry_09,232,23.0,-171.34977346102053,-150.34914619413254,21.00062726688799,1.6030394880116106,0.8162259326957292,False
train,UAV_0072,telemetry_10,232,135.0,-61.43649009318405,-62.87371400772919,-1.437223914545143,0.8945906044788268,0.8165726477670225,False
train,UAV_0072,telemetry_11,232,199.0,62.06767346186143,61.85987657847867,-0.2077968833827626,0.49871794871794894,1.452442159383051,False
train,UAV_0072,telemetry_12,232,222.0,643.1209181705893,645.5846678100935,2.463749639504158,0.5967741935483534,1.21621621621623,False
train,UAV_0072,telemetry_13,232,179.0,7133.316648037201,7137.909114931965,4.592466894763675,0.5862169649804969,1.0393318996338157,False
train,UAV_0072,telemetry_14,232,,,,0.0,0.0,0.0,False
train,UAV_0072,telemetry_15,232,215.0,50175.276320967634,50249.84422874682,74.5679077791865,0.8213315217391743,1.2684036393713163,False
train,UAV_0072,telemetry_16,232,207.0,-697.2006643924992,-699.8021254719972,-2.6014610794979944,0.5000000000000219,1.0,False
train,UAV_0072,telemetry_17,232,,,,0.0,0.0,0.0,False
train,UAV_0072,telemetry_18,232,167.0,-100.82594655437623,-100.63016861300318,0.19577794137305204,0.7451747897279618,1.3676012798782786,False
train,UAV_0072,telemetry_19,232,223.0,33509.03319898832,33510.646138480384,1.61293949206447,0.8605930950902821,1.0,False
train,UAV_0072,telemetry_20,232,,,,0.0,0.0,0.0,False
train,UAV_0072,telemetry_21,232,222.0,34965.47103961093,34967.457615369654,1.986575758724939,0.9642857142838223,1.0370370370354092,False
train,UAV_0072,telemetry_22,232,56.0,23029.562923637797,22912.070640583333,-117.49228305446377,0.883109772789484,0.015499070055773482,False
train,UAV_0072,telemetry_23,232,212.0,-17434.062974110457,-17459.296624652074,-25.233650541616953,0.7288298264696916,1.246154597515333,False
train,UAV_0072,telemetry_24,232,222.0,-3714.546349091801,-3732.9902756699903,-18.443926578189348,0.9031929768956259,1.0226106748788935,False
train,UAV_0072,telemetry_25,232,216.0,-173.00515527342714,-173.71916809213516,-0.7140128187080279,0.5731707317073157,1.3404255319149012,False
train,UAV_0072,telemetry_26,232,94.0,-7840.757310994943,-7803.808721163841,36.948589831101344,0.7801094340748886,1.3168651558554285,False
train,UAV_0072,telemetry_27,232,,,,0.0,0.0,0.0,False
train,UAV_0072,telemetry_28,232,182.0,-9745.122668149594,-9793.840884676334,-48.718216526740434,0.5202238560515073,1.5665853067931346,False
train,UAV_0073,telemetry_01,215,102.0,95.52003064100039,75.4873920818701,-20.03263855913029,1.2315337426406816,0.4010266458703504,False
train,UAV_0073,telemetry_02,215,91.0,16.336577477850998,7.621796888539008,-8.714780589311989,0.8505770331450413,0.4029164776628887,False
train,UAV_0073,telemetry_03,215,,,,0.0,0.0,0.0,False
train,UAV_0073,telemetry_04,215,141.0,-125.86745441334952,-125.91368042864205,-0.04622601529253245,1.0833333333339439,0.44615384615348197,False
train,UAV_0073,telemetry_05,215,31.0,-113.52284931939141,-113.52760012734376,-0.004750807952348168,1.0632257977895867,0.6210996102679331,False
train,UAV_0073,telemetry_06,215,89.0,-136.67288446342096,-138.21582617004663,-1.542941706625669,0.6584714056654049,1.4963474025973953,False
train,UAV_0073,telemetry_07,215,176.0,140.5912754437698,140.67722414279535,0.08594869902555047,2.8695647601215146,1.0,False
train,UAV_0073,telemetry_08,215,,,,0.0,0.0,0.0,False
train,UAV_0073,telemetry_09,215,147.0,-160.18291093374174,-148.31123018799408,11.871680745747653,0.9062002188147363,0.7201428619395557,False
train,UAV_0073,telemetry_10,215,172.0,-61.105655696135784,-62.99157713947815,-1.8859214433423688,1.1738794400266979,0.7094476768026624,False
train,UAV_0073,telemetry_11,215,194.0,61.98113594230357,61.79604180324926,-0.18509413905430705,0.4442307692307584,1.424242424242451,False
train,UAV_0073,telemetry_12,215,206.0,642.1886885772634,645.6512556381883,3.4625670609249255,0.8387096774193469,1.0,False
train,UAV_0073,telemetry_13,215,81.0,7132.953142546969,7128.164695066123,-4.788447480845207,0.6112333988493636,0.5257929339634917,False
train,UAV_0073,telemetry_14,215,,,,0.0,0.0,0.0,False
train,UAV_0073,telemetry_15,215,206.0,50204.357188228096,50297.366621587076,93.00943335898046,1.0244565217391317,1.0,False
train,UAV_0073,telemetry_16,215,186.0,-694.5992033130013,-698.0678180856652,-3.468614772663841,0.6666666666666666,1.25,False
train,UAV_0073,telemetry_17,215,,,,0.0,0.0,0.0,False
train,UAV_0073,telemetry_18,215,83.0,-103.02571736496667,-103.0688335296193,-0.04311616465263057,0.16410980064234443,0.9833110438951106,False
train,UAV_0073,telemetry_19,215,81.0,33494.66133431561,33502.454654194196,7.793319878583134,4.158170413915567,1.2185065017900607,True
train,UAV_0073,telemetry_20,215,,,,0.0,0.0,0.0,False
train,UAV_0073,telemetry_21,215,82.0,34950.46135610052,34959.14342793496,8.682071834446106,4.214285714286471,1.169491525425135,True
train,UAV_0073,telemetry_22,215,197.0,23052.14358560115,23180.34347287694,128.1998872757904,0.963591568573741,1.1005681818181798,False
train,UAV_0073,telemetry_23,215,200.0,-17429.242604957566,-17464.492028958048,-35.24942400048167,1.018117911043298,1.0704822282445885,False
train,UAV_0073,telemetry_24,215,206.0,-3705.8538005087103,-3732.47464795207,-26.620847443359708,1.3036140839058121,1.0,False
train,UAV_0073,telemetry_25,215,197.0,-172.53421064832185,-173.52167518483296,-0.9874645365111121,0.7926829268292741,1.1076923076923073,False
train,UAV_0073,telemetry_26,215,206.0,-7605.659922942154,-7653.095027462907,-47.43510452075316,1.0015151515151863,1.0,False
train,UAV_0073,telemetry_27,215,,,,0.0,0.0,0.0,False
train,UAV_0073,telemetry_28,215,203.0,-9803.794575480428,-9879.8138599398,-76.01928445937301,0.8117506779835605,1.0559206609343879,False
train,UAV_0074,telemetry_01,193,76.0,80.38788489757172,97.91194015058858,17.524055253016854,1.07731516686072,0.3850292216895635,False
train,UAV_0074,telemetry_02,193,102.0,8.145757352759565,18.28380543218727,10.138048079427703,0.9894902997164476,0.3058534006955535,False
train,UAV_0074,telemetry_03,193,,,,0.0,0.0,0.0,False
train,UAV_0074,telemetry_04,193,19.0,-125.87029909121368,-125.90941341184583,-0.03911432063215159,0.9166666666673883,0.6727272727269491,False
train,UAV_0074,telemetry_05,193,28.0,-113.52549979696182,-113.52976953595864,-0.0042697389968111565,0.9555630740649131,0.10205920585816763,False
train,UAV_0074,telemetry_06,193,139.0,-137.0385816860952,-135.80811072281622,1.2304709632789752,0.5251202565472814,1.4926208651399555,False
train,UAV_0074,telemetry_07,193,11.0,140.5912754437698,140.5912754437698,0.0,0.0,0.0,False
train,UAV_0074,telemetry_08,193,,,,0.0,0.0,0.0,False
train,UAV_0074,telemetry_09,193,36.0,-157.75675851509197,-146.11481608965528,11.641942425436696,0.8886636188509536,0.4603918332631626,False
train,UAV_0074,telemetry_10,193,158.0,-61.54735490204644,-63.3873518894747,-1.8399969874282576,1.1452940634818272,0.48791239502637046,False
train,UAV_0074,telemetry_11,193,164.0,62.75570016056838,62.97044141280455,0.21474125223616625,0.515384615384604,1.0447761194030107,False
train,UAV_0074,telemetry_12,193,168.0,633.5988587530458,631.6678117382992,-1.9310470147465821,0.46774193548386384,1.2758620689654645,False
train,UAV_0074,telemetry_13,193,158.0,7139.4998054202915,7145.314525826193,5.814720405901426,0.7422345825604706,1.1881416652434746,False
train,UAV_0074,telemetry_14,193,,,,0.0,0.0,0.0,False
train,UAV_0074,telemetry_15,193,183.0,50263.93750163974,50339.73895628046,75.8014546407212,0.8349184782610211,1.0032546786004557,False
train,UAV_0074,telemetry_16,193,119.0,-696.3335106993333,-699.8021254719972,-3.4686147726639547,0.6666666666666885,1.0,False
train,UAV_0074,telemetry_17,193,,,,0.0,0.0,0.0,False
train,UAV_0074,telemetry_18,193,124.0,-103.32074063099347,-103.32870849867986,-0.00796786768638924,0.030327492904175503,0.8955099466263035,False
train,UAV_0074,telemetry_19,193,169.0,33505.499832576956,33506.209709262286,0.7098766853305278,0.37875876731066527,1.0603974866111567,False
train,UAV_0074,telemetry_20,193,,,,0.0,0.0,0.0,False
train,UAV_0074,telemetry_21,193,33.0,34961.1300036937,34961.79219561328,0.6621919195749797,0.32142857142794073,1.0,False
train,UAV_0074,telemetry_22,193,175.0,23160.093717954966,23245.098984120224,85.00526616525894,0.638926909389556,1.0839760068551798,False
train,UAV_0074,telemetry_23,193,172.0,-17447.761188161006,-17474.932880499833,-27.171692338826688,0.7848067713997084,1.3016568555292352,False
train,UAV_0074,telemetry_24,193,157.0,-3638.7707631632247,-3633.6498630277893,5.120900135435477,0.2507687838650699,1.1398653762681275,False
train,UAV_0074,telemetry_25,193,127.0,-172.27595069261895,-172.98996351132698,-0.7140128187080279,0.5731707317073157,1.5957446808510671,False
train,UAV_0074,telemetry_26,193,179.0,-7456.752446572169,-7447.710354031149,9.042092541019883,0.19090909090907346,1.031746031746062,False
train,UAV_0074,telemetry_27,193,,,,0.0,0.0,0.0,False
train,UAV_0074,telemetry_28,193,182.0,-9885.814467587112,-9937.610721370631,-51.796253783519205,0.5530918164357458,0.9558728209095411,False
train,UAV_0075,telemetry_01,259,193.0,78.40509142840756,93.69571357180897,15.290622143401407,0.9400118242030097,0.5174894685746978,False
train,UAV_0075,telemetry_02,259,163.0,16.55209580214634,5.0652519299736705,-11.48684387217267,1.1211350051630251,0.5452065739664513,False
train,UAV_0075,telemetry_03,259,,,,0.0,0.0,0.0,False
train,UAV_0075,telemetry_04,259,160.0,-125.90727990344772,-125.87172143014575,0.03555847330196116,0.8333333333341104,0.4400000000004156,False
train,UAV_0075,telemetry_05,259,130.0,-113.52273209843598,-113.52758755172557,-0.00485545328959347,1.086645313647432,0.839884865410793,False
train,UAV_0075,telemetry_06,259,195.0,-138.73118372871258,-140.03992892629688,-1.308745197584301,0.5585248530197751,1.4507177033492544,False
train,UAV_0075,telemetry_07,259,211.0,140.5912754437698,140.67722414279535,0.08594869902555047,2.8695647601215146,1.0,False
train,UAV_0075,telemetry_08,259,,,,0.0,0.0,0.0,False
train,UAV_0075,telemetry_09,259,15.0,-149.0367702300465,-162.23120843274236,-13.194438202695864,1.0071701760261154,0.3647192242841762,False
train,UAV_0075,telemetry_10,259,130.0,-63.29735357850973,-61.612632502632046,1.6847210758776825,1.0486435901844968,0.5599221216382412,False
train,UAV_0075,telemetry_11,259,226.0,62.10212821501873,61.90635043157455,-0.1957777834441785,0.4698717948718133,1.6221009549795402,False
train,UAV_0075,telemetry_12,259,79.0,636.7950745015919,638.7261215163385,1.9310470147465821,0.46774193548386384,1.3793103448275579,False
train,UAV_0075,telemetry_13,259,208.0,7131.70085086976,7138.041741794183,6.340890924422638,0.8093989392118847,1.1745683300096192,False
train,UAV_0075,telemetry_14,259,,,,0.0,0.0,0.0,False
train,UAV_0075,telemetry_15,259,250.0,50220.45497477099,50304.120290653926,83.66531588293583,0.9215353260870325,1.0,False
train,UAV_0075,telemetry_16,259,85.0,-694.5992033130013,-691.1305885403375,3.468614772663841,0.6666666666666666,0.0,False
train,UAV_0075,telemetry_17,259,,,,0.0,0.0,0.0,False
train,UAV_0075,telemetry_18,259,250.0,-102.98145712595147,-103.0676068324239,-0.08614970647244036,0.3279051202372217,1.0,False
train,UAV_0075,telemetry_19,259,248.0,33508.44577005648,33510.12268698269,1.676916926211561,0.8947286211527683,1.048086682997907,False
train,UAV_0075,telemetry_20,259,,,,0.0,0.0,0.0,False
train,UAV_0075,telemetry_21,259,250.0,34965.69177025078,34967.16330784984,1.4715375990635948,0.714285714288237,1.0,False
train,UAV_0075,telemetry_22,259,239.0,23064.745051793594,23199.136410898052,134.3913591044584,1.010128661374235,1.0059620596206185,False
train,UAV_0075,telemetry_23,259,242.0,-17436.40808649012,-17469.788986759668,-33.380900269548874,0.9641488737720469,1.1613333762434694,False
train,UAV_0075,telemetry_24,259,250.0,-3712.903579473398,-3733.6978762428407,-20.794296769442553,1.0182898268448695,1.0,False
train,UAV_0075,telemetry_25,259,243.0,-172.94438822502644,-173.94704452363771,-1.0026562986112708,0.8048780487804839,1.0757575757576006,False
train,UAV_0075,telemetry_26,259,250.0,-7610.324494491093,-7650.296284533541,-39.97179004244845,0.8439393939393887,1.0,False
train,UAV_0075,telemetry_27,259,,,,0.0,0.0,0.0,False
train,UAV_0075,telemetry_28,259,212.0,-9746.65682830628,-9802.947627189289,-56.29079888300839,0.6010855598349997,1.4171216662288513,False
train,UAV_0076,telemetry_01,153,134.0,262.26805467517175,282.5230358610743,20.254981185902523,1.2452025584828446,0.8420626642109574,False
train,UAV_0076,telemetry_02,153,37.0,14.838007910467471,5.234873214355318,-9.603134696112154,0.9372818667091817,0.15549504093402258,False
train,UAV_0076,telemetry_03,153,,,,0.0,0.0,0.0,False
train,UAV_0076,telemetry_04,153,57.0,-125.91510276757413,-125.87385493854387,0.04124782903025448,0.9666666666670886,0.5172413793104637,False
train,UAV_0076,telemetry_05,153,51.0,-113.52713553781226,-113.52318653660356,0.00394900120869579,0.8837822961276206,0.3278896029015672,False
train,UAV_0076,telemetry_06,153,25.0,-136.3303564141011,-137.8300907433902,-1.4997343292891117,0.6400320684125809,0.19958246346560105,False
train,UAV_0076,telemetry_07,153,11.0,140.5912754437698,140.5912754437698,0.0,0.0,0.0,False
train,UAV_0076,telemetry_08,153,,,,0.0,0.0,0.0,False
train,UAV_0076,telemetry_09,153,18.0,-159.62708057414955,-147.90084309181293,11.726237482336614,0.8950981078372808,0.5031442916444173,False
train,UAV_0076,telemetry_10,153,108.0,-63.541174511034455,-61.850786156166066,1.6903883548683893,1.0521711508427476,0.6898076504990096,False
train,UAV_0076,telemetry_11,153,90.0,62.657143541071925,62.82834894241942,0.17120540134749263,0.4108974358974313,1.5085803432137426,False
train,UAV_0076,telemetry_12,153,44.0,634.2647370339929,635.9294327363606,1.6646957023676805,0.40322580645159156,0.03999999999994264,False
train,UAV_0076,telemetry_13,153,88.0,7134.465058088208,7139.923147206986,5.458089118777934,0.6967114866851373,1.4613838605600484,False
train,UAV_0076,telemetry_14,153,,,,0.0,0.0,0.0,False
train,UAV_0076,telemetry_15,153,144.0,49807.247614831664,49769.901983599,-37.345631232667074,0.41134510869564744,1.0,False
train,UAV_0076,telemetry_16,153,16.0,-697.2006643924992,-694.5992033130013,2.6014610794978807,0.5,0.3333333333333333,False
train,UAV_0076,telemetry_17,153,,,,0.0,0.0,0.0,False
train,UAV_0076,telemetry_18,153,88.0,-104.26795574104743,-104.02548969547257,0.24246604557485796,0.9228801940619696,1.6473194742154376,False
train,UAV_0076,telemetry_19,153,138.0,33507.43429297661,33508.227559150066,0.7932661734521389,0.42325170584533856,0.8450798679421464,False
train,UAV_0076,telemetry_20,153,,,,0.0,0.0,0.0,False
train,UAV_0076,telemetry_21,153,144.0,34964.36738641163,34965.39746273097,1.0300763193445164,0.5000000000017659,1.0,False
train,UAV_0076,telemetry_22,153,79.0,23071.883454607814,23138.605668667264,66.72221405944947,0.501505611825909,1.283842794759807,False
train,UAV_0076,telemetry_23,153,139.0,-17321.074150374356,-17311.079000698664,9.99514967569121,0.2886924026968718,0.9567744934932801,False
train,UAV_0076,telemetry_24,153,144.0,-3631.2852750762895,-3627.4663188207433,3.8189562555462544,0.18701302320081184,1.0,False
train,UAV_0076,telemetry_25,153,136.0,-173.8255104268364,-174.34203033824215,-0.5165199114057657,0.4146341463414289,1.1176470588235004,False
train,UAV_0076,telemetry_26,153,96.0,-7664.336743843496,-7617.793582706179,46.54316113731693,0.9826832163517616,1.521164397604072,False
train,UAV_0076,telemetry_27,153,,,,0.0,0.0,0.0,False
train,UAV_0076,telemetry_28,153,95.0,-9815.75398473127,-9851.440274721337,-35.68628999006796,0.3810660715918365,1.6715695518746485,False
train,UAV_0077,telemetry_01,255,221.0,100.5738498773342,83.50786199116169,-17.065987886172508,1.0491548515329985,0.7740897796220996,False
train,UAV_0077,telemetry_02,255,66.0,3.6289802311505417,14.686660743379337,11.057680512228796,1.0792479497524383,0.7559691767520305,False
train,UAV_0077,telemetry_03,255,,,,0.0,0.0,0.0,False
train,UAV_0077,telemetry_04,255,105.0,-125.9015905477194,-125.85394219349477,0.04764835422461999,1.1166666666675216,0.16417910447779444,False
train,UAV_0077,telemetry_05,255,72.0,-113.5280891274609,-113.52314752776095,0.004941599699947119,1.1059247892216229,0.4482233026913031,False
train,UAV_0077,telemetry_06,255,151.0,-139.48699973516437,-140.7368827085511,-1.2498829733867183,0.5334045964724694,1.287074148296579,False
train,UAV_0077,telemetry_07,255,174.0,140.5912754437698,140.67722414279535,0.08594869902555047,2.8695647601215146,1.0,False
train,UAV_0077,telemetry_08,255,,,,0.0,0.0,0.0,False
train,UAV_0077,telemetry_09,255,180.0,-160.83439623208687,-145.12984613225382,15.704550099833057,1.198774380953035,0.495477362068031,False
train,UAV_0077,telemetry_10,255,179.0,-63.46335058628007,-61.40024925185248,2.063101334427593,1.2841639018028483,0.6465561757913091,False
train,UAV_0077,telemetry_11,255,123.0,62.296837634023916,62.1042649438967,-0.19257269012721423,0.46217948717949003,1.4230235783634222,False
train,UAV_0077,telemetry_12,255,206.0,641.6559859525057,643.9199721077258,2.2639861552200955,0.5483870967741766,1.2647058823529573,False
train,UAV_0077,telemetry_13,255,150.0,7131.85050302062,7136.495774530213,4.645271509592931,0.592957342592683,1.0957054256797272,False
train,UAV_0077,telemetry_14,255,,,,0.0,0.0,0.0,False
train,UAV_0077,telemetry_15,255,239.0,50215.089045923356,50287.189859979495,72.10081405613892,0.7941576086957213,1.106928999144497,False
train,UAV_0077,telemetry_16,255,212.0,-696.3335106993333,-699.8021254719972,-3.4686147726639547,0.6666666666666885,1.0,False
train,UAV_0077,telemetry_17,255,,,,0.0,0.0,0.0,False
train,UAV_0077,telemetry_18,255,246.0,-103.24497149944452,-103.23750012862398,0.007471370820539391,0.02843771438768131,1.0,False
train,UAV_0077,telemetry_19,255,246.0,33509.72599476566,33510.94542041527,1.2194256496150047,0.6506315327994391,1.0,False
train,UAV_0077,telemetry_20,255,,,,0.0,0.0,0.0,False
train,UAV_0077,telemetry_21,255,226.0,34964.73527081139,34966.05965465055,1.3243838391572353,0.6428571428594133,1.5555555555555556,False
train,UAV_0077,telemetry_22,255,244.0,23205.4735644168,23267.82532777366,62.35176335685901,0.4686558992608448,0.6728971962616921,False
train,UAV_0077,telemetry_23,255,236.0,-17451.261652611945,-17473.966374166717,-22.704721554771822,0.6557861393663669,1.1646227457697909,False
train,UAV_0077,telemetry_24,255,243.0,-3722.3035643786534,-3738.328862709972,-16.02529833131848,0.7847535525661891,1.0670383419396725,False
train,UAV_0077,telemetry_25,255,213.0,-172.65574474512323,-173.2482234670299,-0.592478721906673,0.47560975609756906,1.3333333333332533,False
train,UAV_0077,telemetry_26,255,236.0,-7617.285470494895,-7643.048257972881,-25.76278747798642,0.5439393939393695,1.2813370473537955,False
train,UAV_0077,telemetry_27,255,,,,0.0,0.0,0.0,False
train,UAV_0077,telemetry_28,255,152.0,-9720.043605937884,-9769.728194450934,-49.684588513049675,0.5305429891589767,1.5106921799337316,False
train,UAV_0078,telemetry_01,221,77.0,-57.93658129998237,-31.929914217435233,26.00666708254714,1.598795283568975,1.724114816665521,False
train,UAV_0078,telemetry_02,221,167.0,15.425597721038514,6.027631083199278,-9.397966637839236,0.9172571240879008,0.7184144543843886,False
train,UAV_0078,telemetry_03,221,,,,0.0,0.0,0.0,False
train,UAV_0078,telemetry_04,221,66.0,-125.88025546373821,-125.9236368011666,-0.04338133742838579,1.0166666666674549,0.3442622950822572,False
train,UAV_0078,telemetry_05,221,16.0,-113.52413286531029,-113.52803149192692,-0.003898626616631873,0.8725085156732852,0.6692063416485796,False
train,UAV_0078,telemetry_06,221,202.0,-136.08676699694303,-134.94458936996037,1.142177626982658,0.4874398717263472,1.4660087719298283,False
train,UAV_0078,telemetry_07,221,11.0,140.5912754437698,140.5912754437698,0.0,0.0,0.0,False
train,UAV_0078,telemetry_08,221,,,,0.0,0.0,0.0,False
train,UAV_0078,telemetry_09,221,128.0,-151.3520455849865,-163.09953198603222,-11.747486401045705,0.8967201001394788,0.10083555325860782,False
train,UAV_0078,telemetry_10,221,155.0,-61.66601247808845,-62.86576789245806,-1.199755414369612,0.7467798931715762,0.5806922308676783,False
train,UAV_0078,telemetry_11,221,162.0,62.659814452169385,62.83475912905334,0.17494467688395332,0.41987179487181414,1.2625954198473075,False
train,UAV_0078,telemetry_12,221,170.0,635.5964935958871,633.8652100654247,-1.731283530462406,0.41935483870965967,1.923076923076903,False
train,UAV_0078,telemetry_13,221,23.0,7129.513829680713,7135.1780672045425,5.664237523829797,0.7230258173301471,1.2809942530847258,False
train,UAV_0078,telemetry_14,221,,,,0.0,0.0,0.0,False
train,UAV_0078,telemetry_15,221,132.0,50051.212345369764,50077.67192554947,26.459580179704062,0.29144021739123976,0.5547785547786157,False
train,UAV_0078,telemetry_16,221,98.0,-694.5992033130013,-697.2006643924992,-2.6014610794978807,0.5,1.3333333333333333,False
train,UAV_0078,telemetry_17,221,,,,0.0,0.0,0.0,False
train,UAV_0078,telemetry_18,221,111.0,-98.65889820934679,-98.22795140215311,0.43094680719367773,1.6402802797000269,2.1329719906670896,False
train,UAV_0078,telemetry_19,221,205.0,33506.08951251162,33506.82526737492,0.7357548633008264,0.3925662172393984,1.2248484077586865,False
train,UAV_0078,telemetry_20,221,,,,0.0,0.0,0.0,False
train,UAV_0078,telemetry_21,221,65.0,34960.688542413984,34961.571464973415,0.8829225594308809,0.42857142856941044,1.2500000000061806,False
train,UAV_0078,telemetry_22,221,188.0,23095.338206711684,23174.152001048278,78.81379433659458,0.5923898165890894,1.2791127541589746,False
train,UAV_0078,telemetry_23,221,197.0,-17399.83946693049,-17410.253970636062,-10.414503705571406,0.3008047098053051,0.6477276421572132,False
train,UAV_0078,telemetry_24,221,206.0,-3633.585851760511,-3629.8651641119204,3.7206876485906832,0.1822008420594845,0.9961520179473901,False
train,UAV_0078,telemetry_25,221,207.0,-173.6584010437345,-174.2812632898415,-0.6228622461069904,0.49999999999998856,1.2195121951219179,False
train,UAV_0078,telemetry_26,221,125.0,-7715.964339405989,-7620.859524776784,95.10481462920507,2.0079836187884865,1.8943149614041381,False
train,UAV_0078,telemetry_27,221,,,,0.0,0.0,0.0,False
train,UAV_0078,telemetry_28,221,204.0,-9876.792248845872,-9920.728691832526,-43.93644298665458,0.4691630240437687,1.0701785531030665,False
train,UAV_0079,telemetry_01,166,28.0,96.042622699392,81.27350472557836,-14.769117973813636,0.9079516450169568,0.6971503023130358,False
train,UAV_0079,telemetry_02,166,57.0,19.905810188603844,10.552964065111656,-9.352846123492188,0.9128532870854686,0.9502685179566611,False
train,UAV_0079,telemetry_03,166,,,,0.0,0.0,0.0,False
train,UAV_0079,telemetry_04,166,103.0,-125.86816558281556,-125.90870224237979,-0.04053665956422492,0.9500000000006328,0.7543859649123975,False
train,UAV_0079,telemetry_05,166,41.0,-113.52419538483392,-113.52813003799183,-0.003934653157912749,0.8805712175292981,0.5517521313105804,False
train,UAV_0079,telemetry_06,166,156.0,-135.64968367258234,-134.57763975953722,1.0720439130451211,0.4575093532870078,1.262266355140178,False
train,UAV_0079,telemetry_07,166,11.0,140.5912754437698,140.5912754437698,0.0,0.0,0.0,False
train,UAV_0079,telemetry_08,166,,,,0.0,0.0,0.0,False
train,UAV_0079,telemetry_09,166,14.0,-146.78941824659003,-161.22923635699703,-14.439818110407003,1.1022336779046977,0.4719585570317231,False
train,UAV_0079,telemetry_10,166,11.0,-62.92267061510904,-61.372837251454186,1.5498333636548551,0.9646836179122745,0.4187925541023471,False
train,UAV_0079,telemetry_11,166,156.0,62.903935726477684,63.0844893166663,0.18055359018861594,0.43333333333332025,1.096153846153841,False
train,UAV_0079,telemetry_12,166,150.0,633.998385721614,631.4014604259204,-2.596925295693609,0.6290322580644895,1.2820512820513124,False
train,UAV_0079,telemetry_13,166,106.0,7135.150465699568,7139.146377070254,3.995911370686372,0.5100681376115536,1.696271478629219,False
train,UAV_0079,telemetry_14,166,,,,0.0,0.0,0.0,False
train,UAV_0079,telemetry_15,166,157.0,49964.46316233303,49927.6417885165,-36.82137381652865,0.40557065217401483,1.0,False
train,UAV_0079,telemetry_16,166,153.0,-698.0678180856652,-701.5364328583291,-3.4686147726639547,0.6666666666666885,1.0,False
train,UAV_0079,telemetry_17,166,,,,0.0,0.0,0.0,False
train,UAV_0079,telemetry_18,166,113.0,-103.32445824248165,-103.33097073414766,-0.006512491666001097,0.024788005092822255,0.45570094004553763,False
train,UAV_0079,telemetry_19,166,145.0,33505.92227022819,33506.8513097455,0.9290395173084107,0.4956943503430999,1.125259291943454,False
train,UAV_0079,telemetry_20,166,,,,0.0,0.0,0.0,False
train,UAV_0079,telemetry_21,166,156.0,34963.631617612096,34964.51454017154,0.8829225594454329,0.42857142857647396,1.0833333333285262,False
train,UAV_0079,telemetry_22,166,79.0,22987.169551822735,23050.249723630026,63.08017180729075,0.47413085135502214,1.7159353348729982,False
train,UAV_0079,telemetry_23,166,157.0,-17371.05413735202,-17358.068311457766,12.985825894254958,0.3750728503379279,1.0,False
train,UAV_0079,telemetry_24,166,147.0,-3637.8185226547903,-3630.770997866195,7.047524788595183,0.3451149551356479,1.1075727800269777,False
train,UAV_0079,telemetry_25,166,148.0,-173.09630584602814,-173.77993514053583,-0.6836292945076821,0.5487804878048733,1.1777777777778036,False
train,UAV_0079,telemetry_26,166,145.0,-7458.54651255253,-7449.647945289938,8.898567262591314,0.1878787878787774,1.056451612903201,False
train,UAV_0079,telemetry_27,166,,,,0.0,0.0,0.0,False
train,UAV_0079,telemetry_28,166,133.0,-9790.887268398194,-9843.336099423783,-52.44883102558924,0.5600601800878674,1.5915526473313153,False
train,UAV_0080,telemetry_01,147,29.0,94.48507697635225,79.57303955917455,-14.9120374171777,0.9167378124737668,0.6210434284677381,False
train,UAV_0080,telemetry_02,147,138.0,14.69006299277332,6.145646418337691,-8.54441657443563,0.8339492228584657,1.0,False
train,UAV_0080,telemetry_03,147,,,,0.0,0.0,0.0,False
train,UAV_0080,telemetry_04,147,43.0,-125.8617650576212,-125.9143915981081,-0.052626540486897966,1.2333333333343768,0.6081081081079986,False
train,UAV_0080,telemetry_05,147,79.0,-113.52804683892148,-113.5235940910962,0.004452747825283154,0.9965202564234429,0.47954254796576085,False
train,UAV_0080,telemetry_06,147,117.0,-136.80062801380714,-135.65281464195454,1.1478133718526067,0.48984500267235187,1.417894162575013,False
train,UAV_0080,telemetry_07,147,11.0,140.5912754437698,140.5912754437698,0.0,0.0,0.0,False
train,UAV_0080,telemetry_08,147,,,,0.0,0.0,0.0,False
train,UAV_0080,telemetry_09,147,121.0,-149.43374307416002,-164.1325112243399,-14.698768150179887,1.1220000941123038,0.679884422272057,False
train,UAV_0080,telemetry_10,147,33.0,-61.77464534686018,-63.25122192340021,-1.476576576540026,0.9190854109773638,0.4460098639373352,False
train,UAV_0080,telemetry_11,147,122.0,62.7695888982752,62.946403212927365,0.17681431465216235,0.4243589743589544,1.1283987915407774,False
train,UAV_0080,telemetry_12,147,128.0,634.4645005182771,631.6678117382992,-2.7966887799778988,0.6774193548387212,1.0,False
train,UAV_0080,telemetry_13,147,114.0,7137.694835391952,7142.437685756831,4.742850364878905,0.6054130405220979,1.2551444778901266,False
train,UAV_0080,telemetry_14,147,,,,0.0,0.0,0.0,False
train,UAV_0080,telemetry_15,147,132.0,49969.27399509297,49926.716628370355,-42.55736672261264,0.46875000000002504,1.2818840579709576,False
train,UAV_0080,telemetry_16,147,20.0,-696.3335106993333,-692.8648959266694,3.468614772663841,0.6666666666666666,0.0,False
train,UAV_0080,telemetry_17,147,,,,0.0,0.0,0.0,False
train,UAV_0080,telemetry_18,147,72.0,-103.32345536618409,-103.33029111980736,-0.00683575362326394,0.026018412662444118,0.7435788436014963,False
train,UAV_0080,telemetry_19,147,132.0,33506.431345883706,33507.47576196623,1.044416082520911,0.557254176886886,1.1075377432372586,False
train,UAV_0080,telemetry_20,147,,,,0.0,0.0,0.0,False
train,UAV_0080,telemetry_21,147,131.0,34962.748695052665,34963.85234825196,1.1036531992940581,0.5357142857144118,1.1333333333271802,False
train,UAV_0080,telemetry_22,147,61.0,22986.805347597514,23070.645160242086,83.8398126445718,0.6301669860388995,1.350130321459567,False
train,UAV_0080,telemetry_23,147,37.0,-17392.91442062599,-17379.544195714672,13.370224911319383,0.38617554308704577,1.3807622429812698,False
train,UAV_0080,telemetry_24,147,137.0,-3634.720000630582,-3628.6784264205635,6.0415742100185525,0.2958538884195767,1.0274694815692744,False
train,UAV_0080,telemetry_25,147,112.0,-172.79247060402474,-173.3545658017311,-0.5620951977063555,0.4512195121951495,1.67567567567555,False
train,UAV_0080,telemetry_26,147,137.0,-7451.154960713442,-7442.686969286136,8.467991427305606,0.17878787878788927,0.9491525423728941,False
train,UAV_0080,telemetry_27,147,,,,0.0,0.0,0.0,False
train,UAV_0080,telemetry_28,147,109.0,-9792.973939962993,-9847.596923672825,-54.622983709832624,0.5832762617443259,1.365052026056802,False
train,UAV_0081,telemetry_01,347,321.0,91.19677902437805,73.1111807748531,-18.08559824952495,1.1118367874701072,0.4356409664494779,False
train,UAV_0081,telemetry_02,347,55.0,21.064600515481388,3.5116242039216607,-17.55297631155973,1.7131995878659712,0.5506479807174853,False
train,UAV_0081,telemetry_03,347,,,,0.0,0.0,0.0,False
train,UAV_0081,telemetry_04,347,293.0,-125.92577030956473,-125.87954429427216,0.046226015292560874,1.08333333333461,0.5999999999996926,False
train,UAV_0081,telemetry_05,347,220.0,-113.52847604619402,-113.52373225412654,0.004743792067472441,1.0616556501706942,0.7163550697526224,False
train,UAV_0081,telemetry_06,347,328.0,-141.21404244087606,-142.83400599405812,-1.6199635531820604,0.6913415285943176,0.9238500193273925,False
train,UAV_0081,telemetry_07,347,274.0,140.5912754437698,140.67722414279535,0.08594869902555047,2.8695647601215146,1.0,False
train,UAV_0081,telemetry_08,347,,,,0.0,0.0,0.0,False
train,UAV_0081,telemetry_09,347,80.0,-152.16665546171768,-165.5590835241112,-13.39242806239352,1.022283322852051,0.24577644245027883,False
train,UAV_0081,telemetry_10,347,299.0,-63.021584614168574,-61.604096341677945,1.4174882724906297,0.882306283450873,0.39816796289150425,False
train,UAV_0081,telemetry_11,347,319.0,61.90928843378177,61.70175864150875,-0.20752979227302149,0.49807692307693624,1.1055341055341001,False
train,UAV_0081,telemetry_12,347,315.0,641.9223372648845,643.7867964515365,1.8644591866519704,0.4516129032258233,1.0357142857142922,False
train,UAV_0081,telemetry_13,347,332.0,7137.613658355472,7142.411211235296,4.797552879824252,0.612395680358789,0.8839547967257524,False
train,UAV_0081,telemetry_14,347,,,,0.0,0.0,0.0,False
train,UAV_0081,telemetry_15,347,333.0,50237.262050759266,50286.32637717643,49.06432641716674,0.5404211956523096,1.2187303582650504,False
train,UAV_0081,telemetry_16,347,319.0,-698.0678180856652,-701.5364328583291,-3.4686147726639547,0.6666666666666885,1.0,False
train,UAV_0081,telemetry_17,347,,,,0.0,0.0,0.0,False
train,UAV_0081,telemetry_18,347,126.0,-103.07316631248301,-103.06348116517509,0.009685147307919806,0.036863844609088744,0.6251830765807544,False
train,UAV_0081,telemetry_19,347,335.0,33509.14018613756,33510.64891888645,1.5087327488872688,0.8049929910061786,1.065946507449716,False
train,UAV_0081,telemetry_20,347,,,,0.0,0.0,0.0,False
train,UAV_0081,telemetry_21,347,336.0,34966.133231530504,34967.60476912955,1.471537599049043,0.7142857142811735,1.0500000000029668,False
train,UAV_0081,telemetry_22,347,94.0,22927.294377197333,23036.04575884663,108.7513816492974,0.8174103476594649,0.8151373074346877,False
train,UAV_0081,telemetry_23,347,338.0,-17466.098091672575,-17486.25564511751,-20.15755344493664,0.5822156471215556,1.0,False
train,UAV_0081,telemetry_24,347,337.0,-3721.9935915328406,-3737.1626167776835,-15.169025244842942,0.7428221430731585,1.0153147091998096,False
train,UAV_0081,telemetry_25,347,334.0,-173.5520587090333,-174.2053044793406,-0.6532457703073078,0.5243902439024082,1.1860465116279435,False
train,UAV_0081,telemetry_26,347,338.0,-7633.145013761288,-7662.208882643141,-29.063868881852613,0.6136363636363706,1.0,False
train,UAV_0081,telemetry_27,347,,,,0.0,0.0,0.0,False
train,UAV_0081,telemetry_28,347,281.0,-9732.2755832398,-9788.242095029123,-55.966511789323704,0.5976227507592243,1.6271799072349244,False
train,UAV_0082,telemetry_01,285,18.0,90.76335937272327,73.81643866260576,-16.94692071011751,1.041835034699093,0.36144998975041054,False
train,UAV_0082,telemetry_02,285,232.0,6.667061142027324,22.992171010392966,16.325109868365644,1.5933577874159117,0.21941078149695217,False
train,UAV_0082,telemetry_03,285,,,,0.0,0.0,0.0,False
train,UAV_0082,telemetry_04,285,50.0,-125.92861498742889,-125.87741078587406,0.051204201554824635,1.2000000000011324,0.5972222222221489,False
train,UAV_0082,telemetry_05,285,82.0,-113.52366680233592,-113.52847652496189,-0.004809722625964241,1.0764108394678134,0.4584296908139477,False
train,UAV_0082,telemetry_06,285,242.0,-140.433804873321,-141.76070969326412,-1.3269048199431097,0.5662747194013821,1.3246814535158362,False
train,UAV_0082,telemetry_07,285,201.0,140.5912754437698,140.67722414279535,0.08594869902555047,2.8695647601215146,1.0,False
train,UAV_0082,telemetry_08,285,,,,0.0,0.0,0.0,False
train,UAV_0082,telemetry_09,285,55.0,-162.99822896917334,-149.16064301826455,13.837585950908789,1.0562635304249455,0.7558091761897148,False
train,UAV_0082,telemetry_10,285,12.0,-63.297800955913274,-61.64621859437973,1.651582361533542,1.0280166146681884,0.5568176552383461,False
train,UAV_0082,telemetry_11,285,55.0,62.373225691411406,62.208964658917324,-0.16426103249408186,0.3942307692307592,1.6162601626016884,False
train,UAV_0082,telemetry_12,285,58.0,639.1922363130013,641.1898711558428,1.9976348428414212,0.4838709677419595,0.9333333333332651,False
train,UAV_0082,telemetry_13,285,144.0,7129.174942580559,7134.699215442022,5.524272861463032,0.7051596766573166,1.1331725639589483,False
train,UAV_0082,telemetry_14,285,,,,0.0,0.0,0.0,False
train,UAV_0082,telemetry_15,285,276.0,50258.57157279211,50313.618601487666,55.04702869555331,0.6063179347826411,1.0,False
train,UAV_0082,telemetry_16,285,155.0,-696.3335106993333,-693.7320496198354,2.6014610794978807,0.5,0.6666666666666666,False
train,UAV_0082,telemetry_17,285,,,,0.0,0.0,0.0,False
train,UAV_0082,telemetry_18,285,109.0,-103.23480737572174,-103.15332748169885,0.08147989402289113,0.3101307658551256,0.9968579884118131,False
train,UAV_0082,telemetry_19,285,263.0,33508.274058948366,33509.569597244496,1.295538296129962,0.6912418708574284,1.4117907583977958,False
train,UAV_0082,telemetry_20,285,,,,0.0,0.0,0.0,False
train,UAV_0082,telemetry_21,285,255.0,34964.51454017154,34966.05965465055,1.5451144790058606,0.7499999999973512,1.380952380955072,False
train,UAV_0082,telemetry_22,285,151.0,22953.517081412836,23057.752330669464,104.23524925662787,0.7834656446756199,1.3969252271138668,False
train,UAV_0082,telemetry_23,285,276.0,-17467.059006916163,-17490.68235420615,-23.623347289987578,0.6823190357494595,1.0,False
train,UAV_0082,telemetry_24,285,275.0,-3719.9980665440034,-3736.091952681957,-16.093886137953632,0.7881122747445131,1.0647478718669319,False
train,UAV_0082,telemetry_25,285,273.0,-173.4457163743321,-174.03819509623875,-0.5924787219066445,0.47560975609754624,0.974358974358994,False
train,UAV_0082,telemetry_26,285,269.0,-7614.1996770086735,-7644.052934921885,-29.853257913211564,0.6303030303030372,1.2307692307692144,False
train,UAV_0082,telemetry_27,285,,,,0.0,0.0,0.0,False
train,UAV_0082,telemetry_28,285,206.0,-9743.470355299662,-9789.01840245075,-45.54804715108912,0.4863720885913312,1.5558051013902523,False
train,UAV_0083,telemetry_01,181,81.0,96.13247494705327,78.96090343569045,-17.171571511362814,1.0556457487110402,0.6322528636004067,False
train,UAV_0083,telemetry_02,181,123.0,4.919414197699861,17.43645707040684,12.517042872706977,1.2216841355103947,0.5504731436303035,False
train,UAV_0083,telemetry_03,181,,,,0.0,0.0,0.0,False
train,UAV_0083,telemetry_04,181,25.0,-125.93999369888552,-125.88950066679672,0.050493032088795076,1.1833333333346765,0.9154929577465185,False
train,UAV_0083,telemetry_05,181,170.0,-113.52325567649393,-113.52763793596444,-0.0043822594705034135,0.9807450371350012,1.0,False
train,UAV_0083,telemetry_06,181,168.0,-135.6014667442503,-134.17437090439645,1.4270958398538482,0.6090326028861405,0.8543220710838244,False
train,UAV_0083,telemetry_07,181,11.0,140.5912754437698,140.5912754437698,0.0,0.0,0.0,False
train,UAV_0083,telemetry_08,181,,,,0.0,0.0,0.0,False
train,UAV_0083,telemetry_09,181,100.0,-157.96746148438416,-146.57144486660366,11.396016617780504,0.8698913804895018,0.6259586926573232,False
train,UAV_0083,telemetry_10,181,134.0,-63.2310104597208,-61.63454497604859,1.5964654836722119,0.9937094753394096,0.8364870569944708,False
train,UAV_0083,telemetry_11,181,169.0,62.90767500201412,63.10932878987273,0.20165378785860355,0.4839743589743833,0.9708609271523072,False
train,UAV_0083,telemetry_12,181,163.0,632.9995683001933,630.7355821449733,-2.2639861552200955,0.5483870967741766,0.9705882352941103,False
train,UAV_0083,telemetry_13,181,129.0,7134.860508216019,7140.763604150093,5.903095934073463,0.7535154986978586,1.1524460771354403,False
train,UAV_0083,telemetry_14,181,,,,0.0,0.0,0.0,False
train,UAV_0083,telemetry_15,181,172.0,50125.656898462796,50162.41659493624,36.75969647344755,0.40489130434787446,1.0,False
train,UAV_0083,telemetry_16,181,170.0,-699.8021254719972,-702.4035865514951,-2.6014610794978807,0.5,1.3333333333333333,False
train,UAV_0083,telemetry_17,181,,,,0.0,0.0,0.0,False
train,UAV_0083,telemetry_18,181,22.0,-103.33188571271299,-103.32294630511942,0.008939407593572923,0.03402539186547072,0.5179209204617292,False
train,UAV_0083,telemetry_19,181,154.0,33505.814978937866,33506.49737274889,0.6823938110246672,0.36409512247016035,1.030320476231016,False
train,UAV_0083,telemetry_20,181,,,,0.0,0.0,0.0,False
train,UAV_0083,telemetry_21,181,128.0,34962.01292625313,34962.60154129275,0.588615039618162,0.28571428571176305,1.375000000010816,False
train,UAV_0083,telemetry_22,181,109.0,23025.556677160428,23117.263301069645,91.70662390921643,0.6892964686558785,1.4233518665607943,False
train,UAV_0083,telemetry_23,181,172.0,-17422.853684824266,-17448.084826262697,-25.231141438431223,0.72875735541615,1.0,False
train,UAV_0083,telemetry_24,181,108.0,-3643.1041355858506,-3638.5654833435765,4.538652242274111,0.2222562973462016,1.5593612550542275,False
train,UAV_0083,telemetry_25,181,149.0,-173.00515527342714,-173.5976339953338,-0.592478721906673,0.47560975609756906,1.3589743589743541,False
train,UAV_0083,telemetry_26,181,164.0,-7453.810178364376,-7446.920964999789,6.889213364586794,0.14545454545453673,1.1874999999999754,False
train,UAV_0083,telemetry_27,181,,,,0.0,0.0,0.0,False
train,UAV_0083,telemetry_28,181,136.0,-9797.952332359444,-9856.548263307608,-58.595930948164096,0.6257002681953737,1.2258301028897642,False
train,UAV_0084,telemetry_01,226,174.0,83.14537585364498,95.45588248804361,12.310506634398635,0.7568051639584962,0.3073275176018014,False
train,UAV_0084,telemetry_02,226,188.0,15.716591941063044,6.302118434494953,-9.41447350656809,0.9188682218414257,0.1912699065443013,False
train,UAV_0084,telemetry_03,226,,,,0.0,0.0,0.0,False
train,UAV_0084,telemetry_04,226,145.0,-125.91083575077792,-125.86958792174764,0.0412478290302829,0.9666666666677546,0.32758620689686063,False
train,UAV_0084,telemetry_05,226,29.0,-113.52446884330007,-113.5280565393036,-0.0035876960035352568,0.8029225731382991,0.38557447717646187,False
train,UAV_0084,telemetry_06,226,183.0,-139.56464777559518,-140.71120875969893,-1.1465609841037576,0.4893105291288074,1.5259421081376083,False
train,UAV_0084,telemetry_07,226,177.0,140.5912754437698,140.67722414279535,0.08594869902555047,2.8695647601215146,1.0,False
train,UAV_0084,telemetry_08,226,,,,0.0,0.0,0.0,False
train,UAV_0084,telemetry_09,226,172.0,-158.50331775981152,-146.78100255961232,11.722315200199205,0.8947987085350846,0.664736351815678,False
train,UAV_0084,telemetry_10,226,82.0,-63.23056052115274,-61.608867301325816,1.6216932198269234,1.0094123143388694,0.5674051988118137,False
train,UAV_0084,telemetry_11,226,146.0,62.30645291397479,62.07061146406865,-0.23584144990613964,0.5660256410256329,1.3182332955832516,False
train,UAV_0084,telemetry_12,226,17.0,639.4585876253802,637.1280136420655,-2.330573983314707,0.5645161290322172,0.028571428571436935,False
train,UAV_0084,telemetry_13,226,149.0,7134.983533550823,7130.282700376547,-4.70083317427634,0.6000496507543618,0.268129896198046,False
train,UAV_0084,telemetry_14,226,,,,0.0,0.0,0.0,False
train,UAV_0084,telemetry_15,226,203.0,50150.821254437906,50217.74117167563,66.91991723772662,0.7370923913043338,1.476036866359409,False
train,UAV_0084,telemetry_16,226,211.0,-698.0678180856652,-700.6692791651632,-2.6014610794979944,0.5000000000000219,1.0,False
train,UAV_0084,telemetry_17,226,,,,0.0,0.0,0.0,False
train,UAV_0084,telemetry_18,226,161.0,-103.06777307602074,-103.01710676578114,0.050666310239606105,0.1928473494730852,0.10767253573731754,False
train,UAV_0084,telemetry_19,226,208.0,33507.54955340662,33509.32610908881,1.7765556821905193,0.9478914495296245,1.1984118390925085,False
train,UAV_0084,telemetry_20,226,,,,0.0,0.0,0.0,False
train,UAV_0084,telemetry_21,226,216.0,34965.69177025078,34967.3840384897,1.692268238919496,0.8214285714297066,1.0,False
train,UAV_0084,telemetry_22,226,159.0,22986.149779992127,23087.90844051729,101.75866052516358,0.7648508075554442,1.211166785969945,False
train,UAV_0084,telemetry_23,226,217.0,-17456.552486796212,-17482.174297207745,-25.62181041153235,0.740041144870347,1.0,False
train,UAV_0084,telemetry_24,226,215.0,-3709.8919096185246,-3731.1987929371926,-21.306883318668042,1.043391020419295,1.0285305734176622,False
train,UAV_0084,telemetry_25,226,214.0,-173.43052461223192,-174.14453743093995,-0.7140128187080279,0.5731707317073157,1.0425531914893675,False
train,UAV_0084,telemetry_26,226,217.0,-7616.854894659607,-7656.180820949126,-39.325926289518975,0.8303030303030373,1.0,False
train,UAV_0084,telemetry_27,226,,,,0.0,0.0,0.0,False
train,UAV_0084,telemetry_28,226,215.0,-9833.256735942565,-9892.93642791199,-59.67969196942613,0.6372729072965978,1.0588662990713997,False
train,UAV_0085,telemetry_01,266,53.0,-57.28890725587415,-37.38905328914758,19.899853966726567,1.223370628951724,3.77541491882861,False
train,UAV_0085,telemetry_02,266,66.0,6.699518143279467,18.206731756964146,11.50721361368468,1.123123125704174,0.42405844918552416,False
train,UAV_0085,telemetry_03,266,,,,0.0,0.0,0.0,False
train,UAV_0085,telemetry_04,266,126.0,-125.92079212330243,-125.87101026067972,0.04978186262270867,1.1666666666668888,0.542857142857306,False
train,UAV_0085,telemetry_05,266,189.0,-113.52841709247008,-113.52396925619067,0.004447836279410922,0.9954210576490947,0.5882560799972698,False
train,UAV_0085,telemetry_06,266,209.0,-140.11256741573214,-141.37935762372882,-1.266790207996678,0.540619989310532,1.1992090954028265,False
train,UAV_0085,telemetry_07,266,196.0,140.5912754437698,140.67722414279535,0.08594869902555047,2.8695647601215146,1.0,False
train,UAV_0085,telemetry_08,266,,,,0.0,0.0,0.0,False
train,UAV_0085,telemetry_09,266,102.0,-163.1333789400932,-140.12004020637787,23.01333873371533,1.7566756588885255,0.4623496511594461,False
train,UAV_0085,telemetry_10,266,135.0,-63.41587740148702,-61.92275117182137,1.4931262296656556,0.9293866340809729,0.634092851482597,False
train,UAV_0085,telemetry_11,266,13.0,62.25463723868397,62.41943245339755,0.16479521471357828,0.3955128205128188,0.19286871961106117,False
train,UAV_0085,telemetry_12,266,50.0,640.2576415625167,638.5929458601489,-1.6646957023677942,0.4032258064516191,0.47999999999996174,False
train,UAV_0085,telemetry_13,266,157.0,7130.280216547881,7135.479608818234,5.199392270353201,0.6636894780765437,1.0970991450411394,False
train,UAV_0085,telemetry_14,266,,,,0.0,0.0,0.0,False
train,UAV_0085,telemetry_15,266,249.0,50211.60427603955,50267.4531101951,55.84883415554941,0.6151494565218254,1.299834345665222,False
train,UAV_0085,telemetry_16,266,155.0,-693.7320496198354,-696.3335106993333,-2.6014610794978807,0.5,1.0,False
train,UAV_0085,telemetry_17,266,,,,0.0,0.0,0.0,False
train,UAV_0085,telemetry_18,266,133.0,-100.0729779718098,-99.75034951890174,0.32262845290806297,1.227996309849417,2.1417774351138315,False
train,UAV_0085,telemetry_19,266,234.0,33507.65770170427,33508.95593749282,1.2982357885484817,0.6926811333721462,1.714241183266729,False
train,UAV_0085,telemetry_20,266,,,,0.0,0.0,0.0,False
train,UAV_0085,telemetry_21,266,237.0,34964.7352708114,34966.05965465055,1.3243838391499594,0.6428571428558815,1.7777777777820507,False
train,UAV_0085,telemetry_22,266,256.0,23162.934510911648,23264.98453481698,102.05002390533264,0.7670407883930878,0.8907922912205517,False
train,UAV_0085,telemetry_23,266,250.0,-17446.89750837381,-17477.218407997076,-30.320899623264268,0.8757661113829692,1.1889394527093513,False
train,UAV_0085,telemetry_24,266,252.0,-3719.4215888784584,-3736.162543991547,-16.740955113088603,0.8197990281823664,1.2792153719839865,False
train,UAV_0085,telemetry_25,266,91.0,-171.83538959171403,-171.27329439400773,0.5620951977062987,0.45121951219510387,0.6216216216216052,False
train,UAV_0085,telemetry_26,266,19.0,-8192.803176258067,-8140.091994588428,52.71118166963879,1.112910947066985,3.3154545757987393,False
train,UAV_0085,telemetry_27,266,,,,0.0,0.0,0.0,False
train,UAV_0085,telemetry_28,266,257.0,-9848.037068435224,-9896.860556908276,-48.82348847305184,0.521347973101525,1.0,False
train,UAV_0086,telemetry_01,341,124.0,77.02540745280052,89.9996514996206,12.974244046820075,0.7976093254890532,0.6738384953365554,False
train,UAV_0086,telemetry_02,341,49.0,4.5944470439646565,16.390699156149967,11.79625211218531,1.1513337623346451,0.593766073167874,False
train,UAV_0086,telemetry_03,341,,,,0.0,0.0,0.0,False
train,UAV_0086,telemetry_04,341,276.0,-125.88807832786465,-125.93999369888553,-0.05191537102088262,1.2166666666682542,0.13698630136986675,False
train,UAV_0086,telemetry_05,341,311.0,-113.52811075384973,-113.52241041732327,0.005700336526459182,1.2757292889555887,0.38456342544537836,False
train,UAV_0086,telemetry_06,341,325.0,-135.35975590871558,-134.06228220087127,1.2974737078443184,0.5537145911277292,0.8832046332046285,False
train,UAV_0086,telemetry_07,341,11.0,140.5912754437698,140.5912754437698,0.0,0.0,0.0,False
train,UAV_0086,telemetry_08,341,,,,0.0,0.0,0.0,False
train,UAV_0086,telemetry_09,341,278.0,-157.5931012322683,-145.73057294077174,11.862528291496574,0.9055015851315495,0.4551165587497411,False
train,UAV_0086,telemetry_10,341,51.0,-61.58895175175095,-63.8407505378688,-2.2517987861178526,1.4016173936789755,0.36522624754513994,False
train,UAV_0086,telemetry_11,341,226.0,62.52359798619868,62.675038645424934,0.15144065922625316,0.36346153846153423,1.657848324515028,False
train,UAV_0086,telemetry_12,341,332.0,631.8675752225834,629.6035890673633,-2.2639861552200955,0.5483870967741766,1.0,False
train,UAV_0086,telemetry_13,341,305.0,7140.945826893785,7145.062318361752,4.116491467966625,0.5254598868139876,1.1261471512680916,False
train,UAV_0086,telemetry_14,341,,,,0.0,0.0,0.0,False
train,UAV_0086,telemetry_15,341,328.0,50338.7212801197,50415.3245402204,76.60326010069548,0.8437499999999649,1.0402576489533366,False
train,UAV_0086,telemetry_16,341,278.0,-697.2006643924992,-699.8021254719972,-2.6014610794979944,0.5000000000000219,1.0,False
train,UAV_0086,telemetry_17,341,,,,0.0,0.0,0.0,False
train,UAV_0086,telemetry_18,341,229.0,-103.32389872008956,-103.3321403032192,-0.008241583129645846,0.03136931532014107,0.47767363960902315,False
train,UAV_0086,telemetry_19,341,224.0,33504.204621985715,33505.113846477514,0.9092244917992502,0.4851219301028373,1.1208924874540973,False
train,UAV_0086,telemetry_20,341,,,,0.0,0.0,0.0,False
train,UAV_0086,telemetry_21,341,320.0,34961.93934937318,34962.748695052665,0.8093456794886151,0.3928571428602962,1.0,False
train,UAV_0086,telemetry_22,341,97.0,23075.671178550056,22961.38389267749,-114.2872858725641,0.8590199835751036,0.06883365200765895,False
train,UAV_0086,telemetry_23,341,326.0,-17496.006222118398,-17521.31304495345,-25.306822835053026,0.7309432800835255,1.2993236074674603,False
train,UAV_0086,telemetry_24,341,59.0,-3648.3346831108242,-3643.425653013305,4.909030097519462,0.2403935782683048,0.9131153765328227,False
train,UAV_0086,telemetry_25,341,267.0,-172.24556716841863,-173.05073055972767,-0.805163391309037,0.64634146341462,1.4905660377358212,False
train,UAV_0086,telemetry_26,341,29.0,-7483.017572524658,-7474.406055818924,8.611516705734175,0.18181818181818532,1.1999999999999578,False
train,UAV_0086,telemetry_27,341,,,,0.0,0.0,0.0,False
train,UAV_0086,telemetry_28,341,247.0,-9770.851240983031,-9812.442375896513,-41.591134913482165,0.4441193074129514,1.8883406755418477,False
train,UAV_0087,telemetry_01,172,149.0,81.00673095371113,97.78760112029101,16.780870166579888,1.031626851351363,0.6075108637790478,False
train,UAV_0087,telemetry_02,172,137.0,15.337121514929,5.637417109546817,-9.699704405382183,0.9467072304301364,0.5606498563265995,False
train,UAV_0087,telemetry_03,172,,,,0.0,0.0,0.0,False
train,UAV_0087,telemetry_04,172,74.0,-125.87172143014575,-125.92008095383642,-0.048359523690663764,1.1333333333343103,0.48529411764696373,False
train,UAV_0087,telemetry_05,172,125.0,-113.52856791873609,-113.52493021495061,0.003637703785472013,0.8141142618739203,0.5141892441695016,False
train,UAV_0087,telemetry_06,172,160.0,-136.15752690475497,-134.74859068725996,1.408936217495011,0.6012827365045212,1.1333333333333373,False
train,UAV_0087,telemetry_07,172,11.0,140.5912754437698,140.5912754437698,0.0,0.0,0.0,False
train,UAV_0087,telemetry_08,172,,,,0.0,0.0,0.0,False
train,UAV_0087,telemetry_09,172,136.0,-158.92389056627434,-143.5483549759623,15.37553559031204,1.1736597382241218,0.5864921236177421,False
train,UAV_0087,telemetry_10,172,75.0,-62.9785597846363,-61.39452940889226,1.5840303757440424,0.9859693239227522,0.47799847318450633,False
train,UAV_0087,telemetry_11,172,107.0,62.55484764603902,62.736469600666624,0.18162195462760167,0.43589743589742236,1.4794117647059442,False
train,UAV_0087,telemetry_12,172,102.0,636.3289597049289,634.5976761744664,-1.7312835304625196,0.4193548387096872,1.4999999999999671,False
train,UAV_0087,telemetry_13,172,162.0,7142.953968660653,7148.090361279417,5.136392618764148,0.6556477294051548,0.9474189063778518,False
train,UAV_0087,telemetry_14,172,,,,0.0,0.0,0.0,False
train,UAV_0087,telemetry_15,172,157.0,50176.417351814554,50283.24251002261,106.82515820805565,1.1766304347825647,1.3660508083141665,False
train,UAV_0087,telemetry_16,172,121.0,-697.2006643924992,-699.8021254719972,-2.6014610794979944,0.5000000000000219,1.0,False
train,UAV_0087,telemetry_17,172,,,,0.0,0.0,0.0,False
train,UAV_0087,telemetry_18,172,116.0,-103.32482541009838,-103.33072024004163,-0.005894829943244417,0.02243704593393934,0.32215683172842213,False
train,UAV_0087,telemetry_19,172,132.0,33505.09550903697,33505.75022499264,0.6547159556721454,0.3493274443765448,1.2624584302192092,False
train,UAV_0087,telemetry_20,172,,,,0.0,0.0,0.0,False
train,UAV_0087,telemetry_21,172,61.0,34961.424311213515,34962.08650313309,0.6621919195749797,0.32142857142794073,1.2222222222124555,False
train,UAV_0087,telemetry_22,172,48.0,23017.325661670562,23099.271612344008,81.94595067344562,0.615932110594011,1.0497777777777653,False
train,UAV_0087,telemetry_23,172,155.0,-17444.927952324026,-17479.49349633487,-34.56554401084577,0.9983652346182053,1.2082614185251803,False
train,UAV_0087,telemetry_24,172,146.0,-3638.936550034792,-3634.0264211010663,4.9101289337259,0.24044738791345852,1.1051501107031347,False
train,UAV_0087,telemetry_25,172,155.0,-173.36975756383123,-173.93185276153756,-0.5620951977063271,0.4512195121951267,1.0,False
train,UAV_0087,telemetry_26,172,155.0,-7456.824209211383,-7447.208015556647,9.61619365473598,0.20303030303029604,1.0,False
train,UAV_0087,telemetry_27,172,,,,0.0,0.0,0.0,False
train,UAV_0087,telemetry_28,172,157.0,-9859.564520039203,-9923.093480442341,-63.528960403138626,0.6783762442068095,1.0246027393775763,False
train,UAV_0088,telemetry_01,322,136.0,98.20243003923822,82.1689698445872,-16.033460194651028,0.9856788052515147,0.7154361429746025,False
train,UAV_0088,telemetry_02,322,292.0,17.86726535941324,8.041909327889112,-9.825356031524127,0.9589710374506757,0.8625606375006543,False
train,UAV_0088,telemetry_03,322,,,,0.0,0.0,0.0,False
train,UAV_0088,telemetry_04,322,204.0,-125.86460973548536,-125.9179474454383,-0.053337709952941736,1.2500000000011657,0.5999999999998401,False
train,UAV_0088,telemetry_05,322,221.0,-113.52861869870605,-113.52489910246351,0.0037195962425471407,0.8324417072011129,0.7541920983654545,False
train,UAV_0088,telemetry_06,322,140.0,-139.66421260163153,-138.45064887296246,1.2135637286690724,0.517904863709243,0.04231166150672873,False
train,UAV_0088,telemetry_07,322,258.0,140.5912754437698,140.67722414279535,0.08594869902555047,2.8695647601215146,1.0,False
train,UAV_0088,telemetry_08,322,,,,0.0,0.0,0.0,False
train,UAV_0088,telemetry_09,322,221.0,-141.82959575227443,-156.07650703743693,-14.246911285162497,1.087508534010473,0.8222871196453814,False
train,UAV_0088,telemetry_10,322,50.0,-61.690161920193894,-63.28024368848324,-1.5900817682893447,0.9897359735451625,0.507082191007769,False
train,UAV_0088,telemetry_11,322,290.0,61.958433197975125,61.735946303556304,-0.22248689441882163,0.5339743589743654,1.1320528211284728,False
train,UAV_0088,telemetry_12,322,262.0,640.1910537344221,642.2552764053581,2.064222670936033,0.5,1.4516129032257408,False
train,UAV_0088,telemetry_13,322,276.0,7135.1769409668195,7139.77146892871,4.59452796189089,0.5864800550677254,0.7515268042192379,False
train,UAV_0088,telemetry_14,322,,,,0.0,0.0,0.0,False
train,UAV_0088,telemetry_15,322,305.0,50213.63962836107,50265.29440318742,51.654774826354696,0.5689538043478031,1.2029850746269317,False
train,UAV_0088,telemetry_16,322,56.0,-691.1305885403375,-694.5992033130013,-3.468614772663841,0.6666666666666666,1.0,False
train,UAV_0088,telemetry_17,322,,,,0.0,0.0,0.0,False
train,UAV_0088,telemetry_18,322,286.0,-102.89639532957301,-102.97558396539765,-0.07918863582463587,0.3014097228503678,0.9992616251627016,False
train,UAV_0088,telemetry_19,322,310.0,33509.03699337729,33510.59537912544,1.558385748154251,0.8314856328752138,0.9997475242075753,False
train,UAV_0088,telemetry_20,322,,,,0.0,0.0,0.0,False
train,UAV_0088,telemetry_21,322,297.0,34964.29380953168,34965.765347130735,1.4715375990563189,0.7142857142847052,1.5999999999980221,False
train,UAV_0088,telemetry_22,322,308.0,23130.010448952184,23259.44863059371,129.43818164152617,0.9728989871338561,0.9431626336522076,False
train,UAV_0088,telemetry_23,322,312.0,-17464.204467048243,-17486.11755810474,-21.91309105649634,0.6329212781076018,1.073327039904001,False
train,UAV_0088,telemetry_24,322,311.0,-3715.638468226479,-3731.60918155138,-15.970713324901226,0.7820805428775598,1.0,False
train,UAV_0088,telemetry_25,322,311.0,-173.5520587090333,-174.3876056245427,-0.8355469155093829,0.6707317073170623,0.981818181818162,False
train,UAV_0088,telemetry_26,322,311.0,-7619.868925506616,-7651.731537317832,-31.862611811216084,0.672727272727278,1.0315315315315157,False
train,UAV_0088,telemetry_27,322,,,,0.0,0.0,0.0,False
train,UAV_0088,telemetry_28,322,291.0,-9805.753219267393,-9854.064046516694,-48.31082724930093,0.5158736635376395,1.1860653968536998,False
train,UAV_0089,telemetry_01,207,107.0,10.385028804276569,35.242508377126676,24.857479572850107,1.528147416058378,1.5642147543256208,False
train,UAV_0089,telemetry_02,207,83.0,6.284560425979298,17.462516694355152,11.177956268375855,1.0909870629491962,0.39891108053254415,False
train,UAV_0089,telemetry_03,207,,,,0.0,0.0,0.0,False
train,UAV_0089,telemetry_04,207,165.0,-125.88381131106843,-125.92648147903077,-0.04267016796234202,1.0000000000006661,0.3333333333332223,False
train,UAV_0089,telemetry_05,207,138.0,-113.52815154603314,-113.52446788060092,0.0036836654322200957,0.8244004298313727,0.5904260904882911,False
train,UAV_0089,telemetry_06,207,192.0,-140.7180968923178,-142.26980531318566,-1.5517084208678682,0.6622127204703253,1.0556900726392437,False
train,UAV_0089,telemetry_07,207,169.0,140.5912754437698,140.67722414279535,0.08594869902555047,2.8695647601215146,1.0,False
train,UAV_0089,telemetry_08,207,,,,0.0,0.0,0.0,False
train,UAV_0089,telemetry_09,207,163.0,-149.45593730872673,-161.19394122982945,-11.738003921102717,0.8959962746270449,0.28044496436669064,False
train,UAV_0089,telemetry_10,207,38.0,-63.790412831020646,-61.52506483102735,2.2653479999932955,1.4100510130394504,0.6168725427340275,False
train,UAV_0089,telemetry_11,207,189.0,61.985943582279006,61.71377774144734,-0.2721658408316685,0.6532051282051379,1.0736015701668349,False
train,UAV_0089,telemetry_12,207,188.0,640.923519843464,643.9199721077258,2.9964522642618476,0.7258064516128704,1.4222222222222205,False
train,UAV_0089,telemetry_13,207,178.0,7132.091152303598,7137.86169556291,5.770543259312035,0.736595479788786,1.2951992574563207,False
train,UAV_0089,telemetry_14,207,,,,0.0,0.0,0.0,False
train,UAV_0089,telemetry_15,207,194.0,50175.46135299687,50258.633250135186,83.17189713831613,0.9161005434782297,1.1290322580645273,False
train,UAV_0089,telemetry_16,207,197.0,-698.0678180856652,-701.5364328583291,-3.4686147726639547,0.6666666666666885,1.0,False
train,UAV_0089,telemetry_17,207,,,,0.0,0.0,0.0,False
train,UAV_0089,telemetry_18,207,185.0,-104.21592160138356,-103.96500751909318,0.2509140822903788,0.955035318071098,1.0304021586343275,False
train,UAV_0089,telemetry_19,207,184.0,33506.48620633948,33508.343107546454,1.856901206971088,0.9907602640063914,1.4252444288898953,False
train,UAV_0089,telemetry_20,207,,,,0.0,0.0,0.0,False
train,UAV_0089,telemetry_21,207,186.0,34963.19015633238,34965.10315521116,1.9129988787826733,0.9285714285747081,1.4230769230750213,False
train,UAV_0089,telemetry_22,207,143.0,22922.268358889356,23022.715884203746,100.44752531439008,0.7549958937859522,1.4880348078317718,False
train,UAV_0089,telemetry_23,207,196.0,-17440.291941010477,-17472.651200638385,-32.359259627908614,0.9346405721359833,1.072655733633465,False
train,UAV_0089,telemetry_24,207,191.0,-3693.7853776992706,-3716.9795416134994,-23.19416391422874,1.1358105262178892,1.3265922430182335,False
train,UAV_0089,telemetry_25,207,189.0,-172.67093650722342,-173.47609989853242,-0.8051633913090086,0.6463414634145972,1.3773584905660403,False
train,UAV_0089,telemetry_26,207,197.0,-7714.289588368279,-7764.300358199631,-50.01076983135226,1.05589613917947,1.0001624684443597,False
train,UAV_0089,telemetry_27,207,,,,0.0,0.0,0.0,False
train,UAV_0089,telemetry_28,207,196.0,-9817.161351449984,-9889.206536969928,-72.04518551994443,0.769314373414304,0.9334688284232696,False
train,UAV_0090,telemetry_01,181,66.0,90.55743078167808,81.90731221233987,-8.650118569338204,0.5317778217052417,0.46046757444550634,False
train,UAV_0090,telemetry_02,181,19.0,18.01426467605055,6.578235902240079,-11.436028773810472,1.1161753673200598,0.664412602466882,False
train,UAV_0090,telemetry_03,181,,,,0.0,0.0,0.0,False
train,UAV_0090,telemetry_04,181,50.0,-125.86887675228161,-125.92648147903077,-0.05760472674916173,1.3500000000008991,0.48148148148123476,False
train,UAV_0090,telemetry_05,181,64.0,-113.52717839101736,-113.5222518822354,0.0049265087819634346,1.1025474577290606,0.4182093976633278,False
train,UAV_0090,telemetry_06,181,164.0,-135.75801521286084,-134.59266841252384,1.165346800337005,0.49732763228219273,1.055883933369137,False
train,UAV_0090,telemetry_07,181,11.0,140.5912754437698,140.5912754437698,0.0,0.0,0.0,False
train,UAV_0090,telemetry_08,181,,,,0.0,0.0,0.0,False
train,UAV_0090,telemetry_09,181,139.0,-160.32005822252074,-149.06517212783405,11.254886094686697,0.8591184736325804,0.6888526925992643,False
train,UAV_0090,telemetry_10,181,89.0,-63.56748774616399,-61.39267977564511,2.1748079705188843,1.3536949651909993,0.5129030928011663,False
train,UAV_0090,telemetry_11,181,172.0,62.89805972206325,63.10505533211678,0.20699561005352507,0.49679487179487664,1.0,False
train,UAV_0090,telemetry_12,181,155.0,634.7974396587506,632.2671021911517,-2.5303374675988834,0.6129032258064214,1.1578947368421477,False
train,UAV_0090,telemetry_13,181,172.0,7141.458189503763,7147.538698303211,6.08050879944858,0.7761618092477024,1.0,False
train,UAV_0090,telemetry_14,181,,,,0.0,0.0,0.0,False
train,UAV_0090,telemetry_15,181,147.0,50039.67868221451,50063.91787804347,24.239195828959055,0.26698369565210806,0.9287531806613561,False
train,UAV_0090,telemetry_16,181,115.0,-695.4663570061673,-698.0678180856652,-2.6014610794978807,0.5,1.0,False
train,UAV_0090,telemetry_17,181,,,,0.0,0.0,0.0,False
train,UAV_0090,telemetry_18,181,26.0,-103.32929540629945,-103.32110851163063,0.008186894668824607,0.031161158762731157,0.31460896703316144,False
train,UAV_0090,telemetry_19,181,146.0,33505.40426152687,33506.18654539254,0.7822838656720705,0.4173920326894745,1.2075047228773146,False
train,UAV_0090,telemetry_20,181,,,,0.0,0.0,0.0,False
train,UAV_0090,telemetry_21,181,171.0,34962.895848812565,34963.778771372,0.8829225594381569,0.42857142857294217,1.0833333333374537,False
train,UAV_0090,telemetry_22,181,101.0,23086.524464461472,22987.09671097769,-99.427753483782,0.7473309608540766,0.40952380952382766,False
train,UAV_0090,telemetry_23,181,53.0,-17386.2409844423,-17375.803368919896,10.437615522401757,0.3014722541791199,0.14626291948319486,False
train,UAV_0090,telemetry_24,181,157.0,-3637.6530522252333,-3632.1828553608993,5.470196864333957,0.2678737290109041,1.2529611183114184,False
train,UAV_0090,telemetry_25,181,156.0,-172.89881293872594,-173.5520587090333,-0.6532457703073646,0.5243902439024538,1.4418604651162619,False
train,UAV_0090,telemetry_26,181,172.0,-7453.594890446733,-7443.2610703998525,10.333820046880646,0.2181818181818147,1.0,False
train,UAV_0090,telemetry_27,181,,,,0.0,0.0,0.0,False
train,UAV_0090,telemetry_28,181,162.0,-9847.392516751406,-9895.514830328562,-48.12231357715609,0.5138606729884516,1.093819355835247,False
train,UAV_0091,telemetry_01,156,133.0,93.36684617795271,79.8411678817352,-13.525678296217507,0.8315094971003039,0.6445666969386501,False
train,UAV_0091,telemetry_02,156,53.0,8.17054899813214,18.544697682153846,10.374148684021705,1.012534110139582,0.44504084677910216,False
train,UAV_0091,telemetry_03,156,,,,0.0,0.0,0.0,False
train,UAV_0091,telemetry_04,156,113.0,-125.91012458131186,-125.88238897213634,0.027735609175522313,0.6500000000004329,0.46153846153846156,False
train,UAV_0091,telemetry_05,156,103.0,-113.52442994405133,-113.52865113487805,-0.004221190826712018,0.9446980449156358,0.5511636060088686,False
train,UAV_0091,telemetry_06,156,147.0,-135.7536318557398,-134.44300807653215,1.3106237792076456,0.5593265633351221,1.0,False
train,UAV_0091,telemetry_07,156,11.0,140.5912754437698,140.5912754437698,0.0,0.0,0.0,False
train,UAV_0091,telemetry_08,156,,,,0.0,0.0,0.0,False
train,UAV_0091,telemetry_09,156,114.0,-141.7370401092766,-153.51946279776678,-11.782422688490186,0.8993868894513547,0.9199533316778805,False
train,UAV_0091,telemetry_10,156,44.0,-61.176696609232096,-63.09550558065398,-1.918808971421882,1.1943500662991373,0.661686952942602,False
train,UAV_0091,telemetry_11,156,145.0,62.84063513346776,63.12348461868928,0.28284948522152575,0.6788461538461587,0.9650613786591129,False
train,UAV_0091,telemetry_12,156,127.0,635.9960205644554,633.1993317844776,-2.796688779977785,0.6774193548386936,1.0238095238095297,False
train,UAV_0091,telemetry_13,156,114.0,7132.956293760059,7138.298937357911,5.3426435978517475,0.6819751533704418,1.8299735294391362,False
train,UAV_0091,telemetry_14,156,,,,0.0,0.0,0.0,False
train,UAV_0091,telemetry_15,156,141.0,50024.413539803136,49984.230750788956,-40.182789014179434,0.4425951086957025,1.4267075978511474,False
train,UAV_0091,telemetry_16,156,69.0,-693.7320496198354,-696.3335106993333,-2.6014610794978807,0.5,1.0,False
train,UAV_0091,telemetry_17,156,,,,0.0,0.0,0.0,False
train,UAV_0091,telemetry_18,156,94.0,-103.31972113734724,-103.33193030519234,-0.012209167845099955,0.04647083332227767,0.659371384079403,False
train,UAV_0091,telemetry_19,156,147.0,33506.58209525682,33507.63583485273,1.0537395959108835,0.5622287908044374,1.0,False
train,UAV_0091,telemetry_20,156,,,,0.0,0.0,0.0,False
train,UAV_0091,telemetry_21,156,143.0,34962.822271932615,34963.85234825196,1.0300763193445164,0.5000000000017659,1.1428571428500793,False
train,UAV_0091,telemetry_22,156,126.0,23080.041629252642,23157.252924998284,77.21129574564111,0.5803449219818718,1.1490566037736352,False
train,UAV_0091,telemetry_23,156,78.0,-17397.322006090493,-17387.798467651228,9.523538439265394,0.27507073764930007,1.1966931699869208,False
train,UAV_0091,telemetry_24,156,126.0,-3642.815536780664,-3635.97153920454,6.843997576123911,0.33514829493821596,1.2922548160513385,False
train,UAV_0091,telemetry_25,156,142.0,-173.2482234670299,-173.9014692373372,-0.6532457703073078,0.5243902439024082,1.4651162790697716,False
train,UAV_0091,telemetry_26,156,134.0,-7460.48410381132,-7450.50909696051,9.975006850810132,0.21060606060609377,1.1510791366903668,False
train,UAV_0091,telemetry_27,156,,,,0.0,0.0,0.0,False
train,UAV_0091,telemetry_28,156,119.0,-9776.070635514172,-9828.749390114546,-52.678754600374305,0.5625153547063015,1.7277456808742528,False
train,UAV_0092,telemetry_01,158,12.0,77.64042724346783,89.67502931559895,12.034602072131122,0.7398435551730131,0.6549668857202825,False
train,UAV_0092,telemetry_02,158,48.0,16.24184982261971,5.437655996256357,-10.804193826363353,1.0545072289740371,0.5405522727044094,False
train,UAV_0092,telemetry_03,158,,,,0.0,0.0,0.0,False
train,UAV_0092,telemetry_04,158,93.0,-125.91296925917602,-125.8745661080099,0.03840315116612203,0.9000000000009325,0.33333333333320997,False
train,UAV_0092,telemetry_05,158,116.0,-113.52406345091512,-113.52843245057122,-0.0043689996560942745,0.977777504686814,0.6027086409100688,False
train,UAV_0092,telemetry_06,158,72.0,-136.00410940551663,-137.31034982760315,-1.3062404220865176,0.5574559059326497,0.09827420901245847,False
train,UAV_0092,telemetry_07,158,11.0,140.5912754437698,140.5912754437698,0.0,0.0,0.0,False
train,UAV_0092,telemetry_08,158,,,,0.0,0.0,0.0,False
train,UAV_0092,telemetry_09,158,12.0,-146.11707952123118,-155.69744814808615,-9.580368626854977,0.7312976428456894,0.7406541998218249,False
train,UAV_0092,telemetry_10,158,110.0,-62.85652803702857,-61.15215431949254,1.7043737175360292,1.0608762481599316,0.5852778959745429,False
train,UAV_0092,telemetry_11,158,53.0,62.60265695468364,62.76184325609255,0.15918630140890855,0.3820512820512956,1.32046979865768,False
train,UAV_0092,telemetry_12,158,94.0,635.2635544554136,633.3990952687617,-1.8644591866518567,0.4516129032257958,1.25,False
train,UAV_0092,telemetry_13,158,136.0,7139.495598138642,7144.3094915124075,4.813893373765495,0.6144815037264958,1.2363840209143928,False
train,UAV_0092,telemetry_14,158,,,,0.0,0.0,0.0,False
train,UAV_0092,telemetry_15,158,148.0,49903.95768877522,49869.51089266714,-34.44679610808089,0.37941576086953205,0.9749328558640585,False
train,UAV_0092,telemetry_16,158,136.0,-698.9349717788311,-701.5364328583291,-2.6014610794979944,0.5000000000000219,1.0,False
train,UAV_0092,telemetry_17,158,,,,0.0,0.0,0.0,False
train,UAV_0092,telemetry_18,158,129.0,-103.33097323387284,-103.3249320917877,0.006041142085138063,0.022993942787617523,0.6842921011319446,False
train,UAV_0092,telemetry_19,158,55.0,33505.48849643483,33506.33820376822,0.8497073333855951,0.45336620967923513,1.1770168378911523,False
train,UAV_0092,telemetry_20,158,,,,0.0,0.0,0.0,False
train,UAV_0092,telemetry_21,158,124.0,34963.04300257248,34963.85234825196,0.8093456794813392,0.39285714285676443,1.3636363636379982,False
train,UAV_0092,telemetry_22,158,117.0,23113.184213747234,23198.26232075753,85.07810701029666,0.6394744045989327,0.8587328767123464,False
train,UAV_0092,telemetry_23,158,45.0,-17352.27148710158,-17341.41761978842,10.853867313162482,0.3134949585408011,0.3779358737797826,False
train,UAV_0092,telemetry_24,158,80.0,-3641.726274229999,-3636.5801282193897,5.1461460106093,0.2520050660122535,1.250685080680694,False
train,UAV_0092,telemetry_25,158,128.0,-173.4457163743321,-173.93185276153756,-0.4861363872054483,0.39024390243900936,1.4375000000000182,False
train,UAV_0092,telemetry_26,158,137.0,-7453.810178364376,-7446.27510124686,7.535077117516266,0.15909090909088813,1.504761904762015,False
train,UAV_0092,telemetry_27,158,,,,0.0,0.0,0.0,False
train,UAV_0092,telemetry_28,158,118.0,-9821.089677736622,-9866.92738027061,-45.837702533988704,0.4894650926247483,1.653625562719424,False
train,UAV_0093,telemetry_01,171,116.0,97.41369592275757,81.30080831555549,-16.112887607202083,0.9905617136291874,0.6980180202453485,False
train,UAV_0093,telemetry_02,171,93.0,10.868004306101229,19.90340341282838,9.03539910672715,0.881869931975886,0.15495091607733683,False
train,UAV_0093,telemetry_03,171,,,,0.0,0.0,0.0,False
train,UAV_0093,telemetry_04,171,114.0,-125.90941341184583,-125.86745441334952,0.04195899849631246,0.9833333333342104,0.406779661017196,False
train,UAV_0093,telemetry_05,171,73.0,-113.52720231967356,-113.52311939619368,0.004082923479884926,0.9137539588542697,0.33173018119866504,False
train,UAV_0093,telemetry_06,171,137.0,-137.10683681840942,-135.76302476385638,1.343812054553041,0.5734901122394326,1.467847157502298,False
train,UAV_0093,telemetry_07,171,11.0,140.5912754437698,140.5912754437698,0.0,0.0,0.0,False
train,UAV_0093,telemetry_08,171,,,,0.0,0.0,0.0,False
train,UAV_0093,telemetry_09,171,87.0,-147.04627491682692,-159.17503163777246,-12.128756720945546,0.9258235821754625,0.47013611644250003,False
train,UAV_0093,telemetry_10,171,93.0,-61.59003237341828,-62.98055624227729,-1.390523868859006,0.8655224671644182,0.36254491084014745,False
train,UAV_0093,telemetry_11,171,133.0,62.65046626332827,62.89805972206325,0.24759345873498262,0.5942307692307558,1.063646170442298,False
train,UAV_0093,telemetry_12,171,148.0,633.9983857216141,631.4014604259204,-2.5969252956937225,0.629032258064517,0.92307692307695,False
train,UAV_0093,telemetry_13,171,45.0,7137.86884713588,7131.155312173626,-6.713534962254016,0.8569660228471885,0.106356825726208,False
train,UAV_0093,telemetry_14,171,,,,0.0,0.0,0.0,False
train,UAV_0093,telemetry_15,171,162.0,49939.73054775945,49895.4462154307,-44.2843323287525,0.48777173913051425,1.0,False
train,UAV_0093,telemetry_16,171,94.0,-694.5992033130013,-697.2006643924992,-2.6014610794978807,0.5,1.3333333333333333,False
train,UAV_0093,telemetry_17,171,,,,0.0,0.0,0.0,False
train,UAV_0093,telemetry_18,171,22.0,-103.3312861492716,-103.32401911757063,0.007267031700976645,0.027659953832097465,0.621340683811468,False
train,UAV_0093,telemetry_19,171,148.0,33506.17796637727,33507.10331156077,0.9253451835029409,0.4937232174025352,1.1462101032397483,False
train,UAV_0093,telemetry_20,171,,,,0.0,0.0,0.0,False
train,UAV_0093,telemetry_21,171,150.0,34962.822271932615,34963.705194492046,0.8829225594308809,0.42857142856941044,1.3333333333360802,False
train,UAV_0093,telemetry_22,171,60.0,22989.427618019065,23062.559826442302,73.1322084232379,0.5496851902545878,1.3247011952191603,False
train,UAV_0093,telemetry_23,171,88.0,-17389.15346304031,-17374.269362015104,14.884101025207201,0.42990120472136784,1.1698802731905917,False
train,UAV_0093,telemetry_24,171,134.0,-3640.892306074391,-3636.3386182277973,4.553687846593675,0.2229925859107457,1.5177664906498451,False
train,UAV_0093,telemetry_25,171,145.0,-172.97477174922682,-173.6584010437345,-0.6836292945076821,0.5487804878048733,1.3111111111110731,False
train,UAV_0093,telemetry_26,171,151.0,-7458.833563109388,-7450.365571682083,8.467991427304696,0.17878787878787006,1.3305084745762776,False
train,UAV_0093,telemetry_27,171,,,,0.0,0.0,0.0,False
train,UAV_0093,telemetry_28,171,160.0,-9861.148416037388,-9916.205411112103,-55.056995074715815,0.5879107307767828,1.0479047995485762,False
train,UAV_0094,telemetry_01,392,238.0,92.21514211884056,77.48820575185248,-14.726936366988085,0.9053584732801866,0.49156308279872674,False
train,UAV_0094,telemetry_02,392,177.0,19.725165674396038,2.3280876918317723,-17.397077982564266,1.6979836525030247,0.5220372402544081,False
train,UAV_0094,telemetry_03,392,,,,0.0,0.0,0.0,False
train,UAV_0094,telemetry_04,392,205.0,-125.90585756451563,-125.858209210291,0.047648354224634204,1.1166666666678544,0.22388059701483634,False
train,UAV_0094,telemetry_05,392,381.0,-113.52375589424247,-113.52905196943459,-0.005296075192120497,1.1852560296639172,0.7398753391758787,False
train,UAV_0094,telemetry_06,392,209.0,-139.41436124572905,-140.57031513794945,-1.1559538922203956,0.4933190807055061,1.375947995666288,False
train,UAV_0094,telemetry_07,392,218.0,140.5912754437698,140.67722414279535,0.08594869902555047,2.8695647601215146,1.0,False
train,UAV_0094,telemetry_08,392,,,,0.0,0.0,0.0,False
train,UAV_0094,telemetry_09,392,36.0,-159.26805941586494,-148.24304994744375,11.025009468421189,0.841571316369544,0.5341494056454558,False
train,UAV_0094,telemetry_10,392,164.0,-61.52299771153237,-63.14314961182599,-1.6201519002936209,1.008452930098851,0.5795589512490188,False
train,UAV_0094,telemetry_11,392,244.0,62.21484066333174,62.03401998203337,-0.18082068129837126,0.4339743589743671,1.4963072378138218,False
train,UAV_0094,telemetry_12,392,356.0,643.5204451391576,645.3183164977147,1.7978713585571313,0.4354838709677277,1.2222222222222785,False
train,UAV_0094,telemetry_13,392,113.0,7128.328768126908,7133.901438222717,5.572670095809372,0.7113374631241739,1.2208930306090495,False
train,UAV_0094,telemetry_14,392,,,,0.0,0.0,0.0,False
train,UAV_0094,telemetry_15,392,383.0,50280.52870692726,50323.57949239448,43.05078546721779,0.47418478260866753,1.0,False
train,UAV_0094,telemetry_16,392,188.0,-693.7320496198354,-696.3335106993333,-2.6014610794978807,0.5,1.6666666666666667,False
train,UAV_0094,telemetry_17,392,,,,0.0,0.0,0.0,False
train,UAV_0094,telemetry_18,392,108.0,-103.32645129775659,-103.24156356220878,0.08488773554780948,0.3231017756325672,0.9764381333469139,False
train,UAV_0094,telemetry_19,392,318.0,33507.426745696444,33508.313275290566,0.8865295941213844,0.4730129375885842,2.320289453881857,False
train,UAV_0094,telemetry_20,392,,,,0.0,0.0,0.0,False
train,UAV_0094,telemetry_21,392,377.0,34966.79542345007,34968.26696104914,1.4715375990708708,0.7142857142917687,1.0,False
train,UAV_0094,telemetry_22,392,120.0,23059.719033485624,22963.64195887382,-96.07707461180325,0.7221461812209153,0.05534495830176973,False
train,UAV_0094,telemetry_23,392,345.0,-17437.589677490847,-17457.82119646664,-20.231518975793733,0.5843520120097989,1.382673448322973,False
train,UAV_0094,telemetry_24,392,368.0,-3721.714404626708,-3731.187589514089,-9.47318488738074,0.4638987269247753,1.723878571698847,False
train,UAV_0094,telemetry_25,392,382.0,-173.77993514053585,-174.3116468140418,-0.5317116735059528,0.4268292682926615,1.0857142857143285,False
train,UAV_0094,telemetry_26,392,375.0,-7639.173075455303,-7664.074711262717,-24.901635807414095,0.525757575757574,1.0806916426512938,False
train,UAV_0094,telemetry_27,392,,,,0.0,0.0,0.0,False
train,UAV_0094,telemetry_28,392,271.0,-9745.634598802579,-9786.63560777343,-41.001008970852126,0.43781781250370067,1.5953679345665288,False
train,UAV_0095,telemetry_01,166,149.0,77.75268492634657,90.77468756110298,13.022002634756404,0.8005453497362263,1.0,False
train,UAV_0095,telemetry_02,166,11.0,6.137692613589978,14.756321040465599,8.61862842687562,0.8411924226872738,0.5808833425817134,False
train,UAV_0095,telemetry_03,166,,,,0.0,0.0,0.0,False
train,UAV_0095,telemetry_04,166,125.0,-125.9143915981081,-125.87883312480614,0.03555847330196116,0.8333333333341104,0.5800000000001119,False
train,UAV_0095,telemetry_05,166,20.0,-113.52339523904733,-113.52769184453126,-0.0042966054839297385,0.9615757654822412,0.561843503356929,False
train,UAV_0095,telemetry_06,166,153.0,-135.5081638569584,-134.25953327132055,1.2486305856378408,0.5328701229289128,0.8269809428284755,False
train,UAV_0095,telemetry_07,166,11.0,140.5912754437698,140.5912754437698,0.0,0.0,0.0,False
train,UAV_0095,telemetry_08,166,,,,0.0,0.0,0.0,False
train,UAV_0095,telemetry_09,166,117.0,-157.19620131795875,-145.21029256493674,11.985908753022017,0.9149195777162867,0.33030917757031564,False
train,UAV_0095,telemetry_10,166,57.0,-61.28777227222145,-62.94607436490227,-1.6583020926808203,1.03219926727238,0.6344488768478018,False
train,UAV_0095,telemetry_11,166,152.0,62.83796422237029,63.04309019465559,0.20512597228530183,0.49230769230770227,0.9479166666666775,False
train,UAV_0095,telemetry_12,166,149.0,633.332507440667,631.3348725978258,-1.9976348428411939,0.4838709677419044,1.0,False
train,UAV_0095,telemetry_13,166,71.0,7134.101577968121,7137.800617406069,3.6990394379481586,0.4721731745371066,1.7407355678644993,False
train,UAV_0095,telemetry_14,166,,,,0.0,0.0,0.0,False
train,UAV_0095,telemetry_15,166,157.0,50219.745685325615,50307.820931238486,88.07524591287074,0.9701086956520655,1.0,False
train,UAV_0095,telemetry_16,166,146.0,-698.0678180856652,-700.6692791651632,-2.6014610794979944,0.5000000000000219,1.3333333333333188,False
train,UAV_0095,telemetry_17,166,,,,0.0,0.0,0.0,False
train,UAV_0095,telemetry_18,166,42.0,-103.32349474679265,-103.32889048416075,-0.005395737368104392,0.020537387565246597,0.7991821170317421,False
train,UAV_0095,telemetry_19,166,34.0,33505.20900187381,33505.83760490551,0.6286030316987308,0.33539474437465294,0.7253018416591719,False
train,UAV_0095,telemetry_20,166,,,,0.0,0.0,0.0,False
train,UAV_0095,telemetry_21,166,137.0,34962.23365689299,34962.96942569252,0.7357687995317974,0.3571428571441185,1.0,False
train,UAV_0095,telemetry_22,166,41.0,23032.185194059348,23144.06873204549,111.88353798614116,0.8409526416643319,0.8216145833333801,False
train,UAV_0095,telemetry_23,166,155.0,-17451.182929732946,-17490.193092938844,-39.0101632058977,1.1267402801278108,1.062989675294312,False
train,UAV_0095,telemetry_24,166,123.0,-3638.9525207887714,-3634.911013660137,4.041507128634294,0.19791126575903176,1.2378448756288691,False
train,UAV_0095,telemetry_25,166,149.0,-173.53686694693312,-174.1749209551403,-0.6380540082071775,0.5121951219512212,1.0,False
train,UAV_0095,telemetry_26,166,88.0,-7464.861624803401,-7458.690037830958,6.171586972443038,0.13030303030303728,1.4069767441858236,False
train,UAV_0095,telemetry_27,166,,,,0.0,0.0,0.0,False
train,UAV_0095,telemetry_28,166,141.0,-9856.5223690631,-9889.972768029138,-33.45039896603885,0.357190734332868,1.3866586956934928,False
train,UAV_0096,telemetry_01,491,326.0,100.0665693486778,82.68718984655175,-17.379379502126056,1.0684210280063708,0.7069108025610279,False
train,UAV_0096,telemetry_02,491,370.0,16.953492133822117,6.732970566944516,-10.2205215668776,0.9975398488186122,0.5443397906789965,False
train,UAV_0096,telemetry_03,491,,,,0.0,0.0,0.0,False
train,UAV_0096,telemetry_04,491,103.0,-125.88310014160237,-125.92292563170056,-0.03982549009819536,0.933333333334177,0.30357142857159425,False
train,UAV_0096,telemetry_05,491,286.0,-113.52810001894287,-113.52366653796324,0.004433480979628257,0.9922083567323194,0.5177120611808179,False
train,UAV_0096,telemetry_06,491,476.0,-141.45011753154077,-142.9492256669555,-1.4991081354147298,0.6397648316408269,0.926482873851289,False
train,UAV_0096,telemetry_07,491,385.0,140.5912754437698,140.67722414279535,0.08594869902555047,2.8695647601215146,1.0,False
train,UAV_0096,telemetry_08,491,,,,0.0,0.0,0.0,False
train,UAV_0096,telemetry_09,491,37.0,-147.7701533070512,-162.6438379744494,-14.873684667398209,1.135351985017417,0.37709281331288597,False
train,UAV_0096,telemetry_10,491,394.0,-63.259148289749575,-60.9161754176755,2.3429728720740783,1.4583681058282358,0.5476721012265399,False
train,UAV_0096,telemetry_11,491,453.0,61.93225826921996,61.750903405702104,-0.18135486351785346,0.43525641025639256,1.4153166421208028,False
train,UAV_0096,telemetry_12,491,329.0,641.2564589839374,639.1256484849067,-2.1308104990306447,0.5161290322580405,0.28125000000007505,False
train,UAV_0096,telemetry_13,491,33.0,7133.0131417950215,7128.156513548079,-4.856628246942819,0.6199365038880432,0.17823125046386518,False
train,UAV_0096,telemetry_14,491,,,,0.0,0.0,0.0,False
train,UAV_0096,telemetry_15,491,481.0,50265.602789902805,50317.59679011608,51.99400021327165,0.5726902173912548,1.0106761565837714,False
train,UAV_0096,telemetry_16,491,300.0,-692.8648959266694,-696.3335106993333,-3.468614772663841,0.6666666666666666,1.0,False
train,UAV_0096,telemetry_17,491,,,,0.0,0.0,0.0,False
train,UAV_0096,telemetry_18,491,216.0,-103.15468891701184,-103.06350632698098,0.09118259003085427,0.34706140475560937,0.99490133919394,False
train,UAV_0096,telemetry_19,491,403.0,33505.852821599714,33506.89038291402,1.0375613143041846,0.553596776082465,2.4544922735800014,False
train,UAV_0096,telemetry_20,491,,,,0.0,0.0,0.0,False
train,UAV_0096,telemetry_21,491,482.0,34966.79542345007,34967.82549976942,1.0300763193445164,0.5000000000017659,1.0,False
train,UAV_0096,telemetry_22,491,482.0,23165.848144713367,23260.104198199093,94.25605348572572,0.7084588009854856,1.0,False
train,UAV_0096,telemetry_23,491,448.0,-17437.69817273404,-17455.3039609792,-17.60578824516051,0.508512375980627,1.6446788311254465,False
train,UAV_0096,telemetry_24,491,477.0,-3722.2399551427907,-3735.1416763193993,-12.90172117660859,0.6317930136611077,1.1068739280441344,False
train,UAV_0096,telemetry_25,491,471.0,-173.5064834227328,-174.0533868583389,-0.5469034356061115,0.4390243902438713,1.1666666666667014,False
train,UAV_0096,telemetry_26,491,479.0,-7634.652029184793,-7657.8313616510595,-23.179332466266715,0.48939393939392545,1.13003095975234,False
train,UAV_0096,telemetry_27,491,,,,0.0,0.0,0.0,False
train,UAV_0096,telemetry_28,491,141.0,-9681.52447964262,-9727.957992962565,-46.43351331994563,0.4958272915442729,1.373416652177303,False
train,UAV_0097,telemetry_01,275,31.0,78.37948792539427,92.73724121677691,14.357753291382636,0.8826624408290468,0.6796940776666188,False
train,UAV_0097,telemetry_02,275,104.0,4.243957500324699,15.322497459470945,11.078539959146246,1.0812838663530067,0.677621693802914,False
train,UAV_0097,telemetry_03,275,,,,0.0,0.0,0.0,False
train,UAV_0097,telemetry_04,275,220.0,-125.9143915981081,-125.86958792174764,0.04480367636045912,1.0500000000006995,0.5396825396826455,False
train,UAV_0097,telemetry_05,275,148.0,-113.52902904597235,-113.5232030354783,0.005826010494047296,1.3038549900553795,0.5252704726353249,False
train,UAV_0097,telemetry_06,275,252.0,-140.94164810549367,-142.32303179251323,-1.3813836870195644,0.5895243185462155,1.091568449682708,False
train,UAV_0097,telemetry_07,275,208.0,140.5912754437698,140.67722414279535,0.08594869902555047,2.8695647601215146,1.0,False
train,UAV_0097,telemetry_08,275,,,,0.0,0.0,0.0,False
train,UAV_0097,telemetry_09,275,215.0,-156.96616011274065,-144.12525398619573,12.840906126544922,0.9801840355101008,0.5303715768541679,False
train,UAV_0097,telemetry_10,275,248.0,-61.59479937934245,-63.78460548244211,-2.189806103099663,1.3630304545018201,0.4530736618958099,False
train,UAV_0097,telemetry_11,275,214.0,62.13204241931034,61.973924482340415,-0.15811793696992282,0.37948717948719357,1.5185810810810882,False
train,UAV_0097,telemetry_12,275,213.0,640.4574050468009,642.3884520615475,1.9310470147465821,0.46774193548386384,1.4137931034482556,False
train,UAV_0097,telemetry_13,275,72.0,7125.392551551333,7131.502934273459,6.110382722125905,0.7799751410985931,1.1979021156023495,False
train,UAV_0097,telemetry_14,275,,,,0.0,0.0,0.0,False
train,UAV_0097,telemetry_15,275,258.0,50203.67873745425,50272.10974959735,68.43101214310445,0.753736413043572,1.1117620549796772,False
train,UAV_0097,telemetry_16,275,263.0,-699.8021254719972,-702.4035865514951,-2.6014610794978807,0.5,0.6666666666666666,False
train,UAV_0097,telemetry_17,275,,,,0.0,0.0,0.0,False
train,UAV_0097,telemetry_18,275,266.0,-103.15840425108328,-103.19524310505264,-0.03683885396935693,0.14021694715916144,1.0,False
train,UAV_0097,telemetry_19,275,261.0,33508.904372048375,33510.176887963775,1.2725159153997083,0.6789581478867442,1.0445702332047688,False
train,UAV_0097,telemetry_20,275,,,,0.0,0.0,0.0,False
train,UAV_0097,telemetry_21,275,266.0,34966.133231530504,34967.531192249604,1.3979607190995011,0.6785714285685275,1.0,False
train,UAV_0097,telemetry_22,275,89.0,22914.83859269497,23029.562923637794,114.72433094282314,0.86230495483161,1.1187301587301985,False
train,UAV_0097,telemetry_23,275,257.0,-17444.4664461152,-17468.334688781957,-23.868242666758306,0.6893924100383151,1.3208135268218713,False
train,UAV_0097,telemetry_24,275,264.0,-3718.8479505552928,-3738.15226152314,-19.304310967847414,0.945325715544062,1.083393319118914,False
train,UAV_0097,telemetry_25,275,261.0,-173.30899051543057,-174.08377038253926,-0.7747798671086912,0.6219512195121776,1.0784313725490327,False
train,UAV_0097,telemetry_26,275,264.0,-7621.160653012475,-7660.127766105923,-38.96711309344755,0.8227272727272972,1.0257826887661008,False
train,UAV_0097,telemetry_27,275,,,,0.0,0.0,0.0,False
train,UAV_0097,telemetry_28,275,250.0,-9797.651407094738,-9850.032426143289,-52.381019048551025,0.559336068847836,1.1921500628823605,False
train,UAV_0098,telemetry_01,307,241.0,73.83665748603613,92.20543993256533,18.368782446529195,1.129245921716898,0.8423245570742695,False
train,UAV_0098,telemetry_02,307,32.0,9.865945410359767,19.753305890022673,9.887360479662906,0.9650227743818796,0.15213862460759575,False
train,UAV_0098,telemetry_03,307,,,,0.0,0.0,0.0,False
train,UAV_0098,telemetry_04,307,71.0,-125.90799107291375,-125.86318739655329,0.04480367636045912,1.0500000000006995,0.31746031746052894,False
train,UAV_0098,telemetry_05,307,12.0,-113.52853712043131,-113.52405753330456,0.004479587126752449,1.0025268637211977,0.5928963804359924,False
train,UAV_0098,telemetry_06,307,260.0,-140.30042557806485,-141.5114845312361,-1.2110589531712606,0.5168359166221056,1.1551189245088191,False
train,UAV_0098,telemetry_07,307,232.0,140.5912754437698,140.67722414279535,0.08594869902555047,2.8695647601215146,1.0,False
train,UAV_0098,telemetry_08,307,,,,0.0,0.0,0.0,False
train,UAV_0098,telemetry_09,307,121.0,-164.30469034326256,-149.19208473417476,15.112605609087808,1.1535895214097336,0.7261274103788501,False
train,UAV_0098,telemetry_10,307,232.0,-61.82646164085368,-63.81799891096918,-1.9915372701155007,1.2396193190805538,0.399790310253053,False
train,UAV_0098,telemetry_11,307,287.0,61.853199300735,61.66676970613196,-0.18642959460304098,0.44743589743589024,1.3166189111748166,False
train,UAV_0098,telemetry_12,307,209.0,639.0590606568119,641.0566954996533,1.9976348428414212,0.4838709677419595,1.3333333333333333,False
train,UAV_0098,telemetry_13,307,271.0,7133.789055503776,7140.393644525377,6.604589021600987,0.8430593447719728,1.1272127108811034,False
train,UAV_0098,telemetry_14,307,,,,0.0,0.0,0.0,False
train,UAV_0098,telemetry_15,307,297.0,50242.288754219975,50301.86906763164,59.580313411664974,0.6562500000001152,1.0714285714285627,False
train,UAV_0098,telemetry_16,307,291.0,-698.9349717788311,-701.5364328583291,-2.6014610794979944,0.5000000000000219,1.0,False
train,UAV_0098,telemetry_17,307,,,,0.0,0.0,0.0,False
train,UAV_0098,telemetry_18,307,236.0,-102.97963876386686,-103.06643308952775,-0.08679432566088963,0.33035868556147846,0.9011056755023827,False
train,UAV_0098,telemetry_19,307,294.0,33509.05635037525,33510.27682010527,1.2204697300185217,0.6511886078728727,1.1176322111400725,False
train,UAV_0098,telemetry_20,307,,,,0.0,0.0,0.0,False
train,UAV_0098,telemetry_21,307,298.0,34966.2803852904,34967.384038489705,1.103653199301334,0.5357142857179436,1.0,False
train,UAV_0098,telemetry_22,307,279.0,23139.843963032996,23223.538093987474,83.69413095447817,0.6290719956200094,0.7214969538728945,False
train,UAV_0098,telemetry_23,307,298.0,-17463.704577774202,-17488.18405228912,-24.479474514919275,0.7070467720614868,1.0,False
train,UAV_0098,telemetry_24,307,297.0,-3719.87442341472,-3733.6017350616366,-13.72731164691686,0.6722219056008624,1.050027142805819,False
train,UAV_0098,telemetry_25,307,252.0,-172.2607589305188,-172.85323765242543,-0.5924787219066445,0.47560975609754624,1.948717948717988,False
train,UAV_0098,telemetry_26,307,297.0,-7622.308855239906,-7654.45851760798,-32.14966236807413,0.6787878787878893,1.051339285714308,False
train,UAV_0098,telemetry_27,307,,,,0.0,0.0,0.0,False
train,UAV_0098,telemetry_28,307,212.0,-9719.336737907615,-9772.309767722782,-52.97302981516623,0.5656576903231116,1.6526607908697244,False
train,UAV_0099,telemetry_01,145,86.0,80.3223321659454,92.91638342099395,12.594051255048555,0.7742364557398514,0.4176419341955438,False
train,UAV_0099,telemetry_02,145,53.0,7.735954855725649,14.270647730589111,6.534692874863462,0.6377968579991772,0.5621574034162827,False
train,UAV_0099,telemetry_03,145,,,,0.0,0.0,0.0,False
train,UAV_0099,telemetry_04,145,114.0,-125.90230171718544,-125.85678687135893,0.04551484582650289,1.0666666666674882,0.3906250000000634,False
train,UAV_0099,telemetry_05,145,21.0,-113.5272839132885,-113.52400178004363,0.003282133244866259,0.7345379507500054,0.4469065762983941,False
train,UAV_0099,telemetry_06,145,135.0,-134.96901093106362,-134.09046092522118,0.8785500058424418,0.37493319080704024,0.918032786885249,False
train,UAV_0099,telemetry_07,145,11.0,140.5912754437698,140.5912754437698,0.0,0.0,0.0,False
train,UAV_0099,telemetry_08,145,,,,0.0,0.0,0.0,False
train,UAV_0099,telemetry_09,145,76.0,-157.33451233890796,-147.2689510545976,10.065561284310348,0.7683338217802393,0.2640431220973593,False
train,UAV_0099,telemetry_10,145,36.0,-62.683871888792346,-61.42420578364747,1.2596661051448734,0.784070909924764,0.0930842230732575,False
train,UAV_0099,telemetry_11,145,129.0,62.912215550879814,63.05831438791114,0.14609883703132454,0.35064102564102384,1.071297989031102,False
train,UAV_0099,telemetry_12,145,129.0,632.4668656754358,630.802169973068,-1.6646957023677942,0.4032258064516191,1.0800000000000163,False
train,UAV_0099,telemetry_13,145,35.0,7139.293934145249,7133.952244849379,-5.34168929587031,0.6818533390984933,0.18777292901390816,False
train,UAV_0099,telemetry_14,145,,,,0.0,0.0,0.0,False
train,UAV_0099,telemetry_15,145,49.0,49984.44662148972,50010.01188019483,25.565258705108135,0.28158967391308526,0.6525934861281825,False
train,UAV_0099,telemetry_16,145,133.0,-699.8021254719972,-702.4035865514951,-2.6014610794978807,0.5,0.6666666666666666,False
train,UAV_0099,telemetry_17,145,,,,0.0,0.0,0.0,False
train,UAV_0099,telemetry_18,145,56.0,-103.32482643083586,-103.33160533674962,-0.006778905913762401,0.025802037519886016,0.3693876851227569,False
train,UAV_0099,telemetry_19,145,121.0,33506.20226785655,33507.02825747298,0.8259896164308884,0.44071148608734084,1.0199547940196376,False
train,UAV_0099,telemetry_20,145,,,,0.0,0.0,0.0,False
train,UAV_0099,telemetry_21,145,133.0,34963.48446385219,34964.22023265173,0.7357687995390734,0.35714285714765026,0.8999999999960444,False
train,UAV_0099,telemetry_22,145,123.0,23121.560910927183,23209.33412920408,87.77321827689593,0.6597317273474027,1.1385892116182748,False
train,UAV_0099,telemetry_23,145,121.0,-17378.05190682481,-17386.7378723984,-8.685965573589783,0.25087891152650865,0.6618346814882802,False
train,UAV_0099,telemetry_24,145,70.0,-3641.698842594933,-3636.874053173755,4.824789421178139,0.23626834024385965,1.4520712466092727,False
train,UAV_0099,telemetry_25,145,108.0,-173.17226465652902,-173.703976330035,-0.5317116735059813,0.4268292682926843,1.3142857142857296,False
train,UAV_0099,telemetry_26,145,134.0,-7448.57150570172,-7440.821140666561,7.750365035158211,0.163636363636313,1.0,False
train,UAV_0099,telemetry_27,145,,,,0.0,0.0,0.0,False
train,UAV_0099,telemetry_28,145,131.0,-9878.544249919754,-9915.816725243543,-37.27247532378897,0.39800370826143355,0.9098877085331297,False
train,UAV_0100,telemetry_01,152,36.0,91.22599636640675,75.89415450789477,-15.331841858511979,0.9425458623363722,0.3869660440299548,False
train,UAV_0100,telemetry_02,152,16.0,14.995301228162809,5.405926513624714,-9.589374714538096,0.9359388696958378,0.4138918722750239,False
train,UAV_0100,telemetry_03,152,,,,0.0,0.0,0.0,False
train,UAV_0100,telemetry_04,152,51.0,-125.86034271868911,-125.91510276757414,-0.05476004888502928,1.2833333333347432,0.701298701298917,False
train,UAV_0100,telemetry_05,152,32.0,-113.5250674342374,-113.52934993028403,-0.004282496046627671,0.9584180883287292,0.19925534544045162,False
train,UAV_0100,telemetry_06,152,102.0,-136.8920523194757,-135.98094023216228,0.9111120873134269,0.3888295029395846,1.5731958762886278,False
train,UAV_0100,telemetry_07,152,11.0,140.5912754437698,140.5912754437698,0.0,0.0,0.0,False
train,UAV_0100,telemetry_08,152,,,,0.0,0.0,0.0,False
train,UAV_0100,telemetry_09,152,91.0,-169.1614514234428,-143.23127136072983,25.930180062712964,1.9793267145557958,0.5723881136238387,False
train,UAV_0100,telemetry_10,152,49.0,-63.2221686518114,-61.613129238384204,1.6090394134271975,1.0015360354921794,0.6411683838743407,False
train,UAV_0100,telemetry_11,152,87.0,62.61788114793919,62.76558253162901,0.1477013836898209,0.3544871794872196,1.8101265822782855,False
train,UAV_0100,telemetry_12,152,11.0,638.3265945477702,635.7296692520765,-2.5969252956937225,0.629032258064517,1.4102564102564126,False
train,UAV_0100,telemetry_13,152,142.0,7143.8876172190485,7148.774934450523,4.887317231474299,0.6238538763553091,0.9535037416903236,False
train,UAV_0100,telemetry_14,152,,,,0.0,0.0,0.0,False
train,UAV_0100,telemetry_15,152,80.0,49946.23750745399,49974.76327862675,28.52577117276087,0.31419836956518077,1.2345945945947194,False
train,UAV_0100,telemetry_16,152,136.0,-698.9349717788311,-702.4035865514951,-3.4686147726639547,0.6666666666666885,0.7500000000000082,False
train,UAV_0100,telemetry_17,152,,,,0.0,0.0,0.0,False
train,UAV_0100,telemetry_18,152,91.0,-103.33243589503601,-103.32501124688035,0.007424648155662794,0.028259877437661462,0.8582200394481043,False
train,UAV_0100,telemetry_19,152,19.0,33505.80764098255,33505.15749342079,-0.6501475617624237,0.3468899516660608,0.14853877631695675,False
train,UAV_0100,telemetry_20,152,,,,0.0,0.0,0.0,False
train,UAV_0100,telemetry_21,152,120.0,34962.60154129275,34963.263733212334,0.6621919195822557,0.3214285714314725,1.6666666666520165,False
train,UAV_0100,telemetry_22,152,71.0,23005.088399703323,23120.17693487137,115.08853516804811,0.865042430878767,1.1677215189872854,False
train,UAV_0100,telemetry_23,152,81.0,-17355.774382275376,-17370.79208282334,-15.017700547963614,0.43375999308123664,1.0581034367753794,False
train,UAV_0100,telemetry_24,152,116.0,-3638.0776445206347,-3634.0501073490523,4.02753717158248,0.19722716158830425,1.6131916796787882,False
train,UAV_0100,telemetry_25,152,135.0,-173.4457163743321,-174.19011271724045,-0.7443963429083453,0.5975609756097352,1.163265306122439,False
train,UAV_0100,telemetry_26,152,143.0,-7450.796147517369,-7443.548120956711,7.248026560658218,0.15303030303027684,1.0,False
train,UAV_0100,telemetry_27,152,,,,0.0,0.0,0.0,False
train,UAV_0100,telemetry_28,152,131.0,-9854.493790726967,-9903.22014992642,-48.72635919945242,0.5203108053057861,0.9742092984555477,False
test,UAV_0101,telemetry_01,233,116.0,93.83383589356026,75.29579268213848,-18.53804321142178,1.1396514577951886,0.32890584724159777,False
test,UAV_0101,telemetry_02,233,162.0,5.593529789239303,16.275973890212533,10.68244410097323,1.0426242539355652,0.4544267719398537,False
test,UAV_0101,telemetry_03,233,,,,0.0,0.0,0.0,False
test,UAV_0101,telemetry_04,233,206.0,-125.87527727747594,-125.92150329276848,-0.04622601529253245,1.0833333333339439,0.8000000000004919,False
test,UAV_0101,telemetry_05,233,67.0,-113.52807666938095,-113.52358293286946,0.004493736511491875,1.0056934810689633,0.5298702524313198,False
test,UAV_0101,telemetry_06,233,223.0,-139.6729793158737,-140.7412660656722,-1.0682867497984887,0.455905932656338,0.7948417350527627,False
test,UAV_0101,telemetry_07,233,212.0,140.5912754437698,140.67722414279535,0.08594869902555047,2.8695647601215146,1.0,False
test,UAV_0101,telemetry_08,233,,,,0.0,0.0,0.0,False
test,UAV_0101,telemetry_09,233,60.0,-148.2881026049296,-160.70141393861047,-12.413311333680866,0.9475444705524393,0.44049249673349916,False
test,UAV_0101,telemetry_10,233,142.0,-61.71636486800415,-63.211779561431044,-1.4954146934268948,0.930811073348074,0.5565552245081902,False
test,UAV_0101,telemetry_11,233,193.0,62.27787416523192,62.11441440606707,-0.16345975916485145,0.39230769230770396,1.0800653594771177,False
test,UAV_0101,telemetry_12,233,82.0,639.8581145939485,637.5941284387284,-2.2639861552200955,0.5483870967741766,0.17647058823528822,False
test,UAV_0101,telemetry_13,233,209.0,7131.8857248775175,7136.571781967674,4.686057090156282,0.5981635204053258,0.9662214425574117,False
test,UAV_0101,telemetry_14,233,,,,0.0,0.0,0.0,False
test,UAV_0101,telemetry_15,233,223.0,50091.85771445701,50130.714440595046,38.85672613803763,0.42798913043480546,0.9936507936508561,False
test,UAV_0101,telemetry_16,233,140.0,-692.8648959266694,-694.5992033130013,-1.7343073863319205,0.3333333333333333,1.0,False
test,UAV_0101,telemetry_17,233,,,,0.0,0.0,0.0,False
test,UAV_0101,telemetry_18,233,56.0,-103.06562443975545,-103.10933370420312,-0.04370926444767065,0.16636727159109924,0.0531600784833314,False
test,UAV_0101,telemetry_19,233,72.0,33503.34405980203,33504.046360969034,0.702301167002588,0.374716806160337,1.5884797784894775,False
test,UAV_0101,telemetry_20,233,,,,0.0,0.0,0.0,False
test,UAV_0101,telemetry_21,233,224.0,34962.5279644128,34963.33731009229,0.8093456794886151,0.3928571428602962,1.0,False
test,UAV_0101,telemetry_22,233,97.0,23043.766888421193,22944.994702542797,-98.77218587839525,0.7424035039693306,0.29351032448377706,False
test,UAV_0101,telemetry_23,233,210.0,-17395.849108922124,-17407.27006981751,-11.420960895386088,0.32987446401276765,1.3746880631323846,False
test,UAV_0101,telemetry_24,233,175.0,-3657.485357766089,-3665.549118262039,-8.063760495950191,0.39487968120211375,2.0668628919613163,False
test,UAV_0101,telemetry_25,233,94.0,-171.121376773006,-171.71385549491265,-0.5924787219066445,0.47560975609754624,1.1538461538461797,False
test,UAV_0101,telemetry_26,233,221.0,-7538.777143194286,-7554.206110625393,-15.428967431107594,0.32575757575759323,1.0651162790697908,False
test,UAV_0101,telemetry_27,233,,,,0.0,0.0,0.0,False
test,UAV_0101,telemetry_28,233,62.0,-9673.240444808918,-9717.472240715651,-44.23179590673317,0.4723168676352109,1.2492352254336172,False
test,UAV_0102,telemetry_01,124,21.0,78.08584991173163,96.79468305452437,18.70883314279274,1.1501510014656735,0.5060406640114673,False
test,UAV_0102,telemetry_02,124,104.0,17.799454191914023,7.330275586049148,-10.469178605864876,1.021809188054969,0.9227845324601172,False
test,UAV_0102,telemetry_03,124,,,,0.0,0.0,0.0,False
test,UAV_0102,telemetry_04,124,66.0,-125.87741078587406,-125.92790381796284,-0.050493032088780865,1.1833333333343437,0.23943661971845256,False
test,UAV_0102,telemetry_05,124,62.0,-113.5262444839987,-113.52238084554696,0.003863638451733209,0.8646782013539727,0.29205657646641525,False
test,UAV_0102,telemetry_06,124,61.0,-137.9428056407898,-136.75804683034508,1.1847588104447198,0.5056119722073685,0.913319238900615,False
test,UAV_0102,telemetry_07,124,11.0,140.5912754437698,140.5912754437698,0.0,0.0,0.0,False
test,UAV_0102,telemetry_08,124,,,,0.0,0.0,0.0,False
test,UAV_0102,telemetry_09,124,91.0,-159.65415161619825,-145.69403083394616,13.96012078225209,1.0656169735770873,0.6945756129269756,False
test,UAV_0102,telemetry_10,124,30.0,-62.946801888810406,-61.73484193271301,1.2119599560973953,0.7543765301681851,0.5792071199297186,False
test,UAV_0102,telemetry_11,124,64.0,62.575947843708995,62.686523563144036,0.1105757194350403,0.2653846153846082,1.0507246376812316,False
test,UAV_0102,telemetry_12,124,114.0,635.9294327363607,634.464500518277,-1.4649322180837316,0.35483870967744247,0.8636363636363424,False
test,UAV_0102,telemetry_13,124,60.0,7133.103478637444,7137.787817165763,4.684338528319131,0.5979441502656183,0.7017734672215784,False
test,UAV_0102,telemetry_14,124,,,,0.0,0.0,0.0,False
test,UAV_0102,telemetry_15,124,42.0,49956.41426906157,49932.26758924722,-24.146679814351955,0.26596467391305767,0.8914431673054372,False
test,UAV_0102,telemetry_16,124,78.0,-694.5992033130013,-697.2006643924992,-2.6014610794978807,0.5,0.6666666666666666,False
test,UAV_0102,telemetry_17,124,,,,0.0,0.0,0.0,False
test,UAV_0102,telemetry_18,124,13.0,-103.33054513744685,-103.323630389205,0.0069147482418543404,0.026319083912151337,0.46181809015642533,False
test,UAV_0102,telemetry_19,124,90.0,33505.36870680169,33505.9440388366,0.5753320349103888,0.3069716992262294,0.8916800220606771,False
test,UAV_0102,telemetry_20,124,,,,0.0,0.0,0.0,False
test,UAV_0102,telemetry_21,124,71.0,34961.86577249323,34962.3808106529,0.5150381596758962,0.2500000000026488,1.0,False
test,UAV_0102,telemetry_22,124,82.0,23022.6430433587,23084.84912502548,62.20608166677994,0.467560908842064,0.925058548009375,False
test,UAV_0102,telemetry_23,124,66.0,-17359.64039001969,-17344.675255371138,14.965134648551611,0.43224171908899417,0.5706336083716739,False
test,UAV_0102,telemetry_24,124,107.0,-3642.6127247160694,-3637.5531078340546,5.0596168820147795,0.24776776323878183,0.8311208705951084,False
test,UAV_0102,telemetry_25,124,70.0,-172.03288249901624,-172.47344359992118,-0.4405611009049437,0.35365853658535723,1.2758620689654971,False
test,UAV_0102,telemetry_26,124,53.0,-7473.401378869921,-7467.445079815121,5.9562990548001835,0.12575757575759322,1.192771084337184,False
test,UAV_0102,telemetry_27,124,,,,0.0,0.0,0.0,False
test,UAV_0102,telemetry_28,124,26.0,-9778.539339265353,-9743.186223986784,35.35311527856902,0.3775083585737564,0.1576042106263933,False
test,UAV_0103,telemetry_01,234,177.0,80.02986191160491,96.07582718516964,16.045965273564732,0.9864475720113779,0.4162747713903856,False
test,UAV_0103,telemetry_02,234,48.0,17.370546200345167,4.362607484380236,-13.007938715964931,1.2695963836344233,0.5879717832079355,False
test,UAV_0103,telemetry_03,234,,,,0.0,0.0,0.0,False
test,UAV_0103,telemetry_04,234,30.0,-125.91012458131186,-125.86958792174764,0.04053665956422492,0.9500000000006328,0.43859649122818706,False
test,UAV_0103,telemetry_05,234,112.0,-113.52846235388246,-113.52405264542537,0.004409708457089323,0.9868880913173733,0.6131343292473083,False
test,UAV_0103,telemetry_06,234,88.0,-138.9196680849197,-139.9604023042427,-1.0407342193230136,0.44414751469802005,1.330324909747273,False
test,UAV_0103,telemetry_07,234,175.0,140.5912754437698,140.67722414279535,0.08594869902555047,2.8695647601215146,1.0,False
test,UAV_0103,telemetry_08,234,,,,0.0,0.0,0.0,False
test,UAV_0103,telemetry_09,234,183.0,-147.95226866944063,-160.49966859628816,-12.547399926847532,0.9577798462393838,0.23291956581576745,False
test,UAV_0103,telemetry_10,234,224.0,-61.44464147717517,-62.83446477340884,-1.389823296233672,0.8650864003260945,0.8581063546942403,False
test,UAV_0103,telemetry_11,234,185.0,62.169702265784586,62.0054412332905,-0.16426103249408897,0.39423076923077627,1.2130081300812894,False
test,UAV_0103,telemetry_12,234,42.0,640.7903441872745,638.7927093444332,-1.9976348428413075,0.48387096774193195,0.0,False
test,UAV_0103,telemetry_13,234,94.0,7130.870752479131,7135.851865069951,4.981112590819976,0.6358266204479385,0.6663167144288497,False
test,UAV_0103,telemetry_14,234,,,,0.0,0.0,0.0,False
test,UAV_0103,telemetry_15,234,206.0,50110.76182010988,50153.134154803265,42.37233469338389,0.46671195652176406,1.371906841339213,False
test,UAV_0103,telemetry_16,234,29.0,-695.4663570061673,-693.7320496198354,1.7343073863319205,0.3333333333333333,0.5,False
test,UAV_0103,telemetry_17,234,,,,0.0,0.0,0.0,False
test,UAV_0103,telemetry_18,234,23.0,-103.32459512382897,-103.24207242153228,0.08252270229668568,0.31409992821683785,1.0090799045651422,False
test,UAV_0103,telemetry_19,234,210.0,33506.866731385235,33507.672289932576,0.8055585473412066,0.42981037226974333,1.2113645122316785,False
test,UAV_0103,telemetry_20,234,,,,0.0,0.0,0.0,False
test,UAV_0103,telemetry_21,234,178.0,34962.5279644128,34963.263733212334,0.7357687995317974,0.3571428571441185,1.8,False
test,UAV_0103,telemetry_22,234,194.0,23028.834515187365,23125.275794024383,96.44127883701731,0.7248836572679903,0.905589123867059,False
test,UAV_0103,telemetry_23,234,220.0,-17427.514564753474,-17444.439376663533,-16.92481191005936,0.48884356653416255,0.8607526428115453,False
test,UAV_0103,telemetry_24,234,216.0,-3692.2997245870656,-3700.820555440421,-8.520830853355164,0.4172622652470711,1.5123698225678144,False
test,UAV_0103,telemetry_25,234,145.0,-172.12403307161725,-171.5467461118108,0.5772869598064574,0.4634146341463136,0.4473684210526951,False
test,UAV_0103,telemetry_26,234,223.0,-7579.897135464167,-7599.344810691283,-19.447675227115724,0.41060606060605537,1.114391143911411,False
test,UAV_0103,telemetry_27,234,,,,0.0,0.0,0.0,False
test,UAV_0103,telemetry_28,234,101.0,-9725.958736709048,-9760.759325874595,-34.800589165546626,0.3716083629339757,0.950719237230454,False
test,UAV_0104,telemetry_01,68,11.0,98.28048093613086,79.9323261375936,-18.34815479853725,1.12797780895889,0.6054381396797974,False
test,UAV_0104,telemetry_02,68,58.0,9.856012056521212,19.388657434671686,9.532645378150473,0.9304019924167874,0.9676927826207243,False
test,UAV_0104,telemetry_03,68,,,,0.0,0.0,0.0,False
test,UAV_0104,telemetry_04,68,20.0,-125.87029909121368,-125.90727990344772,-0.03698081223403449,0.8666666666673549,0.7115384615381142,False
test,UAV_0104,telemetry_05,68,44.0,-113.52722988552067,-113.52318379910093,0.004046086419734252,0.9055098637319726,0.5470577242722887,False
test,UAV_0104,telemetry_06,68,22.0,-137.6096704995865,-136.77244928945728,0.8372212101292291,0.35729556386956335,0.5138369483919305,False
test,UAV_0104,telemetry_07,68,11.0,140.5912754437698,140.5912754437698,0.0,0.0,0.0,False
test,UAV_0104,telemetry_08,68,,,,0.0,0.0,0.0,False
test,UAV_0104,telemetry_09,68,48.0,-154.02099690949586,-160.9978777541566,-6.976880844660741,0.5325657826791341,0.8190735024441335,False
test,UAV_0104,telemetry_10,68,37.0,-61.84872984168797,-63.09586282746025,-1.2471329857722822,0.776269751927,0.8618521598558087,False
test,UAV_0104,telemetry_11,68,31.0,62.59998604358617,62.67690828319316,0.07692223960698641,0.1846153846153841,0.5451388888889036,False
test,UAV_0104,telemetry_12,68,57.0,636.7284866734972,635.1303787992241,-1.5981078742730688,0.38709677419355104,1.0,False
test,UAV_0104,telemetry_13,68,37.0,7135.088784746997,7137.954280577302,2.865495830305008,0.3657734083442124,0.22142307538314426,False
test,UAV_0104,telemetry_14,68,,,,0.0,0.0,0.0,False
test,UAV_0104,telemetry_15,68,11.0,49975.318374714436,49953.91633666698,-21.40203804745397,0.2357336956521331,0.6642651296826944,False
test,UAV_0104,telemetry_16,68,22.0,-694.5992033130013,-697.2006643924992,-2.6014610794978807,0.5,0.6666666666666666,False
test,UAV_0104,telemetry_17,68,,,,0.0,0.0,0.0,False
test,UAV_0104,telemetry_18,68,37.0,-103.32531172265934,-103.33236605751067,-0.0070543348513325554,0.02685038187982465,0.8149301234373117,False
test,UAV_0104,telemetry_19,68,40.0,33505.437906092775,33505.01983810087,-0.418067991908174,0.2230625692312416,0.7678267503766809,False
test,UAV_0104,telemetry_20,68,,,,0.0,0.0,0.0,False
test,UAV_0104,telemetry_21,68,21.0,34962.307233772946,34961.497888093465,-0.8093456794813392,0.39285714285676443,0.6363636363620019,False
test,UAV_0104,telemetry_22,68,58.0,23102.039564455645,23015.723163079612,-86.31640137603245,0.648781823159048,1.007594936708851,False
test,UAV_0104,telemetry_23,68,41.0,-17358.187254920485,-17365.78874041164,-7.601485491155472,0.2195556026383692,0.3609289967675269,False
test,UAV_0104,telemetry_24,68,50.0,-3640.766367947317,-3644.5092523958947,-3.74288444857757,0.18328781200445385,1.010987360950465,False
test,UAV_0104,telemetry_25,68,32.0,-172.18480012001794,-172.61016945882272,-0.425369338804785,0.3414634146341475,0.5357142857143239,False
test,UAV_0104,telemetry_26,68,16.0,-7473.616666787565,-7469.382671073912,4.233995713652803,0.08939393939394463,1.2711864406779698,False
test,UAV_0104,telemetry_27,68,,,,0.0,0.0,0.0,False
test,UAV_0104,telemetry_28,68,28.0,-9763.426831153847,-9787.076594621634,-23.649763467787125,0.25253738792275626,0.9406067694072667,False
test,UAV_0105,telemetry_01,138,94.0,79.26975974408077,95.9366579555208,16.666898211440028,1.0246202701636096,0.390144787275988,False
test,UAV_0105,telemetry_02,138,106.0,15.537644868259573,5.776906284638256,-9.760738583621317,0.9526642674105918,0.32700305511755384,False
test,UAV_0105,telemetry_03,138,,,,0.0,0.0,0.0,False
test,UAV_0105,telemetry_04,138,14.0,-125.86318739655329,-125.90656873398167,-0.04338133742838579,1.0166666666674549,0.7704918032784952,False
test,UAV_0105,telemetry_05,138,91.0,-113.52769431133926,-113.52360255949552,0.004091751843745328,0.9157297373540118,0.4567642365301747,False
test,UAV_0105,telemetry_06,138,99.0,-137.38048354154068,-138.15258058872794,-0.772097047187259,0.32950293960447463,1.4266017842660392,False
test,UAV_0105,telemetry_07,138,11.0,140.5912754437698,140.5912754437698,0.0,0.0,0.0,False
test,UAV_0105,telemetry_08,138,,,,0.0,0.0,0.0,False
test,UAV_0105,telemetry_09,138,83.0,-158.28399511938102,-145.24505686874272,13.038938250638296,0.9953004085013507,0.3972745763226982,False
test,UAV_0105,telemetry_10,138,128.0,-63.07639411372153,-61.37700135177957,1.699392761941958,1.0577758850010062,0.9082171258847814,False
test,UAV_0105,telemetry_11,138,100.0,62.659547361059644,62.375095329179636,-0.2844520318800079,0.6826923076923204,0.9446009389671288,False
test,UAV_0105,telemetry_12,138,77.0,634.8640274868453,636.7950745015919,1.9310470147465821,0.46774193548386384,1.137931034482791,False
test,UAV_0105,telemetry_13,138,92.0,7128.4883638172205,7132.0889393189955,3.6005755017749834,0.4596044982360786,0.388318535510573,False
test,UAV_0105,telemetry_14,138,,,,0.0,0.0,0.0,False
test,UAV_0105,telemetry_15,138,100.0,49901.18220833679,49952.49775777623,51.31554943944502,0.5652173913044315,1.1508413461537845,False
test,UAV_0105,telemetry_16,138,11.0,-689.3962811540056,-692.8648959266694,-3.468614772663841,0.6666666666666666,0.5,False
test,UAV_0105,telemetry_17,138,,,,0.0,0.0,0.0,False
test,UAV_0105,telemetry_18,138,90.0,-103.06268460445978,-102.97854530396864,0.08413930049113105,0.32025306381103125,0.9411095232254179,False
test,UAV_0105,telemetry_19,138,80.0,33496.15682769133,33502.5710595953,6.414231903967448,3.4223501340380973,1.0409607292837701,True
test,UAV_0105,telemetry_20,138,,,,0.0,0.0,0.0,False
test,UAV_0105,telemetry_21,138,80.0,34952.668662499105,34959.069851055014,6.401188555908448,3.1071428571450013,1.0574712643674111,True
test,UAV_0105,telemetry_22,138,14.0,22937.856299728577,22851.976943422804,-85.8793563057734,0.6454968519025415,0.20186598812553716,False
test,UAV_0105,telemetry_23,138,99.0,-17336.700337417053,-17348.779458630404,-12.079121213351755,0.3488842727418306,1.078907631206546,False
test,UAV_0105,telemetry_24,138,98.0,-3625.906044691478,-3638.2434731366775,-12.337428445199293,0.6041597854674526,1.0461618541113467,False
test,UAV_0105,telemetry_25,138,98.0,-171.56193787391095,-170.81754153100258,0.7443963429083738,0.5975609756097581,0.6122448979591509,False
test,UAV_0105,telemetry_26,138,96.0,-7428.7650172785325,-7453.738415725162,-24.97339844662929,0.5272727272727412,1.1609195402298742,False
test,UAV_0105,telemetry_27,138,,,,0.0,0.0,0.0,False
test,UAV_0105,telemetry_28,138,100.0,-9717.719204404626,-9687.003254026276,30.71595037834959,0.327991689501629,0.8683398947291294,False
test,UAV_0106,telemetry_01,64,49.0,85.15091105427271,93.79933748532973,8.648426431057018,0.5316737951994799,0.2319663490453304,False
test,UAV_0106,telemetry_02,64,39.0,12.09935586277025,6.953716390497413,-5.145639472272838,0.502222943091374,1.0,False
test,UAV_0106,telemetry_03,64,,,,0.0,0.0,0.0,False
test,UAV_0106,telemetry_04,64,16.0,-125.91510276757414,-125.89519002252504,0.01991274504909768,0.4666666666670885,0.9285714285716834,False
test,UAV_0106,telemetry_05,64,12.0,-113.52890126877152,-113.52327302773705,0.005628241034472126,1.2595943940590093,0.5552841301460185,False
test,UAV_0106,telemetry_06,64,16.0,-137.9114959470677,-137.31222840922646,0.5992675378412287,0.25574559059326374,0.6760710553814108,False
test,UAV_0106,telemetry_07,64,11.0,140.5912754437698,140.5912754437698,0.0,0.0,0.0,False
test,UAV_0106,telemetry_08,64,,,,0.0,0.0,0.0,False
test,UAV_0106,telemetry_09,64,39.0,-158.5037425499914,-150.84508887340252,7.6586536765888695,0.5846075030308638,0.7962045597247348,False
test,UAV_0106,telemetry_10,64,49.0,-63.10088200054713,-61.320554806096695,1.780327194450436,1.1081529919835493,0.760432554528094,False
test,UAV_0106,telemetry_11,64,22.0,62.655006812193946,62.51692070845502,-0.13808610373892805,0.3314102564102497,0.7330754352030108,False
test,UAV_0106,telemetry_12,64,53.0,637.2611892982549,635.5299057677923,-1.7312835304625196,0.4193548387096872,0.8076923076922699,False
test,UAV_0106,telemetry_13,64,23.0,7137.445720691727,7132.77398106434,-4.671739627387069,0.5963359319298684,0.5891101898079788,False
test,UAV_0106,telemetry_14,64,,,,0.0,0.0,0.0,False
test,UAV_0106,telemetry_15,64,30.0,49967.60870682992,49982.966365255896,15.357658425979025,0.16915760869558108,0.7329317269073461,False
test,UAV_0106,telemetry_16,64,27.0,-694.5992033130013,-696.3335106993333,-1.7343073863319205,0.3333333333333333,0.5,False
test,UAV_0106,telemetry_17,64,,,,0.0,0.0,0.0,False
test,UAV_0106,telemetry_18,64,39.0,-103.32387124900771,-103.33102813141497,-0.007156882407258536,0.027240700895789016,0.7085928306889858,False
test,UAV_0106,telemetry_19,64,11.0,33504.57780627244,33505.06960531452,0.49179904207994696,0.26240219293303807,0.7206556335621433,False
test,UAV_0106,telemetry_20,64,,,,0.0,0.0,0.0,False
test,UAV_0106,telemetry_21,64,53.0,34961.497888093465,34962.08650313309,0.5886150396254379,0.2857142857152948,0.6249999999938194,False
test,UAV_0106,telemetry_22,64,37.0,23075.08845178971,23000.208063085443,-74.8803887042668,0.5628250752805589,0.4406614785992024,False
test,UAV_0106,telemetry_23,64,45.0,-17360.87712025165,-17369.36911855741,-8.491998305758898,0.2452765065189245,0.8923857596613415,False
test,UAV_0106,telemetry_24,64,45.0,-3644.5359023136093,-3642.1735757688193,2.362326544789994,0.11568234862263767,0.6329844735527259,False
test,UAV_0106,telemetry_25,64,23.0,-171.9569236885154,-172.24556716841863,-0.2886434799032429,0.23170731707316822,0.8947368421052476,False
test,UAV_0106,telemetry_26,64,19.0,-7473.04256567385,-7467.947418289623,5.095147384226948,0.10757575757577853,0.7464788732393561,False
test,UAV_0106,telemetry_27,64,,,,0.0,0.0,0.0,False
test,UAV_0106,telemetry_28,64,20.0,-9780.987649966493,-9754.592922345408,26.39472762108562,0.2818487202817376,0.6260761380760331,False
test,UAV_0107,telemetry_01,158,105.0,81.04549774836329,94.40664873782043,13.361150989457144,0.8213949568083145,0.697130254298161,False
test,UAV_0107,telemetry_02,158,15.0,7.740521035023958,15.56422264162349,7.823701606599531,0.763606247174479,0.3733433654264997,False
test,UAV_0107,telemetry_03,158,,,,0.0,0.0,0.0,False
test,UAV_0107,telemetry_04,158,23.0,-125.8745661080099,-125.92008095383639,-0.04551484582648868,1.0666666666671551,0.4687500000000976,False
test,UAV_0107,telemetry_05,158,121.0,-113.52766478574455,-113.52328210632277,0.004382679421780722,0.980839021786944,0.3330709392789537,False
test,UAV_0107,telemetry_06,158,79.0,-137.8150620904036,-136.59273164749234,1.2223304429112432,0.5216461785141514,0.8703893442622975,False
test,UAV_0107,telemetry_07,158,11.0,140.5912754437698,140.5912754437698,0.0,0.0,0.0,False
test,UAV_0107,telemetry_08,158,,,,0.0,0.0,0.0,False
test,UAV_0107,telemetry_09,158,59.0,-146.35556579216495,-158.96832479262812,-12.612759000463171,0.9627688960698584,0.5551853391105871,False
test,UAV_0107,telemetry_10,158,130.0,-61.26882513312057,-62.89841251439101,-1.62958738127044,1.0143259833824603,0.5222300495792279,False
test,UAV_0107,telemetry_11,158,16.0,62.67530573653468,62.51531816179654,-0.15998757473813896,0.3839743589743509,0.16861435726208654,False
test,UAV_0107,telemetry_12,158,149.0,635.1969666273188,633.0661561282882,-2.1308104990306447,0.5161290322580405,1.0,False
test,UAV_0107,telemetry_13,158,13.0,7132.578934102614,7136.918061004822,4.339126902208591,0.5538787456863836,0.9487406863542921,False
test,UAV_0107,telemetry_14,158,,,,0.0,0.0,0.0,False
test,UAV_0107,telemetry_15,158,93.0,49920.24050734735,49891.838090860736,-28.40241648661322,0.31283967391306017,0.7676438653639058,False
test,UAV_0107,telemetry_16,158,45.0,-696.3335106993333,-698.0678180856652,-1.7343073863319205,0.3333333333333333,0.0,False
test,UAV_0107,telemetry_17,158,,,,0.0,0.0,0.0,False
test,UAV_0107,telemetry_18,158,116.0,-103.33169876747863,-103.3261280119464,0.005570755532232852,0.021203545982984205,0.8210069372330188,False
test,UAV_0107,telemetry_19,158,110.0,33505.48193470831,33506.0704050045,0.5884702961920993,0.3139816937090728,1.0632910471783246,False
test,UAV_0107,telemetry_20,158,,,,0.0,0.0,0.0,False
test,UAV_0107,telemetry_21,158,74.0,34961.93934937318,34962.748695052665,0.8093456794886151,0.3928571428602962,0.9090909090868228,False
test,UAV_0107,telemetry_22,158,43.0,22995.9104532279,23059.35482926041,63.444376032508444,0.47686832740212454,1.1274397244546428,False
test,UAV_0107,telemetry_23,158,63.0,-17348.048263063312,-17338.861076478326,9.187186584986193,0.26535580309463613,0.661952080395541,False
test,UAV_0107,telemetry_24,158,99.0,-3638.423466381639,-3641.577396765896,-3.1539303842569097,0.15444692650463876,0.1810666365363793,False
test,UAV_0107,telemetry_25,158,141.0,-172.54940241042203,-173.08111408392801,-0.5317116735059813,0.4268292682926843,0.8857142857142705,False
test,UAV_0107,telemetry_26,158,103.0,-7466.583928144548,-7460.914679646607,5.669248497941226,0.11969696969696271,0.8734177215187904,False
test,UAV_0107,telemetry_27,158,,,,0.0,0.0,0.0,False
test,UAV_0107,telemetry_28,158,137.0,-9801.828140726953,-9835.478677937052,-33.650537210098264,0.3593278546236081,0.7015582799231825,False
test,UAV_0108,telemetry_01,192,56.0,79.44501821623543,95.10919856835676,15.664180352121335,0.9629768239218971,0.4411488835718501,False
test,UAV_0108,telemetry_02,192,42.0,8.49031834074274,17.51652878800399,9.02621044726125,0.8809731035787751,0.3982997229070334,False
test,UAV_0108,telemetry_03,192,,,,0.0,0.0,0.0,False
test,UAV_0108,telemetry_04,192,137.0,-125.92150329276848,-125.87883312480614,0.04267016796234202,1.0000000000006661,0.8499999999996669,False
test,UAV_0108,telemetry_05,192,48.0,-113.52813317851553,-113.52330940435097,0.004823774164563588,1.0795555589528596,0.45192149222270833,False
test,UAV_0108,telemetry_06,192,138.0,-137.27528297063438,-136.05921446646758,1.216068504166799,0.5189738107963442,0.6874356333676479,False
test,UAV_0108,telemetry_07,192,11.0,140.5912754437698,140.5912754437698,0.0,0.0,0.0,False
test,UAV_0108,telemetry_08,192,,,,0.0,0.0,0.0,False
test,UAV_0108,telemetry_09,192,33.0,-143.85205761789297,-160.29088241935727,-16.438824801464307,1.2548237230419135,0.5193314696425978,False
test,UAV_0108,telemetry_10,192,87.0,-61.20362965781999,-63.025732376209646,-1.822102718389658,1.1341558930172662,0.583615205831798,False
test,UAV_0108,telemetry_11,192,15.0,62.64432316780409,62.48273304640746,-0.1615901213966282,0.3878205128205296,0.03140495867771168,False
test,UAV_0108,telemetry_12,192,179.0,635.0637909711295,633.3325074406669,-1.7312835304626333,0.41935483870971474,1.0,False
test,UAV_0108,telemetry_13,192,157.0,7134.60553043377,7139.965645362909,5.360114929138945,0.6842053253098471,0.887510254792454,False
test,UAV_0108,telemetry_14,192,,,,0.0,0.0,0.0,False
test,UAV_0108,telemetry_15,192,76.0,49968.595544319134,49993.513190921934,24.917646602800232,0.2744565217390917,0.05321782178199391,False
test,UAV_0108,telemetry_16,192,13.0,-696.3335106993333,-694.5992033130013,1.7343073863319205,0.3333333333333333,0.0,False
test,UAV_0108,telemetry_17,192,,,,0.0,0.0,0.0,False
test,UAV_0108,telemetry_18,192,141.0,-103.33263468233295,-103.32479030729172,0.007844375041230478,0.029857452177198093,0.7293580204030643,False
test,UAV_0108,telemetry_19,192,71.0,33504.530092916175,33505.270022781566,0.7399298653908772,0.3947938134935433,1.347357814648214,False
test,UAV_0108,telemetry_20,192,,,,0.0,0.0,0.0,False
test,UAV_0108,telemetry_21,192,59.0,34961.2771574536,34962.08650313309,0.8093456794886151,0.3928571428602962,1.0,False
test,UAV_0108,telemetry_22,192,91.0,22994.74499970721,23073.19458981859,78.44959011138053,0.5896523405420143,1.194986072423414,False
test,UAV_0108,telemetry_23,192,30.0,-17370.419092297423,-17358.99170246855,11.427389828873856,0.3300601525032438,0.5362069461263966,False
test,UAV_0108,telemetry_24,192,60.0,-3644.625550114667,-3640.774495376898,3.851054737769118,0.1885848752459714,0.8279203260933224,False
test,UAV_0108,telemetry_25,192,138.0,-172.23037540631844,-172.64055298302304,-0.41017757670459787,0.32926829268291485,1.555555555555617,False
test,UAV_0108,telemetry_26,192,148.0,-7468.593282042553,-7463.354609379898,5.238672662655517,0.11060606060607457,1.356164383561299,False
test,UAV_0108,telemetry_27,192,,,,0.0,0.0,0.0,False
test,UAV_0108,telemetry_28,192,57.0,-9750.846118054453,-9792.529841397183,-41.683723342730445,0.44510798707167526,0.9399582409405216,False
test,UAV_0109,telemetry_01,238,214.0,96.84698019716878,77.04697861018565,-19.80000158698313,1.2172320678942756,0.756009552347037,False
test,UAV_0109,telemetry_02,238,207.0,17.304856595228223,7.958432010572414,-9.346424584655809,0.9122265342492156,0.6548936947076613,False
test,UAV_0109,telemetry_03,238,,,,0.0,0.0,0.0,False
test,UAV_0109,telemetry_04,238,217.0,-125.86460973548536,-125.91225808970998,-0.04764835422461999,1.1166666666675216,0.5671641791043218,False
test,UAV_0109,telemetry_05,238,108.0,-113.52811761658108,-113.52248634653792,0.005631270043167547,1.2602722830031643,0.39798860780410833,False
test,UAV_0109,telemetry_06,238,22.0,-139.41749221510128,-138.25590257801093,1.1615896370903442,0.4957242116515108,1.1180592991913523,False
test,UAV_0109,telemetry_07,238,11.0,140.5912754437698,140.5912754437698,0.0,0.0,0.0,False
test,UAV_0109,telemetry_08,238,,,,0.0,0.0,0.0,False
test,UAV_0109,telemetry_09,238,210.0,-157.09179801764003,-145.1547376725561,11.937060345083921,0.9111908354336821,0.28855446897792364,False
test,UAV_0109,telemetry_10,238,181.0,-61.225611070196294,-62.92277348960005,-1.6971624194037531,1.056387622908193,0.7776474109808885,False
test,UAV_0109,telemetry_11,238,79.0,62.33743548270539,62.47525449533457,0.13781901262917984,0.3307692307692199,1.5155038759690413,False
test,UAV_0109,telemetry_12,238,168.0,638.393182375865,635.9294327363607,-2.4637496395042717,0.5967741935483809,1.0270270270270332,False
test,UAV_0109,telemetry_13,238,125.0,7129.011875921909,7132.640563319959,3.628687398049806,0.463192911803711,1.3939048642200058,False
test,UAV_0109,telemetry_14,238,,,,0.0,0.0,0.0,False
test,UAV_0109,telemetry_15,238,223.0,49997.49137955035,49967.45451347222,-30.036866078131425,0.3308423913043388,0.8501026694045861,False
test,UAV_0109,telemetry_16,238,228.0,-695.4663570061673,-698.0678180856652,-2.6014610794978807,0.5,1.0,False
test,UAV_0109,telemetry_17,238,,,,0.0,0.0,0.0,False
test,UAV_0109,telemetry_18,238,95.0,-103.3310215153454,-103.32228308963144,0.008738425713957554,0.03326040971870202,0.4294442410058521,False
test,UAV_0109,telemetry_19,238,157.0,33504.149975317516,33504.752871225326,0.6028959078103071,0.32167856133006073,1.391292437068164,False
test,UAV_0109,telemetry_20,238,,,,0.0,0.0,0.0,False
test,UAV_0109,telemetry_21,238,172.0,34960.614965534034,34961.424311213515,0.8093456794813392,0.39285714285676443,1.4545454545430028,False
test,UAV_0109,telemetry_22,238,107.0,22922.122677199273,23004.651354633068,82.52867743379466,0.6203120722693802,1.111209179170288,False
test,UAV_0109,telemetry_23,238,184.0,-17375.606111339228,-17364.313994428194,11.2921169110341,0.32615303105553267,0.732042349402827,False
test,UAV_0109,telemetry_24,238,41.0,-3647.6440909242556,-3652.2784971459077,-4.634406221652171,0.22694533800776784,0.29686654954182207,False
test,UAV_0109,telemetry_25,238,198.0,-171.88096487801454,-172.42786831362068,-0.54690343560614,0.4390243902438941,1.249999999999961,False
test,UAV_0109,telemetry_26,238,228.0,-7468.37799412491,-7460.412341172107,7.965652952803794,0.16818181818181469,0.9549549549550578,False
test,UAV_0109,telemetry_27,238,,,,0.0,0.0,0.0,False
test,UAV_0109,telemetry_28,238,158.0,-9717.211494584253,-9755.00981052656,-37.798315942307454,0.4036187503080579,1.292796779551532,False
test,UAV_0110,telemetry_01,131,50.0,92.01941370280522,80.58670608292556,-11.432707619879665,0.7028412738575517,0.7223630780703613,False
test,UAV_0110,telemetry_02,131,94.0,2.29947380608348,13.654420001236792,11.354946195153312,1.1082615732219572,0.7686702551575871,False
test,UAV_0110,telemetry_03,131,,,,0.0,0.0,0.0,False
test,UAV_0110,telemetry_04,131,109.0,-125.91865861490432,-125.87669961640803,0.04195899849628404,0.9833333333335442,0.7966101694914336,False
test,UAV_0110,telemetry_05,131,106.0,-113.52806575013858,-113.52399558418875,0.004070165949826787,0.9108988371128858,0.6508869993911881,False
test,UAV_0110,telemetry_06,131,17.0,-138.03109897708617,-138.96162307450734,-0.9305240974211699,0.3971138428647725,0.009421265141357948,False
test,UAV_0110,telemetry_07,131,11.0,140.5912754437698,140.5912754437698,0.0,0.0,0.0,False
test,UAV_0110,telemetry_08,131,,,,0.0,0.0,0.0,False
test,UAV_0110,telemetry_09,131,96.0,-146.3625679424012,-159.88117731905407,-13.518609376652876,1.0319151127427213,0.4801014695572153,False
test,UAV_0110,telemetry_10,131,95.0,-63.2285731387657,-61.79542648612419,1.4331466526415042,0.8920527395337189,0.6263242063995405,False
test,UAV_0110,telemetry_11,131,83.0,62.43599210220184,62.60853295909807,0.17254085689623366,0.41410256410258023,0.7383900928792235,False
test,UAV_0110,telemetry_12,131,113.0,637.2611892982549,636.06260839255,-1.19858090570483,0.2903225806451702,0.2777777777777356,False
test,UAV_0110,telemetry_13,131,122.0,7133.464932324316,7138.830877375491,5.365945051175004,0.6849495258721509,1.0,False
test,UAV_0110,telemetry_14,131,,,,0.0,0.0,0.0,False
test,UAV_0110,telemetry_15,131,84.0,49987.407133957386,50018.029934794744,30.622800837358227,0.33729619565219193,1.43202416918429,False
test,UAV_0110,telemetry_16,131,32.0,-692.8648959266694,-696.3335106993333,-3.468614772663841,0.6666666666666666,0.5,False
test,UAV_0110,telemetry_17,131,,,,0.0,0.0,0.0,False
test,UAV_0110,telemetry_18,131,11.0,-103.32402455978544,-103.32860025167847,-0.004575691893023759,0.017416110417397858,0.7225312105484241,False
test,UAV_0110,telemetry_19,131,71.0,33504.67653372698,33504.22301283428,-0.453520892704546,0.24197866730955622,0.249558556642823,False
test,UAV_0110,telemetry_20,131,,,,0.0,0.0,0.0,False
test,UAV_0110,telemetry_21,131,108.0,34961.056426813746,34961.497888093465,0.44146127971907845,0.21428571428647109,0.6666666666666666,False
test,UAV_0110,telemetry_22,131,80.0,22959.927075776628,23055.275741937996,95.34866616136787,0.7166712291267107,0.7838044308632446,False
test,UAV_0110,telemetry_23,131,96.0,-17368.199732016037,-17382.886523511603,-14.686791495565558,0.42420226433173364,1.1548342091728252,False
test,UAV_0110,telemetry_24,131,113.0,-3646.9495410832615,-3642.408206815965,4.541334267296406,0.2223876352234007,0.5151456574384912,False
test,UAV_0110,telemetry_25,131,36.0,-171.88096487801454,-171.51636258761044,0.3646022904040933,0.2926829268292627,0.24999999999996103,False
test,UAV_0110,telemetry_26,131,52.0,-7479.0706273678625,-7474.406055818925,4.664571548937602,0.09848484848481358,0.8615384615387315,False
test,UAV_0110,telemetry_27,131,,,,0.0,0.0,0.0,False
test,UAV_0110,telemetry_28,131,18.0,-9709.738045167971,-9746.525449748937,-36.78740458096581,0.3928240159352433,0.7895906389918066,False
test,UAV_0111,telemetry_01,103,25.0,89.59612697131989,79.23925974260337,-10.356867228716524,0.6367025203677229,0.41810123880234906,False
test,UAV_0111,telemetry_02,103,45.0,5.636854268495218,16.34072876490256,10.703874496407344,1.044715896057896,0.591100405655677,False
test,UAV_0111,telemetry_03,103,,,,0.0,0.0,0.0,False
test,UAV_0111,telemetry_04,103,83.0,-125.9271926484968,-125.8838113110684,0.0433813374284,1.016666666667788,0.7704918032785704,False
test,UAV_0111,telemetry_05,103,13.0,-113.52451461356625,-113.52854151826449,-0.004026904698235967,0.9012170147371167,0.5507788794100047,False
test,UAV_0111,telemetry_06,103,46.0,-136.84634016664148,-137.79940724354253,-0.9530670769010499,0.40673436664882767,0.24572930354794217,False
test,UAV_0111,telemetry_07,103,11.0,140.5912754437698,140.5912754437698,0.0,0.0,0.0,False
test,UAV_0111,telemetry_08,103,,,,0.0,0.0,0.0,False
test,UAV_0111,telemetry_09,103,70.0,-159.16972598303045,-148.27803338342125,10.8916925996092,0.8313948486665699,0.5674276122287568,False
test,UAV_0111,telemetry_10,103,88.0,-61.74866671416322,-63.445476283148444,-1.6968095689852234,1.056167993478145,0.8267367466547182,False
test,UAV_0111,telemetry_11,103,77.0,62.612539325744265,62.73566832733739,0.1231290015931279,0.2955128205128205,0.8416485900217072,False
test,UAV_0111,telemetry_12,103,64.0,634.5310883463717,635.9960205644554,1.4649322180837316,0.35483870967744247,0.5454545454545525,False
test,UAV_0111,telemetry_13,103,70.0,7138.719683529558,7135.275478506368,-3.4442050231900794,0.43964419596953225,0.5163742144084312,False
test,UAV_0111,telemetry_14,103,,,,0.0,0.0,0.0,False
test,UAV_0111,telemetry_15,103,56.0,49991.261967899656,50022.65573552546,31.393767625806504,0.3457880434782259,1.2111984282907216,False
test,UAV_0111,telemetry_16,103,56.0,-694.5992033130013,-698.0678180856652,-3.468614772663841,0.6666666666666666,1.0,False
test,UAV_0111,telemetry_17,103,,,,0.0,0.0,0.0,False
test,UAV_0111,telemetry_18,103,20.0,-103.32355204071564,-103.32968521446406,-0.006133173748423815,0.023344235955766623,0.6970319235003515,False
test,UAV_0111,telemetry_19,103,63.0,33505.73710149278,33504.887284518525,-0.8498169742524624,0.45342470919110767,0.6594344270401848,False
test,UAV_0111,telemetry_20,103,,,,0.0,0.0,0.0,False
test,UAV_0111,telemetry_21,103,49.0,34962.01292625313,34961.497888093465,-0.5150381596686202,0.24999999999911707,0.4285714285673923,False
test,UAV_0111,telemetry_22,103,42.0,23016.59725322013,23125.785679939683,109.18842671955281,0.8206953189159439,0.7891927951968115,False
test,UAV_0111,telemetry_23,103,83.0,-17378.2750046832,-17391.786687780048,-13.511683096847264,0.39026131516512724,0.814283980497394,False
test,UAV_0111,telemetry_24,103,12.0,-3639.1890064655463,-3641.8563531688587,-2.6673467033124325,0.13061908477918022,0.9055533228168757,False
test,UAV_0111,telemetry_25,103,45.0,-172.92919646292628,-172.36710126522001,0.5620951977062703,0.45121951219508105,0.5945945945946287,False
test,UAV_0111,telemetry_26,103,78.0,-7469.885009548413,-7464.502811607329,5.382197941084087,0.11363636363637061,1.0799999999999796,False
test,UAV_0111,telemetry_27,103,,,,0.0,0.0,0.0,False
test,UAV_0111,telemetry_28,103,45.0,-9795.96421813799,-9759.587368976823,36.37684916116632,0.38844001465527633,0.14635493478862088,False
test,UAV_0112,telemetry_01,146,61.0,95.02556639406711,79.55094301111018,-15.474623382956935,0.9513235510397655,0.5987206691916171,False
test,UAV_0112,telemetry_02,146,107.0,2.868234425161435,14.466020232798062,11.597785807636626,1.1319631219872204,0.7568353911796261,False
test,UAV_0112,telemetry_03,146,,,,0.0,0.0,0.0,False
test,UAV_0112,telemetry_04,146,134.0,-125.87883312480614,-125.9222144622345,-0.04338133742837158,1.0166666666671218,0.9672131147542004,False
test,UAV_0112,telemetry_05,146,33.0,-113.52326038826212,-113.52893752532955,-0.005677137067436888,1.270537274549897,0.4826864245310654,False
test,UAV_0112,telemetry_06,146,117.0,-136.62278895346557,-137.49883418381026,-0.8760452303446868,0.37386424371992705,0.7762687634024135,False
test,UAV_0112,telemetry_07,146,11.0,140.5912754437698,140.5912754437698,0.0,0.0,0.0,False
test,UAV_0112,telemetry_08,146,,,,0.0,0.0,0.0,False
test,UAV_0112,telemetry_09,146,43.0,-144.77638075921146,-160.03659073647006,-15.260209977258597,1.1648565958534505,0.5190213981227745,False
test,UAV_0112,telemetry_10,146,67.0,-61.74482245052925,-63.08035001014275,-1.335527559613503,0.8312903749802231,0.48332569776332857,False
test,UAV_0112,telemetry_11,146,76.0,62.53855508834448,62.67076518766899,0.1322100993245101,0.31730769230769673,0.6040404040404839,False
test,UAV_0112,telemetry_12,146,86.0,636.5953110173078,635.0637909711295,-1.5315200461783434,0.370967741935483,0.5652173913043995,False
test,UAV_0112,telemetry_13,146,100.0,7136.653741047894,7132.98036259574,-3.6733784521538837,0.46889761359013943,0.2131334952980905,False
test,UAV_0112,telemetry_14,146,,,,0.0,0.0,0.0,False
test,UAV_0112,telemetry_15,146,43.0,49936.52332591948,49957.154397178485,20.631071259005694,0.2272418478260991,0.6382660687591072,False
test,UAV_0112,telemetry_16,146,11.0,-694.5992033130013,-696.3335106993333,-1.7343073863319205,0.3333333333333333,1.0,False
test,UAV_0112,telemetry_17,146,,,,0.0,0.0,0.0,False
test,UAV_0112,telemetry_18,146,49.0,-103.32482203797602,-103.33253155008417,-0.007709512108149852,0.029344133582183563,0.5168858090868907,False
test,UAV_0112,telemetry_19,146,100.0,33505.63776115549,33505.15318181331,-0.4845793421845883,0.2585500807433755,0.4761277203606115,False
test,UAV_0112,telemetry_20,146,,,,0.0,0.0,0.0,False
test,UAV_0112,telemetry_21,146,95.0,34961.86577249323,34962.307233772946,0.44146127971907845,0.21428571428647109,0.8333333333250925,False
test,UAV_0112,telemetry_22,146,66.0,22995.10920393243,23094.464116571166,99.354912638737,0.7467834656446452,0.5791788856304738,False
test,UAV_0112,telemetry_23,146,40.0,-17358.665581988193,-17348.73306795666,9.932514031534083,0.2868832817539244,0.4424133476418292,False
test,UAV_0112,telemetry_24,146,24.0,-3645.4237784513016,-3641.0491664401907,4.374612011110912,0.21422330154745767,0.644915131502061,False
test,UAV_0112,telemetry_25,146,104.0,-172.2607589305188,-172.56459417252222,-0.30383524200343004,0.2439024390244008,0.8999999999999907,False
test,UAV_0112,telemetry_26,146,95.0,-7471.463787611131,-7467.158029258264,4.3057583528670875,0.09090909090909266,1.1000000000001902,False
test,UAV_0112,telemetry_27,146,,,,0.0,0.0,0.0,False
test,UAV_0112,telemetry_28,146,56.0,-9774.894762271364,-9734.692516907391,40.20224536397291,0.42928843862121796,0.0871601448990603,False
test,UAV_0113,telemetry_01,65,40.0,91.31195173243984,79.3079993555203,-12.003952376919543,0.7379593234107669,0.8049764723615057,False
test,UAV_0113,telemetry_02,65,32.0,15.678928949100557,2.806180644962792,-12.872748304137765,1.2564015753173174,0.4832676727559767,False
test,UAV_0113,telemetry_03,65,,,,0.0,0.0,0.0,False
test,UAV_0113,telemetry_04,65,29.0,-125.8781219553401,-125.91936978437036,-0.04124782903025448,0.9666666666670886,0.6206896551729009,False
test,UAV_0113,telemetry_05,65,19.0,-113.52229316236392,-113.52758723395364,-0.005294071589716509,1.1848076255638564,0.6965426996567082,False
test,UAV_0113,telemetry_06,65,11.0,-137.29469498074212,-138.29973614922187,-1.0050411684797496,0.42891501870654786,0.3925233644859549,False
test,UAV_0113,telemetry_07,65,11.0,140.5912754437698,140.5912754437698,0.0,0.0,0.0,False
test,UAV_0113,telemetry_08,65,,,,0.0,0.0,0.0,False
test,UAV_0113,telemetry_09,65,52.0,-146.93304143293562,-155.65273793044685,-8.719696497511222,0.6656000142922578,0.41152234438434604,False
test,UAV_0113,telemetry_10,65,14.0,-61.760918741091935,-63.332179533385,-1.5712607922930673,0.9780209804094409,0.524292670886944,False
test,UAV_0113,telemetry_11,65,17.0,62.70976048969198,62.603458228012876,-0.1063022616791045,0.25512820512821693,1.120603015075282,False
test,UAV_0113,telemetry_12,65,56.0,637.19460147016,636.0626083925501,-1.1319930776098772,0.274193548387047,1.0,False
test,UAV_0113,telemetry_13,65,43.0,7133.527749316365,7136.420777834379,2.8930285180140345,0.3692878873805108,0.5294677031080934,False
test,UAV_0113,telemetry_14,65,,,,0.0,0.0,0.0,False
test,UAV_0113,telemetry_15,65,30.0,50025.12282924852,49995.51770457192,-29.6051246766001,0.32608695652175657,0.21145833333349717,False
test,UAV_0113,telemetry_16,65,11.0,-696.3335106993333,-694.5992033130013,1.7343073863319205,0.3333333333333333,1.0,False
test,UAV_0113,telemetry_17,65,,,,0.0,0.0,0.0,False
test,UAV_0113,telemetry_18,65,37.0,-103.32400701288296,-103.32850613414448,-0.004499121261517303,0.017124665406627024,0.9260674564509889,False
test,UAV_0113,telemetry_19,65,56.0,33504.60472313473,33505.15554318598,0.5508200512485928,0.2938931900880427,1.0,False
test,UAV_0113,telemetry_20,65,,,,0.0,0.0,0.0,False
test,UAV_0113,telemetry_21,65,16.0,34961.056426813746,34961.424311213515,0.3678843997695367,0.17857142857382513,0.7999999999920888,False
test,UAV_0113,telemetry_22,65,49.0,23074.578565874406,22996.056134917984,-78.52243095642189,0.5901998357514184,0.48701298701296714,False
test,UAV_0113,telemetry_23,65,49.0,-17372.716692041053,-17380.34875097914,-7.6320589380884485,0.22043866313672994,0.7698477884974055,False
test,UAV_0113,telemetry_24,65,13.0,-3641.2688092187027,-3646.118269861053,-4.849460642350095,0.23747648177486644,0.7512891802622802,False
test,UAV_0113,telemetry_25,65,22.0,-172.32152597891948,-171.9569236885154,0.3646022904040933,0.2926829268292627,0.5833333333333464,False
test,UAV_0113,telemetry_26,65,12.0,-7475.984833881641,-7470.172060105271,5.812773776369795,0.12272727272725877,0.7654320987654766,False
test,UAV_0113,telemetry_27,65,,,,0.0,0.0,0.0,False
test,UAV_0113,telemetry_28,65,55.0,-9751.780224602944,-9781.940971464068,-30.160746861123698,0.3220631039495269,1.1960796749370914,False
test,UAV_0114,telemetry_01,169,128.0,89.91578704027022,77.2891558372522,-12.626631203018022,0.7762393524196594,0.42869626199172445,False
test,UAV_0114,telemetry_02,169,111.0,15.506042024514878,5.8668085162639,-9.639233508250978,0.9408051706196391,0.4836606014692842,False
test,UAV_0114,telemetry_03,169,,,,0.0,0.0,0.0,False
test,UAV_0114,telemetry_04,169,86.0,-125.92079212330245,-125.86460973548536,0.0561823878170884,1.3166666666676548,0.5443037974683929,False
test,UAV_0114,telemetry_05,169,37.0,-113.52416239468826,-113.52811502669539,-0.003952632007127477,0.8845948649786167,0.8535507434780636,False
test,UAV_0114,telemetry_06,169,152.0,-136.6353128309544,-135.65030986645675,0.985002964497653,0.420363442009618,1.1958041958041674,False
test,UAV_0114,telemetry_07,169,11.0,140.5912754437698,140.5912754437698,0.0,0.0,0.0,False
test,UAV_0114,telemetry_08,169,,,,0.0,0.0,0.0,False
test,UAV_0114,telemetry_09,169,14.0,-148.9066901367592,-161.2477437680693,-12.341053631310103,0.9420288281508451,0.3258473681012095,False
test,UAV_0114,telemetry_10,169,154.0,-63.14414106952866,-61.8870454313124,1.2570956382162564,0.7824709396346843,0.9117046288478206,False
test,UAV_0114,telemetry_11,169,154.0,62.70708957859452,62.88951280655137,0.1824232279568534,0.43782051282052875,0.8462664714494733,False
test,UAV_0114,telemetry_12,169,140.0,635.7296692520765,633.532270924951,-2.1973983271254838,0.5322580645161361,1.0606060606060732,False
test,UAV_0114,telemetry_13,169,101.0,7138.845665592194,7133.851412073578,-4.994253518615551,0.6375040271632996,0.04994255980970934,False
test,UAV_0114,telemetry_14,169,,,,0.0,0.0,0.0,False
test,UAV_0114,telemetry_15,169,107.0,50012.29394188865,50042.546678667546,30.25273677889345,0.3332201086955898,0.4831804281344323,False
test,UAV_0114,telemetry_16,169,33.0,-693.7320496198354,-696.3335106993333,-2.6014610794978807,0.5,1.0,False
test,UAV_0114,telemetry_17,169,,,,0.0,0.0,0.0,False
test,UAV_0114,telemetry_18,169,63.0,-103.331093163125,-103.32224330786438,0.008849855260621098,0.033684535585089936,0.6200693827324556,False
test,UAV_0114,telemetry_19,169,147.0,33505.22752606461,33505.994161051094,0.7666349864812219,0.4090424836556735,1.0368814442245768,False
test,UAV_0114,telemetry_20,169,,,,0.0,0.0,0.0,False
test,UAV_0114,telemetry_21,169,40.0,34961.20358057365,34961.86577249323,0.6621919195749797,0.32142857142794073,1.1111111111062277,False
test,UAV_0114,telemetry_22,169,140.0,23052.72631236149,23136.42044331597,83.69413095447817,0.6290719956200094,0.9434290687555044,False
test,UAV_0114,telemetry_23,169,109.0,-17380.904514248814,-17390.488328988744,-9.583814739929949,0.2768117130853008,0.7022823710907955,False
test,UAV_0114,telemetry_24,169,157.0,-3639.353923922146,-3633.6492003105323,5.704723611613645,0.27935842616252243,1.0422502229192325,False
test,UAV_0114,telemetry_25,169,159.0,-172.97477174922682,-173.58244223323362,-0.6076704840068032,0.487804878048756,0.9250000000000094,False
test,UAV_0114,telemetry_26,169,32.0,-7469.526196352341,-7476.702460273786,-7.176263921444843,0.15151515151514802,0.3900000000001242,False
test,UAV_0114,telemetry_27,169,,,,0.0,0.0,0.0,False
test,UAV_0114,telemetry_28,169,122.0,-9766.076044872501,-9814.515177078385,-48.43913220588365,0.5172437321489842,1.1585619312112605,False
test,UAV_0115,telemetry_01,112,50.0,84.48990366381295,93.9916540929591,9.501750429146142,0.5841330503270497,0.5543233562038729,False
test,UAV_0115,telemetry_02,112,78.0,21.26367854492665,6.535070275050783,-14.728608269875865,1.4375365846744255,0.8473071482347143,False
test,UAV_0115,telemetry_03,112,,,,0.0,0.0,0.0,False
test,UAV_0115,telemetry_04,112,26.0,-125.91154692024395,-125.87101026067971,0.04053665956423913,0.9500000000009658,0.43859649122838384,False
test,UAV_0115,telemetry_05,112,35.0,-113.52851531636401,-113.52500769900504,0.003507617358962989,0.7850010571319163,0.996567156741615,False
test,UAV_0115,telemetry_06,112,63.0,-138.10937321139144,-138.79693408552902,-0.6875608741375743,0.29342597541421017,0.6976320582877885,False
test,UAV_0115,telemetry_07,112,11.0,140.5912754437698,140.5912754437698,0.0,0.0,0.0,False
test,UAV_0115,telemetry_08,112,,,,0.0,0.0,0.0,False
test,UAV_0115,telemetry_09,112,28.0,-155.91740745661585,-143.55271183520813,12.36469562140772,0.9438334906125904,0.19413673350124216,False
test,UAV_0115,telemetry_10,112,93.0,-61.18963608429369,-62.61279106726647,-1.4231549829727825,0.885833490244701,0.8549721102683957,False
test,UAV_0115,telemetry_11,112,42.0,62.29336544959722,62.429581915567915,0.1362164659706977,0.3269230769230582,0.18235294117645984,False
test,UAV_0115,telemetry_12,112,67.0,637.5275406106337,639.1256484849067,1.5981078742730688,0.38709677419355104,0.6249999999999911,False
test,UAV_0115,telemetry_13,112,102.0,7127.699276694574,7131.878882563224,4.17960586864956,0.5335162829215129,1.0759021835337603,False
test,UAV_0115,telemetry_14,112,,,,0.0,0.0,0.0,False
test,UAV_0115,telemetry_15,112,42.0,49992.46467608964,49971.80276615909,-20.66190993055352,0.22758152173924945,0.28208955223902565,False
test,UAV_0115,telemetry_16,112,78.0,-693.7320496198354,-691.1305885403375,2.6014610794978807,0.5,0.3333333333333333,False
test,UAV_0115,telemetry_17,112,,,,0.0,0.0,0.0,False
test,UAV_0115,telemetry_18,112,39.0,-103.07059206798735,-102.98344571566648,0.08714635232087176,0.33169857804625524,0.977699906180363,False
test,UAV_0115,telemetry_19,112,70.0,33503.33125595535,33503.82000287197,0.48874691662058467,0.26077371393019927,0.7608678140369881,False
test,UAV_0115,telemetry_20,112,,,,0.0,0.0,0.0,False
test,UAV_0115,telemetry_21,112,18.0,34959.73204297459,34960.247081134265,0.5150381596758962,0.2500000000026488,0.8571428571368027,False
test,UAV_0115,telemetry_22,112,51.0,22920.301656073203,22989.864663089327,69.56300701612417,0.5228579249931324,0.7172774869109769,False
test,UAV_0115,telemetry_23,112,53.0,-17357.04915296224,-17371.11410088554,-14.06494792329977,0.4062414012327424,0.5819899606003907,False
test,UAV_0115,telemetry_24,112,17.0,-3645.92870433023,-3642.953864952474,2.974839377756325,0.14567689922163185,0.12898069977951757,False
test,UAV_0115,telemetry_25,112,101.0,-171.30367791820805,-171.77462254331334,-0.47094462510528956,0.3780487804877996,1.0,False
test,UAV_0115,telemetry_26,112,57.0,-7466.368640226906,-7474.33429317971,-7.965652952803794,0.16818181818181469,1.405405405405393,False
test,UAV_0115,telemetry_27,112,,,,0.0,0.0,0.0,False
test,UAV_0115,telemetry_28,112,13.0,-9714.96351332031,-9675.751126797117,39.212386523193345,0.41871850770401425,0.3570330684511445,False
test,UAV_0116,telemetry_01,126,26.0,90.78390599332423,80.40494417060945,-10.378961822714771,0.6380608156296511,0.354307570574609,False
test,UAV_0116,telemetry_02,126,18.0,15.88420125656005,6.0729861555906925,-9.811215100969358,0.9575908591852657,0.4680948175291981,False
test,UAV_0116,telemetry_03,126,,,,0.0,0.0,0.0,False
test,UAV_0116,telemetry_04,126,98.0,-125.90941341184583,-125.87172143014575,0.03769198170007826,0.8833333333341438,0.603773584906137,False
test,UAV_0116,telemetry_05,126,42.0,-113.52863972923609,-113.5224247412686,0.006214987967496199,1.3909077374360592,0.5868247999125791,False
test,UAV_0116,telemetry_06,126,16.0,-138.00104167111294,-137.04922698196071,0.9518146891522292,0.40619989310529536,0.5763157894736738,False
test,UAV_0116,telemetry_07,126,11.0,140.5912754437698,140.5912754437698,0.0,0.0,0.0,False
test,UAV_0116,telemetry_08,126,,,,0.0,0.0,0.0,False
test,UAV_0116,telemetry_09,126,52.0,-145.15253548147217,-160.2958735367855,-15.143338055313336,1.15593541918872,0.6387096892502607,False
test,UAV_0116,telemetry_10,126,91.0,-61.02263109478932,-63.103097894153436,-2.0804667993641175,1.2949729216204304,0.6588951214026912,False
test,UAV_0116,telemetry_11,126,103.0,62.60292404579339,62.41141972010516,-0.1915043256882285,0.4596153846153879,1.0613668061366686,False
test,UAV_0116,telemetry_12,126,101.0,635.5299057677923,637.5941284387285,2.0642226709361466,0.5000000000000275,0.9032258064515969,False
test,UAV_0116,telemetry_13,126,75.0,7124.5063920363245,7129.133872487699,4.62748045137414,0.5906863583065028,0.9095378761355671,False
test,UAV_0116,telemetry_14,126,,,,0.0,0.0,0.0,False
test,UAV_0116,telemetry_15,126,104.0,49891.96144554689,49962.45864868304,70.49720313614671,0.7764945652173526,1.079615048119062,False
test,UAV_0116,telemetry_16,126,75.0,-691.9977422335035,-690.2634348471715,1.7343073863319205,0.3333333333333333,0.0,False
test,UAV_0116,telemetry_17,126,,,,0.0,0.0,0.0,False
test,UAV_0116,telemetry_18,126,112.0,-102.982695355462,-102.97217639686642,0.010518958595582717,0.04003751752953827,0.7086340719479541,False
test,UAV_0116,telemetry_19,126,104.0,33496.10895656764,33503.003593198926,6.894636631288449,3.6786728251342233,1.0181800898732036,True
test,UAV_0116,telemetry_20,126,,,,0.0,0.0,0.0,False
test,UAV_0116,telemetry_21,126,103.0,34953.036546898875,34959.29058169488,6.254034796002088,3.035714285716178,1.0705882352931595,True
test,UAV_0116,telemetry_22,126,106.0,22889.125774394768,22993.798068721648,104.67229432687964,0.7867506159320716,0.9137091162143758,False
test,UAV_0116,telemetry_23,126,101.0,-17331.136833572087,-17348.98567140074,-17.848837828652904,0.5155324377615468,1.2802003644654032,False
test,UAV_0116,telemetry_24,126,105.0,-3624.141568648539,-3636.448911213303,-12.307342564763985,0.602686489865364,1.3518203818646408,False
test,UAV_0116,telemetry_25,126,67.0,-170.7111991963014,-171.1669520593065,-0.4557528630051024,0.365853658536567,1.1666666666666667,False
test,UAV_0116,telemetry_26,126,105.0,-7430.9178964549665,-7459.694714779962,-28.776818324995475,0.6075757575757785,1.1022443890273819,False
test,UAV_0116,telemetry_27,126,,,,0.0,0.0,0.0,False
test,UAV_0116,telemetry_28,126,103.0,-9724.320482181723,-9664.596372155815,59.724110025908885,0.6377472130957251,0.7308001821453725,False
test,UAV_0117,telemetry_01,230,214.0,77.438293133949,94.97085339184306,17.532560257894062,1.0778380236205367,0.578073396009318,False
test,UAV_0117,telemetry_02,230,199.0,5.37818235576776,13.192600622917336,7.814418267149576,0.762700177853961,0.5267234206137118,False
test,UAV_0117,telemetry_03,230,,,,0.0,0.0,0.0,False
test,UAV_0117,telemetry_04,230,31.0,-125.91083575077789,-125.87101026067972,0.03982549009816694,0.933333333333511,0.5178571428572702,False
test,UAV_0117,telemetry_05,230,50.0,-113.52548864648178,-113.52893228745893,-0.0034436409771529952,0.7706832105104798,0.1318818794538085,False
test,UAV_0117,telemetry_06,230,12.0,-139.3955754294958,-138.16698304784015,1.228592381655659,0.5243185462319465,0.4500509683995816,False
test,UAV_0117,telemetry_07,230,11.0,140.5912754437698,140.5912754437698,0.0,0.0,0.0,False
test,UAV_0117,telemetry_08,230,,,,0.0,0.0,0.0,False
test,UAV_0117,telemetry_09,230,20.0,-144.50797264859494,-158.54704900901893,-14.03907636042399,1.0716438844878822,0.6533122050273552,False
test,UAV_0117,telemetry_10,230,115.0,-61.02892371342173,-63.097166009722585,-2.068242296300852,1.287363859821399,0.7593438418541392,False
test,UAV_0117,telemetry_11,230,148.0,62.37509532917963,62.1990822878567,-0.17601304132293194,0.4224358974358992,0.6965098634293756,False
test,UAV_0117,telemetry_12,230,67.0,639.6583511096644,637.7273040949178,-1.9310470147465821,0.46774193548386384,0.37931034482755777,False
test,UAV_0117,telemetry_13,230,65.0,7127.614728437535,7132.532623205065,4.917894767530015,0.6277570227021237,0.6582937869793626,False
test,UAV_0117,telemetry_14,230,,,,0.0,0.0,0.0,False
test,UAV_0117,telemetry_15,230,182.0,50004.21420994567,50031.783982300745,27.569772355076566,0.3036684782608057,0.7583892617449027,False
test,UAV_0117,telemetry_16,230,55.0,-694.5992033130013,-691.9977422335035,2.6014610794978807,0.5,0.6666666666666666,False
test,UAV_0117,telemetry_17,230,,,,0.0,0.0,0.0,False
test,UAV_0117,telemetry_18,230,170.0,-103.15472625459329,-103.07023985126196,0.08448640333132573,0.3215742151324827,1.0271113084702148,False
test,UAV_0117,telemetry_19,230,23.0,33504.14330859486,33503.597693237985,-0.5456153568738955,0.29111619562361507,0.21832919396967854,False
test,UAV_0117,telemetry_20,230,,,,0.0,0.0,0.0,False
test,UAV_0117,telemetry_21,230,107.0,34959.95277361445,34960.76211929394,0.8093456794886151,0.3928571428602962,0.9999999999910101,False
test,UAV_0117,telemetry_22,230,39.0,22919.13620255251,23012.08112082746,92.94491827495222,0.6986038872159936,0.6849529780564274,False
test,UAV_0117,telemetry_23,230,211.0,-17370.197264264214,-17379.117157196208,-8.919892931993672,0.25763549380345,1.0,False
test,UAV_0117,telemetry_24,230,44.0,-3653.065009117689,-3647.802193129608,5.262815988081002,0.2577183561742097,0.03548272861868047,False
test,UAV_0117,telemetry_25,230,26.0,-171.04541796250516,-171.6378966844118,-0.5924787219066445,0.47560975609754624,0.7692307692307545,False
test,UAV_0117,telemetry_26,230,91.0,-7483.519910999159,-7491.844377148036,-8.324466148877036,0.1757575757575932,0.7672413793102487,False
test,UAV_0117,telemetry_27,230,,,,0.0,0.0,0.0,False
test,UAV_0117,telemetry_28,230,122.0,-9679.569194609747,-9718.988950637402,-39.41975602765524,0.4209328449874705,0.816132828325018,False
test,UAV_0118,telemetry_01,244,35.0,78.31477260140713,95.13905950944782,16.82428690804069,1.034295954672259,0.4757472662267355,False
test,UAV_0118,telemetry_02,244,139.0,4.979033017225037,14.63725156943938,9.658218552214343,0.9426581423844466,0.760236651424556,False
test,UAV_0118,telemetry_03,244,,,,0.0,0.0,0.0,False
test,UAV_0118,telemetry_04,244,83.0,-125.91083575077792,-125.8710102606797,0.03982549009822378,0.9333333333348431,0.3214285714286224,False
test,UAV_0118,telemetry_05,244,20.0,-113.5232574372815,-113.52731639320328,-0.0040589559217778515,0.9083900446853403,0.6155697710283076,False
test,UAV_0118,telemetry_06,244,32.0,-136.62967708608446,-138.0304727832117,-1.4007956971272506,0.5978086584713791,1.0603486812695668,False
test,UAV_0118,telemetry_07,244,11.0,140.5912754437698,140.5912754437698,0.0,0.0,0.0,False
test,UAV_0118,telemetry_08,244,,,,0.0,0.0,0.0,False
test,UAV_0118,telemetry_09,244,97.0,-143.01055651392585,-157.98158463302826,-14.971028119102414,1.1427824962587279,0.6242034889521809,False
test,UAV_0118,telemetry_10,244,171.0,-63.44437785749669,-61.42963378366745,2.0147440738292417,1.2540642419295223,0.4508562719669564,False
test,UAV_0118,telemetry_11,244,66.0,62.55057418828307,62.37482823806989,-0.17574595021318373,0.4217948717948694,0.9148936170212921,False
test,UAV_0118,telemetry_12,244,57.0,635.9294327363607,638.0602432353915,2.1308104990307584,0.516129032258068,0.90624999999998,False
test,UAV_0118,telemetry_13,244,110.0,7128.505963035227,7124.472643733625,-4.033319301602205,0.5148431668562246,0.005777357125555538,False
test,UAV_0118,telemetry_14,244,,,,0.0,0.0,0.0,False
test,UAV_0118,telemetry_15,244,11.0,49958.48046005462,49906.14723445443,-52.3332256001886,0.5764266304347065,0.05008839127878279,False
test,UAV_0118,telemetry_16,244,12.0,-691.1305885403375,-692.8648959266694,-1.7343073863319205,0.3333333333333333,1.0,False
test,UAV_0118,telemetry_17,244,,,,0.0,0.0,0.0,False
test,UAV_0118,telemetry_18,244,182.0,-102.97881252635591,-103.06466290197282,-0.08585037561691422,0.3267657998124515,0.9842660113957384,False
test,UAV_0118,telemetry_19,244,66.0,33496.264017811176,33502.82424741256,6.5602296013821615,3.5002480408798258,1.055216626465869,True
test,UAV_0118,telemetry_20,244,,,,0.0,0.0,0.0,False
test,UAV_0118,telemetry_21,244,66.0,34952.227201219386,34959.437735454776,7.210534235389787,3.5000000000017657,1.020408163266377,True
test,UAV_0118,telemetry_22,244,96.0,22970.561839152913,22887.377594113732,-83.1842450391814,0.6252395291541263,0.268826619964958,False
test,UAV_0118,telemetry_23,244,56.0,-17346.95199467021,-17334.49536012014,12.456634550067974,0.3597880846669063,0.430738394545165,False
test,UAV_0118,telemetry_24,244,66.0,-3625.24216851226,-3636.374390859826,-11.132222347565857,0.5451412419659004,1.2811765741440533,False
test,UAV_0118,telemetry_25,244,37.0,-171.653088446512,-171.16695205930654,0.4861363872054483,0.39024390243900936,1.0000000000000584,False
test,UAV_0118,telemetry_26,244,66.0,-7433.788402023545,-7450.939672795798,-17.151270772253156,0.3621212121212034,1.5899581589957963,False
test,UAV_0118,telemetry_27,244,,,,0.0,0.0,0.0,False
test,UAV_0118,telemetry_28,244,32.0,-9719.066988100012,-9682.381386717469,36.68560138254361,0.3917369389398753,0.6871008530314597,False
test,UAV_0119,telemetry_01,115,12.0,78.76762221437252,95.09952428272592,16.3319020683534,1.004025925956384,0.4874735333041715,False
test,UAV_0119,telemetry_02,115,66.0,16.930974465574167,7.093244206133178,-9.837730259440988,0.9601787826097326,0.9412374617557544,False
test,UAV_0119,telemetry_03,115,,,,0.0,0.0,0.0,False
test,UAV_0119,telemetry_04,115,63.0,-125.92363680116661,-125.88594481946653,0.03769198170007826,0.8833333333341438,0.9811320754719542,False
test,UAV_0119,telemetry_05,115,69.0,-113.5275574963292,-113.52364809845974,0.003909397869449549,0.8749191106678916,0.6565033503114576,False
test,UAV_0119,telemetry_06,115,61.0,-138.0955969461537,-139.09688095138685,-1.0012840052331455,0.4273115980758902,0.3771106941838567,False
test,UAV_0119,telemetry_07,115,11.0,140.5912754437698,140.5912754437698,0.0,0.0,0.0,False
test,UAV_0119,telemetry_08,115,,,,0.0,0.0,0.0,False
test,UAV_0119,telemetry_09,115,47.0,-148.51228229086678,-158.6802245979632,-10.16794230709641,0.7761488656007564,0.5801833967317065,False
test,UAV_0119,telemetry_10,115,68.0,-63.334618464761945,-61.55703424676612,1.7775842179958232,1.1064456442698287,0.6257048378915904,False
test,UAV_0119,telemetry_11,115,103.0,62.43599210220184,62.55084127939282,0.1148491771909832,0.27564102564101656,0.7883720930232422,False
test,UAV_0119,telemetry_12,115,29.0,639.3919997972855,637.927067579202,-1.4649322180835043,0.3548387096773874,1.0454545454545596,False
test,UAV_0119,telemetry_13,115,15.0,7131.484752951066,7126.817915479303,-4.666837471762847,0.5957101839696228,0.22844094090289316,False
test,UAV_0119,telemetry_14,115,,,,0.0,0.0,0.0,False
test,UAV_0119,telemetry_15,115,63.0,50052.7851176182,50022.37818748162,-30.40693013658165,0.3349184782607806,0.7677484787016717,False
test,UAV_0119,telemetry_16,115,26.0,-694.5992033130013,-691.1305885403375,3.468614772663841,0.6666666666666666,0.0,False
test,UAV_0119,telemetry_17,115,,,,0.0,0.0,0.0,False
test,UAV_0119,telemetry_18,115,44.0,-103.3202967751438,-103.32879876140606,-0.008501986262260175,0.032360468093683786,0.8400527969416623,False
test,UAV_0119,telemetry_19,115,21.0,33503.404421538886,33504.107866984996,0.7034454461099813,0.375327342825552,0.9644633867325924,False
test,UAV_0119,telemetry_20,115,,,,0.0,0.0,0.0,False
test,UAV_0119,telemetry_21,115,59.0,34960.17350425431,34960.76211929393,0.5886150396254379,0.2857142857152948,1.0,False
test,UAV_0119,telemetry_22,115,24.0,22963.860481408952,23020.822022232627,56.96154082367502,0.4281412537640143,0.48721227621478225,False
test,UAV_0119,telemetry_23,115,65.0,-17386.245807085597,-17374.994052826663,11.251754258933943,0.3249872265011145,0.4192665103492397,False
test,UAV_0119,telemetry_24,115,84.0,-3650.573936587106,-3647.1320874782286,3.44184910887725,0.16854621110607237,0.9247125194388572,False
test,UAV_0119,telemetry_25,115,67.0,-171.66828020861215,-171.3340614424084,0.33421876620374746,0.26829268292682035,0.045454545454510664,False
test,UAV_0119,telemetry_26,115,15.0,-7482.658759328586,-7478.065950418861,4.592808909725136,0.09696969696970395,0.8281250000000123,False
test,UAV_0119,telemetry_27,115,,,,0.0,0.0,0.0,False
test,UAV_0119,telemetry_28,115,34.0,-9695.372677974927,-9728.407755820672,-33.035077845745036,0.3527558438524193,0.814910312438806,False
test,UAV_0120,telemetry_01,207,117.0,76.82335278043419,91.45389086096748,14.630538080533285,0.899432257312609,0.5573569601331285,False
test,UAV_0120,telemetry_02,207,90.0,17.399583741928144,6.700042068455311,-10.699541673472833,1.044293005356402,0.46150943343782636,False
test,UAV_0120,telemetry_03,207,,,,0.0,0.0,0.0,False
test,UAV_0120,telemetry_04,207,59.0,-125.88096663320424,-125.92648147903077,-0.045514845826531314,1.0666666666681544,0.46875000000028294,False
test,UAV_0120,telemetry_05,207,125.0,-113.52763541851296,-113.52275211424794,0.004883304265021593,1.0928783325077605,0.35645942385866447,False
test,UAV_0120,telemetry_06,207,77.0,-138.70112642273932,-139.79571331526438,-1.094586892525058,0.4671298770710872,0.8489702517162633,False
test,UAV_0120,telemetry_07,207,187.0,140.5912754437698,140.67722414279535,0.08594869902555047,2.8695647601215146,1.0,False
test,UAV_0120,telemetry_08,207,,,,0.0,0.0,0.0,False
test,UAV_0120,telemetry_09,207,25.0,-148.35551713635346,-160.014914831897,-11.659397695543532,0.8899960308260609,0.3877889546612903,False
test,UAV_0120,telemetry_10,207,45.0,-63.257923872557825,-61.75503848101279,1.5028853915450355,0.9354611604206242,0.58064385585289,False
test,UAV_0120,telemetry_11,207,161.0,62.1341791481883,62.29176290293873,0.1575837547504264,0.378205128205134,0.24576271186441329,False
test,UAV_0120,telemetry_12,207,137.0,638.6595336882438,640.6571685310851,1.9976348428413075,0.48387096774193195,1.0666666666666818,False
test,UAV_0120,telemetry_13,207,164.0,7133.936731939479,7128.908066197719,-5.028665741760051,0.6418966617695504,0.1075431813571492,False
test,UAV_0120,telemetry_14,207,,,,0.0,0.0,0.0,False
test,UAV_0120,telemetry_15,207,171.0,50034.86784945456,50063.4552979704,28.58744851584197,0.31487771739132114,1.486515641855278,False
test,UAV_0120,telemetry_16,207,25.0,-692.8648959266694,-694.5992033130013,-1.7343073863319205,0.3333333333333333,1.0,False
test,UAV_0120,telemetry_17,207,,,,0.0,0.0,0.0,False
test,UAV_0120,telemetry_18,207,16.0,-103.23998406997583,-103.28296874256881,-0.04298467259297922,0.16360931234823736,0.05047785687443308,False
test,UAV_0120,telemetry_19,207,175.0,33504.98064100989,33505.72335837253,0.7427173626419972,0.39628109860169486,1.4003333302198835,False
test,UAV_0120,telemetry_20,207,,,,0.0,0.0,0.0,False
test,UAV_0120,telemetry_21,207,187.0,34962.01292625313,34962.748695052665,0.7357687995317974,0.3571428571441185,1.2999999999950556,False
test,UAV_0120,telemetry_22,207,182.0,23003.92294618264,23080.187310942725,76.2643647600853,0.5732274842594822,0.6294173829989951,False
test,UAV_0120,telemetry_23,207,172.0,-17381.698511259558,-17395.923468352954,-14.22495709339637,0.4108629860281222,1.320888324828086,False
test,UAV_0120,telemetry_24,207,187.0,-3671.7999493174193,-3679.451629683123,-7.651680365703669,0.37470025368275783,1.316779934314026,False
test,UAV_0120,telemetry_25,207,46.0,-171.88096487801454,-171.27329439400773,0.6076704840068032,0.487804878048756,0.375,False
test,UAV_0120,telemetry_26,207,149.0,-7505.838091794854,-7518.396553657381,-12.55846186252711,0.2651515151514802,1.8400000000001304,False
test,UAV_0120,telemetry_27,207,,,,0.0,0.0,0.0,False
test,UAV_0120,telemetry_28,207,67.0,-9687.135140548813,-9735.251302209783,-48.11616166096974,0.5137949814712177,0.9324719653296477,False
test,UAV_0121,telemetry_01,263,226.0,80.60666456640212,97.58766128320896,16.980996716806843,1.0439299036265433,0.6220161034929914,False
test,UAV_0121,telemetry_02,263,179.0,3.5621610032634865,15.272399998782305,11.710238995518818,1.1429387395528359,0.738670747712169,False
test,UAV_0121,telemetry_03,263,,,,0.0,0.0,0.0,False
test,UAV_0121,telemetry_04,263,194.0,-125.87385493854387,-125.92008095383642,-0.04622601529254666,1.083333333334277,0.6307692307693065,False
test,UAV_0121,telemetry_05,263,173.0,-113.46009221826421,-113.45207267896245,0.00801953930175614,1.7947644185027953,1.0877924603942828,False
test,UAV_0121,telemetry_06,263,204.0,-138.85830108522438,-139.76127265217008,-0.9029715669456948,0.3853554249064546,1.4500693481276112,False
test,UAV_0121,telemetry_07,263,233.0,140.54535189900022,140.6319817470882,0.08662984808796637,2.8923062485682145,1.0770396611252064,False
test,UAV_0121,telemetry_08,263,,,,0.0,0.0,0.0,False
test,UAV_0121,telemetry_09,263,55.0,-159.0955025520238,-145.15329939292602,13.942203159097772,1.0642492688374783,0.5960886150138426,False
test,UAV_0121,telemetry_10,263,217.0,-61.57897144827352,-63.063063966457165,-1.484092518183644,0.923763659585772,0.7510195983495245,False
test,UAV_0121,telemetry_11,263,139.0,62.61387478129299,62.30992509840149,-0.30394968289149915,0.7294871794871876,1.2697715289982299,False
test,UAV_0121,telemetry_12,263,99.0,637.3277771263496,634.8640274868453,-2.4637496395042717,0.5967741935483809,0.37837837837841953,False
test,UAV_0121,telemetry_13,263,154.0,7125.929005558188,7131.114810292988,5.185804734800513,0.6619550629929329,1.0725548055832341,False
test,UAV_0121,telemetry_14,263,,,,0.0,0.0,0.0,False
test,UAV_0121,telemetry_15,263,139.0,49894.82944199993,49946.57673284091,51.747290840983624,0.5699728260870939,2.4785458879614417,False
test,UAV_0121,telemetry_16,263,248.0,-695.4663570061673,-698.0678180856652,-2.6014610794978807,0.5,1.0,False
test,UAV_0121,telemetry_17,263,,,,0.0,0.0,0.0,False
test,UAV_0121,telemetry_18,263,180.0,-102.97855386996008,-102.99061989006509,-0.012066020105010011,0.04592598089215482,0.3304458996006585,False
test,UAV_0121,telemetry_19,263,136.0,33494.61912344796,33502.79982709124,8.18070364328014,4.364861238145814,1.1495570852088521,True
test,UAV_0121,telemetry_20,263,,,,0.0,0.0,0.0,False
test,UAV_0121,telemetry_21,263,138.0,34951.344278659955,34959.36415857483,8.019879914871126,3.89285714285853,1.1926605504588736,True
test,UAV_0121,telemetry_22,263,237.0,22803.710029738562,22936.48736363267,132.77733389410787,0.9979971289898619,1.2901548101351028,False
test,UAV_0121,telemetry_23,263,252.0,-17416.899018533186,-17437.727696781225,-20.82867824803907,0.6015999123105316,1.0,False
test,UAV_0121,telemetry_24,263,245.0,-3680.7858443710884,-3694.0598901397334,-13.27404576864501,0.6500256256392148,1.1865232620940949,False
test,UAV_0121,telemetry_25,263,244.0,-172.33671774101964,-172.86842941452562,-0.5317116735059813,0.4268292682926843,1.2,False
test,UAV_0121,telemetry_26,263,240.0,-7534.758435398277,-7560.880036072336,-26.121600674059664,0.5515151515151481,1.5082417582417742,False
test,UAV_0121,telemetry_27,263,,,,0.0,0.0,0.0,False
test,UAV_0121,telemetry_28,263,136.0,-9733.204127799749,-9683.343201291493,49.86092650825594,0.5324259651456744,0.30360134005726847,False
test,UAV_0122,telemetry_01,119,104.0,87.90409235377814,76.90670787586136,-10.997384477916782,0.6760791907351912,0.8733111661566246,False
test,UAV_0122,telemetry_02,119,88.0,15.640624744737742,5.559288004779829,-10.081336739957912,0.9839551789664134,0.5700321792220385,False
test,UAV_0122,telemetry_03,119,,,,0.0,0.0,0.0,False
test,UAV_0122,telemetry_04,119,81.0,-125.9143915981081,-125.88523365000049,0.029157948107609855,0.6833333333340105,0.5609756097557528,False
test,UAV_0122,telemetry_05,119,28.0,-113.52796158218413,-113.52381121517406,0.0041503670100695444,0.9288477496169218,0.5091830427458758,False
test,UAV_0122,telemetry_06,119,79.0,-138.90025607481198,-139.99546916121147,-1.0952130863994967,0.46739711384286553,0.4242424242424337,False
test,UAV_0122,telemetry_07,119,11.0,140.5912754437698,140.5912754437698,0.0,0.0,0.0,False
test,UAV_0122,telemetry_08,119,,,,0.0,0.0,0.0,False
test,UAV_0122,telemetry_09,119,110.0,-149.15828305999156,-161.4652739038672,-12.306990843875639,0.9394287156572869,1.0,False
test,UAV_0122,telemetry_10,119,103.0,-61.71852784469721,-62.87539282135256,-1.1568649766553492,0.7200830213669437,0.8814638114653767,False
test,UAV_0122,telemetry_11,119,78.0,62.425842640031476,62.2784083474514,-0.14743429258007268,0.3538461538461898,0.8134057971014189,False
test,UAV_0122,telemetry_12,119,11.0,637.9936554072966,638.9924728287174,0.9988174214207675,0.2419354838709935,1.2000000000000228,False
test,UAV_0122,telemetry_13,119,58.0,7127.618472877354,7134.127774885679,6.509302008324994,0.8308961947689975,0.5649936884596527,False
test,UAV_0122,telemetry_14,119,,,,0.0,0.0,0.0,False
test,UAV_0122,telemetry_15,119,99.0,49994.77757645499,50024.567733160824,29.790156705836125,0.3281250000000977,0.8695652173913362,False
test,UAV_0122,telemetry_16,119,13.0,-694.5992033130013,-691.9977422335035,2.6014610794978807,0.5,0.6666666666666666,False
test,UAV_0122,telemetry_17,119,,,,0.0,0.0,0.0,False
test,UAV_0122,telemetry_18,119,50.0,-103.32917333961362,-103.24326490648255,0.08590843313106689,0.3269867797430679,0.03665277031245173,False
test,UAV_0122,telemetry_19,119,82.0,33503.817848146035,33504.446164686844,0.6283165408094646,0.33524188552140904,0.9422411878057825,False
test,UAV_0122,telemetry_20,119,,,,0.0,0.0,0.0,False
test,UAV_0122,telemetry_21,119,44.0,34960.0263504944,34960.83569617389,0.8093456794886151,0.3928571428602962,1.0909090909041874,False
test,UAV_0122,telemetry_22,119,80.0,22940.55141099517,23012.44532505267,71.89391405750212,0.5403777716944727,0.8125633232016607,False
test,UAV_0122,telemetry_23,119,55.0,-17360.1790054786,-17369.918142240498,-9.739136761898408,0.2812979178114656,0.6652151241868323,False
test,UAV_0122,telemetry_24,119,82.0,-3651.7676451027965,-3655.9817068603147,-4.214061757518266,0.20636120879465053,0.9892899012452775,False
test,UAV_0122,telemetry_25,119,89.0,-171.15176029720635,-171.57712963601114,-0.425369338804785,0.3414634146341475,0.8214285714285141,False
test,UAV_0122,telemetry_26,119,110.0,-7493.85373104604,-7499.81003010084,-5.9562990548001835,0.12575757575759322,1.0,False
test,UAV_0122,telemetry_27,119,,,,0.0,0.0,0.0,False
test,UAV_0122,telemetry_28,119,35.0,-9682.56103667881,-9717.683812749436,-35.12277607062606,0.3750487457328355,0.5086328010760119,False
test,UAV_0123,telemetry_01,405,325.0,78.57884925154008,96.6083713764389,18.02952212489882,1.1083894313252958,0.6077583482312243,False
test,UAV_0123,telemetry_02,405,122.0,8.030179041412435,21.787795937106928,13.757616895694493,1.3427662168153052,0.192293348082426,False
test,UAV_0123,telemetry_03,405,,,,0.0,0.0,0.0,False
test,UAV_0123,telemetry_04,405,167.0,-125.90727990344772,-125.86105388815515,0.046226015292560874,1.08333333333461,0.35384615384648493,False
test,UAV_0123,telemetry_05,405,128.0,-113.52886431041092,-113.52361864228993,0.005245668120991809,1.1739749804292188,0.5580591646709606,False
test,UAV_0123,telemetry_06,405,40.0,-139.10564766562902,-138.0718015789249,1.0338460867041306,0.44120791020843453,0.18352513628100728,False
test,UAV_0123,telemetry_07,405,392.0,140.5912754437698,140.63424979328258,0.042974349512775234,1.4347823800607573,0.0,False
test,UAV_0123,telemetry_08,405,,,,0.0,0.0,0.0,False
test,UAV_0123,telemetry_09,405,381.0,-159.69641432884384,-145.0792801256626,14.617134203181251,1.1157687354515369,0.564370820660522,False
test,UAV_0123,telemetry_10,405,163.0,-62.79488521855574,-61.527008562715466,1.2678766558402756,0.7891815133842316,0.4821103241474972,False
test,UAV_0123,telemetry_11,405,217.0,62.431451553336146,62.25704105867169,-0.1744104946644569,0.4185897435897546,1.1301684532925194,False
test,UAV_0123,telemetry_12,405,348.0,638.6595336882438,640.7237563591798,2.064222670936033,0.5,1.032258064516136,False
test,UAV_0123,telemetry_13,405,332.0,7135.0504613217745,7130.292685656002,-4.757775665772897,0.6073182180208128,0.2648604028994597,False
test,UAV_0123,telemetry_14,405,,,,0.0,0.0,0.0,False
test,UAV_0123,telemetry_15,405,339.0,50024.96863589082,50056.20821015894,31.239574268118304,0.34408967391303513,1.5863770977295617,False
test,UAV_0123,telemetry_16,405,30.0,-691.9977422335035,-694.5992033130013,-2.6014610794978807,0.5,0.3333333333333333,False
test,UAV_0123,telemetry_17,405,,,,0.0,0.0,0.0,False
test,UAV_0123,telemetry_18,405,305.0,-103.06644308064185,-102.98120280006738,0.08524028057446742,0.32444364113726615,1.0268030950555016,False
test,UAV_0123,telemetry_19,405,14.0,33503.32340220119,33504.102858304905,0.7794561037153471,0.4158832641172571,0.8529291854339258,False
test,UAV_0123,telemetry_20,405,,,,0.0,0.0,0.0,False
test,UAV_0123,telemetry_21,405,110.0,34960.09992737435,34960.76211929394,0.6621919195895316,0.32142857143500425,0.7777777777814403,False
test,UAV_0123,telemetry_22,405,114.0,22970.343316617786,22890.72827298571,-79.61504363207496,0.5984122638927255,0.26258005489477454,False
test,UAV_0123,telemetry_23,405,332.0,-17375.669990790557,-17388.66090112688,-12.990910336324305,0.37521970554720435,1.3522487965046102,False
test,UAV_0123,telemetry_24,405,363.0,-3661.02210417923,-3668.723564864006,-7.701460684776066,0.37713797942316396,1.280852790203743,False
test,UAV_0123,telemetry_25,405,309.0,-171.89615664011473,-171.41002025290925,0.4861363872054767,0.3902439024390322,0.12500000000007308,False
test,UAV_0123,telemetry_26,405,396.0,-7529.950338570909,-7542.365275155009,-12.41493658410036,0.2621212121212226,1.0,False
test,UAV_0123,telemetry_27,405,,,,0.0,0.0,0.0,False
test,UAV_0123,telemetry_28,405,226.0,-9721.921585639657,-9675.84940792361,46.07217771604701,0.49196887030905245,0.18765349406291054,False
test,UAV_0124,telemetry_01,475,76.0,93.83377700046839,77.09530381172739,-16.738473188740997,1.0290204393881828,0.46681375035649736,False
test,UAV_0124,telemetry_02,475,384.0,5.663681970439578,17.40410487222209,11.74042290178251,1.1458847388439697,0.4813166752036051,False
test,UAV_0124,telemetry_03,475,,,,0.0,0.0,0.0,False
test,UAV_0124,telemetry_04,475,416.0,-125.9236368011666,-125.88594481946652,0.03769198170007826,0.8833333333341438,0.8679245283017943,False
test,UAV_0124,telemetry_05,475,336.0,-113.52718993747672,-113.52277710251388,0.004412834962835177,0.9875877999983539,0.3033932861423772,False
test,UAV_0124,telemetry_06,475,87.0,-138.90714420743086,-137.5320224591557,1.3751217482751485,0.5868519508284203,0.13433515482695252,False
test,UAV_0124,telemetry_07,475,388.0,140.5912754437698,140.67722414279535,0.08594869902555047,2.8695647601215146,1.0,False
test,UAV_0124,telemetry_08,475,,,,0.0,0.0,0.0,False
test,UAV_0124,telemetry_09,475,221.0,-142.97559559220497,-159.60266449820057,-16.6270689059956,1.2691929477852544,0.6156499996810897,False
test,UAV_0124,telemetry_10,475,109.0,-63.106219372191504,-61.34805037176325,1.7581690004282535,1.0943607693633624,0.4271704031300459,False
test,UAV_0124,telemetry_11,475,464.0,61.724194294727454,61.56607635775754,-0.15811793696991572,0.37948717948717653,0.8513513513513781,False
test,UAV_0124,telemetry_12,475,68.0,637.5941284387285,639.4585876253802,1.864459186651743,0.45161290322576825,1.0,False
test,UAV_0124,telemetry_13,475,121.0,7132.271469217194,7126.945750841122,-5.325718376071563,0.6798146909499257,0.049923481378354055,False
test,UAV_0124,telemetry_14,475,,,,0.0,0.0,0.0,False
test,UAV_0124,telemetry_15,475,449.0,50191.46662352515,50232.69792737163,41.23130384647811,0.45414402173920815,1.5243081525802833,False
test,UAV_0124,telemetry_16,475,426.0,-697.2006643924992,-699.8021254719972,-2.6014610794979944,0.5000000000000219,1.0,False
test,UAV_0124,telemetry_17,475,,,,0.0,0.0,0.0,False
test,UAV_0124,telemetry_18,475,319.0,-102.97896805409749,-102.89668580936481,0.08228224473268142,0.313184692754463,0.9876213005469996,False
test,UAV_0124,telemetry_19,475,432.0,33507.1997519093,33508.249715146005,1.0499632367063896,0.5602138927428812,1.5353148604418818,False
test,UAV_0124,telemetry_20,475,,,,0.0,0.0,0.0,False
test,UAV_0124,telemetry_21,475,466.0,34966.05965465055,34967.08973096989,1.0300763193445164,0.5000000000017659,1.0,False
test,UAV_0124,telemetry_22,475,194.0,23008.657601110433,22933.995734941294,-74.6618661691391,0.5611825896523194,0.3951219512195583,False
test,UAV_0124,telemetry_23,475,459.0,-17454.337232682054,-17471.907786294898,-17.570553612844378,0.5074946853014944,1.192452562850044,False
test,UAV_0124,telemetry_24,475,460.0,-3713.2655325392807,-3722.418206244756,-9.152673705475536,0.448203400482974,1.2499604496387482,False
test,UAV_0124,telemetry_25,475,445.0,-173.06592232182783,-173.5976339953338,-0.5317116735059813,0.4268292682926843,1.1142857142856761,False
test,UAV_0124,telemetry_26,475,432.0,-7570.280941809429,-7587.288687303255,-17.007745493825496,0.35909090909092656,2.489451476793167,False
test,UAV_0124,telemetry_27,475,,,,0.0,0.0,0.0,False
test,UAV_0124,telemetry_28,475,419.0,-9751.275013043387,-9806.196952530161,-54.921939486774136,0.5864685774356038,1.6511471809396343,False
test,UAV_0125,telemetry_01,169,100.0,81.33952100058106,96.03616590925928,14.696644908678223,0.9034962646194415,0.5491513806428301,False
test,UAV_0125,telemetry_02,169,30.0,17.520452009765243,6.846502466860567,-10.673949542904676,1.0417951709855378,0.4933748274353121,False
test,UAV_0125,telemetry_03,169,,,,0.0,0.0,0.0,False
test,UAV_0125,telemetry_04,169,72.0,-125.92008095383642,-125.87172143014575,0.048359523690663764,1.1333333333343103,0.5588235294118511,False
test,UAV_0125,telemetry_05,169,55.0,-113.5239527959906,-113.528504538067,-0.0045517420764014105,1.0186750651796603,0.4226679089802176,False
test,UAV_0125,telemetry_06,169,125.0,-137.36983824567517,-136.42178071976963,0.9480575259055399,0.4045964724746013,0.9075297225891438,False
test,UAV_0125,telemetry_07,169,11.0,140.5912754437698,140.5912754437698,0.0,0.0,0.0,False
test,UAV_0125,telemetry_08,169,,,,0.0,0.0,0.0,False
test,UAV_0125,telemetry_09,169,96.0,-161.7631378746218,-147.950214706412,13.812923168209807,1.054380947869278,0.7177964111417185,False
test,UAV_0125,telemetry_10,169,137.0,-61.43082581625055,-62.63200132287895,-1.2011755066284024,0.7476638202892301,1.0531435089567904,False
test,UAV_0125,telemetry_11,169,44.0,62.507572519613895,62.6627524543766,0.15517993476270675,0.37243589743590005,1.1187607573149625,False
test,UAV_0125,telemetry_12,169,37.0,636.7284866734972,634.4645005182771,-2.2639861552200955,0.5483870967741766,0.6764705882352631,False
test,UAV_0125,telemetry_13,169,29.0,7133.21045608526,7137.868721638779,4.658265553518504,0.5946159999477437,0.8131103196930111,False
test,UAV_0125,telemetry_14,169,,,,0.0,0.0,0.0,False
test,UAV_0125,telemetry_15,169,14.0,49973.06715169216,49940.59403056251,-32.47312112964573,0.35767663043480175,0.7169990503323089,False
test,UAV_0125,telemetry_16,169,112.0,-698.0678180856652,-695.4663570061673,2.6014610794978807,0.5,0.6666666666666666,False
test,UAV_0125,telemetry_17,169,,,,0.0,0.0,0.0,False
test,UAV_0125,telemetry_18,169,147.0,-103.32205946943394,-103.33112821777195,-0.009068748338009414,0.03451769177097982,0.6545247028177164,False
test,UAV_0125,telemetry_19,169,84.0,33504.931359654714,33505.659180874936,0.7278212202218128,0.38833317657897604,1.243429017883532,False
test,UAV_0125,telemetry_20,169,,,,0.0,0.0,0.0,False
test,UAV_0125,telemetry_21,169,13.0,34961.497888093465,34962.16008001304,0.6621919195749797,0.32142857142794073,1.1111111111062277,False
test,UAV_0125,telemetry_22,169,43.0,23073.704475733895,23019.875091247064,-53.82938448683126,0.4045989597591473,0.12855209742889961,False
test,UAV_0125,telemetry_23,169,123.0,-17365.254929480892,-17349.968082637177,15.286846843715466,0.44153381271562764,0.5872648324580234,False
test,UAV_0125,telemetry_24,169,59.0,-3644.802460834422,-3640.7280324984713,4.07442833595087,0.19952340637958804,1.0257033487383027,False
test,UAV_0125,telemetry_25,169,159.0,-172.79247060402474,-173.26341522913006,-0.470944625105318,0.3780487804878224,1.0,False
test,UAV_0125,telemetry_26,169,13.0,-7465.292200638689,-7472.468464560134,-7.176263921444843,0.15151515151514802,0.16999999999973892,False
test,UAV_0125,telemetry_27,169,,,,0.0,0.0,0.0,False
test,UAV_0125,telemetry_28,169,85.0,-9769.841622513983,-9803.20774546405,-33.36612295006671,0.3562908164555865,1.1258193394026725,False
test,UAV_0126,telemetry_01,130,97.0,91.61978148462072,78.22025954088863,-13.399521943732083,0.8237538634889012,0.5869933883638654,False
test,UAV_0126,telemetry_02,130,54.0,14.564581643294435,4.172694252321868,-10.391887390972567,1.0142654373457538,0.40460408650166785,False
test,UAV_0126,telemetry_03,130,,,,0.0,0.0,0.0,False
test,UAV_0126,telemetry_04,130,115.0,-125.92079212330245,-125.88523365000049,0.03555847330196116,0.8333333333341104,0.760000000000064,False
test,UAV_0126,telemetry_05,130,35.0,-113.52497769901561,-113.52866408622424,-0.0036863872086314586,0.8250095605151222,0.25062829396598707,False
test,UAV_0126,telemetry_06,130,78.0,-138.53393265826327,-137.27403058288547,1.259902075377795,0.5376803848209464,1.4666998011928036,False
test,UAV_0126,telemetry_07,130,11.0,140.5912754437698,140.5912754437698,0.0,0.0,0.0,False
test,UAV_0126,telemetry_08,130,,,,0.0,0.0,0.0,False
test,UAV_0126,telemetry_09,130,99.0,-144.8671185804028,-163.4648593962088,-18.59774081580599,1.4196201159452388,0.5173759636766262,False
test,UAV_0126,telemetry_10,130,59.0,-62.407126703643385,-61.31262934291021,1.0944973607331718,0.6812627076614195,0.001667081722814472,False
test,UAV_0126,telemetry_11,130,108.0,62.5943771302815,62.75409761390989,0.15972048362839075,0.3833333333333211,1.3812709030101076,False
test,UAV_0126,telemetry_12,130,97.0,636.3289597049288,634.3979126901822,-1.9310470147465821,0.46774193548386384,1.2068965517240688,False
test,UAV_0126,telemetry_13,130,104.0,7133.9002688018045,7139.232919618182,5.3326508163772814,0.6806995996948445,1.2556221692729737,False
test,UAV_0126,telemetry_14,130,,,,0.0,0.0,0.0,False
test,UAV_0126,telemetry_15,130,117.0,49889.18596510846,49836.45183677827,-52.73412833018665,0.5808423913042987,1.0327485380117924,False
test,UAV_0126,telemetry_16,130,103.0,-694.5992033130013,-698.0678180856652,-3.468614772663841,0.6666666666666666,1.0,False
test,UAV_0126,telemetry_17,130,,,,0.0,0.0,0.0,False
test,UAV_0126,telemetry_18,130,90.0,-103.32262661433282,-103.32971540292564,-0.007088788592824358,0.02698152055352525,0.875455629942208,False
test,UAV_0126,telemetry_19,130,121.0,33506.24747204021,33506.99088842918,0.7434163889702177,0.39665406809888465,1.0,False
test,UAV_0126,telemetry_20,130,,,,0.0,0.0,0.0,False
test,UAV_0126,telemetry_21,130,114.0,34962.45438753285,34963.33731009229,0.8829225594381569,0.42857142857294217,1.083333333329213,False
test,UAV_0126,telemetry_22,130,30.0,22921.539950438928,23014.12066448867,92.5807140497418,0.695866411168946,1.2745869394177232,False
test,UAV_0126,telemetry_23,130,117.0,-17336.748762570212,-17323.82141671728,12.927345852931467,0.37338375670878987,0.9672482980679142,False
test,UAV_0126,telemetry_24,130,74.0,-3647.2513330922698,-3642.4658392032416,4.785493889028203,0.23434405104704795,1.3820107942931588,False
test,UAV_0126,telemetry_25,130,121.0,-172.9291964629263,-173.47609989853245,-0.54690343560614,0.4390243902438941,1.0,False
test,UAV_0126,telemetry_26,130,118.0,-7461.12996756425,-7452.8772640545885,8.252703509661842,0.17424242424242598,1.434782608695638,False
test,UAV_0126,telemetry_27,130,,,,0.0,0.0,0.0,False
test,UAV_0126,telemetry_28,130,114.0,-9804.097421188919,-9849.29245449264,-45.195033303722084,0.4826025289068945,1.2941008591230883,False
test,UAV_0127,telemetry_01,104,70.0,75.3077777304541,89.19039176315312,13.88261403269901,0.8534526076962331,0.9322783727694629,False
test,UAV_0127,telemetry_02,104,79.0,5.182723987127579,17.71468998996228,12.531966002834702,1.2231406577508794,0.8660683541081384,False
test,UAV_0127,telemetry_03,104,,,,0.0,0.0,0.0,False
test,UAV_0127,telemetry_04,104,55.0,-125.92648147903076,-125.87385493854387,0.052626540486883755,1.2333333333340437,0.5405405405406792,False
test,UAV_0127,telemetry_05,104,86.0,-113.52684497230524,-113.52283747924534,0.00400749305990189,0.8968727105974491,0.6716602190871243,False
test,UAV_0127,telemetry_06,104,78.0,-139.42250176609681,-140.43568345494435,-1.0131816888475385,0.4323890967397021,0.7527812113720418,False
test,UAV_0127,telemetry_07,104,11.0,140.5912754437698,140.5912754437698,0.0,0.0,0.0,False
test,UAV_0127,telemetry_08,104,,,,0.0,0.0,0.0,False
test,UAV_0127,telemetry_09,104,75.0,-143.20196894418774,-155.17498971109956,-11.973020766911816,0.9139357999275075,1.2056177325108526,False
test,UAV_0127,telemetry_10,104,87.0,-61.87280705507179,-63.08634967077394,-1.2135426157021527,0.7553616462646928,0.685965214073961,False
test,UAV_0127,telemetry_11,104,86.0,62.156881892516765,62.284284351865836,0.1274024593490708,0.30576923076922885,0.3270440251571734,False
test,UAV_0127,telemetry_12,104,43.0,639.9247024220432,641.6559859525057,1.7312835304625196,0.4193548387096872,0.19230769230766454,False
test,UAV_0127,telemetry_13,104,75.0,7132.640813969449,7129.893852738192,-2.7469612312561367,0.3506427618982166,0.03422695371487096,False
test,UAV_0127,telemetry_14,104,,,,0.0,0.0,0.0,False
test,UAV_0127,telemetry_15,104,15.0,50022.347348810086,50045.50719113521,23.1598423251271,0.25509510869561236,1.0545938748331478,False
test,UAV_0127,telemetry_16,104,57.0,-693.7320496198354,-695.4663570061673,-1.7343073863319205,0.3333333333333333,0.5,False
test,UAV_0127,telemetry_17,104,,,,0.0,0.0,0.0,False
test,UAV_0127,telemetry_18,104,12.0,-103.2504853445985,-103.24057003601615,0.009915308582350235,0.037739890082211805,1.032830305603097,False
test,UAV_0127,telemetry_19,104,38.0,33504.80314352758,33505.363684683645,0.5605411560682114,0.29907994118786524,0.8044316214976232,False
test,UAV_0127,telemetry_20,104,,,,0.0,0.0,0.0,False
test,UAV_0127,telemetry_21,104,91.0,34961.35073433356,34962.08650313309,0.7357687995317974,0.3571428571441185,1.0,False
test,UAV_0127,telemetry_22,104,55.0,22999.771018015177,23071.227887002427,71.45686898725035,0.537092800438021,0.35881753312947123,False
test,UAV_0127,telemetry_23,104,90.0,-17385.13894404281,-17395.35966250161,-10.220718458800548,0.29520756215742694,0.5282045264837082,False
test,UAV_0127,telemetry_24,104,72.0,-3664.7255327646353,-3668.920332590762,-4.194799826126655,0.2054179583929209,1.4004432699858023,False
test,UAV_0127,telemetry_25,104,52.0,-171.98730721271573,-171.54674611181076,0.44056110090497214,0.35365853658538005,0.4137931034482514,False
test,UAV_0127,telemetry_26,104,71.0,-7515.31076017116,-7523.635226320037,-8.324466148877036,0.1757575757575932,1.258620689655097,False
test,UAV_0127,telemetry_27,104,,,,0.0,0.0,0.0,False
test,UAV_0127,telemetry_28,104,44.0,-9756.213102602487,-9705.243494983464,50.96960761902301,0.5442647064562915,0.5002776307238078,False
test,UAV_0128,telemetry_01,70,56.0,93.4085660128874,79.83531361165966,-13.573252401227748,0.8344341800083045,0.9752932500065058,False
test,UAV_0128,telemetry_02,70,23.0,9.160516121704855,17.251904733514685,8.09138861180983,0.789732942662659,0.4364014900759468,False
test,UAV_0128,telemetry_03,70,,,,0.0,0.0,0.0,False
test,UAV_0128,telemetry_04,70,57.0,-125.92008095383639,-125.8838113110684,0.03626964276799072,0.8500000000005662,1.0,False
test,UAV_0128,telemetry_05,70,40.0,-113.52407663822544,-113.5292859194892,-0.005209281263759635,1.1658316402441853,0.36019453673080765,False
test,UAV_0128,telemetry_06,70,19.0,-139.7168128870847,-138.4706870769446,1.2461258101400858,0.5318011758417995,0.8170854271356783,False
test,UAV_0128,telemetry_07,70,11.0,140.5912754437698,140.5912754437698,0.0,0.0,0.0,False
test,UAV_0128,telemetry_08,70,,,,0.0,0.0,0.0,False
test,UAV_0128,telemetry_09,70,53.0,-156.4600107047576,-144.0935874499471,12.366423254810485,0.943965365938515,0.2835417656465417,False
test,UAV_0128,telemetry_10,70,30.0,-61.76067669885211,-63.4646652706098,-1.7039885717576908,1.0606365166948695,0.46002603299737244,False
test,UAV_0128,telemetry_11,70,34.0,62.338770938254115,62.50142942408972,0.16265848583560683,0.3903846153846146,0.5008210180624026,False
test,UAV_0128,telemetry_12,70,13.0,639.3254119691909,638.1934188915808,-1.1319930776101046,0.2741935483871021,1.0588235294118769,False
test,UAV_0128,telemetry_13,70,15.0,7128.439444817079,7131.884946365479,3.4455015483999887,0.4398096941845418,0.5177450139974031,False
test,UAV_0128,telemetry_14,70,,,,0.0,0.0,0.0,False
test,UAV_0128,telemetry_15,70,14.0,50052.87763363282,50032.95585181919,-19.92178181363124,0.2194293478261254,0.7708978328172436,False
test,UAV_0128,telemetry_16,70,38.0,-691.9977422335035,-694.5992033130013,-2.6014610794978807,0.5,1.0,False
test,UAV_0128,telemetry_17,70,,,,0.0,0.0,0.0,False
test,UAV_0128,telemetry_18,70,33.0,-103.32976559260318,-103.32522812244274,0.004537470160443036,0.017270629923839053,0.8694864407193644,False
test,UAV_0128,telemetry_19,70,28.0,33504.206142498835,33503.63571068387,-0.5704318149655592,0.30435715883603387,0.8298599736625362,False
test,UAV_0128,telemetry_20,70,,,,0.0,0.0,0.0,False
test,UAV_0128,telemetry_21,70,37.0,34960.76211929394,34960.17350425431,-0.5886150396327139,0.28571428571882657,1.0,False
test,UAV_0128,telemetry_22,70,19.0,22985.057167316485,22899.17781101071,-85.8793563057734,0.6454968519025415,0.13146734520785266,False
test,UAV_0128,telemetry_23,70,34.0,-17376.072333005584,-17386.072277581396,-9.999944575811242,0.2888308949937616,0.8864157484931604,False
test,UAV_0128,telemetry_24,70,30.0,-3647.960589028462,-3651.1553134223614,-3.194724393899378,0.1564445956480445,0.6719238440931279,False
test,UAV_0128,telemetry_25,70,47.0,-171.15176029720635,-171.56193787391095,-0.41017757670459787,0.32926829268291485,0.9259259259259824,False
test,UAV_0128,telemetry_26,70,40.0,-7477.348324026716,-7483.017572524657,-5.669248497941226,0.11969696969696271,0.670886075949625,False
test,UAV_0128,telemetry_27,70,,,,0.0,0.0,0.0,False
test,UAV_0128,telemetry_28,70,18.0,-9680.977943997113,-9720.133661971917,-39.15571797480334,0.4181133884516683,0.7367790955865952,False
test,UAV_0129,telemetry_01,89,34.0,90.97677936948398,79.31722138383023,-11.659557985653748,0.7167872090950161,0.3258032262812911,False
test,UAV_0129,telemetry_02,89,53.0,6.265878019129145,18.339724443172393,12.073846424043248,1.178427427376269,0.46458975267003827,False
test,UAV_0129,telemetry_03,89,,,,0.0,0.0,0.0,False
test,UAV_0129,telemetry_04,89,79.0,-125.87741078587406,-125.9143915981081,-0.03698081223403449,0.8666666666673549,0.8653846153852731,False
test,UAV_0129,telemetry_05,89,11.0,-113.48227791553472,-113.47587168085197,0.006406234682756917,1.4337085501498652,2.27151752330469,False
test,UAV_0129,telemetry_06,89,55.0,-138.41245104662147,-137.33602377645525,1.0764272701662208,0.45938001068946804,0.8999418266433765,False
test,UAV_0129,telemetry_07,89,65.0,140.56522894905657,140.58636532047268,0.02113637141610525,0.7056789370885633,1.587409314764958,False
test,UAV_0129,telemetry_08,89,,,,0.0,0.0,0.0,False
test,UAV_0129,telemetry_09,89,42.0,-147.35967007035387,-160.20310058788434,-12.843430517530464,0.9803767296797357,0.3676905337209797,False
test,UAV_0129,telemetry_10,89,41.0,-62.920296988938546,-61.259346651903286,1.6609503370352598,1.0338476496113251,0.7378129503721024,False
test,UAV_0129,telemetry_11,89,11.0,62.45442138877434,62.57594784370899,0.12152645493464576,0.29166666666665886,0.7472527472528026,False
test,UAV_0129,telemetry_12,89,37.0,635.9960205644554,637.5941284387284,1.598107874272955,0.3870967741935235,0.583333333333357,False
test,UAV_0129,telemetry_13,89,62.0,7131.756688878123,7134.592015979615,2.835327101492112,0.3619224452241123,1.0880705378421769,False
test,UAV_0129,telemetry_14,89,,,,0.0,0.0,0.0,False
test,UAV_0129,telemetry_15,89,20.0,49956.907687806175,49926.56243501267,-30.345252793507825,0.3342391304347203,0.8313008130080097,False
test,UAV_0129,telemetry_16,89,68.0,-694.5992033130013,-696.3335106993333,-1.7343073863319205,0.3333333333333333,0.5,False
test,UAV_0129,telemetry_17,89,,,,0.0,0.0,0.0,False
test,UAV_0129,telemetry_18,89,41.0,-103.3232139478514,-103.33171256510465,-0.008498617253252405,0.03234764488918307,0.44850604817393525,False
test,UAV_0129,telemetry_19,89,11.0,33504.61723537265,33505.142752730244,0.5255173575933441,0.28039279310847554,0.9240697654905183,False
test,UAV_0129,telemetry_20,89,,,,0.0,0.0,0.0,False
test,UAV_0129,telemetry_21,89,29.0,34961.2771574536,34961.64504185337,0.3678843997695367,0.17857142857382513,1.0,False
test,UAV_0129,telemetry_22,89,45.0,22627.360135404924,22736.49580794231,109.13567253738438,0.8202988015224837,1.5857917319720254,False
test,UAV_0129,telemetry_23,89,20.0,-17349.50560537841,-17340.199759311254,9.30584606715638,0.26878307453348116,0.22164307276932085,False
test,UAV_0129,telemetry_24,89,78.0,-3642.6791240927096,-3645.274386418003,-2.5952623252933336,0.12708913665806104,1.0,False
test,UAV_0129,telemetry_25,89,11.0,-172.07845778531674,-171.75943078121315,0.31902700410358875,0.2560975609756106,0.0,False
test,UAV_0129,telemetry_26,89,19.0,-7476.487172356143,-7470.96144913663,5.525723219512656,0.11666666666666667,0.6623376623376175,False
test,UAV_0129,telemetry_27,89,,,,0.0,0.0,0.0,False
test,UAV_0129,telemetry_28,89,15.0,-9731.033437722614,-9763.228143986027,-32.194706263413536,0.34378217083553786,0.6888876421003131,False
test,UAV_0130,telemetry_01,333,69.0,96.52756758458767,82.99953032665175,-13.528037257935921,0.8316545174851747,0.7529961485291473,False
test,UAV_0130,telemetry_02,333,317.0,17.585405936885408,5.865951244724938,-11.71945469216047,1.1438382068231232,1.0093853758163693,False
test,UAV_0130,telemetry_03,333,,,,0.0,0.0,0.0,False
test,UAV_0130,telemetry_04,333,104.0,-125.92577030956471,-125.87669961640802,0.049070693156693324,1.150000000000766,0.6666666666664736,False
test,UAV_0130,telemetry_05,333,107.0,-113.52810823804657,-113.52319091757347,0.004917320473097675,1.1004911239176074,0.46323362959327696,False
test,UAV_0130,telemetry_06,333,58.0,-136.59273164749234,-138.2746883942442,-1.6819567467518652,0.717797969000527,0.9333581533879215,False
test,UAV_0130,telemetry_07,333,11.0,140.5912754437698,140.5912754437698,0.0,0.0,0.0,False
test,UAV_0130,telemetry_08,333,,,,0.0,0.0,0.0,False
test,UAV_0130,telemetry_09,333,221.0,-143.23380722798265,-158.20071813030012,-14.966910902317466,1.1424682170230127,0.6614115137177002,False
test,UAV_0130,telemetry_10,333,214.0,-61.886398235560904,-63.711022217265366,-1.8246239817044625,1.1357252368404622,0.24610290443927466,False
test,UAV_0130,telemetry_11,333,211.0,62.27627161857343,62.43973137773828,0.16345975916485145,0.39230769230770396,0.08333333333330435,False
test,UAV_0130,telemetry_12,333,26.0,634.9972031430348,637.3943649544442,2.3971618114094326,0.5806451612902853,1.083333333333357,False
test,UAV_0130,telemetry_13,333,278.0,7129.951194067278,7135.3333924880735,5.382198420795248,0.6870242280372006,0.5666979978340119,False
test,UAV_0130,telemetry_14,333,,,,0.0,0.0,0.0,False
test,UAV_0130,telemetry_15,333,59.0,49884.344293676986,49955.7974956308,71.45320195381646,0.7870244565215675,1.3107466551577176,False
test,UAV_0130,telemetry_16,333,19.0,-691.1305885403375,-692.8648959266694,-1.7343073863319205,0.3333333333333333,1.0,False
test,UAV_0130,telemetry_17,333,,,,0.0,0.0,0.0,False
test,UAV_0130,telemetry_18,333,18.0,-102.89290989524832,-102.97974080198854,-0.08683090674021798,0.33049792136049316,0.05474805792267373,False
test,UAV_0130,telemetry_19,333,58.0,33495.9492471242,33502.55834721679,6.609100092595327,3.526323171099304,1.1004492053089654,True
test,UAV_0130,telemetry_20,333,,,,0.0,0.0,0.0,False
test,UAV_0130,telemetry_21,333,58.0,34951.78573993967,34959.437735454776,7.651995515108865,3.714285714288237,1.019230769231775,True
test,UAV_0130,telemetry_22,333,31.0,22985.931257457,22875.21317299154,-110.71808446545765,0.8321927183137028,0.30526315789473824,False
test,UAV_0130,telemetry_23,333,57.0,-17331.233289743806,-17350.566055821175,-19.332766077368433,0.5583931077316362,1.3168762240138436,False
test,UAV_0130,telemetry_24,333,60.0,-3623.80481608732,-3635.994600539738,-12.189784452417825,0.5969297080327082,1.2765084876322463,False
test,UAV_0130,telemetry_25,333,61.0,-171.34925320450856,-170.7567744826019,0.5924787219066445,0.47560975609754624,0.2051282051281916,False
test,UAV_0130,telemetry_26,333,58.0,-7428.693254639318,-7454.097228921233,-25.403974281914998,0.5363636363636294,1.257062146892675,False
test,UAV_0130,telemetry_27,333,,,,0.0,0.0,0.0,False
test,UAV_0130,telemetry_28,333,19.0,-9737.322048293092,-9665.567640976536,71.75440731655544,0.7662093796561742,0.5848221517221531,False
test,UAV_0131,telemetry_01,152,47.0,94.10102612094326,77.59042645306974,-16.51059966787352,1.0150116042976736,0.46198450841277405,False
test,UAV_0131,telemetry_02,152,27.0,18.427210775056103,9.433985483412076,-8.993225291644027,0.8777536977067405,0.7834061032259714,False
test,UAV_0131,telemetry_03,152,,,,0.0,0.0,0.0,False
test,UAV_0131,telemetry_04,152,134.0,-125.9143915981081,-125.87598844694199,0.03840315116610782,0.9000000000005994,0.9444444444444444,False
test,UAV_0131,telemetry_05,152,127.0,-113.52448779223909,-113.52890168254919,-0.004413890310104307,0.9878239856016071,0.6327582612273404,False
test,UAV_0131,telemetry_06,152,53.0,-138.04738001782167,-139.03050440069597,-0.9831243828743084,0.41956173169427097,0.092993630573221,False
test,UAV_0131,telemetry_07,152,11.0,140.5912754437698,140.5912754437698,0.0,0.0,0.0,False
test,UAV_0131,telemetry_08,152,,,,0.0,0.0,0.0,False
test,UAV_0131,telemetry_09,152,60.0,-150.20408179075278,-161.93432772119456,-11.730245930441782,0.8954040844405778,0.46755508727604495,False
test,UAV_0131,telemetry_10,152,13.0,-61.47973423262709,-63.408225092215545,-1.9284908595884573,1.2003764941227895,0.5159537370111754,False
test,UAV_0131,telemetry_11,152,23.0,62.33716839159564,62.52359798619868,0.18642959460304098,0.44743589743589024,0.8108882521489914,False
test,UAV_0131,telemetry_12,152,135.0,637.8604797511073,636.3289597049288,-1.531520046178457,0.3709677419355105,1.086956521739069,False
test,UAV_0131,telemetry_13,152,103.0,7130.991097566483,7135.0661175769455,4.07502001046214,0.5201661585174773,0.6348023017476818,False
test,UAV_0131,telemetry_14,152,,,,0.0,0.0,0.0,False
test,UAV_0131,telemetry_15,152,122.0,50095.52751637005,50138.05404442112,42.52652805107209,0.4684103260869548,1.0551124002901255,False
test,UAV_0131,telemetry_16,152,42.0,-692.8648959266694,-696.3335106993333,-3.468614772663841,0.6666666666666666,0.5,False
test,UAV_0131,telemetry_17,152,,,,0.0,0.0,0.0,False
test,UAV_0131,telemetry_18,152,33.0,-103.32150941633518,-103.33100628133889,-0.009496865003711719,0.03614719989690224,0.5805254989979112,False
test,UAV_0131,telemetry_19,152,62.0,33504.28933866616,33503.755071718,-0.5342669481615303,0.2850611872205264,0.5142635811191365,False
test,UAV_0131,telemetry_20,152,,,,0.0,0.0,0.0,False
test,UAV_0131,telemetry_21,152,82.0,34960.46781177413,34960.90927305384,0.4414612797118025,0.21428571428293933,0.3333333333388272,False
test,UAV_0131,telemetry_22,152,59.0,22953.735603947964,23041.873026450074,88.13742250210998,0.6624692033944777,0.7115702479338891,False
test,UAV_0131,telemetry_23,152,141.0,-17413.120613934218,-17430.232792306037,-17.112178371819027,0.4942553188125464,1.0,False
test,UAV_0131,telemetry_24,152,62.0,-3651.4812239857592,-3646.0346576295633,5.4465663561959445,0.2667165508525413,0.8895367304032007,False
test,UAV_0131,telemetry_25,152,52.0,-171.8505813538142,-171.47078730130994,0.379794052504252,0.3048780487804725,0.3600000000000299,False
test,UAV_0131,telemetry_26,152,24.0,-7481.2235065442965,-7474.83663165421,6.386874890086801,0.13484848484850057,0.707865168539321,False
test,UAV_0131,telemetry_27,152,,,,0.0,0.0,0.0,False
test,UAV_0131,telemetry_28,152,93.0,-9719.457241816333,-9752.59501895134,-33.13777713500713,0.3538524895033197,0.5926502190608565,False
test,UAV_0132,telemetry_01,120,105.0,81.08639523657848,93.45436425578367,12.36796901920519,0.7603377423361769,1.080863782749615,False
test,UAV_0132,telemetry_02,120,96.0,13.729700664882891,3.829659077616469,-9.900041587266422,0.9662604715071085,0.315045149411503,False
test,UAV_0132,telemetry_03,120,,,,0.0,0.0,0.0,False
test,UAV_0132,telemetry_04,120,11.0,-125.87172143014575,-125.92577030956471,-0.054048879418957085,1.2666666666672883,0.5131578947369321,False
test,UAV_0132,telemetry_05,120,105.0,-113.52390076892704,-113.52758379368251,-0.003683024755474662,0.8242570470529861,0.7876198395631402,False
test,UAV_0132,telemetry_06,120,84.0,-137.1256226346427,-135.98782836478114,1.1377942698615584,0.48556921432388694,0.6890478811227211,False
test,UAV_0132,telemetry_07,120,11.0,140.5912754437698,140.5912754437698,0.0,0.0,0.0,False
test,UAV_0132,telemetry_08,120,,,,0.0,0.0,0.0,False
test,UAV_0132,telemetry_09,120,23.0,-147.09857022460199,-156.9754642557223,-9.876894031120315,0.7539322968584018,0.6519850892486031,False
test,UAV_0132,telemetry_10,120,34.0,-61.28293250066605,-62.99357855231438,-1.7106460516483324,1.0647804214124301,0.7316459893651248,False
test,UAV_0132,telemetry_11,120,31.0,62.73433287178865,62.63283825008499,-0.10149462170366519,0.24358974358974905,0.14736842105260062,False
test,UAV_0132,telemetry_12,120,94.0,635.2635544554136,634.0649735497087,-1.19858090570483,0.2903225806451702,0.7222222222222644,False
test,UAV_0132,telemetry_13,120,11.0,7135.3476196536285,7138.894764160925,3.5471445072962524,0.45278416482117145,0.8258846756192147,False
test,UAV_0132,telemetry_14,120,,,,0.0,0.0,0.0,False
test,UAV_0132,telemetry_15,120,107.0,50025.9246347085,50053.61776174973,27.69312704123149,0.3050271739130063,1.025612472160536,False
test,UAV_0132,telemetry_16,120,20.0,-696.3335106993333,-698.0678180856652,-1.7343073863319205,0.3333333333333333,1.0,False
test,UAV_0132,telemetry_17,120,,,,0.0,0.0,0.0,False
test,UAV_0132,telemetry_18,120,87.0,-103.32359285316508,-103.33193519742917,-0.008342344264093526,0.031752834814973874,0.6748477909813531,False
test,UAV_0132,telemetry_19,120,13.0,33505.49659302231,33505.89168638044,0.3950933581290883,0.21080432191955706,0.5055399658135825,False
test,UAV_0132,telemetry_20,120,,,,0.0,0.0,0.0,False
test,UAV_0132,telemetry_21,120,16.0,34962.01292625313,34962.45438753285,0.44146127971907845,0.21428571428647109,0.8333333333415741,False
test,UAV_0132,telemetry_22,120,108.0,23082.66389967419,23151.498498239886,68.83459856569607,0.5173829728989824,0.9227513227513385,False
test,UAV_0132,telemetry_23,120,102.0,-17379.28889651651,-17397.168334656366,-17.879438139854756,0.5164162741872903,1.0074600376500304,False
test,UAV_0132,telemetry_24,120,80.0,-3642.1612794009948,-3638.8328402846523,3.3284391163424516,0.1629925613269443,1.0485300570168576,False
test,UAV_0132,telemetry_25,120,61.0,-173.03553879762748,-172.48863536202134,0.54690343560614,0.4390243902438941,0.4166666666666537,False
test,UAV_0132,telemetry_26,120,55.0,-7465.7227764739755,-7459.766477419176,5.956299054799274,0.125757575757574,0.5180722891568141,False
test,UAV_0132,telemetry_27,120,,,,0.0,0.0,0.0,False
test,UAV_0132,telemetry_28,120,72.0,-9783.279137675203,-9822.430669495481,-39.15153182027825,0.41806868777080747,0.6716709522653534,False
test,UAV_0133,telemetry_01,180,100.0,80.2596162227849,92.53812268966246,12.278506466877559,0.7548379100714939,0.6127182327937533,False
test,UAV_0133,telemetry_02,180,139.0,17.460098279184542,8.279565654069614,-9.180532625114928,0.8960352039772921,0.7712243297103616,False
test,UAV_0133,telemetry_03,180,,,,0.0,0.0,0.0,False
test,UAV_0133,telemetry_04,180,25.0,-125.86674324388349,-125.90443522558357,-0.03769198170007826,0.8833333333341438,0.7547169811316344,False
test,UAV_0133,telemetry_05,180,76.0,-113.52410957626084,-113.52760983782147,-0.0035002615606316567,0.7833548372409723,0.7932834981558965,False
test,UAV_0133,telemetry_06,180,107.0,-137.55644402025897,-138.3204005470785,-0.763956526819527,0.32602886157134464,0.5032786885245719,False
test,UAV_0133,telemetry_07,180,11.0,140.5912754437698,140.5912754437698,0.0,0.0,0.0,False
test,UAV_0133,telemetry_08,180,,,,0.0,0.0,0.0,False
test,UAV_0133,telemetry_09,180,62.0,-161.86796082183764,-144.33936029894645,17.528600522891196,1.3380095008914206,0.5813316436450985,False
test,UAV_0133,telemetry_10,180,87.0,-62.03357376014199,-63.46457103642136,-1.4309972762793706,0.8907148743064609,0.16770277209030593,False
test,UAV_0133,telemetry_11,180,40.0,62.50677124628466,62.393257524642394,-0.11351372164226348,0.2724358974359188,0.04705882352946184,False
test,UAV_0133,telemetry_12,180,29.0,638.7261215163384,636.9282501577813,-1.7978713585570176,0.4354838709677002,0.7777777777777075,False
test,UAV_0133,telemetry_13,180,35.0,7128.43636170393,7131.826632162898,3.390270458968189,0.4327595831306782,1.196401809237466,False
test,UAV_0133,telemetry_14,180,,,,0.0,0.0,0.0,False
test,UAV_0133,telemetry_15,180,76.0,50002.17885762415,50034.25107602379,32.072218399640406,0.3532608695651294,1.275000000000159,False
test,UAV_0133,telemetry_16,180,119.0,-692.8648959266694,-695.4663570061673,-2.6014610794978807,0.5,1.3333333333333333,False
test,UAV_0133,telemetry_17,180,,,,0.0,0.0,0.0,False
test,UAV_0133,telemetry_18,180,43.0,-103.32324280930646,-103.32894363195967,-0.00570082265321048,0.02169861064065338,0.8883152950994175,False
test,UAV_0133,telemetry_19,180,13.0,33504.409121502205,33503.93583550044,-0.47328600176842883,0.2525244543448234,0.23509487160278023,False
test,UAV_0133,telemetry_20,180,,,,0.0,0.0,0.0,False
test,UAV_0133,telemetry_21,180,11.0,34960.90927305384,34960.320658014214,-0.5886150396254379,0.2857142857152948,0.0,False
test,UAV_0133,telemetry_22,180,96.0,23045.733591237356,22962.257982818002,-83.4756084193541,0.6274295099917971,0.08638743455499287,False
test,UAV_0133,telemetry_23,180,169.0,-17386.037784296837,-17397.486000103418,-11.448215806580265,0.3306616744151364,0.9389757943420504,False
test,UAV_0133,telemetry_24,180,13.0,-3647.721926621488,-3651.44858031472,-3.7266536932320378,0.18249299728993795,0.13133787271969938,False
test,UAV_0133,telemetry_25,180,163.0,-171.92654016431504,-172.30633421681932,-0.37979405250428044,0.3048780487804953,1.0399999999999672,False
test,UAV_0133,telemetry_26,180,33.0,-7482.586996689371,-7476.056596520855,6.530400168515371,0.1378787878787966,1.0109890109888457,False
test,UAV_0133,telemetry_27,180,,,,0.0,0.0,0.0,False
test,UAV_0133,telemetry_28,180,29.0,-9731.317845737653,-9699.865021478563,31.45282425908954,0.3358601912447453,0.10932033993715999,False
test,UAV_0134,telemetry_01,105,45.0,80.34401381680368,92.03588011784694,11.691866301043262,0.7187734067919705,0.41832002773118115,False
test,UAV_0134,telemetry_02,105,30.0,6.8181856558203595,13.60790391504233,6.789718259221971,0.6626877583014026,0.6044011800204508,False
test,UAV_0134,telemetry_03,105,,,,0.0,0.0,0.0,False
test,UAV_0134,telemetry_04,105,58.0,-125.92079212330245,-125.87243259961181,0.04835952369063534,1.1333333333336442,0.6323529411768163,False
test,UAV_0134,telemetry_05,105,49.0,-113.52764196820291,-113.52237668076427,0.005265287438646737,1.1783657629813609,0.15917644716559384,False
test,UAV_0134,telemetry_06,105,13.0,-137.68606615226847,-136.7981232383094,0.8879429139590798,0.378941742383739,1.0063469675599401,False
test,UAV_0134,telemetry_07,105,11.0,140.5912754437698,140.5912754437698,0.0,0.0,0.0,False
test,UAV_0134,telemetry_08,105,,,,0.0,0.0,0.0,False
test,UAV_0134,telemetry_09,105,74.0,-159.66813258991553,-146.39332872105922,13.27480386885631,1.0133047230897967,0.46831273524346745,False
test,UAV_0134,telemetry_10,105,11.0,-61.45781837779816,-63.273649000316254,-1.8158306225180922,1.1302518680561529,0.5118752460724278,False
test,UAV_0134,telemetry_11,105,87.0,62.667025912132544,62.80591328920072,0.13888737706817267,0.33333333333333903,0.5692307692307551,False
test,UAV_0134,telemetry_12,105,48.0,636.0626083925501,634.2647370339928,-1.7978713585573587,0.4354838709677828,0.7037037037036662,False
test,UAV_0134,telemetry_13,105,33.0,7135.30791663124,7138.364562733685,3.0566461024445744,0.39017326466470503,0.9650112754855993,False
test,UAV_0134,telemetry_14,105,,,,0.0,0.0,0.0,False
test,UAV_0134,telemetry_15,105,52.0,49884.34429367697,49914.072773039734,29.7284793627623,0.32744565217403737,0.5767634854770718,False
test,UAV_0134,telemetry_16,105,35.0,-696.3335106993333,-698.0678180856652,-1.7343073863319205,0.3333333333333333,0.0,False
test,UAV_0134,telemetry_17,105,,,,0.0,0.0,0.0,False
test,UAV_0134,telemetry_18,105,55.0,-103.327778520496,-103.32133320010809,0.006445320387911124,0.02453233613095961,0.19493864271959369,False
test,UAV_0134,telemetry_19,105,68.0,33505.53865961285,33506.14760341584,0.6089438029885059,0.32490545040791813,0.8245651669755484,False
test,UAV_0134,telemetry_20,105,,,,0.0,0.0,0.0,False
test,UAV_0134,telemetry_21,105,96.0,34962.895848812565,34962.45438753285,-0.4414612797118025,0.21428571428293933,1.0,False
test,UAV_0134,telemetry_22,105,26.0,23105.390243327627,23026.940653216247,-78.44959011138053,0.5896523405420143,0.32033426183848235,False
test,UAV_0134,telemetry_23,105,65.0,-17343.911673665374,-17335.850252658573,8.061421006801538,0.23284003492860453,0.5761121018450545,False
test,UAV_0134,telemetry_24,105,56.0,-3641.5711123527867,-3638.4871399038293,3.083972448957411,0.15102110957933473,0.8669537591484466,False
test,UAV_0134,telemetry_25,105,63.0,-172.4734435999212,-172.85323765242543,-0.3797940525042236,0.30487804878044966,1.040000000000048,False
test,UAV_0134,telemetry_26,105,42.0,-7460.197053254463,-7468.808569960196,-8.611516705733266,0.1818181818181661,0.40833333333337823,False
test,UAV_0134,telemetry_27,105,,,,0.0,0.0,0.0,False
test,UAV_0134,telemetry_28,105,38.0,-9775.270491618325,-9812.593416274385,-37.32292465606042,0.39854241735303325,1.024412374949794,False
test,UAV_0135,telemetry_01,144,22.0,87.87049425216789,75.53509512974875,-12.335399122419133,0.75833546356656,0.23981018738561144,False
test,UAV_0135,telemetry_02,144,112.0,18.996628057691034,6.341675414173518,-12.654952643517515,1.2351443577725136,0.40831351600315846,False
test,UAV_0135,telemetry_03,144,,,,0.0,0.0,0.0,False
test,UAV_0135,telemetry_04,144,19.0,-125.87598844694199,-125.91581393704017,-0.03982549009818115,0.9333333333338439,0.4821428571429145,False
test,UAV_0135,telemetry_05,144,75.0,-113.5510208524808,-113.54353257293684,0.007488279543963472,1.6758690462885963,1.8711716037257138,False
test,UAV_0135,telemetry_06,144,115.0,-139.40935169473352,-138.61533786194076,0.7940138327927571,0.3388562266167758,0.16876971608831634,False
test,UAV_0135,telemetry_07,144,113.0,140.76471629634986,140.77879150837052,0.01407521202065709,0.46992837429347745,1.5299691151440222,False
test,UAV_0135,telemetry_08,144,,,,0.0,0.0,0.0,False
test,UAV_0135,telemetry_09,144,24.0,-162.51883779236624,-149.61011330411026,12.908724488255984,0.9853608100156176,0.7303740087407501,False
test,UAV_0135,telemetry_10,144,20.0,-62.85498801859403,-61.40398493205312,1.4510030865409078,0.9031673597639002,0.46123761723554263,False
test,UAV_0135,telemetry_11,144,103.0,62.247425778720824,62.39085370465468,0.14342792593385667,0.34423076923076007,0.18435754189939926,False
test,UAV_0135,telemetry_12,144,126.0,640.1244659063273,638.8592971725278,-1.2651687337994417,0.3064516129032107,0.3157894736841159,False
test,UAV_0135,telemetry_13,144,127.0,7129.461894389544,7133.134312673555,3.672418284010746,0.46877505051725527,0.7340012017920492,False
test,UAV_0135,telemetry_14,144,,,,0.0,0.0,0.0,False
test,UAV_0135,telemetry_15,144,125.0,50027.620761643106,50054.357889866646,26.737128223539912,0.2944972826085511,0.8892733564013238,False
test,UAV_0135,telemetry_16,144,12.0,-694.5992033130013,-692.8648959266694,1.7343073863319205,0.3333333333333333,1.0,False
test,UAV_0135,telemetry_17,144,,,,0.0,0.0,0.0,False
test,UAV_0135,telemetry_18,144,11.0,-103.15597062531218,-103.148191345682,0.007779279630184988,0.029609684431261645,0.4091385772608938,False
test,UAV_0135,telemetry_19,144,112.0,33504.0522717156,33504.719400387985,0.6671286723867524,0.3559503204041073,0.9378455152749513,False
test,UAV_0135,telemetry_20,144,,,,0.0,0.0,0.0,False
test,UAV_0135,telemetry_21,144,83.0,34961.056426813746,34960.320658014214,-0.7357687995317974,0.3571428571441185,0.10000000000494445,False
test,UAV_0135,telemetry_22,144,61.0,22547.24736576081,22657.58752516161,110.34015940079917,0.8293521120261622,1.9990859262455136,False
test,UAV_0135,telemetry_23,144,68.0,-17361.534172654996,-17377.358042862765,-15.823870207768778,0.4570447925711831,0.9780012948855932,False
test,UAV_0135,telemetry_24,144,116.0,-3658.369497085614,-3662.7026439510755,-4.333146865461458,0.21219276709603407,0.960358451216519,False
test,UAV_0135,telemetry_25,144,128.0,-172.07845778531674,-171.6834719707123,0.39498581460443916,0.3170731707317051,0.692307692307648,False
test,UAV_0135,telemetry_26,144,95.0,-7489.763260610816,-7500.886469689056,-11.123209078239597,0.23484848484848136,1.5032258064516872,False
test,UAV_0135,telemetry_27,144,,,,0.0,0.0,0.0,False
test,UAV_0135,telemetry_28,144,33.0,-9735.906407895061,-9683.666894822709,52.239513072352565,0.5578250368388565,0.5238501398209334,False
test,UAV_0136,telemetry_01,90,61.0,82.55881338387495,94.8088886146262,12.25007523075125,0.7530900611033621,0.6342875561615764,False
test,UAV_0136,telemetry_02,90,40.0,5.274293111617654,17.220713551898392,11.946420440280738,1.1659904401103782,0.7746108898368776,False
test,UAV_0136,telemetry_03,90,,,,0.0,0.0,0.0,False
test,UAV_0136,telemetry_04,90,29.0,-125.87101026067971,-125.93145966529303,-0.0604494046133226,1.4166666666677212,0.4705882352941591,False
test,UAV_0136,telemetry_05,90,47.0,-113.52898644226484,-113.52455366989254,0.004432772372297222,0.9920497711606828,0.6060784160485784,False
test,UAV_0136,telemetry_06,90,27.0,-138.12565425212694,-138.9346967379063,-0.8090424857793721,0.34526990913949135,0.37770897832820655,False
test,UAV_0136,telemetry_07,90,11.0,140.5912754437698,140.5912754437698,0.0,0.0,0.0,False
test,UAV_0136,telemetry_08,90,,,,0.0,0.0,0.0,False
test,UAV_0136,telemetry_09,90,67.0,-147.73733561597265,-159.0683984625978,-11.331062846625144,0.8649332685848405,0.9566645256308625,False
test,UAV_0136,telemetry_10,90,77.0,-62.24187051569422,-63.43195386589264,-1.190083350198421,0.7407595802294539,0.48870947286987465,False
test,UAV_0136,telemetry_11,90,61.0,62.438930104409046,62.323813836108314,-0.1151162683007314,0.27628205128204636,0.8700696055684676,False
test,UAV_0136,telemetry_12,90,60.0,638.7927093444332,637.5275406106337,-1.2651687337995554,0.30645161290323825,0.5263157894737788,False
test,UAV_0136,telemetry_13,90,44.0,7126.562892524168,7130.982215201428,4.419322677259515,0.5641155367034761,0.8258372001556047,False
test,UAV_0136,telemetry_14,90,,,,0.0,0.0,0.0,False
test,UAV_0136,telemetry_15,90,66.0,49964.27813030379,49987.86971403046,23.591583726665704,0.25985054347827474,0.7594771241829037,False
test,UAV_0136,telemetry_16,90,52.0,-694.5992033130013,-691.9977422335035,2.6014610794978807,0.5,0.6666666666666666,False
test,UAV_0136,telemetry_17,90,,,,0.0,0.0,0.0,False
test,UAV_0136,telemetry_18,90,63.0,-103.06314064710861,-103.0689942358639,-0.00585358875528641,0.02228007271545922,0.6064415332912078,False
test,UAV_0136,telemetry_19,90,24.0,33503.45247537258,33503.025774161375,-0.4267012112031807,0.22766887278462128,0.24814848675839016,False
test,UAV_0136,telemetry_20,90,,,,0.0,0.0,0.0,False
test,UAV_0136,telemetry_21,90,64.0,34959.80561985454,34960.247081134265,0.4414612797263544,0.21428571429000284,0.8333333333278395,False
test,UAV_0136,telemetry_22,90,20.0,22901.800081432262,22988.55352787855,86.75344644628785,0.652066794415527,0.6255247691016093,False
test,UAV_0136,telemetry_23,90,47.0,-17357.488893127196,-17348.718368624155,8.770524503041088,0.25332124819027496,0.23735006523328953,False
test,UAV_0136,telemetry_24,90,21.0,-3645.044671323827,-3641.6670684696583,3.3776028541687992,0.16540009328791,0.3054309326043657,False
test,UAV_0136,telemetry_25,90,18.0,-171.42521201500944,-171.04541796250516,0.37979405250428044,0.3048780487804953,0.520000000000021,False
test,UAV_0136,telemetry_26,90,70.0,-7467.229791897478,-7476.702460273786,-9.47266837630741,0.2,0.8030303030303728,False
test,UAV_0136,telemetry_27,90,,,,0.0,0.0,0.0,False
test,UAV_0136,telemetry_28,90,17.0,-9704.452062758151,-9683.536219529471,20.915843228680387,0.22334398491415638,0.8537612997752789,False
test,UAV_0137,telemetry_01,47,11.0,92.54492160611949,84.4778145493127,-8.06710705680679,0.4959363948302395,0.4777138379010442,False
test,UAV_0137,telemetry_02,47,32.0,13.50033876159566,8.527029990983877,-4.973308770611784,0.4854031809141791,0.7198677304811388,False
test,UAV_0137,telemetry_03,47,,,,0.0,0.0,0.0,False
test,UAV_0137,telemetry_04,47,11.0,-125.87669961640803,-125.90087937825336,-0.024179761845331882,0.5666666666671551,0.7647058823525955,False
test,UAV_0137,telemetry_05,47,25.0,-113.52542203013675,-113.52765587228801,-0.0022338421512557716,0.49993151211911246,0.5189946395074163,False
test,UAV_0137,telemetry_06,47,29.0,-138.6021877905775,-137.73866643772166,0.8635213528558268,0.36851950828432467,0.6265409717186404,False
test,UAV_0137,telemetry_07,47,11.0,140.5912754437698,140.5912754437698,0.0,0.0,0.0,False
test,UAV_0137,telemetry_08,47,,,,0.0,0.0,0.0,False
test,UAV_0137,telemetry_09,47,34.0,-148.86106168384117,-160.50741053039656,-11.646348846555384,0.8889999739018907,0.46173084768332995,False
test,UAV_0137,telemetry_10,47,14.0,-61.764328576009945,-62.63742628146419,-0.8730977054542421,0.5434539435273598,0.7635779081992213,False
test,UAV_0137,telemetry_11,47,27.0,62.515051070686795,62.42931482445817,-0.08573624622862752,0.20576923076924758,1.062305295950056,False
test,UAV_0137,telemetry_12,47,21.0,638.2600067196754,636.7950745015919,-1.4649322180835043,0.3548387096773874,0.7272727272727978,False
test,UAV_0137,telemetry_13,47,19.0,7130.057433867145,7132.499775005849,2.4423411387042506,0.3117587655146054,0.5719255763676176,False
test,UAV_0137,telemetry_14,47,,,,0.0,0.0,0.0,False
test,UAV_0137,telemetry_15,47,12.0,49980.591787547455,49948.76627852011,-31.825509027345106,0.3505434782608883,0.5562015503874445,False
test,UAV_0137,telemetry_16,47,13.0,-695.4663570061673,-692.8648959266694,2.6014610794978807,0.5,0.3333333333333333,False
test,UAV_0137,telemetry_17,47,,,,0.0,0.0,0.0,False
test,UAV_0137,telemetry_18,47,13.0,-103.32843129408106,-103.32311717631205,0.005314117769003701,0.020226725050506773,0.6813284860738692,False
test,UAV_0137,telemetry_19,47,35.0,33504.640572725024,33504.31768793527,-0.3228847897553351,0.17227702709260226,0.8701957729395697,False
test,UAV_0137,telemetry_20,47,,,,0.0,0.0,0.0,False
test,UAV_0137,telemetry_21,47,37.0,34961.571464973415,34961.20358057365,-0.3678843997622607,0.17857142857029337,1.0,False
test,UAV_0137,telemetry_22,47,32.0,22978.06444619235,23034.734623635857,56.67017744350596,0.4259512729263707,0.8457583547556847,False
test,UAV_0137,telemetry_23,47,28.0,-17363.894555815637,-17354.33069446923,9.563861346407066,0.2762353942401627,0.3244670763750291,False
test,UAV_0137,telemetry_24,47,18.0,-3644.990623886896,-3646.7529584805548,-1.7623345936585793,0.08630094146085548,0.6017246034982661,False
test,UAV_0137,telemetry_25,47,15.0,-171.75943078121315,-171.92654016431504,-0.16710938310188794,0.13414634146342158,1.0,False
test,UAV_0137,telemetry_26,47,14.0,-7473.114328313064,-7478.998864728648,-5.88453641558408,0.12424242424240678,0.47560975609761375,False
test,UAV_0137,telemetry_27,47,,,,0.0,0.0,0.0,False
test,UAV_0137,telemetry_28,47,23.0,-9732.14173130813,-9759.299911690327,-27.158180382197315,0.2900010371688038,0.9023343897137671,False
test,UAV_0138,telemetry_01,133,41.0,91.66542904872576,77.6679677362066,-13.99746131251915,0.8605130006610199,0.44140965563912365,False
test,UAV_0138,telemetry_02,133,104.0,16.374999195026,5.648475473839248,-10.726523721186751,1.0469264979449393,0.4857780970557182,False
test,UAV_0138,telemetry_03,133,,,,0.0,0.0,0.0,False
test,UAV_0138,telemetry_04,133,123.0,-125.87883312480614,-125.91296925917602,-0.03413613436988783,0.8000000000008659,0.8958333333339318,False
test,UAV_0138,telemetry_05,133,13.0,-113.5240069799053,-113.52768790303682,-0.003680923131526015,0.8237867058348466,0.2704624640107386,False
test,UAV_0138,telemetry_06,133,114.0,-137.19888731795243,-135.98845455865558,1.2104327592968502,0.5165686798503395,1.0382824624935307,False
test,UAV_0138,telemetry_07,133,11.0,140.5912754437698,140.5912754437698,0.0,0.0,0.0,False
test,UAV_0138,telemetry_08,133,,,,0.0,0.0,0.0,False
test,UAV_0138,telemetry_09,133,23.0,-144.3694448871595,-159.92809254438117,-15.558647657221684,1.1876372194801414,0.715665397584604,False
test,UAV_0138,telemetry_10,133,22.0,-62.97773701581076,-61.34871288746732,1.6290241283434383,1.0139753902902209,0.35345963606819797,False
test,UAV_0138,telemetry_11,133,116.0,62.66088281660838,62.785080182640485,0.12419736603210652,0.29807692307690553,1.0903225806451782,False
test,UAV_0138,telemetry_12,133,96.0,637.0614258139708,635.1969666273188,-1.8644591866519704,0.4516129032258233,1.0,False
test,UAV_0138,telemetry_13,133,92.0,7133.272304725082,7139.029835161171,5.757530436088928,0.734934425303151,0.6870039543784949,False
test,UAV_0138,telemetry_14,133,,,,0.0,0.0,0.0,False
test,UAV_0138,telemetry_15,133,47.0,50038.29094199529,50014.14426218094,-24.146679814351955,0.26596467391305767,0.46360153256704983,False
test,UAV_0138,telemetry_16,133,12.0,-692.8648959266694,-695.4663570061673,-2.6014610794978807,0.5,1.3333333333333333,False
test,UAV_0138,telemetry_17,133,,,,0.0,0.0,0.0,False
test,UAV_0138,telemetry_18,133,68.0,-103.3245236373798,-103.33228957628245,-0.00776593890265076,0.029558906627769506,0.5248109278784129,False
test,UAV_0138,telemetry_19,133,117.0,33504.97347811407,33505.57431053975,0.6008324256763444,0.3205775786304199,1.1313936487112262,False
test,UAV_0138,telemetry_20,133,,,,0.0,0.0,0.0,False
test,UAV_0138,telemetry_21,133,120.0,34961.64504185337,34962.3808106529,0.7357687995317974,0.3571428571441185,1.0,False
test,UAV_0138,telemetry_22,133,120.0,23052.944834896618,23117.40898275973,64.46414786311288,0.48453326033397287,1.0,False
test,UAV_0138,telemetry_23,133,46.0,-17370.913257671855,-17384.164099577873,-13.25084190601774,0.38272737394901624,0.975010057035605,False
test,UAV_0138,telemetry_24,133,124.0,-3641.2435159078964,-3637.3954197004123,3.8480962074841045,0.18843999699762068,1.0,False
test,UAV_0138,telemetry_25,133,105.0,-172.23037540631844,-172.71651179352392,-0.4861363872054767,0.3902439024390322,1.1249999999999563,False
test,UAV_0138,telemetry_26,133,124.0,-7462.565220348539,-7456.967734489812,5.597485858726941,0.1181818181818147,1.0,False
test,UAV_0138,telemetry_27,133,,,,0.0,0.0,0.0,False
test,UAV_0138,telemetry_28,133,114.0,-9789.484368488762,-9832.267844465765,-42.783475977003036,0.4568513881419929,1.1005404680817767,False
test,UAV_0139,telemetry_01,310,54.0,90.6771592323088,76.61055912766786,-14.06660010464094,0.8647634020832827,0.3310334522578401,False
test,UAV_0139,telemetry_02,310,26.0,19.515452375254593,4.000798287341159,-15.514654087913435,1.5142559596455452,0.5368197234718145,False
test,UAV_0139,telemetry_03,310,,,,0.0,0.0,0.0,False
test,UAV_0139,telemetry_04,310,188.0,-125.91581393704018,-125.86816558281555,0.047648354224634204,1.1166666666678544,0.4328358208955491,False
test,UAV_0139,telemetry_05,310,214.0,-113.52902447375554,-113.52372436045353,0.005300113302013187,1.1861597543893283,0.6099798747796316,False
test,UAV_0139,telemetry_06,310,81.0,-137.03670310447188,-138.6585452392773,-1.621842134805405,0.6921432389096647,1.138223938223954,False
test,UAV_0139,telemetry_07,310,262.0,140.5912754437698,140.67722414279535,0.08594869902555047,2.8695647601215146,1.0,False
test,UAV_0139,telemetry_08,310,,,,0.0,0.0,0.0,False
test,UAV_0139,telemetry_09,310,74.0,-148.19791640112908,-164.52893125987606,-16.331014858746983,1.2465942738364302,0.2666699475598038,False
test,UAV_0139,telemetry_10,310,205.0,-63.46822500546425,-61.643882572028204,1.824342433436044,1.135549988966359,0.6223552718829821,False
test,UAV_0139,telemetry_11,310,254.0,62.14886915922436,61.98086885119382,-0.16800030803054256,0.4032051282051421,1.4562798092209583,False
test,UAV_0139,telemetry_12,310,271.0,639.9247024220433,642.2552764053581,2.330573983314821,0.5645161290322447,1.285714285714209,False
test,UAV_0139,telemetry_13,310,292.0,7137.625546708388,7142.430971925332,4.805425216944059,0.6134005645919096,0.4238136080882984,False
test,UAV_0139,telemetry_14,310,,,,0.0,0.0,0.0,False
test,UAV_0139,telemetry_15,310,275.0,50106.78363148146,50162.848336337775,56.06470485631144,0.6175271739130764,1.7453245324533317,False
test,UAV_0139,telemetry_16,310,82.0,-691.1305885403375,-694.5992033130013,-3.468614772663841,0.6666666666666666,1.0,False
test,UAV_0139,telemetry_17,310,,,,0.0,0.0,0.0,False
test,UAV_0139,telemetry_18,310,298.0,-102.97867482984807,-103.07304161008781,-0.09436678023973855,0.3591811474228278,0.9831547942856713,False
test,UAV_0139,telemetry_19,310,59.0,33494.202780496504,33502.3222253603,8.11944486379798,4.332176265835708,1.1707838524743668,True
test,UAV_0139,telemetry_20,310,,,,0.0,0.0,0.0,False
test,UAV_0139,telemetry_21,310,59.0,34950.82924050029,34958.84912041516,8.019879914871126,3.89285714285853,1.1834862385317855,True
test,UAV_0139,telemetry_22,310,138.0,22981.63364759946,22897.720994109848,-83.91265348961315,0.6307144812483036,0.36197916666661495,False
test,UAV_0139,telemetry_23,310,301.0,-17449.346612560177,-17474.62299691377,-25.27638435359404,0.730064117826635,1.0,False
test,UAV_0139,telemetry_24,310,291.0,-3697.4658238300144,-3712.7533516467993,-15.28752781678486,0.7486251747794642,1.1822095316552794,False
test,UAV_0139,telemetry_25,310,290.0,-172.82285412822512,-173.52167518483293,-0.6988210566078124,0.5609756097560603,1.195652173913063,False
test,UAV_0139,telemetry_26,310,296.0,-7593.388511636483,-7622.021804683049,-28.633293046565996,0.6045454545454633,1.1228070175438607,False
test,UAV_0139,telemetry_27,310,,,,0.0,0.0,0.0,False
test,UAV_0139,telemetry_28,310,287.0,-9796.111584560585,-9849.89308256207,-53.78149800148458,0.5742906918442295,1.0398569740273125,False
test,UAV_0140,telemetry_01,313,179.0,76.50582217247818,90.94954245436311,14.443720281884936,0.8879473786690799,0.7633742194660885,False
test,UAV_0140,telemetry_02,313,281.0,5.044434609354251,14.796007323869048,9.751572714514797,0.9517696633903391,0.6993284619304575,False
test,UAV_0140,telemetry_03,313,,,,0.0,0.0,0.0,False
test,UAV_0140,telemetry_04,313,23.0,-125.86745441334952,-125.90727990344772,-0.03982549009819536,0.933333333334177,0.6607142857138907,False
test,UAV_0140,telemetry_05,313,165.0,-113.52766798679045,-113.52325693753123,0.004411049259218203,0.9871881614164922,0.42024453811025675,False
test,UAV_0140,telemetry_06,313,147.0,-137.62469915257316,-138.97414695199618,-1.349447799423018,0.5758952431854494,0.9350348027842272,False
test,UAV_0140,telemetry_07,313,289.0,140.5912754437698,140.67722414279535,0.08594869902555047,2.8695647601215146,1.0,False
test,UAV_0140,telemetry_08,313,,,,0.0,0.0,0.0,False
test,UAV_0140,telemetry_09,313,90.0,-161.87286174834642,-147.56544319935142,14.307418548995003,1.092127230966634,0.6228867003813422,False
test,UAV_0140,telemetry_10,313,284.0,-61.60621237364971,-63.37447479364101,-1.7682624199913022,1.1006433522071244,0.5866679707837992,False
test,UAV_0140,telemetry_11,313,106.0,62.430116097787405,62.25383596535473,-0.17628013243267304,0.4230769230769119,0.8181818181818072,False
test,UAV_0140,telemetry_12,313,274.0,639.5917632815697,641.5228102963163,1.9310470147465821,0.46774193548386384,1.0,False
test,UAV_0140,telemetry_13,313,80.0,7126.201477757122,7129.879522297066,3.678044539943585,0.4694932280790604,1.2783039535759544,False
test,UAV_0140,telemetry_14,313,,,,0.0,0.0,0.0,False
test,UAV_0140,telemetry_15,313,291.0,50087.355268412444,50127.22967071124,39.87440229879576,0.43919836956524083,1.248259860788863,False
test,UAV_0140,telemetry_16,313,166.0,-694.5992033130013,-691.1305885403375,3.468614772663841,0.6666666666666666,0.0,False
test,UAV_0140,telemetry_17,313,,,,0.0,0.0,0.0,False
test,UAV_0140,telemetry_18,313,272.0,-102.97953325899965,-102.89836784674331,0.08116541225633966,0.3089337776621773,1.0215954470829685,False
test,UAV_0140,telemetry_19,313,304.0,33506.14949348258,33506.889017089256,0.7395236066731741,0.3945770518301358,1.0,False
test,UAV_0140,telemetry_20,313,,,,0.0,0.0,0.0,False
test,UAV_0140,telemetry_21,313,248.0,34960.688542413984,34961.571464973415,0.8829225594308809,0.42857142856941044,1.5833333333422608,False
test,UAV_0140,telemetry_22,313,270.0,22952.205946202062,23048.938588419252,96.73264221719,0.7270736381056613,1.2567771084336887,False
test,UAV_0140,telemetry_23,313,249.0,-17372.83783243996,-17385.78049223568,-12.942659795720829,0.3738260731404663,2.099657383658738,False
test,UAV_0140,telemetry_24,313,303.0,-3680.13972593205,-3687.9221892537344,-7.78246332168419,0.3811046517288301,1.1892301466954867,False
test,UAV_0140,telemetry_25,313,289.0,-171.9417319264152,-172.39748478942033,-0.45575286300513085,0.3658536585365898,1.499999999999969,False
test,UAV_0140,telemetry_26,313,288.0,-7523.348175763179,-7543.298189464796,-19.950013701617536,0.4212121212121299,1.3309352517985666,False
test,UAV_0140,telemetry_27,313,,,,0.0,0.0,0.0,False
test,UAV_0140,telemetry_28,313,290.0,-9736.351397041275,-9776.933870174395,-40.58247313311949,0.4333485945617526,0.9757900039482892,False
test,UAV_0141,telemetry_01,101,63.0,74.48141731406469,91.67552388754515,17.194106573480468,1.0570311223505875,0.4948267603784297,False
test,UAV_0141,telemetry_02,101,73.0,8.390808997064674,14.871626430565168,6.480817433500494,0.632538525605807,0.7077245587899081,False
test,UAV_0141,telemetry_03,101,,,,0.0,0.0,0.0,False
test,UAV_0141,telemetry_04,101,31.0,-125.86816558281556,-125.90656873398169,-0.03840315116612203,0.9000000000009325,0.5925925925918799,False
test,UAV_0141,telemetry_05,101,18.0,-113.52662526949393,-113.52328579468254,0.0033394748113977357,0.7473709327255871,0.48787067826702746,False
test,UAV_0141,telemetry_06,101,91.0,-138.5740090662276,-137.89771968182998,0.6762893843976201,0.2886157135221765,0.9601851851851556,False
test,UAV_0141,telemetry_07,101,11.0,140.5912754437698,140.5912754437698,0.0,0.0,0.0,False
test,UAV_0141,telemetry_08,101,,,,0.0,0.0,0.0,False
test,UAV_0141,telemetry_09,101,24.0,-146.8417407607255,-158.25952566604406,-11.41778490531857,0.8715530177380677,0.6603605155961735,False
test,UAV_0141,telemetry_10,101,56.0,-61.4489411793885,-62.607762581459184,-1.1588214020706857,0.7213007855421784,0.7554563220398117,False
test,UAV_0141,telemetry_11,101,28.0,62.260246151988646,62.370287689204204,0.1100415372155581,0.26410256410258276,0.7524271844659866,False
test,UAV_0141,telemetry_12,101,82.0,637.5941284387284,638.9924728287174,1.3983443899890062,0.33870967741937436,0.7142857142856678,False
test,UAV_0141,telemetry_13,101,57.0,7126.663999978368,7131.051954323591,4.387954345223079,0.5601114472186142,0.9498363376750611,False
test,UAV_0141,telemetry_14,101,,,,0.0,0.0,0.0,False
test,UAV_0141,telemetry_15,101,56.0,49984.138234774335,50002.394728324914,18.256493550579762,0.20108695652185674,0.26520270270309315,False
test,UAV_0141,telemetry_16,101,13.0,-692.8648959266694,-693.7320496198354,-0.8671536931659602,0.16666666666666666,0.0,False
test,UAV_0141,telemetry_17,101,,,,0.0,0.0,0.0,False
test,UAV_0141,telemetry_18,101,45.0,-102.98522517069867,-102.97721570169392,0.008009469004747416,0.030485836859794533,0.5654251629749735,False
test,UAV_0141,telemetry_19,101,24.0,33502.89907826185,33503.92588238667,1.0268041248200461,0.5478572160815016,0.5668917253740675,False
test,UAV_0141,telemetry_20,101,,,,0.0,0.0,0.0,False
test,UAV_0141,telemetry_21,101,77.0,34959.65846609464,34960.46781177412,0.8093456794813392,0.39285714285676443,0.6363636363620019,False
test,UAV_0141,telemetry_22,101,89.0,22948.199699724693,23016.233048994913,68.03334927021933,0.5113605255953736,0.5952890792291896,False
test,UAV_0141,telemetry_23,101,58.0,-17365.380451436264,-17356.817531362696,8.562920073567511,0.2473249576393688,0.2967460290417037,False
test,UAV_0141,telemetry_24,101,31.0,-3640.328194631964,-3643.481292930571,-3.153098298606892,0.1544061795458995,1.5929206982330248,False
test,UAV_0141,telemetry_25,101,44.0,-171.03022620040497,-171.4859790634101,-0.45575286300513085,0.3658536585365898,0.7999999999999751,False
test,UAV_0141,telemetry_26,101,22.0,-7463.569897297542,-7469.597958991555,-6.028061694012649,0.12727272727270283,1.2142857142858652,False
test,UAV_0141,telemetry_27,101,,,,0.0,0.0,0.0,False
test,UAV_0141,telemetry_28,101,22.0,-9719.08572551627,-9687.296217691677,31.789507824592874,0.3394553725794146,0.5597674879255483,False
test,UAV_0142,telemetry_01,87,21.0,86.47383761135693,79.74572848359063,-6.728109127766302,0.4136196732425194,0.17932920304009517,False
test,UAV_0142,telemetry_02,87,26.0,16.975486438929295,9.01709984499853,-7.958386593930765,0.7767517252228738,0.7923109000523433,False
test,UAV_0142,telemetry_03,87,,,,0.0,0.0,0.0,False
test,UAV_0142,telemetry_04,87,30.0,-125.90443522558355,-125.88452248053446,0.01991274504909768,0.4666666666670885,0.4285714285720403,False
test,UAV_0142,telemetry_05,87,75.0,-113.52765171865065,-113.52464234821448,0.0030093704361604523,0.673493922491566,0.8824647652579637,False
test,UAV_0142,telemetry_06,87,71.0,-136.91772626832787,-136.2007342820915,0.7169919862363656,0.305986103687863,0.9205240174672967,False
test,UAV_0142,telemetry_07,87,11.0,140.5912754437698,140.5912754437698,0.0,0.0,0.0,False
test,UAV_0142,telemetry_08,87,,,,0.0,0.0,0.0,False
test,UAV_0142,telemetry_09,87,77.0,-156.00271409941823,-146.4246265316961,9.578087567722122,0.7311235229102234,0.9244055420725874,False
test,UAV_0142,telemetry_10,87,11.0,-63.176463761202655,-61.45437200996743,1.7220917512352258,1.0719047220927196,0.5235831140751409,False
test,UAV_0142,telemetry_11,87,38.0,62.630701521207016,62.78160799821379,0.15090647700677096,0.36217948717950876,0.32566371681417294,False
test,UAV_0142,telemetry_12,87,64.0,635.5964935958871,634.3313248620876,-1.2651687337994417,0.3064516129032107,0.6315789473684116,False
test,UAV_0142,telemetry_13,87,63.0,7136.133285947471,7140.080320165138,3.9470342176664417,0.5038290907208943,0.6445842541385378,False
test,UAV_0142,telemetry_14,87,,,,0.0,0.0,0.0,False
test,UAV_0142,telemetry_15,87,71.0,49916.38567340509,49939.26796768638,22.882294281283976,0.2520380434782209,0.8625336927223428,False
test,UAV_0142,telemetry_16,87,31.0,-696.3335106993333,-698.0678180856652,-1.7343073863319205,0.3333333333333333,1.0,False
test,UAV_0142,telemetry_17,87,,,,0.0,0.0,0.0,False
test,UAV_0142,telemetry_18,87,31.0,-103.32410073064281,-103.33149842222744,-0.007397691584628774,0.02815727467755895,0.6773958200420636,False
test,UAV_0142,telemetry_19,87,49.0,33505.72046515066,33506.05282885081,0.3323637001449242,0.17733455396846717,0.8521858281294966,False
test,UAV_0142,telemetry_20,87,,,,0.0,0.0,0.0,False
test,UAV_0142,telemetry_21,87,35.0,34962.23365689299,34962.748695052665,0.5150381596758962,0.2500000000026488,0.8571428571368027,False
test,UAV_0142,telemetry_22,87,72.0,23130.44749402244,23053.964606727222,-76.48288729521664,0.5748699698877491,0.8447619047619301,False
test,UAV_0142,telemetry_23,87,69.0,-17355.323318441115,-17346.148820462433,9.174497978681757,0.2649893149118917,0.7741223446729586,False
test,UAV_0142,telemetry_24,87,73.0,-3637.508213867397,-3642.729993658799,-5.2217797914017865,0.2557088272118138,0.7506197573401745,False
test,UAV_0142,telemetry_25,87,48.0,-172.64055298302304,-172.92919646292628,-0.2886434799032429,0.23170731707316822,0.6842105263158413,False
test,UAV_0142,telemetry_26,87,59.0,-7462.349932430896,-7465.79453911319,-3.444606682293852,0.07272727272727797,0.4166666666667327,False
test,UAV_0142,telemetry_27,87,,,,0.0,0.0,0.0,False
test,UAV_0142,telemetry_28,87,58.0,-9808.011541808968,-9833.838248608557,-25.826706799589374,0.2757832687290493,0.44418917138869735,False
test,UAV_0143,telemetry_01,133,35.0,92.67734890810004,80.00557029795087,-12.671778610149175,0.7790148507700457,0.5120685862186906,False
test,UAV_0143,telemetry_02,133,123.0,16.31503807890274,5.208008666200241,-11.1070294127025,1.0840644842507792,0.9769156653131142,False
test,UAV_0143,telemetry_03,133,,,,0.0,0.0,0.0,False
test,UAV_0143,telemetry_04,133,20.0,-125.92577030956471,-125.87385493854387,0.051915371020839984,1.216666666667255,0.5068493150684031,False
test,UAV_0143,telemetry_05,133,25.0,-113.52364398730025,-113.52849487680622,-0.00485088950597401,1.0856239436976447,0.4568025424497634,False
test,UAV_0143,telemetry_06,133,110.0,-137.86327901873565,-139.23777457313636,-1.3744955544007098,0.586584714056642,0.8423690205011298,False
test,UAV_0143,telemetry_07,133,11.0,140.5912754437698,140.5912754437698,0.0,0.0,0.0,False
test,UAV_0143,telemetry_08,133,,,,0.0,0.0,0.0,False
test,UAV_0143,telemetry_09,133,21.0,-154.1412391839351,-142.874378695409,11.266860488526106,0.8600325142431599,0.24106709349555236,False
test,UAV_0143,telemetry_10,133,65.0,-63.139306261946444,-61.587178793903675,1.5521274680427695,0.9661115681504747,0.7324873654738687,False
test,UAV_0143,telemetry_11,133,34.0,62.466440488712934,62.32114292501085,-0.14529756370208702,0.34871794871795153,0.9154411764705803,False
test,UAV_0143,telemetry_12,133,116.0,636.9282501577813,638.6595336882438,1.731283530462406,0.41935483870965967,0.6923076923076115,False
test,UAV_0143,telemetry_13,133,25.0,7129.8057846595475,7126.030204342393,-3.7755803171548905,0.481943427199498,0.2674747729150519,False
test,UAV_0143,telemetry_14,133,,,,0.0,0.0,0.0,False
test,UAV_0143,telemetry_15,133,11.0,49963.507163515336,49982.34959182513,18.842428309792012,0.2075407608695496,0.8183306055646248,False
test,UAV_0143,telemetry_16,133,12.0,-692.8648959266694,-691.1305885403375,1.7343073863319205,0.3333333333333333,0.0,False
test,UAV_0143,telemetry_17,133,,,,0.0,0.0,0.0,False
test,UAV_0143,telemetry_18,133,81.0,-102.97762716235091,-103.06720373262307,-0.0895765702721576,0.3409485330623407,0.07187228896000575,False
test,UAV_0143,telemetry_19,133,116.0,33503.22993104199,33503.75061995122,0.5206889092296478,0.27781654685606444,1.0185622983048235,False
test,UAV_0143,telemetry_20,133,,,,0.0,0.0,0.0,False
test,UAV_0143,telemetry_21,133,89.0,34959.58488921469,34960.320658014214,0.7357687995245215,0.35714285714058674,0.7999999999980222,False
test,UAV_0143,telemetry_22,133,122.0,22970.99888422317,22915.129956075143,-55.86892814802559,0.41992882562273454,0.5880052151238531,False
test,UAV_0143,telemetry_23,133,104.0,-17356.5715642749,-17368.209882658855,-11.638318383957085,0.3361524546037769,0.7607946411778188,False
test,UAV_0143,telemetry_24,133,22.0,-3638.3775329946147,-3643.394389993494,-5.0168569988791205,0.2456738259214063,0.8863229570243677,False
test,UAV_0143,telemetry_25,133,11.0,-170.84792505520295,-171.3340614424084,-0.4861363872054483,0.39024390243900936,0.9062500000000128,False
test,UAV_0143,telemetry_26,133,124.0,-7472.755515116992,-7482.012895575655,-9.257380458663647,0.19545454545453672,1.0,False
test,UAV_0143,telemetry_27,133,,,,0.0,0.0,0.0,False
test,UAV_0143,telemetry_28,133,114.0,-9717.707984926466,-9675.672535060472,42.03544986599445,0.4488638004255479,0.5831974867592236,False
test,UAV_0144,telemetry_01,146,20.0,101.46680811583283,82.62846870233955,-18.838339413493287,1.1581125758624016,0.7262550411521117,False
test,UAV_0144,telemetry_02,146,88.0,15.895344579595125,6.061694875585704,-9.83364970400942,0.9597805136347427,0.6078694792336119,False
test,UAV_0144,telemetry_03,146,,,,0.0,0.0,0.0,False
test,UAV_0144,telemetry_04,146,118.0,-125.87172143014575,-125.92434797063265,-0.052626540486897966,1.2333333333343768,0.5,False
test,UAV_0144,telemetry_05,146,57.0,-113.5268423781655,-113.52243998571305,0.004402392452448112,0.9852507772122137,0.3258974868958039,False
test,UAV_0144,telemetry_06,146,23.0,-137.72050681536282,-136.9383906661845,0.7821161491783357,0.3337787279529517,0.9399519615692622,False
test,UAV_0144,telemetry_07,146,11.0,140.5912754437698,140.5912754437698,0.0,0.0,0.0,False
test,UAV_0144,telemetry_08,146,,,,0.0,0.0,0.0,False
test,UAV_0144,telemetry_09,146,11.0,-161.77903091132174,-151.55162283422408,10.227408077097664,0.7806880622773874,0.7678526227304209,False
test,UAV_0144,telemetry_10,146,63.0,-61.39142642493374,-62.8312962857102,-1.4398698607764615,0.8962375563660995,0.7101070251770639,False
test,UAV_0144,telemetry_11,146,103.0,62.62642806345108,62.789620731506176,0.16319266805509614,0.39166666666665717,0.8248772504092048,False
test,UAV_0144,telemetry_12,146,15.0,634.8640274868453,637.3943649544442,2.5303374675988834,0.6129032258064214,0.3157894736842058,False
test,UAV_0144,telemetry_13,146,46.0,7139.174114149961,7134.298027475588,-4.876086674372345,0.6224203237026261,0.423413908247712,False
test,UAV_0144,telemetry_14,146,,,,0.0,0.0,0.0,False
test,UAV_0144,telemetry_15,146,126.0,49923.50940653039,49945.77492738092,22.2655208505239,0.2452445652173777,0.8739612188367692,False
test,UAV_0144,telemetry_16,146,32.0,-696.3335106993333,-694.5992033130013,1.7343073863319205,0.3333333333333333,0.0,False
test,UAV_0144,telemetry_17,146,,,,0.0,0.0,0.0,False
test,UAV_0144,telemetry_18,146,129.0,-103.32393269903454,-103.33121267687042,-0.007279977835878526,0.027709229727459532,0.9290472306682279,False
test,UAV_0144,telemetry_19,146,132.0,33505.5607313147,33506.152678803825,0.5919474891270511,0.3158369698957114,0.832456060394457,False
test,UAV_0144,telemetry_20,146,,,,0.0,0.0,0.0,False
test,UAV_0144,telemetry_21,146,130.0,34962.307233772946,34962.895848812565,0.588615039618162,0.28571428571176305,0.8750000000046354,False
test,UAV_0144,telemetry_22,146,24.0,23011.571234912157,23079.53174333734,67.96050842518162,0.5108130303859969,0.9796355841371887,False
test,UAV_0144,telemetry_23,146,18.0,-17355.743705933586,-17342.692188000023,13.051517933563446,0.37697024990485467,0.4982125266953344,False
test,UAV_0144,telemetry_24,146,35.0,-3640.249700805289,-3643.6242351120877,-3.374534306798523,0.1652498275393257,0.1973843102167535,False
test,UAV_0144,telemetry_25,146,15.0,-172.16960835791778,-172.53421064832187,-0.3646022904040933,0.2926829268292627,1.1666666666666148,False
test,UAV_0144,telemetry_26,146,123.0,-7465.79453911319,-7460.125290615248,5.669248497942135,0.11969696969698192,1.2025316455696142,False
test,UAV_0144,telemetry_27,146,,,,0.0,0.0,0.0,False
test,UAV_0144,telemetry_28,146,109.0,-9776.400064559672,-9817.516259665295,-41.116195105623774,0.43904779544368955,1.0891101098788745,False
test,UAV_0145,telemetry_01,88,35.0,94.82833899051107,81.67800555539259,-13.150333435118483,0.8084346604927444,0.8924013346988039,False
test,UAV_0145,telemetry_02,88,73.0,16.750649248256735,8.720837968612312,-8.029811279644424,0.7837228929585422,0.9011262936062454,False
test,UAV_0145,telemetry_03,88,,,,0.0,0.0,0.0,False
test,UAV_0145,telemetry_04,88,12.0,-125.9108357507779,-125.88025546373821,0.030580287039697396,0.716666666667588,0.5581395348838398,False
test,UAV_0145,telemetry_05,88,30.0,-113.52886854791856,-113.52323664942503,0.005631898493533072,1.2604129295306516,0.5063415976265382,False
test,UAV_0145,telemetry_06,88,13.0,-139.43502564358567,-138.41808679149148,1.0169388520941993,0.433992517370384,0.8983990147783061,False
test,UAV_0145,telemetry_07,88,11.0,140.5912754437698,140.5912754437698,0.0,0.0,0.0,False
test,UAV_0145,telemetry_08,88,,,,0.0,0.0,0.0,False
test,UAV_0145,telemetry_09,88,63.0,-161.55032926224732,-146.51165296343157,15.038676298815744,1.1479462802731013,0.9097068419285488,False
test,UAV_0145,telemetry_10,88,68.0,-61.88912403797195,-63.818910281352146,-1.9297862433801924,1.2011827972725997,0.5464389600208233,False
test,UAV_0145,telemetry_11,88,57.0,62.3857789735695,62.50890797516262,0.12312900159312079,0.2955128205128035,0.8524945770065268,False
test,UAV_0145,telemetry_12,88,21.0,638.126831063486,639.7915267658539,1.6646957023679079,0.4032258064516467,0.16000000000002185,False
test,UAV_0145,telemetry_13,88,52.0,7128.267118505593,7131.263424866116,2.9963063605227944,0.3824710468398093,1.16142746976196,False
test,UAV_0145,telemetry_14,88,,,,0.0,0.0,0.0,False
test,UAV_0145,telemetry_15,88,76.0,50008.71665599023,50027.92914835848,19.212492368249514,0.21161684782607154,0.9309791332261893,False
test,UAV_0145,telemetry_16,88,12.0,-694.5992033130013,-692.8648959266694,1.7343073863319205,0.3333333333333333,0.0,False
test,UAV_0145,telemetry_17,88,,,,0.0,0.0,0.0,False
test,UAV_0145,telemetry_18,88,63.0,-103.33183020798492,-103.32498042282032,0.006849785164604327,0.02607181985834449,0.7660753881672232,False
test,UAV_0145,telemetry_19,88,28.0,33503.85804433192,33504.24835791982,0.39031358790089143,0.2082540481648737,0.7733500468232966,False
test,UAV_0145,telemetry_20,88,,,,0.0,0.0,0.0,False
test,UAV_0145,telemetry_21,88,52.0,34960.394234894164,34961.1300036937,0.7357687995390734,0.35714285714765026,0.6999999999980222,False
test,UAV_0145,telemetry_22,88,28.0,22964.880253239553,23006.32669406906,41.44644082950617,0.3115247741582413,0.9191564147628001,False
test,UAV_0145,telemetry_23,88,57.0,-17369.294577346765,-17378.14788225264,-8.85330490587512,0.25571221522586557,0.2857534474187721,False
test,UAV_0145,telemetry_24,88,24.0,-3651.0359539293368,-3648.121443625967,2.9145103033697524,0.142722604426672,0.9896617813814031,False
test,UAV_0145,telemetry_25,88,68.0,-171.60751316021145,-171.3340614424084,0.27345171780305577,0.21951219512193565,0.49999999999994804,False
test,UAV_0145,telemetry_26,88,12.0,-7484.022249473661,-7476.702460273786,7.319789199875231,0.15454545454548246,0.6078431372547582,False
test,UAV_0145,telemetry_27,88,,,,0.0,0.0,0.0,False
test,UAV_0145,telemetry_28,88,48.0,-9710.657717756796,-9735.071701839242,-24.413984082446404,0.26069790411927773,0.7473636865956109,False
test,UAV_0146,telemetry_01,180,30.0,73.12032299165318,91.98053479834209,18.86021180668891,1.1594572110273202,0.7271988308560601,False
test,UAV_0146,telemetry_02,180,161.0,8.185314006633682,15.573422706158732,7.38810869952505,0.7210916573048463,0.42454327049677,False
test,UAV_0146,telemetry_03,180,,,,0.0,0.0,0.0,False
test,UAV_0146,telemetry_04,180,33.0,-125.87243259961181,-125.91794744543827,-0.04551484582646026,1.066666666666489,0.46874999999976585,False
test,UAV_0146,telemetry_05,180,44.0,-113.52722044631942,-113.52243618455071,0.004784261768705278,1.070712726527216,0.43500807505387656,False
test,UAV_0146,telemetry_06,180,147.0,-139.31229164419497,-140.5865961786849,-1.2743045344899429,0.5438268305718715,1.2894348894349483,False
test,UAV_0146,telemetry_07,180,150.0,140.5912754437698,140.67722414279535,0.08594869902555047,2.8695647601215146,1.0,False
test,UAV_0146,telemetry_08,180,,,,0.0,0.0,0.0,False
test,UAV_0146,telemetry_09,180,64.0,-145.24552230113022,-161.02052386501117,-15.775001563880949,1.2041521478845527,0.5674082493897102,False
test,UAV_0146,telemetry_10,180,139.0,-61.53244269254635,-62.80696685110961,-1.2745241585632598,0.7933192078791852,0.8454528802097122,False
test,UAV_0146,telemetry_11,180,158.0,62.1726402679918,61.92985444923225,-0.2427858187595504,0.582692307692305,1.213421342134189,False
test,UAV_0146,telemetry_12,180,169.0,641.9889250929791,645.1185530134305,3.129627920451412,0.758064516129034,1.0,False
test,UAV_0146,telemetry_13,180,168.0,7136.702993239029,7140.4904153476655,3.787422108636747,0.4834550023989493,0.4224980929755154,False
test,UAV_0146,telemetry_14,180,,,,0.0,0.0,0.0,False
test,UAV_0146,telemetry_15,180,165.0,50119.45832548363,50187.58095091135,68.12262542772078,0.7503396739131103,1.136260751471178,False
test,UAV_0146,telemetry_16,180,86.0,-694.5992033130013,-691.1305885403375,3.468614772663841,0.6666666666666666,0.0,False
test,UAV_0146,telemetry_17,180,,,,0.0,0.0,0.0,False
test,UAV_0146,telemetry_18,180,171.0,-103.0718021247522,-103.15008477254324,-0.07828264779104188,0.29796132903391115,1.0,False
test,UAV_0146,telemetry_19,180,169.0,33507.15653569013,33508.907471237646,1.7509355475194752,0.9342216800797098,1.119873600450224,False
test,UAV_0146,telemetry_20,180,,,,0.0,0.0,0.0,False
test,UAV_0146,telemetry_21,180,171.0,34964.146655771765,34965.76534713074,1.6186913589772303,0.7857142857205924,1.0,False
test,UAV_0146,telemetry_22,180,170.0,23089.146734883027,23189.23005597219,100.08332108916511,0.7522584177387952,0.9861717612809281,False
test,UAV_0146,telemetry_23,180,171.0,-17431.58384815039,-17461.353477125685,-29.769628975296655,0.8598436236702451,1.0,False
test,UAV_0146,telemetry_24,180,169.0,-3694.1919474201277,-3716.109229993573,-21.91728257344539,1.0732820697942784,1.0229136782964243,False
test,UAV_0146,telemetry_25,180,171.0,-172.83804589032525,-173.703976330035,-0.8659304397097571,0.6951219512195275,1.0,False
test,UAV_0146,telemetry_26,180,171.0,-7578.8924585151635,-7618.074859526254,-39.182401011090406,0.8272727272727413,1.0,False
test,UAV_0146,telemetry_27,180,,,,0.0,0.0,0.0,False
test,UAV_0146,telemetry_28,180,110.0,-9688.66439028631,-9738.778022216211,-50.11363192990029,0.5351244093471528,1.4340267403019717,False
test,UAV_0147,telemetry_01,56,20.0,90.36933133469734,79.47782625276884,-10.8915050819285,0.6695701106444633,0.6263885775029622,False
test,UAV_0147,telemetry_02,56,47.0,6.918698782309505,14.80851855444172,7.889819772132215,0.7700594897431737,1.0,False
test,UAV_0147,telemetry_03,56,,,,0.0,0.0,0.0,False
test,UAV_0147,telemetry_04,56,46.0,-125.9015905477194,-125.88096663320425,0.02062391451514145,0.4833333333338773,0.8620689655177641,False
test,UAV_0147,telemetry_05,56,15.0,-113.52364561771043,-113.52793467465,-0.004289056939569491,0.9598864092337726,0.7527991865246083,False
test,UAV_0147,telemetry_06,56,46.0,-138.2540239963876,-137.36420250080516,0.8898214955824244,0.37974345269908605,1.0021111893032957,False
test,UAV_0147,telemetry_07,56,11.0,140.5912754437698,140.5912754437698,0.0,0.0,0.0,False
test,UAV_0147,telemetry_08,56,,,,0.0,0.0,0.0,False
test,UAV_0147,telemetry_09,56,37.0,-152.4501135534917,-145.67398681128958,6.776126742202109,0.5172416330939011,0.763566982433572,False
test,UAV_0147,telemetry_10,56,31.0,-63.042315572649684,-61.637208177028505,1.4051073956211795,0.874599887801226,0.6930312811861528,False
test,UAV_0147,telemetry_11,56,40.0,62.468043035371416,62.64752826112105,0.17948522574963732,0.43076923076923523,0.8824404761904697,False
test,UAV_0147,telemetry_12,56,14.0,636.1291962206449,638.1934188915808,2.0642226709359193,0.49999999999997247,0.5161290322579863,False
test,UAV_0147,telemetry_13,56,11.0,7133.818441434305,7130.7117966327905,-3.1066448015144488,0.3965554741162602,0.34862965776165183,False
test,UAV_0147,telemetry_14,56,,,,0.0,0.0,0.0,False
test,UAV_0147,telemetry_15,56,30.0,49959.49813621539,49973.06715169216,13.569015476765344,0.14945652173903157,0.8909090909090129,False
test,UAV_0147,telemetry_16,56,20.0,-694.5992033130013,-696.3335106993333,-1.7343073863319205,0.3333333333333333,0.0,False
test,UAV_0147,telemetry_17,56,,,,0.0,0.0,0.0,False
test,UAV_0147,telemetry_18,56,22.0,-103.33055677704223,-103.32550284740071,0.005053929641519517,0.019236390634750033,0.8632138775891771,False
test,UAV_0147,telemetry_19,56,19.0,33504.649776514794,33504.94146647307,0.29168995827785693,0.1556328462636852,0.7067669353711764,False
test,UAV_0147,telemetry_20,56,,,,0.0,0.0,0.0,False
test,UAV_0147,telemetry_21,56,11.0,34961.20358057365,34961.571464973415,0.3678843997622607,0.17857142857029337,1.2000000000118667,False
test,UAV_0147,telemetry_22,56,20.0,22965.317298309812,23035.90007715654,70.58277884672862,0.5305228579249808,0.7874097007224318,False
test,UAV_0147,telemetry_23,56,19.0,-17348.10811952844,-17357.635878435423,-9.527758906984673,0.2751926384717906,0.9802767879053245,False
test,UAV_0147,telemetry_24,56,47.0,-3642.7284996825983,-3646.2367615259823,-3.5082618433839343,0.17179842072253246,1.0,False
test,UAV_0147,telemetry_25,56,43.0,-171.8505813538142,-172.27595069261895,-0.4253693388047566,0.34146341463412466,0.8571428571428286,False
test,UAV_0147,telemetry_26,56,27.0,-7475.769545963998,-7471.966126085633,3.8034198783652755,0.08030303030301808,0.5660377358487949,False
test,UAV_0147,telemetry_27,56,,,,0.0,0.0,0.0,False
test,UAV_0147,telemetry_28,56,44.0,-9766.197872610708,-9734.09173685702,32.10613575368734,0.34283639540722516,0.835228889665874,False
test,UAV_0148,telemetry_01,179,121.0,82.6540924517323,97.89804950781364,15.243957056081342,0.9371430243957202,0.5233097826435253,False
test,UAV_0148,telemetry_02,179,163.0,8.456260818712359,18.795762976678994,10.339502157966635,1.009152551758543,0.7966344120378657,False
test,UAV_0148,telemetry_03,179,,,,0.0,0.0,0.0,False
test,UAV_0148,telemetry_04,179,13.0,-125.91439159810811,-125.86958792174764,0.04480367636047333,1.0500000000010323,0.46031746031784293,False
test,UAV_0148,telemetry_05,179,22.0,-113.52322725614798,-113.52856603060016,-0.005338774452184225,1.1948120789299883,0.5088784014298539,False
test,UAV_0148,telemetry_06,179,12.0,-136.4130140055274,-137.39488600065283,-0.9818719951254309,0.4190272581507144,0.37181122448980286,False
test,UAV_0148,telemetry_07,179,11.0,140.5912754437698,140.5912754437698,0.0,0.0,0.0,False
test,UAV_0148,telemetry_08,179,,,,0.0,0.0,0.0,False
test,UAV_0148,telemetry_09,179,167.0,-149.94765453365866,-161.21551348436293,-11.267858950704266,0.8601087297903687,0.6870494470680879,False
test,UAV_0148,telemetry_10,179,80.0,-63.296570277221534,-61.915773215004975,1.3807970622165584,0.8594680801299039,0.6952987050475412,False
test,UAV_0148,telemetry_11,179,151.0,62.68465392537581,62.83876549569954,0.15411157032372813,0.36987179487181504,0.6585788561524919,False
test,UAV_0148,telemetry_12,179,41.0,634.7308518306559,636.1957840487395,1.464932218083618,0.35483870967741493,0.3181818181818923,False
test,UAV_0148,telemetry_13,179,132.0,7135.103425080722,7138.943492698461,3.840067617738896,0.490175070561205,0.947615467932872,False
test,UAV_0148,telemetry_14,179,,,,0.0,0.0,0.0,False
test,UAV_0148,telemetry_15,179,158.0,50011.245427056354,50034.89868812609,23.65326106973953,0.260529891304335,0.4367666232072434,False
test,UAV_0148,telemetry_16,179,104.0,-695.4663570061673,-698.0678180856652,-2.6014610794978807,0.5,1.0,False
test,UAV_0148,telemetry_17,179,,,,0.0,0.0,0.0,False
test,UAV_0148,telemetry_18,179,152.0,-103.33071867160969,-103.32186751270646,0.00885115890322652,0.03368949754146542,0.4782177624146198,False
test,UAV_0148,telemetry_19,179,96.0,33505.19257891558,33505.91125756773,0.7186786521488102,0.38345510707064734,0.7442740963249329,False
test,UAV_0148,telemetry_20,179,,,,0.0,0.0,0.0,False
test,UAV_0148,telemetry_21,179,65.0,34962.23365689299,34961.571464973415,-0.6621919195749797,0.32142857142794073,0.0,False
test,UAV_0148,telemetry_22,179,29.0,23030.072809553098,23104.661834877195,74.58902532409775,0.5606350944429153,0.7539062500000181,False
test,UAV_0148,telemetry_23,179,159.0,-17376.122401682816,-17392.366172633017,-16.243770950200997,0.4691728905147063,0.6587334020426309,False
test,UAV_0148,telemetry_24,179,21.0,-3644.9587362777156,-3640.504212447638,4.454523830077505,0.21813655685974742,1.037437372846528,False
test,UAV_0148,telemetry_25,179,151.0,-172.7317035556241,-173.17226465652902,-0.4405611009049153,0.3536585365853344,0.8620689655172102,False
test,UAV_0148,telemetry_26,179,165.0,-7461.27349284268,-7454.81485531338,6.4586375293001765,0.1363636363636294,0.9666666666667417,False
test,UAV_0148,telemetry_27,179,,,,0.0,0.0,0.0,False
test,UAV_0148,telemetry_28,179,108.0,-9768.850069958597,-9819.897790322651,-51.04772036405484,0.5450988115677733,0.9742141798934578,False
test,UAV_0149,telemetry_01,211,19.0,96.79136404914178,83.00622660313883,-13.785137446002949,0.8474601017525303,0.8032132233103124,False
test,UAV_0149,telemetry_02,211,110.0,15.281781320372922,7.383993487133423,-7.897787833239499,0.7708371857169386,0.645019707286532,False
test,UAV_0149,telemetry_03,211,,,,0.0,0.0,0.0,False
test,UAV_0149,telemetry_04,211,76.0,-125.92434797063264,-125.87385493854387,0.050493032088766654,1.1833333333340106,0.7323943661973457,False
test,UAV_0149,telemetry_05,211,117.0,-113.52282787428155,-113.52853211284753,-0.005704238565982678,1.2766025612762104,0.6757400894833108,False
test,UAV_0149,telemetry_06,211,113.0,-138.16134730297017,-136.62216275959113,1.5391845433790365,0.6568679850347351,0.012205044751836331,False
test,UAV_0149,telemetry_07,211,11.0,140.5912754437698,140.5912754437698,0.0,0.0,0.0,False
test,UAV_0149,telemetry_08,211,,,,0.0,0.0,0.0,False
test,UAV_0149,telemetry_09,211,39.0,-160.22187462202967,-145.05993745877316,15.16193716325651,1.157355143661508,0.487504790181969,False
test,UAV_0149,telemetry_10,211,117.0,-63.03500686354269,-61.693771972985914,1.3412348905567768,0.8348428657138051,0.5740175852457144,False
test,UAV_0149,telemetry_11,211,126.0,62.65821190551091,62.37456114696015,-0.28365075855076327,0.680769230769231,0.8361581920904138,False
test,UAV_0149,telemetry_12,211,166.0,636.5953110173077,639.0590606568119,2.463749639504158,0.5967741935483534,0.7027027027027588,False
test,UAV_0149,telemetry_13,211,127.0,7131.635722988811,7126.564110808982,-5.071612179828662,0.6473786676627251,0.5483408694810991,False
test,UAV_0149,telemetry_14,211,,,,0.0,0.0,0.0,False
test,UAV_0149,telemetry_15,211,127.0,49891.34467211613,49948.4270531332,57.082381017069565,0.6287364130435118,1.236088600756178,False
test,UAV_0149,telemetry_16,211,11.0,-692.8648959266694,-691.1305885403375,1.7343073863319205,0.3333333333333333,1.0,False
test,UAV_0149,telemetry_17,211,,,,0.0,0.0,0.0,False
test,UAV_0149,telemetry_18,211,179.0,-103.0673729035387,-102.98208255966179,0.08529034387690615,0.32463419330369625,1.0134313236096337,False
test,UAV_0149,telemetry_19,211,126.0,33494.956086029,33503.04110054381,8.085014514806971,4.313805756124097,0.9959446829805162,True
test,UAV_0149,telemetry_20,211,,,,0.0,0.0,0.0,False
test,UAV_0149,telemetry_21,211,123.0,34951.1235480201,34959.437735454776,8.314187434676569,4.035714285712646,1.0176991150451926,True
test,UAV_0149,telemetry_22,211,110.0,23001.300675761086,22923.069608184836,-78.23106757624919,0.5880098549137475,0.8556797020484049,False
test,UAV_0149,telemetry_23,211,123.0,-17330.27317350437,-17349.875555993334,-19.602382488963485,0.566180505839259,1.1602516074882159,False
test,UAV_0149,telemetry_24,211,128.0,-3621.8242153894553,-3638.005673375327,-16.18145798587193,0.7924006391379774,1.057580359169122,False
test,UAV_0149,telemetry_25,211,125.0,-171.60751316021145,-170.81754153100258,0.7899716292088783,0.6341463414634102,0.67307692307693,False
test,UAV_0149,telemetry_26,211,127.0,-7430.48732061968,-7452.805501415374,-22.31818079569439,0.47121212121212996,1.2411575562701067,False
test,UAV_0149,telemetry_27,211,,,,0.0,0.0,0.0,False
test,UAV_0149,telemetry_28,211,87.0,-9737.980052839703,-9694.696759033117,43.28329380658579,0.46218855311161194,0.9384726183643148,False
test,UAV_0150,telemetry_01,147,116.0,98.13477325993327,79.32854015619401,-18.80623310373926,1.1561387967370482,0.7035170925316936,False
test,UAV_0150,telemetry_02,147,104.0,14.641937387571947,4.010914152537257,-10.63102323503469,1.037605492172889,0.3176024479796784,False
test,UAV_0150,telemetry_03,147,,,,0.0,0.0,0.0,False
test,UAV_0150,telemetry_04,147,75.0,-125.9087022423798,-125.86887675228161,0.03982549009819536,0.933333333334177,0.26785714285743595,False
test,UAV_0150,telemetry_05,147,72.0,-113.52413972943725,-113.52851659522186,-0.004376865784607276,0.9795379359329597,0.4889312353646433,False
test,UAV_0150,telemetry_06,147,50.0,-136.6710058817976,-138.011060773104,-1.3400548913063801,0.5718866916087507,0.24906542056073697,False
test,UAV_0150,telemetry_07,147,11.0,140.5912754437698,140.5912754437698,0.0,0.0,0.0,False
test,UAV_0150,telemetry_08,147,,,,0.0,0.0,0.0,False
test,UAV_0150,telemetry_09,147,23.0,-160.25688656100453,-147.3603534682163,12.896533092788246,0.9844302050341386,0.6348981623384377,False
test,UAV_0150,telemetry_10,147,103.0,-63.280350013836006,-61.45950648869657,1.8208435251394377,1.1333721164327895,0.40999041166390043,False
test,UAV_0150,telemetry_11,147,32.0,62.553512190490295,62.71430103855768,0.16078884806738358,0.38589743589744024,1.2209302325580624,False
test,UAV_0150,telemetry_12,147,136.0,633.7986222373299,632.3336900192463,-1.464932218083618,0.35483870967741493,1.3181818181818146,False
test,UAV_0150,telemetry_13,147,29.0,7139.269318687816,7132.934326532784,-6.334992155031614,0.808645975985635,0.22575968465314836,False
test,UAV_0150,telemetry_14,147,,,,0.0,0.0,0.0,False
test,UAV_0150,telemetry_15,147,11.0,49998.47821703957,50031.62978894306,33.15157190348691,0.3651494565217854,0.005581395348836801,False
test,UAV_0150,telemetry_16,147,120.0,-698.0678180856652,-699.8021254719972,-1.7343073863320342,0.3333333333333552,1.0,False
test,UAV_0150,telemetry_17,147,,,,0.0,0.0,0.0,False
test,UAV_0150,telemetry_18,147,129.0,-103.32623920612727,-103.33414315780361,-0.00790395167634017,0.03008421422316307,0.5140952421520841,False
test,UAV_0150,telemetry_19,147,126.0,33505.94085027529,33506.67385897816,0.7330087028676644,0.391100987626994,1.1839987040167346,False
test,UAV_0150,telemetry_20,147,,,,0.0,0.0,0.0,False
test,UAV_0150,telemetry_21,147,92.0,34962.08650313308,34962.822271932615,0.7357687995317974,0.3571428571441185,1.2,False
test,UAV_0150,telemetry_22,147,110.0,23069.33402503131,23155.723267252382,86.3892422210738,0.649329318368452,1.179595278246162,False
test,UAV_0150,telemetry_23,147,120.0,-17372.67603040865,-17380.22147895536,-7.545448546712578,0.21793707358618755,0.5910812122025666,False
test,UAV_0150,telemetry_24,147,113.0,-3640.2815900436635,-3634.900442148019,5.381147895644517,0.26351303050242003,1.1594755318337673,False
test,UAV_0150,telemetry_25,147,128.0,-173.20264818072937,-173.62801751953413,-0.4253693388047566,0.34146341463412466,1.1785714285714979,False
test,UAV_0150,telemetry_26,147,104.0,-7464.933387442617,-7455.891294901596,9.042092541020793,0.19090909090909267,1.1746031746032737,False
test,UAV_0150,telemetry_27,147,,,,0.0,0.0,0.0,False
test,UAV_0150,telemetry_28,147,97.0,-9790.602073305841,-9831.534203080268,-40.93212977442636,0.4370823052597794,1.5174182705349848,False
test,UAV_0151,telemetry_01,118,36.0,94.3724228383122,78.47931982005943,-15.893103018252773,0.977050156646589,0.5290512644712076,False
test,UAV_0151,telemetry_02,118,103.0,5.889509629983591,18.040846823935,12.151337193951408,1.1859906549858594,0.6589974096835274,False
test,UAV_0151,telemetry_03,118,,,,0.0,0.0,0.0,False
test,UAV_0151,telemetry_04,118,50.0,-125.87954429427216,-125.91652510650621,-0.0369808122340487,0.866666666667688,0.5384615384617749,False
test,UAV_0151,telemetry_05,118,95.0,-113.52457038256779,-113.52895650467322,-0.00438612210542999,0.9816094907484859,0.3292198161246873,False
test,UAV_0151,telemetry_06,118,70.0,-138.03235136483508,-137.39989555164837,0.6324558131867093,0.26990913949761064,1.1386138613860277,False
test,UAV_0151,telemetry_07,118,11.0,140.5912754437698,140.5912754437698,0.0,0.0,0.0,False
test,UAV_0151,telemetry_08,118,,,,0.0,0.0,0.0,False
test,UAV_0151,telemetry_09,118,77.0,-141.48113806645526,-158.6953122464497,-17.214174179994444,1.3140084157176792,0.7758343922892665,False
test,UAV_0151,telemetry_10,118,109.0,-61.38420244045556,-63.35326131223597,-1.9690588717804118,1.2256277873847656,1.0,False
test,UAV_0151,telemetry_11,118,102.0,62.53855508834449,62.65554099441344,0.11698590606895465,0.2807692307692207,1.194063926940625,False
test,UAV_0151,telemetry_12,118,79.0,637.9936554072967,635.7296692520765,-2.263986155220209,0.5483870967742042,0.7941176470588324,False
test,UAV_0151,telemetry_13,118,72.0,7132.7085552011895,7135.979807114656,3.2712519134665854,0.41756716212490114,0.8260715030234055,False
test,UAV_0151,telemetry_14,118,,,,0.0,0.0,0.0,False
test,UAV_0151,telemetry_15,118,39.0,49991.60119328657,50011.862200487114,20.261007200540917,0.223165760869497,0.4398782343987009,False
test,UAV_0151,telemetry_16,118,50.0,-696.3335106993333,-693.7320496198354,2.6014610794978807,0.5,0.0,False
test,UAV_0151,telemetry_17,118,,,,0.0,0.0,0.0,False
test,UAV_0151,telemetry_18,118,84.0,-103.32618641744128,-103.33088693504368,-0.004700517602401533,0.017891225086016135,0.592683636156296,False
test,UAV_0151,telemetry_19,118,59.0,33504.53255059502,33505.00599988761,0.4734492925927043,0.25261157909845144,0.9242861484725008,False
test,UAV_0151,telemetry_20,118,,,,0.0,0.0,0.0,False
test,UAV_0151,telemetry_21,118,108.0,34961.35073433356,34962.3808106529,1.0300763193445164,0.5000000000017659,1.0,False
test,UAV_0151,telemetry_22,118,41.0,23048.355861658907,22984.328758866053,-64.02710279285384,0.4812482890774664,0.4744027303754307,False
test,UAV_0151,telemetry_23,118,98.0,-17364.204069758904,-17371.98333320672,-7.779263447817357,0.2246904077308913,1.0864833721440221,False
test,UAV_0151,telemetry_24,118,57.0,-3646.682789111312,-3640.784688038543,5.898101072768895,0.28882805639906156,0.6420818225486827,False
test,UAV_0151,telemetry_25,118,107.0,-172.19999188211813,-172.65574474512323,-0.4557528630051024,0.365853658536567,1.0,False
test,UAV_0151,telemetry_26,118,83.0,-7475.482495407141,-7467.229791897479,8.252703509661842,0.17424242424242598,0.9391304347826394,False
test,UAV_0151,telemetry_27,118,,,,0.0,0.0,0.0,False
test,UAV_0151,telemetry_28,118,17.0,-9755.972075682515,-9734.147859973058,21.82421570945735,0.23304378651550373,0.3182964729345852,False
test,UAV_0152,telemetry_01,38,28.0,81.54560227209956,95.35164209036766,13.806039818268104,0.8487451035594462,0.7786516345758552,False
test,UAV_0152,telemetry_02,38,17.0,1.8303874362757464,13.312580252636135,11.482192816360389,1.1206810544050847,0.962593202255784,False
test,UAV_0152,telemetry_03,38,,,,0.0,0.0,0.0,False
test,UAV_0152,telemetry_04,38,17.0,-125.87812195534009,-125.8980347003892,-0.01991274504911189,0.46666666666742157,0.7142857142847967,False
test,UAV_0152,telemetry_05,38,23.0,-113.52586104532192,-113.52894948870207,-0.003088443380150352,0.6911903637707127,0.6950498570376934,False
test,UAV_0152,telemetry_06,38,11.0,-138.47757520956347,-139.0342615639426,-0.5566863543791385,0.23757349011223025,0.30258717660302764,False
test,UAV_0152,telemetry_07,38,11.0,140.5912754437698,140.5912754437698,0.0,0.0,0.0,False
test,UAV_0152,telemetry_08,38,,,,0.0,0.0,0.0,False
test,UAV_0152,telemetry_09,38,22.0,-165.15971724077247,-147.34086505568746,17.818852185085007,1.360165261766778,1.0142737547497283,False
test,UAV_0152,telemetry_10,38,17.0,-61.67003026026602,-62.645349855297994,-0.9753195950319764,0.6070812886214988,1.0,False
test,UAV_0152,telemetry_11,38,20.0,62.357467315936375,62.43492373776285,0.07745642182647572,0.1858974358974266,0.6793103448274239,False
test,UAV_0152,telemetry_12,38,19.0,639.3254119691909,637.9936554072966,-1.3317565618942808,0.3225806451613063,0.7500000000000426,False
test,UAV_0152,telemetry_13,38,20.0,7130.284353052156,7132.37369184783,2.089338795673939,0.26669889531756996,0.708254555047955,False
test,UAV_0152,telemetry_14,38,,,,0.0,0.0,0.0,False
test,UAV_0152,telemetry_15,38,28.0,50086.15256022246,50106.04350336455,19.89094314209069,0.21908967391305517,0.7395348837209302,False
test,UAV_0152,telemetry_16,38,11.0,-692.8648959266694,-694.5992033130013,-1.7343073863319205,0.3333333333333333,1.0,False
test,UAV_0152,telemetry_17,38,,,,0.0,0.0,0.0,False
test,UAV_0152,telemetry_18,38,18.0,-103.3273396056197,-103.3234770006122,0.003862605007498132,0.014701941669618456,0.3568102995896605,False
test,UAV_0152,telemetry_19,38,29.0,33503.525282065166,33504.10192087903,0.5766388138654293,0.30766893861496664,1.0,False
test,UAV_0152,telemetry_20,38,,,,0.0,0.0,0.0,False
test,UAV_0152,telemetry_21,38,25.0,34960.614965534034,34960.17350425431,-0.4414612797263544,0.21428571429000284,1.0,False
test,UAV_0152,telemetry_22,38,29.0,23003.340219422294,22959.854234931583,-43.48598449071142,0.3268546400219106,1.0,False
test,UAV_0152,telemetry_23,38,15.0,-17397.669105174995,-17403.63996082169,-5.970855646693963,0.17245771386420583,0.5404864030758051,False
test,UAV_0152,telemetry_24,38,28.0,-3647.6786317056544,-3650.533067327592,-2.8544356219376823,0.13978076717045287,0.8219639982702059,False
test,UAV_0152,telemetry_25,38,27.0,-171.34925320450856,-171.653088446512,-0.30383524200343004,0.2439024390244008,1.0,False
test,UAV_0152,telemetry_26,38,17.0,-7477.994187779646,-7482.874047246229,-4.879859466582275,0.10303030303029605,0.6764705882354586,False
test,UAV_0152,telemetry_27,38,,,,0.0,0.0,0.0,False
test,UAV_0152,telemetry_28,38,28.0,-9706.43353830326,-9731.765488661607,-25.331950358347967,0.2705001503799272,0.9967564830837757,False
test,UAV_0153,telemetry_01,108,72.0,90.57818306878224,75.64457270029322,-14.933610368489013,0.9180640390409666,0.45140251019190647,False
test,UAV_0153,telemetry_02,108,73.0,15.827932672282731,6.579866142174799,-9.248066530107932,0.90262662506437,0.5487674645995017,False
test,UAV_0153,telemetry_03,108,,,,0.0,0.0,0.0,False
test,UAV_0153,telemetry_04,108,17.0,-125.92079212330245,-125.87812195534009,0.04267016796235623,1.0000000000009992,0.6499999999997835,False
test,UAV_0153,telemetry_05,108,14.0,-113.5757693554711,-113.56757192288609,0.008197432585006936,1.8345767472483197,2.889418837973045,False
test,UAV_0153,telemetry_06,108,81.0,-138.13316857862026,-137.15881090998812,0.9743576686321376,0.41582041688936267,0.5443444730077263,False
test,UAV_0153,telemetry_07,108,72.0,140.78654100709923,140.80518406509395,0.018643057994722767,0.6224348111034772,1.412698843187014,False
test,UAV_0153,telemetry_08,108,,,,0.0,0.0,0.0,False
test,UAV_0153,telemetry_09,108,65.0,-145.5868027646784,-158.99241334608888,-13.405610581410485,1.0232895832016633,0.567847560974896,False
test,UAV_0153,telemetry_10,108,65.0,-62.52542178717208,-61.14563810598972,1.37978368118236,0.8588373077479694,0.24450310369534609,False
test,UAV_0153,telemetry_11,108,46.0,62.61200514352477,62.461632848737494,-0.15037229478727454,0.3608974358974492,0.4049733570159894,False
test,UAV_0153,telemetry_12,108,44.0,636.1291962206448,638.0602432353915,1.9310470147466958,0.4677419354838914,0.3448275862068986,False
test,UAV_0153,telemetry_13,108,78.0,7135.791761609391,7130.574402726521,-5.21735888287003,0.6659828714317806,0.4388039991148548,False
test,UAV_0153,telemetry_14,108,,,,0.0,0.0,0.0,False
test,UAV_0153,telemetry_15,108,59.0,49981.64030237976,50005.69446617949,24.054163799730304,0.2649456521738471,0.7064102564100668,False
test,UAV_0153,telemetry_16,108,13.0,-694.5992033130013,-696.3335106993333,-1.7343073863319205,0.3333333333333333,0.0,False
test,UAV_0153,telemetry_17,108,,,,0.0,0.0,0.0,False
test,UAV_0153,telemetry_18,108,94.0,-103.32422690523559,-103.33321578812098,-0.008988882885390126,0.03421370593148882,0.666945783613838,False
test,UAV_0153,telemetry_19,108,91.0,33504.64818266076,33505.28522387674,0.6370412159740226,0.33989698587729034,0.8225810648732846,False
test,UAV_0153,telemetry_20,108,,,,0.0,0.0,0.0,False
test,UAV_0153,telemetry_21,108,38.0,34960.98284993379,34961.64504185337,0.6621919195822557,0.3214285714314725,0.7777777777789986,False
test,UAV_0153,telemetry_22,108,17.0,23651.588170431263,23811.35291211461,159.76474168334607,1.200843162289628,1.6223521487301695,False
test,UAV_0153,telemetry_23,108,32.0,-17369.470398914127,-17358.112783787175,11.357615126951714,0.3280448323730859,0.16912369891228551,False
test,UAV_0153,telemetry_24,108,99.0,-3646.6696632253875,-3643.3263436511415,3.3433195742459247,0.1637212524228686,1.0,False
test,UAV_0153,telemetry_25,108,67.0,-171.744239019113,-172.27595069261895,-0.5317116735059528,0.4268292682926615,1.0285714285714607,False
test,UAV_0153,telemetry_26,108,24.0,-7472.827277756206,-7476.774222913,-3.946945156793845,0.08333333333331414,0.0,False
test,UAV_0153,telemetry_27,108,,,,0.0,0.0,0.0,False
test,UAV_0153,telemetry_28,108,78.0,-9733.16487985889,-9782.462463774835,-49.297583915944415,0.5264104687555409,0.8942014270974565,False
test,UAV_0154,telemetry_01,50,25.0,95.07434715450569,83.25906889758147,-11.815278256924216,0.7263603248838665,0.9628050447645105,False
test,UAV_0154,telemetry_02,50,34.0,17.067325122001463,9.144763106728977,-7.9225620152724865,0.7732551869547503,0.7935922029696354,False
test,UAV_0154,telemetry_03,50,,,,0.0,0.0,0.0,False
test,UAV_0154,telemetry_04,50,29.0,-125.92577030956471,-125.87883312480614,0.04693718475857622,1.1000000000007326,0.7424242424243434,False
test,UAV_0154,telemetry_05,50,21.0,-113.52764612507792,-113.52460980915197,0.0030363159259536587,0.6795242946239637,0.6064685047178922,False
test,UAV_0154,telemetry_06,50,17.0,-138.0480062116961,-137.0767795124362,0.9712266992599154,0.414484233030459,0.48678272082527474,False
test,UAV_0154,telemetry_07,50,11.0,140.5912754437698,140.5912754437698,0.0,0.0,0.0,False
test,UAV_0154,telemetry_08,50,,,,0.0,0.0,0.0,False
test,UAV_0154,telemetry_09,50,39.0,-157.11788676865825,-149.97660659540796,7.141280173250294,0.5451148657223428,1.0,False
test,UAV_0154,telemetry_10,50,17.0,-62.70632560662223,-61.83368763360064,0.8726379730215896,0.5431677860882419,0.7876433987576038,False
test,UAV_0154,telemetry_11,50,40.0,62.564195834880145,62.46457085094471,-0.09962498393543484,0.23910256410255762,1.0697050938338046,False
test,UAV_0154,telemetry_12,50,29.0,637.3277771263495,636.1291962206448,-1.1985809057047163,0.29032258064514266,0.7222222222222381,False
test,UAV_0154,telemetry_13,50,12.0,7129.856455940078,7134.8000122457415,4.943556305663151,0.6310326541537713,0.7341640443853944,False
test,UAV_0154,telemetry_14,50,,,,0.0,0.0,0.0,False
test,UAV_0154,telemetry_15,50,38.0,49947.87195704551,49973.036313020624,25.16435597511736,0.2771739130435732,0.7659313725488945,False
test,UAV_0154,telemetry_16,50,12.0,-696.3335106993333,-694.5992033130013,1.7343073863319205,0.3333333333333333,1.0,False
test,UAV_0154,telemetry_17,50,,,,0.0,0.0,0.0,False
test,UAV_0154,telemetry_18,50,25.0,-103.32451506167652,-103.32804072854628,-0.0035256668697627447,0.01341947948732452,1.0,False
test,UAV_0154,telemetry_19,50,38.0,33505.32125372617,33504.463481989915,-0.8577717362568364,0.45766901797499676,0.8298076207121539,False
test,UAV_0154,telemetry_20,50,,,,0.0,0.0,0.0,False
test,UAV_0154,telemetry_21,50,11.0,34961.64504185337,34961.35073433356,-0.29430751981271897,0.1428571428576474,0.5,False
test,UAV_0154,telemetry_22,50,41.0,23089.72946164337,23010.47862223651,-79.25083940685727,0.5956747878456231,1.0,False
test,UAV_0154,telemetry_23,50,20.0,-17359.952474053698,-17353.077963561936,6.874510491761612,0.19855820229067936,0.9939289121405841,False
test,UAV_0154,telemetry_24,50,14.0,-3647.3704158274495,-3644.4152134661435,2.9552023613059646,0.1447152810287833,0.80897865080157,False
test,UAV_0154,telemetry_25,50,26.0,-171.82019782961385,-172.13922483371744,-0.31902700410358875,0.2560975609756106,0.904761904761892,False
test,UAV_0154,telemetry_26,50,18.0,-7472.468464560134,-7475.841308603212,-3.3728440430786577,0.07121212121211073,0.44680851063868227,False
test,UAV_0154,telemetry_27,50,,,,0.0,0.0,0.0,False
test,UAV_0154,telemetry_28,50,15.0,-9765.423200370757,-9733.929120690302,31.494079680454888,0.33630072572888287,0.6463803334787809,False
test,UAV_0155,telemetry_01,203,38.0,82.29281865179044,97.55054191575054,15.257723263960102,0.9379893207765417,0.34673672030470565,False
test,UAV_0155,telemetry_02,203,14.0,4.792125981680312,17.913350804315098,13.121224822634787,1.2806532954545526,0.5068261253181204,False
test,UAV_0155,telemetry_03,203,,,,0.0,0.0,0.0,False
test,UAV_0155,telemetry_04,203,91.0,-125.92505914009868,-125.88381131106843,0.04124782903025448,0.9666666666670886,0.6896551724140664,False
test,UAV_0155,telemetry_05,203,184.0,-113.52279076771671,-113.5271897747241,-0.004399007007393152,0.9844931181875728,0.9076853593043355,False
test,UAV_0155,telemetry_06,203,137.0,-137.80504298841248,-136.74364437123293,1.0613986171795489,0.4529663281667282,1.0979351032448572,False
test,UAV_0155,telemetry_07,203,11.0,140.5912754437698,140.5912754437698,0.0,0.0,0.0,False
test,UAV_0155,telemetry_08,203,,,,0.0,0.0,0.0,False
test,UAV_0155,telemetry_09,203,70.0,-156.99858505035587,-144.03488859068793,12.963696459667943,0.9895569818626443,0.35022976082388424,False
test,UAV_0155,telemetry_10,203,150.0,-61.95145261170286,-63.31943694446106,-1.3679843327581978,0.8514928806671215,0.5433176589188506,False
test,UAV_0155,telemetry_11,203,75.0,62.5265359884059,62.67583991875418,0.1493039303482817,0.35833333333333006,0.905187835420351,False
test,UAV_0155,telemetry_12,203,155.0,636.5953110173077,634.7974396587506,-1.7978713585571313,0.4354838709677277,1.0740740740740928,False
test,UAV_0155,telemetry_13,203,117.0,7131.8177232254475,7138.045890575282,6.228167349834621,0.795010055570266,0.9913672852564055,False
test,UAV_0155,telemetry_14,203,,,,0.0,0.0,0.0,False
test,UAV_0155,telemetry_15,203,194.0,49970.229993910645,49943.61622037325,-26.613773537392262,0.2931385869564305,1.0,False
test,UAV_0155,telemetry_16,203,28.0,-695.4663570061673,-692.8648959266694,2.6014610794978807,0.5,0.3333333333333333,False
test,UAV_0155,telemetry_17,203,,,,0.0,0.0,0.0,False
test,UAV_0155,telemetry_18,203,150.0,-103.32081014563249,-103.33053217678068,-0.009722031148186261,0.03700423278419241,0.926995860690413,False
test,UAV_0155,telemetry_19,203,117.0,33504.91681204244,33505.3965497028,0.4797376603601151,0.25596677370224613,1.5190490280338813,False
test,UAV_0155,telemetry_20,203,,,,0.0,0.0,0.0,False
test,UAV_0155,telemetry_21,203,177.0,34962.23365689299,34962.96942569252,0.7357687995317974,0.3571428571441185,0.8,False
test,UAV_0155,telemetry_22,203,113.0,22988.11648280829,23107.575468678915,119.45898587062402,0.8978921434437219,0.851219512195139,False
test,UAV_0155,telemetry_23,203,158.0,-17352.22674182842,-17366.17641926134,-13.949677432919998,0.40291201488961276,0.8884908262789027,False
test,UAV_0155,telemetry_24,203,164.0,-3643.1552490531835,-3638.6134001583537,4.5418488948298545,0.22241283636329665,1.0,False
test,UAV_0155,telemetry_25,203,190.0,-172.64055298302304,-173.26341522913003,-0.6228622461069904,0.49999999999998856,1.0,False
test,UAV_0155,telemetry_26,203,162.0,-7461.560543399537,-7467.73213037198,-6.171586972443038,0.13030303030303728,0.09302325581402889,False
test,UAV_0155,telemetry_27,203,,,,0.0,0.0,0.0,False
test,UAV_0155,telemetry_28,203,89.0,-9742.860862252488,-9785.672063500562,-42.81120124807421,0.45714744469855434,1.2174785496562217,False
test,UAV_0156,telemetry_01,162,137.0,84.88667311400525,97.10658635123613,12.219913237230884,0.7512358114669001,0.1664796048590932,False
test,UAV_0156,telemetry_02,162,87.0,18.734990945894864,8.479748852365173,-10.255242093529692,1.000928629780601,0.7407358086295807,False
test,UAV_0156,telemetry_03,162,,,,0.0,0.0,0.0,False
test,UAV_0156,telemetry_04,162,57.0,-125.92577030956471,-125.87812195534009,0.04764835422461999,1.1166666666675216,0.8059701492536512,False
test,UAV_0156,telemetry_05,162,62.0,-113.52361136473678,-113.52802477285415,-0.004413408117372342,0.9877160713779057,0.4916277488542742,False
test,UAV_0156,telemetry_06,162,100.0,-137.89584110020664,-136.95404551304551,0.9417955871611241,0.4019241047568062,0.7898936170213029,False
test,UAV_0156,telemetry_07,162,11.0,140.5912754437698,140.5912754437698,0.0,0.0,0.0,False
test,UAV_0156,telemetry_08,162,,,,0.0,0.0,0.0,False
test,UAV_0156,telemetry_09,162,141.0,-143.30570100885853,-157.2797658536877,-13.974064844829172,1.0666813647807545,0.8762926318944697,False
test,UAV_0156,telemetry_10,162,34.0,-61.89518825899492,-63.3780162641645,-1.48282800516958,0.9229765717491625,0.3438575885160799,False
test,UAV_0156,telemetry_11,162,97.0,62.52092707510121,62.66168408993762,0.14075701483641012,0.3378205128205475,0.9677419354838173,False
test,UAV_0156,telemetry_12,162,30.0,636.1957840487395,637.5275406106337,1.3317565618941671,0.32258064516127877,0.049999999999927436,False
test,UAV_0156,telemetry_13,162,147.0,7138.974079725373,7135.3154639688855,-3.658615756487052,0.4670131922438237,0.79603249890081,False
test,UAV_0156,telemetry_14,162,,,,0.0,0.0,0.0,False
test,UAV_0156,telemetry_15,162,132.0,49963.44548617226,49986.14274842432,22.697262252055225,0.24999999999995992,1.1711956521742701,False
test,UAV_0156,telemetry_16,162,11.0,-694.5992033130013,-696.3335106993333,-1.7343073863319205,0.3333333333333333,1.0,False
test,UAV_0156,telemetry_17,162,,,,0.0,0.0,0.0,False
test,UAV_0156,telemetry_18,162,142.0,-103.32934123919435,-103.32348393553166,0.00585730366269388,0.02229421248691052,0.6582383016132002,False
test,UAV_0156,telemetry_19,162,60.0,33505.51562658794,33505.00530831755,-0.5103182703896891,0.2722832331631123,0.5535415393035307,False
test,UAV_0156,telemetry_20,162,,,,0.0,0.0,0.0,False
test,UAV_0156,telemetry_21,162,108.0,34961.571464973415,34962.16008001304,0.5886150396254379,0.2857142857152948,0.8750000000061806,False
test,UAV_0156,telemetry_22,162,112.0,23100.145702484522,23030.80121800353,-69.34448448099283,0.5212154393648656,0.47689075630258954,False
test,UAV_0156,telemetry_23,162,142.0,-17364.215591152013,-17376.84293463332,-12.627343481308344,0.3647187133338742,0.9294388976908114,False
test,UAV_0156,telemetry_24,162,90.0,-3641.459200978889,-3645.64387421413,-4.184673235241007,0.204922062590634,0.4836416147368559,False
test,UAV_0156,telemetry_25,162,97.0,-172.0480742611164,-172.50382712412153,-0.45575286300513085,0.3658536585365898,0.933333333333325,False
test,UAV_0156,telemetry_26,162,14.0,-7473.975479983637,-7468.090943568052,5.884536415584989,0.12424242424242599,0.8780487804877785,False
test,UAV_0156,telemetry_27,162,,,,0.0,0.0,0.0,False
test,UAV_0156,telemetry_28,162,100.0,-9749.988474518388,-9794.893443452835,-44.904968934446515,0.47950515762679313,0.8910493971972915,False
test,UAV_0157,telemetry_01,158,73.0,94.04519376973741,81.28878194579124,-12.756411823946166,0.784217792870332,0.8174180340052741,False
test,UAV_0157,telemetry_02,158,25.0,1.7997986214314086,12.256563141938484,10.456764520507075,1.0205975527435993,0.872563496912122,False
test,UAV_0157,telemetry_03,158,,,,0.0,0.0,0.0,False
test,UAV_0157,telemetry_04,158,59.0,-125.92861498742889,-125.87812195534009,0.050493032088795076,1.1833333333346765,0.6619718309857926,False
test,UAV_0157,telemetry_05,158,16.0,-113.52859479796211,-113.52365513833858,0.004939659623531156,1.1054906021705306,0.7254488779717033,False
test,UAV_0157,telemetry_06,158,76.0,-137.26776864414106,-138.34670068980503,-1.0789320456639757,0.46044895777658124,0.1421938479396627,False
test,UAV_0157,telemetry_07,158,11.0,140.5912754437698,140.5912754437698,0.0,0.0,0.0,False
test,UAV_0157,telemetry_08,158,,,,0.0,0.0,0.0,False
test,UAV_0157,telemetry_09,158,27.0,-159.542379173234,-143.41886570707845,16.123513466155543,1.2307550838010952,0.4731728717490853,False
test,UAV_0157,telemetry_10,158,140.0,-61.05623612317503,-63.01089359827489,-1.9546574750998573,1.2166637324233827,0.7787122901796856,False
test,UAV_0157,telemetry_11,158,126.0,62.573811114831024,62.76531544051925,0.1915043256882285,0.4596153846153879,0.7405857740585352,False
test,UAV_0157,telemetry_12,158,71.0,637.8604797511072,635.5964935958871,-2.2639861552200955,0.5483870967741766,0.9411764705882205,False
test,UAV_0157,telemetry_13,158,56.0,7132.985864358331,7136.519014521,3.5331501626687896,0.45099782157202223,0.8134147667173831,False
test,UAV_0157,telemetry_14,158,,,,0.0,0.0,0.0,False
test,UAV_0157,telemetry_15,158,61.0,49928.782819363405,49953.392079250836,24.609259887431108,0.27105978260879027,1.1027568922306445,False
test,UAV_0157,telemetry_16,158,134.0,-694.5992033130013,-698.0678180856652,-3.468614772663841,0.6666666666666666,1.0,False
test,UAV_0157,telemetry_17,158,,,,0.0,0.0,0.0,False
test,UAV_0157,telemetry_18,158,86.0,-103.32619430672015,-103.3341229384023,-0.00792863168214808,0.030178151865010827,0.26713464989882,False
test,UAV_0157,telemetry_19,158,149.0,33505.56834626689,33506.10026128746,0.5319150205687038,0.283806302795849,1.0,False
test,UAV_0157,telemetry_20,158,,,,0.0,0.0,0.0,False
test,UAV_0157,telemetry_21,158,65.0,34962.01292625313,34961.497888093465,-0.5150381596686202,0.24999999999911707,0.14285714286521545,False
test,UAV_0157,telemetry_22,158,124.0,23085.577533475913,23027.74190251172,-57.835630964193115,0.43471119627702715,0.579345088161266,False
test,UAV_0157,telemetry_23,158,128.0,-17359.0427668927,-17371.028525379745,-11.985758487044222,0.34618765381619276,0.6138606417519913,False
test,UAV_0157,telemetry_24,158,139.0,-3638.871667637928,-3642.108390041608,-3.236722403679778,0.15850122427950455,0.49056529410661304,False
test,UAV_0157,telemetry_25,158,128.0,-172.07845778531674,-172.42786831362068,-0.3494105283039346,0.28048780487805297,1.217391304347812,False
test,UAV_0157,telemetry_26,158,131.0,-7469.310908434696,-7464.574574246544,4.736334188151886,0.09999999999996159,1.0454545454548423,False
test,UAV_0157,telemetry_27,158,,,,0.0,0.0,0.0,False
test,UAV_0157,telemetry_28,158,149.0,-9778.072838588243,-9817.647320623157,-39.57448203491367,0.42258504340247727,1.0,False
test,UAV_0158,telemetry_01,119,96.0,96.02021085814343,75.66435210516754,-20.35585875297589,1.251404144327847,0.8093342006672689,False
test,UAV_0158,telemetry_02,119,71.0,13.744358563054282,8.606292987601902,-5.13806557545238,0.501483718205461,0.9486594300653227,False
test,UAV_0158,telemetry_03,119,,,,0.0,0.0,0.0,False
test,UAV_0158,telemetry_04,119,109.0,-125.90016820878732,-125.87243259961178,0.027735609175536524,0.650000000000766,0.846153846153925,False
test,UAV_0158,telemetry_05,119,58.0,-113.52900155030613,-113.52408178318407,0.004919767122061103,1.1010386813693385,0.7208110650087398,False
test,UAV_0158,telemetry_06,119,101.0,-138.37300083253163,-137.00163624750311,1.371364585028516,0.5852485301977506,0.896803652968013,False
test,UAV_0158,telemetry_07,119,11.0,140.5912754437698,140.5912754437698,0.0,0.0,0.0,False
test,UAV_0158,telemetry_08,119,,,,0.0,0.0,0.0,False
test,UAV_0158,telemetry_09,119,66.0,-148.95461810304687,-160.9998913206696,-12.045273217622736,0.9194510414544993,0.2857603316161307,False
test,UAV_0158,telemetry_10,119,57.0,-61.40564064537456,-62.708716557059915,-1.3030759116853545,0.8110910594507676,0.9076054401048554,False
test,UAV_0158,telemetry_11,119,106.0,62.56820220152635,62.696138843094914,0.1279366415685672,0.3070512820512884,0.8622129436325687,False
test,UAV_0158,telemetry_12,119,68.0,638.0602432353913,636.2623718768341,-1.797871358557245,0.43548387096775526,1.1481481481480498,False
test,UAV_0158,telemetry_13,119,96.0,7132.059109733615,7136.958483615167,4.899373881552492,0.6253928777196367,1.2002995438490014,False
test,UAV_0158,telemetry_14,119,,,,0.0,0.0,0.0,False
test,UAV_0158,telemetry_15,119,14.0,50010.35110558175,49984.2615894605,-26.089516121253837,0.28736413043479797,0.5295508274232608,False
test,UAV_0158,telemetry_16,119,106.0,-695.4663570061673,-698.0678180856652,-2.6014610794978807,0.5,0.6666666666666666,False
test,UAV_0158,telemetry_17,119,,,,0.0,0.0,0.0,False
test,UAV_0158,telemetry_18,119,15.0,-103.33126242789294,-103.32512218067112,0.006140247221821937,0.02337115918325142,0.611252460513143,False
test,UAV_0158,telemetry_19,119,64.0,33504.299138740535,33504.98800242518,0.6888636846488225,0.3675471605623818,1.0154678110942728,False
test,UAV_0158,telemetry_20,119,,,,0.0,0.0,0.0,False
test,UAV_0158,telemetry_21,119,101.0,34961.497888093465,34962.08650313309,0.5886150396254379,0.2857142857152948,1.0,False
test,UAV_0158,telemetry_22,119,96.0,23009.313168715824,23078.51197150673,69.19880279090648,0.52012044894603,1.02842105263165,False
test,UAV_0158,telemetry_23,119,46.0,-17364.229966826475,-17371.962065883068,-7.7320990565931424,0.22332814684775829,0.8909015352408584,False
test,UAV_0158,telemetry_24,119,38.0,-3648.8821662433875,-3645.5066724237186,3.375493819668918,0.1652968145668498,1.2385231566450856,False
test,UAV_0158,telemetry_25,119,92.0,-171.8505813538142,-172.24556716841863,-0.39498581460443916,0.3170731707317051,1.384615384615368,False
test,UAV_0158,telemetry_26,119,94.0,-7474.334293179709,-7466.153352309261,8.180940870447557,0.17272727272727798,0.9473684210526433,False
test,UAV_0158,telemetry_27,119,,,,0.0,0.0,0.0,False
test,UAV_0158,telemetry_28,119,75.0,-9733.769202149382,-9779.290463964531,-45.521261815149046,0.4860860688693093,1.0138575482932566,False
test,UAV_0159,telemetry_01,149,51.0,92.35790026732194,78.45321622405578,-13.904684043266158,0.8548093916582485,0.5685780901561758,False
test,UAV_0159,telemetry_02,149,99.0,13.836807973367426,7.555043719329953,-6.281764254037473,0.613110605293804,0.7442504479923849,False
test,UAV_0159,telemetry_03,149,,,,0.0,0.0,0.0,False
test,UAV_0159,telemetry_04,149,28.0,-125.92577030956471,-125.87385493854387,0.051915371020839984,1.216666666667255,0.5890410958903359,False
test,UAV_0159,telemetry_05,149,77.0,-113.52536275436918,-113.52943384591703,-0.004071091547842798,0.9111059849704451,0.32007689825224245,False
test,UAV_0159,telemetry_06,149,12.0,-137.17822292009583,-138.30411950634297,-1.125896586247137,0.4804917156600629,0.06952169076753552,False
test,UAV_0159,telemetry_07,149,11.0,140.5912754437698,140.5912754437698,0.0,0.0,0.0,False
test,UAV_0159,telemetry_08,149,,,,0.0,0.0,0.0,False
test,UAV_0159,telemetry_09,149,28.0,-148.46121952297887,-157.52158065676798,-9.060361133789115,0.6916039453740507,0.4786983626833781,False
test,UAV_0159,telemetry_10,149,138.0,-63.29804979854621,-61.899805215536134,1.3982445830100758,0.8703281750777878,0.9259728510810445,False
test,UAV_0159,telemetry_11,149,21.0,62.43305409999462,62.63070152120703,0.19764742121240886,0.47435897435900476,0.9864864864864719,False
test,UAV_0159,telemetry_12,149,13.0,637.3277771263495,635.9960205644554,-1.3317565618940534,0.32258064516125123,1.100000000000034,False
test,UAV_0159,telemetry_13,149,86.0,7134.024736833278,7137.803610870135,3.778874036856905,0.4823638623188917,0.9532991888829766,False
test,UAV_0159,telemetry_14,149,,,,0.0,0.0,0.0,False
test,UAV_0159,telemetry_15,149,52.0,50023.087476926994,50051.674925442836,28.58744851584197,0.31487771739132114,1.2286947141315225,False
test,UAV_0159,telemetry_16,149,11.0,-696.3335106993333,-694.5992033130013,1.7343073863319205,0.3333333333333333,0.0,False
test,UAV_0159,telemetry_17,149,,,,0.0,0.0,0.0,False
test,UAV_0159,telemetry_18,149,133.0,-103.32493975932252,-103.333284195672,-0.008344436349474904,0.031760797761530714,0.9006831281416351,False
test,UAV_0159,telemetry_19,149,139.0,33505.099023904484,33505.607876143644,0.5088522391597508,0.2715010238118757,0.9511505822026608,False
test,UAV_0159,telemetry_20,149,,,,0.0,0.0,0.0,False
test,UAV_0159,telemetry_21,149,113.0,34961.2771574536,34961.93934937318,0.6621919195749797,0.32142857142794073,1.0,False
test,UAV_0159,telemetry_22,149,58.0,23001.956243366476,23060.73880531623,58.78256194975256,0.44182863399944405,0.9863692688971603,False
test,UAV_0159,telemetry_23,149,30.0,-17379.24006811017,-17390.634056939452,-11.393988829280715,0.329095423095692,1.1412596012895613,False
test,UAV_0159,telemetry_24,149,138.0,-3641.818172093916,-3637.8906353819652,3.927536711950779,0.19233017219492346,1.0,False
test,UAV_0159,telemetry_25,149,58.0,-171.91134840221486,-172.35190950311983,-0.44056110090497214,0.35365853658538005,1.2758620689654794,False
test,UAV_0159,telemetry_26,149,140.0,-7468.593282042553,-7461.201730203466,7.391551839087697,0.1560606060605921,1.0,False
test,UAV_0159,telemetry_27,149,,,,0.0,0.0,0.0,False
test,UAV_0159,telemetry_28,149,17.0,-9783.945610638837,-9743.91321402224,40.03239661659791,0.4274747562534235,0.2444754729072274,False
test,UAV_0160,telemetry_01,112,44.0,93.32771760325247,82.71220467395474,-10.615512929297722,0.6526031171220884,0.7007059063422889,False
test,UAV_0160,telemetry_02,112,54.0,1.3103075106543693,12.703335085357786,11.393027574703417,1.111978378998516,0.8566689386235329,False
test,UAV_0160,telemetry_03,112,,,,0.0,0.0,0.0,False
test,UAV_0160,telemetry_04,112,92.0,-125.93857135995344,-125.89021183626275,0.048359523690692185,1.1333333333349764,1.044117647058789,False
test,UAV_0160,telemetry_05,112,49.0,-113.52804246308692,-113.52273317090979,0.005309292177130942,1.1882139769379503,0.7540235341055181,False
test,UAV_0160,telemetry_06,112,76.0,-136.86763075837246,-138.15696394584904,-1.2893331874765863,0.5502405130945992,0.42642059252063425,False
test,UAV_0160,telemetry_07,112,11.0,140.5912754437698,140.5912754437698,0.0,0.0,0.0,False
test,UAV_0160,telemetry_08,112,,,,0.0,0.0,0.0,False
test,UAV_0160,telemetry_09,112,88.0,-152.66403189312865,-160.4319391412058,-7.767907248077137,0.5929471486555511,0.615252068119061,False
test,UAV_0160,telemetry_10,112,65.0,-61.63696001619535,-62.79603109214297,-1.1590710759476153,0.7214561934102388,0.6868480634458773,False
test,UAV_0160,telemetry_11,112,90.0,62.522262530649954,62.70308321194831,0.18082068129835704,0.433974358974333,0.6410635155096176,False
test,UAV_0160,telemetry_12,112,99.0,637.0614258139707,635.5964935958871,-1.464932218083618,0.35483870967741493,0.9545454545454439,False
test,UAV_0160,telemetry_13,112,18.0,7136.509497598561,7132.108852228364,-4.4006453701967985,0.5617314249589149,0.28071327855973877,False
test,UAV_0160,telemetry_14,112,,,,0.0,0.0,0.0,False
test,UAV_0160,telemetry_15,112,79.0,49995.70273660113,50017.844902765515,22.142166164383525,0.24388586956533728,1.238161559888475,False
test,UAV_0160,telemetry_16,112,21.0,-696.3335106993333,-694.5992033130013,1.7343073863319205,0.3333333333333333,0.0,False
test,UAV_0160,telemetry_17,112,,,,0.0,0.0,0.0,False
test,UAV_0160,telemetry_18,112,29.0,-103.32367285688028,-103.32982216466988,-0.006149307789598879,0.023405645737970746,0.8156563450823081,False
test,UAV_0160,telemetry_19,112,53.0,33504.6840847969,33505.31317605761,0.6290912607073551,0.3356552417558083,0.49252103014388987,False
test,UAV_0160,telemetry_20,112,,,,0.0,0.0,0.0,False
test,UAV_0160,telemetry_21,112,29.0,34961.20358057365,34961.93934937318,0.7357687995245215,0.35714285714058674,0.6000000000059333,False
test,UAV_0160,telemetry_22,112,73.0,23073.048908128505,23017.03429829039,-56.014609838115575,0.4210238160415974,0.45903771131334775,False
test,UAV_0160,telemetry_23,112,22.0,-17371.17645425393,-17379.894195758112,-8.717741504180594,0.25179670366047746,0.4677764221790672,False
test,UAV_0160,telemetry_24,112,65.0,-3641.300492073977,-3644.8069858800445,-3.5064938060677378,0.17171184052063734,0.49930090311511394,False
test,UAV_0160,telemetry_25,112,25.0,-171.77462254331334,-172.24556716841863,-0.47094462510528956,0.3780487804877996,1.0322580645161037,False
test,UAV_0160,telemetry_26,112,48.0,-7475.697783324784,-7470.602635940559,5.095147384225129,0.10757575757574012,1.098591549296099,False
test,UAV_0160,telemetry_27,112,,,,0.0,0.0,0.0,False
test,UAV_0160,telemetry_28,112,12.0,-9782.77237303249,-9729.907177331734,52.865195700756885,0.5645062138773116,0.3638625411503655,False
test,UAV_0161,telemetry_01,78,67.0,86.25132246195183,78.43908055960736,-7.812241902344468,0.4802682122981574,0.6733059207183957,False
test,UAV_0161,telemetry_02,78,32.0,7.916013671401376,16.27503573333293,8.359022061931555,0.8158544110854091,0.35804024040530374,False
test,UAV_0161,telemetry_03,78,,,,0.0,0.0,0.0,False
test,UAV_0161,telemetry_04,78,14.0,-125.9015905477194,-125.87029909121367,0.031291456505726956,0.7333333333340438,0.022727272727417227,False
test,UAV_0161,telemetry_05,78,18.0,-113.52843396305846,-113.52505468835272,0.0033792747057361794,0.7562781070071779,1.2651980498561952,False
test,UAV_0161,telemetry_06,78,39.0,-139.15449078783553,-138.1945355783156,0.9599552095199329,0.40967397113841325,0.524461839530315,False
test,UAV_0161,telemetry_07,78,11.0,140.5912754437698,140.5912754437698,0.0,0.0,0.0,False
test,UAV_0161,telemetry_08,78,,,,0.0,0.0,0.0,False
test,UAV_0161,telemetry_09,78,66.0,-155.02522284711907,-163.31374100179303,-8.288518154673966,0.6326869064522197,0.1629939136629555,False
test,UAV_0161,telemetry_10,78,45.0,-62.350239313051645,-63.45971206828297,-1.109472755231323,0.6905840438017591,0.6227289295803633,False
test,UAV_0161,telemetry_11,78,40.0,62.436526284421326,62.304316185096816,-0.1322100993245101,0.31730769230769673,0.7818181818181184,False
test,UAV_0161,telemetry_12,78,46.0,639.1922363130016,637.2611892982549,-1.9310470147466958,0.4677419354838914,0.34482758620695747,False
test,UAV_0161,telemetry_13,78,66.0,7130.697746072092,7124.556737394381,-6.141008677710488,0.7838844680777145,0.5844089730801297,False
test,UAV_0161,telemetry_14,78,,,,0.0,0.0,0.0,False
test,UAV_0161,telemetry_15,78,69.0,49963.908066245334,49989.47332495044,25.565258705108135,0.28158967391308526,1.0,False
test,UAV_0161,telemetry_16,78,22.0,-694.5992033130013,-691.1305885403375,3.468614772663841,0.6666666666666666,0.5,False
test,UAV_0161,telemetry_17,78,,,,0.0,0.0,0.0,False
test,UAV_0161,telemetry_18,78,30.0,-103.24244486386473,-103.1529033948294,0.0895414690353391,0.3408149298760881,0.9179124049874677,False
test,UAV_0161,telemetry_19,78,49.0,33503.35540418568,33503.825905378864,0.47050119318737416,0.2510386037919696,0.26007525398347503,False
test,UAV_0161,telemetry_20,78,,,,0.0,0.0,0.0,False
test,UAV_0161,telemetry_21,78,50.0,34960.17350425431,34959.80561985454,-0.3678843997695367,0.17857142857382513,0.7999999999920888,False
test,UAV_0161,telemetry_22,78,24.0,22969.177863097095,22902.892694107904,-66.28516898919042,0.49822064056940263,0.46373626373623744,False
test,UAV_0161,telemetry_23,78,42.0,-17359.22785593447,-17350.931807018467,8.296048916003201,0.23961685138908312,0.40188345660025343,False
test,UAV_0161,telemetry_24,78,51.0,-3644.1370022418005,-3647.766641907071,-3.629639665270588,0.17774225246650355,0.5753929762944925,False
test,UAV_0161,telemetry_25,78,65.0,-170.99984267620465,-171.42521201500944,-0.425369338804785,0.3414634146341475,0.857142857142838,False
test,UAV_0161,telemetry_26,78,49.0,-7469.597958991555,-7475.769545963998,-6.171586972443038,0.13030303030303728,0.8139534883720896,False
test,UAV_0161,telemetry_27,78,,,,0.0,0.0,0.0,False
test,UAV_0161,telemetry_28,78,49.0,-9655.759949239431,-9718.953323363921,-63.19337412449022,0.6747927799430752,0.7297068958032267,False
test,UAV_0162,telemetry_01,224,79.0,96.56316202169505,79.54231308120896,-17.02084894048609,1.0463798733614529,0.7163027380104298,False
test,UAV_0162,telemetry_02,224,42.0,4.0189219705061845,19.116606236582477,15.097684266076293,1.4735590137689936,0.5415897516483784,False
test,UAV_0162,telemetry_03,224,,,,0.0,0.0,0.0,False
test,UAV_0162,telemetry_04,224,207.0,-125.87385493854387,-125.91652510650621,-0.04267016796234202,1.0000000000006661,0.700000000000333,False
test,UAV_0162,telemetry_05,224,146.0,-113.52893927596082,-113.52367210284217,0.005267173118653545,1.178787776173585,0.5746536059276939,False
test,UAV_0162,telemetry_06,224,49.0,-136.97846707414877,-138.54708272962657,-1.5686156554777995,0.6694281133083757,1.0107784431137667,False
test,UAV_0162,telemetry_07,224,11.0,140.5912754437698,140.5912754437698,0.0,0.0,0.0,False
test,UAV_0162,telemetry_08,224,,,,0.0,0.0,0.0,False
test,UAV_0162,telemetry_09,224,28.0,-143.03807069712354,-158.49180715788216,-15.45373646075862,1.179629040080186,0.6819700261137152,False
test,UAV_0162,telemetry_10,224,176.0,-61.87232874929548,-63.661479881868644,-1.789151132573167,1.113645394426349,0.46635502831755826,False
test,UAV_0162,telemetry_11,224,28.0,62.627496427890065,62.44854538435992,-0.178951043530148,0.4294871794871927,1.4179104477612219,False
test,UAV_0162,telemetry_12,224,19.0,634.93061531494,637.3943649544443,2.4637496395042717,0.5967741935483809,1.2972972972972274,False
test,UAV_0162,telemetry_13,224,62.0,7130.336137196628,7124.933471061076,-5.402666135552863,0.6896368808663318,0.1867197388638419,False
test,UAV_0162,telemetry_14,224,,,,0.0,0.0,0.0,False
test,UAV_0162,telemetry_15,224,28.0,49896.679762292224,49952.43608043315,55.75631814092776,0.6141304347826148,1.4585176991151076,False
test,UAV_0162,telemetry_16,224,13.0,-691.1305885403375,-692.8648959266694,-1.7343073863319205,0.3333333333333333,1.0,False
test,UAV_0162,telemetry_17,224,,,,0.0,0.0,0.0,False
test,UAV_0162,telemetry_18,224,112.0,-103.07120332314199,-103.06168699282523,0.009516330316756694,0.03622128924758981,0.5158185475928285,False
test,UAV_0162,telemetry_19,224,25.0,33496.18278125585,33502.470680960236,6.28789970438811,3.3549448660906993,1.127257314578491,True
test,UAV_0162,telemetry_20,224,,,,0.0,0.0,0.0,False
test,UAV_0162,telemetry_21,224,25.0,34952.74223937906,34959.14342793496,6.401188555901172,3.10714285714147,1.1149425287360895,True
test,UAV_0162,telemetry_22,224,191.0,22933.485849025994,23023.808496879392,90.32264785339794,0.6788940596769552,0.8798387096774569,False
test,UAV_0162,telemetry_23,224,35.0,-17335.562996689056,-17350.537841026657,-14.974844337601098,0.4325221664611784,1.4814844474298947,False
test,UAV_0162,telemetry_24,224,28.0,-3626.789742232654,-3638.260746290219,-11.471004057564642,0.5617312701182262,1.311319416879476,False
test,UAV_0162,telemetry_25,224,12.0,-171.56193787391095,-171.01503443830484,0.5469034356061115,0.4390243902438713,0.6111111111111343,False
test,UAV_0162,telemetry_26,224,33.0,-7434.936604250976,-7455.173668509451,-20.237064258474675,0.42727272727272203,1.5248226950354715,False
test,UAV_0162,telemetry_27,224,,,,0.0,0.0,0.0,False
test,UAV_0162,telemetry_28,224,86.0,-9662.418161788235,-9713.28138599273,-50.863224204495054,0.5431287209036332,0.9281374533079726,False
test,UAV_0163,telemetry_01,137,91.0,103.11426624980311,84.92742668027378,-18.186839569529326,1.1180607355220251,0.9621521807839549,False
test,UAV_0163,telemetry_02,137,79.0,7.702938563290756,18.93844752522994,11.235508961939184,1.096604301253582,0.3804114157763701,False
test,UAV_0163,telemetry_03,137,,,,0.0,0.0,0.0,False
test,UAV_0163,telemetry_04,137,122.0,-125.87101026067971,-125.91865861490432,-0.04764835422460578,1.1166666666671885,1.0,False
test,UAV_0163,telemetry_05,137,17.0,-113.5235901262253,-113.52907845076842,-0.005488324543122758,1.2282812311968223,0.42259051318078034,False
test,UAV_0163,telemetry_06,137,62.0,-139.75313213180232,-138.8752083198343,0.8779238119680315,0.3746659540352741,0.4101283880171199,False
test,UAV_0163,telemetry_07,137,11.0,140.5912754437698,140.5912754437698,0.0,0.0,0.0,False
test,UAV_0163,telemetry_08,137,,,,0.0,0.0,0.0,False
test,UAV_0163,telemetry_09,137,24.0,-161.98310484201187,-149.31690106096602,12.666203781045851,0.9668484929606254,0.7494945532886584,False
test,UAV_0163,telemetry_10,137,22.0,-63.04774503905938,-62.14489568793283,0.9028493511265481,0.5619726603514195,0.5083855966719485,False
test,UAV_0163,telemetry_11,137,49.0,62.238344680989435,62.370020598094456,0.1316759171050208,0.3160256410256542,0.14401622718053483,False
test,UAV_0163,telemetry_12,137,24.0,640.7237563591798,639.1922363130016,-1.5315200461782297,0.37096774193545545,0.7391304347826797,False
test,UAV_0163,telemetry_13,137,73.0,7129.25487022117,7133.97955534494,4.724685123770541,0.603094292721689,0.5041257785074399,False
test,UAV_0163,telemetry_14,137,,,,0.0,0.0,0.0,False
test,UAV_0163,telemetry_15,137,113.0,50013.003231334034,50039.06190878374,26.05867744970601,0.2870244565216476,0.8816568047338699,False
test,UAV_0163,telemetry_16,137,14.0,-695.4663570061673,-692.8648959266694,2.6014610794978807,0.5,0.3333333333333333,False
test,UAV_0163,telemetry_17,137,,,,0.0,0.0,0.0,False
test,UAV_0163,telemetry_18,137,38.0,-103.2375878142377,-103.24592029490904,-0.008332480671342068,0.03171529176695232,0.47327155635686147,False
test,UAV_0163,telemetry_19,137,60.0,33504.42344994107,33505.11656458519,0.6931146441202145,0.3698152843119628,0.47696248048651285,False
test,UAV_0163,telemetry_20,137,,,,0.0,0.0,0.0,False
test,UAV_0163,telemetry_21,137,103.0,34961.93934937318,34961.2771574536,-0.6621919195749797,0.32142857142794073,0.6666666666593415,False
test,UAV_0163,telemetry_22,137,110.0,23045.660750392315,22980.395353233725,-65.26539715858962,0.4905557076375816,0.5926339285714235,False
test,UAV_0163,telemetry_23,137,103.0,-17381.807305194478,-17373.80630313429,8.001002060187602,0.23109493941404585,0.3530316112795777,False
test,UAV_0163,telemetry_24,137,116.0,-3661.830616195885,-3666.9923261326126,-5.161709936727675,0.25276722632033355,1.1386900666105781,False
test,UAV_0163,telemetry_25,137,93.0,-171.57712963601114,-171.86577311591438,-0.2886434799032429,0.23170731707316822,0.7894736842104952,False
test,UAV_0163,telemetry_26,137,111.0,-7505.8380917948525,-7511.937916128081,-6.099824333228753,0.12878787878788925,1.0352941176471238,False
test,UAV_0163,telemetry_27,137,,,,0.0,0.0,0.0,False
test,UAV_0163,telemetry_28,137,50.0,-9690.629284158702,-9725.295190696792,-34.665906538089985,0.37017019214707536,0.7709789802303297,False
test,UAV_0164,telemetry_01,271,77.0,81.29238872276281,95.78858426542492,14.496195542662107,0.8911733668039031,0.4640646632997449,False
test,UAV_0164,telemetry_02,271,60.0,14.971886486404244,6.131551820470907,-8.840334665933337,0.8628313191706499,0.48768146480106356,False
test,UAV_0164,telemetry_03,271,,,,0.0,0.0,0.0,False
test,UAV_0164,telemetry_04,271,44.0,-125.93003732636096,-125.88594481946653,0.04409250689442956,1.0333333333342436,0.8225806451614359,False
test,UAV_0164,telemetry_05,271,249.0,-113.52853815796468,-113.52363786362622,0.004900294338455069,1.096680692982442,1.0417019920864097,False
test,UAV_0164,telemetry_06,271,100.0,-136.81252569742156,-138.4569108117069,-1.6443851142853418,0.7017637626937441,1.2151561309976855,False
test,UAV_0164,telemetry_07,271,242.0,140.5912754437698,140.67722414279535,0.08594869902555047,2.8695647601215146,1.0,False
test,UAV_0164,telemetry_08,271,,,,0.0,0.0,0.0,False
test,UAV_0164,telemetry_09,271,139.0,-158.82844432643373,-145.56953076055328,13.258913565880448,1.0120917696468803,0.450069329532902,False
test,UAV_0164,telemetry_10,271,75.0,-63.2915942555687,-61.68894725600951,1.6026469995591839,0.9975571193828723,0.5482738100600336,False
test,UAV_0164,telemetry_11,271,99.0,62.63417370563373,62.41889827117806,-0.21527543445566977,0.5166666666666806,1.6712158808932964,False
test,UAV_0164,telemetry_12,271,60.0,635.1969666273188,637.1946014701603,1.9976348428414212,0.4838709677419595,1.4999999999999147,False
test,UAV_0164,telemetry_13,271,59.0,7127.652288198853,7133.530218872018,5.877930673164883,0.7503032157983149,0.5398178248792073,False
test,UAV_0164,telemetry_14,271,,,,0.0,0.0,0.0,False
test,UAV_0164,telemetry_15,271,100.0,49885.8245499108,49957.86368662387,72.03913671306509,0.793478260869661,1.499999999999899,False
test,UAV_0164,telemetry_16,271,192.0,-694.5992033130013,-691.1305885403375,3.468614772663841,0.6666666666666666,0.0,False
test,UAV_0164,telemetry_17,271,,,,0.0,0.0,0.0,False
test,UAV_0164,telemetry_18,271,99.0,-102.97990549012019,-103.0650947923686,-0.08518930224840915,0.32424960618555126,0.10437403153695016,False
test,UAV_0164,telemetry_19,271,99.0,33494.25171025646,33502.807862681715,8.556152425255277,4.565184084053877,1.0991103278160324,True
test,UAV_0164,telemetry_20,271,,,,0.0,0.0,0.0,False
test,UAV_0164,telemetry_21,271,99.0,34950.97639426019,34959.21700481492,8.240610554727027,4.0,1.1517857142858088,True
test,UAV_0164,telemetry_22,271,159.0,22928.09562649281,23003.121696887163,75.02607039435316,0.5639200656993943,1.281553398058253,False
test,UAV_0164,telemetry_23,271,258.0,-17408.621023036034,-17429.44669160597,-20.82566856993435,0.6015129830266701,1.0213816341460273,False
test,UAV_0164,telemetry_24,271,256.0,-3679.7078443106593,-3692.674115427413,-12.966271116753887,0.6349540028545482,1.1003407432245185,False
test,UAV_0164,telemetry_25,271,99.0,-171.75943078121315,-171.03022620040497,0.7292045808081866,0.5853658536585254,0.3541666666666634,False
test,UAV_0164,telemetry_26,271,99.0,-7427.25800185503,-7451.083198074228,-23.825196219198006,0.5030303030303153,2.0753012048192163,False
test,UAV_0164,telemetry_27,271,,,,0.0,0.0,0.0,False
test,UAV_0164,telemetry_28,271,99.0,-9742.90286108438,-9667.390618454057,75.51224263032236,0.8063363735550855,0.3154177912823316,False
test,UAV_0165,telemetry_01,79,57.0,89.83019307416365,73.43957167037345,-16.390621403790192,1.0076357770861986,0.35596391589616094,False
test,UAV_0165,telemetry_02,79,43.0,8.609519218546778,17.26205170264833,8.65253248410155,0.8445015148797014,0.6135133993027978,False
test,UAV_0165,telemetry_03,79,,,,0.0,0.0,0.0,False
test,UAV_0165,telemetry_04,79,14.0,-125.86532090495139,-125.89092300572881,-0.025602100777419423,0.6000000000007327,0.9444444444446604,False
test,UAV_0165,telemetry_05,79,19.0,-113.52537442408203,-113.52843727263931,-0.0030628485572776754,0.6854622694673776,0.44190343344087474,False
test,UAV_0165,telemetry_06,79,56.0,-138.77501729992355,-138.14068290511358,0.6343343948099687,0.2707108498129213,0.3514313919052509,False
test,UAV_0165,telemetry_07,79,11.0,140.5912754437698,140.5912754437698,0.0,0.0,0.0,False
test,UAV_0165,telemetry_08,79,,,,0.0,0.0,0.0,False
test,UAV_0165,telemetry_09,79,57.0,-147.54279434782867,-157.36456348979232,-9.821769141963642,0.7497244523513122,0.9796808363163839,False
test,UAV_0165,telemetry_10,79,69.0,-61.83381209908694,-62.77769888006727,-0.9438867809803284,0.587516139559925,1.2753267889313904,False
test,UAV_0165,telemetry_11,79,16.0,62.331826569400704,62.49181414413885,0.15998757473814607,0.38397435897436794,0.5676126878130352,False
test,UAV_0165,telemetry_12,79,60.0,638.7927093444332,636.7284866734972,-2.064222670936033,0.5,0.7096774193548849,False
test,UAV_0165,telemetry_13,79,51.0,7132.621249351972,7129.092977670673,-3.528271681299884,0.45037509557152466,0.8157448823790941,False
test,UAV_0165,telemetry_14,79,,,,0.0,0.0,0.0,False
test,UAV_0165,telemetry_15,79,45.0,50022.00812342316,50047.94344618672,25.93532276355836,0.28566576086952705,0.6361474435192709,False
test,UAV_0165,telemetry_16,79,12.0,-692.8648959266694,-694.5992033130013,-1.7343073863319205,0.3333333333333333,0.0,False
test,UAV_0165,telemetry_17,79,,,,0.0,0.0,0.0,False
test,UAV_0165,telemetry_18,79,24.0,-103.32696271832577,-103.31958195178315,0.0073807665426244284,0.028092854168648332,0.08958637195516765,False
test,UAV_0165,telemetry_19,79,40.0,33503.6206154424,33503.874934378575,0.25431893617496826,0.13569332358695554,1.0749947442287124,False
test,UAV_0165,telemetry_20,79,,,,0.0,0.0,0.0,False
test,UAV_0165,telemetry_21,79,22.0,34960.688542413984,34960.09992737435,-0.5886150396327139,0.28571428571882657,0.24999999999690972,False
test,UAV_0165,telemetry_22,79,61.0,22996.274657453112,22944.484816627497,-51.7898408256151,0.38926909389539593,0.3263009845287864,False
test,UAV_0165,telemetry_23,79,16.0,-17374.903931629415,-17385.511905034466,-10.60797340505087,0.3063927434220109,0.4076489536391859,False
test,UAV_0165,telemetry_24,79,27.0,-3647.423466749609,-3651.082460304343,-3.6589935547340247,0.17917970271309572,0.4474861360217779,False
test,UAV_0165,telemetry_25,79,47.0,-171.13656853510616,-171.68347197071233,-0.5469034356061684,0.43902439024391693,0.833333333333316,False
test,UAV_0165,telemetry_26,79,55.0,-7482.156420854085,-7477.204798748287,4.951622105797469,0.10454545454546327,0.8115942028984495,False
test,UAV_0165,telemetry_27,79,,,,0.0,0.0,0.0,False
test,UAV_0165,telemetry_28,79,32.0,-9717.676220564585,-9703.749317311816,13.92690325276817,0.1487145431326421,0.27235531901308574,False
test,UAV_0166,telemetry_01,122,54.0,94.73884025396916,79.79988350192632,-14.938956752042841,0.9183927152524503,0.5846891609292104,False
test,UAV_0166,telemetry_02,122,80.0,9.199141632458279,18.461477209537946,9.262335577079668,0.9040193077044713,0.5210009728590498,False
test,UAV_0166,telemetry_03,122,,,,0.0,0.0,0.0,False
test,UAV_0166,telemetry_04,122,31.0,-125.894478853059,-125.8617650576212,0.032713795437800286,0.7666666666672883,0.06521739130433839,False
test,UAV_0166,telemetry_05,122,39.0,-113.49279215396625,-113.48636742287496,0.006424731091286162,1.4378480268266751,1.5950767394054906,False
test,UAV_0166,telemetry_06,122,86.0,-137.4668982962137,-136.3679280465676,1.0989702496461007,0.4690005344735232,0.9236467236467344,False
test,UAV_0166,telemetry_07,122,90.0,140.53815982925502,140.55221451250725,0.014054683252226141,0.4692429813657656,1.1146415432822272,False
test,UAV_0166,telemetry_08,122,,,,0.0,0.0,0.0,False
test,UAV_0166,telemetry_09,122,61.0,-145.78929562150844,-158.58208848788922,-12.792792866380779,0.9765114092137565,0.4974644713420199,False
test,UAV_0166,telemetry_10,122,103.0,-63.37358131339943,-61.79566775962384,1.5779135537755877,0.9821619481847962,0.8674869565443356,False
test,UAV_0166,telemetry_11,122,74.0,62.62616097234133,62.73727087399587,0.11110990165453671,0.26666666666666783,0.8004807692307595,False
test,UAV_0166,telemetry_12,122,32.0,636.7284866734971,634.8640274868453,-1.864459186651743,0.45161290322576825,0.821428571428517,False
test,UAV_0166,telemetry_13,122,67.0,7134.9337615926925,7140.682358224776,5.748596632083718,0.7337940474649055,0.5134936728495753,False
test,UAV_0166,telemetry_14,122,,,,0.0,0.0,0.0,False
test,UAV_0166,telemetry_15,122,101.0,49963.78471155918,50001.03782677724,37.253115218059975,0.4103260869565971,0.8112582781457199,False
test,UAV_0166,telemetry_16,122,56.0,-697.2006643924992,-694.5992033130013,2.6014610794978807,0.5,0.3333333333333333,False
test,UAV_0166,telemetry_17,122,,,,0.0,0.0,0.0,False
test,UAV_0166,telemetry_18,122,95.0,-103.3244227814524,-103.33105606285804,-0.006633281405640901,0.025247757954692807,0.7322004086519603,False
test,UAV_0166,telemetry_19,122,17.0,33505.43450465535,33506.01490502758,0.5804003722296329,0.3096759396034968,0.2328251824726631,False
test,UAV_0166,telemetry_20,122,,,,0.0,0.0,0.0,False
test,UAV_0166,telemetry_21,122,64.0,34961.424311213515,34962.3808106529,0.9564994393876987,0.4642857142855881,0.8461538461456541,False
test,UAV_0166,telemetry_22,122,89.0,23855.438924146365,23995.04527764105,139.6063534946843,1.0493262358133664,1.0873375121629152,False
test,UAV_0166,telemetry_23,122,21.0,-17364.53396320952,-17354.874398330056,9.659564879464597,0.278999623271385,0.07389337211315791,False
test,UAV_0166,telemetry_24,122,37.0,-3642.7004542610025,-3639.503655388965,3.1967988720375615,0.15654618215551555,0.6569978541837972,False
test,UAV_0166,telemetry_25,122,51.0,-172.1999918821181,-172.79247060402474,-0.5924787219066445,0.47560975609754624,0.8974358974359762,False
test,UAV_0166,telemetry_26,122,51.0,-7467.516842454337,-7462.565220348539,4.9516221057983785,0.10454545454548247,0.6811594202899403,False
test,UAV_0166,telemetry_27,122,,,,0.0,0.0,0.0,False
test,UAV_0166,telemetry_28,122,82.0,-9775.76029650004,-9816.73006320434,-40.96976670430013,0.4374842006940699,0.6983412971663565,False
test,UAV_0167,telemetry_01,186,74.0,94.37939322962744,83.55554056600951,-10.823852663617927,0.6654110860768913,0.5313300848944673,False
test,UAV_0167,telemetry_02,186,99.0,6.742755899995412,18.14840320134313,11.405647301347717,1.1132100852403661,0.41270806962885104,False
test,UAV_0167,telemetry_03,186,,,,0.0,0.0,0.0,False
test,UAV_0167,telemetry_04,186,38.0,-125.86034271868911,-125.91723627597224,-0.05689355728313217,1.3333333333344435,0.7125000000003809,False
test,UAV_0167,telemetry_05,186,172.0,-113.52900320620955,-113.52369244378869,0.005310762420862147,1.1885430159308406,0.9046150927022936,False
test,UAV_0167,telemetry_06,186,124.0,-138.94784680926958,-139.77630130515666,-0.8284544958870868,0.35355424906466715,0.5366591080877319,False
test,UAV_0167,telemetry_07,186,11.0,140.5912754437698,140.5912754437698,0.0,0.0,0.0,False
test,UAV_0167,telemetry_08,186,,,,0.0,0.0,0.0,False
test,UAV_0167,telemetry_09,186,165.0,-146.89298149631398,-159.9495416982149,-13.056560201900908,0.9966455437380645,0.8938272542789678,False
test,UAV_0167,telemetry_10,186,51.0,-63.03278690030694,-61.285009387407804,1.747777512899134,1.0878926560679811,0.4496493870995562,False
test,UAV_0167,telemetry_11,186,153.0,62.26238288086661,62.068741826300425,-0.19364105456618574,0.464743589743558,0.423448275862046,False
test,UAV_0167,telemetry_12,186,18.0,639.8581145939486,638.2600067196756,-1.598107874272955,0.3870967741935235,0.25000000000007117,False
test,UAV_0167,telemetry_13,186,176.0,7134.022022837344,7129.276842868923,-4.745179968420416,0.6057104086140203,0.9252399962767369,False
test,UAV_0167,telemetry_14,186,,,,0.0,0.0,0.0,False
test,UAV_0167,telemetry_15,186,141.0,50062.06755775119,50030.05701669461,-32.01054105657386,0.35258152173914925,0.29190751445086704,False
test,UAV_0167,telemetry_16,186,64.0,-692.8648959266694,-695.4663570061673,-2.6014610794978807,0.5,0.6666666666666666,False
test,UAV_0167,telemetry_17,186,,,,0.0,0.0,0.0,False
test,UAV_0167,telemetry_18,186,145.0,-103.15058397268831,-103.07029722714577,0.08028674554253712,0.30558937492146643,0.9863133092670047,False
test,UAV_0167,telemetry_19,186,82.0,33504.45993337866,33503.94174757306,-0.5181858056021156,0.27648100159305367,0.44234095822672004,False
test,UAV_0167,telemetry_20,186,,,,0.0,0.0,0.0,False
test,UAV_0167,telemetry_21,186,109.0,34960.90927305384,34961.571464973415,0.6621919195749797,0.32142857142794073,0.8888888888937723,False
test,UAV_0167,telemetry_22,186,111.0,23052.871994051577,22959.63571239645,-93.23628165512491,0.7007938680536646,0.43203124999999676,False
test,UAV_0167,telemetry_23,186,136.0,-17375.183065750432,-17387.31227476384,-12.1292090134084,0.3503309711719022,1.0688375863498507,False
test,UAV_0167,telemetry_24,186,169.0,-3663.4730357071257,-3668.435671713877,-4.9626360067513815,0.24301864189199263,1.1625311071386923,False
test,UAV_0167,telemetry_25,186,122.0,-171.4859790634101,-171.95692368851536,-0.47094462510526114,0.3780487804877768,0.8064516129033056,False
test,UAV_0167,telemetry_26,186,173.0,-7512.0096787672965,-7523.34817576318,-11.33849699588336,0.23939393939394463,0.9113924050632566,False
test,UAV_0167,telemetry_27,186,,,,0.0,0.0,0.0,False
test,UAV_0167,telemetry_28,186,92.0,-9736.764405271466,-9705.340235517227,31.42416975423839,0.33555421212503084,0.1977956300739235,False
test,UAV_0168,telemetry_01,188,71.0,96.74327323151101,79.9546851680839,-16.788588063427113,1.0321013195728868,0.7176388826230143,False
test,UAV_0168,telemetry_02,188,155.0,8.194711210071542,18.616052043118373,10.42134083304683,1.0171401421210136,0.4850845151889857,False
test,UAV_0168,telemetry_03,188,,,,0.0,0.0,0.0,False
test,UAV_0168,telemetry_04,188,129.0,-125.86674324388349,-125.90443522558355,-0.03769198170006405,0.8833333333338107,0.7169811320750591,False
test,UAV_0168,telemetry_05,188,116.0,-113.52808364235813,-113.52322338379427,0.004860258563851971,1.087720728946964,0.6270137791901527,False
test,UAV_0168,telemetry_06,188,99.0,-137.1431560631271,-138.4381249954736,-1.2949689323465066,0.5526456440405918,0.995164410058032,False
test,UAV_0168,telemetry_07,188,11.0,140.5912754437698,140.5912754437698,0.0,0.0,0.0,False
test,UAV_0168,telemetry_08,188,,,,0.0,0.0,0.0,False
test,UAV_0168,telemetry_09,188,59.0,-145.48701752252066,-162.89673928967068,-17.409721767150018,1.3289351367156768,0.45975608177407257,False
test,UAV_0168,telemetry_10,188,175.0,-61.64140305093296,-63.189278378967295,-1.547875328034337,0.9634648514753795,0.6351417809791844,False
test,UAV_0168,telemetry_11,188,132.0,62.47712413310279,62.301645273999355,-0.17547885910343552,0.4211538461538396,0.7534246575342688,False
test,UAV_0168,telemetry_12,188,78.0,635.196966627319,637.3943649544442,2.1973983271252564,0.532258064516081,1.2121212121212779,False
test,UAV_0168,telemetry_13,188,47.0,7132.012513881989,7127.267168074786,-4.7453458072031935,0.6057315775217432,0.5663795944325675,False
test,UAV_0168,telemetry_14,188,,,,0.0,0.0,0.0,False
test,UAV_0168,telemetry_15,188,78.0,49881.723006596236,49937.78771145254,56.06470485630416,0.6175271739129963,1.535753575357562,False
test,UAV_0168,telemetry_16,188,13.0,-689.3962811540056,-691.9977422335035,-2.6014610794978807,0.5,1.0,False
test,UAV_0168,telemetry_17,188,,,,0.0,0.0,0.0,False
test,UAV_0168,telemetry_18,188,42.0,-103.15388415019964,-103.06607711733207,0.0878070328675733,0.3342132765051974,0.9627416103302497,False
test,UAV_0168,telemetry_19,188,79.0,33495.086083558956,33502.77738082007,7.691297261117143,4.103735662602056,1.038764107438746,True
test,UAV_0168,telemetry_20,188,,,,0.0,0.0,0.0,False
test,UAV_0168,telemetry_21,188,89.0,34959.14342793496,34951.785739939674,-7.35768799528887,3.5714285714270577,0.060000000001226225,False
test,UAV_0168,telemetry_22,188,28.0,22867.127839191762,22936.326641982676,69.19880279091376,0.5201204489460848,0.9442105263157337,False
test,UAV_0168,telemetry_23,188,100.0,-17332.71857061906,-17348.120335784683,-15.401765165621327,0.4448530272888303,1.4242770897445347,False
test,UAV_0168,telemetry_24,188,99.0,-3624.941212265666,-3636.7933545344135,-11.852142268747684,0.580395482107346,1.2981519665952543,False
test,UAV_0168,telemetry_25,188,81.0,-171.68347197071233,-171.21252734560704,0.47094462510528956,0.3780487804877996,1.1612903225806996,False
test,UAV_0168,telemetry_26,188,79.0,-7435.080129529405,-7454.384279478092,-19.304149948687154,0.4075757575757593,1.3531598513010539,False
test,UAV_0168,telemetry_27,188,,,,0.0,0.0,0.0,False
test,UAV_0168,telemetry_28,188,89.0,-9671.774094031047,-9742.187501752389,-70.41340772134208,0.7518898903538,0.24331462825788253,False
test,UAV_0169,telemetry_01,105,83.0,79.0253751059449,94.99545324806262,15.970078142117714,0.9817823072369273,0.7630803043887666,False
test,UAV_0169,telemetry_02,105,48.0,18.162914013478357,7.973114409147506,-10.189799604330851,0.994541334342246,0.7591543716822147,False
test,UAV_0169,telemetry_03,105,,,,0.0,0.0,0.0,False
test,UAV_0169,telemetry_04,105,55.0,-125.91652510650621,-125.87883312480614,0.03769198170007826,0.8833333333341438,0.8301886792449487,False
test,UAV_0169,telemetry_05,105,29.0,-113.52684842124393,-113.52327228638846,0.0035761348554643746,0.8003352004210013,0.7391472376114206,False
test,UAV_0169,telemetry_06,105,68.0,-138.7080145553582,-137.6566350401697,1.0513795151885006,0.4486905398182633,0.2638475282906397,False
test,UAV_0169,telemetry_07,105,11.0,140.5912754437698,140.5912754437698,0.0,0.0,0.0,False
test,UAV_0169,telemetry_08,105,,,,0.0,0.0,0.0,False
test,UAV_0169,telemetry_09,105,18.0,-157.4710727576354,-142.05394441623972,15.417128341395681,1.1768346349333854,0.15754729111259147,False
test,UAV_0169,telemetry_10,105,22.0,-61.23289980667519,-63.26238171754293,-2.0294819108677373,1.2632377119863094,0.581032255104065,False
test,UAV_0169,telemetry_11,105,11.0,62.363076229241045,62.4995597863215,0.136483557080453,0.32756410256410506,0.7162426614481312,False
test,UAV_0169,telemetry_12,105,23.0,638.3931823758649,637.19460147016,-1.19858090570483,0.2903225806451702,0.33333333333320686,False
test,UAV_0169,telemetry_13,105,80.0,7129.540604295355,7134.565627884829,5.025023589474586,0.6414317500983925,0.6414223749039435,False
test,UAV_0169,telemetry_14,105,,,,0.0,0.0,0.0,False
test,UAV_0169,telemetry_15,105,45.0,49966.7143853553,49998.04647563804,31.332090282739955,0.3451086956522458,1.2381889763778384,False
test,UAV_0169,telemetry_16,105,18.0,-692.8648959266694,-694.5992033130013,-1.7343073863319205,0.3333333333333333,1.0,False
test,UAV_0169,telemetry_17,105,,,,0.0,0.0,0.0,False
test,UAV_0169,telemetry_18,105,69.0,-103.322622867268,-103.3297513519172,-0.007128484649200573,0.027132612654380522,0.34493105114352424,False
test,UAV_0169,telemetry_19,105,56.0,33504.687068591404,33504.12393478978,-0.5631338016246445,0.3004632620593922,0.7944352628387337,False
test,UAV_0169,telemetry_20,105,,,,0.0,0.0,0.0,False
test,UAV_0169,telemetry_21,105,34.0,34961.2771574536,34960.76211929394,-0.5150381596613443,0.2499999999955853,0.7142857142937868,False
test,UAV_0169,telemetry_22,105,32.0,23062.632667287347,22967.21116028093,-95.4215070064165,0.7172187243361694,0.7427480916030712,False
test,UAV_0169,telemetry_23,105,61.0,-17357.986760583248,-17371.656301531148,-13.669540947899804,0.394820762875626,1.022755364923172,False
test,UAV_0169,telemetry_24,105,41.0,-3645.881200143262,-3650.02986519037,-4.148665047107897,0.20315875354173438,0.4980590737913186,False
test,UAV_0169,telemetry_25,105,65.0,-172.00249897481586,-171.4859790634101,0.5165199114057657,0.4146341463414289,0.5588235294117502,False
test,UAV_0169,telemetry_26,105,61.0,-7475.482495407139,-7481.151743905082,-5.669248497943045,0.11969696969700112,0.3164556962025215,False
test,UAV_0169,telemetry_27,105,,,,0.0,0.0,0.0,False
test,UAV_0169,telemetry_28,105,35.0,-9698.80348044978,-9740.227652719452,-41.424172269671544,0.4423364434952618,0.5947363786911921,False
test,UAV_0170,telemetry_01,84,31.0,93.90685836511476,81.15951471819187,-12.747343646922886,0.7836603143357174,0.952948067851954,False
test,UAV_0170,telemetry_02,84,27.0,9.869759552181026,14.83598588876377,4.966226336582743,0.48471192361147025,0.6410425868477363,False
test,UAV_0170,telemetry_03,84,,,,0.0,0.0,0.0,False
test,UAV_0170,telemetry_04,84,54.0,-125.9108357507779,-125.87243259961178,0.03840315116612203,0.9000000000009325,0.6666666666664199,False
test,UAV_0170,telemetry_05,84,41.0,-113.52499725369294,-113.52719966607316,-0.002202412380214014,0.49289756258349715,0.4087687154454454,False
test,UAV_0170,telemetry_06,84,21.0,-137.85764327386565,-136.7004369938964,1.1572062799692446,0.4938535542490506,0.8566017316016961,False
test,UAV_0170,telemetry_07,84,11.0,140.5912754437698,140.5912754437698,0.0,0.0,0.0,False
test,UAV_0170,telemetry_08,84,,,,0.0,0.0,0.0,False
test,UAV_0170,telemetry_09,84,11.0,-142.44276916942192,-153.19386385184606,-10.751094682424139,0.8206625971811485,0.9254327946908634,False
test,UAV_0170,telemetry_10,84,31.0,-62.1315119694941,-63.20633268831334,-1.0748207188192396,0.6690151108842193,0.3175154793551575,False
test,UAV_0170,telemetry_11,84,64.0,62.61253932574426,62.70815794303351,0.09561861728925436,0.22948717948721317,0.7374301675976674,False
test,UAV_0170,telemetry_12,84,57.0,635.3967301116029,636.8616623296866,1.4649322180837316,0.35483870967744247,0.40909090909097257,False
test,UAV_0170,telemetry_13,84,46.0,7138.028523366841,7133.790951284536,-4.237572082304723,0.5409155257726885,0.224833924514346,False
test,UAV_0170,telemetry_14,84,,,,0.0,0.0,0.0,False
test,UAV_0170,telemetry_15,84,39.0,49950.09234139625,49924.21869597577,-25.873645420484536,0.2849864130434668,0.8128724672227731,False
test,UAV_0170,telemetry_16,84,41.0,-697.2006643924992,-694.5992033130013,2.6014610794978807,0.5,0.3333333333333333,False
test,UAV_0170,telemetry_17,84,,,,0.0,0.0,0.0,False
test,UAV_0170,telemetry_18,84,38.0,-103.33331198536783,-103.32403640742656,0.009275577941266988,0.03530493166652709,0.9167187990632025,False
test,UAV_0170,telemetry_19,84,58.0,33505.64997561103,33505.08953636308,-0.5604392479508533,0.2990255675287395,0.37059596393422634,False
test,UAV_0170,telemetry_20,84,,,,0.0,0.0,0.0,False
test,UAV_0170,telemetry_21,84,33.0,34962.01292625313,34962.5279644128,0.5150381596686202,0.24999999999911707,1.0,False
test,UAV_0170,telemetry_22,84,65.0,23080.697196858026,23030.437013778315,-50.26018307971026,0.37777169449763714,0.7695652173913355,False
test,UAV_0170,telemetry_23,84,49.0,-17349.66545486679,-17357.627198992974,-7.961744126183476,0.22996104270811357,0.12058114153506602,False
test,UAV_0170,telemetry_24,84,72.0,-3642.045988451364,-3638.4727077344824,3.573280716881527,0.17498237342694925,0.9631337001376593,False
test,UAV_0170,telemetry_25,84,73.0,-172.51901888622172,-172.86842941452562,-0.3494105283039062,0.28048780487803016,0.7391304347825557,False
test,UAV_0170,telemetry_26,84,15.0,-7465.292200638689,-7469.382671073912,-4.090470435223324,0.08636363636362938,0.4385964912282067,False
test,UAV_0170,telemetry_27,84,,,,0.0,0.0,0.0,False
test,UAV_0170,telemetry_28,84,51.0,-9805.004630582114,-9756.558797810823,48.44583277129095,0.5173152822635497,0.526901665668459,False
test,UAV_0171,telemetry_01,367,32.0,98.16701083853218,81.04277805510338,-17.124232783428795,1.0527355359294164,0.6276554510269405,False
test,UAV_0171,telemetry_02,367,139.0,4.171453688017872,16.826870512935372,12.6554168249175,1.2351896626466863,0.47719377024884846,False
test,UAV_0171,telemetry_03,367,,,,0.0,0.0,0.0,False
test,UAV_0171,telemetry_04,367,213.0,-125.92150329276849,-125.87669961640802,0.04480367636047333,1.0500000000010323,0.6190476190477399,False
test,UAV_0171,telemetry_05,367,262.0,-113.43979671264347,-113.4307457716886,0.009050940954864473,2.02559101820266,1.003643194916509,False
test,UAV_0171,telemetry_06,367,274.0,-139.31041306257166,-140.37619503687233,-1.065781974300677,0.45483698556920055,1.5088131609870916,False
test,UAV_0171,telemetry_07,367,308.0,140.86610284299456,140.95533890006328,0.0892360570687174,2.979319612743188,1.0861757647456807,False
test,UAV_0171,telemetry_08,367,,,,0.0,0.0,0.0,False
test,UAV_0171,telemetry_09,367,137.0,-147.8136775425337,-158.92089945448652,-11.10722191195282,0.8478468333677873,0.6105206990482959,False
test,UAV_0171,telemetry_10,367,73.0,-61.23035807239963,-63.22081642027899,-1.9904583478793612,1.2389477510070994,0.5660216845007592,False
test,UAV_0171,telemetry_11,367,179.0,62.41542608675136,62.248761234269544,-0.16666485248181573,0.4000000000000273,1.4230769230769,False
test,UAV_0171,telemetry_12,367,347.0,641.6559859525057,643.8533842796312,2.1973983271254838,0.5322580645161361,1.0,False
test,UAV_0171,telemetry_13,367,28.0,7128.038869500436,7132.107156463839,4.0682869634028975,0.5193067018240299,0.6769643538578758,False
test,UAV_0171,telemetry_14,367,,,,0.0,0.0,0.0,False
test,UAV_0171,telemetry_15,367,350.0,50142.55649046569,50180.95063653066,38.39414606496575,0.422894021739153,1.1220883534135915,False
test,UAV_0171,telemetry_16,367,264.0,-693.7320496198354,-696.3335106993333,-2.6014610794978807,0.5,1.0,False
test,UAV_0171,telemetry_17,367,,,,0.0,0.0,0.0,False
test,UAV_0171,telemetry_18,367,111.0,-103.23691277466986,-103.32380324584199,-0.08689047117212567,0.33072463695833215,0.06470294882942233,False
test,UAV_0171,telemetry_19,367,349.0,33507.25049703286,33508.38643905186,1.1359420189983211,0.6060883639978447,1.0907715943486778,False
test,UAV_0171,telemetry_20,367,,,,0.0,0.0,0.0,False
test,UAV_0171,telemetry_21,367,330.0,34963.19015633238,34964.073078891815,0.8829225594381569,0.42857142857294217,1.5833333333374537,False
test,UAV_0171,telemetry_22,367,350.0,24663.046572718937,24830.770803237763,167.72423051882652,1.2606692393245191,0.8825253280456016,False
test,UAV_0171,telemetry_23,367,323.0,-17406.98941942522,-17423.586152046355,-16.596732621135743,0.47936757054935103,1.3927426542688182,False
test,UAV_0171,telemetry_24,367,339.0,-3692.01413897858,-3701.3575949018787,-9.343455923298734,0.4575459425129478,1.2579206153975626,False
test,UAV_0171,telemetry_25,367,347.0,-172.48863536202134,-173.0355387976275,-0.5469034356061684,0.43902439024391693,1.0277777777777546,False
test,UAV_0171,telemetry_26,367,347.0,-7577.816018926947,-7593.747324832555,-15.931305905607587,0.33636363636362937,1.1576576576576973,False
test,UAV_0171,telemetry_27,367,,,,0.0,0.0,0.0,False
test,UAV_0171,telemetry_28,367,358.0,-9800.042676090485,-9848.844948614762,-48.802272524277214,0.5211214245234327,1.0,False
test,UAV_0172,telemetry_01,232,31.0,70.78612810958538,92.55679655229122,21.77066844270584,1.3383814971700316,0.7088160149067146,False
test,UAV_0172,telemetry_02,232,161.0,16.174355628493643,5.945744237514894,-10.228611390978749,0.9983294290624407,0.7277616474948346,False
test,UAV_0172,telemetry_03,232,,,,0.0,0.0,0.0,False
test,UAV_0172,telemetry_04,232,19.0,-125.9143915981081,-125.86745441334949,0.046937184758604644,1.1000000000013987,0.3030303030300186,False
test,UAV_0172,telemetry_05,232,34.0,-113.52277392968281,-113.52800900938351,-0.005235079700696588,1.1716053031598705,0.6273155324701994,False
test,UAV_0172,telemetry_06,232,68.0,-138.99293276822945,-137.74931173358715,1.2436210346423024,0.5307322287546742,0.019133937562970573,False
test,UAV_0172,telemetry_07,232,218.0,140.5912754437698,140.67722414279535,0.08594869902555047,2.8695647601215146,1.0,False
test,UAV_0172,telemetry_08,232,,,,0.0,0.0,0.0,False
test,UAV_0172,telemetry_09,232,209.0,-149.5224725811986,-163.90804042866108,-14.385567847462482,1.0980925961822388,0.45080971430934696,False
test,UAV_0172,telemetry_10,232,127.0,-63.59124909030755,-61.57221194746078,2.01903714284677,1.2567364345980359,0.538578764740449,False
test,UAV_0172,telemetry_11,232,13.0,62.51772198178426,62.350790038192706,-0.16693194359155683,0.40064102564104004,1.2880000000000207,False
test,UAV_0172,telemetry_12,232,156.0,639.8581145939486,637.7273040949178,-2.1308104990307584,0.516129032258068,0.06250000000001334,False
test,UAV_0172,telemetry_13,232,116.0,7127.133110464976,7131.6546228995685,4.521512434592296,0.5771598047991309,1.1118987136675118,False
test,UAV_0172,telemetry_14,232,,,,0.0,0.0,0.0,False
test,UAV_0172,telemetry_15,232,214.0,50055.22137266972,50097.43951400541,42.218141335688415,0.46501358695649314,1.0489408327246796,False
test,UAV_0172,telemetry_16,232,195.0,-692.8648959266694,-695.4663570061673,-2.6014610794978807,0.5,1.3333333333333333,False
test,UAV_0172,telemetry_17,232,,,,0.0,0.0,0.0,False
test,UAV_0172,telemetry_18,232,146.0,-103.06459044260416,-103.07193517284598,-0.007344730241825914,0.027955691919000717,0.3755701698532586,False
test,UAV_0172,telemetry_19,232,120.0,33503.2156285214,33503.95234915607,0.7367206346680177,0.39308151007842296,1.5214682416145995,False
test,UAV_0172,telemetry_20,232,,,,0.0,0.0,0.0,False
test,UAV_0172,telemetry_21,232,71.0,34959.437735454776,34960.394234894164,0.9564994393876987,0.4642857142855881,1.3846153846206508,False
test,UAV_0172,telemetry_22,232,40.0,22971.508770138476,22867.200680036804,-104.30809010167286,0.7840131398850513,0.03212290502787538,False
test,UAV_0172,telemetry_23,232,126.0,-17354.369776627827,-17367.764613813088,-13.394837185260258,0.38688642553807157,1.8175447710626003,False
test,UAV_0172,telemetry_24,232,214.0,-3668.493013278854,-3677.7283696572886,-9.235356378434517,0.45225234359771294,1.1791710486293412,False
test,UAV_0172,telemetry_25,232,152.0,-171.24291086980736,-171.62270492231164,-0.37979405250428044,0.3048780487804953,1.5599999999999132,False
test,UAV_0172,telemetry_26,232,211.0,-7520.908246029889,-7537.628940966854,-16.72069493696563,0.3530303030302768,1.2060085836910173,False
test,UAV_0172,telemetry_27,232,,,,0.0,0.0,0.0,False
test,UAV_0172,telemetry_28,232,33.0,-9715.563064465994,-9663.886234191701,51.676830274293025,0.551816585877198,0.14169156553270373,False
test,UAV_0173,telemetry_01,109,72.0,92.46992239097558,79.79684596640128,-12.673076424574305,0.7790946356796329,0.6830882395520015,False
test,UAV_0173,telemetry_02,109,50.0,23.100439293840886,10.167193237086858,-12.933246056754028,1.262306256267678,0.9447992659487238,False
test,UAV_0173,telemetry_03,109,,,,0.0,0.0,0.0,False
test,UAV_0173,telemetry_04,109,19.0,-125.86958792174764,-125.91723627597224,-0.04764835422460578,1.1166666666671885,0.6567164179107772,False
test,UAV_0173,telemetry_05,109,93.0,-113.52421602706016,-113.52818164204979,-0.003965614989624555,0.8875004427375159,0.8881387979811187,False
test,UAV_0173,telemetry_06,109,79.0,-138.7280527593404,-137.59213707110217,1.1359156882382138,0.4847675040085399,0.7293274531422361,False
test,UAV_0173,telemetry_07,109,11.0,140.5912754437698,140.5912754437698,0.0,0.0,0.0,False
test,UAV_0173,telemetry_08,109,,,,0.0,0.0,0.0,False
test,UAV_0173,telemetry_09,109,89.0,-165.22052698434936,-150.36974691924348,14.85078006510588,1.1336036095300952,0.9292354650891709,False
test,UAV_0173,telemetry_10,109,72.0,-61.40915282125399,-63.03205111337772,-1.622898292123729,1.0101624036906607,0.6715163408996943,False
test,UAV_0173,telemetry_11,109,11.0,62.50142942408972,62.38871697577671,-0.11271244831301175,0.2705128205128124,0.3886255924170634,False
test,UAV_0173,telemetry_12,109,88.0,638.3931823758649,636.4621353611183,-1.9310470147465821,0.46774193548386384,0.8965517241379066,False
test,UAV_0173,telemetry_13,109,54.0,7132.400628978625,7129.049721941448,-3.350907037176512,0.4277349403444069,0.2806985766230608,False
test,UAV_0173,telemetry_14,109,,,,0.0,0.0,0.0,False
test,UAV_0173,telemetry_15,109,78.0,49988.023907388146,50014.79187428324,26.767966895095014,0.2948369565217816,0.9435483870966888,False
test,UAV_0173,telemetry_16,109,22.0,-692.8648959266694,-694.5992033130013,-1.7343073863319205,0.3333333333333333,1.0,False
test,UAV_0173,telemetry_17,109,,,,0.0,0.0,0.0,False
test,UAV_0173,telemetry_18,109,61.0,-103.32351712141877,-103.33005457127854,-0.006537449859763456,0.024883001580467492,0.539877097629225,False
test,UAV_0173,telemetry_19,109,16.0,33504.41489291476,33503.78712195213,-0.6277709626301657,0.3349507891620933,0.4174832211441747,False
test,UAV_0173,telemetry_20,109,,,,0.0,0.0,0.0,False
test,UAV_0173,telemetry_21,109,66.0,34961.20358057365,34960.688542413984,-0.5150381596686202,0.24999999999911707,0.4285714285815193,False
test,UAV_0173,telemetry_22,109,97.0,22973.32979126455,23062.26846306213,88.93867179757945,0.6684916506980317,1.06388206388208,False
test,UAV_0173,telemetry_23,109,82.0,-17366.064132357777,-17379.004962766783,-12.940830409006594,0.37377323450741623,0.5153461102000424,False
test,UAV_0173,telemetry_24,109,32.0,-3646.3919080168307,-3650.0869334399213,-3.6950254230905557,0.18094417137469465,0.22282003024739572,False
test,UAV_0173,telemetry_25,109,91.0,-171.68347197071233,-172.19999188211813,-0.5165199114057941,0.41463414634145174,0.17647058823526823,False
test,UAV_0173,telemetry_26,109,67.0,-7479.716491120794,-7475.338970128712,4.377520992081372,0.09242424242424067,0.8852459016393988,False
test,UAV_0173,telemetry_27,109,,,,0.0,0.0,0.0,False
test,UAV_0173,telemetry_28,109,54.0,-9729.784134716738,-9696.973779546224,32.8103551705135,0.3503562055859612,0.1437185148699021,False
test,UAV_0174,telemetry_01,68,35.0,81.04097656718639,96.90056945698217,15.859592889795778,0.974990075854276,0.418765247802035,False
test,UAV_0174,telemetry_02,68,42.0,12.008385084721553,21.627033480797593,9.61864839607604,0.9387960295447404,0.1299114354693251,False
test,UAV_0174,telemetry_03,68,,,,0.0,0.0,0.0,False
test,UAV_0174,telemetry_04,68,58.0,-125.90656873398167,-125.86674324388349,0.03982549009818115,0.9333333333338439,0.8928571428571301,False
test,UAV_0174,telemetry_05,68,58.0,-113.52500333825728,-113.52822648504956,-0.003223146792279863,0.7213368450140957,0.8378017050143297,False
test,UAV_0174,telemetry_06,68,25.0,-139.53960002061748,-138.53956840313327,1.0000316174842112,0.4267771245323093,0.7532874139010391,False
test,UAV_0174,telemetry_07,68,11.0,140.5912754437698,140.5912754437698,0.0,0.0,0.0,False
test,UAV_0174,telemetry_08,68,,,,0.0,0.0,0.0,False
test,UAV_0174,telemetry_09,68,17.0,-150.27004465833227,-159.14155894049702,-8.871514282164753,0.6771887111768399,0.762532551838872,False
test,UAV_0174,telemetry_10,68,43.0,-62.90098991256059,-61.93855817305626,0.962431739504332,0.5990593274293488,0.7356638733471215,False
test,UAV_0174,telemetry_11,68,12.0,62.25730814978144,62.3593369537046,0.1020288039231616,0.24487179487180863,0.9947643979057256,False
test,UAV_0174,telemetry_12,68,36.0,640.1244659063274,639.0590606568119,-1.0654052495154929,0.25806451612906156,0.62499999999996,False
test,UAV_0174,telemetry_13,68,39.0,7127.1381300493385,7131.812369745472,4.674239696133554,0.5966550594807885,0.713317140739741,False
test,UAV_0174,telemetry_14,68,,,,0.0,0.0,0.0,False
test,UAV_0174,telemetry_15,68,57.0,49991.200290556575,50013.465811407106,22.265520850531175,0.24524456521745783,0.5900277008308964,False
test,UAV_0174,telemetry_16,68,17.0,-692.8648959266694,-694.5992033130013,-1.7343073863319205,0.3333333333333333,0.5,False
test,UAV_0174,telemetry_17,68,,,,0.0,0.0,0.0,False
test,UAV_0174,telemetry_18,68,30.0,-103.32883234358002,-103.24294958869076,0.0858827548892549,0.3268890425909218,0.08776954791791196,False
test,UAV_0174,telemetry_19,68,19.0,33504.323470306874,33503.99251328736,-0.3309570195124252,0.17658401146809324,0.8709624962156639,False
test,UAV_0174,telemetry_20,68,,,,0.0,0.0,0.0,False
test,UAV_0174,telemetry_21,68,42.0,34960.394234894164,34961.056426813746,0.6621919195822557,0.3214285714314725,1.0,False
test,UAV_0174,telemetry_22,68,59.0,22984.183077175963,22918.18927156695,-65.99380560901409,0.4960306597317043,1.0,False
test,UAV_0174,telemetry_23,68,54.0,-17365.553762634518,-17375.805430677014,-10.251668042496021,0.2961014867077761,0.5660174950907539,False
test,UAV_0174,telemetry_24,68,20.0,-3652.161422991158,-3655.827122942557,-3.665699951398892,0.17950811273697576,0.5336124061063778,False
test,UAV_0174,telemetry_25,68,54.0,-171.41002025290925,-171.60751316021145,-0.19749290730220537,0.15853658536584114,0.3076923076923741,False
test,UAV_0174,telemetry_26,68,54.0,-7488.902108940243,-7494.284306881327,-5.382197941084087,0.11363636363637061,0.7999999999997972,False
test,UAV_0174,telemetry_27,68,,,,0.0,0.0,0.0,False
test,UAV_0174,telemetry_28,68,44.0,-9709.937842215968,-9682.052686519994,27.88515569597439,0.2977638398317417,0.4882791157534638,False
test,UAV_0175,telemetry_01,191,144.0,93.98458654176088,77.22697976432042,-16.757606777440458,1.0301967028160703,0.5820027437608374,False
test,UAV_0175,telemetry_02,191,49.0,17.40621364442115,9.121190609762323,-8.285023034658828,0.8086319833457539,0.7300531107991335,False
test,UAV_0175,telemetry_03,191,,,,0.0,0.0,0.0,False
test,UAV_0175,telemetry_04,191,14.0,-125.93714902102136,-125.88594481946652,0.051204201554838846,1.2000000000014654,0.9444444444441052,False
test,UAV_0175,telemetry_05,191,55.0,-113.52271655230382,-113.52777115840681,-0.005054606102987691,1.1312155027662014,0.7688923244258593,False
test,UAV_0175,telemetry_06,191,82.0,-137.35042623556745,-138.86581541171768,-1.5153891761502223,0.6467129877070991,1.0809917355371876,False
test,UAV_0175,telemetry_07,191,11.0,140.5912754437698,140.5912754437698,0.0,0.0,0.0,False
test,UAV_0175,telemetry_08,191,,,,0.0,0.0,0.0,False
test,UAV_0175,telemetry_09,191,125.0,-160.16427390712155,-146.0422133806249,14.122060526496654,1.0779783093316553,0.5571241902582845,False
test,UAV_0175,telemetry_10,191,26.0,-63.62210739638894,-61.73348914541566,1.8886182509732805,1.1755580502587464,0.6686524172333147,False
test,UAV_0175,telemetry_11,191,88.0,62.498758512992254,62.31045928062099,-0.18829923237126422,0.4519230769230646,1.0524822695035472,False
test,UAV_0175,telemetry_12,191,12.0,637.2611892982549,639.1256484849067,1.8644591866518567,0.4516129032257958,0.6071428571428223,False
test,UAV_0175,telemetry_13,191,124.0,7131.549956166924,7125.488372957238,-6.061583209685523,0.7737460048346069,0.07311042824025217,False
test,UAV_0175,telemetry_14,191,,,,0.0,0.0,0.0,False
test,UAV_0175,telemetry_15,191,178.0,50035.29959085609,50075.975798614876,40.676207758784585,0.44802989130434506,0.983320697498044,False
test,UAV_0175,telemetry_16,191,176.0,-692.8648959266694,-696.3335106993333,-3.468614772663841,0.6666666666666666,1.0,False
test,UAV_0175,telemetry_17,191,,,,0.0,0.0,0.0,False
test,UAV_0175,telemetry_18,191,109.0,-103.0678022937108,-102.98539718276231,0.08240511094848557,0.31365234915070667,0.04493468289015977,False
test,UAV_0175,telemetry_19,191,178.0,33504.60275438237,33505.43291441725,0.8301600348786451,0.4429366367129125,1.074773181938326,False
test,UAV_0175,telemetry_20,191,,,,0.0,0.0,0.0,False
test,UAV_0175,telemetry_21,191,181.0,34961.424311213515,34962.23365689299,0.8093456794740632,0.3928571428532327,1.0,False
test,UAV_0175,telemetry_22,191,103.0,22920.665860298413,23013.829301108493,93.16344081007992,0.7002463728442332,0.7787333854573488,False
test,UAV_0175,telemetry_23,191,175.0,-17381.819975599094,-17395.93384475881,-14.11386915971525,0.4076544055140125,1.0918712564828668,False
test,UAV_0175,telemetry_24,191,146.0,-3647.6346853693626,-3654.9537352781917,-7.319049908829129,0.35841145035896144,1.947258186590224,False
test,UAV_0175,telemetry_25,191,179.0,-171.86577311591435,-172.27595069261895,-0.41017757670459787,0.32926829268291485,1.037037037037078,False
test,UAV_0175,telemetry_26,191,176.0,-7505.62280387721,-7523.34817576318,-17.725371885970162,0.3742424242424452,1.1902834008096779,False
test,UAV_0175,telemetry_27,191,,,,0.0,0.0,0.0,False
test,UAV_0175,telemetry_28,191,165.0,-9707.107696646079,-9756.184625286789,-49.07692864071032,0.5240542630829177,0.9310860350907485,False
test,UAV_0176,telemetry_01,180,92.0,82.9486734318952,93.99545807357467,11.046784641679466,0.6791161330923422,0.528256243741819,False
test,UAV_0176,telemetry_02,180,75.0,16.35357288121326,4.819478325568125,-11.534094555645137,1.1257467502035574,0.36400943485248627,False
test,UAV_0176,telemetry_03,180,,,,0.0,0.0,0.0,False
test,UAV_0176,telemetry_04,180,61.0,-125.9165251065062,-125.87741078587406,0.03911432063213738,0.9166666666670552,0.5636363636362579,False
test,UAV_0176,telemetry_05,180,14.0,-113.52841659842136,-113.52319599333248,0.005220605088879893,1.1683659003360007,0.6389103835229214,False
test,UAV_0176,telemetry_06,180,163.0,-137.3529310110652,-136.27963471027124,1.0732963007939702,0.4580438268305523,1.2806301050175313,False
test,UAV_0176,telemetry_07,180,11.0,140.5912754437698,140.5912754437698,0.0,0.0,0.0,False
test,UAV_0176,telemetry_08,180,,,,0.0,0.0,0.0,False
test,UAV_0176,telemetry_09,180,39.0,-164.32100320970483,-148.39736929744026,15.923633912264563,1.2154976910736603,0.8110981782632848,False
test,UAV_0176,telemetry_10,180,90.0,-61.25114525647781,-63.03378500725591,-1.7826397507780953,1.1095924275106896,0.7406122225053061,False
test,UAV_0176,telemetry_11,180,169.0,62.706021214155534,62.87856207105176,0.17254085689622656,0.4141025641025632,0.8544891640866937,False
test,UAV_0176,telemetry_12,180,109.0,636.1957840487395,638.1268310634861,1.9310470147465821,0.46774193548386384,0.17241379310343,False
test,UAV_0176,telemetry_13,180,99.0,7129.511999113516,7134.285856909661,4.773857796144512,0.6093710619221195,1.2753007647312944,False
test,UAV_0176,telemetry_14,180,,,,0.0,0.0,0.0,False
test,UAV_0176,telemetry_15,180,163.0,49989.34997026429,49962.76703539843,-26.582934865858988,0.29279891304344047,1.0,False
test,UAV_0176,telemetry_16,180,18.0,-691.1305885403375,-694.5992033130013,-3.468614772663841,0.6666666666666666,1.0,False
test,UAV_0176,telemetry_17,180,,,,0.0,0.0,0.0,False
test,UAV_0176,telemetry_18,180,129.0,-103.331617603334,-103.32576485269416,0.005852750639832038,0.022276882659914156,0.8056608037018835,False
test,UAV_0176,telemetry_19,180,155.0,33505.0721269592,33505.70536326514,0.6332363059336785,0.3378668543539009,1.3441056319003741,False
test,UAV_0176,telemetry_20,180,,,,0.0,0.0,0.0,False
test,UAV_0176,telemetry_21,180,111.0,34960.76211929393,34961.571464973415,0.8093456794813392,0.39285714285676443,1.6363636363709917,False
test,UAV_0176,telemetry_22,180,118.0,22966.409910985458,23061.24869123153,94.83878024607111,0.7128387626608275,1.0967741935483784,False
test,UAV_0176,telemetry_23,180,131.0,-17362.592513956402,-17374.651585432184,-12.05907147578182,0.3483051711675357,0.40516244776917765,False
test,UAV_0176,telemetry_24,180,148.0,-3643.4419114296884,-3639.3928779742796,4.0490334554087895,0.19827982748886344,1.0508428296733339,False
test,UAV_0176,telemetry_25,180,117.0,-171.744239019113,-172.32152597891948,-0.5772869598064858,0.46341463414633643,1.3421052631579207,False
test,UAV_0176,telemetry_26,180,89.0,-7480.505880152153,-7474.83663165421,5.669248497943045,0.11969696969700112,1.8860759493667394,False
test,UAV_0176,telemetry_27,180,,,,0.0,0.0,0.0,False
test,UAV_0176,telemetry_28,180,59.0,-9739.708333248904,-9701.94248264196,37.765850606943786,0.40327207830002937,0.5011982457270139,False
test,UAV_0177,telemetry_01,381,268.0,95.59451129690868,79.91069425750696,-15.683817039401717,0.9641840160203364,0.6626696235776618,False
test,UAV_0177,telemetry_02,381,157.0,7.670884318581432,17.68674923661964,10.015864918038208,0.9775650206058735,0.4187232531847492,False
test,UAV_0177,telemetry_03,381,,,,0.0,0.0,0.0,False
test,UAV_0177,telemetry_04,381,331.0,-125.86745441334952,-125.91225808971,-0.04480367636047333,1.0500000000010323,0.7777777777776368,False
test,UAV_0177,telemetry_05,381,237.0,-113.5236833593984,-113.52883942210929,-0.005156062710881315,1.1539213843658578,0.7325974485855354,False
test,UAV_0177,telemetry_06,381,214.0,-138.11187798688923,-139.19519338967427,-1.083315402785047,0.4623196151790293,1.0404624277456758,False
test,UAV_0177,telemetry_07,381,11.0,140.5912754437698,140.5912754437698,0.0,0.0,0.0,False
test,UAV_0177,telemetry_08,381,,,,0.0,0.0,0.0,False
test,UAV_0177,telemetry_09,381,90.0,-144.75480343664333,-161.34251529382266,-16.58771185717933,1.2661887087888526,0.5132755735560915,False
test,UAV_0177,telemetry_10,381,92.0,-63.117661732659,-61.771068471190276,1.3465932614687262,0.8381781485633529,0.5186162148908157,False
test,UAV_0177,telemetry_11,381,371.0,62.21377229889276,62.030280706496924,-0.18349159239583912,0.4403846153846308,0.9301310043668278,False
test,UAV_0177,telemetry_12,381,109.0,639.2588241410962,637.3943649544443,-1.8644591866518567,0.4516129032257958,0.17857142857141114,False
test,UAV_0177,telemetry_13,381,341.0,7129.166641901147,7134.946361005821,5.779719104673859,0.7377667536035788,0.7343117302625947,False
test,UAV_0177,telemetry_14,381,,,,0.0,0.0,0.0,False
test,UAV_0177,telemetry_15,381,290.0,50000.976149434166,50031.62978894306,30.6536395088915,0.337635869565182,1.6750503018111302,False
test,UAV_0177,telemetry_16,381,84.0,-694.5992033130013,-691.1305885403375,3.468614772663841,0.6666666666666666,0.5,False
test,UAV_0177,telemetry_17,381,,,,0.0,0.0,0.0,False
test,UAV_0177,telemetry_18,381,14.0,-103.06752794023112,-103.1554226625901,-0.08789472235898188,0.334547042392526,0.008794809351052112,False
test,UAV_0177,telemetry_19,381,128.0,33503.781750406866,33503.03383682083,-0.7479135860339738,0.39905357332482166,0.3368590574839225,False
test,UAV_0177,telemetry_20,381,,,,0.0,0.0,0.0,False
test,UAV_0177,telemetry_21,381,254.0,34959.95277361445,34960.76211929393,0.8093456794813392,0.39285714285676443,1.6363636363620018,False
test,UAV_0177,telemetry_22,381,280.0,22913.67313917428,23000.499426465612,86.82628729133285,0.6526142896249584,1.239932885906067,False
test,UAV_0177,telemetry_23,381,372.0,-17391.033827003917,-17402.341466147074,-11.307639143156848,0.3266013635600106,1.0,False
test,UAV_0177,telemetry_24,381,341.0,-3662.6707057572794,-3669.3283774741726,-6.657671716893219,0.3260239793128105,1.348525591838937,False
test,UAV_0177,telemetry_25,381,320.0,-171.48597906341013,-172.1544165958176,-0.6684375324074665,0.5365853658536179,0.9772727272727437,False
test,UAV_0177,telemetry_26,381,341.0,-7510.789713900651,-7522.415261453391,-11.6255475527405,0.24545454545453674,1.5617283950617058,False
test,UAV_0177,telemetry_27,381,,,,0.0,0.0,0.0,False
test,UAV_0177,telemetry_28,381,255.0,-9684.357705654602,-9723.822592766235,-39.46488711163329,0.42141476465138017,1.1369883619071581,False
test,UAV_0178,telemetry_01,279,25.0,79.18262362397263,91.34031632862656,12.157692704653925,0.74741071947378,0.6247417660753309,False
test,UAV_0178,telemetry_02,279,108.0,5.5485115886874,16.338276663485352,10.789765074797952,1.053098958900831,0.6761534351180687,False
test,UAV_0178,telemetry_03,279,,,,0.0,0.0,0.0,False
test,UAV_0178,telemetry_04,279,74.0,-125.91652510650621,-125.86958792174764,0.04693718475857622,1.1000000000007326,0.46969696969707064,False
test,UAV_0178,telemetry_05,279,213.0,-113.52285185633733,-113.52762546232734,-0.00477360599001031,1.0683279745192074,0.8089577207917729,False
test,UAV_0178,telemetry_06,279,260.0,-139.68550319336254,-141.1733398390373,-1.4878366456747756,0.6349545697487932,1.080387205387233,False
test,UAV_0178,telemetry_07,279,239.0,140.5912754437698,140.67722414279535,0.08594869902555047,2.8695647601215146,1.0,False
test,UAV_0178,telemetry_08,279,,,,0.0,0.0,0.0,False
test,UAV_0178,telemetry_09,279,221.0,-154.7279966856792,-144.3543860752827,10.373610610396497,0.7918481305528191,0.3771071173667357,False
test,UAV_0178,telemetry_10,279,26.0,-63.28801074573806,-61.09142204276744,2.1965887029706224,1.3672522393309572,0.4484834215920223,False
test,UAV_0178,telemetry_11,279,258.0,61.954159740219175,61.8083279942976,-0.14583174592157633,0.34999999999999404,0.9835164835165229,False
test,UAV_0178,telemetry_12,279,250.0,640.1244659063274,642.5216277177369,2.3971618114095463,0.5806451612903129,1.11111111111109,False
test,UAV_0178,telemetry_13,279,101.0,7131.48154014526,7126.07193013279,-5.409610012469784,0.6905232494661963,0.037513484768372435,False
test,UAV_0178,telemetry_14,279,,,,0.0,0.0,0.0,False
test,UAV_0178,telemetry_15,279,235.0,50055.77646875741,50105.334213919166,49.55774516175734,0.5458559782607919,1.7324206596143803,False
test,UAV_0178,telemetry_16,279,39.0,-694.5992033130013,-691.1305885403375,3.468614772663841,0.6666666666666666,0.0,False
test,UAV_0178,telemetry_17,279,,,,0.0,0.0,0.0,False
test,UAV_0178,telemetry_18,279,213.0,-102.90309971094008,-102.98458404599464,-0.08148433505455444,0.3101476694184825,0.9343356172108308,False
test,UAV_0178,telemetry_19,279,268.0,33507.11824410242,33508.22720433654,1.108960234116239,0.5916920782865869,1.0,False
test,UAV_0178,telemetry_20,279,,,,0.0,0.0,0.0,False
test,UAV_0178,telemetry_21,279,256.0,34962.895848812565,34964.14665577177,1.2508069592076936,0.6071428571467673,1.2941176470608766,False
test,UAV_0178,telemetry_22,279,132.0,22924.963470155955,23035.608713776368,110.64524362041266,0.8316452231042714,0.9789335088874594,False
test,UAV_0178,telemetry_23,279,257.0,-17414.787593389527,-17430.278814014055,-15.491220624528069,0.4474367916349457,1.2564860387247268,False
test,UAV_0178,telemetry_24,279,270.0,-3694.4173285198094,-3706.737992024874,-12.320663505064658,0.6033388119007077,1.0,False
test,UAV_0178,telemetry_25,279,254.0,-172.33671774101964,-172.88362117662578,-0.54690343560614,0.4390243902438941,1.250000000000013,False
test,UAV_0178,telemetry_26,279,263.0,-7555.8566513273245,-7583.915843260176,-28.059191932851718,0.592424242424279,1.2199488491047927,False
test,UAV_0178,telemetry_27,279,,,,0.0,0.0,0.0,False
test,UAV_0178,telemetry_28,279,257.0,-9762.558249765909,-9808.63285914725,-46.07460938134136,0.4919948361671286,1.0617020384231286,False
test,UAV_0179,telemetry_01,170,62.0,92.71515008737774,82.13305567496334,-10.582094412414392,0.6505486682760541,0.35486921854142633,False
test,UAV_0179,telemetry_02,170,38.0,17.115326388626805,7.135361906238366,-9.97996448238844,0.9740610785696225,0.3810887198014531,False
test,UAV_0179,telemetry_03,170,,,,0.0,0.0,0.0,False
test,UAV_0179,telemetry_04,170,33.0,-125.91083575077792,-125.8653209049514,0.0455148458265171,1.0666666666678213,0.34375000000027317,False
test,UAV_0179,telemetry_05,170,65.0,-113.52809886447315,-113.52363041548865,0.004468448984496831,1.0000341592582085,0.6872136874549187,False
test,UAV_0179,telemetry_06,170,143.0,-137.34541668457194,-135.65281464195456,1.6926020426173807,0.7223409941207822,1.0425453200147956,False
test,UAV_0179,telemetry_07,170,11.0,140.5912754437698,140.5912754437698,0.0,0.0,0.0,False
test,UAV_0179,telemetry_08,170,,,,0.0,0.0,0.0,False
test,UAV_0179,telemetry_09,170,157.0,-159.08421138111896,-143.12774073761238,15.956470643506577,1.218004215101215,0.7530745293606057,False
test,UAV_0179,telemetry_10,170,105.0,-63.30278523196844,-61.49540754464679,1.8073776873216545,1.1249903939528676,0.5863231687794214,False
test,UAV_0179,telemetry_11,170,161.0,62.791757460384154,62.97044141280455,0.1786839524203927,0.4288461538461459,1.0,False
test,UAV_0179,telemetry_12,170,65.0,637.0614258139707,635.5299057677923,-1.5315200461783434,0.370967741935483,1.1304347826087247,False
test,UAV_0179,telemetry_13,170,33.0,7137.39067282922,7132.456297915889,-4.9343749133313395,0.6298606722820703,0.08650198828826139,False
test,UAV_0179,telemetry_14,170,,,,0.0,0.0,0.0,False
test,UAV_0179,telemetry_15,170,87.0,49942.50602819788,49963.753872887646,21.24784468976577,0.2340353260869423,0.6531204644412937,False
test,UAV_0179,telemetry_16,170,151.0,-698.0678180856652,-699.8021254719972,-1.7343073863320342,0.3333333333333552,0.49999999999996725,False
test,UAV_0179,telemetry_17,170,,,,0.0,0.0,0.0,False
test,UAV_0179,telemetry_18,170,99.0,-103.33124401255296,-103.32419067502934,0.007053337523615255,0.02684658582666965,0.4829517745124491,False
test,UAV_0179,telemetry_19,170,128.0,33505.451083786844,33506.184335769016,0.733251982172078,0.3912307906918869,1.3743776039154316,False
test,UAV_0179,telemetry_20,170,,,,0.0,0.0,0.0,False
test,UAV_0179,telemetry_21,170,144.0,34962.822271932615,34963.41088697224,0.5886150396254379,0.2857142857152948,1.0,False
test,UAV_0179,telemetry_22,170,93.0,23008.584760265396,23100.655588399826,92.07082813443049,0.6920339447029534,0.9438291139240234,False
test,UAV_0179,telemetry_23,170,157.0,-17358.848113429805,-17370.300142692526,-11.452029262720316,0.3307718194206012,0.4386126464630744,False
test,UAV_0179,telemetry_24,170,155.0,-3637.958392667896,-3633.606967406901,4.351425260995256,0.21308785407250086,0.8896816581658336,False
test,UAV_0179,telemetry_25,170,148.0,-173.03553879762748,-173.46090813643227,-0.425369338804785,0.3414634146341475,1.25,False
test,UAV_0179,telemetry_26,170,150.0,-7463.139321462255,-7456.034820180024,7.104501282230558,0.15,1.1414141414140715,False
test,UAV_0179,telemetry_27,170,,,,0.0,0.0,0.0,False
test,UAV_0179,telemetry_28,170,150.0,-9822.062168945846,-9878.148862490401,-56.0866935445556,0.5989060780357772,0.9959251015703857,False
test,UAV_0180,telemetry_01,85,38.0,92.3840710227658,81.20552910862864,-11.178541914137156,0.6872160908882659,0.6852986081480401,False
test,UAV_0180,telemetry_02,85,73.0,2.5891178149644043,13.873671002991692,11.284553188027289,1.10139109902679,0.9033612080296587,False
test,UAV_0180,telemetry_03,85,,,,0.0,0.0,0.0,False
test,UAV_0180,telemetry_04,85,75.0,-125.91296925917604,-125.87669961640803,0.03626964276800493,0.8500000000008993,0.8431372549021529,False
test,UAV_0180,telemetry_05,85,11.0,-113.52317429342321,-113.5268933632442,-0.003719069820988352,0.8323238946127214,0.4804657264800357,False
test,UAV_0180,telemetry_06,85,65.0,-137.51323664292244,-136.42491168914182,1.0883249537806137,0.46445750935328,0.5978135788262389,False
test,UAV_0180,telemetry_07,85,11.0,140.5912754437698,140.5912754437698,0.0,0.0,0.0,False
test,UAV_0180,telemetry_08,85,,,,0.0,0.0,0.0,False
test,UAV_0180,telemetry_09,85,24.0,-158.70784189738905,-147.389112245433,11.318729651956033,0.8639918396543299,0.3220618805106495,False
test,UAV_0180,telemetry_10,85,69.0,-62.726738994243405,-61.75220657309437,0.9745324211490356,0.6065913173980567,0.33163639260902306,False
test,UAV_0180,telemetry_11,85,73.0,62.61627860128071,62.37189023586268,-0.24438836541803255,0.5865384615384667,0.979234972677607,False
test,UAV_0180,telemetry_12,85,43.0,634.7308518306559,636.7284866734972,1.9976348428413075,0.48387096774193195,0.7666666666666135,False
test,UAV_0180,telemetry_13,85,53.0,7129.32457891093,7132.6281388125835,3.303559901653898,0.42169119637790514,0.4712677891063844,False
test,UAV_0180,telemetry_14,85,,,,0.0,0.0,0.0,False
test,UAV_0180,telemetry_15,85,68.0,49892.63989632073,49954.68730345544,62.04740713470528,0.683423913043488,0.9731610337972156,False
test,UAV_0180,telemetry_16,85,61.0,-692.8648959266694,-690.2634348471715,2.6014610794978807,0.5,0.0,False
test,UAV_0180,telemetry_17,85,,,,0.0,0.0,0.0,False
test,UAV_0180,telemetry_18,85,63.0,-102.98662893237974,-102.89415420987802,0.09247472250171995,0.35197955097537825,0.113956663938173,False
test,UAV_0180,telemetry_19,85,68.0,33496.36256570878,33502.751995552826,6.389429844042752,3.4091168530500493,0.9732925372543079,True
test,UAV_0180,telemetry_20,85,,,,0.0,0.0,0.0,False
test,UAV_0180,telemetry_21,85,68.0,34952.59508561915,34959.36415857483,6.769072955677984,3.2857142857188264,0.9891304347831228,True
test,UAV_0180,telemetry_22,85,18.0,22882.861461721062,22938.366185643878,55.504723922815174,0.4171913495756869,0.5708661417322592,False
test,UAV_0180,telemetry_23,85,72.0,-17331.208612638904,-17347.00491996816,-15.796307329255797,0.45624868707188204,0.8467401237537774,False
test,UAV_0180,telemetry_24,85,68.0,-3621.812142166703,-3635.69232420939,-13.88018204268701,0.6797079182592586,0.7524585170223288,False
test,UAV_0180,telemetry_25,85,71.0,-171.6378966844118,-171.04541796250516,0.5924787219066445,0.47560975609754624,0.8974358974358803,False
test,UAV_0180,telemetry_26,85,73.0,-7427.4732897726735,-7451.298485991871,-23.825196219197096,0.503030303030296,1.0240963855421517,False
test,UAV_0180,telemetry_27,85,,,,0.0,0.0,0.0,False
test,UAV_0180,telemetry_28,85,20.0,-9691.120016438577,-9735.104877275735,-43.98486083715761,0.469680040525203,0.4258715024171231,False
test,UAV_0181,telemetry_01,155,75.0,98.49005723472519,82.70873293855547,-15.781324296169714,0.9701784074484885,0.8771953975732218,False
test,UAV_0181,telemetry_02,155,126.0,5.184406070863064,14.32084953081159,9.136443459948525,0.8917320283646928,0.9909549089540499,False
test,UAV_0181,telemetry_03,155,,,,0.0,0.0,0.0,False
test,UAV_0181,telemetry_04,155,34.0,-125.8745661080099,-125.90941341184583,-0.0348473038359316,0.8166666666676546,0.6530612244897127,False
test,UAV_0181,telemetry_05,155,68.0,-113.39440138027905,-113.37369392195056,0.02070745832848786,4.634307284641761,2.1203304765215583,True
test,UAV_0181,telemetry_06,155,146.0,-140.2847707312038,-141.60603980627693,-1.3212690750731326,0.5638695884553653,1.0,False
test,UAV_0181,telemetry_07,155,133.0,140.4972461957832,140.6251473229661,0.12790112718289492,4.270228304849022,1.059591166077175,True
test,UAV_0181,telemetry_08,155,,,,0.0,0.0,0.0,False
test,UAV_0181,telemetry_09,155,110.0,-150.75346008412214,-164.19586020062724,-13.442400116505098,1.026097836343475,0.21904641798917893,False
test,UAV_0181,telemetry_10,155,143.0,-61.54115540397197,-62.679750295818764,-1.1385948918467932,0.7087109268398788,1.004479827609174,False
test,UAV_0181,telemetry_11,155,139.0,62.21617611888047,61.987011946718,-0.22916417216246998,0.5499999999999736,1.146853146853204,False
test,UAV_0181,telemetry_12,155,85.0,638.2600067196756,640.3242293906114,2.0642226709358056,0.49999999999994493,1.2903225806452572,False
test,UAV_0181,telemetry_13,155,63.0,7131.4393671161215,7127.968890120993,-3.4704769951285925,0.4429977477766031,0.1942094564319216,False
test,UAV_0181,telemetry_14,155,,,,0.0,0.0,0.0,False
test,UAV_0181,telemetry_15,155,146.0,50121.55535514822,50174.474515507645,52.919160359422676,0.5828804347826398,1.0,False
test,UAV_0181,telemetry_16,155,28.0,-692.8648959266694,-691.1305885403375,1.7343073863319205,0.3333333333333333,1.0,False
test,UAV_0181,telemetry_17,155,,,,0.0,0.0,0.0,False
test,UAV_0181,telemetry_18,155,124.0,-103.15554616049292,-103.23603325755184,-0.08048709705892065,0.30635195776428165,1.032702547367873,False
test,UAV_0181,telemetry_19,155,136.0,33505.41589921359,33506.71074625738,1.2948470437841024,0.6908730492130093,1.2253492579455287,False
test,UAV_0181,telemetry_20,155,,,,0.0,0.0,0.0,False
test,UAV_0181,telemetry_21,155,130.0,34961.939349373184,34963.04300257248,1.1036531992940581,0.5357142857144118,1.2666666666675457,False
test,UAV_0181,telemetry_22,155,95.0,25442.908669987122,25766.383500020613,323.47483003349043,2.4313408185418672,1.7450807766303214,False
test,UAV_0181,telemetry_23,155,145.0,-17413.31389426632,-17437.064922005287,-23.751027738966513,0.6860068620241166,1.0255752959993132,False
test,UAV_0181,telemetry_24,155,142.0,-3681.9684479950674,-3697.4801030231365,-15.511655028069072,0.7596006100971522,1.120648319050272,False
test,UAV_0181,telemetry_25,155,127.0,-171.72904725701284,-172.47344359992118,-0.7443963429083453,0.5975609756097352,1.3265306122449159,False
test,UAV_0181,telemetry_26,155,146.0,-7559.516545927263,-7590.30271815026,-30.786172222997266,0.6499999999999616,1.0,False
test,UAV_0181,telemetry_27,155,,,,0.0,0.0,0.0,False
test,UAV_0181,telemetry_28,155,127.0,-9730.520499619073,-9776.885416665977,-46.36491704690343,0.49509480541861206,1.2527806901196599,False
test,UAV_0182,telemetry_01,194,12.0,81.22348529817991,96.63080723168463,15.407321933504718,0.9471861027608289,0.2962488235511929,False
test,UAV_0182,telemetry_02,194,78.0,7.974890323805129,17.581693154592294,9.606802830787165,0.937639882734608,0.5530536209839413,False
test,UAV_0182,telemetry_03,194,,,,0.0,0.0,0.0,False
test,UAV_0182,telemetry_04,194,116.0,-125.91581393704017,-125.86958792174764,0.04622601529253245,1.0833333333339439,0.2923076923075173,False
test,UAV_0182,telemetry_05,194,132.0,-113.52790784434224,-113.5232773540056,0.004630490336637649,1.0362988425779518,0.6181678515881162,False
test,UAV_0182,telemetry_06,194,185.0,-140.85084999369957,-142.73631974964513,-1.8854697559455644,0.8046499198289473,1.0,False
test,UAV_0182,telemetry_07,194,154.0,140.5912754437698,140.67722414279535,0.08594869902555047,2.8695647601215146,1.0,False
test,UAV_0182,telemetry_08,194,,,,0.0,0.0,0.0,False
test,UAV_0182,telemetry_09,194,45.0,-144.55858852464036,-159.5997887966726,-15.041200272032256,1.1481389425532007,0.5019491394021655,False
test,UAV_0182,telemetry_10,194,142.0,-63.389501089517324,-61.748440115482204,1.6410609740351205,1.0214676459884209,0.6708169758376585,False
test,UAV_0182,telemetry_11,194,157.0,62.15981989472397,61.9600357446336,-0.1997841500903661,0.4794871794871748,1.2406417112299393,False
test,UAV_0182,telemetry_12,194,168.0,640.8569320153692,643.7202086234417,2.8632766080725105,0.6935483870967618,1.139534883720884,False
test,UAV_0182,telemetry_13,194,185.0,7136.791237229969,7141.297769939857,4.5065327098882335,0.5752476802365627,1.0,False
test,UAV_0182,telemetry_14,194,,,,0.0,0.0,0.0,False
test,UAV_0182,telemetry_15,194,185.0,50186.19321069213,50242.96720499382,56.773994301693165,0.6253396739131303,1.0,False
test,UAV_0182,telemetry_16,194,104.0,-692.8648959266694,-696.3335106993333,-3.468614772663841,0.6666666666666666,1.0,False
test,UAV_0182,telemetry_17,194,,,,0.0,0.0,0.0,False
test,UAV_0182,telemetry_18,194,97.0,-103.24252952723756,-103.2362809086115,0.006248618626059965,0.023783645073128655,0.3182274538846491,False
test,UAV_0182,telemetry_19,194,179.0,33507.637659010856,33509.04184969829,1.4041906874335837,0.749213975936995,1.1301585268598657,False
test,UAV_0182,telemetry_20,194,,,,0.0,0.0,0.0,False
test,UAV_0182,telemetry_21,194,185.0,34965.10315521116,34966.94257720998,1.8394219988185796,0.8928571428549986,1.0,False
test,UAV_0182,telemetry_22,194,184.0,23109.615012340124,23209.698333429296,100.08332108917239,0.7522584177388498,0.7685589519650478,False
test,UAV_0182,telemetry_23,194,180.0,-17433.94587668976,-17458.066879734826,-24.121003045067482,0.696692951129572,1.1013583838604073,False
test,UAV_0182,telemetry_24,194,182.0,-3704.3290887676612,-3724.118764849679,-19.78967608201765,0.9690938844581098,1.0536177496436374,False
test,UAV_0182,telemetry_25,194,185.0,-172.97477174922682,-173.9774280478381,-1.0026562986112708,0.8048780487804839,1.0,False
test,UAV_0182,telemetry_26,194,185.0,-7598.770709577566,-7639.531888651374,-40.76117907380831,0.8606060606060746,1.0,False
test,UAV_0182,telemetry_27,194,,,,0.0,0.0,0.0,False
test,UAV_0182,telemetry_28,194,144.0,-9721.621794852255,-9777.616552520314,-55.99475766805881,0.5979243664791897,1.2409247950725135,False
test,UAV_0183,telemetry_01,168,123.0,80.1170314221598,91.39365059739418,11.276619175234387,0.693245524108982,0.7427569739915267,False
test,UAV_0183,telemetry_02,168,44.0,14.579196604073925,5.967150602457091,-8.612046001616834,0.8405499670694716,0.34618174643455113,False
test,UAV_0183,telemetry_03,168,,,,0.0,0.0,0.0,False
test,UAV_0183,telemetry_04,168,144.0,-125.87029909121367,-125.91723627597224,-0.04693718475857622,1.1000000000007326,0.7424242424243434,False
test,UAV_0183,telemetry_05,168,14.0,-113.5288492316231,-113.52447827676241,0.004370954860689835,0.9782150774085085,0.642760501033826,False
test,UAV_0183,telemetry_06,168,35.0,-137.44059815348714,-138.4644251382002,-1.023826984713054,0.43693212185995745,0.19327217125382687,False
test,UAV_0183,telemetry_07,168,11.0,140.5912754437698,140.5912754437698,0.0,0.0,0.0,False
test,UAV_0183,telemetry_08,168,,,,0.0,0.0,0.0,False
test,UAV_0183,telemetry_09,168,69.0,-160.58815906985404,-145.1060802339053,15.482078835948755,1.1817924967253817,0.5184494242512409,False
test,UAV_0183,telemetry_10,168,99.0,-61.53375323373851,-63.137216028779704,-1.603462795041196,0.9980649059330392,0.5802223044865744,False
test,UAV_0183,telemetry_11,168,33.0,62.65100044554775,62.539890543893215,-0.11110990165453671,0.26666666666666783,0.45673076923077754,False
test,UAV_0183,telemetry_12,168,84.0,635.6630814239818,636.8616623296866,1.19858090570483,0.2903225806451702,0.38888888888896267,False
test,UAV_0183,telemetry_13,168,11.0,7131.036864806989,7135.526308216651,4.489443409662272,0.5730662736109589,0.8896590656882624,False
test,UAV_0183,telemetry_14,168,,,,0.0,0.0,0.0,False
test,UAV_0183,telemetry_15,168,77.0,49920.88811944965,49947.3785383009,26.49041885125189,0.29177989130439014,0.8509895227009201,False
test,UAV_0183,telemetry_16,168,100.0,-694.5992033130013,-697.2006643924992,-2.6014610794978807,0.5,0.6666666666666666,False
test,UAV_0183,telemetry_17,168,,,,0.0,0.0,0.0,False
test,UAV_0183,telemetry_18,168,154.0,-103.3240893924769,-103.3305558784346,-0.006466485957687951,0.02461289704041297,0.776089426864738,False
test,UAV_0183,telemetry_19,168,104.0,33505.76462332574,33505.20187373187,-0.5627495938679203,0.3002582658123887,0.621322904568418,False
test,UAV_0183,telemetry_20,168,,,,0.0,0.0,0.0,False
test,UAV_0183,telemetry_21,168,115.0,34961.79219561328,34962.60154129275,0.8093456794740632,0.3928571428532327,0.3636363636412672,False
test,UAV_0183,telemetry_22,168,85.0,22993.506705341482,23072.320499678073,78.81379433659095,0.592389816589062,0.9316081330868612,False
test,UAV_0183,telemetry_23,168,106.0,-17348.97957747958,-17358.943015598416,-9.963438118837075,0.287776469885606,0.5101961125905952,False
test,UAV_0183,telemetry_24,168,75.0,-3645.0617802640936,-3642.3137329821834,2.7480472819102033,0.1345709653894139,1.0263043062174593,False
test,UAV_0183,telemetry_25,168,52.0,-172.0480742611164,-172.45825183782102,-0.4101775767046263,0.32926829268293767,0.7407407407407485,False
test,UAV_0183,telemetry_26,168,65.0,-7474.980156932639,-7468.736807320982,6.243349611657322,0.1318181818181853,1.218390804597629,False
test,UAV_0183,telemetry_27,168,,,,0.0,0.0,0.0,False
test,UAV_0183,telemetry_28,168,22.0,-9740.108058848129,-9772.963698537671,-32.85563968954193,0.3508397636631637,1.0547353068702565,False
test,UAV_0184,telemetry_01,76,52.0,77.52265063986917,93.6515534805041,16.128902840634936,0.9915462719194301,0.8227070410820869,False
test,UAV_0184,telemetry_02,76,38.0,17.097150481084945,11.670911748032424,-5.4262387330525215,0.529609896129456,0.4411792637917824,False
test,UAV_0184,telemetry_03,76,,,,0.0,0.0,0.0,False
test,UAV_0184,telemetry_04,76,24.0,-125.92079212330245,-125.88878949733069,0.032002625971756515,0.7500000000004996,1.111111111110963,False
test,UAV_0184,telemetry_05,76,25.0,-113.52638660647443,-113.52320865685627,0.0031779496181627565,0.7112217652233533,0.46387877071333067,False
test,UAV_0184,telemetry_06,76,11.0,-139.49013070453657,-137.80253821291475,1.687592491621814,0.7202030999465316,0.722077922077922,False
test,UAV_0184,telemetry_07,76,11.0,140.5912754437698,140.5912754437698,0.0,0.0,0.0,False
test,UAV_0184,telemetry_08,76,,,,0.0,0.0,0.0,False
test,UAV_0184,telemetry_09,76,52.0,-161.326502411799,-140.97884430733419,20.347658104464813,1.553196436253408,0.6683626946734201,False
test,UAV_0184,telemetry_10,76,54.0,-62.594769721633774,-61.67569571163409,0.919074009999683,0.5720715929129293,0.27608558679346495,False
test,UAV_0184,telemetry_11,76,24.0,62.37322569141141,62.44694283770144,0.07371714629002923,0.17692307692307785,1.2463768115941554,False
test,UAV_0184,telemetry_12,76,23.0,637.7273040949178,639.1922363130014,1.464932218083618,0.35483870967741493,0.4090909090909267,False
test,UAV_0184,telemetry_13,76,65.0,7131.174620551772,7135.858147611167,4.683527059394692,0.5978405682777758,0.8270804757636527,False
test,UAV_0184,telemetry_14,76,,,,0.0,0.0,0.0,False
test,UAV_0184,telemetry_15,76,38.0,50048.930283675945,50065.89155302191,16.961269345963956,0.1868206521738696,0.7672727272728037,False
test,UAV_0184,telemetry_16,76,24.0,-696.3335106993333,-693.7320496198354,2.6014610794978807,0.5,0.6666666666666666,False
test,UAV_0184,telemetry_17,76,,,,0.0,0.0,0.0,False
test,UAV_0184,telemetry_18,76,34.0,-103.33241555217674,-103.32434151726014,0.008074034916603523,0.03073158921296332,0.6492070539301535,False
test,UAV_0184,telemetry_19,76,26.0,33503.66331716543,33503.99396124542,0.3306440799860866,0.17641704079320258,1.0776863370747793,False
test,UAV_0184,telemetry_20,76,,,,0.0,0.0,0.0,False
test,UAV_0184,telemetry_21,76,14.0,34960.247081134265,34960.688542413984,0.44146127971907845,0.21428571428647109,1.166666666658426,False
test,UAV_0184,telemetry_22,76,42.0,22971.071725068214,23019.875091247068,48.80336617885405,0.3668217903093371,1.1014925373135096,False
test,UAV_0184,telemetry_23,76,26.0,-17380.788257412594,-17390.589703902464,-9.801446489869704,0.2830976252358748,0.6550297631821059,False
test,UAV_0184,telemetry_24,76,37.0,-3650.2352636696696,-3646.8677758341782,3.3674878354913744,0.16490476417282765,0.9524995748575784,False
test,UAV_0184,telemetry_25,76,53.0,-171.5011708255103,-171.92654016431504,-0.4253693388047566,0.34146341463412466,1.0,False
test,UAV_0184,telemetry_26,76,57.0,-7479.788253760008,-7476.343647077713,3.4446066822947614,0.07272727272729716,0.9583333333331793,False
test,UAV_0184,telemetry_27,76,,,,0.0,0.0,0.0,False
test,UAV_0184,telemetry_28,76,12.0,-9701.774084201621,-9736.004326377915,-34.23024217629427,0.3655180720491817,0.637159500044676,False
test,UAV_0185,telemetry_01,118,24.0,91.1359007288861,82.74336798501258,-8.392532743873517,0.5159423822173598,0.6131285842918572,False
test,UAV_0185,telemetry_02,118,80.0,18.687322216603796,7.724203003307405,-10.963119213296391,1.0700186102100395,0.6549568632717018,False
test,UAV_0185,telemetry_03,118,,,,0.0,0.0,0.0,False
test,UAV_0185,telemetry_04,118,67.0,-125.91581393704017,-125.88167780267031,0.034136134369859406,0.8000000000001998,0.6458333333333247,False
test,UAV_0185,telemetry_05,118,94.0,-113.52841687927712,-113.52407297427901,0.004343904998108883,0.972161346756543,0.7708987003834522,False
test,UAV_0185,telemetry_06,118,23.0,-138.12314947662918,-139.28286053209618,-1.1597110554669996,0.4949225013361638,0.7483801295896357,False
test,UAV_0185,telemetry_07,118,11.0,140.5912754437698,140.5912754437698,0.0,0.0,0.0,False
test,UAV_0185,telemetry_08,118,,,,0.0,0.0,0.0,False
test,UAV_0185,telemetry_09,118,96.0,-144.65906806734648,-159.59006774836826,-14.930999681021774,1.139727008150148,0.9061852704063876,False
test,UAV_0185,telemetry_10,118,45.0,-61.51142645117834,-63.5390108322576,-2.027584381079265,1.2620566070079504,0.327651072785934,False
test,UAV_0185,telemetry_11,118,14.0,62.257041058671696,62.44320356216499,0.18616250349329277,0.44679487179486044,0.0961262553802139,False
test,UAV_0185,telemetry_12,118,54.0,639.8581145939486,637.9936554072967,-1.8644591866518567,0.4516129032257958,0.2857142857143554,False
test,UAV_0185,telemetry_13,118,100.0,7129.076069550179,7133.257387371103,4.181317820923141,0.5337348093668868,0.7826776275322397,False
test,UAV_0185,telemetry_14,118,,,,0.0,0.0,0.0,False
test,UAV_0185,telemetry_15,118,90.0,50009.95020285175,50035.361268199165,25.41106534741266,0.27989130434781434,1.0436893203883537,False
test,UAV_0185,telemetry_16,118,15.0,-692.8648959266694,-694.5992033130013,-1.7343073863319205,0.3333333333333333,1.0,False
test,UAV_0185,telemetry_17,118,,,,0.0,0.0,0.0,False
test,UAV_0185,telemetry_18,118,30.0,-103.06689359682487,-103.11286760325325,-0.045974006428380676,0.17498738791997578,0.04189896348348486,False
test,UAV_0185,telemetry_19,118,77.0,33503.981747361104,33504.750451280226,0.7687039191223448,0.41014637450459707,0.5919214100914365,False
test,UAV_0185,telemetry_20,118,,,,0.0,0.0,0.0,False
test,UAV_0185,telemetry_21,118,11.0,34960.39423489417,34959.80561985454,-0.5886150396327139,0.28571428571882657,0.6249999999860937,False
test,UAV_0185,telemetry_22,118,47.0,22936.76368705293,23026.21224476581,89.44855771287985,0.6723241171639422,0.7882736156352179,False
test,UAV_0185,telemetry_23,118,100.0,-17369.232112622132,-17384.697675046096,-15.465562423964002,0.4466956994242174,1.1188086998218885,False
test,UAV_0185,telemetry_24,118,30.0,-3649.0193143926344,-3653.8993059027807,-4.879991510146283,0.2389715682606614,1.4161452878827754,False
test,UAV_0185,telemetry_25,118,108.0,-171.6378966844118,-172.06326602321656,-0.4253693388047566,0.34146341463412466,1.0357142857143262,False
test,UAV_0185,telemetry_26,118,97.0,-7495.1454585518995,-7506.196904990926,-11.051446439026222,0.23333333333335254,1.3506493506492545,False
test,UAV_0185,telemetry_27,118,,,,0.0,0.0,0.0,False
test,UAV_0185,telemetry_28,118,65.0,-9688.130683859352,-9727.814400686168,-39.683716826815726,0.4237514765913252,1.044432061901396,False
test,UAV_0186,telemetry_01,174,76.0,92.71695929474959,80.3022317338521,-12.41472756089749,0.7632122873782972,0.5166163217846955,False
test,UAV_0186,telemetry_02,174,139.0,16.01673055250223,5.499047238518305,-10.517683313983927,1.0265433279799678,0.5256387982570561,False
test,UAV_0186,telemetry_03,174,,,,0.0,0.0,0.0,False
test,UAV_0186,telemetry_04,174,100.0,-125.89803470038919,-125.86105388815515,0.03698081223403449,0.8666666666673549,0.19230769230779576,False
test,UAV_0186,telemetry_05,174,62.0,-113.52773692584644,-113.52364312345637,0.00409380239007362,0.9161886474547083,0.4359917419526789,False
test,UAV_0186,telemetry_06,174,98.0,-137.47566501045588,-136.62153656571667,0.8541284447392172,0.36451095670763806,1.386363636363606,False
test,UAV_0186,telemetry_07,174,11.0,140.5912754437698,140.5912754437698,0.0,0.0,0.0,False
test,UAV_0186,telemetry_08,174,,,,0.0,0.0,0.0,False
test,UAV_0186,telemetry_09,174,143.0,-156.17025299149208,-146.26461255308476,9.905640438407318,0.7561265944588448,0.5937884308735837,False
test,UAV_0186,telemetry_10,174,58.0,-63.066406021645776,-61.69012991587576,1.3762761057700175,0.8566540404250236,0.5884712924363459,False
test,UAV_0186,telemetry_11,174,165.0,62.77172562715317,62.935986659647256,0.16426103249408897,0.39423076923077627,1.0,False
test,UAV_0186,telemetry_12,174,162.0,634.7308518306559,632.9995683001935,-1.731283530462406,0.41935483870965967,0.9615384615384515,False
test,UAV_0186,telemetry_13,174,159.0,7138.28904081082,7142.771681686749,4.482640875929064,0.5721979471165849,0.8506173067089905,False
test,UAV_0186,telemetry_14,174,,,,0.0,0.0,0.0,False
test,UAV_0186,telemetry_15,174,165.0,50202.167642548884,50268.378270341236,66.21062779235217,0.7292798913043601,1.0,False
test,UAV_0186,telemetry_16,174,154.0,-697.2006643924992,-699.8021254719972,-2.6014610794979944,0.5000000000000219,1.0,False
test,UAV_0186,telemetry_17,174,,,,0.0,0.0,0.0,False
test,UAV_0186,telemetry_18,174,123.0,-103.32212983936213,-103.33073542727641,-0.008605587914274793,0.03275479923596685,0.6275981799008289,False
test,UAV_0186,telemetry_19,174,60.0,33504.541439703695,33505.1558893031,0.6144495994085446,0.3278430995915173,0.9618459935947045,False
test,UAV_0186,telemetry_20,174,,,,0.0,0.0,0.0,False
test,UAV_0186,telemetry_21,174,12.0,34961.79219561328,34961.2771574536,-0.5150381596758962,0.2500000000026488,0.2857142857122676,False
test,UAV_0186,telemetry_22,174,157.0,23103.860585581722,23180.270632031894,76.41004645017165,0.5743224746783177,0.9647283126787108,False
test,UAV_0186,telemetry_23,174,151.0,-17426.926670220913,-17449.78416432086,-22.857494099946052,0.6601987069179793,1.3933634160699084,False
test,UAV_0186,telemetry_24,174,111.0,-3642.211362276791,-3638.2660258942315,3.945336382559617,0.19320181617034293,1.0638539812697263,False
test,UAV_0186,telemetry_25,174,131.0,-173.14188113232868,-172.57978593462235,0.5620951977063271,0.4512195121951267,0.18918918918913727,False
test,UAV_0186,telemetry_26,174,164.0,-7461.488780760323,-7453.6666530859475,7.822127674375224,0.16515151515151863,0.9174311926605099,False
test,UAV_0186,telemetry_27,174,,,,0.0,0.0,0.0,False
test,UAV_0186,telemetry_28,174,122.0,-9787.85285349581,-9838.163301335215,-50.31044783940524,0.5372260530171084,0.8835155856671476,False
test,UAV_0187,telemetry_01,218,171.0,80.36061221244957,97.28931252875026,16.92870031630069,1.0407149111705134,0.3511240545554653,False
test,UAV_0187,telemetry_02,218,167.0,14.390901189998356,5.446544685532509,-8.944356504465848,0.8729840230619892,0.2907331536756545,False
test,UAV_0187,telemetry_03,218,,,,0.0,0.0,0.0,False
test,UAV_0187,telemetry_04,218,144.0,-125.87029909121367,-125.92434797063264,-0.054048879418971296,1.2666666666676214,0.4605263157896086,False
test,UAV_0187,telemetry_05,218,81.0,-113.5288847692049,-113.52334194056573,0.005542828639164554,1.240479190276224,0.38820976671825896,False
test,UAV_0187,telemetry_06,218,170.0,-138.67106911676612,-137.62094198932652,1.0501271274395947,0.44815606627469456,0.9755515802027703,False
test,UAV_0187,telemetry_07,218,11.0,140.5912754437698,140.5912754437698,0.0,0.0,0.0,False
test,UAV_0187,telemetry_08,218,,,,0.0,0.0,0.0,False
test,UAV_0187,telemetry_09,218,166.0,-145.25954364597862,-157.86517985153282,-12.605636205554191,0.9622251922385873,0.5658471047983675,False
test,UAV_0187,telemetry_10,218,186.0,-63.74243636165325,-61.71527017182462,2.027166189828627,1.261796306605271,0.7988149465813532,False
test,UAV_0187,telemetry_11,218,183.0,62.46991267313963,62.64111807448714,0.17120540134750684,0.4108974358974654,0.7691107644305956,False
test,UAV_0187,telemetry_12,218,173.0,638.4597702039597,636.5953110173077,-1.8644591866519704,0.4516129032258233,1.0714285714285845,False
test,UAV_0187,telemetry_13,218,77.0,7127.133851657848,7132.561351260698,5.427499602849821,0.6928068111374381,1.0298087588828941,False
test,UAV_0187,telemetry_14,218,,,,0.0,0.0,0.0,False
test,UAV_0187,telemetry_15,218,163.0,50035.42294554225,50061.5124616635,26.089516121253837,0.28736413043479797,1.8983451536641167,False
test,UAV_0187,telemetry_16,218,34.0,-692.8648959266694,-694.5992033130013,-1.7343073863319205,0.3333333333333333,1.0,False
test,UAV_0187,telemetry_17,218,,,,0.0,0.0,0.0,False
test,UAV_0187,telemetry_18,218,75.0,-103.32001575453903,-103.33204612584028,-0.012030371301250398,0.045790293543215926,0.549125514989263,False
test,UAV_0187,telemetry_19,218,207.0,33503.98153270947,33504.777725028325,0.7961923188559012,0.4248129674686651,0.8508897606562557,False
test,UAV_0187,telemetry_20,218,,,,0.0,0.0,0.0,False
test,UAV_0187,telemetry_21,218,135.0,34961.424311213515,34960.54138865408,-0.8829225594381569,0.42857142857294217,0.5833333333374537,False
test,UAV_0187,telemetry_22,218,85.0,22931.956191280085,23013.610778573362,81.65458729327656,0.6137421297563674,1.0240856378233856,False
test,UAV_0187,telemetry_23,218,205.0,-17399.85439597699,-17418.200858499553,-18.346462522564252,0.5299054559941755,1.0,False
test,UAV_0187,telemetry_24,218,102.0,-3652.698403531276,-3647.642855505029,5.055548026247379,0.24756851271923883,1.2122524691741745,False
test,UAV_0187,telemetry_25,218,171.0,-171.47078730130994,-171.9417319264152,-0.47094462510526114,0.3780487804877768,1.129032258064483,False
test,UAV_0187,telemetry_26,218,147.0,-7474.98015693264,-7481.367031822726,-6.386874890085892,0.13484848484848136,0.033707865168320125,False
test,UAV_0187,telemetry_27,218,,,,0.0,0.0,0.0,False
test,UAV_0187,telemetry_28,218,199.0,-9732.77624261775,-9778.085250426377,-45.30900780862612,0.483819573796052,1.0,False
test,UAV_0188,telemetry_01,41,23.0,96.33839136578072,79.00380739616591,-17.334583969614812,1.065667161627545,0.984528591916335,False
test,UAV_0188,telemetry_02,41,29.0,12.145581926964951,18.489101972509815,6.343520045544864,0.6191380729255539,0.9800345570106164,False
test,UAV_0188,telemetry_03,41,,,,0.0,0.0,0.0,False
test,UAV_0188,telemetry_04,41,18.0,-125.87669961640803,-125.91225808971,-0.03555847330196116,0.8333333333341104,0.7599999999996643,False
test,UAV_0188,telemetry_05,41,14.0,-113.52765044142618,-113.52462238233937,0.0030280590868017043,0.6776764227498295,0.29321762587659367,False
test,UAV_0188,telemetry_06,41,15.0,-138.25026683314093,-138.9641278500051,-0.7138610168641719,0.3046499198289715,0.9298245614035444,False
test,UAV_0188,telemetry_07,41,11.0,140.5912754437698,140.5912754437698,0.0,0.0,0.0,False
test,UAV_0188,telemetry_08,41,,,,0.0,0.0,0.0,False
test,UAV_0188,telemetry_09,41,24.0,-156.29941874842348,-150.79175760364296,5.5076611447805135,0.4204159327941224,0.6529402935391293,False
test,UAV_0188,telemetry_10,41,12.0,-61.46535827765631,-62.86582076362819,-1.400462485971886,0.8717086942378166,0.9041501549375563,False
test,UAV_0188,telemetry_11,41,31.0,62.39566134463011,62.44934665768916,0.05368531305904867,0.12884615384616804,0.6169154228855208,False
test,UAV_0188,telemetry_12,41,32.0,638.0602432353913,639.9912902501379,1.9310470147465821,0.46774193548386384,1.0,False
test,UAV_0188,telemetry_13,41,27.0,7127.004983350862,7132.6253814022175,5.620398051355551,0.7174298178185335,1.0695117824091467,False
test,UAV_0188,telemetry_14,41,,,,0.0,0.0,0.0,False
test,UAV_0188,telemetry_15,41,32.0,50050.84228131131,50029.96450068,-20.87778063130827,0.22995923913042035,1.0,False
test,UAV_0188,telemetry_16,41,25.0,-694.5992033130013,-692.8648959266694,1.7343073863319205,0.3333333333333333,1.0,False
test,UAV_0188,telemetry_17,41,,,,0.0,0.0,0.0,False
test,UAV_0188,telemetry_18,41,17.0,-103.32099275771745,-103.324402833433,-0.003410075715549965,0.012979513608478188,1.0264270484641969,False
test,UAV_0188,telemetry_19,41,17.0,33503.62299151455,33503.97163504083,0.3486435262748273,0.18602074835182408,0.6254747991137197,False
test,UAV_0188,telemetry_20,41,,,,0.0,0.0,0.0,False
test,UAV_0188,telemetry_21,41,28.0,34960.46781177412,34960.0263504944,-0.44146127971907845,0.21428571428647109,0.6666666666666666,False
test,UAV_0188,telemetry_22,41,23.0,22967.42968281606,23010.697144771642,43.26746195558371,0.32521215439367107,0.2962962962962994,False
test,UAV_0188,telemetry_23,41,24.0,-17385.78954670288,-17376.82609589642,8.96345080645915,0.2588935867629171,0.9068775360471222,False
test,UAV_0188,telemetry_24,41,11.0,-3648.772132111052,-3652.2643954355926,-3.492263324540545,0.17101497855262224,0.6175630295465977,False
test,UAV_0188,telemetry_25,41,31.0,-171.21252734560704,-171.5923213981113,-0.379794052504252,0.3048780487804725,1.0,False
test,UAV_0188,telemetry_26,41,28.0,-7479.35767792472,-7485.95984073245,-6.602162807730565,0.13939393939396383,0.7282608695653402,False
test,UAV_0188,telemetry_27,41,,,,0.0,0.0,0.0,False
test,UAV_0188,telemetry_28,41,25.0,-9683.733371305647,-9714.134826416206,-30.401455110559255,0.3246334397013712,0.7088278616885322,False
test,UAV_0189,telemetry_01,120,22.0,75.94660625093422,96.3787910479678,20.43218479703357,1.2560963918528976,0.6431952865990863,False
test,UAV_0189,telemetry_02,120,90.0,3.5142297410657934,14.823135143474012,11.308905402408218,1.10376791552221,0.9272524204165409,False
test,UAV_0189,telemetry_03,120,,,,0.0,0.0,0.0,False
test,UAV_0189,telemetry_04,120,72.0,-125.87883312480614,-125.91652510650621,-0.03769198170007826,0.8833333333341438,0.5849056603777142,False
test,UAV_0189,telemetry_05,120,33.0,-113.52670657682057,-113.52235343963346,0.0043531371871097235,0.9742275008958429,0.4926523383761886,False
test,UAV_0189,telemetry_06,120,24.0,-137.7499379274616,-139.04553305368262,-1.2955951262210306,0.5529128808124065,0.7351377477041567,False
test,UAV_0189,telemetry_07,120,11.0,140.5912754437698,140.5912754437698,0.0,0.0,0.0,False
test,UAV_0189,telemetry_08,120,,,,0.0,0.0,0.0,False
test,UAV_0189,telemetry_09,120,11.0,-149.0526606752553,-161.84942037358059,-12.796759698325275,0.9768142091334217,0.41551911503113653,False
test,UAV_0189,telemetry_10,120,52.0,-61.64293511072372,-63.319769499979266,-1.6768343892555464,1.043734573794476,0.45328994706977954,False
test,UAV_0189,telemetry_11,120,73.0,62.42584264003147,62.25650687645219,-0.1693357635792765,0.40641025641027395,0.933753943217576,False
test,UAV_0189,telemetry_12,120,74.0,637.1946014701603,639.1922363130013,1.9976348428410802,0.4838709677418769,0.866666666666735,False
test,UAV_0189,telemetry_13,120,107.0,7129.829671472033,7134.310974244971,4.481302772937852,0.5720271416013107,0.9864125755280395,False
test,UAV_0189,telemetry_14,120,,,,0.0,0.0,0.0,False
test,UAV_0189,telemetry_15,120,104.0,49990.799387826584,50035.73133225762,44.93194443103857,0.4949048913042674,1.2731640356897784,False
test,UAV_0189,telemetry_16,120,111.0,-692.8648959266694,-695.4663570061673,-2.6014610794978807,0.5,1.0,False
test,UAV_0189,telemetry_17,120,,,,0.0,0.0,0.0,False
test,UAV_0189,telemetry_18,120,95.0,-102.98287683104333,-102.93699943981204,0.045877391231286424,0.17461964879331876,0.11596870385559624,False
test,UAV_0189,telemetry_19,120,109.0,33504.06820789362,33504.85851767646,0.7903097828384489,0.42167430671719464,1.0,False
test,UAV_0189,telemetry_20,120,,,,0.0,0.0,0.0,False
test,UAV_0189,telemetry_21,120,75.0,34959.80561985454,34960.46781177412,0.6621919195822557,0.3214285714314725,1.4444444444420028,False
test,UAV_0189,telemetry_22,120,86.0,23030.218491243184,22947.107087049044,-83.11140419414005,0.6246920339447222,0.5083260297983799,False
test,UAV_0189,telemetry_23,120,111.0,-17376.85350930029,-17391.27144232454,-14.417933024251397,0.4164367580024124,1.0,False
test,UAV_0189,telemetry_24,120,111.0,-3652.8230794769524,-3661.644490093986,-8.821410617033507,0.4319815567385187,1.0,False
test,UAV_0189,telemetry_25,120,24.0,-170.99984267620465,-171.3796367287089,-0.379794052504252,0.3048780487804725,0.919999999999985,False
test,UAV_0189,telemetry_26,120,108.0,-7486.533941846166,-7504.689889567422,-18.15594772125587,0.38333333333333336,1.031620553359661,False
test,UAV_0189,telemetry_27,120,,,,0.0,0.0,0.0,False
test,UAV_0189,telemetry_28,120,60.0,-9692.981897739752,-9721.23668302903,-28.254785289278516,0.3017108261142522,0.9884382761540931,False
test,UAV_0190,telemetry_01,206,153.0,93.72082615971635,73.67031994608355,-20.0505062136328,1.2326321810394345,0.34041471528390493,False
test,UAV_0190,telemetry_02,206,146.0,15.023667552673274,2.960316398739617,-12.063351153933656,1.177403071614195,0.4230867236278137,False
test,UAV_0190,telemetry_03,206,,,,0.0,0.0,0.0,False
test,UAV_0190,telemetry_04,206,48.0,-125.90727990344772,-125.8617650576212,0.0455148458265171,1.0666666666678213,0.2968750000002927,False
test,UAV_0190,telemetry_05,206,49.0,-113.52414329785277,-113.52864644652476,-0.004503148671986423,1.0077999126383121,0.5948269749852008,False
test,UAV_0190,telemetry_06,206,193.0,-137.5514344692634,-136.17443413936493,1.3770003298984648,0.5876536611437553,0.8844929513415227,False
test,UAV_0190,telemetry_07,206,11.0,140.5912754437698,140.5912754437698,0.0,0.0,0.0,False
test,UAV_0190,telemetry_08,206,,,,0.0,0.0,0.0,False
test,UAV_0190,telemetry_09,206,90.0,-163.44642458732042,-149.44924657065624,13.99717801666418,1.068445660993141,0.9184265396219461,False
test,UAV_0190,telemetry_10,206,80.0,-63.26852083420616,-61.90144201027096,1.367078823935195,0.8509292526359338,0.7052862521375297,False
test,UAV_0190,telemetry_11,206,157.0,62.482733046407475,62.66729300324229,0.18455995683481774,0.4429487179487159,1.0,False
test,UAV_0190,telemetry_12,206,181.0,637.2611892982549,634.7974396587506,-2.4637496395042717,0.5967741935483809,0.7297297297297597,False
test,UAV_0190,telemetry_13,206,36.0,7134.970887542124,7130.095000673189,-4.8758868689346855,0.6223948190359763,0.2965919100741155,False
test,UAV_0190,telemetry_14,206,,,,0.0,0.0,0.0,False
test,UAV_0190,telemetry_15,206,196.0,50143.0499092103,50188.660304415185,45.61039520488703,0.5023777173913312,0.9641649763352553,False
test,UAV_0190,telemetry_16,206,20.0,-694.5992033130013,-692.8648959266694,1.7343073863319205,0.3333333333333333,0.0,False
test,UAV_0190,telemetry_17,206,,,,0.0,0.0,0.0,False
test,UAV_0190,telemetry_18,206,187.0,-103.32638073800669,-103.33394108212238,-0.007560344115688622,0.028776366720212977,0.6973423761316913,False
test,UAV_0190,telemetry_19,206,26.0,33503.61203169156,33504.2684485186,0.6564168270342634,0.35023495402404065,1.0090208459848975,False
test,UAV_0190,telemetry_20,206,,,,0.0,0.0,0.0,False
test,UAV_0190,telemetry_21,206,139.0,34961.35073433356,34960.614965534034,-0.7357687995245215,0.35714285714058674,0.4000000000039556,False
test,UAV_0190,telemetry_22,206,122.0,22997.14874759363,23064.59937010351,67.45062250988121,0.5069805639200864,0.7883369330453718,False
test,UAV_0190,telemetry_23,206,194.0,-17424.402621050067,-17437.471480325006,-13.068859274939314,0.3774711241959082,0.94763078845425,False
test,UAV_0190,telemetry_24,206,18.0,-3646.7685356924258,-3651.6799140229887,-4.911378330562911,0.24050857046283378,0.06918661206753893,False
test,UAV_0190,telemetry_25,206,188.0,-172.23037540631844,-172.86842941452562,-0.6380540082071775,0.5121951219512212,0.857142857142838,False
test,UAV_0190,telemetry_26,206,143.0,-7478.20947569729,-7471.535550250345,6.67392544694485,0.14090909090911186,1.2258064516128944,False
test,UAV_0190,telemetry_27,206,,,,0.0,0.0,0.0,False
test,UAV_0190,telemetry_28,206,191.0,-9771.17116191455,-9817.942171861989,-46.77100994743887,0.4994311549341107,0.7176221908629773,False
test,UAV_0191,telemetry_01,56,23.0,80.95037913383028,89.5665241240203,8.616144990190023,0.5296892496504042,0.8838941294302747,False
test,UAV_0191,telemetry_02,56,45.0,8.38168035257717,15.061050883151875,6.679370530574705,0.6519176370476103,0.5384608865151657,False
test,UAV_0191,telemetry_03,56,,,,0.0,0.0,0.0,False
test,UAV_0191,telemetry_04,56,29.0,-125.87741078587406,-125.90941341184583,-0.032002625971770726,0.7500000000008326,0.5777777777773732,False
test,UAV_0191,telemetry_05,56,13.0,-113.52947333832218,-113.52449154822071,0.004981790101467709,1.114919358597784,0.5505027239210136,False
test,UAV_0191,telemetry_06,56,12.0,-138.05990389531053,-137.33226661320862,0.7276372821019095,0.3105291288081305,1.068846815834771,False
test,UAV_0191,telemetry_07,56,11.0,140.5912754437698,140.5912754437698,0.0,0.0,0.0,False
test,UAV_0191,telemetry_08,56,,,,0.0,0.0,0.0,False
test,UAV_0191,telemetry_09,56,29.0,-147.57041352719466,-157.49072520793402,-9.92031168073936,0.7572464934265073,0.8498367212297981,False
test,UAV_0191,telemetry_10,56,17.0,-63.72470386636776,-61.59479995679809,2.12990390956967,1.3257447268032494,0.8070539667310729,False
test,UAV_0191,telemetry_11,56,17.0,62.656876449962176,62.54790327718561,-0.10897317277656526,0.26153846153846366,0.7279411764705925,False
test,UAV_0191,telemetry_12,56,47.0,635.6630814239818,637.2611892982549,1.5981078742730688,0.38709677419355104,1.0,False
test,UAV_0191,telemetry_13,56,17.0,7137.587101095941,7133.208202659351,-4.378898436590134,0.5589554830286494,0.5441351532048665,False
test,UAV_0191,telemetry_14,56,,,,0.0,0.0,0.0,False
test,UAV_0191,telemetry_15,56,12.0,49995.91860730191,50021.206317963166,25.287710661257734,0.27853260869561364,0.8426829268292381,False
test,UAV_0191,telemetry_16,56,11.0,-696.3335106993333,-694.5992033130013,1.7343073863319205,0.3333333333333333,0.0,False
test,UAV_0191,telemetry_17,56,,,,0.0,0.0,0.0,False
test,UAV_0191,telemetry_18,56,14.0,-103.32679289817403,-103.33109026266038,-0.004297364486347988,0.016356733833444798,0.8096056468514826,False
test,UAV_0191,telemetry_19,56,20.0,33505.37505698869,33504.79638536434,-0.5786716243528645,0.3087535562821022,0.7358900610897334,False
test,UAV_0191,telemetry_20,56,,,,0.0,0.0,0.0,False
test,UAV_0191,telemetry_21,56,45.0,34961.424311213515,34961.86577249323,0.4414612797118025,0.21428571428293933,0.8333333333388272,False
test,UAV_0191,telemetry_22,56,31.0,23116.389210929126,23046.826203913002,-69.56300701612417,0.5228579249931324,0.7130890052355778,False
test,UAV_0191,telemetry_23,56,37.0,-17371.526388863007,-17375.006000165835,-3.479611302827834,0.1005024817094689,0.7349719316538889,False
test,UAV_0191,telemetry_24,56,43.0,-3645.6364721171176,-3641.2550955523184,4.381376564799211,0.21455455950151667,0.8496330630473031,False
test,UAV_0191,telemetry_25,56,14.0,-172.27595069261895,-171.92654016431504,0.3494105283039062,0.28048780487803016,0.1304347826086815,False
test,UAV_0191,telemetry_26,56,34.0,-7472.755515116992,-7467.516842454337,5.238672662654608,0.11060606060605536,0.7534246575342822,False
test,UAV_0191,telemetry_27,56,,,,0.0,0.0,0.0,False
test,UAV_0191,telemetry_28,56,30.0,-9757.705016203128,-9786.179152391038,-28.474136187909608,0.30405310336595737,0.6988067356614803,False
test,UAV_0192,telemetry_01,266,213.0,92.6946393095532,77.68694825164202,-15.007691057911174,0.9226182503313157,0.4707230898207098,False
test,UAV_0192,telemetry_02,266,79.0,4.610426561033459,15.832240435861316,11.221813874827856,1.0952676380473847,0.7406983019725667,False
test,UAV_0192,telemetry_03,266,,,,0.0,0.0,0.0,False
test,UAV_0192,telemetry_04,266,228.0,-125.91296925917604,-125.87527727747596,0.03769198170007826,0.8833333333341438,0.8867924528305942,False
test,UAV_0192,telemetry_05,266,43.0,-113.52244516921726,-113.52804887415013,-0.005603704932866549,1.2541032404561065,0.4769338944698939,False
test,UAV_0192,telemetry_06,266,224.0,-139.7932085397666,-140.98235070733244,-1.1891421675658478,0.5074826296098409,1.2859399684043948,False
test,UAV_0192,telemetry_07,266,208.0,140.5912754437698,140.67722414279535,0.08594869902555047,2.8695647601215146,1.0,False
test,UAV_0192,telemetry_08,266,,,,0.0,0.0,0.0,False
test,UAV_0192,telemetry_09,266,224.0,-150.10276097737017,-162.5435447345456,-12.440783757175438,0.949641521232569,0.4650938913184203,False
test,UAV_0192,telemetry_10,266,149.0,-61.89970520317881,-63.46090380188431,-1.561198598705495,0.971757833969425,0.42264789378722467,False
test,UAV_0192,telemetry_11,266,223.0,62.110942221640364,61.933059542549216,-0.17788267909114808,0.42692307692305653,1.2717717717718635,False
test,UAV_0192,telemetry_12,266,21.0,636.9948379858761,639.3919997972855,2.3971618114094326,0.5806451612902853,1.1388888888889284,False
test,UAV_0192,telemetry_13,266,222.0,7130.031816729048,7136.915121587171,6.883304858122756,0.8786367273686958,1.2588733402468162,False
test,UAV_0192,telemetry_14,266,,,,0.0,0.0,0.0,False
test,UAV_0192,telemetry_15,266,257.0,50189.58546456133,50239.574951124625,49.98948656329594,0.5506114130434543,1.0,False
test,UAV_0192,telemetry_16,266,245.0,-696.3335106993333,-699.8021254719972,-3.4686147726639547,0.6666666666666885,1.0,False
test,UAV_0192,telemetry_17,266,,,,0.0,0.0,0.0,False
test,UAV_0192,telemetry_18,266,87.0,-103.15474287290789,-103.06775788736402,0.08698498554386447,0.3310843798721292,0.9580813793410312,False
test,UAV_0192,telemetry_19,266,247.0,33507.10119035072,33508.2979754619,1.196785111183999,0.6385515439723871,1.2664777844461783,False
test,UAV_0192,telemetry_20,266,,,,0.0,0.0,0.0,False
test,UAV_0192,telemetry_21,266,246.0,34963.85234825196,34965.10315521116,1.2508069592004176,0.6071428571432356,1.176470588232899,False
test,UAV_0192,telemetry_22,266,246.0,23078.14776728152,23152.80963345066,74.6618661691391,0.5611825896523194,1.0731707317073076,False
test,UAV_0192,telemetry_23,266,250.0,-17430.77471099949,-17448.91265313975,-18.137942140259838,0.5238827097490505,1.1767591122421088,False
test,UAV_0192,telemetry_24,266,257.0,-3704.555468528352,-3716.101380510896,-11.545911982544112,0.5653994863989876,1.0,False
test,UAV_0192,telemetry_25,266,236.0,-172.38229302732015,-173.06592232182783,-0.6836292945076821,0.5487804878048733,1.1111111111111065,False
test,UAV_0192,telemetry_26,266,257.0,-7599.273048052068,-7621.87827940462,-22.605231352552437,0.4772727272727412,1.0,False
test,UAV_0192,telemetry_27,266,,,,0.0,0.0,0.0,False
test,UAV_0192,telemetry_28,266,255.0,-9822.469648994447,-9865.81437923319,-43.34473023874307,0.4628445848779096,0.9324809120596591,False
test,UAV_0193,telemetry_01,158,124.0,76.5384575794071,92.8775823489118,16.339124769504707,1.0044699513479762,0.9454508354987373,False
test,UAV_0193,telemetry_02,158,147.0,19.82281582130719,7.568095065921254,-12.254720755385938,1.1960810619742805,0.7955723314807629,False
test,UAV_0193,telemetry_03,158,,,,0.0,0.0,0.0,False
test,UAV_0193,telemetry_04,158,94.0,-125.93217083475909,-125.89305651412691,0.03911432063218001,0.9166666666680543,1.1272727272727405,False
test,UAV_0193,telemetry_05,158,126.0,-113.52228339923268,-113.52680211802524,-0.004518718792567711,1.011284489165666,0.4098446206751684,False
test,UAV_0193,telemetry_06,158,97.0,-138.42059156698923,-139.49889741877877,-1.078305851789537,0.4601817210048029,0.9285714285714324,False
test,UAV_0193,telemetry_07,158,11.0,140.5912754437698,140.5912754437698,0.0,0.0,0.0,False
test,UAV_0193,telemetry_08,158,,,,0.0,0.0,0.0,False
test,UAV_0193,telemetry_09,158,105.0,-145.72935222416083,-157.674104957083,-11.944752732922154,0.9117780179642359,0.36619865967026205,False
test,UAV_0193,telemetry_10,158,67.0,-61.425665988707436,-63.38150127647389,-1.9558352877664547,1.2173968541970401,0.5682485484489318,False
test,UAV_0193,telemetry_11,158,84.0,62.4386630132993,62.32968984052273,-0.10897317277656526,0.26153846153846366,1.3161764705881898,False
test,UAV_0193,telemetry_12,158,101.0,638.3931823758649,639.6583511096644,1.2651687337995554,0.30645161290323825,0.9473684210526221,False
test,UAV_0193,telemetry_13,158,44.0,7131.370939289245,7126.310167490292,-5.060771798953283,0.6459949200339196,0.21244547082108822,False
test,UAV_0193,telemetry_14,158,,,,0.0,0.0,0.0,False
test,UAV_0193,telemetry_15,158,137.0,50004.70762869027,50036.50229904608,31.79467035581183,0.3502038043478982,1.0892337536371555,False
test,UAV_0193,telemetry_16,158,11.0,-692.8648959266694,-691.1305885403375,1.7343073863319205,0.3333333333333333,0.0,False
test,UAV_0193,telemetry_17,158,,,,0.0,0.0,0.0,False
test,UAV_0193,telemetry_18,158,101.0,-103.2370638069151,-103.24456303301088,-0.007499226095774247,0.028543737817697853,0.6228590144352152,False
test,UAV_0193,telemetry_19,158,59.0,33503.26164881609,33504.02236058566,0.7607117695661145,0.40588211737848673,1.3235004742047023,False
test,UAV_0193,telemetry_20,158,,,,0.0,0.0,0.0,False
test,UAV_0193,telemetry_21,158,83.0,34960.0263504944,34960.76211929393,0.7357687995317974,0.3571428571441185,1.2,False
test,UAV_0193,telemetry_22,158,54.0,22922.122677199273,23015.50464054448,93.38196334520762,0.7018888584724727,0.5241809672387068,False
test,UAV_0193,telemetry_23,158,50.0,-17368.43406080494,-17353.517670445144,14.916390359794605,0.43083382563110684,0.01678439880394398,False
test,UAV_0193,telemetry_24,158,147.0,-3659.686469532158,-3664.810332800538,-5.123863268380319,0.2509138875041482,1.0,False
test,UAV_0193,telemetry_25,158,46.0,-171.51636258761044,-170.9846509141045,0.5317116735059528,0.4268292682926615,0.2000000000000107,False
test,UAV_0193,telemetry_26,158,144.0,-7501.317045524342,-7511.292052375151,-9.975006850809223,0.21060606060607456,1.3309352517985973,False
test,UAV_0193,telemetry_27,158,,,,0.0,0.0,0.0,False
test,UAV_0193,telemetry_28,158,35.0,-9673.730978227948,-9707.06512904572,-33.33415081777275,0.35594941097866345,0.915831654308088,False
test,UAV_0194,telemetry_01,333,188.0,91.74436235898334,75.57987183782177,-16.164490521161568,0.9937340730551366,0.3971080167304386,False
test,UAV_0194,telemetry_02,333,296.0,17.317551187000824,5.153288919965615,-12.164262267035209,1.1872521635464175,0.55611495029381,False
test,UAV_0194,telemetry_03,333,,,,0.0,0.0,0.0,False
test,UAV_0194,telemetry_04,333,273.0,-125.91296925917602,-125.86603207441743,0.04693718475859043,1.1000000000010657,0.4999999999998486,False
test,UAV_0194,telemetry_05,333,21.0,-113.52858346218048,-113.52454411409428,0.004039348086195105,0.9040018318088151,0.4810750091661045,False
test,UAV_0194,telemetry_06,333,199.0,-140.41251428158998,-139.08811423714465,1.3244000444453263,0.5652057723142568,0.19716312056741317,False
test,UAV_0194,telemetry_07,333,246.0,140.5912754437698,140.67722414279535,0.08594869902555047,2.8695647601215146,1.0,False
test,UAV_0194,telemetry_08,333,,,,0.0,0.0,0.0,False
test,UAV_0194,telemetry_09,333,253.0,-141.3753592396289,-158.52202096745162,-17.146661727822732,1.3088549921847359,0.7502234249427079,False
test,UAV_0194,telemetry_10,333,193.0,-61.44563760894268,-63.22654633728794,-1.7809087283452598,1.1085149639443763,0.5639636530509774,False
test,UAV_0194,telemetry_11,333,296.0,62.02894525094819,61.78776197884712,-0.24118327210106827,0.5788461538461434,1.0044296788482827,False
test,UAV_0194,telemetry_12,333,132.0,638.4597702039597,640.5905807029903,2.1308104990306447,0.5161290322580405,1.343749999999985,False
test,UAV_0194,telemetry_13,333,208.0,7130.053684473463,7136.202265862023,6.148581388559251,0.7848511057633336,1.046151677528625,False
test,UAV_0194,telemetry_14,333,,,,0.0,0.0,0.0,False
test,UAV_0194,telemetry_15,333,306.0,50178.915284209135,50225.79006494708,46.87478073794773,0.5163043478260878,1.3315789473684383,False
test,UAV_0194,telemetry_16,333,302.0,-698.0678180856652,-699.8021254719972,-1.7343073863320342,0.3333333333333552,1.0,False
test,UAV_0194,telemetry_17,333,,,,0.0,0.0,0.0,False
test,UAV_0194,telemetry_18,333,52.0,-103.32596164904307,-103.23643022658452,0.08953142245854906,0.34077669034974256,0.8721594693777643,False
test,UAV_0194,telemetry_19,333,320.0,33509.1487388651,33510.34396588874,1.1952270236361073,0.6377202174459683,1.0823606694907932,False
test,UAV_0194,telemetry_20,333,,,,0.0,0.0,0.0,False
test,UAV_0194,telemetry_21,333,316.0,34965.83892401069,34966.86900033003,1.0300763193372404,0.49999999999823413,1.142857142858152,False
test,UAV_0194,telemetry_22,333,20.0,22912.799049033765,23023.51713349922,110.71808446545401,0.8321927183136755,1.0335526315789498,False
test,UAV_0194,telemetry_23,333,320.0,-17453.398931446674,-17477.754447857995,-24.355516411320423,0.7034664592174746,0.945289206751956,False
test,UAV_0194,telemetry_24,333,324.0,-3721.8883075800986,-3733.6401591731187,-11.751851593020092,0.5754842809278534,1.0,False
test,UAV_0194,telemetry_25,333,324.0,-173.5520587090333,-174.0078115720384,-0.4557528630051024,0.365853658536567,1.0,False
test,UAV_0194,telemetry_26,333,318.0,-7618.864248557613,-7640.895378796449,-22.03113023883634,0.46515151515151865,1.2052117263843445,False
test,UAV_0194,telemetry_27,333,,,,0.0,0.0,0.0,False
test,UAV_0194,telemetry_28,333,314.0,-9826.029760235675,-9866.304069011512,-40.2743087758372,0.43005794761955524,0.9991449003598477,False
test,UAV_0195,telemetry_01,213,149.0,83.99170517322233,98.7052769955743,14.713571822351966,0.9045368696943272,0.24752559418996298,False
test,UAV_0195,telemetry_02,213,155.0,4.957545989970088,16.162610134685053,11.205064144714965,1.0936328366201549,1.0408338635662922,False
test,UAV_0195,telemetry_03,213,,,,0.0,0.0,0.0,False
test,UAV_0195,telemetry_04,213,114.0,-125.92932615689492,-125.88025546373822,0.049070693156693324,1.150000000000766,0.6811594202900482,False
test,UAV_0195,telemetry_05,213,32.0,-113.42868396412595,-113.41466904171584,0.014014922410112263,3.136524820601447,2.525135311558323,True
test,UAV_0195,telemetry_06,213,174.0,-138.52516594402113,-139.50014980652765,-0.9749838625065195,0.4160876536611167,0.7552986512523937,False
test,UAV_0195,telemetry_07,213,181.0,141.10067676715084,141.13366759823998,0.03299083108913692,1.1014631678411524,1.0539541660443188,False
test,UAV_0195,telemetry_08,213,,,,0.0,0.0,0.0,False
test,UAV_0195,telemetry_09,213,63.0,-155.40438922106372,-144.01259847736236,11.391790743701364,0.8695688071237573,0.32112676997166767,False
test,UAV_0195,telemetry_10,213,53.0,-61.622474777929725,-63.11113731450341,-1.4886625365736847,0.9266082375757785,0.5279293394599481,False
test,UAV_0195,telemetry_11,213,44.0,62.4720494020176,62.319006196132875,-0.1530432058847282,0.36730769230767885,1.101221640488664,False
test,UAV_0195,telemetry_12,213,79.0,639.3254119691909,637.5275406106338,-1.7978713585571313,0.4354838709677277,0.07407407407402958,False
test,UAV_0195,telemetry_13,213,85.0,7131.581681666392,7126.626414064152,-4.9552676022394735,0.632527572003432,0.21268088970338825,False
test,UAV_0195,telemetry_14,213,,,,0.0,0.0,0.0,False
test,UAV_0195,telemetry_15,213,38.0,49996.78209010497,49969.39734977913,-27.38474032584054,0.30163043478246454,0.2038288288290257,False
test,UAV_0195,telemetry_16,213,109.0,-692.8648959266694,-694.5992033130013,-1.7343073863319205,0.3333333333333333,1.0,False
test,UAV_0195,telemetry_17,213,,,,0.0,0.0,0.0,False
test,UAV_0195,telemetry_18,213,66.0,-103.23616315928909,-103.1535513255518,0.08261183373728898,0.31443918248646546,0.9595639649452948,False
test,UAV_0195,telemetry_19,213,41.0,33503.39983355337,33504.10252603641,0.7026924830424832,0.37492559507249934,1.0632142252523156,False
test,UAV_0195,telemetry_20,213,,,,0.0,0.0,0.0,False
test,UAV_0195,telemetry_21,213,52.0,34960.76211929394,34959.879196734495,-0.8829225594454329,0.42857142857647396,0.1666666666652932,False
test,UAV_0195,telemetry_22,213,176.0,25182.57892373437,25385.52651544832,202.9475917139498,1.525419346252716,1.256804096654409,False
test,UAV_0195,telemetry_23,213,77.0,-17367.019198227375,-17355.30696291948,11.712235307895753,0.338287415566264,0.17637889108246968,False
test,UAV_0195,telemetry_24,213,193.0,-3657.2492120178676,-3662.7656278378745,-5.516415820006841,0.27013705596496845,0.7851036198801585,False
test,UAV_0195,telemetry_25,213,117.0,-171.5467461118108,-171.10618501090585,0.4405611009049437,0.35365853658535723,0.03448275862066296,False
test,UAV_0195,telemetry_26,213,193.0,-7494.427832159756,-7509.49798639479,-15.070154235034352,0.3181818181818147,1.0523809523809529,False
test,UAV_0195,telemetry_27,213,,,,0.0,0.0,0.0,False
test,UAV_0195,telemetry_28,213,127.0,-9681.538382762588,-9722.335615558444,-40.79723279585596,0.43564184558443253,0.8647751754362022,False
test,UAV_0196,telemetry_01,358,269.0,74.35554208786493,89.86512968038483,15.509587592519892,0.9534730234487266,0.9179235497504172,False
test,UAV_0196,telemetry_02,358,21.0,16.886263653136666,5.460945470473346,-11.42531818266332,1.115129995867754,0.5547887809985609,False
test,UAV_0196,telemetry_03,358,,,,0.0,0.0,0.0,False
test,UAV_0196,telemetry_04,358,198.0,-125.93857135995344,-125.8838113110684,0.05476004888504349,1.2833333333350763,0.8701298701298735,False
test,UAV_0196,telemetry_05,358,161.0,-113.52867040619182,-113.5237272971184,0.004943109073423102,1.1062625854100314,0.5559668317532542,False
test,UAV_0196,telemetry_06,358,192.0,-139.3736586438903,-140.43443106719548,-1.060772423305167,0.45269909139497416,0.7284533648170214,False
test,UAV_0196,telemetry_07,358,315.0,140.5912754437698,140.67722414279535,0.08594869902555047,2.8695647601215146,1.0,False
test,UAV_0196,telemetry_08,358,,,,0.0,0.0,0.0,False
test,UAV_0196,telemetry_09,358,339.0,-159.6425142322884,-143.73817034328644,15.90434388900195,1.2140252270076282,0.7303136140833952,False
test,UAV_0196,telemetry_10,358,252.0,-63.54398815280341,-61.3627000024273,2.181288150376105,1.3577285106649744,0.5001054684306051,False
test,UAV_0196,telemetry_11,358,86.0,62.155012254748534,62.304316185096816,0.1493039303482817,0.35833333333333006,0.24150268336314107,False
test,UAV_0196,telemetry_12,358,338.0,640.7903441872745,642.8545668582104,2.0642226709359193,0.49999999999997247,0.7741935483870896,False
test,UAV_0196,telemetry_13,358,217.0,7134.808523966202,7130.140065242927,-4.668458723274853,0.5959171326886048,0.39568042641465645,False
test,UAV_0196,telemetry_14,358,,,,0.0,0.0,0.0,False
test,UAV_0196,telemetry_15,358,259.0,50054.820469939725,50084.33307860171,29.512608661985723,0.3250679347826261,1.2048066875653904,False
test,UAV_0196,telemetry_16,358,331.0,-694.5992033130013,-698.0678180856652,-3.468614772663841,0.6666666666666666,0.5,False
test,UAV_0196,telemetry_17,358,,,,0.0,0.0,0.0,False
test,UAV_0196,telemetry_18,358,173.0,-103.32838987805181,-103.24261706271034,0.08577281534147119,0.32647058799471984,1.0144425197103752,False
test,UAV_0196,telemetry_19,358,173.0,33505.59499585466,33504.98036792225,-0.6146279324093484,0.3279382501845021,0.2162780939961544,False
test,UAV_0196,telemetry_20,358,,,,0.0,0.0,0.0,False
test,UAV_0196,telemetry_21,358,196.0,34961.64504185337,34962.233656893,0.5886150396254379,0.2857142857152948,1.25,False
test,UAV_0196,telemetry_22,358,106.0,23039.105074338437,22943.537885641934,-95.56718869650285,0.7183137147550048,0.07012195121946403,False
test,UAV_0196,telemetry_23,358,330.0,-17398.98940788825,-17411.38914682756,-12.399738939311646,0.35814475454128575,0.9287487508866353,False
test,UAV_0196,telemetry_24,358,336.0,-3680.669850856103,-3685.915141751394,-5.245290895290964,0.25686015818365143,1.0582620210514941,False
test,UAV_0196,telemetry_25,358,333.0,-172.12403307161725,-172.56459417252222,-0.44056110090497214,0.35365853658538005,0.8275862068965028,False
test,UAV_0196,telemetry_26,358,339.0,-7546.814558786305,-7556.861328276327,-10.046769490022598,0.21212121212120338,1.1142857142856366,False
test,UAV_0196,telemetry_27,358,,,,0.0,0.0,0.0,False
test,UAV_0196,telemetry_28,358,280.0,-9770.266107517016,-9718.524544549064,51.74156296795263,0.5525078158504816,0.22144919010718697,False
test,UAV_0197,telemetry_01,95,12.0,80.40852016393222,101.15188620821837,20.743366044286148,1.2752266828995504,0.3520222910956158,False
test,UAV_0197,telemetry_02,95,34.0,10.0477131428458,15.081693565177687,5.0339804223318865,0.4913248347053698,0.12272177343680876,False
test,UAV_0197,telemetry_03,95,,,,0.0,0.0,0.0,False
test,UAV_0197,telemetry_04,95,75.0,-125.91012458131188,-125.88665598893257,0.023468592379302322,0.5500000000006994,0.8181818181825338,False
test,UAV_0197,telemetry_05,95,58.0,-113.52848611761291,-113.52356884791509,0.004917269697827464,1.1004797604658074,0.5312940241459895,False
test,UAV_0197,telemetry_06,95,50.0,-138.30098853697075,-139.01234477833714,-0.7113562413663885,0.3035809727418462,0.9251760563380471,False
test,UAV_0197,telemetry_07,95,11.0,140.5912754437698,140.5912754437698,0.0,0.0,0.0,False
test,UAV_0197,telemetry_08,95,,,,0.0,0.0,0.0,False
test,UAV_0197,telemetry_09,95,85.0,-146.65804352831356,-156.35539421468795,-9.697350686374392,0.7402272266345615,0.8732828001918926,False
test,UAV_0197,telemetry_10,95,82.0,-63.084678725156735,-61.73766170279211,1.347017022364625,0.838441915755215,0.8982774676621915,False
test,UAV_0197,telemetry_11,95,42.0,62.294433814036196,62.42557554892173,0.1311417348855315,0.3147435897436117,0.7678207739306778,False
test,UAV_0197,telemetry_12,95,81.0,639.3919997972855,637.0614258139707,-2.330573983314821,0.5645161290322447,0.9428571428571777,False
test,UAV_0197,telemetry_13,95,58.0,7128.203878656441,7131.990654854715,3.7867761982743104,0.48337255354934544,0.6142286809789226,False
test,UAV_0197,telemetry_14,95,,,,0.0,0.0,0.0,False
test,UAV_0197,telemetry_15,95,81.0,49998.13899165265,50023.118315598535,24.979323945881333,0.2751358695652321,0.808641975308739,False
test,UAV_0197,telemetry_16,95,17.0,-692.8648959266694,-691.1305885403375,1.7343073863319205,0.3333333333333333,0.0,False
test,UAV_0197,telemetry_17,95,,,,0.0,0.0,0.0,False
test,UAV_0197,telemetry_18,95,43.0,-103.32931712030401,-103.32253739342717,0.0067797268768430285,0.025805162289646546,0.6966143087007531,False
test,UAV_0197,telemetry_19,95,37.0,33503.550589688995,33504.07454646492,0.5239567759272177,0.2795601358310014,0.8401062317689144,False
test,UAV_0197,telemetry_20,95,,,,0.0,0.0,0.0,False
test,UAV_0197,telemetry_21,95,52.0,34960.17350425431,34960.83569617389,0.6621919195822557,0.3214285714314725,0.8888888888840055,False
test,UAV_0197,telemetry_22,95,13.0,23014.776232094053,22949.947880005726,-64.82835208832694,0.48727073638104784,0.5146067415730278,False
test,UAV_0197,telemetry_23,95,63.0,-17365.932173208545,-17377.45073276746,-11.518559558913694,0.33269343057034845,0.8650897815105718,False
test,UAV_0197,telemetry_24,95,23.0,-3650.7191819652708,-3647.7843123711705,2.9348695941002916,0.14371959215184243,0.6705799511733034,False
test,UAV_0197,telemetry_25,95,43.0,-171.31886968030824,-171.60751316021145,-0.2886434799032145,0.2317073170731454,0.6315789473683796,False
test,UAV_0197,telemetry_26,95,11.0,-7484.811638505019,-7479.0706273678625,5.74101113715642,0.12121212121212994,0.5874999999998712,False
test,UAV_0197,telemetry_27,95,,,,0.0,0.0,0.0,False
test,UAV_0197,telemetry_28,95,60.0,-9693.695260624674,-9716.737637773202,-23.04237714852752,0.24605158290678797,0.7194397744867107,False
test,UAV_0198,telemetry_01,182,86.0,77.74972684249474,91.98654489074013,14.236818048245397,0.8752277820266953,0.6896008250236636,False
test,UAV_0198,telemetry_02,182,134.0,17.5775676616083,8.614279736039261,-8.963287925569038,0.874831761146746,0.37969765779466513,False
test,UAV_0198,telemetry_03,182,,,,0.0,0.0,0.0,False
test,UAV_0198,telemetry_04,182,163.0,-125.92221446223452,-125.86318739655329,0.05902706568123506,1.3833333333341438,0.6867469879521031,False
test,UAV_0198,telemetry_05,182,22.0,-113.52310172927437,-113.5281722949654,-0.0050705656910281505,1.134787241699223,0.7007390230071848,False
test,UAV_0198,telemetry_06,182,171.0,-135.84067280428724,-134.4924773926131,1.3481954116741406,0.5753607696418929,0.858801672085471,False
test,UAV_0198,telemetry_07,182,11.0,140.5912754437698,140.5912754437698,0.0,0.0,0.0,False
test,UAV_0198,telemetry_08,182,,,,0.0,0.0,0.0,False
test,UAV_0198,telemetry_09,182,54.0,-142.1391131603262,-158.1574216635553,-16.01830850322912,1.2227244803451802,0.6897861310413044,False
test,UAV_0198,telemetry_10,182,153.0,-61.437240759081874,-63.102296317307506,-1.6650555582256317,1.0364029176311844,0.8143912194381373,False
test,UAV_0198,telemetry_11,182,172.0,62.772526900482404,62.92984356412309,0.1573166636406853,0.37756410256412126,0.7215619694397041,False
test,UAV_0198,telemetry_12,182,130.0,635.9294327363607,633.6654465811405,-2.263986155220209,0.5483870967742042,1.0294117647058882,False
test,UAV_0198,telemetry_13,182,119.0,7134.600991257449,7140.70755599055,6.10656473310064,0.7794877843053909,0.9356463530004043,False
test,UAV_0198,telemetry_14,182,,,,0.0,0.0,0.0,False
test,UAV_0198,telemetry_15,182,170.0,50164.29775390007,50243.05972100844,78.76196710836666,0.8675271739130364,1.0724353954580785,False
test,UAV_0198,telemetry_16,182,173.0,-698.0678180856652,-701.5364328583291,-3.4686147726639547,0.6666666666666885,1.0,False
test,UAV_0198,telemetry_17,182,,,,0.0,0.0,0.0,False
test,UAV_0198,telemetry_18,182,147.0,-103.33147265752324,-103.32626278276038,0.005209874762854838,0.01982995277042864,0.9864567940986028,False
test,UAV_0198,telemetry_19,182,120.0,33505.733360446306,33504.913486233134,-0.8198742131717154,0.4374485776866043,0.1400152034120751,False
test,UAV_0198,telemetry_20,182,,,,0.0,0.0,0.0,False
test,UAV_0198,telemetry_21,182,155.0,34961.86577249323,34962.45438753285,0.5886150396254379,0.2857142857152948,0.75,False
test,UAV_0198,telemetry_22,182,152.0,23093.080140515343,23174.589046118534,81.50890560319021,0.612647139337532,0.9606791778373852,False
test,UAV_0198,telemetry_23,182,170.0,-17434.077286121323,-17464.0250769566,-29.947790835278283,0.864989517138167,1.0385789069042093,False
test,UAV_0198,telemetry_24,182,173.0,-3637.359064112485,-3631.8561903969385,5.502873715546684,0.2694739035939725,1.0,False
test,UAV_0198,telemetry_25,182,130.0,-172.62536122092288,-173.09630584602817,-0.47094462510528956,0.3780487804877996,1.290322580645175,False
test,UAV_0198,telemetry_26,182,150.0,-7461.77583131718,-7457.11125976824,4.664571548939421,0.09848484848485198,1.476923076922936,False
test,UAV_0198,telemetry_27,182,,,,0.0,0.0,0.0,False
test,UAV_0198,telemetry_28,182,157.0,-9824.252536350446,-9864.289316123342,-40.0367797728959,0.4275215605626446,1.0219958405711889,False
test,UAV_0199,telemetry_01,289,171.0,79.1801059937731,91.6895857955727,12.5094798017996,0.769037310453382,0.6192326296904943,False
test,UAV_0199,telemetry_02,289,95.0,3.291078220003257,18.387617139054868,15.09653891905161,1.4734472260005935,0.5568900828041891,False
test,UAV_0199,telemetry_03,289,,,,0.0,0.0,0.0,False
test,UAV_0199,telemetry_04,289,90.0,-125.86745441334952,-125.91865861490434,-0.051204201554824635,1.2000000000011324,0.5694444444441938,False
test,UAV_0199,telemetry_05,289,66.0,-113.52311564725807,-113.52772740989653,-0.004611762638461414,1.0321076035226353,0.42235099954606364,False
test,UAV_0199,telemetry_06,289,259.0,-140.41439286321332,-141.56846817381034,-1.1540753105970225,0.492517370390147,1.0482908301681815,False
test,UAV_0199,telemetry_07,289,227.0,140.5912754437698,140.67722414279535,0.08594869902555047,2.8695647601215146,1.0,False
test,UAV_0199,telemetry_08,289,,,,0.0,0.0,0.0,False
test,UAV_0199,telemetry_09,289,57.0,-146.096497084068,-158.3632806651903,-12.266783581122297,0.9363595773368288,0.5937902183265065,False
test,UAV_0199,telemetry_10,289,155.0,-61.59299289178364,-63.47668875668715,-1.8836958649035154,1.172494143316297,0.5097712668528398,False
test,UAV_0199,telemetry_11,289,242.0,62.135514603737036,61.94160645806109,-0.19390814567594816,0.4653846153846219,1.4986225895316716,False
test,UAV_0199,telemetry_12,289,273.0,642.1221007491687,645.0519651853359,2.929864436167236,0.7096774193548299,1.1818181818181854,False
test,UAV_0199,telemetry_13,289,79.0,7127.565677316068,7131.649505756046,4.083828439977879,0.5212905326142941,1.1149838127698266,False
test,UAV_0199,telemetry_14,289,,,,0.0,0.0,0.0,False
test,UAV_0199,telemetry_15,289,280.0,50202.53770660734,50259.92847433979,57.390767732445966,0.6321331521738934,1.0,False
test,UAV_0199,telemetry_16,289,264.0,-696.3335106993333,-699.8021254719972,-3.4686147726639547,0.6666666666666885,1.0,False
test,UAV_0199,telemetry_17,289,,,,0.0,0.0,0.0,False
test,UAV_0199,telemetry_18,289,239.0,-103.06580127036558,-103.14969691507412,-0.08389564470853372,0.3193256552108101,0.9928306504114028,False
test,UAV_0199,telemetry_19,289,256.0,33506.68132393944,33507.90968537987,1.2283614404295804,0.6553992751183727,1.2879017534813493,False
test,UAV_0199,telemetry_20,289,,,,0.0,0.0,0.0,False
test,UAV_0199,telemetry_21,289,239.0,34962.23365689299,34963.41088697224,1.1772300792508759,0.5714285714305896,1.875,False
test,UAV_0199,telemetry_22,289,190.0,22945.28606592297,23016.305889839958,71.01982391698766,0.5338078291814872,1.9456410256410204,False
test,UAV_0199,telemetry_23,289,279.0,-17445.39046521085,-17465.51112062516,-20.120655414310022,0.5811499120938663,0.9184571065712089,False
test,UAV_0199,telemetry_24,289,280.0,-3711.054293001549,-3725.9179726501775,-14.863679648628477,0.7278694703406049,1.0,False
test,UAV_0199,telemetry_25,289,280.0,-173.26341522913003,-174.03819509623875,-0.7747798671087196,0.6219512195122004,1.0,False
test,UAV_0199,telemetry_26,289,271.0,-7588.580414809115,-7616.496081463536,-27.91566665442133,0.5893939393939446,1.1850899742930545,False
test,UAV_0199,telemetry_27,289,,,,0.0,0.0,0.0,False
test,UAV_0199,telemetry_28,289,265.0,-9788.758715165024,-9839.31424486436,-50.55552969933524,0.539843091145979,1.1024987356642892,False
test,UAV_0200,telemetry_01,247,118.0,96.18412691891646,78.53197213073277,-17.652154788183694,1.0851902602743455,0.5763305064801394,False
test,UAV_0200,telemetry_02,247,123.0,8.830212029095225,15.988005182330742,7.157793153235517,0.6986124781628735,0.4348303145649397,False
test,UAV_0200,telemetry_03,247,,,,0.0,0.0,0.0,False
test,UAV_0200,telemetry_04,247,88.0,-125.92292563170056,-125.88238897213634,0.04053665956422492,0.9500000000006328,0.6491228070176607,False
test,UAV_0200,telemetry_05,247,153.0,-113.52863813308798,-113.52411935638821,0.004518776699768523,1.0112974487359958,0.5898552157353009,False
test,UAV_0200,telemetry_06,247,65.0,-136.55453382115138,-138.25903354738315,-1.7044997262317736,0.7274184927845943,1.2299779573842755,False
test,UAV_0200,telemetry_07,247,225.0,140.5912754437698,140.67722414279535,0.08594869902555047,2.8695647601215146,1.0,False
test,UAV_0200,telemetry_08,247,,,,0.0,0.0,0.0,False
test,UAV_0200,telemetry_09,247,72.0,-142.6319774886789,-160.2331982224651,-17.601220733786192,1.3435528146321467,0.6098776675518945,False
test,UAV_0200,telemetry_10,247,204.0,-63.09756006740372,-61.58039824809916,1.5171618193045617,0.9443474292962954,0.6733195527263024,False
test,UAV_0200,telemetry_11,247,64.0,62.624291334573115,62.39112079576442,-0.2331705388086931,0.5596153846154204,1.3115693012600056,False
test,UAV_0200,telemetry_12,247,68.0,635.9294327363607,638.0602432353913,2.1308104990306447,0.5161290322580405,1.2812500000000218,False
test,UAV_0200,telemetry_13,247,145.0,7126.058573129856,7132.738787210157,6.680214080301084,0.8527126952268647,0.9505558583310431,False
test,UAV_0200,telemetry_14,247,,,,0.0,0.0,0.0,False
test,UAV_0200,telemetry_15,247,65.0,49889.895254553834,49947.039312913985,57.144058360150666,0.6294157608696522,1.716675661090021,False
test,UAV_0200,telemetry_16,247,54.0,-692.8648959266694,-689.3962811540056,3.468614772663841,0.6666666666666666,0.0,False
test,UAV_0200,telemetry_17,247,,,,0.0,0.0,0.0,False
test,UAV_0200,telemetry_18,247,109.0,-103.06027290323374,-103.07084051419706,-0.010567610963320817,0.04022269936179548,0.5284094156160938,False
test,UAV_0200,telemetry_19,247,65.0,33494.500824945484,33502.67206123536,8.171236289876106,4.35980987756572,1.1072862786127255,True
test,UAV_0200,telemetry_20,247,,,,0.0,0.0,0.0,False
test,UAV_0200,telemetry_21,247,67.0,34951.270701780006,34959.29058169488,8.019879914871126,3.89285714285853,1.0917431192654392,True
test,UAV_0200,telemetry_22,247,59.0,22892.112249041536,22969.687749012395,77.5754999708588,0.5830823980289741,1.1962441314554495,False
test,UAV_0200,telemetry_23,247,64.0,-17331.64618918659,-17349.03613079925,-17.38994161265873,0.502278023822548,1.8076850600670742,False
test,UAV_0200,telemetry_24,247,234.0,-3678.29031765859,-3691.3060902780335,-13.015772619443396,0.6373780750490132,1.0935704140840627,False
test,UAV_0200,telemetry_25,247,192.0,-171.4404037771096,-171.9417319264152,-0.501328149305607,0.4024390243902191,1.6969696969697503,False
test,UAV_0200,telemetry_26,247,230.0,-7536.050162904137,-7562.028238299768,-25.978075395631095,0.548484848484852,1.1546961325966076,False
test,UAV_0200,telemetry_27,247,,,,0.0,0.0,0.0,False
test,UAV_0200,telemetry_28,247,29.0,-9760.42217960517,-9684.808778382325,75.61340122284491,0.807416567306553,0.7650414832184684,False
