uav_id,channel,window,available_points,endpoint_cycle,rolling_mean,rolling_sd,window_delta,window_slope
UAV_0001,telemetry_07,5,5,259,140.5912754437698,0.0,0.0,0.0
UAV_0001,telemetry_07,20,20,259,140.59127544376983,2.9160058604848984e-14,0.0,0.0
UAV_0001,telemetry_07,50,50,259,140.59127544376977,2.8710262101646174e-14,0.0,0.0
UAV_0001,telemetry_13,5,5,259,7147.652709001632,2.4080771381836334,5.823558058955314,0.9613560724021226
UAV_0001,telemetry_13,20,20,259,7146.367264117531,2.9211154964714434,8.61961195342883,0.2735197602384393
UAV_0001,telemetry_13,50,50,259,7143.724426146659,3.918736055105449,13.654162897215429,0.19034829010007895
UAV_0001,telemetry_15,5,5,259,50064.904715532684,19.715536797897478,36.20460038575402,7.105229922383296
UAV_0001,telemetry_15,20,20,259,50064.802947916614,19.661500729356305,27.878159070467518,-0.6257236015997533
UAV_0001,telemetry_15,50,50,259,50067.71966947069,19.242845941856338,-29.728479362755024,-0.18644475876767005
UAV_0001,telemetry_16,5,5,259,-702.5770172901282,2.9020513277334596,-6.937229545327796,-1.2140151704323672
UAV_0001,telemetry_16,20,20,259,-701.8832943355956,1.9973287052460105,-3.468614772663841,-0.08084741199441942
UAV_0001,telemetry_16,50,50,259,-700.2183592447167,2.2314748924512005,-5.2029221589957615,-0.08761063003223095
UAV_0001,telemetry_18,5,5,259,-104.15264137825321,0.04792473824586328,0.11149135137844723,0.014601728059724905
UAV_0001,telemetry_18,20,20,259,-104.15297072652604,0.1655851060274745,0.3510628418492985,0.008502671848766937
UAV_0001,telemetry_18,50,50,259,-104.20513099737921,0.18328316196761701,0.26837609856042377,0.005318610136810876
UAV_0001,telemetry_19,5,5,259,33507.06152224964,0.3463782272912596,0.22893696663231822,-0.0043108230784127954
UAV_0001,telemetry_19,20,20,259,33506.92247291156,0.4187810371178501,0.3705007702083094,0.027122415912097332
UAV_0001,telemetry_19,50,50,259,33506.44659889396,0.5783242818352079,1.0775018424901646,0.028120458499336795
UAV_0001,telemetry_21,5,5,259,34964.23494802772,0.5755950873096911,-0.44146127971907845,0.044146127971907846
UAV_0001,telemetry_21,20,20,259,34963.69047911606,0.5524587405785886,0.8829225594381569,0.06262332940364411
UAV_0001,telemetry_21,50,50,259,34963.090091775644,0.7249927086587115,1.6186913589699543,0.03954956034545064
UAV_0001,telemetry_22,5,5,259,23235.45485623652,45.67944580739581,-4.8074957728422305,9.9500594328827
UAV_0001,telemetry_22,20,20,259,23192.478757661112,51.763828024420235,-22.289298583178606,4.852624236237337
UAV_0001,telemetry_22,50,50,259,23170.34679530323,52.714120827416345,22.726343653437652,1.4663587892299434
UAV_0001,telemetry_23,5,5,259,-17409.47961614067,8.754630864374494,3.6865220027211762,-1.6869740127793194
UAV_0001,telemetry_23,20,20,259,-17404.352332222956,10.625765663579907,11.837004949054972,-0.2854815815373472
UAV_0001,telemetry_23,50,50,259,-17404.426599013448,8.740371393611591,-11.569811317553103,-0.08194421074224043
UAV_0001,telemetry_25,5,5,259,-174.50913972134404,0.3444210689751763,-0.3038352420034016,-0.07899716292088499
UAV_0001,telemetry_25,20,20,259,-174.25695647048124,0.30687438607234885,-0.8507386776095416,-0.029926629099584448
UAV_0001,telemetry_25,50,50,259,-173.67420047631865,0.5861203468069215,-2.2179972666249057,-0.03600210531417125
UAV_0001,telemetry_26,5,5,259,-6530.006772376754,21.19093672884466,20.048637987899383,-0.741593415556963
UAV_0001,telemetry_26,20,20,259,-6555.709639933845,36.74097756845308,105.94654027520119,2.5791386880176215
UAV_0001,telemetry_26,50,50,259,-6585.44118182991,42.51965989210392,102.14593967951168,2.039080647985499
UAV_0001,telemetry_28,5,5,259,-9928.712696276203,29.63815944161626,-39.881143926120785,-13.363185348515435
UAV_0001,telemetry_28,20,20,259,-9914.699448249605,23.54074043946201,-46.50222464167928,-1.559203903495084
UAV_0001,telemetry_28,50,50,259,-9882.910816510155,40.892290225242164,-179.20805238268258,-2.1843238435824768
UAV_0002,telemetry_07,5,5,253,140.69441388260046,0.03843742671976016,0.0,0.0
UAV_0002,telemetry_07,20,20,253,140.68152157774662,0.01921871335988008,0.0,0.0009693462296114715
UAV_0002,telemetry_07,50,50,253,140.67378619483432,0.02430996316605134,0.08594869902555047,0.0007346395402904193
UAV_0002,telemetry_13,5,5,253,7142.327742678994,4.235564400103696,7.498311868331257,1.9567240499870422
UAV_0002,telemetry_13,20,20,253,7141.121813596481,3.6514251682717487,10.47966286402152,0.29078505971290286
UAV_0002,telemetry_13,50,50,253,7137.889407293858,4.318809839464839,7.134618590607715,0.19188023010829738
UAV_0002,telemetry_15,5,5,253,50308.13548568818,14.232479585186855,7.154571796854725,1.5419335769081954
UAV_0002,telemetry_15,20,20,253,50267.40993605494,33.59500659439151,111.57431362493662,4.682191444388429
UAV_0002,telemetry_15,50,50,253,50196.99661410537,68.19791505488612,235.29906383589696,4.469618593394189
UAV_0002,telemetry_16,5,5,253,-702.230155812862,0.9499192771418197,0.0,0.0
UAV_0002,telemetry_16,20,20,253,-700.929425273113,1.618632560059754,-5.202922158995875,-0.13170304211994616
UAV_0002,telemetry_16,50,50,253,-698.6921687447449,2.4214482425432684,-6.937229545327796,-0.13641274904258097
UAV_0002,telemetry_18,5,5,253,-103.06698739075391,0.008172609264578344,0.015189197014123579,0.003909820860354784
UAV_0002,telemetry_18,20,20,253,-103.06432090886865,0.01876359478837653,-0.0764369324642189,-0.0010012515673975843
UAV_0002,telemetry_18,50,50,253,-103.05642146620909,0.029997070204735764,-0.08688470095650302,-0.0005555296143917722
UAV_0002,telemetry_19,5,5,253,33511.162711042394,0.4311503666852484,-0.078268762496009,-0.13281730036032968
UAV_0002,telemetry_19,20,20,253,33509.86936081552,1.0202157890195012,2.0856226366304327,0.1467807340505708
UAV_0002,telemetry_19,50,50,253,33508.21796057521,1.6724680626318746,5.731688758598466,0.10719457650567432
UAV_0002,telemetry_21,5,5,253,34967.560623001584,0.6695091794965145,1.3243838391572353,0.13243838391572355
UAV_0002,telemetry_21,20,20,253,34966.65562737817,0.8639699470651778,2.6487676783144707,0.12624243612973307
UAV_0002,telemetry_21,50,50,253,34964.8706522705,1.667994621276493,6.033304156153463,0.10958273750890996
UAV_0002,telemetry_22,5,5,253,23215.175964976534,48.05405006685217,-36.85746759178801,-6.847039434047838
UAV_0002,telemetry_22,20,20,253,23202.377828502464,55.565313574137065,31.175881678434962,3.5808121282750074
UAV_0002,telemetry_22,50,50,253,23146.487048100927,73.71635267853246,26.077022525416396,3.530169906997982
UAV_0002,telemetry_23,5,5,253,-17497.88116806541,1.6529139847348584,-0.7515919841571304,-0.20788794635882368
UAV_0002,telemetry_23,20,20,253,-17472.107433885405,18.088970620576205,-53.34302946829848,-2.738046080770229
UAV_0002,telemetry_23,50,50,253,-17444.1006756829,28.124385488045153,-105.88907142578682,-1.8421313089191929
UAV_0002,telemetry_25,5,5,253,-174.22353459386085,0.37802770061267327,-0.3646022904040649,-0.13672585890153072
UAV_0002,telemetry_25,20,20,253,-173.9622362857379,0.34558293225724596,-1.1545739196129432,-0.037145571691544886
UAV_0002,telemetry_25,50,50,253,-173.27009960445415,0.7084810617794132,-2.005312597222485,-0.04445988633647045
UAV_0002,telemetry_26,5,5,253,-7668.595757533227,9.36275578341805,-20.237064258476494,-2.5978075395632003
UAV_0002,telemetry_26,20,20,253,-7638.670736980801,24.088066469710228,-79.5130042496121,-3.8900746141391314
UAV_0002,telemetry_26,50,50,253,-7597.659823922528,39.869592904348444,-135.48786283688332,-2.667412992119785
UAV_0002,telemetry_28,5,5,253,-9893.846940327567,28.99554867348605,25.361198249609515,10.10918570436861
UAV_0002,telemetry_28,20,20,253,-9879.777274726663,34.71009572214389,-36.23058884999227,-3.4117777303897516
UAV_0002,telemetry_28,50,50,253,-9825.532038054029,56.50887216032892,-76.20278788779069,-3.2790474341328633
UAV_0003,telemetry_07,5,5,222,140.5912754437698,0.0,0.0,0.0
UAV_0003,telemetry_07,20,20,222,140.59127544376983,2.9160058604848984e-14,0.0,0.0
UAV_0003,telemetry_07,50,50,222,140.59127544376977,2.8710262101646174e-14,0.0,0.0
UAV_0003,telemetry_13,5,5,222,7149.912512189207,3.042949498423899,2.3365020027958963,0.9458480909145692
UAV_0003,telemetry_13,20,20,222,7145.921437859851,3.9106417808757605,13.04304440951637,0.2903128172764686
UAV_0003,telemetry_13,50,50,222,7143.330374393985,4.300927149165467,10.377741645693277,0.19729757891048422
UAV_0003,telemetry_15,5,5,222,50137.609967550976,16.549273612973565,33.367442604248936,4.508613778873405
UAV_0003,telemetry_15,20,20,222,50122.85366321998,21.888423576664554,37.068083188831224,2.3917360670358385
UAV_0003,telemetry_15,50,50,222,50093.64142321878,32.674681644502,93.44117476051906,1.9110824709454854
UAV_0003,telemetry_16,5,5,222,-701.5364328583291,1.2263405135372185,0.0,0.17343073863319206
UAV_0003,telemetry_16,20,20,222,-700.8427099037963,1.7251553045781505,-3.4686147726639547,-0.13039905160390747
UAV_0003,telemetry_16,50,50,222,-699.5593224379107,2.0131020621604323,-6.937229545327796,-0.0825305459714271
UAV_0003,telemetry_18,5,5,222,-103.33018214596999,0.007303804379719577,0.016218021200302246,0.0033643623307810346
UAV_0003,telemetry_18,20,20,222,-103.32644633140069,0.006252090474804573,0.0007505717769333842,-0.00015664171731379656
UAV_0003,telemetry_18,50,50,222,-103.32670575770298,0.0053888959094734856,-0.001791882324710059,2.0484993393791962e-05
UAV_0003,telemetry_19,5,5,222,33507.03079073926,0.669983206690523,-1.4732571467684465,-0.41104268606795813
UAV_0003,telemetry_19,20,20,222,33506.73012537838,0.5481279631897932,0.2704944998695282,0.040944567541928815
UAV_0003,telemetry_19,50,50,222,33506.08370890223,0.7221836582966539,1.2229292929332587,0.037968244972748984
UAV_0003,telemetry_21,5,5,222,34963.88177900394,0.421384240625517,-0.7357687995317974,-0.11772300792508758
UAV_0003,telemetry_21,20,20,222,34963.41088697224,0.5075148826605771,0.7357687995317974,0.058861503962565676
UAV_0003,telemetry_21,50,50,222,34962.836987308605,0.6689148525427051,0.7357687995317974,0.03590339755498247
UAV_0003,telemetry_22,5,5,222,23224.82009286024,49.61615528795609,-55.941768993066944,-10.503649855209005
UAV_0003,telemetry_22,20,20,222,23195.68375484301,52.8743228367085,16.316349289649224,0.38227751759457573
UAV_0003,telemetry_22,50,50,222,23150.13783125448,69.55519393558522,161.56099430552058,3.2133778140544247
UAV_0003,telemetry_23,5,5,222,-17432.254349761726,6.13213019027115,2.164022212920827,-0.2267575880916411
UAV_0003,telemetry_23,20,20,222,-17428.286904238517,11.53291609611976,-8.855956248426082,-1.102193548625584
UAV_0003,telemetry_23,50,50,222,-17413.307304423914,17.370212430371332,-21.883190852207917,-0.9913572019654009
UAV_0003,telemetry_25,5,5,222,-174.22961129870092,0.30565281699122043,0.4861363872054483,0.0881122201809859
UAV_0003,telemetry_25,20,20,222,-173.9607171095279,0.4547897003249622,-0.54690343560614,-0.05206319673126149
UAV_0003,telemetry_25,50,50,222,-173.5447666632252,0.5527221712380856,-1.09380687121228,-0.029152134311981572
UAV_0003,telemetry_26,5,5,222,-7443.892581624939,4.0373739906289545,-6.889213364587704,-1.7510083968327308
UAV_0003,telemetry_26,20,20,222,-7449.856056943661,6.11989374341711,1.291727505860763,0.528669427836971
UAV_0003,telemetry_26,50,50,222,-7455.779345184422,7.098709684047394,12.773749780171784,0.3643440021197544
UAV_0003,telemetry_28,5,5,222,-9940.11307486365,24.38820766986606,54.665666134034836,9.848440823896999
UAV_0003,telemetry_28,20,20,222,-9910.51167151205,30.114806328620517,-3.623017481300849,-3.044513695476779
UAV_0003,telemetry_28,50,50,222,-9871.499379348694,44.98532868103796,-98.10181934191314,-2.510643727673127
UAV_0004,telemetry_07,5,5,272,140.5912754437698,0.0,0.0,0.0
UAV_0004,telemetry_07,20,20,272,140.59127544376983,2.9160058604848984e-14,0.0,0.0
UAV_0004,telemetry_07,50,50,272,140.59127544376977,2.8710262101646174e-14,0.0,0.0
UAV_0004,telemetry_13,5,5,272,7147.999495257311,1.9986444718298138,2.3535937675751484,0.34528871027887365
UAV_0004,telemetry_13,20,20,272,7147.681059345817,3.4178043912967633,-0.09542518471062067,0.1982425200747327
UAV_0004,telemetry_13,50,50,272,7145.597871895576,4.265801018537023,3.6522201219795534,0.13179629476129506
UAV_0004,telemetry_15,5,5,272,49897.080665022215,21.377361771737107,-55.07786736708658,-12.409481426940328
UAV_0004,telemetry_15,20,20,272,49901.05885365063,18.992747994412095,-55.94135017015651,-1.2142553015854252
UAV_0004,telemetry_15,50,50,272,49909.59993211984,21.44914649823611,-29.358415304290247,-0.5149177041965743
UAV_0004,telemetry_16,5,5,272,-701.5364328583291,1.7343073863319205,-3.468614772663841,-0.3468614772663841
UAV_0004,telemetry_16,20,20,272,-701.2762867503794,1.8036621279813145,-3.468614772663841,-0.02216783877266245
UAV_0004,telemetry_16,50,50,272,-700.4264761310768,2.035842847501773,-5.202922158995875,-0.06129412899593379
UAV_0004,telemetry_18,5,5,272,-103.32913461210163,0.0050455784950452585,-0.003027910720078353,0.0005637224430145693
UAV_0004,telemetry_18,20,20,272,-103.3283384035171,0.005367504823483421,-0.01276294724085858,-9.981160345906921e-05
UAV_0004,telemetry_18,50,50,272,-103.32745067662265,0.00500943160544332,-0.0017734461379603772,-4.562479220854335e-05
UAV_0004,telemetry_19,5,5,272,33508.11464900652,0.667270839749051,1.2690935738792177,0.31604892491814096
UAV_0004,telemetry_19,20,20,272,33507.72056090807,0.4940015769843596,1.289545146661112,0.04496865243211899
UAV_0004,telemetry_19,50,50,272,33507.43589468338,0.5556221055728521,2.076187777231098,0.022636062502454337
UAV_0004,telemetry_21,5,5,272,34964.882424571304,0.23267052378083097,0.4414612797263544,0.044146127974090635
UAV_0004,telemetry_21,20,20,272,34964.67640930744,0.3321484586006015,1.3243838391572353,0.027881765034785223
UAV_0004,telemetry_21,50,50,272,34964.22611880212,0.60286511604434,1.4715375990708708,0.029190500944697072
UAV_0004,telemetry_22,5,5,272,23230.006361027303,46.09422544926087,-111.30081122580305,-27.708657454382045
UAV_0004,telemetry_22,20,20,272,23219.18949553841,41.71188738318694,-29.28201970731243,1.0593140036263329
UAV_0004,telemetry_22,50,50,272,23186.587390114033,60.86321397650187,98.48082249822255,2.301064155908343
UAV_0004,telemetry_23,5,5,272,-17354.827933692948,6.8110356037016375,15.457705828383041,3.6975257552738183
UAV_0004,telemetry_23,20,20,272,-17353.658496162894,7.126464204068621,8.121443322077539,0.14197406114775582
UAV_0004,telemetry_23,50,50,272,-17354.415692561095,7.07829143481502,3.3332761382880562,0.060119784858832195
UAV_0004,telemetry_25,5,5,272,-174.7096709810663,0.30353125469167586,0.3646022904040649,0.02430681936026815
UAV_0004,telemetry_25,20,20,272,-174.38304809591259,0.3148726697184855,-0.425369338804785,-0.02177105155107144
UAV_0004,telemetry_25,50,50,272,-174.0448794715628,0.432007236758741,-1.0330398228116167,-0.022506422296012553
UAV_0004,telemetry_26,5,5,272,-7436.429267146637,6.029428446484769,-1.1482022274321935,1.4639578399746824
UAV_0004,telemetry_26,20,20,272,-7440.835493194403,4.875169312709971,6.171586972442128,0.4200002884550472
UAV_0004,telemetry_26,50,50,272,-7445.876100972828,6.123017550882356,18.658286195756773,0.32084188651623785
UAV_0004,telemetry_28,5,5,272,-9923.37411755409,36.06295624784333,-34.71369222536305,-5.070366988788737
UAV_0004,telemetry_28,20,20,272,-9925.903896626774,25.300527911142773,17.816896146016006,-0.43942100112790355
UAV_0004,telemetry_28,50,50,272,-9907.046460726122,33.54367515321749,-56.34343925711255,-1.122301198010836
UAV_0005,telemetry_07,5,5,213,140.5912754437698,0.0,0.0,0.0
UAV_0005,telemetry_07,20,20,213,140.59127544376983,2.9160058604848984e-14,0.0,0.0
UAV_0005,telemetry_07,50,50,213,140.59127544376977,2.8710262101646174e-14,0.0,0.0
UAV_0005,telemetry_13,5,5,213,7149.007987269382,4.804157636149068,-3.6043185528196773,-2.0234910587100785
UAV_0005,telemetry_13,20,20,213,7146.358128183962,3.972596826005756,-1.310387106896087,0.1232296738354615
UAV_0005,telemetry_13,50,50,213,7144.599861571965,3.8780585815539004,9.87997290376461,0.10632747877440425
UAV_0005,telemetry_15,5,5,213,50255.20398986015,22.77216545868954,25.78112940587016,2.1340360704380146
UAV_0005,telemetry_15,20,20,213,50197.8533124007,43.71449994232076,135.38176805236435,6.413098835607038
UAV_0005,telemetry_15,50,50,213,50131.61122916339,68.01130440519769,241.40512080043118,4.4367259848849
UAV_0005,telemetry_16,5,5,213,-701.5364328583291,1.7343073863319205,0.0,0.17343073863319206
UAV_0005,telemetry_16,20,20,213,-701.3630021196959,1.7704426711337478,-3.468614772663841,-0.0964952981868901
UAV_0005,telemetry_16,50,50,213,-700.1143008015371,1.8767581291336164,-3.468614772663841,-0.07187069745039537
UAV_0005,telemetry_18,5,5,213,-103.32676258108881,0.0034547643410700623,-0.003254576836297929,-0.0006270888027955834
UAV_0005,telemetry_18,20,20,213,-103.32632004516566,0.007307478390073183,0.0005472637096630706,-0.00015101728369629192
UAV_0005,telemetry_18,50,50,213,-103.32790843810308,0.00612772447875034,0.005241929393903888,6.783379955988965e-05
UAV_0005,telemetry_19,5,5,213,33506.96908681877,0.5356154893202196,0.6882572099129902,0.129935027546162
UAV_0005,telemetry_19,20,20,213,33506.58858186637,0.5217473224004566,0.21699901525425958,0.0348862831935357
UAV_0005,telemetry_19,50,50,213,33506.31139654291,0.5310021233999783,0.4760961319334456,0.01657511019988275
UAV_0005,telemetry_21,5,5,213,34962.99885644451,0.2830559087917799,0.5886150396254379,0.08829225594381569
UAV_0005,telemetry_21,20,20,213,34963.06507563646,0.38867305034092786,0.0,0.01095355054938792
UAV_0005,telemetry_21,50,50,213,34962.91056418856,0.4277337248313842,0.14715375990635948,0.011249401477576538
UAV_0005,telemetry_22,5,5,213,23252.58702299065,63.68111450701741,118.73057742019228,12.339239150294452
UAV_0005,telemetry_22,20,20,213,23219.947040326853,52.897359113340904,157.3362252930201,2.795445423073868
UAV_0005,telemetry_22,50,50,213,23188.749306394908,65.031623651193,257.8565914524479,2.624117238653933
UAV_0005,telemetry_23,5,5,213,-17476.37941431248,10.179967126031105,-11.034271546810487,-4.1130384119525845
UAV_0005,telemetry_23,20,20,213,-17455.176397590527,17.948996284628386,-72.33340089074045,-2.817531487173947
UAV_0005,telemetry_23,50,50,213,-17428.961747523656,26.420310560447266,-89.73759519336454,-1.7252764156580196
UAV_0005,telemetry_25,5,5,213,-174.35722210034234,0.3733589960985733,-0.6684375324074949,-0.1853394976220784
UAV_0005,telemetry_25,20,20,213,-174.18859354103046,0.2833943610269223,-0.7292045808081866,-0.023918458524629246
UAV_0005,telemetry_25,50,50,213,-173.77142775375978,0.46977964924571175,-1.488792685816719,-0.0267987789921664
UAV_0005,telemetry_26,5,5,213,-7446.7056770821455,3.509772687477162,2.7269802901482763,1.4065477286030728
UAV_0005,telemetry_26,20,20,213,-7448.3562177840795,4.182760490076598,-2.8705055685786647,0.14179865853799759
UAV_0005,telemetry_26,50,50,213,-7452.360573052245,6.033708003754236,18.514760917327294,0.26936576144611213
UAV_0005,telemetry_28,5,5,213,-9966.991149313131,35.03532486428586,-60.712727372478184,-7.701032865053458
UAV_0005,telemetry_28,20,20,213,-9929.287404436469,40.82683653234706,-82.2218625995265,-4.228712998309774
UAV_0005,telemetry_28,50,50,213,-9890.042479074373,46.555007558561336,-179.34210761116447,-2.5358559151222013
UAV_0006,telemetry_07,5,5,278,140.5912754437698,0.0,0.0,0.0
UAV_0006,telemetry_07,20,20,278,140.59127544376983,2.9160058604848984e-14,0.0,0.0
UAV_0006,telemetry_07,50,50,278,140.59127544376977,2.8710262101646174e-14,0.0,0.0
UAV_0006,telemetry_13,5,5,278,7150.8786403452805,1.1062239375423764,2.4209625326466266,0.4697039639118884
UAV_0006,telemetry_13,20,20,278,7147.275342000154,3.421828610817115,3.149217774380304,0.26069448847466836
UAV_0006,telemetry_13,50,50,278,7145.197485920222,3.7898308579085116,3.210626437575229,0.11385708325955247
UAV_0006,telemetry_15,5,5,278,50085.455606245705,7.1824848313972485,10.731857695267536,2.590448409203236
UAV_0006,telemetry_15,20,20,278,50081.61310777205,18.730691274926937,9.498310833747382,1.1263303072450481
UAV_0006,telemetry_15,50,50,278,50068.743513365764,21.833290746760976,14.185788907539973,0.8038638395080862
UAV_0006,telemetry_16,5,5,278,-701.1895713810627,1.4510256638667078,-3.468614772663841,-0.8671536931659602
UAV_0006,telemetry_16,20,20,278,-701.2762867503794,1.803662127981304,-1.7343073863319205,-0.032599762900976034
UAV_0006,telemetry_16,50,50,278,-700.5305345742566,1.8570299204992393,-3.468614772663841,-0.04405515521582702
UAV_0006,telemetry_18,5,5,278,-103.3268029711891,0.004022533487178848,0.00933372117636111,0.0020181327326440623
UAV_0006,telemetry_18,20,20,278,-103.32586318931426,0.005189283902855859,0.008052551310683498,-2.4190141875321055e-05
UAV_0006,telemetry_18,50,50,278,-103.32543564167676,0.00534719301486264,-0.0002916314493859318,-3.020256437106569e-05
UAV_0006,telemetry_19,5,5,278,33507.13336116815,0.3140167794954113,0.5759370887099067,0.16603557944472414
UAV_0006,telemetry_19,20,20,278,33506.97379470445,0.40449772041776016,0.9445325502965716,0.024544463539682065
UAV_0006,telemetry_19,50,50,278,33506.64581239831,0.5070592546145897,1.374103015215951,0.021963893163794542
UAV_0006,telemetry_21,5,5,278,34963.82291749997,0.2830559087932929,0.5886150396327139,0.08829225594527088
UAV_0006,telemetry_21,20,20,278,34963.6316176121,0.5063908173105591,0.8829225594381569,0.029430751981178897
UAV_0006,telemetry_21,50,50,278,34963.29905011471,0.6001835635342551,1.9129988787753973,0.020463735351126836
UAV_0006,telemetry_22,5,5,278,23264.99910298599,59.14699940874111,38.314284492651495,23.789819991064725
UAV_0006,telemetry_22,20,20,278,23210.011549062976,60.78642815546268,107.95013235382066,3.3753242706796818
UAV_0006,telemetry_22,50,50,278,23185.282082170852,60.37455068312473,116.83671544907702,1.435284692357822
UAV_0006,telemetry_23,5,5,278,-17418.13854871523,10.789585995373763,14.536678605087218,0.6830597803389538
UAV_0006,telemetry_23,20,20,278,-17413.97370569348,9.511142536461078,-5.282711374358769,-0.4230909015744768
UAV_0006,telemetry_23,50,50,278,-17409.36963082456,8.838228320382667,-12.466202870989946,-0.3316181477895945
UAV_0006,telemetry_25,5,5,278,-174.56383006490464,0.23866060021038127,-0.2126846694023925,0.0030383524200317423
UAV_0006,telemetry_25,20,20,278,-174.25239894185114,0.34325173426495925,-0.9115057260102049,-0.0434735688370287
UAV_0006,telemetry_25,50,50,278,-173.8923541800771,0.46198333640061673,-1.1241903954125974,-0.025084462500670496
UAV_0006,telemetry_26,5,5,278,-7439.9886940516735,2.023146498008834,1.5787780627188113,0.20093538980063386
UAV_0006,telemetry_26,20,20,278,-7445.213014186484,3.8574882320417125,7.032738643017183,0.3315110190477904
UAV_0006,telemetry_26,50,50,278,-7448.496872556938,5.58927388413441,11.625547552742319,0.2347680712798062
UAV_0006,telemetry_28,5,5,278,-9940.04825695456,10.905336565890078,15.930000189500788,1.7438773748532186
UAV_0006,telemetry_28,20,20,278,-9925.152753299299,19.90231009114246,-3.5651750901397463,-1.3961893250275796
UAV_0006,telemetry_28,50,50,278,-9898.85130069326,32.51248155508934,-52.43086838565796,-1.6812562109933482
UAV_0007,telemetry_07,5,5,424,140.74598310201583,0.03843742671976016,0.0,-0.008594869902555046
UAV_0007,telemetry_07,20,20,424,140.70300875250302,0.040409841967921606,0.08594869902555047,0.004652861902135063
UAV_0007,telemetry_07,50,50,424,140.68753798667842,0.028213582053755237,0.08594869902555047,0.001040051484006661
UAV_0007,telemetry_13,5,5,424,7142.092469526557,3.532404962691311,-7.491639788760949,-1.0520591930388037
UAV_0007,telemetry_13,20,20,424,7141.916729430032,2.9414415430381577,-5.49133105196961,-0.06097443704082909
UAV_0007,telemetry_13,50,50,424,7139.754928007423,3.4128541550202467,0.04351760595727683,0.12778467996201961
UAV_0007,telemetry_15,5,5,424,50321.766178508034,21.25286153593257,42.18730266415514,4.490110575951258
UAV_0007,telemetry_15,20,20,424,50292.12713129274,28.648930878039955,104.1730324557866,4.213490010950964
UAV_0007,telemetry_15,50,50,424,50236.5527613139,56.06818388723683,188.6093151271707,3.695783401254555
UAV_0007,telemetry_16,5,5,424,-701.8832943355956,1.8998385542836393,0.0,0.5202922158995762
UAV_0007,telemetry_16,20,20,424,-701.796578966279,1.6186325600597222,1.7343073863319205,-0.014343895676429418
UAV_0007,telemetry_16,50,50,424,-700.0449285060838,2.0731899120614563,-3.4686147726639547,-0.09135823302790652
UAV_0007,telemetry_18,5,5,424,-102.97973632523176,0.003112466305244338,-0.006091740554836633,-0.0006044842510462445
UAV_0007,telemetry_18,20,20,424,-102.98276383095029,0.0041768037232913,-0.0019243510354556292,-5.137662700193639e-06
UAV_0007,telemetry_18,50,50,424,-102.97883755485043,0.02507369794627702,-0.0012510382855595026,-1.4050483660605128e-05
UAV_0007,telemetry_19,5,5,424,33510.93858209376,0.5351925609315757,0.15080344541638624,-0.03946882117234054
UAV_0007,telemetry_19,20,20,424,33510.308868313434,0.6477958488012084,2.8150280044355895,0.066002863248155
UAV_0007,telemetry_19,50,50,424,33509.067166020555,1.2128401719239967,4.658252260698646,0.07666386894152277
UAV_0007,telemetry_21,5,5,424,34967.91379202536,0.5941076784450618,-1.6186913589626784,-0.3384536477838992
UAV_0007,telemetry_21,20,20,424,34967.28838854576,0.7291949622108647,0.8829225594381569,0.09393499410533761
UAV_0007,telemetry_21,50,50,424,34965.93898856742,1.3413562667855343,3.2373827179399086,0.08536684626288228
UAV_0007,telemetry_22,5,5,424,23222.256095114713,67.87339490135753,77.93970419608377,22.18732140011816
UAV_0007,telemetry_22,20,20,424,23221.746209199417,60.04872998373455,156.60781684258836,2.12563825399334
UAV_0007,telemetry_22,50,50,424,23184.067096875544,64.97931587486583,187.2009717606743,2.2887870194808717
UAV_0007,telemetry_23,5,5,424,-17497.781494088722,8.278508053328762,-20.615005647625367,-4.635062848983216
UAV_0007,telemetry_23,20,20,424,-17484.511655357852,13.1282179428967,-44.07347788478364,-1.9102797627536074
UAV_0007,telemetry_23,50,50,424,-17462.30893153146,22.28886595962587,-77.97373242196045,-1.437867539695441
UAV_0007,telemetry_25,5,5,424,-174.60636699878515,0.3232669903480136,-0.6684375324074949,-0.07292045808081582
UAV_0007,telemetry_25,20,20,424,-174.15517166441006,0.4591278629387216,-1.0330398228116167,-0.05320543448315404
UAV_0007,telemetry_25,50,50,424,-173.63470189485818,0.5914974006249631,-2.461065460227644,-0.03283171404947304
UAV_0007,telemetry_26,5,5,424,-7670.260650763003,5.991729155195514,-13.49137617231736,-2.152879176433635
UAV_0007,telemetry_26,20,20,424,-7651.552130719794,14.743768911353348,-53.82197941083814,-2.385433292985626
UAV_0007,telemetry_26,50,50,424,-7619.165651642314,30.60029167448073,-104.05582686095295,-2.058617700655739
UAV_0007,telemetry_28,5,5,424,-9917.113935852482,30.63298295354956,-56.99550187212117,-13.255434292072096
UAV_0007,telemetry_28,20,20,424,-9891.811546981033,32.97902485163601,-107.17157539605614,-3.454198005898886
UAV_0007,telemetry_28,50,50,424,-9850.638679023074,47.69642844275628,-178.9377925196677,-2.719823822424897
UAV_0008,telemetry_07,5,5,267,140.5912754437698,0.0,0.0,0.0
UAV_0008,telemetry_07,20,20,267,140.59127544376983,2.9160058604848984e-14,0.0,0.0
UAV_0008,telemetry_07,50,50,267,140.59127544376977,2.8710262101646174e-14,0.0,0.0
UAV_0008,telemetry_13,5,5,267,7147.452996930237,4.139911312076276,-3.468056687747776,0.037093857088711955
UAV_0008,telemetry_13,20,20,267,7146.127650887113,4.199475626229368,2.5469373107162028,0.29048958816365145
UAV_0008,telemetry_13,50,50,267,7144.261585458272,4.13657133209294,8.87997805814939,0.1266347642593301
UAV_0008,telemetry_15,5,5,267,50083.65462782788,26.683168344904264,-57.11321968860284,-7.907035382373579
UAV_0008,telemetry_15,20,20,267,50062.07680935264,27.00488612416386,25.22603331818391,2.8717991163027903
UAV_0008,telemetry_15,50,50,267,50037.21528913204,33.69713879196695,80.42725537142542,1.6643049796060232
UAV_0008,telemetry_16,5,5,267,-702.5770172901283,1.9774146614635726,-3.468614772663841,-1.0405844317991524
UAV_0008,telemetry_16,20,20,267,-701.5364328583292,1.7793618342379462,-3.468614772663841,-0.11735914644351488
UAV_0008,telemetry_16,50,50,267,-700.5999068697098,1.8277100607475867,-6.937229545327796,-0.07370285891494716
UAV_0008,telemetry_18,5,5,267,-103.32850636622145,0.007217917354468565,-0.00887203082470478,-0.000884809845085499
UAV_0008,telemetry_18,20,20,267,-103.32746908570871,0.005871758331365757,-0.00850407308168144,-0.00023423289116547672
UAV_0008,telemetry_18,50,50,267,-103.32755993490497,0.00588337864622674,-0.006206589865143997,-1.5155191660558816e-05
UAV_0008,telemetry_19,5,5,267,33506.835234540114,0.4303373690742709,0.39369450770755066,0.16236077824942186
UAV_0008,telemetry_19,20,20,267,33506.96504978527,0.4291609078682808,-0.6808348062622827,-0.0083205631287312
UAV_0008,telemetry_19,50,50,267,33506.686359743486,0.4674499946696191,1.1524360272815102,0.016391463008316752
UAV_0008,telemetry_21,5,5,267,34964.087794267805,0.369353006003966,0.44146127971907845,0.029430751981271895
UAV_0008,telemetry_21,20,20,267,34963.800844435995,0.46356200336080494,1.3243838391572353,0.0321968000999219
UAV_0008,telemetry_21,50,50,267,34963.41677312263,0.5342723380849538,1.7658451188763138,0.023064099511831183
UAV_0008,telemetry_22,5,5,267,23227.03445454954,24.836057897199755,30.30179153791687,6.70135774396258
UAV_0008,telemetry_22,20,20,267,23231.470462012665,52.42520238574675,61.1863098361755,1.4766427549255474
UAV_0008,telemetry_22,50,50,267,23199.35201979938,62.26840183691134,88.72014926245538,2.241049595560231
UAV_0008,telemetry_23,5,5,267,-17408.18148840921,8.277830815149217,-6.178955356946972,-3.1065000367492757
UAV_0008,telemetry_23,20,20,267,-17406.44546593554,8.36702007547141,0.27960576086479705,-0.5241744054462486
UAV_0008,telemetry_23,50,50,267,-17395.356949651905,12.58303422021564,-23.970851531521475,-0.6601332557557713
UAV_0008,telemetry_25,5,5,267,-174.40583573906287,0.2511010324062273,-0.5772869598064858,-0.07899716292089068
UAV_0008,telemetry_25,20,20,267,-174.13846072609985,0.37272078625803506,-0.972272774410925,-0.04290244996108389
UAV_0008,telemetry_25,50,50,267,-173.9215223633094,0.3804623980311,-0.6988210566078408,-0.016240048397310768
UAV_0008,telemetry_26,5,5,267,-7440.878550777932,3.340780164266698,5.597485858726941,0.4305758352866178
UAV_0008,telemetry_26,20,20,267,-7444.9187873657065,6.36069641405197,11.051446439025312,0.3780218423581935
UAV_0008,telemetry_26,50,50,267,-7448.304548683844,6.488219307854481,21.815842321192576,0.2482694408088346
UAV_0008,telemetry_28,5,5,267,-9932.380012606594,47.09968078812073,-41.64063694625656,-15.600386876610354
UAV_0008,telemetry_28,20,20,267,-9912.607413650663,36.4282000503108,-35.34950595257396,-2.3014656459287965
UAV_0008,telemetry_28,50,50,267,-9897.621175015476,37.24600429869461,-44.574670146988865,-0.9436042220009532
UAV_0009,telemetry_07,5,5,406,140.7631728418209,0.0,0.0,0.0
UAV_0009,telemetry_07,20,20,406,140.7287933622107,0.043199938199326146,0.08594869902555047,0.004394369574238671
UAV_0009,telemetry_07,50,50,406,140.6978518305615,0.03707991128970414,0.08594869902555047,0.0017664366474398848
UAV_0009,telemetry_13,5,5,406,7143.176432684006,2.5907019334190213,-4.068525226658494,-0.6475038598028732
UAV_0009,telemetry_13,20,20,406,7142.921163148172,3.357342576630817,-2.166079617606556,0.07876340386753457
UAV_0009,telemetry_13,50,50,406,7141.234890246394,3.3737021740667656,2.7544846761602457,0.06960153972397953
UAV_0009,telemetry_15,5,5,406,50331.67155980608,15.250176762148406,16.89959200289013,7.0497203136139435
UAV_0009,telemetry_15,20,20,406,50310.54706980247,25.152690110923068,94.85975365127524,3.305070857927982
UAV_0009,telemetry_15,50,50,406,50264.902135285454,47.82782643615589,155.55025923829817,3.0412246382968595
UAV_0009,telemetry_16,5,5,406,-702.9238787673947,1.4510256638667078,-1.7343073863319205,-0.5202922158995762
UAV_0009,telemetry_16,20,20,406,-702.4903019208117,1.732023899645341,-5.2029221589957615,-0.08215140251045983
UAV_0009,telemetry_16,50,50,406,-700.6345930174366,2.3040180346582586,-6.937229545327796,-0.11126216893827034
UAV_0009,telemetry_18,5,5,406,-103.26210160878331,0.03935386029872357,0.005228990848479498,0.009468613106227508
UAV_0009,telemetry_18,20,20,406,-103.2558509304439,0.031246353463506012,-0.005064983060918848,-0.0002807660534405881
UAV_0009,telemetry_18,50,50,406,-103.24951990752905,0.023617241056726492,0.0025240631587166718,-0.00041378486593213627
UAV_0009,telemetry_19,5,5,406,33511.14917267365,0.2910159592018331,0.31748067593434826,0.09298329257580917
UAV_0009,telemetry_19,20,20,406,33510.769230736754,0.5948612528817809,1.5750854206780787,0.06906041153117969
UAV_0009,telemetry_19,50,50,406,33509.88042179202,1.000416258980129,3.1342275096612866,0.06081324063930575
UAV_0009,telemetry_21,5,5,406,34968.414114809035,0.29430751981271897,-0.29430751981271897,-0.11772300792508758
UAV_0009,telemetry_21,20,20,406,34967.8402151454,0.6056023929996166,1.1772300792436,0.057312517015942234
UAV_0009,telemetry_21,50,50,406,34966.86017110444,1.084277043425916,3.384536477838992,0.06599837299020178
UAV_0009,telemetry_22,5,5,406,23245.244665810307,29.142710894210275,-54.04790702195169,-13.24246562882836
UAV_0009,telemetry_22,20,20,406,23225.410103705086,46.09674381028429,127.47147882536228,2.8386022545727845
UAV_0009,telemetry_22,50,50,406,23194.570746730744,66.620560353357,116.10830699864528,2.032002491366073
UAV_0009,telemetry_23,5,5,406,-17494.931755753438,5.450743411652044,9.130773618177045,0.8697322784195421
UAV_0009,telemetry_23,20,20,406,-17486.1737240242,9.613968975461063,-18.79398270645106,-0.9383290885461633
UAV_0009,telemetry_23,50,50,406,-17470.569984617017,16.222220314072185,-34.290080909795506,-1.0038004362073212
UAV_0009,telemetry_25,5,5,406,-174.44229596810328,0.5140116486605381,0.06076704840066327,-0.1154573919613
UAV_0009,telemetry_25,20,20,406,-174.23264965112094,0.38582605458465624,-0.425369338804785,-0.021839585816184958
UAV_0009,telemetry_25,50,50,406,-173.83948684796852,0.4710980179192759,-1.39764211321571,-0.025138445232743337
UAV_0009,telemetry_26,5,5,406,-7682.087133705545,5.439778462385505,-12.773749780171784,-2.526044900348552
UAV_0009,telemetry_26,20,20,406,-7667.878131141081,11.471441852671985,-47.076291324679005,-1.6905767006520398
UAV_0009,telemetry_26,50,50,406,-7643.168819206762,24.480940168421537,-90.99502652392312,-1.6241616861731063
UAV_0009,telemetry_28,5,5,406,-9925.044552308758,25.471823475210638,-42.46192902310759,-3.083324493543114
UAV_0009,telemetry_28,20,20,406,-9903.006899636845,28.34007640046518,-39.911684976887045,-1.850539616772076
UAV_0009,telemetry_28,50,50,406,-9870.281124551175,38.15174324739518,-72.79884059318829,-1.8224493505268102
UAV_0010,telemetry_07,5,5,481,140.67722414279535,0.0,0.0,0.0
UAV_0010,telemetry_07,20,20,481,140.67722414279532,2.9160058604848984e-14,0.0,0.0
UAV_0010,telemetry_07,50,50,481,140.65487748104871,0.03808279398123881,0.08594869902555047,0.0017210375747253083
UAV_0010,telemetry_13,5,5,481,7144.221034198279,3.5560334308497703,-1.832869063495309,0.304192827726456
UAV_0010,telemetry_13,20,20,481,7142.352573340109,3.795693540233585,6.6399303699845404,0.31159003016346243
UAV_0010,telemetry_13,50,50,481,7140.6687656418735,3.739548141403984,4.00988370529376,0.12886287483235673
UAV_0010,telemetry_15,5,5,481,50318.509614793606,20.528986544631625,15.17262639675755,2.060023258747242
UAV_0010,telemetry_15,20,20,481,50280.35292649949,35.692404809280426,40.46033705802256,4.98292645931281
UAV_0010,telemetry_15,50,50,481,50221.26048087156,62.17271781549708,149.01246087221807,4.051592811345903
UAV_0010,telemetry_16,5,5,481,-700.8427099037963,0.9499192771418197,1.7343073863319205,0.3468614772663841
UAV_0010,telemetry_16,20,20,481,-700.929425273113,1.2923361804665026,0.0,-0.0065199525801963015
UAV_0010,telemetry_16,50,50,481,-699.2471471083711,1.9011305221679842,-1.7343073863320342,-0.09393991509159474
UAV_0010,telemetry_18,5,5,481,-101.93459946711377,0.004691733809531848,0.008359124116481098,0.0019482802803736377
UAV_0010,telemetry_18,20,20,481,-101.98943710410396,0.053244038805239716,0.09514553013558213,0.007516759082028268
UAV_0010,telemetry_18,50,50,481,-102.08917226164061,0.10140787465000706,0.27801651593988197,0.006575759523851109
UAV_0010,telemetry_19,5,5,481,33509.0667883311,0.34446775485151737,0.1946799552970333,-0.023587806723662653
UAV_0010,telemetry_19,20,20,481,33508.81674064018,0.5120784238031131,-0.04263053368049441,0.04754495635327049
UAV_0010,telemetry_19,50,50,481,33507.41724861799,1.3406897147625418,3.5023495962814195,0.08613027385014395
UAV_0010,telemetry_21,5,5,481,34966.618838938186,0.45830778067432765,-0.14715375990635948,-0.014715375990635948
UAV_0010,telemetry_21,20,20,481,34965.61083568284,0.820672595135429,1.6186913589626784,0.12380831378546112
UAV_0010,telemetry_21,50,50,481,34964.26437877969,1.3623790867805128,3.384536477838992,0.08732418559031004
UAV_0010,telemetry_22,5,5,481,23308.49965564571,54.546500951450916,60.60358307583738,22.099912386067082
UAV_0010,telemetry_22,20,20,481,23219.77222229875,82.56097729842844,223.0386675218724,10.13101142688452
UAV_0010,telemetry_22,50,50,481,23162.139088883778,92.39347036000328,207.742090062824,4.309358832258698
UAV_0010,telemetry_23,5,5,481,-17494.796453953095,7.868029211189811,-17.52986817790952,-4.169383737587486
UAV_0010,telemetry_23,20,20,481,-17476.498683839756,17.167931362339996,-52.58317607197387,-2.6239951314764687
UAV_0010,telemetry_23,50,50,481,-17452.894835874387,25.63531703814979,-70.11097748513203,-1.6420685579623242
UAV_0010,telemetry_25,5,5,481,-174.35114539550227,0.3486832087885231,-0.7292045808081582,-0.12761080164142696
UAV_0010,telemetry_25,20,20,481,-174.06402109180908,0.31656550436467895,-1.0634233470119057,-0.03863048076900499
UAV_0010,telemetry_25,50,50,481,-173.48582262627656,0.5905139700133505,-2.400298411826924,-0.037379394478402724
UAV_0010,telemetry_26,5,5,481,-7617.041477521566,7.639536577492832,-15.64425534874863,-3.272376348178659
UAV_0010,telemetry_26,20,20,481,-7600.729829628121,13.560332763940085,-43.057583528669966,-2.1920518652077376
UAV_0010,telemetry_26,50,50,481,-7569.195890704506,30.101677784958277,-96.3054618257911,-2.032827948344538
UAV_0010,telemetry_28,5,5,481,-9890.707428131418,46.69463265864944,29.427067905660806,-6.065857659143876
UAV_0010,telemetry_28,20,20,481,-9885.163093644494,33.05008305589337,-24.83258066340568,-2.166146983181929
UAV_0010,telemetry_28,50,50,481,-9848.44753461212,44.72380906316712,-126.1920545930152,-2.5423272716701026
UAV_0011,telemetry_07,5,5,197,140.71160362240556,0.04707604124451628,0.08594869902555047,0.017189739805110092
UAV_0011,telemetry_07,20,20,197,140.6858190126979,0.026454451377029148,0.08594869902555047,0.0021971847871193355
UAV_0011,telemetry_07,50,50,197,140.6548774810487,0.04531373088522589,0.17189739805110094,0.0025547296373020765
UAV_0011,telemetry_13,5,5,197,7144.120704477062,2.9019438696659106,3.6921526754131264,1.2466655192133658
UAV_0011,telemetry_13,20,20,197,7141.364316587738,2.9682128345304135,2.4190944478295933,0.21670272861176162
UAV_0011,telemetry_13,50,50,197,7137.087042855006,4.957531993022161,4.578988605784616,0.2628272907399773
UAV_0011,telemetry_15,5,5,197,50327.67486797474,30.70920424197235,34.04589337808284,13.168112746778206
UAV_0011,telemetry_15,20,20,197,50250.908162914886,56.307433255749615,149.13581555836572,8.853202924318486
UAV_0011,telemetry_15,50,50,197,50156.07122988055,91.35664743078746,296.2362787952079,6.015550461448171
UAV_0011,telemetry_16,5,5,197,-701.5364328583291,0.0,0.0,0.0
UAV_0011,telemetry_16,20,20,197,-700.3224176878969,1.6014256508141833,-3.4686147726639547,-0.14343895676429752
UAV_0011,telemetry_16,50,50,197,-697.720956608399,2.8030640309422568,-5.202922158995875,-0.16306237034516
UAV_0011,telemetry_18,5,5,197,-102.9295944460908,0.042540464817923944,0.0006257899415231805,0.0007417731797005444
UAV_0011,telemetry_18,20,20,197,-102.92471975269646,0.041454780224700526,-0.08669972770991308,-0.0004248736285880899
UAV_0011,telemetry_18,50,50,197,-102.92095449010716,0.04112444925435111,0.008969568886541879,-0.00014672023925196598
UAV_0011,telemetry_19,5,5,197,33510.85495920239,0.5163821429742435,1.4475521663043764,0.28323339798298547
UAV_0011,telemetry_19,20,20,197,33509.208269177056,1.2562057159719153,4.149869676926755,0.2042158501579361
UAV_0011,telemetry_19,50,50,197,33507.11661023405,2.0390661213377013,7.0736613624249,0.1339976756281038
UAV_0011,telemetry_21,5,5,197,34967.79606901744,0.7603735369911925,1.7658451188690378,0.44146127971835086
UAV_0011,telemetry_21,20,20,197,34965.91250089064,1.4283054001807864,4.561766557082592,0.23102033885998505
UAV_0011,telemetry_21,50,50,197,34963.74934062002,2.122541978603259,7.357687995296146,0.13890043017868992
UAV_0011,telemetry_22,5,5,197,23252.70356834272,82.21936963438095,221.727532311088,42.43707632208934
UAV_0011,telemetry_22,20,20,197,23192.835677801824,75.03436828315822,237.75251822056453,6.9661040935393945
UAV_0011,telemetry_22,50,50,197,23115.404402704145,99.01525883001237,347.74219423559043,5.103923909010792
UAV_0011,telemetry_23,5,5,197,-17487.56329918863,17.117694883728074,-26.51414158035186,-7.3847697325505575
UAV_0011,telemetry_23,20,20,197,-17464.833219288535,20.180879379563347,-84.94769602779706,-2.8909848126871105
UAV_0011,telemetry_23,50,50,197,-17429.107087265293,34.08069237795855,-129.17351727712594,-2.227398478216802
UAV_0011,telemetry_25,5,5,197,-174.1931510696605,0.36624436688309386,-0.6380540082071775,-0.20660796456232333
UAV_0011,telemetry_25,20,20,197,-173.66295857236452,0.5988329783532061,-1.8533949762208124,-0.08431999084470651
UAV_0011,telemetry_25,50,50,197,-172.8587066867815,0.8377158178575775,-2.5218325086283357,-0.05295268318497873
UAV_0011,telemetry_26,5,5,197,-7661.046327887867,9.587553056293862,-24.399297332912283,-5.81277377637025
UAV_0011,telemetry_26,20,20,197,-7618.369086347035,30.38655006442826,-94.72668376307502,-5.00687394230508
UAV_0011,telemetry_26,50,50,197,-7568.828465991729,48.328552529550976,-167.06342409124136,-3.235297548757702
UAV_0011,telemetry_28,5,5,197,-9917.140848627641,28.750629669471024,-62.33058056484697,-14.22539874004815
UAV_0011,telemetry_28,20,20,197,-9868.166898517258,38.74744503515992,-124.47445970994704,-5.424931289601468
UAV_0011,telemetry_28,50,50,197,-9805.583227885789,62.53946515711304,-193.5621541975761,-3.9078749743493835
UAV_0012,telemetry_07,5,5,170,140.5912754437698,0.0,0.0,0.0
UAV_0012,telemetry_07,20,20,170,140.59127544376983,2.9160058604848984e-14,0.0,0.0
UAV_0012,telemetry_07,50,50,170,140.59127544376977,2.8710262101646174e-14,0.0,0.0
UAV_0012,telemetry_13,5,5,170,7146.657313726442,2.409886009526581,-0.5520737210308653,-0.6803589546086186
UAV_0012,telemetry_13,20,20,170,7145.498444724738,2.7249675254194723,-4.69427509693287,0.04988860382719101
UAV_0012,telemetry_13,50,50,170,7142.144353314204,4.042021674655354,13.512614683849279,0.20097226749736868
UAV_0012,telemetry_15,5,5,170,49975.55891635244,14.188376438336645,29.728479362755024,6.944868830386258
UAV_0012,telemetry_15,20,20,170,49980.80765824822,20.06280788405644,3.330576526117511,-1.3113623364737823
UAV_0012,telemetry_15,50,50,170,49985.978686691735,19.197185573968067,-8.758182716825104,-0.3888264098806783
UAV_0012,telemetry_16,5,5,170,-701.5364328583291,0.0,0.0,0.0
UAV_0012,telemetry_16,20,20,170,-700.6692791651632,1.0526846574354243,-1.7343073863319205,-0.0651995258019513
UAV_0012,telemetry_16,50,50,170,-699.3858916992775,1.664227059764013,-3.4686147726639547,-0.06828965458786163
UAV_0012,telemetry_18,5,5,170,-103.32242629078819,0.0023849668492160895,0.0034595233186252017,0.0009826024561718327
UAV_0012,telemetry_18,20,20,170,-103.32585498684566,0.005438809874390104,0.004960306693718053,4.2344652040477675e-05
UAV_0012,telemetry_18,50,50,170,-103.32645589394797,0.006167961412660227,0.012859221281019018,4.6213750781460655e-05
UAV_0012,telemetry_19,5,5,170,33507.42510599222,0.6445311802919851,-0.549005763772584,-0.14588460409358958
UAV_0012,telemetry_19,20,20,170,33507.19542692782,0.5298061574862711,0.4311491635889979,0.03795578435799273
UAV_0012,telemetry_19,50,50,170,33506.54584981547,0.7435040586138006,1.040692677925108,0.037637962436578534
UAV_0012,telemetry_21,5,5,170,34964.14665577177,0.5406774382519288,1.4715375990563189,0.2795921438206278
UAV_0012,telemetry_21,20,20,170,34963.86706362795,0.46997142078647525,1.4715375990563189,0.04005237675644042
UAV_0012,telemetry_21,50,50,170,34963.14306712921,0.8156360149343552,2.9430751981126377,0.046107000402724266
UAV_0012,telemetry_22,5,5,170,23256.636973975044,49.95495040689323,80.12492954736808,6.905312110082013
UAV_0012,telemetry_22,20,20,170,23221.899174974005,70.21165249113281,96.73264221718637,2.911333564510587
UAV_0012,telemetry_22,50,50,170,23166.800902966537,74.79180984260947,133.44442811888803,2.887967241293962
UAV_0012,telemetry_23,5,5,170,-17383.834898476,7.94226536539971,1.342585649843386,0.41128014613859704
UAV_0012,telemetry_23,20,20,170,-17382.670624361865,9.08532818673706,-8.029556846668129,-0.12439274838361598
UAV_0012,telemetry_23,50,50,170,-17378.141137308146,9.395496041043284,-7.522472133201518,-0.244438066035739
UAV_0012,telemetry_25,5,5,170,-174.15061413578002,0.2812733316913651,0.15191762100172923,0.015191762100175765
UAV_0012,telemetry_25,20,20,170,-174.0503485059189,0.3237926158681773,-0.39498581460441073,-0.020012005413156893
UAV_0012,telemetry_25,50,50,170,-173.59641865436578,0.5117731522688589,-1.5495597342173824,-0.027866761691549533
UAV_0012,telemetry_26,5,5,170,-7442.543444007708,2.4880014905946863,-1.291727505858944,-0.33010814038616443
UAV_0012,telemetry_26,20,20,170,-7446.7056770821455,4.9313546203628915,11.33849699588427,0.5773385260109931
UAV_0012,telemetry_26,50,50,170,-7453.261911800777,7.5252130268907385,19.950013701616626,0.4334222189597439
UAV_0012,telemetry_28,5,5,170,-9928.315538697352,24.91285668516208,-38.122027103780056,-12.40556024865855
UAV_0012,telemetry_28,20,20,170,-9910.668208889761,26.054867289750053,-72.07166556617449,-3.04565186099212
UAV_0012,telemetry_28,50,50,170,-9868.483262904345,46.51542426048426,-159.94331790716024,-2.7080572824685425
UAV_0013,telemetry_07,5,5,185,140.5912754437698,0.0,0.0,0.0
UAV_0013,telemetry_07,20,20,185,140.59127544376983,2.9160058604848984e-14,0.0,0.0
UAV_0013,telemetry_07,50,50,185,140.59127544376977,2.8710262101646174e-14,0.0,0.0
UAV_0013,telemetry_13,5,5,185,7150.475684066027,2.4049354400808305,-1.1739727954636692,0.04592832995076605
UAV_0013,telemetry_13,20,20,185,7145.7578873049115,4.160841030053876,7.328025071075899,0.5854476664689576
UAV_0013,telemetry_13,50,50,185,7142.616981406022,4.209467520396368,11.207165864533636,0.19334394453151107
UAV_0013,telemetry_15,5,5,185,50514.199488905935,19.092828998159884,35.58782695500122,8.93704701175011
UAV_0013,telemetry_15,20,20,185,50419.4846770109,71.25216648902871,243.62550515119074,11.591027721713798
UAV_0013,telemetry_15,50,50,185,50287.04060080924,127.89839288991168,420.2694157215592,8.577533999375373
UAV_0013,telemetry_16,5,5,185,-703.270740244661,1.7343073863319205,-1.7343073863319205,-0.6937229545327682
UAV_0013,telemetry_16,20,20,185,-701.8832943355956,2.0750746517930296,-5.2029221589957615,-0.16951876708507604
UAV_0013,telemetry_16,50,50,185,-700.1143008015368,2.752012591804339,-8.671536931659716,-0.12283809819157901
UAV_0013,telemetry_18,5,5,185,-103.32592131186303,0.00483797833355334,0.009388055508040338,0.0010101678104959433
UAV_0013,telemetry_18,20,20,185,-103.32844756797604,0.006732059387903877,0.010551217383465428,0.0003226369737398776
UAV_0013,telemetry_18,50,50,185,-103.328277091484,0.006164301628060329,0.01955684347039721,1.2952417765187652e-05
UAV_0013,telemetry_19,5,5,185,33506.14920060431,0.6051883840395919,0.9175484898078139,0.257564505161281
UAV_0013,telemetry_19,20,20,185,33505.8944972701,0.4980461348652558,0.6112420110803214,0.0346475379434237
UAV_0013,telemetry_19,50,50,185,33505.65412793179,0.5231074633922225,0.5746069091983372,0.01522057853484313
UAV_0013,telemetry_21,5,5,185,34963.05771794847,0.4835966023344744,1.1772300792508759,0.27959214382208303
UAV_0013,telemetry_21,20,20,185,34962.623614356744,0.5322325684520302,1.6186913589699543,0.056980591241815835
UAV_0013,telemetry_21,50,50,185,34962.3896398785,0.508375287931703,2.2073063985881163,0.017771510499982903
UAV_0013,telemetry_22,5,5,185,23244.60366637393,46.992519083181755,63.51721687755344,18.690960838050888
UAV_0013,telemetry_22,20,20,185,23216.297713990196,69.02621667210254,137.81487882147485,4.552936188060042
UAV_0013,telemetry_22,50,50,185,23179.376146454768,67.37526097892328,211.09276893480273,2.6729389680710085
UAV_0013,telemetry_23,5,5,185,-17565.666179017786,10.626772537888053,-22.342998725252983,-5.515457480071928
UAV_0013,telemetry_23,20,20,185,-17529.052159948475,27.954376533037408,-95.35208699095165,-4.588427818808199
UAV_0013,telemetry_23,50,50,185,-17480.17662291055,47.15999445654071,-168.1424272405202,-3.141095932996291
UAV_0013,telemetry_25,5,5,185,-174.235688003541,0.3376537872434494,-0.7595881050085325,-0.18533949762208407
UAV_0013,telemetry_25,20,20,185,-173.88171994660698,0.4532701097983378,-0.6380540082071775,-0.04507270168967993
UAV_0013,telemetry_25,50,50,185,-173.4451087038481,0.5196469156689925,-1.4280256374160558,-0.026543455259390517
UAV_0013,telemetry_26,5,5,185,-7451.0401404907,3.9973786978038093,11.051446439025312,2.1815842321192576
UAV_0013,telemetry_26,20,20,185,-7450.738737405998,3.402137109542075,5.310435301868893,0.16014399487857622
UAV_0013,telemetry_26,50,50,185,-7454.700035090636,5.482502310096257,20.811165372188952,0.24461669662793165
UAV_0013,telemetry_28,5,5,185,-9932.002186957976,34.905688127249235,-48.22380027498548,-14.265067509988876
UAV_0013,telemetry_28,20,20,185,-9912.710731319747,39.19385708373292,28.5958541877917,-2.8092024256328054
UAV_0013,telemetry_28,50,50,185,-9876.93848245173,48.4100427279968,-84.21701177753857,-2.2820795122293305
UAV_0014,telemetry_07,5,5,207,140.5912754437698,0.0,0.0,0.0
UAV_0014,telemetry_07,20,20,207,140.59127544376983,2.9160058604848984e-14,0.0,0.0
UAV_0014,telemetry_07,50,50,207,140.59127544376977,2.8710262101646174e-14,0.0,0.0
UAV_0014,telemetry_13,5,5,207,7149.969412223293,2.159523739068866,-1.6113523276608248,0.1585819794803683
UAV_0014,telemetry_13,20,20,207,7145.821115677708,3.7962469719935386,8.658470911089353,0.46172219233891304
UAV_0014,telemetry_13,50,50,207,7142.23164039086,4.706378382673585,6.634863333191788,0.24903741262316118
UAV_0014,telemetry_15,5,5,207,49872.163018419415,11.746336235805101,4.934187446102442,3.4971053524241142
UAV_0014,telemetry_15,20,20,207,49878.22898511097,17.520265839884576,-3.6389632415011874,-1.1280461431050952
UAV_0014,telemetry_15,50,50,207,49909.11514820326,34.61340200070433,-94.79807630819414,-2.0063306511774566
UAV_0014,telemetry_16,5,5,207,-701.5364328583291,1.7343073863319205,-3.468614772663841,-0.8671536931659602
UAV_0014,telemetry_16,20,20,207,-700.3224176878967,1.6014256508141664,-5.202922158995875,-0.16430280502092282
UAV_0014,telemetry_16,50,50,207,-699.1777748129176,1.8790462614654013,-3.468614772663841,-0.08011542404088108
UAV_0014,telemetry_18,5,5,207,-103.32695583875928,0.005840989909208782,-0.0059009844176216575,5.0750060231052886e-05
UAV_0014,telemetry_18,20,20,207,-103.32670945431255,0.005423367865275124,0.00584269365386092,2.5050930203601843e-06
UAV_0014,telemetry_18,50,50,207,-103.32667323011205,0.006015944936986228,-0.0035582573540295925,-1.914648856615652e-05
UAV_0014,telemetry_19,5,5,207,33507.91290274744,0.37824669788000664,0.6764067739932216,0.13644804543437203
UAV_0014,telemetry_19,20,20,207,33507.475948091116,0.5481104399721851,1.1816997334972257,0.060068640438910914
UAV_0014,telemetry_19,50,50,207,33506.80452229944,0.7854697028470705,2.8154115866709617,0.045669806150287054
UAV_0014,telemetry_21,5,5,207,34964.70584005941,0.36640990725678263,0.14715375989908352,0.1177230079229048
UAV_0014,telemetry_21,20,20,207,34964.301167219666,0.5305167225390452,0.7357687995317974,0.05388261734905037
UAV_0014,telemetry_21,50,50,207,34963.502122303384,0.9065757745024776,1.6186913589626784,0.05174583355535644
UAV_0014,telemetry_22,5,5,207,23232.570358772817,29.44248221333258,-58.855402794797556,-13.94173774124356
UAV_0014,telemetry_22,20,20,207,23198.7139339968,55.59990995944828,43.558825335749134,1.6355781927564408
UAV_0014,telemetry_22,50,50,207,23149.68330438141,67.74517923926962,109.84399432493956,3.1678369832039492
UAV_0014,telemetry_23,5,5,207,-17332.559851532344,8.475841261662243,-6.588893690630357,-1.38260247976541
UAV_0014,telemetry_23,20,20,207,-17341.88743461211,10.946469192637158,34.35418690077495,1.0435641322564269
UAV_0014,telemetry_23,50,50,207,-17349.90194210116,12.603259697819672,37.02463840131895,0.5844249977302927
UAV_0014,telemetry_25,5,5,207,-174.5699067697447,0.2984707680550295,0.030383524200345846,0.033421876620377586
UAV_0014,telemetry_25,20,20,207,-174.16276754546013,0.40839987150341567,-0.7292045808081866,-0.049755876472438086
UAV_0014,telemetry_25,50,50,207,-173.53808228790112,0.6356417977437568,-1.7622444036197749,-0.03878586349780872
UAV_0014,telemetry_26,5,5,207,-7441.969342893992,1.7133095285447506,-0.28705055685804837,0.04305758352847988
UAV_0014,telemetry_26,20,20,207,-7444.079164486897,4.5104162604349165,5.597485858726941,0.47115140272222505
UAV_0014,telemetry_26,50,50,207,-7451.634335143393,8.086256703569374,22.102892878049715,0.4798947736990539
UAV_0014,telemetry_28,5,5,207,-9941.036523268525,26.89139605572046,-48.36650696383367,-4.7541845345174805
UAV_0014,telemetry_28,20,20,207,-9899.010039633988,37.692534969584806,-134.46445017483347,-4.926347588409204
UAV_0014,telemetry_28,50,50,207,-9862.367370251684,46.73731080511588,-150.32173506828258,-2.64313418450685
UAV_0015,telemetry_07,5,5,202,140.5912754437698,0.0,0.0,0.0
UAV_0015,telemetry_07,20,20,202,140.59127544376983,2.9160058604848984e-14,0.0,0.0
UAV_0015,telemetry_07,50,50,202,140.59127544376977,2.8710262101646174e-14,0.0,0.0
UAV_0015,telemetry_13,5,5,202,7149.644596245462,4.286703562124765,-11.061507845357482,-2.0182313832043293
UAV_0015,telemetry_13,20,20,202,7147.207588245024,3.7435545235357717,2.1337105726415757,0.15295327381679333
UAV_0015,telemetry_13,50,50,202,7145.092020453024,4.140445682410264,-2.1721320686283434,0.10007266563266716
UAV_0015,telemetry_15,5,5,202,50064.78136084654,18.90765201898904,-5.982702278401121,-3.675969647344755
UAV_0015,telemetry_15,20,20,202,50060.30050187205,21.2353453560465,8.943214746046579,0.8226273600221317
UAV_0015,telemetry_15,50,50,202,50047.31803792792,22.868347436504912,40.21362768570543,0.864078104193873
UAV_0015,telemetry_16,5,5,202,-701.1895713810628,1.899838554283686,3.4686147726639547,0.867153693165983
UAV_0015,telemetry_16,20,20,202,-701.0161406424295,1.4993169315962875,1.7343073863320342,-0.04955163960948259
UAV_0015,telemetry_16,50,50,202,-700.5305345742566,1.5308970837501612,1.7343073863320342,-0.04055739241986347
UAV_0015,telemetry_18,5,5,202,-103.32816089124148,0.006134611621618304,-0.016573307712036467,-0.00374649184318514
UAV_0015,telemetry_18,20,20,202,-103.32958293198854,0.005549525099233779,-0.0014272054376220922,0.00018323767408415885
UAV_0015,telemetry_18,50,50,202,-103.32789602476703,0.00560985630815156,-0.0052728383669631285,-6.66230679275118e-05
UAV_0015,telemetry_19,5,5,202,33507.501881502816,0.46229408690478374,-0.016584061784669757,-0.11050463365318137
UAV_0015,telemetry_19,20,20,202,33507.0713787227,0.5378464514184073,1.0091639197344193,0.04558782918793714
UAV_0015,telemetry_19,50,50,202,33506.68186636461,0.6080670850561453,1.4254434324247995,0.02880209569540462
UAV_0015,telemetry_21,5,5,202,34963.999502011866,0.2548777886826066,-0.5886150396254379,-0.13243838391499593
UAV_0015,telemetry_21,20,20,202,34963.76405599601,0.46875733603839587,-0.29430751981271897,0.019915546453623555
UAV_0015,telemetry_21,50,50,202,34963.45209002501,0.508922642857424,0.7357687995317974,0.020166954658911558
UAV_0015,telemetry_22,5,5,202,23229.68586130911,64.95136096763966,104.89081686201462,30.054132664768986
UAV_0015,telemetry_22,20,20,202,23223.77846877612,48.5645591569525,170.88462247102507,3.0771697139771
UAV_0015,telemetry_22,50,50,202,23187.8839571558,63.7975952168187,199.87527879816844,2.238251387827511
UAV_0015,telemetry_23,5,5,202,-17403.165043113222,5.067310933830728,-9.690104271921882,-2.313649433301907
UAV_0015,telemetry_23,20,20,202,-17409.468207929873,7.985384966749334,6.592906691166718,0.016341080908077992
UAV_0015,telemetry_23,50,50,202,-17400.602771649978,11.068174793943022,-24.672371801454574,-0.5328854209702866
UAV_0015,telemetry_25,5,5,202,-174.33291528098204,0.5920500812546023,-0.54690343560614,-0.12761080164143265
UAV_0015,telemetry_25,20,20,202,-174.18707436482038,0.40601350146871407,-1.39764211321571,-0.026088710253225168
UAV_0015,telemetry_25,50,50,202,-173.884454463785,0.43816130107434614,-1.3672585890153641,-0.02091028421797304
UAV_0015,telemetry_26,5,5,202,-7440.56279516539,5.417390105425755,8.180940870446648,2.540397428191409
UAV_0015,telemetry_26,20,20,202,-7443.892581624939,5.650480738675363,13.921952007603977,0.48928091157643266
UAV_0015,telemetry_26,50,50,202,-7448.077778743926,6.403705497799614,16.218356462466545,0.2942733415777679
UAV_0015,telemetry_28,5,5,202,-9934.110099676633,22.154428620205056,6.0946118341707916,4.385243512510533
UAV_0015,telemetry_28,20,20,202,-9919.789306986542,35.16355283034409,-22.31188861496412,-3.435696504934867
UAV_0015,telemetry_28,50,50,202,-9897.975921181142,39.73710497059351,-45.59264883682408,-1.550342503629463
UAV_0016,telemetry_07,5,5,344,140.7631728418209,0.0,0.0,0.0
UAV_0016,telemetry_07,20,20,344,140.70730618745432,0.04205989703421101,0.08594869902555047,0.005880700459642927
UAV_0016,telemetry_07,50,50,344,140.68925696065892,0.03012586412085803,0.08594869902555047,0.0012422837170079563
UAV_0016,telemetry_13,5,5,344,7140.250189809051,2.818791921520363,-6.876070786344826,-1.5899540394381801
UAV_0016,telemetry_13,20,20,344,7141.750595944717,3.9336493717531327,0.44437969508180686,0.035426589026668044
UAV_0016,telemetry_13,50,50,344,7139.914375959225,3.764495766248211,-0.7155238899167671,0.10552422406785916
UAV_0016,telemetry_15,5,5,344,50300.808217330734,20.809016040323627,48.54006900101376,9.535317239588768
UAV_0016,telemetry_15,20,20,344,50280.22648794619,24.40650599739808,79.50209522528894,2.9260102546909743
UAV_0016,telemetry_15,50,50,344,50231.27441429343,49.004539044481106,194.59201740556455,3.164641520089479
UAV_0016,telemetry_16,5,5,344,-701.8832943355956,1.4510256638667078,-3.468614772663841,-0.8671536931659602
UAV_0016,telemetry_16,20,20,344,-701.3630021196959,1.678646597130242,-3.468614772663841,-0.17212674811715428
UAV_0016,telemetry_16,50,50,344,-699.8368116197239,2.3632028404644427,-5.202922158995875,-0.09918655928553936
UAV_0016,telemetry_18,5,5,344,-103.32676701138462,0.0059651436824986834,-0.010546362586055125,-0.002174077214453973
UAV_0016,telemetry_18,20,20,344,-103.30110215357533,0.0412518324826145,-0.09327320901009273,-0.0026467680388791845
UAV_0016,telemetry_18,50,50,344,-103.29050002801867,0.045147521000622914,-0.09765088422368251,-0.0008937769532110696
UAV_0016,telemetry_19,5,5,344,33511.44960794825,0.4558451036205819,-0.5494453154606163,-0.1534220041707158
UAV_0016,telemetry_19,20,20,344,33510.72982061767,0.8135438256709879,1.1321038460009731,0.09983757841187994
UAV_0016,telemetry_19,50,50,344,33509.652862389594,1.2060886976146283,3.662283041019691,0.07469043481605758
UAV_0016,telemetry_21,5,5,344,34968.59069932093,0.6013531618019584,1.1772300792436,0.32373827179253567
UAV_0016,telemetry_21,20,20,344,34967.582696065576,0.8650246143663273,2.5016139184008352,0.11252283746207263
UAV_0016,telemetry_21,50,50,344,34966.4422544263,1.2101788962578732,4.4146127971835085,0.07524097169161946
UAV_0016,telemetry_22,5,5,344,23295.825348608214,47.11303963577992,6.555676053878415,11.902194080038317
UAV_0016,telemetry_22,20,20,344,23243.816985247468,69.32612847812851,139.27169572233834,7.271378432088358
UAV_0016,telemetry_22,50,50,344,23184.944100649856,81.5149669593691,228.13752667487643,4.156597676608694
UAV_0016,telemetry_23,5,5,344,-17490.806541662303,12.501045780771888,-30.917405431817315,-6.453044604925163
UAV_0016,telemetry_23,20,20,344,-17479.368444492957,13.58293555033776,-45.1805691825939,-1.6523042602179043
UAV_0016,telemetry_23,50,50,344,-17459.771522303534,21.04655588645801,-78.90205530400635,-1.3431072962450872
UAV_0016,telemetry_25,5,5,344,-174.14453743093995,0.43502586277221256,-0.85073867760957,-0.14887926858167475
UAV_0016,telemetry_25,20,20,344,-173.9986965147783,0.33087291475975417,-0.8811222018098874,-0.02348440817891096
UAV_0016,telemetry_25,50,50,344,-173.53322092402905,0.5276395699259641,-1.5799432584177566,-0.02947748969717626
UAV_0016,telemetry_26,5,5,344,-7678.269361299336,4.311256644650988,-9.185617819451181,-2.267699399176945
UAV_0016,telemetry_26,20,20,344,-7658.563340571049,14.950064159057217,-38.32124934051808,-2.4000016483149276
UAV_0016,telemetry_26,50,50,344,-7628.259413283569,29.138422821998677,-88.9856726259195,-1.9610825390554727
UAV_0016,telemetry_28,5,5,344,-9902.908738802234,15.634062621142418,-19.059366675355705,-4.088358906841313
UAV_0016,telemetry_28,20,20,344,-9887.341932344072,35.55201586827489,-5.055707754507239,-3.174038831654724
UAV_0016,telemetry_28,50,50,344,-9850.289505400484,41.92090567465683,-97.57774088810947,-2.2292770576896412
UAV_0017,telemetry_07,5,5,312,140.71160362240556,0.04707604124451628,0.08594869902555047,0.025784609707665142
UAV_0017,telemetry_07,20,20,312,140.6858190126979,0.026454451377029148,0.08594869902555047,0.0023264309510675316
UAV_0017,telemetry_07,50,50,312,140.67722414279535,0.024556771150157277,0.08594869902555047,0.0007098764097188322
UAV_0017,telemetry_13,5,5,312,7144.81715610279,5.096023991889379,-9.290201585995419,-2.022611363226224
UAV_0017,telemetry_13,20,20,312,7142.721895924229,3.8456727404073514,0.08811979973143025,0.23164485673780386
UAV_0017,telemetry_13,50,50,312,7139.145060765266,4.637761163705689,7.628393608009901,0.219203345003535
UAV_0017,telemetry_15,5,5,312,50330.66005137964,29.142247637031975,71.11397656692134,12.390978224019637
UAV_0017,telemetry_15,20,20,312,50282.810768621086,47.80122886558687,135.87518679698405,7.108105106798259
UAV_0017,telemetry_15,50,50,312,50212.02984970678,70.21452258892154,268.23476503861457,4.583842367243943
UAV_0017,telemetry_16,5,5,312,-702.5770172901284,0.9499192771418198,-1.7343073863319205,-0.3468614772663841
UAV_0017,telemetry_16,20,20,312,-701.7098635969624,1.5815313921458036,0.0,-0.036511734449093065
UAV_0017,telemetry_16,50,50,312,-699.5940085856372,2.4184043089169256,-5.202922158995875,-0.1260860207878313
UAV_0017,telemetry_18,5,5,312,-103.06493973674223,0.00475075947568637,0.004413468772895612,0.0003370182670352051
UAV_0017,telemetry_18,20,20,312,-103.06191313267848,0.01822558307695011,-0.0003027010965581667,0.0001991097031841333
UAV_0017,telemetry_18,50,50,312,-103.04934943633461,0.035961629608015536,0.01469152431765508,-0.0004276783828043881
UAV_0017,telemetry_19,5,5,312,33510.99111260058,0.36164722762186274,0.947768357800669,0.1723021699945093
UAV_0017,telemetry_19,20,20,312,33510.00881471039,0.8474834655587039,1.7824562135283486,0.12054264266075083
UAV_0017,telemetry_19,50,50,312,33508.37940688411,1.5927605345602387,5.559841165690159,0.10432536941717692
UAV_0017,telemetry_21,5,5,312,34968.03151503329,0.5661118175841272,0.8829225594308809,0.14715375990490429
UAV_0017,telemetry_21,20,20,312,34966.92786183399,0.8336586729728297,2.6487676783071947,0.12657436190412205
UAV_0017,telemetry_21,50,50,312,34965.1885043919,1.638591769593851,5.886150396239827,0.10816949611721485
UAV_0017,telemetry_22,5,5,312,23214.331011174032,83.70344316064939,147.72123374733565,26.208136046495202
UAV_0017,telemetry_22,20,20,312,23199.27480850363,67.85428248505195,175.54643655378823,5.523745826581526
UAV_0017,telemetry_22,50,50,312,23142.53033339819,82.54923350262577,275.0470308826116,3.89305547681924
UAV_0017,telemetry_23,5,5,312,-17494.971158584256,10.565277819656739,-29.243168398432317,-5.583761416081325
UAV_0017,telemetry_23,20,20,312,-17477.846365386125,13.315614142834205,-32.998590086888726,-1.7587637037738937
UAV_0017,telemetry_23,50,50,312,-17449.1206695442,27.75942826037756,-112.31670941455377,-1.8209934897313604
UAV_0017,telemetry_25,5,5,312,-174.4605260826235,0.3656136717933031,-0.8203551534092242,-0.10330398228116167
UAV_0017,telemetry_25,20,20,312,-173.98654310509815,0.4530905262850971,-1.2761080164143266,-0.055101549151295906
UAV_0017,telemetry_25,50,50,312,-173.26827659300207,0.75901394944146,-2.157230218224214,-0.04592617405898365
UAV_0017,telemetry_26,5,5,312,-7670.605111431231,11.081694469933899,-28.99210624263833,-6.071119277542675
UAV_0017,telemetry_26,20,20,312,-7645.832648374405,20.904515733325503,-64.87342584986345,-3.4193548663895745
UAV_0017,telemetry_26,50,50,312,-7603.590288427209,39.959658677417906,-135.63138811531098,-2.70082526341982
UAV_0017,telemetry_28,5,5,312,-9900.816325396314,31.62738720592412,-36.404740124286036,-7.534145524422274
UAV_0017,telemetry_28,20,20,312,-9880.807427176027,27.449816458866227,-109.86890427204162,-2.502780977966755
UAV_0017,telemetry_28,50,50,312,-9834.335090883618,48.31879830943149,-197.15415849324017,-2.742640959208724
UAV_0018,telemetry_07,5,5,447,140.67722414279535,0.0,0.0,0.0
UAV_0018,telemetry_07,20,20,447,140.67722414279532,2.9160058604848984e-14,0.0,0.0
UAV_0018,telemetry_07,50,50,447,140.67722414279535,0.0,0.0,0.0
UAV_0018,telemetry_13,5,5,447,7146.1372209639085,5.835060468732527,-0.6873361624675454,0.8199749870097548
UAV_0018,telemetry_13,20,20,447,7142.222303040547,4.349311784527431,6.5861328203018275,0.3874755977380057
UAV_0018,telemetry_13,50,50,447,7139.680284654465,4.458453889693367,6.421812781197332,0.16823730112570387
UAV_0018,telemetry_15,5,5,447,50330.20363904086,36.217327637827324,71.05229922384024,21.14916094084474
UAV_0018,telemetry_15,20,20,447,50290.57286224722,39.65925238894372,127.548745481683,5.5420107060247785
UAV_0018,telemetry_15,50,50,447,50230.387494099996,61.63673841599209,220.61985618373,4.0342876149187985
UAV_0018,telemetry_16,5,5,447,-701.8832943355956,1.4510256638667078,-3.468614772663841,-0.8671536931659602
UAV_0018,telemetry_16,20,20,447,-701.6231482276457,1.4318059323106145,-3.468614772663841,-0.03520774393305428
UAV_0018,telemetry_16,50,50,447,-700.0449285060837,2.188421670764352,-3.468614772663841,-0.09269071409303536
UAV_0018,telemetry_18,5,5,447,-102.89502509148144,0.0030020707734433197,-0.006832391127062465,-0.0017725773573843639
UAV_0018,telemetry_18,20,20,447,-102.88422862711109,0.024476603727654585,-0.007134777059903286,-0.001219756840530107
UAV_0018,telemetry_18,50,50,447,-102.88512353817714,0.02949664873349149,-0.012420012107000389,-1.2238835189961009e-05
UAV_0018,telemetry_19,5,5,447,33510.85385996413,0.38286326160980216,0.29052612711529946,0.12706472794525325
UAV_0018,telemetry_19,20,20,447,33510.162697680644,0.658946531903886,1.3035568554405472,0.08069398939642132
UAV_0018,telemetry_19,50,50,447,33508.867283892876,1.2607401316030529,3.5500034197684727,0.0806657260665322
UAV_0018,telemetry_21,5,5,447,34967.88436127339,0.3837300582064608,0.0,0.10300763193445164
UAV_0018,telemetry_21,20,20,447,34966.97936564997,0.7455782009659658,1.9129988787826733,0.1131866890106099
UAV_0018,telemetry_21,50,50,447,34965.64762412281,1.3188665940987532,4.7089203169962275,0.08671649179192482
UAV_0018,telemetry_22,5,5,447,23235.68794694066,74.7100392885893,10.9261267564616,-10.35796816512302
UAV_0018,telemetry_22,20,20,447,23225.28627426851,61.960174132965804,27.825202806448942,3.877104588186883
UAV_0018,telemetry_22,50,50,447,23185.293736706066,70.54110709246254,49.9688196995412,2.9021331679409816
UAV_0018,telemetry_23,5,5,447,-17489.57896595533,12.441441352296536,-27.57149515268975,-6.950515237069704
UAV_0018,telemetry_23,20,20,447,-17476.695140709307,14.190864789906716,-46.58970702308943,-1.9318263093856338
UAV_0018,telemetry_23,50,50,447,-17455.85568936538,21.94007725676375,-83.68157623032675,-1.4015197083256001
UAV_0018,telemetry_25,5,5,447,-174.4848329019838,0.38992847036930733,-0.6076704840068317,-0.2066079645623205
UAV_0018,telemetry_25,20,20,447,-174.1217497877897,0.40869421593419103,-1.70147735521914,-0.052108886241337644
UAV_0018,telemetry_25,50,50,447,-173.6401709292143,0.5277595289066941,-2.1268466940238966,-0.03094231842693099
UAV_0018,telemetry_26,5,5,447,-7660.730572275324,12.754141110307081,-27.987429293635614,-7.1906164492879725
UAV_0018,telemetry_26,20,20,447,-7642.890380166611,16.383859611697236,-53.67845413240866,-2.4852535054267584
UAV_0018,telemetry_26,50,50,447,-7609.825026522161,31.62480129345943,-111.8061918961148,-2.1133812954886997
UAV_0018,telemetry_28,5,5,447,-9909.260097248476,19.165542196930105,30.944954948994564,8.875684168719635
UAV_0018,telemetry_28,20,20,447,-9883.910785975524,35.940781709352436,-62.530987524081866,-3.4872380761556903
UAV_0018,telemetry_28,50,50,447,-9848.32682389918,45.13925997137108,-137.30822753690154,-2.458857443690408
UAV_0019,telemetry_07,5,5,229,140.7631728418209,0.0,0.0,0.0
UAV_0019,telemetry_07,20,20,229,140.70300875250302,0.040409841967921606,0.08594869902555047,0.004911354230031455
UAV_0019,telemetry_07,50,50,229,140.68753798667842,0.028213582053755237,0.08594869902555047,0.0010565602377210525
UAV_0019,telemetry_13,5,5,229,7140.872134737358,2.1811788100766907,5.946946776201912,1.0445767843443718
UAV_0019,telemetry_13,20,20,229,7141.6358744741065,3.9136053745499697,7.509223683213349,0.07040660841034913
UAV_0019,telemetry_13,50,50,229,7139.602464351084,4.03642898324657,4.819356540253466,0.12157048374191719
UAV_0019,telemetry_15,5,5,229,50311.490733151535,16.15304769768964,26.33622549356369,8.061228740066145
UAV_0019,telemetry_15,20,20,229,50273.27545138149,28.877897919553437,89.00040605902177,4.158351393719603
UAV_0019,telemetry_15,50,50,229,50212.75270816763,56.93355523212562,178.80261757804692,3.6738964593418206
UAV_0019,telemetry_16,5,5,229,-703.9644631991939,2.6302073784507094,0.0,-0.3468614772663841
UAV_0019,telemetry_16,20,20,229,-701.796578966279,2.470366927268593,-5.2029221589957615,-0.25427815062761555
UAV_0019,telemetry_16,50,50,229,-699.6633808810907,2.7329874301687025,-5.2029221589957615,-0.1329149862466166
UAV_0019,telemetry_18,5,5,229,-103.3248992753203,0.007933487678461677,-0.007430177621884582,-0.00036811673480059427
UAV_0019,telemetry_18,20,20,229,-103.32603002019546,0.006155273076907252,-0.0065575429773474525,1.8025488080105365e-05
UAV_0019,telemetry_18,50,50,229,-103.32361562513088,0.018328490321771387,-0.000992120281722464,-9.60099346816335e-05
UAV_0019,telemetry_19,5,5,229,33511.29131964721,0.5508648338729542,1.206586555148533,0.18127863619010895
UAV_0019,telemetry_19,20,20,229,33510.74510583437,0.6960673808176474,2.550194555456983,0.08822176902395405
UAV_0019,telemetry_19,50,50,229,33509.28419682151,1.3903385559585086,4.105207132284704,0.08936028808702237
UAV_0019,telemetry_21,5,5,229,34968.296391801116,0.7239007826488529,1.0300763193372404,0.2060152638674481
UAV_0019,telemetry_21,20,20,229,34967.398753865695,0.9864444596293311,3.090228958026273,0.1420642313679439
UAV_0019,telemetry_21,50,50,229,34966.03611004897,1.3734794237769476,4.561766557082592,0.08682955110322146
UAV_0019,telemetry_22,5,5,229,23249.148935104615,40.4253434050315,-65.99380560901409,-10.984399432493593
UAV_0019,telemetry_22,20,20,229,23193.62235892829,62.3370407275488,40.35382815386038,6.980343657232119
UAV_0019,telemetry_22,50,50,229,23152.127843141057,72.19434654996066,118.00216896976417,2.999951514758488
UAV_0019,telemetry_23,5,5,229,-17496.894954721898,4.947115820110117,-7.367893148450094,-1.7966020571046102
UAV_0019,telemetry_23,20,20,229,-17477.99469563936,15.140653611098703,-44.25080908016025,-2.3552928084112987
UAV_0019,telemetry_23,50,50,229,-17453.20283438842,25.166725540574518,-79.23765884441309,-1.6387428132408965
UAV_0019,telemetry_25,5,5,229,-174.52129313102415,0.3283670473766533,-0.24306819360270993,-0.07595881050084756
UAV_0019,telemetry_25,20,20,229,-174.00629239582838,0.5481878965950704,-1.7622444036197749,-0.05946489736352476
UAV_0019,telemetry_25,50,50,229,-173.42019421400383,0.6414365403980269,-1.610326782618074,-0.03715762757907742
UAV_0019,telemetry_26,5,5,229,-7676.920223682103,11.895293338537485,-25.547499560343567,-4.607161437567811
UAV_0019,telemetry_26,20,20,229,-7652.908444600948,19.16886859801005,-69.8968105948743,-3.049426554769854
UAV_0019,telemetry_26,50,50,229,-7620.224868197119,31.698496583490716,-125.44109334685982,-2.120335293372712
UAV_0019,telemetry_28,5,5,229,-9894.370638086313,40.70972042058756,43.53915394304022,8.408623499813803
UAV_0019,telemetry_28,20,20,229,-9872.767784557087,25.951661847878707,-45.350603633103674,-1.1420596746810827
UAV_0019,telemetry_28,50,50,229,-9839.56588612083,42.158538642352305,-109.57696582102653,-2.2226629138508773
UAV_0020,telemetry_07,5,5,338,140.74598310201583,0.03843742671976016,0.0,-0.008594869902555046
UAV_0020,telemetry_07,20,20,338,140.6944138826005,0.035272601836038864,0.08594869902555047,0.0037481387544976894
UAV_0020,telemetry_07,50,50,338,140.6841000387174,0.023554027438540123,0.08594869902555047,0.0007346395402904193
UAV_0020,telemetry_13,5,5,338,7144.6961749516195,2.6117743394264985,2.816123401908044,0.30703964365775394
UAV_0020,telemetry_13,20,20,338,7142.58043249701,2.987077869238054,1.8150569630934115,0.1455690188384782
UAV_0020,telemetry_13,50,50,338,7140.208986438336,3.9411628702500767,6.683767074709067,0.16388967097663912
UAV_0020,telemetry_15,5,5,338,50322.30893912711,21.342526431822634,24.91764660280751,0.9683342862976133
UAV_0020,telemetry_15,20,20,338,50281.941118083705,37.1018766263015,135.9985414831317,5.252127193566817
UAV_0020,telemetry_15,50,50,338,50232.774407277044,54.27877783070208,176.27384651191824,3.3958493695295493
UAV_0020,telemetry_16,5,5,338,-702.5770172901283,1.9774146614635726,-5.2029221589957615,-1.2140151704323443
UAV_0020,telemetry_16,20,20,338,-701.7098635969624,1.5815313921458038,-5.2029221589957615,-0.12779107057182573
UAV_0020,telemetry_16,50,50,338,-700.0449285060837,2.2710117034637336,-5.2029221589957615,-0.10118528088323267
UAV_0020,telemetry_18,5,5,338,-103.0494733491394,0.04023113781672894,0.008829523487136726,0.009936843018613218
UAV_0020,telemetry_18,20,20,338,-103.07591209362859,0.041787223416582045,0.09257901088354004,0.002388898639827662
UAV_0020,telemetry_18,50,50,338,-103.09799984149414,0.047382549353734926,0.07782187244863792,0.0014211424485841323
UAV_0020,telemetry_19,5,5,338,33510.95614879449,0.3431669677464413,-0.1173511081651668,-0.05122530674561858
UAV_0020,telemetry_19,20,20,338,33510.37611168608,0.6061905370145242,1.3391416310842033,0.07766594138808607
UAV_0020,telemetry_19,50,50,338,33509.075610602245,1.2608695617354662,3.4508338548912434,0.08107771329999218
UAV_0020,telemetry_21,5,5,338,34968.06094578527,1.0384510613948128,1.3243838391572353,0.11772300792508758
UAV_0020,telemetry_21,20,20,338,34967.21481166581,0.9297938495138406,2.795921438213554,0.11606337905375534
UAV_0020,telemetry_21,50,50,338,34965.924273191435,1.4070088174789805,5.0032278368016705,0.08937338560819276
UAV_0020,telemetry_22,5,5,338,23315.40496775579,51.8439156196257,-5.098859153014928,-1.4131123938350356
UAV_0020,telemetry_22,20,20,338,23259.426778340196,63.17173898923193,-24.911569004725607,4.429051983934296
UAV_0020,telemetry_22,50,50,338,23194.663983012404,80.29136896325753,192.73687598394827,3.865640036557705
UAV_0020,telemetry_23,5,5,338,-17496.763608491103,6.690346218046368,-2.5004782956675626,0.40048413640106445
UAV_0020,telemetry_23,20,20,338,-17481.094384816814,15.092770791190803,-36.3269781301351,-2.1393681610688806
UAV_0020,telemetry_23,50,50,338,-17457.76830172332,23.593466552128454,-77.35623484326425,-1.5155325711156953
UAV_0020,telemetry_25,5,5,338,-174.39368232938273,0.5189271113984101,-1.1545739196129432,-0.20660796456231195
UAV_0020,telemetry_25,20,20,338,-174.01540745308847,0.49894802934928234,-1.3976421132156815,-0.05983041344413045
UAV_0020,telemetry_25,50,50,338,-173.55813541387334,0.5776702980626274,-2.4002984118269524,-0.030730764476916562
UAV_0020,telemetry_26,5,5,338,-7672.298709716693,8.923071715754029,-22.533468713337243,-4.01870779600913
UAV_0020,telemetry_26,20,20,338,-7653.683481104464,15.790108449317271,-48.798594665826386,-2.488059262749422
UAV_0020,telemetry_26,50,50,338,-7621.955783054972,30.889409360127523,-98.17129044536796,-2.080161999352928
UAV_0020,telemetry_28,5,5,338,-9926.097999662441,25.929933059885617,-62.84004324552188,-12.954808190993754
UAV_0020,telemetry_28,20,20,338,-9884.312938086741,41.89152914844441,-70.45478683392139,-4.669071856433465
UAV_0020,telemetry_28,50,50,338,-9848.218386897794,47.45598931988625,-157.20782078467892,-2.49250111854849
UAV_0021,telemetry_07,5,5,220,140.71160362240556,0.04707604124451628,0.08594869902555047,0.025784609707665142
UAV_0021,telemetry_07,20,20,220,140.6858190126979,0.026454451377029148,0.08594869902555047,0.0023264309510675316
UAV_0021,telemetry_07,50,50,220,140.67550516881485,0.02740033916952288,0.08594869902555047,0.0008543280047197574
UAV_0021,telemetry_13,5,5,220,7144.466588161473,2.743595034942377,5.480750896214886,1.0570791252487652
UAV_0021,telemetry_13,20,20,220,7141.532641197443,3.8842443253413097,7.466912059272545,0.3974424237031968
UAV_0021,telemetry_13,50,50,220,7138.748819987813,3.9692979143289704,13.810354526219271,0.18531157011816374
UAV_0021,telemetry_15,5,5,220,50332.880435730374,26.09638283665211,36.63634178729262,8.141409286065027
UAV_0021,telemetry_15,20,20,220,50267.57029714693,49.2907527628893,147.34717260915204,7.628977225167844
UAV_0021,telemetry_15,50,50,220,50197.67013069176,70.44004590135276,226.5408811190573,4.573888103134429
UAV_0021,telemetry_16,5,5,220,-703.270740244661,1.7343073863319205,0.0,-0.17343073863319206
UAV_0021,telemetry_16,20,20,220,-700.8427099037964,2.3471394621173025,0.0,-0.2607981032078127
UAV_0021,telemetry_16,50,50,220,-698.9349717788313,2.580731975606542,-5.202922158995875,-0.13449730751145733
UAV_0021,telemetry_18,5,5,220,-103.04822947576267,0.03693420764425558,0.0046213591434991486,0.010324635506418645
UAV_0021,telemetry_18,20,20,220,-103.0537917036088,0.03222720139755069,0.0068703188796206405,0.0016532949111207882
UAV_0021,telemetry_18,50,50,220,-103.04739801932034,0.038056227567559525,0.01643170970579888,-0.00014453806227642159
UAV_0021,telemetry_19,5,5,220,33511.20073268083,0.25181159925527036,0.3503686934709549,0.027199905997258612
UAV_0021,telemetry_19,20,20,220,33509.86643057214,1.0675333145973447,2.7600473593192874,0.1695830577996597
UAV_0021,telemetry_19,50,50,220,33508.1524840199,1.7212924674444146,5.485464095545467,0.11324253932914775
UAV_0021,telemetry_21,5,5,220,34968.00208428131,0.43404123395690514,1.0300763193445164,0.16186913589699542
UAV_0021,telemetry_21,20,20,220,34966.70713119413,1.0551091472678582,3.8259977575507946,0.16463518401483032
UAV_0021,telemetry_21,50,50,220,34964.92068454887,1.7028596743052733,5.738996636333468,0.11057907268999999
UAV_0021,telemetry_22,5,5,220,23258.618244960213,59.890892715464574,-68.61607603056837,-25.68368196218544
UAV_0021,telemetry_22,20,20,220,23206.070859346153,73.30912339170587,89.73992109305254,4.61077072367313
UAV_0021,telemetry_22,50,50,220,23133.422314133993,97.81010250921695,226.97207315418564,4.596944631991729
UAV_0021,telemetry_23,5,5,220,-17494.416234864206,9.801226420964673,1.2472662696272891,-2.5047393447977813
UAV_0021,telemetry_23,20,20,220,-17472.21718685786,19.098504498327884,-45.08489348391595,-2.9844170700540555
UAV_0021,telemetry_23,50,50,220,-17442.26714684071,30.28008752723828,-99.7710489715646,-2.0005596833687678
UAV_0021,telemetry_25,5,5,220,-174.33899198582213,0.19993190066783964,-0.24306819360270993,-0.006076704840066327
UAV_0021,telemetry_25,20,20,220,-173.88627747523705,0.47363226865190633,-0.6988210566078408,-0.05752309318530787
UAV_0021,telemetry_25,50,50,220,-173.23971608025377,0.6818954415790226,-1.5191762100170365,-0.0411829886003855
UAV_0021,telemetry_26,5,5,220,-7667.504965417169,5.956385515182595,-9.472668376306501,-1.736655868989601
UAV_0021,telemetry_26,20,20,220,-7638.390862687865,22.98794394292461,-65.16047640672059,-3.745578112021629
UAV_0021,telemetry_26,50,50,220,-7596.775708207404,39.95825058057132,-141.3723992524683,-2.6766620160646415
UAV_0021,telemetry_28,5,5,220,-9904.850198330885,48.78560376500936,-67.02977484405346,-13.749027755877796
UAV_0021,telemetry_28,20,20,220,-9879.985143704578,35.94699697637735,-114.93097261974071,-2.9023517614466736
UAV_0021,telemetry_28,50,50,220,-9824.315792449848,58.10124647504633,-263.7113508161583,-3.4816334978700687
UAV_0022,telemetry_07,5,5,192,140.5912754437698,0.0,0.0,0.0
UAV_0022,telemetry_07,20,20,192,140.59127544376983,2.9160058604848984e-14,0.0,0.0
UAV_0022,telemetry_07,50,50,192,140.59127544376977,2.8710262101646174e-14,0.0,0.0
UAV_0022,telemetry_13,5,5,192,7147.1249696588475,2.5968812175071627,-2.5381117212282334,-0.22728103497929625
UAV_0022,telemetry_13,20,20,192,7145.4886094143485,4.042561925315106,3.090428451875596,0.2203577020574525
UAV_0022,telemetry_13,50,50,192,7142.215945825936,4.478546420555089,4.658378929194441,0.22785599879949237
UAV_0022,telemetry_15,5,5,192,50078.47373100947,16.159463885978717,-8.264763972227229,-2.812486844279192
UAV_0022,telemetry_15,20,20,192,50089.17783390035,20.305112129752068,-15.542690455222328,-0.886437904437956
UAV_0022,telemetry_15,50,50,192,50083.54977634465,21.629164729622293,-29.543447333526274,0.16270083274399616
UAV_0022,telemetry_16,5,5,192,-702.2301558128619,1.5512116838872658,3.468614772663841,0.6937229545327682
UAV_0022,telemetry_16,20,20,192,-700.8427099037963,1.899838554283657,-1.7343073863319205,-0.16951876708507715
UAV_0022,telemetry_16,50,50,192,-699.2818332560976,2.250375588146503,-5.202922158995875,-0.11001296793971288
UAV_0022,telemetry_18,5,5,192,-103.33111216186819,0.006986911776531426,-0.0022940390030470326,-0.0012296971334706086
UAV_0022,telemetry_18,20,20,192,-103.32874259687833,0.005880134700357974,-0.010976147703829042,-0.00013237379595547755
UAV_0022,telemetry_18,50,50,192,-103.32862547727012,0.0057953148097724845,-0.005790275290380009,4.5536009129514845e-05
UAV_0022,telemetry_19,5,5,192,33507.337632504656,0.1767772296350238,0.3408131914329715,0.07006677915123874
UAV_0022,telemetry_19,20,20,192,33506.64752117607,0.6068718411891456,1.7689351344524766,0.08830391963057814
UAV_0022,telemetry_19,50,50,192,33505.985107553584,0.7868997679278878,2.9871813504505553,0.045676098938000044
UAV_0022,telemetry_21,5,5,192,34963.70519449205,0.6155883433392185,0.0,0.14715375990635948
UAV_0022,telemetry_21,20,20,192,34963.3152370283,0.6063077029073757,1.4715375990563189,0.04835052111195825
UAV_0022,telemetry_21,50,50,192,34962.65157357112,0.8203200926481476,2.3544601584944758,0.04489867901278425
UAV_0022,telemetry_22,5,5,192,23207.62965343007,73.02645469417038,5.535904223273974,21.619162808781766
UAV_0022,telemetry_22,20,20,192,23184.604662311962,75.17261206808071,73.860616873666,4.636511473425333
UAV_0022,telemetry_22,50,50,192,23150.91868511334,72.31459845449713,39.04269294308324,2.684992247879861
UAV_0022,telemetry_23,5,5,192,-17422.456738454082,11.711396137031011,-2.2368235838112014,2.6755571521840467
UAV_0022,telemetry_23,20,20,192,-17420.673305391207,7.5593750920605025,-6.994720100457926,-0.3032654544703886
UAV_0022,telemetry_23,50,50,192,-17412.72684476376,10.087317514784333,-21.150868889035337,-0.4753466561323148
UAV_0022,telemetry_25,5,5,192,-174.2660715277413,0.22736947552086256,0.09115057260100912,-0.03646022904041217
UAV_0022,telemetry_25,20,20,192,-173.9166609994374,0.3392687638196616,-0.6076704840068317,-0.04276538143085647
UAV_0022,telemetry_25,50,50,192,-173.3296513118868,0.606450508014542,-1.7622444036197749,-0.03695482758561543
UAV_0022,telemetry_26,5,5,192,-7443.835171513568,3.0564482272833406,6.028061694015378,1.6505407019326412
UAV_0022,telemetry_26,20,20,192,-7446.798968513123,4.114493057959935,0.4305758352884368,0.34888513169976076
UAV_0022,telemetry_26,50,50,192,-7454.800502785535,8.175929054342287,27.700378736779385,0.49896485511144206
UAV_0022,telemetry_28,5,5,192,-9923.91641970761,39.37013624254697,-97.82572486405843,-14.874094125351439
UAV_0022,telemetry_28,20,20,192,-9897.899011153486,36.509855971233485,-111.94474448939945,-4.185051979614861
UAV_0022,telemetry_28,50,50,192,-9857.828670507712,49.50055439789885,-209.17439199288492,-2.812960110153678
UAV_0023,telemetry_07,5,5,196,140.5912754437698,0.0,0.0,0.0
UAV_0023,telemetry_07,20,20,196,140.59127544376983,2.9160058604848984e-14,0.0,0.0
UAV_0023,telemetry_07,50,50,196,140.59127544376977,2.8710262101646174e-14,0.0,0.0
UAV_0023,telemetry_13,5,5,196,7148.221606660323,1.2021762808613643,0.9505576345873124,0.24835395082627656
UAV_0023,telemetry_13,20,20,196,7146.375601582933,3.267231613145293,6.314448483137312,0.24618409087407236
UAV_0023,telemetry_13,50,50,196,7143.020036446755,4.231311950201493,5.834602606034423,0.20169358814360272
UAV_0023,telemetry_15,5,5,196,49880.41544692301,11.376535984766688,4.009027299965965,0.0431741401553154
UAV_0023,telemetry_15,20,20,196,49895.91496323808,15.181938480626554,-29.17338327505422,-1.8258348508256455
UAV_0023,telemetry_15,50,50,196,49913.90254357284,24.31327451428784,-84.74466938676778,-1.1898055563680845
UAV_0023,telemetry_16,5,5,196,-700.4958484265301,1.9774146614636072,-3.468614772663841,-0.5202922158995648
UAV_0023,telemetry_16,20,20,196,-700.5825637958466,1.987396626263992,-5.202922158995875,-0.048247649093444915
UAV_0023,telemetry_16,50,50,196,-699.1430886651909,2.212967570603447,-8.671536931659716,-0.08919295129707185
UAV_0023,telemetry_18,5,5,196,-103.3256527765606,0.0048876496510541914,0.007806313722667824,0.0008918467401571207
UAV_0023,telemetry_18,20,20,196,-103.32780357294018,0.0039303965446679376,0.0047465512550530775,0.00016940143990679707
UAV_0023,telemetry_18,50,50,196,-103.32772091892677,0.004720619593526975,0.00787647655516821,-1.8385915202004992e-05
UAV_0023,telemetry_19,5,5,196,33507.8430808567,0.4029628285739127,0.7110144313919591,0.21862641775151131
UAV_0023,telemetry_19,20,20,196,33507.66995911138,0.43427577456341454,0.7584185502491891,0.03876028705605602
UAV_0023,telemetry_19,50,50,196,33506.890537835476,0.847724947386534,2.4546130365342833,0.04982451331078205
UAV_0023,telemetry_21,5,5,196,34964.76470156338,0.283055908791969,0.5886150396254379,0.08829225594454329
UAV_0023,telemetry_21,20,20,196,34964.360028723626,0.476174938576703,1.1772300792581518,0.04790795341327623
UAV_0023,telemetry_21,50,50,196,34963.56981303294,0.8113716269997066,2.6487676783144707,0.047541440415281654
UAV_0023,telemetry_22,5,5,196,23194.955346392577,38.52577015238644,89.15719433271443,22.60979830136821
UAV_0023,telemetry_22,20,20,196,23190.810702309627,58.14973812625845,56.524495753419615,4.180407294839879
UAV_0023,telemetry_22,50,50,196,23144.59609976361,73.66252096665954,195.50482809558162,3.0581052669642745
UAV_0023,telemetry_23,5,5,196,-17350.5967041436,9.231817947790544,-3.40377058543163,-0.9901671548810554
UAV_0023,telemetry_23,20,20,196,-17349.813920598193,6.852750977103525,-17.039270194352866,-0.27952202013653543
UAV_0023,telemetry_23,50,50,196,-17351.91690875043,8.02473051631516,13.000159157782036,0.14898779642039192
UAV_0023,telemetry_25,5,5,196,-174.56990676974473,0.20268338648259196,0.2126846694023925,0.003038352420037427
UAV_0023,telemetry_25,20,20,196,-174.2675907039513,0.3484497275989436,-0.6076704840068032,-0.04397615344786202
UAV_0023,telemetry_25,50,50,196,-173.65779337325046,0.6462684611958734,-1.5799432584177282,-0.04002163036444457
UAV_0023,telemetry_26,5,5,196,-7440.935960889304,4.907641173398097,11.48202227431284,1.8514760917329114
UAV_0023,telemetry_26,20,20,196,-7446.8276735688105,5.706779335887348,15.35720479189331,0.6005399807946273
UAV_0023,telemetry_26,50,50,196,-7452.5557674309075,7.522928907924438,30.283833748498182,0.4019672671830552
UAV_0023,telemetry_28,5,5,196,-9925.4035780437,29.45148532472016,-16.294297457345237,-10.921032625108273
UAV_0023,telemetry_28,20,20,196,-9907.729962376434,30.146113284313895,-47.09636975069952,-1.900668909846131
UAV_0023,telemetry_28,50,50,196,-9867.61102387154,43.359160726384985,-143.72483982328595,-2.4117376933584582
UAV_0024,telemetry_07,5,5,494,140.72879336221067,0.04707604124451628,0.0,0.008594869902555046
UAV_0024,telemetry_07,20,20,494,140.6901164476492,0.031487095187570084,0.08594869902555047,0.0030372848527826105
UAV_0024,telemetry_07,50,50,494,140.6823810647369,0.02061891562549892,0.08594869902555047,0.000565424814717907
UAV_0024,telemetry_13,5,5,494,7144.137624528565,3.2446419240461863,3.83979492870003,0.938709130621828
UAV_0024,telemetry_13,20,20,494,7143.114127694362,3.168361784333155,7.34006789248906,0.18675964464743622
UAV_0024,telemetry_13,50,50,494,7140.446173950065,4.148293882223898,11.482169772401903,0.1897836639453676
UAV_0024,telemetry_15,5,5,494,50330.21597450948,24.385984442397042,17.393010747502558,3.3367442604248936
UAV_0024,telemetry_15,20,20,494,50294.29200603471,35.34264022169004,106.08503009114793,4.343986284196559
UAV_0024,telemetry_15,50,50,494,50241.121818888976,54.35825973326576,170.16778954736947,3.4315881689965875
UAV_0024,telemetry_16,5,5,494,-703.270740244661,1.7343073863319205,-3.468614772663841,-0.3468614772663841
UAV_0024,telemetry_16,20,20,494,-701.7098635969624,1.5815313921458038,-5.2029221589957615,-0.15387088089260648
UAV_0024,telemetry_16,50,50,494,-700.1489869492635,2.216016691267564,-8.671536931659716,-0.0982704785532631
UAV_0024,telemetry_18,5,5,494,-102.94242474062796,0.05352305161652216,0.09871747090558358,0.029676756075376433
UAV_0024,telemetry_18,20,20,494,-102.9484294485811,0.04488229519181536,0.09703315193353035,0.0008378258407144825
UAV_0024,telemetry_18,50,50,494,-102.96194603940883,0.036148468987893284,0.09824864178069959,0.0007943829286510192
UAV_0024,telemetry_19,5,5,494,33510.93903586627,0.31649501485926773,0.012680530584475491,0.013799664747784846
UAV_0024,telemetry_19,20,20,494,33510.300887991405,0.7711007218905779,1.4009656865673605,0.0996561187929325
UAV_0024,telemetry_19,50,50,494,33509.069882861375,1.2948997151215975,3.7086500177974813,0.08103693872088244
UAV_0024,telemetry_21,5,5,494,34968.00208428131,0.40833511203440165,-0.14715375990635948,0.05886150396254379
UAV_0024,telemetry_21,20,20,494,34967.20745397781,0.8291349634806848,0.7357687995245215,0.11683787252676071
UAV_0024,telemetry_21,50,50,494,34965.89189936426,1.3623823305359313,3.8259977575507946,0.08600280488907584
UAV_0024,telemetry_22,5,5,494,23275.400775658138,59.16425615649982,-92.07082813443049,-9.760673235769719
UAV_0024,telemetry_22,20,20,494,23238.23737651717,75.49306737184783,17.77316619051271,2.0235515358279783
UAV_0024,telemetry_22,50,50,494,23183.3153793547,81.32461042013452,166.8055351486255,3.6862819164079825
UAV_0024,telemetry_23,5,5,494,-17498.689869304195,8.966113018261769,-19.318259861109254,-2.965918007330765
UAV_0024,telemetry_23,20,20,494,-17484.581608803222,13.603245113567723,-31.864843646275403,-1.6232710909252113
UAV_0024,telemetry_23,50,50,494,-17464.72432514515,21.04797708545759,-77.69405726759942,-1.343446786337791
UAV_0024,telemetry_25,5,5,494,-174.32076187130193,0.12229132591434655,0.18230114520204665,0.04557528630051024
UAV_0024,telemetry_25,20,20,494,-174.18099765998033,0.41209501580077196,0.0,-0.026134399763301022
UAV_0024,telemetry_25,50,50,494,-173.64077859969828,0.5880409895418981,-1.2761080164143266,-0.03155071840731692
UAV_0024,telemetry_26,5,5,494,-7668.968923257143,3.7736505118248473,-5.166910023441233,-0.760683975673237
UAV_0024,telemetry_26,20,20,494,-7649.054790875134,16.612703867516892,-28.992106242639238,-2.5848578903815778
UAV_0024,telemetry_26,50,50,494,-7618.9905508026295,29.755733077843438,-97.16661349636797,-1.991717346383997
UAV_0024,telemetry_28,5,5,494,-9911.99163701556,36.54767517791226,-69.4886848722308,-11.289167111715141
UAV_0024,telemetry_28,20,20,494,-9885.601363767826,39.92358935286445,-113.8491291424998,-3.199886404728077
UAV_0024,telemetry_28,50,50,494,-9858.82776674996,41.38667453942912,-150.78414565323874,-1.9680074786092088
UAV_0025,telemetry_07,5,5,193,140.5912754437698,0.0,0.0,0.0
UAV_0025,telemetry_07,20,20,193,140.59127544376983,2.9160058604848984e-14,0.0,0.0
UAV_0025,telemetry_07,50,50,193,140.59127544376977,2.8710262101646174e-14,0.0,0.0
UAV_0025,telemetry_13,5,5,193,7147.4835943376365,1.3483882506684701,-1.756063415899007,-0.14207189242260937
UAV_0025,telemetry_13,20,20,193,7145.020686837044,3.5544162605646683,0.9610909614139018,0.26674174984279275
UAV_0025,telemetry_13,50,50,193,7141.200544335323,4.712630174297036,9.771977326929118,0.23910356023319682
UAV_0025,telemetry_15,5,5,193,50601.63329045082,18.382145470705865,38.48666207958013,10.170593873273901
UAV_0025,telemetry_15,20,20,193,50502.96496086459,79.14277084003669,187.1290588933407,12.725056103357781
UAV_0025,telemetry_15,50,50,193,50376.32965683387,124.33283079970013,379.6240466343079,8.248341361539834
UAV_0025,telemetry_16,5,5,193,-703.9644631991938,2.6302073784507094,6.937229545327682,1.3874459090655364
UAV_0025,telemetry_16,20,20,193,-701.1028560117462,2.7493875467871187,0.0,-0.3481654677824279
UAV_0025,telemetry_16,50,50,193,-698.761541040198,2.9523796685653627,-1.7343073863320342,-0.1567330852857976
UAV_0025,telemetry_18,5,5,193,-103.32607899291793,0.004485621167160968,0.0004095328869908599,-0.0007414665929402986
UAV_0025,telemetry_18,20,20,193,-103.3291669254123,0.00592413907107191,0.002012270550096673,-8.744991052114136e-05
UAV_0025,telemetry_18,50,50,193,-103.32798799384638,0.006746323096019689,-0.009915192782301574,-0.00010678488673128364
UAV_0025,telemetry_19,5,5,193,33506.36736544725,0.16595574428569249,0.30527342211280484,0.0316208418655151
UAV_0025,telemetry_19,20,20,193,33505.72858904378,0.5910372191762006,1.7214958825716167,0.07580675622507409
UAV_0025,telemetry_19,50,50,193,33505.09934744303,0.7604514983745089,2.21789153253485,0.04123082441394986
UAV_0025,telemetry_21,5,5,193,34962.96942569252,0.38933225320033454,-0.29430751981271897,-0.029430751981271895
UAV_0025,telemetry_21,20,20,193,34962.30723377295,0.5876461253202481,1.4715375990563189,0.0759003603723873
UAV_0025,telemetry_21,50,50,193,34961.78042331248,0.7152660114787212,0.7357687995245215,0.031769666484336836
UAV_0025,telemetry_22,5,5,193,23287.754582977443,88.4121881320759,85.80651546073204,37.920943929419444
UAV_0025,telemetry_22,20,20,193,23199.660864982357,85.8379527859175,197.83573513695956,10.330693923897055
UAV_0025,telemetry_22,50,50,193,23145.254581002788,89.46481025717034,226.68070977402022,4.55174658158854
UAV_0025,telemetry_23,5,5,193,-17587.59839210341,12.95482916906884,-31.38032649561501,-7.57522841201826
UAV_0025,telemetry_23,20,20,193,-17552.345928910887,27.9922663203267,-94.49023813421081,-4.4634090849394825
UAV_0025,telemetry_23,50,50,193,-17507.010185999054,44.22861222282126,-153.11514877313675,-2.95092131196792
UAV_0025,telemetry_25,5,5,193,-173.99869651477832,0.13485630609580698,-0.2734517178030842,-0.057728695980651425
UAV_0025,telemetry_25,20,20,193,-173.78145431674585,0.3615881257391636,-0.8203551534092242,-0.043336500306802576
UAV_0025,telemetry_25,50,50,193,-173.12061266538848,0.64553224724847,-1.7926279278201207,-0.040710274946560245
UAV_0025,telemetry_26,5,5,193,-7447.652943919777,4.635888710735524,1.291727505860763,1.2343173944886074
UAV_0025,telemetry_26,20,20,193,-7453.22890098674,6.009954450127261,7.319789199874322,0.7904681687907774
UAV_0025,telemetry_26,50,50,193,-7460.62475858418,7.938657759666144,22.102892878049715,0.4657800188264438
UAV_0025,telemetry_28,5,5,193,-9923.235609555299,25.84299068121111,-54.4843545177373,-10.775591132849332
UAV_0025,telemetry_28,20,20,193,-9895.927592364838,38.55624946432944,-90.13975299712547,-4.8848757293499885
UAV_0025,telemetry_28,50,50,193,-9843.194100943017,54.06781031812079,-135.2750257935495,-3.1355891733189907
UAV_0026,telemetry_07,5,5,243,140.5912754437698,0.0,0.0,0.0
UAV_0026,telemetry_07,20,20,243,140.59127544376983,2.9160058604848984e-14,0.0,0.0
UAV_0026,telemetry_07,50,50,243,140.59127544376977,2.8710262101646174e-14,0.0,0.0
UAV_0026,telemetry_13,5,5,243,7148.146450276528,4.664284808693354,8.779362325773036,1.6260331857404708
UAV_0026,telemetry_13,20,20,243,7145.246905396811,4.445562823156123,16.328125224638825,0.45070394230958705
UAV_0026,telemetry_13,50,50,243,7142.197688784737,4.609738433627066,15.79888291880252,0.19392340629070356
UAV_0026,telemetry_15,5,5,243,50091.549327741624,14.693389182177306,22.203843507450074,1.8256493550572486
UAV_0026,telemetry_15,20,20,243,50065.49373415906,22.866994296348086,49.03348774561164,2.882372375115736
UAV_0026,telemetry_15,50,50,243,50045.9821066769,26.890210072732295,73.3960382607329,1.2537752530357054
UAV_0026,telemetry_16,5,5,243,-701.5364328583291,1.2263405135372185,3.468614772663841,0.6937229545327682
UAV_0026,telemetry_16,20,20,243,-700.4091330572135,1.6186325600597546,1.7343073863319205,-0.08736736457461837
UAV_0026,telemetry_16,50,50,243,-699.3858916992775,1.905001168568313,-5.202922158995875,-0.07795014231004688
UAV_0026,telemetry_18,5,5,243,-103.3309538133456,0.005234266304889,0.009816167913058393,0.002372783171679771
UAV_0026,telemetry_18,20,20,243,-103.3284502125269,0.005320823569731005,0.0071602655773546076,-0.0003896790608992016
UAV_0026,telemetry_18,50,50,243,-103.32778164334546,0.005399951454312176,0.011884206457750679,-4.456517165295168e-05
UAV_0026,telemetry_19,5,5,243,33507.1019591125,0.40731650735576985,-0.7081068404149846,-0.17456519910265342
UAV_0026,telemetry_19,20,20,243,33506.79998426585,0.4588027546222249,-0.023534733059932478,0.02527329482134218
UAV_0026,telemetry_19,50,50,243,33506.34312820654,0.5957984510373354,0.39964893157593906,0.02904469975802131
UAV_0026,telemetry_21,5,5,243,34963.67576374007,0.4463394529973964,-0.294307519805443,0.05886150396399899
UAV_0026,telemetry_21,20,20,243,34963.38145622026,0.57806482785165,0.29430751981271897,0.05664866546774961
UAV_0026,telemetry_21,50,50,243,34963.04300257247,0.6521893343617263,2.7959214382062783,0.029882989226532836
UAV_0026,telemetry_22,5,5,243,23246.934573415314,100.21749368845019,46.32677744738612,-1.6024985909483802
UAV_0026,telemetry_22,20,20,243,23210.463162302247,76.49181571074706,-55.79608730298423,4.451178075210739
UAV_0026,telemetry_22,50,50,243,23168.907460205177,76.4822445375386,3.4963605620650924,2.740424743065602
UAV_0026,telemetry_23,5,5,243,-17420.207668733103,7.9253724586456915,16.666048016904824,4.250316094172012
UAV_0026,telemetry_23,20,20,243,-17405.364024230577,11.369207856826984,-17.13942615709675,-1.3278265466709827
UAV_0026,telemetry_23,50,50,243,-17395.86072714274,12.141003849033972,-22.105848144990887,-0.6357562466012057
UAV_0026,telemetry_25,5,5,243,-174.35114539550227,0.3413247839016168,0.425369338804785,0.13064915406146724
UAV_0026,telemetry_25,20,20,243,-174.08832791116933,0.3254950367940683,-0.5165199114058225,-0.021131398410012426
UAV_0026,telemetry_25,50,50,243,-173.5836575742016,0.5522925233311984,-1.3064915406146724,-0.03015008535894598
UAV_0026,telemetry_26,5,5,243,-7445.930640578629,5.479959779780403,2.7269802901491857,0.14352527842893323
UAV_0026,telemetry_26,20,20,243,-7448.549976909957,4.3819520583074505,-2.0093538980045196,0.24377714584277207
UAV_0026,telemetry_26,50,50,243,-7453.313580901012,6.413335557774192,11.194971717453882,0.33107646219291925
UAV_0026,telemetry_28,5,5,243,-9912.080088519715,29.354331834750248,-18.368854265934715,-7.472022153681246
UAV_0026,telemetry_28,20,20,243,-9899.887493739705,30.493506019502792,-128.72814580372142,-3.211147218096
UAV_0026,telemetry_28,50,50,243,-9867.886397980352,39.732033777640105,-79.3558521263094,-1.9549544985471485
UAV_0027,telemetry_07,5,5,320,140.71160362240556,0.04707604124451628,0.0,0.0
UAV_0027,telemetry_07,20,20,320,140.6858190126979,0.026454451377029148,0.08594869902555047,0.001938692459222943
UAV_0027,telemetry_07,50,50,320,140.67722414279535,0.024556771150157277,0.17189739805110094,0.0007594026708620065
UAV_0027,telemetry_13,5,5,320,7144.320175721265,3.084457398115472,3.543426187809928,0.02691902963551911
UAV_0027,telemetry_13,20,20,320,7142.604560719866,3.2443995341091916,7.048023789931904,0.18069385113496905
UAV_0027,telemetry_13,50,50,320,7139.433296483721,4.451860651553265,6.635088472839925,0.1947337087845057
UAV_0027,telemetry_15,5,5,320,50326.89773345197,13.377828509364566,2.7754804384239833,0.807973194297665
UAV_0027,telemetry_15,20,20,320,50271.687259797276,40.06976328289839,98.06697549123055,6.224356891005366
UAV_0027,telemetry_15,50,50,320,50205.20216782824,68.09266836843872,234.43558103281975,4.505295197221138
UAV_0027,telemetry_16,5,5,320,-702.2301558128619,0.9499192771418197,0.0,0.17343073863319206
UAV_0027,telemetry_16,20,20,320,-701.1028560117462,2.0959492706851157,-1.7343073863319205,-0.22298237824267883
UAV_0027,telemetry_16,50,50,320,-699.143088665191,2.6427799205254474,-5.202922158995875,-0.1438246749673604
UAV_0027,telemetry_18,5,5,320,-102.98090888069498,0.0032639564091430408,-0.004164235194608068,-0.00045153995243367716
UAV_0027,telemetry_18,20,20,320,-102.97225269541823,0.025175792656876986,0.005811369850547976,-0.001514287714866716
UAV_0027,telemetry_18,50,50,320,-102.95420873059408,0.03946647997003568,0.0033192658576695067,-0.001224231534293694
UAV_0027,telemetry_19,5,5,320,33511.12267046471,0.520279624416124,0.7391575043366174,0.21574581337772542
UAV_0027,telemetry_19,20,20,320,33509.95795744918,0.8755361892110095,2.5419282178554568,0.11404702735682284
UAV_0027,telemetry_19,50,50,320,33508.29987951048,1.63911651269731,5.948790644804831,0.10646665056083476
UAV_0027,telemetry_21,5,5,320,34967.64891525754,0.8285161803040669,0.7357687995245215,0.07357687995172454
UAV_0027,telemetry_21,20,20,320,34966.69977350613,0.9740914363021556,3.8259977575507946,0.13509379010914502
UAV_0027,telemetry_21,50,50,320,34965.08843983517,1.6332322189683068,6.474765435865265,0.10541367540347359
UAV_0027,telemetry_22,5,5,320,23261.327924395817,34.580703081878625,-10.052036615943507,6.031221969565013
UAV_0027,telemetry_22,20,20,320,23214.622374554205,58.43671276072318,79.39652109693998,5.025689702655487
UAV_0027,telemetry_22,50,50,320,23169.373641613456,72.06087549082709,104.89081686201098,3.171208823521944
UAV_0027,telemetry_23,5,5,320,-17493.65940468813,10.760661017149047,-1.4558823732186283,-1.0711402418332
UAV_0027,telemetry_23,20,20,320,-17475.663759323288,16.52991575133211,-54.19543342830366,-2.2572369361160214
UAV_0027,telemetry_23,50,50,320,-17448.53995477468,28.155351477745633,-106.02862793496024,-1.8367549453440306
UAV_0027,telemetry_25,5,5,320,-174.3572221003423,0.3193885079069207,0.3038352420034016,0.0030383524200345846
UAV_0027,telemetry_25,20,20,320,-173.94096781879767,0.45720044452336495,-0.8507386776095416,-0.06254893929363455
UAV_0027,telemetry_25,50,50,320,-173.26219988816203,0.7304168472034578,-1.2761080164143266,-0.04405866332782232
UAV_0027,telemetry_26,5,5,320,-7666.098417688564,11.084296592048211,-21.09821592904882,-4.133528018752531
UAV_0027,telemetry_26,20,20,320,-7639.216133038832,21.166379247497307,-77.9342261868942,-3.4420167524573433
UAV_0027,telemetry_26,50,50,320,-7598.52384609867,39.3092172140989,-145.6781576053354,-2.646716405751386
UAV_0027,telemetry_28,5,5,320,-9926.986945030996,14.060629609693377,-10.678631362219676,-3.335663224061136
UAV_0027,telemetry_28,20,20,320,-9880.150836004881,37.02651303787676,-99.47709060108355,-4.537176211308496
UAV_0027,telemetry_28,50,50,320,-9833.396115260097,51.65619555304986,-173.42827262575884,-3.0181217359779975
UAV_0028,telemetry_07,5,5,200,140.5912754437698,0.0,0.0,0.0
UAV_0028,telemetry_07,20,20,200,140.59127544376983,2.9160058604848984e-14,0.0,0.0
UAV_0028,telemetry_07,50,50,200,140.59127544376977,2.8710262101646174e-14,0.0,0.0
UAV_0028,telemetry_13,5,5,200,7144.393338941712,2.239274484804758,-6.225306343274497,-1.1787769562762151
UAV_0028,telemetry_13,20,20,200,7144.827823113451,3.682982649195672,1.6778195015813253,0.09798049459108014
UAV_0028,telemetry_13,50,50,200,7142.3006903674695,4.27338454581972,2.40209076303654,0.15070156876047508
UAV_0028,telemetry_15,5,5,200,49994.37050599069,23.804202563034227,-13.939079535237397,-1.788642949212226
UAV_0028,telemetry_15,20,20,200,49999.76110577556,17.22035511284084,1.6036109199849307,-0.6410733764557451
UAV_0028,telemetry_15,50,50,200,50010.031616944616,22.86721498871047,-33.367442604248936,-0.7635373711610137
UAV_0028,telemetry_16,5,5,200,-701.8832943355956,1.4510256638667076,1.7343073863319205,0.0
UAV_0028,telemetry_16,20,20,200,-700.8427099037964,1.8146001429043321,1.7343073863319205,-0.08606337405857872
UAV_0028,telemetry_16,50,50,200,-699.5246362901842,2.112783365175571,-6.937229545327796,-0.08261382603799733
UAV_0028,telemetry_18,5,5,200,-103.32449952551583,0.0029894698059728685,-0.0021294070899813278,-0.0003086263352159335
UAV_0028,telemetry_18,20,20,200,-103.32607003789285,0.0025477633863298828,0.0047934183898235005,7.004167436053706e-05
UAV_0028,telemetry_18,50,50,200,-103.32667436353246,0.004248345309734738,0.010325848844956909,1.9704411465757662e-05
UAV_0028,telemetry_19,5,5,200,33507.446728831375,0.18740803625544805,0.027761618024669588,-0.02299705783952959
UAV_0028,telemetry_19,20,20,200,33506.967379447655,0.44808755179822807,0.3673683033848647,0.04554127073847633
UAV_0028,telemetry_19,50,50,200,33506.50083797131,0.6451808760229351,1.4618668184702983,0.035090546131948175
UAV_0028,telemetry_21,5,5,200,34964.38210178762,0.3975875653216823,-1.0300763193445164,-0.19129988787826732
UAV_0028,telemetry_21,20,20,200,34963.77877137201,0.5369759354993154,0.44146127971907845,0.07191725108202256
UAV_0028,telemetry_21,50,50,200,34963.134237903614,0.7835527063887856,2.2073063985881163,0.043358245895948264
UAV_0028,telemetry_22,5,5,200,23249.731661864964,71.02990138662042,-54.047907021955325,-27.44643041222698
UAV_0028,telemetry_22,20,20,200,23204.730587797356,52.75680294597179,-22.434980273264955,2.673751921054429
UAV_0028,telemetry_22,50,50,200,23160.533676659034,63.98464085447688,126.88875206501689,2.2704097901960996
UAV_0028,telemetry_23,5,5,200,-17385.364550376846,4.258092461084641,1.3994015857533668,0.5471702123777504
UAV_0028,telemetry_23,20,20,200,-17386.889613703628,8.756021707891968,-0.3445678418393072,-0.1240422263604563
UAV_0028,telemetry_23,50,50,200,-17386.107086997974,8.514559433482868,10.944663226015109,-0.01649001344732125
UAV_0028,telemetry_25,5,5,200,-174.27214823258137,0.13989625122944885,-0.18230114520204665,-0.024306819360273835
UAV_0028,telemetry_25,20,20,200,-174.05794438696898,0.30658529842847765,-0.6076704840068317,-0.03460980388234463
UAV_0028,telemetry_25,50,50,200,-173.5326132535451,0.5440024169736825,-1.7014773552191116,-0.031927138539066834
UAV_0028,telemetry_26,5,5,200,-7441.223011446162,5.671882210911444,-2.296404454862568,0.18658286195750406
UAV_0028,telemetry_26,20,20,200,-7445.772762772358,5.86774635161436,11.62554755273959,0.5145327274804291
UAV_0028,telemetry_26,50,50,200,-7452.386407602362,7.828250295364081,27.700378736776656,0.4298728543311273
UAV_0028,telemetry_28,5,5,200,-9896.227487710354,35.7496390191624,22.046438636982202,8.171261953649992
UAV_0028,telemetry_28,20,20,200,-9892.777105640225,25.10808555325173,-38.444042049686686,0.22686155996830337
UAV_0028,telemetry_28,50,50,200,-9867.72790565189,37.733795019538405,-84.22316794425569,-1.7696295397182886
UAV_0029,telemetry_07,5,5,223,140.5912754437698,0.0,0.0,0.0
UAV_0029,telemetry_07,20,20,223,140.59127544376983,2.9160058604848984e-14,0.0,0.0
UAV_0029,telemetry_07,50,50,223,140.59127544376977,2.8710262101646174e-14,0.0,0.0
UAV_0029,telemetry_13,5,5,223,7147.101893811863,2.7039555686507226,0.10352680116284319,0.6797583264016793
UAV_0029,telemetry_13,20,20,223,7145.769575570361,3.058194670508797,-0.685851593731968,0.03504426777443926
UAV_0029,telemetry_13,50,50,223,7143.419052515545,3.544983517341705,11.726754616061953,0.14268612119804172
UAV_0029,telemetry_15,5,5,223,50037.44596239515,25.679093473060828,40.27530502877926,3.830163005032955
UAV_0029,telemetry_15,20,20,223,50037.378117317756,22.480079906545058,27.939836413534067,-0.5227270760567265
UAV_0029,telemetry_15,50,50,223,50038.92745217584,20.845097330111738,-11.225276439879963,0.02592965851776339
UAV_0029,telemetry_16,5,5,223,-702.9238787673947,1.4510256638667078,-3.468614772663841,-0.6937229545327682
UAV_0029,telemetry_16,20,20,223,-701.5364328583291,1.6880508533300675,-1.7343073863319205,-0.05737558270571793
UAV_0029,telemetry_16,50,50,223,-700.1836730969901,2.2785673716397072,-6.937229545327796,-0.0916913532941888
UAV_0029,telemetry_18,5,5,223,-103.33088471485738,0.0018104458454136785,-0.0022353079008610166,-0.00034399845986001767
UAV_0029,telemetry_18,20,20,223,-103.32849717531876,0.004046736255202639,-0.007246770468427144,-0.00016526714477981073
UAV_0029,telemetry_18,50,50,223,-103.32862675810313,0.005328466824899609,-0.004355121820822205,-1.3319956643540005e-06
UAV_0029,telemetry_19,5,5,223,33507.07914990627,0.35424643935084743,0.5181266894796863,0.10426797939435346
UAV_0029,telemetry_19,20,20,223,33506.908301751195,0.37361936820901304,0.7378158124483889,0.03713100719329318
UAV_0029,telemetry_19,50,50,223,33506.45672168574,0.5535261285380175,1.377634509910422,0.02738854089834574
UAV_0029,telemetry_21,5,5,223,34964.058363515825,0.3051445312226909,0.14715375989908352,0.0882922559430881
UAV_0029,telemetry_21,20,20,223,34963.778771372,0.497306836599222,0.7357687995245215,0.022792236496911242
UAV_0029,telemetry_21,50,50,223,34963.22547323476,0.7133914868749608,1.4715375990563189,0.03576207341583103
UAV_0029,telemetry_22,5,5,223,23248.653617358326,32.3906128783043,10.9261267564616,6.8616076030572
UAV_0029,telemetry_22,20,20,223,23234.762868208614,52.544830866554214,76.62856898530299,4.445920390154764
UAV_0029,telemetry_22,50,50,223,23191.791140083904,65.48562425743064,146.26441684647216,2.7340168473575526
UAV_0029,telemetry_23,5,5,223,-17400.11195172568,6.1234842660782585,-13.841972365247784,-3.764919341903442
UAV_0029,telemetry_23,20,20,223,-17396.671017383378,6.8763291850889265,-7.664880290874862,-0.31521388280926294
UAV_0029,telemetry_23,50,50,223,-17394.797323124396,8.463450375852547,-31.550807464052923,-0.20751829109423353
UAV_0029,telemetry_25,5,5,223,-174.39368232938273,0.15991088654768515,0.39498581460443916,0.10026562986112708
UAV_0029,telemetry_25,20,20,223,-174.05642521075896,0.35073252657409454,-0.425369338804785,-0.039292978665103125
UAV_0029,telemetry_25,50,50,223,-173.6340942243742,0.5031240805594408,-1.3064915406146724,-0.028062266721217744
UAV_0029,telemetry_26,5,5,223,-7442.170278283792,3.5731741545453337,4.736334188154615,1.5787780627181747
UAV_0029,telemetry_26,20,20,223,-7446.045460801372,4.9634370766754285,13.204325615459311,0.6297846051963016
UAV_0029,telemetry_26,50,50,223,-7450.721514372587,6.166338950083088,15.500730070321879,0.3190499742765486
UAV_0029,telemetry_28,5,5,223,-9920.409802605722,16.720364362989695,-11.58331692536376,-1.2525692697932755
UAV_0029,telemetry_28,20,20,223,-9907.143701562922,21.92770534873697,-16.24228197456796,-1.2345570425198227
UAV_0029,telemetry_28,50,50,223,-9873.846468800115,37.51221231784591,-103.6028386750877,-2.0562896630161913
UAV_0030,telemetry_07,5,5,218,140.5912754437698,0.0,0.0,0.0
UAV_0030,telemetry_07,20,20,218,140.59127544376983,2.9160058604848984e-14,0.0,0.0
UAV_0030,telemetry_07,50,50,218,140.59127544376977,2.8710262101646174e-14,0.0,0.0
UAV_0030,telemetry_13,5,5,218,7148.414227505341,3.509159315768169,8.357873171861684,1.3368701071424767
UAV_0030,telemetry_13,20,20,218,7144.585935130791,5.4138464895072245,9.88902685609537,0.5522558886791482
UAV_0030,telemetry_13,50,50,218,7141.000421717888,5.4659269159989305,9.298957743105348,0.23103130716295062
UAV_0030,telemetry_15,5,5,218,50820.72354852627,34.94013591866552,69.01694690230943,20.217833060390696
UAV_0030,telemetry_15,20,20,218,50681.218650089264,105.13839724988777,296.2362787952152,17.15144888277694
UAV_0030,telemetry_15,50,50,218,50486.36327042877,185.618664518684,602.4026098257236,12.491052489750578
UAV_0030,telemetry_16,5,5,218,-702.9238787673946,2.849757831425459,-3.468614772663841,-1.2140151704323443
UAV_0030,telemetry_16,20,20,218,-701.8832943355956,2.360590228178335,-6.937229545327796,-0.25297416011157625
UAV_0030,telemetry_16,50,50,218,-699.4552639947308,2.691342920284449,-8.671536931659716,-0.1464063570310477
UAV_0030,telemetry_18,5,5,218,-103.32571783851574,0.003218509891903358,0.001438232930496497,-7.572230142471881e-05
UAV_0030,telemetry_18,20,20,218,-103.32900768310256,0.005426494224678058,0.0009051736458332016,0.0003746538909686464
UAV_0030,telemetry_18,50,50,218,-103.32821810897686,0.005700588380065926,0.0034259956193523067,-1.9441254376986918e-05
UAV_0030,telemetry_19,5,5,218,33506.98333974667,1.9049408717332572,4.400662743864814,1.0994432172832602
UAV_0030,telemetry_19,20,20,218,33505.7025441755,1.2285282087848401,4.172917653806508,0.12698965472462667
UAV_0030,telemetry_19,50,50,218,33505.04248504623,1.009592805076104,5.633314287078974,0.044140296589349697
UAV_0030,telemetry_21,5,5,218,34963.9406405079,2.06697348614864,4.561766557082592,1.162514703256602
UAV_0030,telemetry_21,20,20,218,34962.55003747679,1.3378901190311145,5.0032278367943945,0.1319958162162428
UAV_0030,telemetry_21,50,50,218,34961.77748023728,1.1100911685142503,6.033304156138911,0.04793008179789494
UAV_0030,telemetry_22,5,5,218,23284.578722133563,58.61248933865508,-92.50787320470045,-30.40376872097695
UAV_0030,telemetry_22,20,20,218,23235.53498116607,60.512948530852476,129.80238586673659,4.832579311962274
UAV_0030,telemetry_22,50,50,218,23158.660210124515,94.63477869302774,288.7411097507065,4.964489217687998
UAV_0030,telemetry_23,5,5,218,-17672.092096390803,19.415597647432882,-50.109703499598254,-12.26242672002336
UAV_0030,telemetry_23,20,20,218,-17617.15453041127,41.116560170755974,-128.4429694567225,-6.811085150622613
UAV_0030,telemetry_23,50,50,218,-17547.18443760915,67.78858778641866,-244.09113087962396,-4.5636988217737295
UAV_0030,telemetry_25,5,5,218,-174.1323840212598,0.31104182241118716,-0.18230114520204665,0.012153409680138338
UAV_0030,telemetry_25,20,20,218,-173.7495516163355,0.4450188772214991,-1.488792685816719,-0.05633516592333942
UAV_0030,telemetry_25,50,50,218,-173.10116720990027,0.6660830312286554,-2.0964631698235507,-0.041083777092792484
UAV_0030,telemetry_26,5,5,218,-7449.461362427979,6.231708261725968,16.935982854609392,2.970973263478027
UAV_0030,telemetry_26,20,20,218,-7455.274136204351,5.741407706465362,19.37591258790053,0.7035976055311559
UAV_0030,telemetry_26,50,50,218,-7462.022694796078,7.854946029552588,35.88131960722512,0.42679214367290413
UAV_0030,telemetry_28,5,5,218,-9938.58682039272,36.39793056521193,-89.39193333541152,-20.216262399996594
UAV_0030,telemetry_28,20,20,218,-9895.491670068983,42.376400259237755,-156.16339123349098,-5.517826960142986
UAV_0030,telemetry_28,50,50,218,-9842.271254046627,60.92839656893085,-238.85896950698407,-3.6345723264412197
UAV_0031,telemetry_07,5,5,183,140.5912754437698,0.0,0.0,0.0
UAV_0031,telemetry_07,20,20,183,140.59127544376983,2.9160058604848984e-14,0.0,0.0
UAV_0031,telemetry_07,50,50,183,140.59127544376977,2.8710262101646174e-14,0.0,0.0
UAV_0031,telemetry_13,5,5,183,7147.385325806153,6.2701516958518475,5.665657593601281,0.12416521662653394
UAV_0031,telemetry_13,20,20,183,7146.453440830306,4.425969757597324,6.7662336687762945,0.21032567842714986
UAV_0031,telemetry_13,50,50,183,7144.226840317245,4.175106383565199,0.16354120695541496,0.11297908281127549
UAV_0031,telemetry_15,5,5,183,50006.33591054749,40.834421126062274,50.02032523483649,16.412340992588724
UAV_0031,telemetry_15,20,20,183,49978.16786796456,33.736631904868595,44.531041701055074,2.8827897405955496
UAV_0031,telemetry_15,50,50,183,49953.11453120699,34.25964565681452,103.8029683973291,1.5374199504548791
UAV_0031,telemetry_16,5,5,183,-701.1895713810627,1.4510256638667076,0.0,0.3468614772663841
UAV_0031,telemetry_16,20,20,183,-701.0161406424295,1.3897260189177625,-1.7343073863319205,-0.0625915447698746
UAV_0031,telemetry_16,50,50,183,-700.0449285060837,1.567352120770011,0.0,-0.04688667747922678
UAV_0031,telemetry_18,5,5,183,-103.32641747806242,0.003937684911748788,-0.0034623684385337583,-0.00040652568638819273
UAV_0031,telemetry_18,20,20,183,-103.3285795597078,0.005382788977774822,0.002556182453730571,8.809835291305078e-05
UAV_0031,telemetry_18,50,50,183,-103.32711611928602,0.005728586374297987,0.0069381355176005854,-4.143996944761437e-05
UAV_0031,telemetry_19,5,5,183,33507.70696087803,0.269983170705272,0.3131514113774756,0.06738864198123337
UAV_0031,telemetry_19,20,20,183,33507.3646053551,0.4249339936734398,0.5870331844998873,0.032278160355655616
UAV_0031,telemetry_19,50,50,183,33507.001278626754,0.5071435578705203,1.4438720255493536,0.023566050724434417
UAV_0031,telemetry_21,5,5,183,34964.23494802772,0.35439318350610477,0.29430751981271897,-0.0294307519805443
UAV_0031,telemetry_21,20,20,183,34964.03629045184,0.4372459818296294,0.5886150396254379,0.03817146403577264
UAV_0031,telemetry_21,50,50,183,34963.69047911606,0.5443430899832131,1.4715375990635948,0.02513449815055523
UAV_0031,telemetry_22,5,5,183,23207.48397173998,61.07533502558878,-34.963605620669114,-21.779412667876386
UAV_0031,telemetry_22,20,20,183,23194.168665266112,55.27112757645081,66.86789574953218,2.0857674756541016
UAV_0031,telemetry_22,50,50,183,23158.226078688065,61.23149440069201,87.4090140516746,1.7335316635526012
UAV_0031,telemetry_23,5,5,183,-17385.64141346185,8.789927992061655,-8.51303190760882,-3.3057962450177003
UAV_0031,telemetry_23,20,20,183,-17381.630001320744,9.245217217471668,-25.034543834517535,-0.5758314562831832
UAV_0031,telemetry_23,50,50,183,-17368.560419083242,14.00646689612386,-27.13327957200454,-0.8127471759284645
UAV_0031,telemetry_25,5,5,183,-174.509139721344,0.23238927418388317,-0.2734517178030842,-0.04557528630051877
UAV_0031,telemetry_25,20,20,183,-174.23416882733096,0.2985887656231612,-1.1241903954126258,-0.03885892831938366
UAV_0031,telemetry_25,50,50,183,-173.8984308849172,0.44571074300102104,-1.6710938310187657,-0.022662534521195512
UAV_0031,telemetry_26,5,5,183,-7441.108191223419,5.052008251584868,-8.180940870445738,-2.4399297332908647
UAV_0031,telemetry_26,20,20,183,-7444.488211530421,4.996328047832154,6.889213364587704,0.4626262170110291
UAV_0031,telemetry_26,50,50,183,-7448.766700080384,5.924497790579828,19.08886203104521,0.2954174086231109
UAV_0031,telemetry_28,5,5,183,-9931.614348212082,24.910649366018255,-22.633330320828463,-4.472757926330269
UAV_0031,telemetry_28,20,20,183,-9912.38080998504,28.156297403279478,-54.3705470869445,-2.958117139142632
UAV_0031,telemetry_28,50,50,183,-9886.763225460345,36.535333204646065,-79.94750682655649,-1.7326783590980734
UAV_0032,telemetry_07,5,5,189,140.5912754437698,0.0,0.0,0.0
UAV_0032,telemetry_07,20,20,189,140.59127544376983,2.9160058604848984e-14,0.0,0.0
UAV_0032,telemetry_07,50,50,189,140.59127544376977,2.8710262101646174e-14,0.0,0.0
UAV_0032,telemetry_13,5,5,189,7144.606449373164,3.136337611061876,2.4098051186392695,0.42289007842573484
UAV_0032,telemetry_13,20,20,189,7144.370336325281,4.02626738934235,0.3532461163631524,0.1743048031908095
UAV_0032,telemetry_13,50,50,189,7141.769732018179,3.97488901111651,-0.6649045301337537,0.1547685488541154
UAV_0032,telemetry_15,5,5,189,50693.65588632059,36.421356284038225,85.05305610215146,19.465369474864566
UAV_0032,telemetry_15,20,20,189,50552.81567340596,106.27053614013775,350.882404760785,17.784314071470124
UAV_0032,telemetry_15,50,50,189,50368.53734130962,175.8429198292051,569.2201992507034,11.783953219413569
UAV_0032,telemetry_16,5,5,189,-703.9644631991939,0.9499192771418197,-1.7343073863319205,-0.3468614772663841
UAV_0032,telemetry_16,20,20,189,-702.3168711821785,2.0655164496560383,-5.2029221589957615,-0.25167016959553545
UAV_0032,telemetry_16,50,50,189,-699.8714977674504,2.8456622656923125,-10.405844317991637,-0.15107004075899905
UAV_0032,telemetry_18,5,5,189,-103.32666788780489,0.005089617766225721,0.008076555798325558,0.00143237665124758
UAV_0032,telemetry_18,20,20,189,-103.32627774754403,0.004817883511246928,-0.0010803087218818064,-0.00013338820542144772
UAV_0032,telemetry_18,50,50,189,-103.32753022140389,0.005461161168064877,0.007428114605119163,0.00010340869934586256
UAV_0032,telemetry_19,5,5,189,33506.18807424986,0.10168970462095232,0.10274256215052446,0.020192993223463417
UAV_0032,telemetry_19,20,20,189,33505.677245849685,0.4339977544487626,0.6966044252549182,0.0563248374342209
UAV_0032,telemetry_19,50,50,189,33505.259524780005,0.5379194347637221,1.8659813380800188,0.027115850948720866
UAV_0032,telemetry_21,5,5,189,34962.61625666874,0.3387733962229169,0.44146127971907845,0.16186913589699542
UAV_0032,telemetry_21,20,20,189,34962.40288371689,0.3247751367024283,0.588615039618162,0.013387672893462932
UAV_0032,telemetry_21,50,50,189,34961.92169092199,0.625480319879272,1.4715375990563189,0.025183961599209794
UAV_0032,telemetry_22,5,5,189,23287.812855653472,39.43393729181818,72.5494816628925,7.458902532409775
UAV_0032,telemetry_22,20,20,189,23235.236333701396,64.5439738511214,184.4330196490373,8.840140210594795
UAV_0032,telemetry_22,50,50,189,23170.14575457091,81.93519462861538,149.9064590986236,4.483267442848875
UAV_0032,telemetry_23,5,5,189,-17622.989339518674,17.105393821083425,-43.9600652139743,-9.806554502433936
UAV_0032,telemetry_23,20,20,189,-17573.84883925136,40.48829562094698,-130.93329588764755,-6.718945855255193
UAV_0032,telemetry_23,50,50,189,-17506.184640914034,64.3380546887167,-217.69731025134024,-4.27534831672384
UAV_0032,telemetry_25,5,5,189,-174.5577533600646,0.43903929635452255,-0.972272774410925,-0.23699148876266066
UAV_0032,telemetry_25,20,20,189,-173.91514182322737,0.5450769299395892,-2.1268466940238966,-0.07531915735979337
UAV_0032,telemetry_25,50,50,189,-173.34727375592303,0.6236311144520229,-2.1268466940238966,-0.03519090534032315
UAV_0032,telemetry_26,5,5,189,-7448.8585562585795,5.090597016019146,10.907921160597652,2.095469065062025
UAV_0032,telemetry_26,20,20,189,-7454.857912896907,5.718038901558723,23.681670940770346,0.5838133506018199
UAV_0032,telemetry_26,50,50,189,-7459.21534035001,6.202629433163766,21.959367599622965,0.2906343813371859
UAV_0032,telemetry_28,5,5,189,-9919.575721507359,20.133183688682028,-27.646068059519166,-2.5448651393528054
UAV_0032,telemetry_28,20,20,189,-9900.459031183354,31.035196579739534,-88.66214261222558,-3.541954369642726
UAV_0032,telemetry_28,50,50,189,-9848.42655669046,54.87362839821022,-151.42873304205386,-3.375526833413785
UAV_0033,telemetry_07,5,5,231,140.74598310201583,0.03843742671976015,0.08594869902555047,0.017189739805110092
UAV_0033,telemetry_07,20,20,231,140.6944138826005,0.035272601836038864,0.08594869902555047,0.004135877246342278
UAV_0033,telemetry_07,50,50,231,140.67894311677588,0.03243911360172297,0.17189739805110094,0.0013248274855799135
UAV_0033,telemetry_13,5,5,231,7141.6423298184845,3.739949113099221,10.4941669980808,2.1108554494763667
UAV_0033,telemetry_13,20,20,231,7140.668046254466,3.0650215572376913,11.559484026501195,0.24743309220890242
UAV_0033,telemetry_13,50,50,231,7137.988009591326,3.80559977216309,8.738919932840872,0.15806720905377714
UAV_0033,telemetry_15,5,5,231,50322.21025537818,5.405553793783801,7.52463585530495,0.49341874461024415
UAV_0033,telemetry_15,20,20,231,50264.81023604427,44.27880839882824,96.0316231697143,6.9660617219536975
UAV_0033,telemetry_15,50,50,231,50190.83998171951,74.63353424020943,248.9297566557434,4.957069518253896
UAV_0033,telemetry_16,5,5,231,-702.5770172901282,0.9499192771418197,0.0,0.0
UAV_0033,telemetry_16,20,20,231,-700.929425273113,1.8036621279813314,-5.202922158995875,-0.23080632133891382
UAV_0033,telemetry_16,50,50,231,-698.7962271879246,2.404403640035982,-6.937229545327796,-0.1316657852480585
UAV_0033,telemetry_18,5,5,231,-103.28624729091159,0.04727081833091673,-0.08416575495465395,-0.015751990041442808
UAV_0033,telemetry_18,20,20,231,-103.26102761491761,0.03744412979308769,-0.06779153163437002,-0.0023655801724044774
UAV_0033,telemetry_18,50,50,231,-103.24966918963922,0.027879932065022883,-0.08775473148295987,-0.000842002093977848
UAV_0033,telemetry_19,5,5,231,33511.28783867923,0.7058806426317723,1.702993290462473,0.27760950053998384
UAV_0033,telemetry_19,20,20,231,33510.09511998625,0.9600560281853381,4.347956510762742,0.1306261308731446
UAV_0033,telemetry_19,50,50,231,33508.41555485453,1.637396066927264,6.2009274687370635,0.10573408735917206
UAV_0033,telemetry_21,5,5,231,34968.11980728923,0.6580916205881653,-0.5886150396254379,-0.08829225594381569
UAV_0033,telemetry_21,20,20,231,34966.88371570602,1.1149801285118477,3.5316902377380757,0.1723801187467932
UAV_0033,telemetry_21,50,50,231,34965.10315521116,1.754862022402899,6.033304156138911,0.11520037204065328
UAV_0033,telemetry_22,5,5,231,23274.118776785377,54.009548890137744,-105.03649855209733,-29.180042524251984
UAV_0033,telemetry_22,20,20,231,23213.7628525827,87.9252334906104,-12.382943657321448,6.324337911423113
UAV_0033,telemetry_22,50,50,231,23144.77965869311,93.43451525582363,159.230087264139,4.8772271095423125
UAV_0033,telemetry_23,5,5,231,-17494.83414202886,6.317613268944105,-13.369199084594584,-1.7484780515216698
UAV_0033,telemetry_23,20,20,231,-17470.522449130847,18.475418462552174,-59.74303192739535,-2.984609759719453
UAV_0033,telemetry_23,50,50,231,-17440.55440958212,29.971516104641854,-98.48513126247781,-1.9618632083407683
UAV_0033,telemetry_25,5,5,231,-174.3086084616218,0.32197935393455585,0.7595881050085325,0.1914162024621504
UAV_0033,telemetry_25,20,20,231,-173.91210347080735,0.5142360981051739,-0.6076704840068317,-0.0649019490625341
UAV_0033,telemetry_25,50,50,231,-173.15828823539687,0.7611914070861144,-1.2153409680136633,-0.04710066322975321
UAV_0033,telemetry_26,5,5,231,-7677.523029851506,8.333987812356796,-17.653609246755877,-4.377520992081736
UAV_0033,telemetry_26,20,20,231,-7645.746533207346,23.95130487052306,-78.50832730060938,-3.95180127523789
UAV_0033,telemetry_26,50,50,231,-7602.221057270998,41.872362252942146,-143.38175315047374,-2.8249151860182646
UAV_0033,telemetry_28,5,5,231,-9893.829604744707,48.16223985504589,-86.20175875000132,-9.26810546406432
UAV_0033,telemetry_28,20,20,231,-9867.826044752244,31.154787006753683,-139.48527145902335,-3.1383613875713863
UAV_0033,telemetry_28,50,50,231,-9822.091968009341,47.30794293461584,-201.58810805187568,-2.736931084034983
UAV_0034,telemetry_07,5,5,459,140.71160362240556,0.04707604124451628,0.08594869902555047,0.025784609707665142
UAV_0034,telemetry_07,20,20,459,140.6858190126979,0.026454451377029148,0.08594869902555047,0.0023264309510675316
UAV_0034,telemetry_07,50,50,459,140.68066209075639,0.01701343012076561,0.08594869902555047,0.0003962100891453947
UAV_0034,telemetry_13,5,5,459,7146.183134892561,3.275984764437931,3.8928027719694,0.867037411416004
UAV_0034,telemetry_13,20,20,459,7143.054783556404,3.460093988730221,-1.3340956313804782,0.16823893970644951
UAV_0034,telemetry_13,50,50,459,7140.411826176231,4.087484679683289,14.70532975320657,0.18595335783687772
UAV_0034,telemetry_15,5,5,459,50315.142031861644,31.886393025289127,61.73902041932888,17.44852035627191
UAV_0034,telemetry_15,20,20,459,50290.46184302968,29.853299319329604,69.75707501923898,3.667575963813092
UAV_0034,telemetry_15,50,50,459,50239.08153238002,50.6648159109796,163.9383778966585,3.1747201754789636
UAV_0034,telemetry_16,5,5,459,-701.5364328583291,1.2263405135372185,0.0,-0.17343073863319206
UAV_0034,telemetry_16,20,20,459,-700.4958484265301,1.530664926587658,-1.7343073863319205,-0.13822299470013966
UAV_0034,telemetry_16,50,50,459,-699.8714977674506,1.5256755908819117,0.0,-0.047469637945220446
UAV_0034,telemetry_18,5,5,459,-102.9773812812688,0.007084202631289171,0.0068233876062038235,0.0025731486734727584
UAV_0034,telemetry_18,20,20,459,-102.98556974759158,0.01855158436717511,0.005416733323286849,0.0009306759691183931
UAV_0034,telemetry_18,50,50,459,-103.00408632110889,0.03907467490297658,0.08684719149717068,0.0012074076472358675
UAV_0034,telemetry_19,5,5,459,33510.758437335106,0.5128520034325654,0.7927638441833551,0.24635653769801139
UAV_0034,telemetry_19,20,20,459,33510.16114884773,0.7890151922649536,1.9587105883765616,0.09830205814857772
UAV_0034,telemetry_19,50,50,459,33509.0490563492,1.193911314307634,3.6276173138830927,0.07510633711804304
UAV_0034,telemetry_21,5,5,459,34967.531192249604,0.32904581029774327,0.29430751981271897,0.014715375989908352
UAV_0034,telemetry_21,20,20,459,34967.18538091383,0.5654571490682727,0.4414612797118025,0.06428295827448946
UAV_0034,telemetry_21,50,50,459,34966.003736221784,1.2228533643948987,3.090228958018997,0.07893659793075827
UAV_0034,telemetry_22,5,5,459,23315.31755874174,76.27796467948154,-129.80238586674022,-17.161303092145317
UAV_0034,telemetry_22,20,20,459,23234.289402715833,75.32839432661534,21.415208442660514,7.479276062000773
UAV_0034,telemetry_22,50,50,459,23183.94472425587,78.55318621439255,166.80553514861822,3.369314935481066
UAV_0034,telemetry_23,5,5,459,-17497.108603308257,11.464165448755573,-27.735988168595213,-4.601703932747841
UAV_0034,telemetry_23,20,20,459,-17482.00834664352,14.652644403944425,-47.512878934623586,-2.1534341993797192
UAV_0034,telemetry_23,50,50,459,-17462.22844872392,21.205534555074223,-74.29986303540136,-1.3120537337884106
UAV_0034,telemetry_25,5,5,459,-174.41798914874303,0.2945791965266323,-0.6684375324075233,-0.13368750648150468
UAV_0034,telemetry_25,20,20,459,-174.02604168655859,0.36830150834110853,-1.1545739196129716,-0.03157145146230964
UAV_0034,telemetry_25,50,50,459,-173.60857206404594,0.5126853049466045,-1.94454554882185,-0.02881218899919987
UAV_0034,telemetry_26,5,5,459,-7666.47158341248,7.653679763820679,-15.787780627179927,-3.9756502124806503
UAV_0034,telemetry_26,20,20,459,-7648.688801415138,14.844040500933142,-46.789240767821866,-2.3704332826836474
UAV_0034,telemetry_26,50,50,459,-7620.953976611537,27.697493663177717,-94.58315848464645,-1.8539055112116307
UAV_0034,telemetry_28,5,5,459,-9907.62553080176,19.882122532708472,21.040018205832894,0.17665905629128248
UAV_0034,telemetry_28,20,20,459,-9878.613588385002,29.376074090938257,-62.66663136244824,-2.70080318320495
UAV_0034,telemetry_28,50,50,459,-9854.051108916672,34.41878226661399,-73.17717889254709,-1.561965318491513
UAV_0035,telemetry_07,5,5,231,140.5912754437698,0.0,0.0,0.0
UAV_0035,telemetry_07,20,20,231,140.59127544376983,2.9160058604848984e-14,0.0,0.0
UAV_0035,telemetry_07,50,50,231,140.59127544376977,2.8710262101646174e-14,0.0,0.0
UAV_0035,telemetry_13,5,5,231,7147.489074477739,2.4172442831642456,-2.962764717385653,-0.655977396956132
UAV_0035,telemetry_13,20,20,231,7146.486939356206,3.3312910506272253,4.1514933345779355,0.10239124194938831
UAV_0035,telemetry_13,50,50,231,7142.837440567786,4.778262044979544,13.497421729424786,0.24071056102729152
UAV_0035,telemetry_15,5,5,231,50137.869012391886,19.621054781971996,51.19219475328282,10.306284028039954
UAV_0035,telemetry_15,20,20,231,50128.429295034075,19.513217014940736,38.48666207958013,1.8212438305514447
UAV_0035,telemetry_15,50,50,231,50104.27089652453,29.39179953363585,74.32119840687665,1.6310747376221193
UAV_0035,telemetry_16,5,5,231,-701.5364328583291,1.7343073863319205,-1.7343073863319205,0.0
UAV_0035,telemetry_16,20,20,231,-700.6692791651632,1.5409725509745569,-5.202922158995875,-0.10692722231520513
UAV_0035,telemetry_16,50,50,231,-699.0390302220112,2.192625058344671,-3.468614772663841,-0.10443320347948513
UAV_0035,telemetry_18,5,5,231,-101.18712442042346,0.07346327695416117,-0.08128364451722803,-0.012934531665341354
UAV_0035,telemetry_18,20,20,231,-101.18080954835733,0.05841607188964261,-0.06554245288407401,-0.0001337681260535635
UAV_0035,telemetry_18,50,50,231,-101.22936341718389,0.08568618520315945,-0.06801591556526887,0.0028231603696498284
UAV_0035,telemetry_19,5,5,231,33506.76127200674,0.4170528376115358,0.37702778667153325,0.05317850853534765
UAV_0035,telemetry_19,20,20,231,33506.5160106212,0.49944382510639845,1.7157246132410364,0.03734637145440447
UAV_0035,telemetry_19,50,50,231,33505.969106831384,0.6456381064706634,2.0108089738714625,0.03388116695223389
UAV_0035,telemetry_21,5,5,231,34963.70519449205,0.14715375990635948,-0.29430751981271897,-0.029430751981271895
UAV_0035,telemetry_21,20,20,231,34963.20487170837,0.5970736906048327,1.3243838391572353,0.04381420219763374
UAV_0035,telemetry_21,50,50,231,34962.619199743946,0.7555576398262986,2.2073063985881163,0.037373168602225434
UAV_0035,telemetry_22,5,5,231,23264.824284957886,43.0499377351789,17.04475774007733,11.625398868873527
UAV_0035,telemetry_22,20,20,231,23224.9366382123,72.08715123603903,-118.8762591102859,1.253300675161854
UAV_0035,telemetry_22,50,50,231,23153.170924042075,88.59584140501525,187.34665345076064,4.520903336854336
UAV_0035,telemetry_23,5,5,231,-17442.51011205747,4.21878203903625,-2.952656297264184,0.5152400160237448
UAV_0035,telemetry_23,20,20,231,-17429.694068905974,11.594525954998812,-30.164649078691582,-1.4281265619015022
UAV_0035,telemetry_23,50,50,231,-17415.98140729759,15.822070194680897,-46.29317787908076,-0.9261849836504163
UAV_0035,telemetry_25,5,5,231,-174.48483290198374,0.26347964327632006,-0.12153409680135496,-0.060767048400680326
UAV_0035,telemetry_25,20,20,231,-174.09896214463942,0.39301272295363354,-0.6380540082071491,-0.04856794921046952
UAV_0035,telemetry_25,50,50,231,-173.5544893909693,0.5921595373790582,-1.6710938310187373,-0.034684634853047194
UAV_0035,telemetry_26,5,5,231,-7367.980895199207,40.85491461422587,-28.18861687770095,-4.379189221622437
UAV_0035,telemetry_26,20,20,231,-7386.594843110751,30.64528628460711,-36.9939465994712,1.5149064474005527
UAV_0035,telemetry_26,50,50,231,-7418.382049516125,40.66812489812286,52.00279734416745,2.0796102164270938
UAV_0035,telemetry_28,5,5,231,-9951.182426603827,29.44645856784519,-56.408622217048105,-12.949905477613175
UAV_0035,telemetry_28,20,20,231,-9907.411486252502,33.416412950891136,-119.56038829171302,-3.699468237770612
UAV_0035,telemetry_28,50,50,231,-9854.370672740988,56.38313294189697,-245.3835662036654,-3.338232805396636
UAV_0036,telemetry_07,5,5,324,140.5912754437698,0.0,0.0,0.0
UAV_0036,telemetry_07,20,20,324,140.59127544376983,2.9160058604848984e-14,0.0,0.0
UAV_0036,telemetry_07,50,50,324,140.59127544376977,2.8710262101646174e-14,0.0,0.0
UAV_0036,telemetry_13,5,5,324,7147.165376479368,5.018781328071205,4.694147935614637,1.5787264907822647
UAV_0036,telemetry_13,20,20,324,7145.714234598815,3.9614667896932376,4.6906310288541135,0.13658998480054937
UAV_0036,telemetry_13,50,50,324,7143.505005869654,3.869803003294584,5.134440925435229,0.15064551665541295
UAV_0036,telemetry_15,5,5,324,49899.94249374096,20.74031233954251,-23.560745055125153,-3.9720208941100283
UAV_0036,telemetry_15,20,20,324,49918.63689642737,26.15911247528226,-53.78264316248533,-2.200258059846374
UAV_0036,telemetry_15,50,50,324,49940.608833124854,30.7358787139067,-36.142923042680195,-1.4264392349805697
UAV_0036,telemetry_16,5,5,324,-702.9238787673947,1.4510256638667078,-3.468614772663841,-0.6937229545327682
UAV_0036,telemetry_16,20,20,324,-701.2762867503794,1.9714012223143722,-3.468614772663841,-0.10562323179916276
UAV_0036,telemetry_16,50,50,324,-700.2183592447168,2.0298035495693285,-6.937229545327796,-0.07645110111177605
UAV_0036,telemetry_18,5,5,324,-103.32877674782594,0.00408488679822898,0.0003495804618580678,0.0010209884345030672
UAV_0036,telemetry_18,20,20,324,-103.32921715289463,0.005471114691449394,0.01046282307552815,5.939152569021345e-05
UAV_0036,telemetry_18,50,50,324,-103.32872209866048,0.0051347661530000855,-0.0026126188559914,-4.129650522497836e-05
UAV_0036,telemetry_19,5,5,324,33507.9874677177,0.16213266548908684,0.30265726945071947,0.0872969082716736
UAV_0036,telemetry_19,20,20,324,33507.60665027307,0.47595491021656716,1.3666405138064874,0.058139813521443
UAV_0036,telemetry_19,50,50,324,33506.92851704548,0.7532288184565202,2.5586489140769118,0.04477988102230391
UAV_0036,telemetry_21,5,5,324,34964.882424571304,0.6823239147742824,0.7357687995317974,0.22073063985953922
UAV_0036,telemetry_21,20,20,324,34964.42624791559,0.5903550780258382,1.6186913589626784,0.06550001944676768
UAV_0036,telemetry_21,50,50,324,34963.805259048786,0.7411189583000675,2.0601526386890328,0.03966968586375517
UAV_0036,telemetry_22,5,5,324,23269.51523537866,27.57015881441821,-8.886583095252718,2.869929294697431
UAV_0036,telemetry_22,20,20,324,23210.142662584058,69.53144847119641,157.6275886731928,7.135226296165818
UAV_0036,telemetry_22,50,50,324,23189.445664873518,63.21151038288814,132.71601966846356,2.0908278134277176
UAV_0036,telemetry_23,5,5,324,-17350.748515473748,9.740832225101116,6.569283212214941,2.494769806503973
UAV_0036,telemetry_23,20,20,324,-17355.537819460013,8.619948064750979,15.03985062456195,0.5787362363381178
UAV_0036,telemetry_23,50,50,324,-17360.879138670076,10.12096385286598,-6.488844544754102,0.2829271190546538
UAV_0036,telemetry_25,5,5,324,-174.326838576142,0.32794507198616246,-0.8203551534091957,-0.17926279278200924
UAV_0036,telemetry_25,20,20,324,-174.329876928562,0.37832320041527007,-1.0330398228115882,-0.019874936882929857
UAV_0036,telemetry_25,50,50,324,-173.84677889377662,0.5467656244824699,-1.8230114520204665,-0.03090730260072163
UAV_0036,telemetry_26,5,5,324,-7437.118188483097,4.402039853192507,-10.477345325310125,-1.535720479189149
UAV_0036,telemetry_26,20,20,324,-7443.304127983381,5.404055014254009,5.884536415585899,0.6820148568952548
UAV_0036,telemetry_26,50,50,324,-7449.6048877064095,8.01630891074314,17.797134525183537,0.4575854663149351
UAV_0036,telemetry_28,5,5,324,-9919.166437791419,28.795439637610826,-42.06270251528986,-4.922871860990017
UAV_0036,telemetry_28,20,20,324,-9909.370690545957,27.805291639482466,-64.96492232965466,-2.6352468139275187
UAV_0036,telemetry_28,50,50,324,-9880.333898530072,39.275001634383095,-109.33141476477613,-2.06781536014338
UAV_0037,telemetry_07,5,5,324,140.71160362240556,0.04707604124451628,0.08594869902555047,0.025784609707665142
UAV_0037,telemetry_07,20,20,324,140.6858190126979,0.026454451377029148,0.08594869902555047,0.0023264309510675316
UAV_0037,telemetry_07,50,50,324,140.68066209075639,0.01701343012076561,0.08594869902555047,0.0003962100891453947
UAV_0037,telemetry_13,5,5,324,7143.347881224507,2.268126053088236,-5.113380302051155,-0.9329692040896589
UAV_0037,telemetry_13,20,20,324,7141.895231531013,3.2505156617209505,5.2978202685826545,0.20307908175397976
UAV_0037,telemetry_13,50,50,324,7138.837836093181,4.286609853001187,10.640979988146682,0.19970529047901128
UAV_0037,telemetry_15,5,5,324,50320.66832180128,16.4489785327983,19.11997635363514,1.0361793636802759
UAV_0037,telemetry_15,20,20,324,50282.69049780209,37.09699029491239,126.4385533063105,5.660264258539585
UAV_0037,telemetry_15,50,50,324,50219.14371445719,62.82624916272138,213.65031641612586,4.1293373614420625
UAV_0037,telemetry_16,5,5,324,-701.8832943355956,0.7756058419436329,1.7343073863319205,0.3468614772663841
UAV_0037,telemetry_16,20,20,324,-701.1895713810627,1.4455603877092722,-3.4686147726639547,-0.10692722231520385
UAV_0037,telemetry_16,50,50,324,-699.6633808810907,2.0079116789034064,-3.4686147726639547,-0.09960295961839238
UAV_0037,telemetry_18,5,5,324,-102.98237359317741,0.008165300966424987,-0.0212120770304125,-0.005124305049841382
UAV_0037,telemetry_18,20,20,324,-102.9773004961791,0.019377972090798005,-0.022530063040633763,-0.0012866491572783056
UAV_0037,telemetry_18,50,50,324,-102.98210386636791,0.02164803000472317,-0.009065850071522163,0.0002422978468911797
UAV_0037,telemetry_19,5,5,324,33510.68706830618,0.41985073952724894,-0.18247301472729305,0.05427645470990683
UAV_0037,telemetry_19,20,20,324,33509.861687096934,0.9041910929629315,2.247238560812548,0.13488149196177016
UAV_0037,telemetry_19,50,50,324,33508.455578530644,1.4545979007207483,3.6149071104227914,0.09427755231597207
UAV_0037,telemetry_21,5,5,324,34968.266961049136,0.6498134090369947,1.7658451188763138,0.3973151517471706
UAV_0037,telemetry_21,20,20,324,34966.95729258597,1.1377464651449853,4.1203052773707896,0.1774696472850556
UAV_0037,telemetry_21,50,50,324,34965.36508890379,1.67465786891458,6.033304156146187,0.10679865196728731
UAV_0037,telemetry_22,5,5,324,23288.92003649813,73.29247131289304,-53.61086195169264,-10.867854080424513
UAV_0037,telemetry_22,20,20,324,23230.93872384385,62.165937564798625,56.524495753419615,5.989379559330446
UAV_0037,telemetry_22,50,50,324,23161.65251203889,86.52829175158399,161.26963092534788,4.660946638358951
UAV_0037,telemetry_23,5,5,324,-17493.802280148233,9.255191244849678,-18.619026006137574,-3.4665736185394054
UAV_0037,telemetry_23,20,20,324,-17478.847989185226,15.119523363472675,-42.48724197179763,-2.025449608463286
UAV_0037,telemetry_23,50,50,324,-17452.311763501246,26.792739253904035,-92.65012412707802,-1.7585550938785643
UAV_0037,telemetry_25,5,5,324,-174.3632988051824,0.18026419696575982,-0.2126846694023925,-0.030383524200343005
UAV_0037,telemetry_25,20,20,324,-173.99413898614824,0.4451798890269827,-1.3368750648150183,-0.05763731696049595
UAV_0037,telemetry_25,50,50,324,-173.44146268094406,0.6313608061960425,-1.7622444036197749,-0.038407984373300265
UAV_0037,telemetry_26,5,5,324,-7667.533670472854,4.8508571600891495,-9.329143097877932,-2.0093538980045196
UAV_0037,telemetry_26,20,20,324,-7643.33530852974,19.287834639781437,-58.701838877421324,-3.1642467775129557
UAV_0037,telemetry_26,50,50,324,-7605.734556086938,36.413726459448675,-118.6954052607025,-2.465691917721934
UAV_0037,telemetry_28,5,5,324,-9912.091838952068,30.396411241951498,-32.05536306237627,-12.756246336312689
UAV_0037,telemetry_28,20,20,324,-9877.532352861686,43.1848856281121,-109.15895956797613,-5.0048660085127965
UAV_0037,telemetry_28,50,50,324,-9834.60201046069,52.99788712111384,-123.14823117008018,-3.0338725379160936
UAV_0038,telemetry_07,5,5,201,140.72879336221067,0.04707604124451628,0.0,0.008594869902555046
UAV_0038,telemetry_07,20,20,201,140.69871131755173,0.03818371155947911,0.08594869902555047,0.00407125416436818
UAV_0038,telemetry_07,50,50,201,140.6823810647369,0.03206516319766111,0.08594869902555047,0.0012175205864363692
UAV_0038,telemetry_13,5,5,201,7141.17479738018,4.149235882996417,-2.839072669581583,0.38512840226248957
UAV_0038,telemetry_13,20,20,201,7141.684739932764,3.4362593396385472,-1.7141572011105382,0.11509969515071107
UAV_0038,telemetry_13,50,50,201,7138.690357734221,4.508947157773191,8.405123570996693,0.1884777678059261
UAV_0038,telemetry_15,5,5,201,50324.085246607705,20.912867148518107,31.763831684264005,10.70101902372844
UAV_0038,telemetry_15,20,20,201,50266.78699488987,49.70577040248629,166.15876224741078,7.928274647885361
UAV_0038,telemetry_15,50,50,201,50190.95100093703,75.7642863756754,240.85002471274493,4.9595988076170245
UAV_0038,telemetry_16,5,5,201,-702.5770172901282,1.9774146614635724,1.7343073863319205,0.5202922158995762
UAV_0038,telemetry_16,20,20,201,-700.8427099037963,2.1352342010855527,-1.7343073863319205,-0.16951876708507785
UAV_0038,telemetry_16,50,50,201,-698.5187380061116,2.7097544162854965,-8.671536931659716,-0.14815523842902967
UAV_0038,telemetry_18,5,5,201,-103.32769304247321,0.007018373663796386,-0.015806334134879307,-0.0035274357624430763
UAV_0038,telemetry_18,20,20,201,-103.31963478612006,0.029039058490241243,-0.09813914861346973,-0.001831470728397519
UAV_0038,telemetry_18,50,50,201,-103.31104119842108,0.03555848607948417,-0.005855935126945155,-0.0007019162393307175
UAV_0038,telemetry_19,5,5,201,33511.48344384045,0.2787834956155572,-0.4827889816078823,-0.08784491548067308
UAV_0038,telemetry_19,20,20,201,33510.21949256734,1.0679914712869307,2.2828088976821164,0.17046186534226812
UAV_0038,telemetry_19,50,50,201,33508.44479548715,1.732173007604962,5.458643373203813,0.11439869681055927
UAV_0038,telemetry_21,5,5,201,34968.38468405707,0.19186502909988215,0.4414612797118025,0.07357687995245214
UAV_0038,telemetry_21,20,20,201,34967.14123478586,1.1290736284069245,3.384536477838992,0.17581001841428137
UAV_0038,telemetry_21,50,50,201,34965.23559359507,1.8865969839072203,5.886150396239827,0.12327704659399599
UAV_0038,telemetry_22,5,5,201,23250.314388625302,56.656731188461585,46.909504207731516,-2.185225351291956
UAV_0038,telemetry_22,20,20,201,23207.702494275112,66.83278327380103,195.5048280955889,6.406051099997908
UAV_0038,telemetry_22,50,50,201,23143.65208241184,86.36557082981284,232.5079773774596,4.660890674204328
UAV_0038,telemetry_23,5,5,201,-17491.1933953881,6.575456429026631,-11.69762250165877,-3.1216048237343785
UAV_0038,telemetry_23,20,20,201,-17470.484712289348,21.365466809826604,-48.6423819993106,-3.1883972230864672
UAV_0038,telemetry_23,50,50,201,-17441.03136101707,30.48637240984225,-94.71680600673426,-1.9721526680336725
UAV_0038,telemetry_25,5,5,201,-174.1323840212598,0.2756373488392555,0.030383524200317424,0.03646022904040365
UAV_0038,telemetry_25,20,20,201,-173.9166609994374,0.5117000245479748,-1.0634233470119625,-0.05418775894978134
UAV_0038,telemetry_25,50,50,201,-173.14978084862076,0.7766908578045011,-2.1572302182242424,-0.04839333081397927
UAV_0038,telemetry_26,5,5,201,-7679.762024194996,6.505828467587345,-14.209002564462025,-3.4015490987650994
UAV_0038,telemetry_26,20,20,201,-7646.8014440038,25.526835573212413,-74.92019533988696,-4.251477740047728
UAV_0038,telemetry_26,50,50,201,-7602.8238634404,42.197595606298584,-139.3630453544638,-2.835239357306933
UAV_0038,telemetry_28,5,5,201,-9909.47630801523,25.37799148168417,-57.163347969591996,-7.882256135638454
UAV_0038,telemetry_28,20,20,201,-9872.265019076305,38.978164282583926,-123.156112413948,-4.196191398628862
UAV_0038,telemetry_28,50,50,201,-9822.78514039333,60.21444536868298,-205.49165718955555,-3.486550952463594
UAV_0039,telemetry_07,5,5,288,140.72879336221067,0.04707604124451628,0.08594869902555047,0.025784609707665142
UAV_0039,telemetry_07,20,20,288,140.6944138826005,0.035272601836038864,0.08594869902555047,0.003877384918445886
UAV_0039,telemetry_07,50,50,288,140.68410003871742,0.023554027438540123,0.08594869902555047,0.0007428939171476151
UAV_0039,telemetry_13,5,5,288,7144.300045146805,2.7505450446207202,-4.117245882622228,-0.9658478417632977
UAV_0039,telemetry_13,20,20,288,7142.753691880372,3.6227777317667655,-3.5752656479007783,0.26139234501975955
UAV_0039,telemetry_13,50,50,288,7139.429411187358,4.3697197942907025,4.6943105549680695,0.21334192626566756
UAV_0039,telemetry_15,5,5,288,50328.64936999535,18.258285439491296,6.352766336858622,3.7129760531912326
UAV_0039,telemetry_15,20,20,288,50282.60414952177,38.38394937182866,102.75445356503042,5.7001458487993855
UAV_0039,telemetry_15,50,50,288,50210.64457658129,69.1142710369136,226.23249440368818,4.593814401536247
UAV_0039,telemetry_16,5,5,288,-702.9238787673946,1.4510256638667076,-1.7343073863319205,-0.17343073863319206
UAV_0039,telemetry_16,20,20,288,-700.929425273113,2.338693448897054,-6.937229545327796,-0.29861382817294396
UAV_0039,telemetry_16,50,50,288,-699.3512055515508,2.292533261871856,-5.202922158995875,-0.09835375861983364
UAV_0039,telemetry_18,5,5,288,-103.32792706982518,0.005097986461104671,-0.010312877008246346,-0.001952859555913733
UAV_0039,telemetry_18,20,20,288,-103.32121062768606,0.02711236347793471,0.0045337687604956045,-0.0008802853228350868
UAV_0039,telemetry_18,50,50,288,-103.30264946425646,0.04023953945352629,-0.08661242218896348,-0.0014103171527539466
UAV_0039,telemetry_19,5,5,288,33511.756083136555,0.45290652519142865,0.17129672226292314,0.02174467237564386
UAV_0039,telemetry_19,20,20,288,33510.55293146417,1.0211096937565638,3.7428064545965753,0.1587964031064178
UAV_0039,telemetry_19,50,50,288,33508.97191183374,1.5751725650362818,6.029069597607304,0.1020950562210359
UAV_0039,telemetry_21,5,5,288,34968.708422328855,0.46534104756166195,-0.29430751981271897,-0.029430751981271895
UAV_0039,telemetry_21,20,20,288,34967.56798068958,1.0716944117080904,2.6487676782999188,0.1567796073584595
UAV_0039,telemetry_21,50,50,288,34965.79772095792,1.7533604863281076,4.856074076895311,0.1133348934037528
UAV_0039,telemetry_22,5,5,288,23224.70354750816,60.30843677951382,62.351763356866286,2.010407323189065
UAV_0039,telemetry_22,20,20,288,23229.321657083896,52.074527728077776,165.64008162793107,2.2851213673509667
UAV_0039,telemetry_22,50,50,288,23168.298510740617,82.5500010121091,277.2322562339068,4.120185998486359
UAV_0039,telemetry_23,5,5,288,-17495.585184311425,6.182918890700341,-12.494487698495504,-2.704008559088834
UAV_0039,telemetry_23,20,20,288,-17474.68538725237,16.1192017000004,-48.662147691473365,-2.4447306171850993
UAV_0039,telemetry_23,50,50,288,-17448.009212696747,26.865444427645528,-95.14400736052266,-1.7658491512370138
UAV_0039,telemetry_25,5,5,288,-174.43014255842314,0.2756373488392574,-0.39498581460443916,-0.02734517178030558
UAV_0039,telemetry_25,20,20,288,-173.95464040468784,0.4148301344861226,-0.9115057260102333,-0.05526146243655973
UAV_0039,telemetry_25,50,50,288,-173.38494932593144,0.6395728530247344,-1.7014773552191116,-0.039217725354389776
UAV_0039,telemetry_26,5,5,288,-7678.814757357364,4.560627232290799,-8.037415592017169,-1.7940659803610288
UAV_0039,telemetry_26,20,20,288,-7653.740891215837,20.502180757564858,-64.44285001457683,-3.3975562902673
UAV_0039,telemetry_26,50,50,288,-7615.221576991088,37.37324819912879,-126.58929557428928,-2.5225851313320304
UAV_0039,telemetry_28,5,5,288,-9893.90210352647,24.950848597153797,63.348056783555876,11.378306124667324
UAV_0039,telemetry_28,20,20,288,-9867.434236502813,29.54389504748475,-27.409483693232687,-2.7355029710267003
UAV_0039,telemetry_28,50,50,288,-9831.589167172951,41.73566044306765,-47.33018784304477,-2.073695603711899
UAV_0040,telemetry_07,5,5,188,140.5912754437698,0.0,0.0,0.0
UAV_0040,telemetry_07,20,20,188,140.59127544376983,2.9160058604848984e-14,0.0,0.0
UAV_0040,telemetry_07,50,50,188,140.59127544376977,2.8710262101646174e-14,0.0,0.0
UAV_0040,telemetry_13,5,5,188,7149.254189819066,6.090998086466923,4.952445991698369,1.471707277867972
UAV_0040,telemetry_13,20,20,188,7145.983290748018,4.523931832942734,5.798535469370108,0.2615178689792458
UAV_0040,telemetry_13,50,50,188,7144.075613560056,4.349946525223307,8.912941304235574,0.13027900866421038
UAV_0040,telemetry_15,5,5,188,49891.09796274382,7.352679178606482,11.410308469108713,2.6336225493563687
UAV_0040,telemetry_15,20,20,188,49913.96483768934,22.16717540041635,-49.588583833305165,-1.99060146732945
UAV_0040,telemetry_15,50,50,188,49935.75729331847,28.629306581393095,-19.49004041209264,-1.3558590302819509
UAV_0040,telemetry_16,5,5,188,-699.4552639947308,1.4510256638667622,-1.7343073863320342,-0.5202922158995988
UAV_0040,telemetry_16,20,20,188,-700.49584842653,1.5306649265876582,-1.7343073863320342,0.015647886192469054
UAV_0040,telemetry_16,50,50,188,-699.6980670288173,1.5033840066474016,-1.7343073863320342,-0.04122363295242844
UAV_0040,telemetry_18,5,5,188,-103.32710627788103,0.0061108015817670025,0.012670056081006464,0.0022575638325378123
UAV_0040,telemetry_18,20,20,188,-103.32757589372963,0.005014428826323637,0.011084588847282362,0.00010222247818921572
UAV_0040,telemetry_18,50,50,188,-103.32817550757807,0.004804739356467598,0.01139724232356798,2.2864524725220536e-05
UAV_0040,telemetry_19,5,5,188,33507.73174631437,0.4527749879804719,1.0146250564794173,0.24822519074368757
UAV_0040,telemetry_19,20,20,188,33507.50689902982,0.40295009685046723,1.5503347016128828,0.030936101856464223
UAV_0040,telemetry_19,50,50,188,33506.92394926326,0.6978289868734603,1.3053526894946117,0.03238469008961259
UAV_0040,telemetry_21,5,5,188,34964.94128607526,0.49466431882051826,0.7357687995317974,0.14715375990635948
UAV_0040,telemetry_21,20,20,188,34964.36738641163,0.6067304953002369,1.6186913589626784,0.07324495417887827
UAV_0040,telemetry_21,50,50,188,34963.740511394426,0.725522827829641,2.6487676783071947,0.03759222101805047
UAV_0040,telemetry_22,5,5,188,23242.418441022637,54.64195693221464,109.98967601502954,21.86682168192856
UAV_0040,telemetry_22,20,20,188,23207.454835401968,56.16697454785116,108.67854080425604,1.9911291446509345
UAV_0040,telemetry_22,50,50,188,23169.82525485272,62.755431557725366,124.12079995338354,2.5420947744878215
UAV_0040,telemetry_23,5,5,188,-17350.673402962704,12.53896084713865,28.656798285639525,3.9103385136877478
UAV_0040,telemetry_23,20,20,188,-17355.130204207042,8.679307485364834,22.46221467678697,0.8175385720586424
UAV_0040,telemetry_23,50,50,188,-17361.30023210773,9.904085817108388,17.51783303339107,0.41244420544543264
UAV_0040,telemetry_25,5,5,188,-174.67928745686592,0.3786377182768812,-0.27345171780305577,-0.1306491540614644
UAV_0040,telemetry_25,20,20,188,-174.240245532171,0.3721565590384769,-0.5772869598064574,-0.037945138117869585
UAV_0040,telemetry_25,50,50,188,-173.82733343828838,0.45964927423780744,-1.5799432584177282,-0.026010922902457743
UAV_0040,telemetry_26,5,5,188,-7440.993371000675,4.604455571519056,8.037415592017169,1.8945336752613002
UAV_0040,telemetry_26,20,20,188,-7444.172455917874,5.442274206765219,16.505407019321865,0.5008276820966231
UAV_0040,telemetry_26,50,50,188,-7449.66229781778,6.630120967485131,17.797134525183537,0.36761768794226163
UAV_0040,telemetry_28,5,5,188,-9939.249872560129,23.759497934190886,-34.917969856122,-9.54710315334978
UAV_0040,telemetry_28,20,20,188,-9917.660823321748,26.54521897921513,-77.47027511556917,-2.7151956253074014
UAV_0040,telemetry_28,50,50,188,-9885.126490943476,42.745814382581386,-141.06841466032165,-2.1670010891171154
UAV_0041,telemetry_07,5,5,295,140.71160362240556,0.04707604124451628,0.08594869902555047,0.008594869902555046
UAV_0041,telemetry_07,20,20,295,140.6858190126979,0.026454451377029148,0.08594869902555047,0.002067938623171139
UAV_0041,telemetry_07,50,50,295,140.68066209075639,0.01701343012076561,0.08594869902555047,0.00037970133543100326
UAV_0041,telemetry_13,5,5,295,7142.40775899095,2.6861311605497167,4.1128527376458806,0.8205701547163698
UAV_0041,telemetry_13,20,20,295,7141.812791806215,3.3653024781088363,8.233785034053653,0.3166754796091871
UAV_0041,telemetry_13,50,50,295,7140.376478310281,3.5633013377992118,8.02000868205414,0.10586790052444413
UAV_0041,telemetry_15,5,5,295,50332.43635886022,33.01445356414189,75.2463585530204,11.854385339254076
UAV_0041,telemetry_15,20,20,295,50289.39790886162,38.63398539491122,109.66231598956801,5.407943639232985
UAV_0041,telemetry_15,50,50,295,50226.98167121531,62.524180600629094,194.22195334709977,4.030084966667893
UAV_0041,telemetry_16,5,5,295,-702.5770172901282,0.9499192771418197,0.0,0.0
UAV_0041,telemetry_16,20,20,295,-701.1028560117462,1.7682058506939675,-3.468614772663841,-0.14735092831241317
UAV_0041,telemetry_16,50,50,295,-699.4899501424575,2.2074129243670364,-5.202922158995875,-0.11234480980368823
UAV_0041,telemetry_18,5,5,295,-103.15473023144943,0.004338066222926295,0.0026052608044295766,0.0009704029422266558
UAV_0041,telemetry_18,20,20,295,-103.15405191353997,0.0043277211698751995,0.0011334984167774564,-0.0001838519708821403
UAV_0041,telemetry_18,50,50,295,-103.1522366866961,0.014142072705240897,-0.007884909936009876,-0.00013837088976949863
UAV_0041,telemetry_19,5,5,295,33511.16475047996,0.5309575166967858,0.8882527525129262,0.14780347626146978
UAV_0041,telemetry_19,20,20,295,33510.338103226924,0.7468495180592446,1.6255702060589101,0.09601986804768955
UAV_0041,telemetry_19,50,50,295,33508.90219988706,1.403459751310142,4.7907026511165895,0.09070474447173864
UAV_0041,telemetry_21,5,5,295,34967.79606901744,0.38089806335290954,0.7357687995317974,0.19129988787899493
UAV_0041,telemetry_21,20,20,295,34967.10444634588,0.7637385344157662,1.6186913589699543,0.09448820372920438
UAV_0041,telemetry_21,50,50,295,34965.76240405554,1.3615646596564592,4.267459037284425,0.08841944766881403
UAV_0041,telemetry_22,5,5,295,23307.50902015312,98.63406772607044,-49.96881969953756,7.254948166290705
UAV_0041,telemetry_22,20,20,295,23239.869011446128,77.22519573935911,16.462030979735573,6.115564000668355
UAV_0041,telemetry_22,50,50,295,23167.62546133242,81.78406427137037,118.43921404002685,3.750661680819125
UAV_0041,telemetry_23,5,5,295,-17491.721158693323,5.21593441179779,-11.494285705415678,-2.1517050824051696
UAV_0041,telemetry_23,20,20,295,-17478.77600344927,11.710960903131486,-31.72525426404536,-1.6343750863023927
UAV_0041,telemetry_23,50,50,295,-17455.742981027797,23.94280245175397,-68.66084219660479,-1.551214241842221
UAV_0041,telemetry_25,5,5,295,-174.50306301650397,0.17768517711074894,-0.3038352420034016,-0.08203551534091957
UAV_0041,telemetry_25,20,20,295,-174.09288543979935,0.3664764546251795,-0.6684375324074949,-0.04185159122934207
UAV_0041,telemetry_25,50,50,295,-173.53808228790115,0.5799718285039377,-1.5495597342173824,-0.03364145503056264
UAV_0041,telemetry_26,5,5,295,-7672.93022094178,3.2163755511836025,-4.592808909724226,-1.2199648666454777
UAV_0041,telemetry_26,20,20,295,-7653.891592758187,16.4159605736441,-46.50219021096564,-2.6619083030118036
UAV_0041,telemetry_26,50,50,295,-7618.6604426622425,33.39726530264288,-102.47704879823596,-2.2574786074402615
UAV_0041,telemetry_28,5,5,295,-9890.21912189724,12.687665934364508,-1.8202065701025276,3.046235860275556
UAV_0041,telemetry_28,20,20,295,-9877.110931481284,27.860723374366664,-46.342452393429994,-1.7285859791351164
UAV_0041,telemetry_28,50,50,295,-9842.523194599042,48.463177112907935,-140.31016609835206,-2.4467838981962617
UAV_0042,telemetry_07,5,5,193,140.6944138826005,0.03843742671976015,0.08594869902555047,0.017189739805110092
UAV_0042,telemetry_07,20,20,193,140.68152157774662,0.019218713359880076,0.08594869902555047,0.0012278385575078639
UAV_0042,telemetry_07,50,50,193,140.64284466318514,0.045941512084651595,0.17189739805110094,0.0026661637248742184
UAV_0042,telemetry_13,5,5,193,7144.912441411971,3.3694033635760974,3.9613136699927054,1.2210267868720621
UAV_0042,telemetry_13,20,20,193,7140.855372826067,4.019314746218405,12.098070720939177,0.3986514748845646
UAV_0042,telemetry_13,50,50,193,7136.232605444148,5.222383711472627,21.19705306724154,0.3034124377991724
UAV_0042,telemetry_15,5,5,193,50310.50389566231,15.692430052656892,14.309143593694898,5.402935253480246
UAV_0042,telemetry_15,20,20,193,50237.234295954884,56.27640286565564,135.81350945390295,9.196741087859014
UAV_0042,telemetry_15,50,50,193,50146.84676645008,87.85340881642756,292.3506061814187,5.844903395260022
UAV_0042,telemetry_16,5,5,193,-701.1895713810627,2.2612601768671943,-3.468614772663841,-1.0405844317991637
UAV_0042,telemetry_16,20,20,193,-699.8888408413138,2.14078748536936,-6.937229545327796,-0.1734307386331947
UAV_0042,telemetry_16,50,50,193,-697.3047228356792,2.913872359672468,-8.671536931659716,-0.1622295696794543
UAV_0042,telemetry_18,5,5,193,-103.03512460336663,0.05213331429569355,-0.007549803671679456,-0.001310667827051759
UAV_0042,telemetry_18,20,20,193,-103.0061780932464,0.041873230471010776,-0.10590230193686523,-0.0028211873025395734
UAV_0042,telemetry_18,50,50,193,-102.99125513221733,0.03357072088645134,-0.10096059451824146,-0.000992940262236289
UAV_0042,telemetry_19,5,5,193,33510.724148450325,0.5313540490590694,0.2961101052860613,0.18965954478553612
UAV_0042,telemetry_19,20,20,193,33509.11103998496,1.175376116451785,3.849356848259049,0.18447345446103627
UAV_0042,telemetry_19,50,50,193,33507.03217937355,1.9783852168591962,6.283658705964626,0.13078819525643337
UAV_0042,telemetry_21,5,5,193,34967.32517698574,0.5941076784461432,0.8829225594454329,0.2501613918422663
UAV_0042,telemetry_21,20,20,193,34965.86099707468,1.27865213346904,3.5316902377453516,0.1952829971684187
UAV_0042,telemetry_21,50,50,193,34963.68459296566,2.068717374725365,7.210534235397063,0.13502814876558691
UAV_0042,telemetry_22,5,5,193,23255.238429750218,102.85821657673641,262.37272384511743,51.20711406527444
UAV_0042,telemetry_22,20,20,193,23201.21237498178,73.09074161189105,243.87114920417662,7.136102577008421
UAV_0042,telemetry_22,50,50,193,23107.69492766479,102.54344958545389,366.2437688765276,5.543760191482546
UAV_0042,telemetry_23,5,5,193,-17487.305022495315,6.801507429991654,-7.4736976676977065,-1.4115984770865908
UAV_0042,telemetry_23,20,20,193,-17461.985295132992,18.945949851164468,-58.199625583536545,-2.8813780075904836
UAV_0042,telemetry_23,50,50,193,-17426.322406757383,33.70316263079242,-104.58584226665334,-2.1868380359141457
UAV_0042,telemetry_25,5,5,193,-174.2053044793406,0.38009776630930653,-0.6684375324074949,-0.07292045808081582
UAV_0042,telemetry_25,20,20,193,-173.69030374414484,0.4824720565011429,-1.6710938310187657,-0.0664097028950314
UAV_0042,telemetry_25,50,50,193,-172.82285412822512,0.859534765925709,-2.673750129630008,-0.05429641551575944
UAV_0042,telemetry_26,5,5,193,-7660.185176217294,17.782254919297504,-44.77988686981553,-10.104179601394298
UAV_0042,telemetry_26,20,20,193,-7620.751605968953,30.09121359549157,-111.51914133925584,-4.966298374869522
UAV_0042,telemetry_26,50,50,193,-7567.473587363361,50.614219411979256,-182.5641541615605,-3.386879540295045
UAV_0042,telemetry_28,5,5,193,-9883.40012034701,28.601811212565895,-60.631315834612906,-16.01901560481456
UAV_0042,telemetry_28,20,20,193,-9853.722798492152,37.98700975067894,-84.16577185981441,-4.2431608937885485
UAV_0042,telemetry_28,50,50,193,-9797.824591802872,58.98257069939182,-180.63538984880324,-3.693262191311748
UAV_0043,telemetry_07,5,5,321,140.7631728418209,0.0,0.0,0.0
UAV_0043,telemetry_07,20,20,321,140.70300875250302,0.040409841967921606,0.08594869902555047,0.005040600393979651
UAV_0043,telemetry_07,50,50,321,140.68753798667842,0.028213582053755237,0.08594869902555047,0.0010648146145782484
UAV_0043,telemetry_13,5,5,321,7144.301297491365,3.2468871872776734,5.834602294177785,0.8366918971526502
UAV_0043,telemetry_13,20,20,321,7140.793532070822,3.4674411896616464,7.37483604085628,0.26694620019917426
UAV_0043,telemetry_13,50,50,321,7138.807586021145,3.7465020439789147,11.791366791274413,0.14265449600815755
UAV_0043,telemetry_15,5,5,321,50316.89366840501,14.406948096803454,-5.612638219943619,0.9436633490644454
UAV_0043,telemetry_15,20,20,321,50277.898168245054,38.08702047463152,133.7164797893056,5.695879446120446
UAV_0043,telemetry_15,50,50,321,50216.78887349854,61.63849571579848,196.9974337855383,4.064455462053234
UAV_0043,telemetry_16,5,5,321,-700.49584842653,1.55121168388731,-3.4686147726639547,-0.867153693165983
UAV_0043,telemetry_16,20,20,321,-700.8427099037964,1.3075585684997173,0.0,0.010431924128313244
UAV_0043,telemetry_16,50,50,321,-699.2818332560978,2.166999201552115,-5.202922158995875,-0.10268432208150331
UAV_0043,telemetry_18,5,5,321,-103.29225378563027,0.042233693671651786,-0.0726053448067745,-0.02267878902971745
UAV_0043,telemetry_18,20,20,321,-103.28411202572647,0.04458492789942414,-0.07786481774959952,-0.0022138029171011714
UAV_0043,telemetry_18,50,50,321,-103.26433103831083,0.039527720346944295,-0.07730253209649618,-0.0009545825184983926
UAV_0043,telemetry_19,5,5,321,33511.31073509737,0.6980166836534286,1.6897638183436356,0.32260648976225637
UAV_0043,telemetry_19,20,20,321,33510.35939016055,0.9554836933861759,3.132758385159832,0.14792663794518227
UAV_0043,telemetry_19,50,50,321,33509.096664128054,1.4142198040151668,5.336106677685166,0.08994091378429867
UAV_0043,telemetry_21,5,5,321,34968.00208428131,0.35132478650381893,0.7357687995390734,0.19129988787899493
UAV_0043,telemetry_21,20,20,321,34967.22216935381,0.6544446934404119,1.4715375990708708,0.09316050063221189
UAV_0043,telemetry_21,50,50,321,34965.8271517099,1.3769275202479951,5.150381596715306,0.09068063389541675
UAV_0043,telemetry_22,5,5,321,23256.695246651077,30.068114995689758,-42.53905350514833,-8.478674363012397
UAV_0043,telemetry_22,20,20,321,23236.576605250186,41.31641901448435,59.001084484880266,1.981270985171251
UAV_0043,telemetry_22,50,50,321,23168.633578627814,74.137686638524,128.92829572622577,4.080682300819273
UAV_0043,telemetry_23,5,5,321,-17493.93393271212,11.047287115938515,-28.176347542077565,-5.099371936879106
UAV_0043,telemetry_23,20,20,321,-17472.853902645045,16.961794244493245,-46.075061832270876,-2.246001592852283
UAV_0043,telemetry_23,50,50,321,-17450.30249329486,22.9720555757224,-85.8610928852795,-1.46371069627181
UAV_0043,telemetry_25,5,5,321,-174.3632988051824,0.14946717611752733,-0.030383524200317424,-0.0060767048400634845
UAV_0043,telemetry_25,20,20,321,-173.92881440911748,0.4697592591640974,-1.1241903954125974,-0.0612696330115154
UAV_0043,telemetry_25,50,50,321,-173.352742790279,0.6282317612328514,-1.488792685816719,-0.03655506356972615
UAV_0043,telemetry_26,5,5,321,-7673.389501832751,10.92895754495885,-22.533468713337243,-4.86550693873969
UAV_0043,telemetry_26,20,20,321,-7650.8345043276495,18.718091814094716,-57.6971619284177,-2.977663915555409
UAV_0043,telemetry_26,50,50,321,-7617.271117967053,32.734553077348444,-105.20402908838423,-2.1913156939748313
UAV_0043,telemetry_28,5,5,321,-9888.96474002125,18.984742605903463,-0.4275882648471452,2.769560121262657
UAV_0043,telemetry_28,20,20,321,-9875.852055980176,27.777413947280547,-47.125695173417625,-2.084878225202725
UAV_0043,telemetry_28,50,50,321,-9839.082523427149,44.11475809773616,-113.74704696963454,-2.2376567271231216
UAV_0044,telemetry_07,5,5,180,140.5912754437698,0.0,0.0,0.0
UAV_0044,telemetry_07,20,20,180,140.59127544376983,2.9160058604848984e-14,0.0,0.0
UAV_0044,telemetry_07,50,50,180,140.59127544376977,2.8710262101646174e-14,0.0,0.0
UAV_0044,telemetry_13,5,5,180,7147.230447738933,4.24933612432485,10.4180983774786,2.6260439080169817
UAV_0044,telemetry_13,20,20,180,7146.3866050759825,3.7062494093929153,8.45469252391922,0.1973636532561299
UAV_0044,telemetry_13,50,50,180,7143.932155527045,4.0938145602743985,12.546991405747576,0.15070167543594726
UAV_0044,telemetry_15,5,5,180,49891.5667105512,24.67708877854616,-38.363307393439754,-10.768864101115469
UAV_0044,telemetry_15,20,20,180,49902.13203942016,22.519552049365135,-48.046650256401335,-1.706561071583499
UAV_0044,telemetry_15,50,50,180,49923.40578859402,27.28347747055647,-89.24711543132435,-1.2807237353718426
UAV_0044,telemetry_16,5,5,180,-700.8427099037964,0.9499192771418197,0.0,-0.17343073863319206
UAV_0044,telemetry_16,20,20,180,-700.7559945344798,1.0489183317384863,0.0,-0.04563966806136633
UAV_0044,telemetry_16,50,50,180,-699.732753176544,1.6419472454409445,-3.4686147726639547,-0.06762341405529715
UAV_0044,telemetry_18,5,5,180,-103.32493842083382,0.0021354614696813047,-0.005021176001818617,-0.001022625256491949
UAV_0044,telemetry_18,20,20,180,-103.32663473036618,0.0062717240046470555,-0.00018654962195796543,0.00021323277258403765
UAV_0044,telemetry_18,50,50,180,-103.3276979378125,0.005713148788070869,-0.012510223857404412,3.7616201240890495e-05
UAV_0044,telemetry_19,5,5,180,33508.09727711455,0.5966967035641711,0.8494077107898192,0.27126471998853957
UAV_0044,telemetry_19,20,20,180,33507.63177846683,0.5915393119952286,1.5817753484880086,0.0698319825801243
UAV_0044,telemetry_19,50,50,180,33507.20086007215,0.6458941000743125,2.4786894728822517,0.02954366764895058
UAV_0044,telemetry_21,5,5,180,34964.76470156338,0.4924706746683311,1.0300763193372404,0.23544601584799238
UAV_0044,telemetry_21,20,20,180,34964.29380953168,0.666694490566274,1.6186913589699543,0.07545779267380376
UAV_0044,telemetry_21,50,50,180,34963.80525904879,0.7162538802086853,3.2373827179253567,0.03798792860766467
UAV_0044,telemetry_22,5,5,180,23180.32890470793,26.117196470677037,8.303856334907323,-1.3402715487933166
UAV_0044,telemetry_22,20,20,180,23199.49333103876,55.6743958702179,-18.21021126076812,1.5533173286551798
UAV_0044,telemetry_22,50,50,180,23177.348257328766,58.10252568348961,-15.150895768954797,1.2440901534985536
UAV_0044,telemetry_23,5,5,180,-17350.504457945954,3.234442866024321,3.7567181795748184,-0.07866168748114433
UAV_0044,telemetry_23,20,20,180,-17353.295167104166,5.118370755917606,4.345199292227335,0.30451336115082744
UAV_0044,telemetry_23,50,50,180,-17358.90869473717,8.46534898154972,25.65894442208446,0.3298501622241609
UAV_0044,telemetry_25,5,5,180,-174.54559995038443,0.09938710383299368,-0.030383524200345846,0.0030383524200345846
UAV_0044,telemetry_25,20,20,180,-174.26303317532125,0.3273741713906343,-0.7595881050085325,-0.040069700336389645
UAV_0044,telemetry_25,50,50,180,-173.885669804753,0.4740592879267059,-1.1849574438133175,-0.025211394870679225
UAV_0044,telemetry_26,5,5,180,-7440.706320443818,2.3787988931518442,-2.152879176433089,0.07176263921455757
UAV_0044,telemetry_26,20,20,180,-7443.734703818666,4.851136531663661,12.056123388028027,0.37834558358773096
UAV_0044,telemetry_26,50,50,180,-7448.65475036321,6.3191777137215706,13.34785089388697,0.30544522519521566
UAV_0044,telemetry_28,5,5,180,-9915.936650209784,19.98118911989853,-24.86352723911841,-9.618372325739074
UAV_0044,telemetry_28,20,20,180,-9920.920623150738,30.172786986129754,-42.68202659369672,-1.2903998378025927
UAV_0044,telemetry_28,50,50,180,-9896.555358806596,34.80499261095721,-51.7742764001614,-1.6211610705614357
UAV_0045,telemetry_07,5,5,205,140.71160362240556,0.04707604124451628,0.08594869902555047,0.017189739805110092
UAV_0045,telemetry_07,20,20,205,140.6858190126979,0.026454451377029148,0.08594869902555047,0.0021971847871193355
UAV_0045,telemetry_07,50,50,205,140.66003440299025,0.042533575301914026,0.17189739805110094,0.0021956642440140624
UAV_0045,telemetry_13,5,5,205,7145.1372712975035,2.9887562772145553,4.551822199723574,1.0533918542678293
UAV_0045,telemetry_13,20,20,205,7141.121122164484,4.740938260795276,14.529406130700409,0.5247283112247126
UAV_0045,telemetry_13,50,50,205,7137.220642033699,4.963007056005895,16.937244792866295,0.23202105166985965
UAV_0045,telemetry_15,5,5,205,50307.83943444142,30.22760586941096,78.26854836376151,18.657396280565443
UAV_0045,telemetry_15,20,20,205,50251.17029162296,49.64713789395222,130.69428997857176,7.387368986501077
UAV_0045,telemetry_15,50,50,205,50175.083887657245,75.58263173151065,283.03732737690734,4.956598608407595
UAV_0045,telemetry_16,5,5,205,-702.9238787673946,0.7756058419436329,0.0,-0.17343073863319206
UAV_0045,telemetry_16,20,20,205,-700.4091330572134,2.3386934488970605,-6.937229545327796,-0.31426171436541467
UAV_0045,telemetry_16,50,50,205,-698.0678180856653,2.8030640309422594,-8.671536931659716,-0.16672669327426454
UAV_0045,telemetry_18,5,5,205,-103.17346463939732,0.03970556320269469,0.0010499939069887887,0.008425050765168862
UAV_0045,telemetry_18,20,20,205,-103.1592359663309,0.020814917411941074,0.009132350835358238,-0.0008837978372517534
UAV_0045,telemetry_18,50,50,205,-103.13317874137341,0.04392597334118791,-0.08368811348756822,-0.0018615037290907075
UAV_0045,telemetry_19,5,5,205,33511.03791058585,0.40475752495939826,0.971423699746083,0.2120722548897902
UAV_0045,telemetry_19,20,20,205,33509.4890997963,1.1814932371830587,3.4706805799651193,0.18060382957802976
UAV_0045,telemetry_19,50,50,205,33507.6560192876,1.8119028855573485,6.184639795261319,0.11694528793286758
UAV_0045,telemetry_21,5,5,205,34967.91379202536,0.8232723543299125,1.9129988787753973,0.2795921438206278
UAV_0045,telemetry_21,20,20,205,34966.2803852904,1.2699095308031314,3.8259977575580706,0.19959803223336392
UAV_0045,telemetry_21,50,50,205,34964.35267103564,1.911034279779578,6.916226715577068,0.12418152108465973
UAV_0045,telemetry_22,5,5,205,23260.6286522834,72.92679024118505,98.62650418831254,23.469320272875848
UAV_0045,telemetry_22,20,20,205,23211.03132089358,63.79618989659389,233.38206751798134,7.238189295173878
UAV_0045,telemetry_22,50,50,205,23135.29869430231,89.29671015263061,282.3311153869181,4.877422984083586
UAV_0045,telemetry_23,5,5,205,-17488.474897599008,15.399221689691203,-17.432933319036238,-6.049964926965549
UAV_0045,telemetry_23,20,20,205,-17464.024553252963,22.38576745355809,-69.91685167403193,-3.4794696781769225
UAV_0045,telemetry_23,50,50,205,-17433.390550447584,32.09168679235954,-102.05296494138383,-2.0964537439563937
UAV_0045,telemetry_25,5,5,205,-174.3876056245427,0.18103073846880469,-0.33421876620374746,-0.0668437532407495
UAV_0045,telemetry_25,20,20,205,-173.7586666735956,0.5751451986610235,-1.8230114520204665,-0.08717558522443743
UAV_0045,telemetry_25,50,50,205,-172.94195754309044,0.8443833405424894,-2.612983081229345,-0.05291037239497576
UAV_0045,telemetry_26,5,5,205,-7671.43755804612,12.174040519353388,-29.13563152106599,-6.673925446943758
UAV_0045,telemetry_26,20,20,205,-7632.212099451501,30.050841090506278,-91.42560235920973,-4.999427894025684
UAV_0045,telemetry_26,50,50,205,-7584.558836507536,46.61049672733305,-167.9245757618146,-3.1252465693602134
UAV_0045,telemetry_28,5,5,205,-9924.693534757937,36.965752277075836,-89.59255349026353,-14.942844262392281
UAV_0045,telemetry_28,20,20,205,-9873.406661112174,43.45183576460154,-169.78371747184065,-5.701656169738043
UAV_0045,telemetry_28,50,50,205,-9811.331498855185,63.0374649189893,-221.79859738032792,-3.818321229075972
UAV_0046,telemetry_07,5,5,204,140.74598310201583,0.03843742671976015,0.08594869902555047,0.017189739805110092
UAV_0046,telemetry_07,20,20,204,140.6944138826005,0.035272601836038864,0.08594869902555047,0.004135877246342278
UAV_0046,telemetry_07,50,50,204,140.66691029891228,0.04474456649635097,0.17189739805110094,0.0023607517811579768
UAV_0046,telemetry_13,5,5,204,7140.484816963761,3.2941686634803653,3.787576584794806,1.248505090395065
UAV_0046,telemetry_13,20,20,204,7139.436458619859,3.772233324404761,10.363182080373008,0.374356474228667
UAV_0046,telemetry_13,50,50,204,7136.571788219057,4.61789497585862,12.552559761636076,0.21516331247012682
UAV_0046,telemetry_15,5,5,204,50310.010476917705,39.00625075343048,84.12789595600043,10.195264810502703
UAV_0046,telemetry_15,20,20,204,50246.92072268501,51.5598897478118,175.16365433654573,8.128702825912134
UAV_0046,telemetry_15,50,50,204,50162.79035963528,82.3728628779295,313.25922548426024,5.3961796222882175
UAV_0046,telemetry_16,5,5,204,-701.1895713810627,0.7756058419436328,0.0,0.17343073863319206
UAV_0046,telemetry_16,20,20,204,-699.8888408413138,1.9873966262640106,-1.7343073863319205,-0.18907862482566537
UAV_0046,telemetry_16,50,50,204,-697.7209566083989,2.8030640309422603,-6.937229545327796,-0.14324171450136625
UAV_0046,telemetry_18,5,5,204,-103.24218102567488,0.0013709803117082178,0.0007112119110388448,-4.8257895882386494e-05
UAV_0046,telemetry_18,20,20,204,-103.2503894334347,0.030085491352894844,-0.0035098089641110164,-0.0005098158054665592
UAV_0046,telemetry_18,50,50,204,-103.24103170033273,0.02719162714471341,-0.0920582909554497,-0.0006318899008300824
UAV_0046,telemetry_19,5,5,204,33510.85677932396,0.46153057179851426,0.38262345068505965,-0.010578779607021716
UAV_0046,telemetry_19,20,20,204,33509.711025491044,1.0255318130407343,3.3857495932024904,0.1542263063923167
UAV_0046,telemetry_19,50,50,204,33507.84622235634,1.8279314088705287,6.284828145464417,0.119700333051303
UAV_0046,telemetry_21,5,5,204,34968.178668793196,0.3975875653220862,0.5886150396254379,0.10300763193517923
UAV_0046,telemetry_21,20,20,204,34966.61883893819,1.2036535603595155,3.5316902377380757,0.1900828267053764
UAV_0046,telemetry_21,50,50,204,34964.60577550267,1.9813445232715579,6.621919195764349,0.13133252252643868
UAV_0046,telemetry_22,5,5,204,23220.682732861787,51.10475481934197,1.1654535206907894,14.655578022665214
UAV_0046,telemetry_22,20,20,204,23179.054189919676,72.30026579866232,78.95947602668093,7.989819187934101
UAV_0046,telemetry_22,50,50,204,23116.75050152054,88.18596637181976,293.6942872136351,4.295871470986862
UAV_0046,telemetry_23,5,5,204,-17488.870734490047,10.786877549840197,-25.64480013231514,-5.385220269967976
UAV_0046,telemetry_23,20,20,204,-17465.346307619555,18.277793424609015,-66.42858207013705,-2.7701337725612816
UAV_0046,telemetry_23,50,50,204,-17433.49253996649,30.90288034821102,-113.32093850383171,-2.0295321398661654
UAV_0046,telemetry_25,5,5,204,-174.44837267294338,0.4647785483677705,-0.5772869598064858,-0.07292045808081866
UAV_0046,telemetry_25,20,20,204,-173.91969935185742,0.5184821768131408,-1.3976421132156815,-0.0694023658049907
UAV_0046,telemetry_25,50,50,204,-173.06227629892382,0.8702658557789115,-3.463721758838858,-0.05532354641789821
UAV_0046,telemetry_26,5,5,204,-7668.2800019206825,5.0697142988888535,-9.61619365473598,-2.282051927019438
UAV_0046,telemetry_26,20,20,204,-7638.433920271394,23.96925411388137,-66.7392544694394,-3.985578276853089
UAV_0046,telemetry_26,50,50,204,-7589.659724902899,45.782084495056544,-155.00730070321424,-3.0811448523534195
UAV_0046,telemetry_28,5,5,204,-9906.219294386216,23.335753374180214,-2.0592120690889715,-3.2408663256070214
UAV_0046,telemetry_28,20,20,204,-9862.542999753521,36.386065880333966,-143.22290988852,-4.378479197792148
UAV_0046,telemetry_28,50,50,204,-9805.198168953308,59.76468051332405,-153.04689471627535,-3.6269738696152736
UAV_0047,telemetry_07,5,5,269,140.5912754437698,0.0,0.0,0.0
UAV_0047,telemetry_07,20,20,269,140.59127544376983,2.9160058604848984e-14,0.0,0.0
UAV_0047,telemetry_07,50,50,269,140.59127544376977,2.8710262101646174e-14,0.0,0.0
UAV_0047,telemetry_13,5,5,269,7152.15878805932,7.062493457343955,14.118608068936737,2.765111992983839
UAV_0047,telemetry_13,20,20,269,7146.934372027948,5.342090615190309,22.52383611373807,0.49688736025591357
UAV_0047,telemetry_13,50,50,269,7143.65407725238,5.134718749138209,20.59766198192483,0.21829699974834166
UAV_0047,telemetry_15,5,5,269,50441.0501600175,21.062320500294017,12.21211392909754,5.1562258811740325
UAV_0047,telemetry_15,20,20,269,50402.511072196314,36.97983650194214,103.741291054248,5.606192241977725
UAV_0047,telemetry_15,50,50,269,50329.48818186119,72.94763525391782,234.68229040512233,4.856383662060782
UAV_0047,telemetry_16,5,5,269,-703.9644631991938,1.9774146614635724,3.468614772663841,1.0405844317991524
UAV_0047,telemetry_16,20,20,269,-702.5770172901283,1.8146001429042955,-1.7343073863319205,-0.16691078605299686
UAV_0047,telemetry_16,50,50,269,-700.6692791651632,2.3828620469348905,-5.202922158995875,-0.12483681978927232
UAV_0047,telemetry_18,5,5,269,-103.32612640083434,0.005367686491859197,-0.004631515446504864,0.00020801013914990564
UAV_0047,telemetry_18,20,20,269,-103.32677294754637,0.004582590715533194,-0.003998801937243002,0.00022114495584245683
UAV_0047,telemetry_18,50,50,269,-103.32678206090189,0.005403976534158225,-0.015999181057679834,-6.241975961304343e-06
UAV_0047,telemetry_19,5,5,269,33506.37919800651,0.5236052915164627,1.0144522744813003,0.18682649784896058
UAV_0047,telemetry_19,20,20,269,33506.08523139004,0.5518523919477248,0.8831500595188118,0.047717371270933874
UAV_0047,telemetry_19,50,50,269,33505.5321341561,0.6854172505841037,2.1693430053564953,0.032961886383477856
UAV_0047,telemetry_21,5,5,269,34963.11657945243,0.3451061572879283,0.14715375990635948,0.10300763193372404
UAV_0047,telemetry_21,20,20,269,34962.92527956455,0.5054897653188877,1.1772300792436,0.034962848218161605
UAV_0047,telemetry_21,50,50,269,34962.39846910409,0.6612001413468886,0.7357687995317974,0.03634856859330364
UAV_0047,telemetry_22,5,5,269,23273.740004391155,69.92429754683786,136.503743610705,27.359021398175535
UAV_0047,telemetry_22,20,20,269,23240.86693102322,65.90696868581423,48.366321108591364,1.4893488271435555
UAV_0047,telemetry_22,50,50,269,23182.534525495834,75.43996544523846,301.2697350981143,3.5733042791983087
UAV_0047,telemetry_23,5,5,269,-17536.297927633852,8.69036981048229,-5.919418182067602,-2.8052624184347223
UAV_0047,telemetry_23,20,20,269,-17519.613426245684,17.574093031054154,-48.49023566850519,-2.652799437721038
UAV_0047,telemetry_23,50,50,269,-17493.577239570575,27.177466063682047,-93.3611525101478,-1.769563014022902
UAV_0047,telemetry_25,5,5,269,-174.31468516646186,0.37125135749911375,0.24306819360273835,-0.006076704840066327
UAV_0047,telemetry_25,20,20,269,-174.01996498171854,0.31093245742516185,-0.4557528630051024,-0.030749040280946553
UAV_0047,telemetry_25,50,50,269,-173.55509706145335,0.526186471670231,-1.3672585890153641,-0.02936952423303078
UAV_0047,telemetry_26,5,5,269,-7446.131575968431,4.789316175384517,6.315112250870698,0.15787780627160827
UAV_0047,telemetry_26,20,20,269,-7449.777118040525,4.883723787673007,17.940659803612107,0.5479859878661285
UAV_0047,telemetry_26,50,50,269,-7456.120935347081,6.970383491930481,26.408651230917712,0.39000280699806533
UAV_0047,telemetry_28,5,5,269,-9942.099098333534,21.873841117981026,-47.36684028823038,-11.460768769830974
UAV_0047,telemetry_28,20,20,269,-9914.493839690727,32.70146403376256,-121.6676320071947,-3.6461777653043512
UAV_0047,telemetry_28,50,50,269,-9875.22347784403,43.93233696444628,-106.00151096023728,-2.469901910096044
UAV_0048,telemetry_07,5,5,174,140.5912754437698,0.0,0.0,0.0
UAV_0048,telemetry_07,20,20,174,140.59127544376983,2.9160058604848984e-14,0.0,0.0
UAV_0048,telemetry_07,50,50,174,140.59127544376977,2.8710262101646174e-14,0.0,0.0
UAV_0048,telemetry_13,5,5,174,7146.182166454487,2.325619889889255,-2.5219272256917975,-0.435639816265757
UAV_0048,telemetry_13,20,20,174,7144.942219742074,3.149136196581253,9.539349550472252,0.2590589392893226
UAV_0048,telemetry_13,50,50,174,7141.935841914719,3.7972589967435155,8.791428907244153,0.18051165003381944
UAV_0048,telemetry_15,5,5,174,50592.61606289308,31.230546639815497,70.49720313615398,16.381502321051084
UAV_0048,telemetry_15,20,20,174,50472.632043539685,92.58546596292808,258.05800343101146,14.999697966432597
UAV_0048,telemetry_15,50,50,174,50319.55072834474,147.78801815168399,467.2675511456473,9.8479984158317
UAV_0048,telemetry_16,5,5,174,-701.8832943355955,2.261260176867155,-5.2029221589957615,-0.6937229545327682
UAV_0048,telemetry_16,20,20,174,-701.4497174890125,2.6075392678757203,-6.937229545327796,-0.12648708005578915
UAV_0048,telemetry_16,50,50,174,-699.628694733364,2.651128491438364,-6.937229545327796,-0.11234480980368809
UAV_0048,telemetry_18,5,5,174,-103.32715237027897,0.007664005977815782,0.00826889433430722,0.00024962351216117895
UAV_0048,telemetry_18,20,20,174,-103.32518606667455,0.0068490904322687845,-0.0034400308820323744,-0.00023572552404827003
UAV_0048,telemetry_18,50,50,174,-103.32769734108393,0.006068288724438869,0.004695274800482707,8.959135567668922e-05
UAV_0048,telemetry_19,5,5,174,33506.14540275287,0.3580729650456917,-0.5973937474336708,-0.08902904187852982
UAV_0048,telemetry_19,20,20,174,33505.925086434625,0.33713148373953766,0.33849308631033637,0.03440287648784426
UAV_0048,telemetry_19,50,50,174,33505.45785982501,0.5694861989302612,1.2266446504509076,0.026237840511316786
UAV_0048,telemetry_21,5,5,174,34962.91056418856,0.3837300582064608,0.29430751981271897,0.05886150396254379
UAV_0048,telemetry_21,20,20,174,34962.594183604764,0.4465309191311197,1.0300763193372404,0.04016301868094133
UAV_0048,telemetry_21,50,50,174,34962.17479538903,0.5648614310347237,1.1772300792508759,0.021749785017535356
UAV_0048,telemetry_22,5,5,174,23305.848248886137,81.97097173051708,-9.76067323577081,20.118641400894195
UAV_0048,telemetry_22,20,20,174,23233.750380462512,76.1907967492701,76.91993236547569,5.590671775936776
UAV_0048,telemetry_22,50,50,174,23168.598615022194,84.05825345817007,189.09483373180046,3.7390351276895832
UAV_0048,telemetry_23,5,5,174,-17596.5102779355,6.4524067826032425,-13.693733378044271,-3.4118735032974654
UAV_0048,telemetry_23,20,20,174,-17546.713749674083,35.60027548337427,-112.21402579380083,-5.8748994750480135
UAV_0048,telemetry_23,50,50,174,-17489.75766159963,55.22169571039763,-181.77917506048834,-3.67566394333912
UAV_0048,telemetry_25,5,5,174,-174.10807720189956,0.29410874768259476,-0.5772869598064858,-0.1306491540614701
UAV_0048,telemetry_25,20,20,174,-173.79968443126606,0.39434256242532445,-1.2457244922140092,-0.048819241515886284
UAV_0048,telemetry_25,50,50,174,-173.3636808589912,0.482957815784522,-1.488792685816719,-0.02855102929538899
UAV_0048,telemetry_26,5,5,174,-7448.8585562585795,5.502842279740816,12.056123388028936,2.655217650934992
UAV_0048,telemetry_26,20,20,174,-7454.0398188098625,6.153712657210463,23.681670940768527,0.8294250300786175
UAV_0048,telemetry_26,50,50,174,-7458.319742612613,6.633914175265948,21.959367599622055,0.3351289406426889
UAV_0048,telemetry_28,5,5,174,-9937.924118131616,28.032548287401312,-37.60269099300967,-13.581860661640167
UAV_0048,telemetry_28,20,20,174,-9893.755567477147,40.814640112473754,-114.75004914033525,-5.607928228343888
UAV_0048,telemetry_28,50,50,174,-9859.34944164624,45.39010850585214,-139.67135037751905,-2.256448860276263
UAV_0049,telemetry_07,5,5,256,140.72879336221067,0.04707604124451628,0.08594869902555047,0.025784609707665142
UAV_0049,telemetry_07,20,20,256,140.69871131755173,0.03818371155947911,0.08594869902555047,0.003942008000419984
UAV_0049,telemetry_07,50,50,256,140.6858190126979,0.026046389106483575,0.08594869902555047,0.0008708367584341488
UAV_0049,telemetry_13,5,5,256,7140.412993368753,4.79420095206999,5.236597160006568,2.1662783697071064
UAV_0049,telemetry_13,20,20,256,7139.90632387419,3.852883936549687,4.28786447406128,0.21516302553931368
UAV_0049,telemetry_13,50,50,256,7138.339840281571,4.067873723557762,12.427768471237869,0.1056177225014097
UAV_0049,telemetry_15,5,5,256,50317.68313839639,19.380852583547885,29.358415304290247,8.992556620515824
UAV_0049,telemetry_15,20,20,256,50276.8928275529,34.80966608140614,89.98724354823935,5.068161765007441
UAV_0049,telemetry_15,50,50,256,50213.57671747113,63.84311159406883,192.92672914249852,4.124814849899277
UAV_0049,telemetry_16,5,5,256,-702.230155812862,2.9020513277334157,-1.7343073863319205,-1.0405844317991524
UAV_0049,telemetry_16,20,20,256,-701.2762867503794,1.889394063086974,-3.468614772663841,-0.134311023152021
UAV_0049,telemetry_16,50,50,256,-699.420577847004,2.3838922510673037,-5.202922158995875,-0.11484321180080513
UAV_0049,telemetry_18,5,5,256,-103.20612472634284,0.047482527560316526,-0.07984639694494433,-0.02541845139776484
UAV_0049,telemetry_18,20,20,256,-103.22037923026127,0.037307597047714525,0.0038431487746635185,0.0010332721967227262
UAV_0049,telemetry_18,50,50,256,-103.21212654269522,0.04123213233292977,-0.08382424470670458,-0.0006613933745698334
UAV_0049,telemetry_19,5,5,256,33511.13744818994,0.4839578197361897,0.7240127569239121,0.2517550807708176
UAV_0049,telemetry_19,20,20,256,33510.305839956076,0.6900787386781879,1.8649676716377144,0.0882138689916889
UAV_0049,telemetry_19,50,50,256,33508.816088925116,1.4516730893394663,5.2496779815264745,0.09473070353333794
UAV_0049,telemetry_21,5,5,256,34967.76663826546,0.24623533733568742,0.5886150396254379,0.11772300792508758
UAV_0049,telemetry_21,20,20,256,34967.133877097855,0.8173676964146495,1.7658451188690378,0.10953550549382995
UAV_0049,telemetry_21,50,50,256,34965.65056719801,1.4737252604863091,4.4146127971835085,0.09501928496780349
UAV_0049,telemetry_22,5,5,256,23277.26550129124,36.147763822983954,32.77838026938116,-1.9375664781444357
UAV_0049,telemetry_22,20,20,256,23226.320614268123,55.725722540635545,93.96469010555302,2.8853737445479273
UAV_0049,telemetry_22,50,50,256,23159.36822313834,75.64129796357398,117.71080558959511,3.1724959990790227
UAV_0049,telemetry_23,5,5,256,-17488.988923740246,15.117290457053869,-33.79365335237526,-7.042148145362807
UAV_0049,telemetry_23,20,20,256,-17479.94086482403,13.78232914531233,-46.452396826494805,-1.7431222660375258
UAV_0049,telemetry_23,50,50,256,-17453.62255854747,25.36009066047347,-84.71938726484223,-1.6350768568356802
UAV_0049,telemetry_25,5,5,256,-174.29037834710158,0.27294485598119955,-0.7292045808081866,-0.15495597342174108
UAV_0049,telemetry_25,20,20,256,-174.02756086276864,0.39298490571795514,-1.1545739196129716,-0.05018992681815709
UAV_0049,telemetry_25,50,50,256,-173.4074331338397,0.6627995680279963,-1.914162024621504,-0.0398348792913283
UAV_0049,telemetry_26,5,5,256,-7672.18388949395,11.594497540077327,-25.547499560344477,-6.946623475958768
UAV_0049,telemetry_26,20,20,256,-7650.124054199427,17.636687631556985,-52.530251904977376,-2.8042465302657313
UAV_0049,telemetry_26,50,50,256,-7615.6234477706885,33.68300698287756,-121.8529613861374,-2.2777272157487416
UAV_0049,telemetry_28,5,5,256,-9902.536191268815,33.21009013522097,-79.51742613517854,-15.689883865299816
UAV_0049,telemetry_28,20,20,256,-9878.366558626469,31.706743062282698,-73.42253832904134,-3.491915877087855
UAV_0049,telemetry_28,50,50,256,-9838.116021033045,44.02979885473554,-110.23306101889102,-2.5910563396634076
UAV_0050,telemetry_07,5,5,161,140.5912754437698,0.0,0.0,0.0
UAV_0050,telemetry_07,20,20,161,140.59127544376983,2.9160058604848984e-14,0.0,0.0
UAV_0050,telemetry_07,50,50,161,140.59127544376977,2.8710262101646174e-14,0.0,0.0
UAV_0050,telemetry_13,5,5,161,7147.455012495813,2.8599880209833577,5.799400097663238,1.184422038635148
UAV_0050,telemetry_13,20,20,161,7144.914794640759,3.226116012931404,6.846167685533146,0.35563263502015796
UAV_0050,telemetry_13,50,50,161,7141.073026510341,4.262160848660349,16.95711129405663,0.22645915717676893
UAV_0050,telemetry_15,5,5,161,49883.04290173807,18.346319406550602,-16.159463885967853,-1.3013919389071815
UAV_0050,telemetry_15,20,20,161,49900.09051936434,22.391103035867093,-10.54682566603151,-2.049542747817715
UAV_0050,telemetry_15,50,50,161,49946.43734204556,46.61323167720803,-127.98048688320705,-2.8238834548967127
UAV_0050,telemetry_16,5,5,161,-701.1895713810627,2.2612601768671943,-3.468614772663841,-0.8671536931659602
UAV_0050,telemetry_16,20,20,161,-700.5825637958466,1.7320238996453605,-5.202922158995875,-0.15517487140864825
UAV_0050,telemetry_16,50,50,161,-698.761541040198,2.102298023206707,-8.671536931659716,-0.1149264918673762
UAV_0050,telemetry_18,5,5,161,-103.32796898172656,0.006021322136462661,-0.009849720184362809,-0.0010031729619711881
UAV_0050,telemetry_18,20,20,161,-103.32813322060856,0.006924513221235747,0.005432570515537805,-5.080842564146102e-05
UAV_0050,telemetry_18,50,50,161,-103.32752509349264,0.0060680494923234934,-0.002518170234722561,1.5002923382120306e-06
UAV_0050,telemetry_19,5,5,161,33508.012720008715,0.551174216269728,-0.1023325933565502,0.0339852842502296
UAV_0050,telemetry_19,20,20,161,33507.43057270516,0.6464428120933396,1.6962879641578184,0.07136722243024116
UAV_0050,telemetry_19,50,50,161,33506.39783996032,1.047535442001046,3.3350003037412534,0.0638088350337443
UAV_0050,telemetry_21,5,5,161,34964.588117051484,0.6067304952971719,1.4715375990563189,0.2501613918400835
UAV_0050,telemetry_21,20,20,161,34964.13194039578,0.6800652503647897,1.1772300792436,0.05443582697284055
UAV_0050,telemetry_21,50,50,161,34963.12835175322,1.0181404819512319,3.678843997644435,0.061066160533319494
UAV_0050,telemetry_22,5,5,161,23263.076104676853,34.553381380955415,47.3465492779942,3.4672242240500055
UAV_0050,telemetry_22,20,20,161,23191.888746816265,54.83093671601457,106.78467883313351,7.040368894951902
UAV_0050,telemetry_22,50,50,161,23130.301812332356,74.11734932844527,167.3882619089636,4.115240166318716
UAV_0050,telemetry_23,5,5,161,-17346.213381822956,10.916185838972012,-2.1292313319245295,-2.1589693230900595
UAV_0050,telemetry_23,20,20,161,-17351.760027609333,11.39514218600624,29.593763416538422,1.053249512012772
UAV_0050,telemetry_23,50,50,161,-17361.420970365478,12.986914213287985,32.351578737198,0.6275465799378496
UAV_0050,telemetry_25,5,5,161,-174.5577533600646,0.2764733754750162,0.30383524200343004,0.036460229040415015
UAV_0050,telemetry_25,20,20,161,-174.09440461600937,0.4504744757105966,-1.063423347011934,-0.062251957478142605
UAV_0050,telemetry_25,50,50,161,-173.35274279027905,0.7486936917107201,-2.1876137424245314,-0.04637700282142811
UAV_0050,telemetry_26,5,5,161,-7443.002724898679,3.849047205502349,4.018707796009949,0.545396058030019
UAV_0050,telemetry_26,20,20,161,-7448.3275127283905,5.324829569770194,11.769072831170888,0.5961155173243098
UAV_0050,telemetry_26,50,50,161,-7456.910324378441,8.88529379419813,31.862611811216993,0.5393311242955041
UAV_0050,telemetry_28,5,5,161,-9938.487331754119,54.09440194809063,-130.80685937162343,-33.70192556332604
UAV_0050,telemetry_28,20,20,161,-9887.752823741623,49.387143649969566,-210.60711915528555,-6.466633585691751
UAV_0050,telemetry_28,50,50,161,-9845.889764032863,51.869398394560214,-176.99079813237404,-2.8197058903418366
UAV_0051,telemetry_07,5,5,190,140.5912754437698,0.0,0.0,0.0
UAV_0051,telemetry_07,20,20,190,140.59127544376983,2.9160058604848984e-14,0.0,0.0
UAV_0051,telemetry_07,50,50,190,140.59127544376977,2.8710262101646174e-14,0.0,0.0
UAV_0051,telemetry_13,5,5,190,7144.055702434205,3.5587752449190133,-3.6457842542122307,-0.10624176747105593
UAV_0051,telemetry_13,20,20,190,7143.530249679677,3.3167855149599252,-1.2133485148688123,0.019670516514061705
UAV_0051,telemetry_13,50,50,190,7140.75373113535,4.0432110836779405,1.4236943231508121,0.16792226108895528
UAV_0051,telemetry_15,5,5,190,50541.81860313547,16.940881140859823,30.838671538120252,7.759009758991306
UAV_0051,telemetry_15,20,20,190,50435.49303140634,79.19213217746513,247.3261457357512,13.098412711708555
UAV_0051,telemetry_15,50,50,190,50300.04341827658,130.82232012839526,416.13703373545286,8.745873903486336
UAV_0051,telemetry_16,5,5,190,-703.270740244661,2.452681027074437,-3.468614772663841,-1.2140151704323443
UAV_0051,telemetry_16,20,20,190,-701.1028560117463,2.095949270685111,-3.468614772663841,-0.19951054895397477
UAV_0051,telemetry_16,50,50,190,-699.3512055515508,2.5702450272653583,-8.671536931659716,-0.1298336237835062
UAV_0051,telemetry_18,5,5,190,-103.32177948621634,0.0036812356684069983,-0.004604707984512402,-0.0007054541252088598
UAV_0051,telemetry_18,20,20,190,-103.32664580476599,0.005349153066240413,-0.003980907207719042,0.00018390874937567684
UAV_0051,telemetry_18,50,50,190,-103.32741485248542,0.006029250582674921,0.00540898767168585,4.020963142067399e-05
UAV_0051,telemetry_19,5,5,190,33505.86688003097,0.500237235610502,1.0828241175186122,0.296853071753867
UAV_0051,telemetry_19,20,20,190,33505.684604136324,0.3885528513680627,0.647037236194592,0.023237530088823077
UAV_0051,telemetry_19,50,50,190,33505.37172624549,0.4495321736576824,1.2762819843919715,0.019299485426173085
UAV_0051,telemetry_21,5,5,190,34962.3808106529,0.23267052377853012,0.4414612797118025,0.10300763193372404
UAV_0051,telemetry_21,20,20,190,34962.27780302096,0.36703146819201643,0.14715375989908352,0.015711153313064382
UAV_0051,telemetry_21,50,50,190,34961.906975546,0.5873297949762595,0.8829225594308809,0.021827513294063253
UAV_0051,telemetry_22,5,5,190,23300.283208324847,72.83307979507151,-73.71493518357966,-10.154013799003224
UAV_0051,telemetry_22,20,20,190,23207.46211948647,77.92958213677635,59.5838112452293,8.97629234651746
UAV_0051,telemetry_22,50,50,190,23146.224821058764,84.44007410297777,246.93046469599358,4.011503610146458
UAV_0051,telemetry_23,5,5,190,-17573.904226153583,9.782306126183242,-26.394214908763388,-5.771609403930052
UAV_0051,telemetry_23,20,20,190,-17536.270969939418,29.627870142764937,-92.26415640537016,-4.782777741162425
UAV_0051,telemetry_23,50,50,190,-17483.005158423835,50.94367691564293,-165.2071612075706,-3.403738145605059
UAV_0051,telemetry_25,5,5,190,-173.98046640025808,0.2269630954363789,-0.4253693388047566,-0.1124190395412569
UAV_0051,telemetry_25,20,20,190,-173.66447774857457,0.3527630530169591,-1.0330398228115598,-0.043542103102142134
UAV_0051,telemetry_25,50,50,190,-173.15281920104084,0.6097367710434155,-1.8837785004211298,-0.03483199312167794
UAV_0051,telemetry_26,5,5,190,-7446.619561915088,6.187920564519588,-6.315112250871607,0.15787780627197207
UAV_0051,telemetry_26,20,20,190,-7454.298164311034,6.874861625258274,15.787780627179018,0.7089932926901541
UAV_0051,telemetry_26,50,50,190,-7459.723419835648,7.2622303171288785,7.893890313589509,0.33104200234216236
UAV_0051,telemetry_28,5,5,190,-9926.446273310703,35.253740851191345,-56.25598284158514,-8.112538410493652
UAV_0051,telemetry_28,20,20,190,-9889.993165746806,40.79814290214393,-77.60279020059716,-4.705810565424191
UAV_0051,telemetry_28,50,50,190,-9850.339654420199,50.438409597800586,-209.57044701565974,-2.827158429860526
UAV_0052,telemetry_07,5,5,222,140.5912754437698,0.0,0.0,0.0
UAV_0052,telemetry_07,20,20,222,140.59127544376983,2.9160058604848984e-14,0.0,0.0
UAV_0052,telemetry_07,50,50,222,140.59127544376977,2.8710262101646174e-14,0.0,0.0
UAV_0052,telemetry_13,5,5,222,7150.606423209106,3.999113508925627,9.919877527492645,2.465672387730683
UAV_0052,telemetry_13,20,20,222,7146.867168421266,3.8738950664513667,10.553836690858589,0.2813126277905246
UAV_0052,telemetry_13,50,50,222,7142.920178627303,5.061216451251726,18.509921983667482,0.25108037552247586
UAV_0052,telemetry_15,5,5,222,50264.66529428804,25.973097378575684,33.98421603501629,0.5921024935327296
UAV_0052,telemetry_15,20,20,222,50220.88054843822,38.98285384326895,50.82213069482532,5.090560379072067
UAV_0052,telemetry_15,50,50,222,50166.37504681488,56.06495437059381,176.1504918257706,3.4899247176915846
UAV_0052,telemetry_16,5,5,222,-702.5770172901284,0.9499192771418198,0.0,-0.17343073863319206
UAV_0052,telemetry_16,20,20,222,-701.1028560117462,1.6762872894328462,-5.202922158995875,-0.21515843514644434
UAV_0052,telemetry_16,50,50,222,-699.4205778470042,2.33182455727268,-5.202922158995875,-0.1080142463420192
UAV_0052,telemetry_18,5,5,222,-103.32858724848306,0.007768302232875241,0.01158399793432352,0.0010065626092327306
UAV_0052,telemetry_18,20,20,222,-103.32861338465898,0.005906302162005615,0.013366580226474412,-2.772245229101044e-05
UAV_0052,telemetry_18,50,50,222,-103.32796496221361,0.005313831641056364,0.0051171773091169825,-3.394464499084303e-05
UAV_0052,telemetry_19,5,5,222,33506.38561665263,0.46252334396348044,0.6069344579955214,0.0706194468322792
UAV_0052,telemetry_19,20,20,222,33506.172436544824,0.4243938682334836,-0.06553191553393845,0.027392670472203517
UAV_0052,telemetry_19,50,50,222,33505.716522929804,0.6065392664419046,1.4962543969013495,0.027765315550031186
UAV_0052,telemetry_21,5,5,222,34963.23430246035,0.3808980633502391,0.588615039618162,0.19129988787681212
UAV_0052,telemetry_21,20,20,222,34962.95471031653,0.5626789694842773,1.6186913589554024,0.06240204555390922
UAV_0052,telemetry_21,50,50,222,34962.47204598404,0.655325853055617,0.8829225594308809,0.0315364816547259
UAV_0052,telemetry_22,5,5,222,23200.05420554559,59.65682107367726,108.38717742408335,32.108244494983595
UAV_0052,telemetry_22,20,20,222,23205.90332540255,66.32081687193289,110.5724027753713,3.8228847110496713
UAV_0052,telemetry_22,50,50,222,23167.179675360756,73.72629206318027,198.2727802072186,3.11477596907176
UAV_0052,telemetry_23,5,5,222,-17469.889989910684,8.828561396100696,-21.91979192116196,-5.053739013604718
UAV_0052,telemetry_23,20,20,222,-17461.52046639815,12.83467615726429,-44.72419548696416,-1.7190138353368645
UAV_0052,telemetry_23,50,50,222,-17435.552664296414,24.657227371249263,-93.93766344920004,-1.598188710942121
UAV_0052,telemetry_25,5,5,222,-174.0473101534988,0.15699787608001048,0.15191762100172923,5.684341886080802e-15
UAV_0052,telemetry_25,20,20,222,-173.8558939510367,0.27309612374132247,-0.6988210566078124,-0.034130064026547856
UAV_0052,telemetry_25,50,50,222,-173.42991694174793,0.4833863406983201,-1.09380687121228,-0.02814105233018874
UAV_0052,telemetry_26,5,5,222,-7445.729705188829,2.100574704313593,2.583455011719707,0.4305758352866178
UAV_0052,telemetry_26,20,20,222,-7449.037962856615,4.096959045690368,8.037415592017169,0.4132017226347698
UAV_0052,telemetry_26,50,50,222,-7455.96018703524,7.880071032324359,15.787780627179018,0.45225108141678033
UAV_0052,telemetry_28,5,5,222,-9948.14881089408,35.287416947576,-45.298262106925904,-6.931802556824005
UAV_0052,telemetry_28,20,20,222,-9914.710583174488,35.64074520823324,-93.38061095627381,-3.989788544925158
UAV_0052,telemetry_28,50,50,222,-9872.761173046341,48.70346958261406,-159.74534599963408,-2.8164716892566064
UAV_0053,telemetry_07,5,5,164,140.5912754437698,0.0,0.0,0.0
UAV_0053,telemetry_07,20,20,164,140.59127544376983,2.9160058604848984e-14,0.0,0.0
UAV_0053,telemetry_07,50,50,164,140.59127544376977,2.8710262101646174e-14,0.0,0.0
UAV_0053,telemetry_13,5,5,164,7148.955791433468,5.076328066729336,-5.452709952807709,-0.0023791109335434156
UAV_0053,telemetry_13,20,20,164,7144.591345214685,4.812090931835806,4.093820491002589,0.4885517516498392
UAV_0053,telemetry_13,50,50,164,7141.884583226888,4.735678894830049,9.889603947738578,0.19463763373312643
UAV_0053,telemetry_15,5,5,164,49796.96600174085,10.193886025299694,12.952242046012543,1.4555852965997473
UAV_0053,telemetry_15,20,20,164,49820.486656522975,28.23798855572327,-66.73488520849787,-3.961030269817674
UAV_0053,telemetry_15,50,50,164,49866.402354576094,45.95083790277789,-149.07413821528462,-2.8140328501874454
UAV_0053,telemetry_16,5,5,164,-701.5364328583291,1.7343073863319205,0.0,0.17343073863319206
UAV_0053,telemetry_16,20,20,164,-700.49584842653,1.5306649265876582,-1.7343073863320342,-0.07563144993026531
UAV_0053,telemetry_16,50,50,164,-698.7962271879246,1.9848509070525018,-3.4686147726639547,-0.08786047023194342
UAV_0053,telemetry_18,5,5,164,-103.32772841082449,0.0034664286705233804,-0.006703463769710538,-0.0013707654147808058
UAV_0053,telemetry_18,20,20,164,-103.32630685914906,0.006034891380928857,-0.004594165082380641,-4.7733092133435896e-05
UAV_0053,telemetry_18,50,50,164,-103.32730406133325,0.006099677664310538,-0.0025536903741567585,2.4872529912170427e-05
UAV_0053,telemetry_19,5,5,164,33508.28992912544,0.6180462783454376,0.9578452028581523,0.08252102434707922
UAV_0053,telemetry_19,20,20,164,33507.743568815924,0.5760599963921889,1.9722778485884191,0.06794353913273675
UAV_0053,telemetry_19,50,50,164,33506.81860729889,0.9429696164185669,3.5380346592937713,0.05817575186207172
UAV_0053,telemetry_21,5,5,164,34965.17673209112,0.3451061572894796,0.0,0.05886150396254379
UAV_0053,telemetry_21,20,20,164,34964.42624791559,0.6037175381558916,0.14715375991363544,0.0628446132533079
UAV_0053,telemetry_21,50,50,164,34963.53449613056,0.9393596628971476,2.795921438213554,0.05633180187132345
UAV_0053,telemetry_22,5,5,164,23199.092706391024,107.03581858348846,42.39337181506198,33.21542533963766
UAV_0053,telemetry_22,20,20,164,23190.155134704244,73.58034807508102,131.84192952794547,4.500030732186644
UAV_0053,telemetry_22,50,50,164,23140.29848990606,76.37068468331046,-13.985442248271283,2.8547385244675727
UAV_0053,telemetry_23,5,5,164,-17315.009056086616,7.177903607337736,-10.102848683873162,-0.9216338291324064
UAV_0053,telemetry_23,20,20,164,-17323.474068626638,9.095893863698587,10.554463802149257,0.907819085736111
UAV_0053,telemetry_23,50,50,164,-17334.23066202564,12.645315490443057,25.680009892046655,0.6003944121579481
UAV_0053,telemetry_25,5,5,164,-174.50306301650397,0.2247148688737653,-0.2126846694023925,-0.0668437532407495
UAV_0053,telemetry_25,20,20,164,-174.0427526248688,0.3653045662124179,-1.39764211321571,-0.0528399184025482
UAV_0053,telemetry_25,50,50,164,-173.4177635320678,0.658980489655142,-1.5495597342174108,-0.03930234693439561
UAV_0053,telemetry_26,5,5,164,-7441.337831668905,4.564239253236512,-0.8611516705723261,-0.6602162807727836
UAV_0053,telemetry_26,20,20,164,-7446.031108273531,5.873951348577492,10.907921160596743,0.6235256080919019
UAV_0053,telemetry_26,50,50,164,-7454.14315701033,9.128906333144858,26.121600674060574,0.5393449082357942
UAV_0053,telemetry_28,5,5,164,-9946.180014193978,24.449439414383036,-38.619749553108704,-12.786709459419217
UAV_0053,telemetry_28,20,20,164,-9894.085637484613,42.56277607666631,-101.24461744864311,-5.735086222083997
UAV_0053,telemetry_28,50,50,164,-9855.602913558185,49.42834334489098,-179.01560474081634,-2.788760452738176
UAV_0054,telemetry_07,5,5,194,140.5912754437698,0.0,0.0,0.0
UAV_0054,telemetry_07,20,20,194,140.59127544376983,2.9160058604848984e-14,0.0,0.0
UAV_0054,telemetry_07,50,50,194,140.59127544376977,2.8710262101646174e-14,0.0,0.0
UAV_0054,telemetry_13,5,5,194,7147.099100671068,2.7196516194409885,2.0812626543884107,-0.003491286604094057
UAV_0054,telemetry_13,20,20,194,7146.1455252328615,3.886800738958195,5.207627183302975,-0.0035510237560061743
UAV_0054,telemetry_13,50,50,194,7142.942433014128,4.15434096574714,5.567864236797504,0.14568938878944576
UAV_0054,telemetry_15,5,5,194,50469.976833920264,14.992581026801671,10.30011629373621,0.9004892089142231
UAV_0054,telemetry_15,20,20,194,50380.951756924005,69.92091380859137,208.83948365617834,11.218134852784189
UAV_0054,telemetry_15,50,50,194,50253.90876565555,121.43892987501157,416.9388391954344,8.152189863678053
UAV_0054,telemetry_16,5,5,194,-703.9644631991939,1.5512116838872656,1.7343073863319205,0.3468614772663841
UAV_0054,telemetry_16,20,20,194,-702.0567250742288,2.1128751116360602,1.7343073863319205,-0.15126289986052985
UAV_0054,telemetry_16,50,50,194,-700.2183592447168,2.3389213738896277,-3.4686147726639547,-0.10676504534346055
UAV_0054,telemetry_18,5,5,194,-103.32882514823075,0.0018047258619678741,0.00018140258652010743,3.0591153115722133e-05
UAV_0054,telemetry_18,20,20,194,-103.32899524229197,0.0038956193700838155,0.010539696316243408,0.00021597373695671966
UAV_0054,telemetry_18,50,50,194,-103.32717525683012,0.0051680882810808074,-0.007834431062420322,-7.522335143531097e-05
UAV_0054,telemetry_19,5,5,194,33506.427696436425,0.2800585705043388,-0.12561455489048967,-0.06373913668794558
UAV_0054,telemetry_19,20,20,194,33505.920322880396,0.5089757917176961,0.9798722200866905,0.056946911713836236
UAV_0054,telemetry_19,50,50,194,33505.73777716632,0.47967609883095225,0.05742740995628992,0.012210415354336259
UAV_0054,telemetry_21,5,5,194,34963.02828719649,0.30514453122198915,0.14715375990635948,0.05886150396254379
UAV_0054,telemetry_21,20,20,194,34962.71190661268,0.3725023763530909,1.1772300792508759,0.04171200562757024
UAV_0054,telemetry_21,50,50,194,34962.49264751043,0.4178667638448743,1.0300763193372404,0.014768372542732621
UAV_0054,telemetry_22,5,5,194,23270.418461857193,64.67901184692582,-23.746115484038455,-6.788766758013298
UAV_0054,telemetry_22,20,20,194,23221.447561734738,62.543875344433445,13.5483971780086,4.894795251788624
UAV_0054,telemetry_22,50,50,194,23174.140346513075,73.76625222556613,321.9565350903431,3.308726742547746
UAV_0054,telemetry_23,5,5,194,-17553.00387336345,9.37328479622051,-21.19551519962988,-4.912825159101703
UAV_0054,telemetry_23,20,20,194,-17518.60676701381,26.80291557983756,-84.8573311158325,-4.424421495153217
UAV_0054,telemetry_23,50,50,194,-17469.548535308008,47.479047946840616,-165.787065059616,-3.164752695566583
UAV_0054,telemetry_25,5,5,194,-174.1749209551403,0.22635215732838104,-0.4557528630051024,-0.10026562986112139
UAV_0054,telemetry_25,20,20,194,-174.03819509623875,0.3099307596001522,-0.6988210566078124,-0.025814573192770255
UAV_0054,telemetry_25,50,50,194,-173.57818853984563,0.5144461673035717,-1.9445455488218215,-0.028464948722624537
UAV_0054,telemetry_26,5,5,194,-7445.84452541157,5.797248770038806,10.190294768452986,2.482987316820254
UAV_0054,telemetry_26,20,20,194,-7449.80582309621,5.706423108798135,14.209002564462025,0.5728061487974696
UAV_0054,telemetry_26,50,50,194,-7453.336544945561,6.122105009524667,21.528791764335438,0.27056496425266374
UAV_0054,telemetry_28,5,5,194,-9937.866702709016,9.526691493625489,-12.684310982711395,-4.372317533540809
UAV_0054,telemetry_28,20,20,194,-9913.213807181059,29.07116183935092,-86.78348697115325,-3.6237091871563534
UAV_0054,telemetry_28,50,50,194,-9878.99050239573,44.28755929151053,-50.327094447442505,-2.230799264796353
UAV_0055,telemetry_07,5,5,525,140.71160362240556,0.04707604124451628,0.08594869902555047,0.008594869902555046
UAV_0055,telemetry_07,20,20,525,140.6901164476492,0.031487095187570084,0.08594869902555047,0.0025203001969898256
UAV_0055,telemetry_07,50,50,525,140.6823810647369,0.02061891562549892,0.08594869902555047,0.0005324073072891242
UAV_0055,telemetry_13,5,5,525,7144.26201494376,4.640949791781394,6.066061822006304,0.18377831315274307
UAV_0055,telemetry_13,20,20,525,7143.282670627775,3.302790816595923,2.153924028540132,0.13313788561515133
UAV_0055,telemetry_13,50,50,525,7141.415424162417,3.793573473240447,13.444383812173328,0.12892040661989468
UAV_0055,telemetry_15,5,5,525,50313.69878203366,24.430667307632767,12.212113929090265,-3.3552474633484963
UAV_0055,telemetry_15,20,20,525,50300.4165662022,26.510410623473092,45.6412338764203,2.1160893548213533
UAV_0055,telemetry_15,50,50,525,50251.672345195606,47.92128110405275,140.50098752768827,2.954307712137942
UAV_0055,telemetry_16,5,5,525,-702.230155812862,1.5512116838872656,0.0,0.17343073863319206
UAV_0055,telemetry_16,20,20,525,-701.6231482276457,1.538402119575414,-3.468614772663841,-0.12127111799163096
UAV_0055,telemetry_16,50,50,525,-700.3224176878969,2.050563957044459,-6.937229545327796,-0.08203086557200363
UAV_0055,telemetry_18,5,5,525,-102.99915859367074,0.0386285489030424,0.006044645620548295,0.010284194997784369
UAV_0055,telemetry_18,20,20,525,-102.99075922254681,0.026239342373304084,0.005142483575966139,-0.0008077497664743947
UAV_0055,telemetry_18,50,50,525,-102.98424040390216,0.024670824859712313,-0.0035772407925946936,-0.0004127427510289052
UAV_0055,telemetry_19,5,5,525,33511.148531291125,0.670563512899973,1.3098275791635388,0.27326404702762375
UAV_0055,telemetry_19,20,20,525,33510.325072700616,0.7527777945235323,2.9071189488022355,0.0911115262286549
UAV_0055,telemetry_19,50,50,525,33509.21750508088,1.1260081642800903,4.256096849610913,0.07104839900079826
UAV_0055,telemetry_21,5,5,525,34967.884361273376,0.505489765321067,1.0300763193445164,0.23544601585017516
UAV_0055,telemetry_21,20,20,525,34967.192738601814,0.7163038873016289,2.6487676783071947,0.10599496390214176
UAV_0055,telemetry_21,50,50,525,34966.12440230491,1.1453248464137553,3.384536477838992,0.07240035649436091
UAV_0055,telemetry_22,5,5,525,23224.82009286024,78.10545530857192,143.64214642492152,41.92719040678785
UAV_0055,telemetry_22,20,20,525,23239.759750178568,62.75478086873739,83.62129010944045,2.206803767041558
UAV_0055,telemetry_22,50,50,525,23192.522462168145,74.88869006440372,115.67126192838987,2.894934778548458
UAV_0055,telemetry_23,5,5,525,-17497.541687486817,4.102972765555246,6.303644005678507,1.6986789632803265
UAV_0055,telemetry_23,20,20,525,-17487.33586840221,9.714698590794574,-12.573276559192891,-1.2996042399176815
UAV_0055,telemetry_23,50,50,525,-17466.072115289335,20.81355989764093,-60.95488938100607,-1.3496676006002253
UAV_0055,telemetry_25,5,5,525,-174.52736983586425,0.14022580704826312,-0.06076704840069169,-0.006076704840069169
UAV_0055,telemetry_25,20,20,525,-174.2204962414408,0.3024729249435318,-0.30383524200343004,-0.03764815630237759
UAV_0055,telemetry_25,50,50,525,-173.7756814471478,0.505366217380638,-1.5799432584177566,-0.028836991876098075
UAV_0055,telemetry_26,5,5,525,-7668.825397978713,8.475650753651047,-21.528791764335438,-3.3584915152364374
UAV_0055,telemetry_26,20,20,525,-7655.00391366601,13.02635533555198,-37.89067350522964,-1.9450373070695461
UAV_0055,telemetry_26,50,50,525,-7627.429837174251,27.462054791872326,-96.8795629395081,-1.8512452107327098
UAV_0055,telemetry_28,5,5,525,-9885.59055493298,34.67931893788724,-79.26113315225302,-15.06952104430311
UAV_0055,telemetry_28,20,20,525,-9880.852541381511,31.8823236331539,-19.754007993033156,-1.7702265412576783
UAV_0055,telemetry_28,50,50,525,-9854.053760111115,38.348942441436314,-82.54933623293073,-1.8691555979319316
UAV_0056,telemetry_07,5,5,195,140.5912754437698,0.0,0.0,0.0
UAV_0056,telemetry_07,20,20,195,140.59127544376983,2.9160058604848984e-14,0.0,0.0
UAV_0056,telemetry_07,50,50,195,140.59127544376977,2.8710262101646174e-14,0.0,0.0
UAV_0056,telemetry_13,5,5,195,7149.440343155662,3.8660930349232925,8.02848297923083,1.6549883340569067
UAV_0056,telemetry_13,20,20,195,7147.149151150881,3.342309201529819,4.099972703908861,0.1944045850609942
UAV_0056,telemetry_13,50,50,195,7144.822224786169,3.744768621596039,9.453982325873767,0.15408767856482403
UAV_0056,telemetry_15,5,5,195,49844.55623965849,20.713240886455225,29.9751887350576,8.523808813137293
UAV_0056,telemetry_15,20,20,195,49856.06523187652,20.23386962278844,-27.076353610471415,-1.6286528487502094
UAV_0056,telemetry_15,50,50,195,49882.12144223251,29.460301265363903,-67.47501332541287,-1.510178260101239
UAV_0056,telemetry_16,5,5,195,-701.8832943355956,2.261260176867203,0.0,0.17343073863319206
UAV_0056,telemetry_16,20,20,195,-701.1895713810628,1.5512116838872776,-3.468614772663841,-0.0991032792189656
UAV_0056,telemetry_16,50,50,195,-699.6980670288173,1.9001616286086591,-5.202922158995875,-0.09119167289476582
UAV_0056,telemetry_18,5,5,195,-103.32548863780471,0.0040260467232621075,-0.0013210602199364985,-8.842601046694653e-05
UAV_0056,telemetry_18,20,20,195,-103.32752907069694,0.0037509043954857767,0.00156853841906468,0.00026880165620935616
UAV_0056,telemetry_18,50,50,195,-103.32740469431543,0.004248538358607767,0.00465665948885885,3.2649366351067564e-05
UAV_0056,telemetry_19,5,5,195,33508.07512484581,0.3388565433707827,-0.033761495833459776,0.04226123618718702
UAV_0056,telemetry_19,20,20,195,33507.844689361584,0.3399230636793999,0.5970945155131631,0.034451337875657205
UAV_0056,telemetry_19,50,50,195,33507.307935695586,0.5825269620996585,2.037260313605657,0.03162670918779952
UAV_0056,telemetry_21,5,5,195,34965.08843983516,0.5941076784443409,0.588615039618162,0.10300763193372404
UAV_0056,telemetry_21,20,20,195,34964.588117051484,0.5788529193250632,0.8829225594308809,0.06439360019938974
UAV_0056,telemetry_21,50,50,195,34963.999502011866,0.7312502175956423,2.3544601584944758,0.03879347620096826
UAV_0056,telemetry_22,5,5,195,23175.841908653274,71.02565841578678,145.82737177621675,40.80544139312515
UAV_0056,telemetry_22,20,20,195,23174.421512174933,55.40112209401669,-3.7877239422377897,2.558630525354703
UAV_0056,telemetry_22,50,50,195,23168.08581547309,63.77417511569674,65.26539715858235,1.4903394294995538
UAV_0056,telemetry_23,5,5,195,-17338.037226173183,4.927758653928918,4.58182824735195,1.5258615758957603
UAV_0056,telemetry_23,20,20,195,-17340.42207508609,7.990092937627047,22.562153527367627,0.5371816112108622
UAV_0056,telemetry_23,50,50,195,-17345.479811017034,9.616462348201038,13.49406179363723,0.30960737764885427
UAV_0056,telemetry_25,5,5,195,-174.29645505194165,0.3517147206751275,-0.7292045808081866,-0.1792627927820149
UAV_0056,telemetry_25,20,20,195,-174.2554372942712,0.31733198935963264,-1.063423347011934,-0.022410704692131352
UAV_0056,telemetry_25,50,50,195,-173.86622434926483,0.46701719511196915,-1.4280256374160274,-0.02654783223766654
UAV_0056,telemetry_26,5,5,195,-7442.342508617907,2.4995659688707055,1.8658286195750406,0.028705055685622937
UAV_0056,telemetry_26,20,20,195,-7442.916609731622,3.5908201642109163,6.028061694015378,0.13618714389274253
UAV_0056,telemetry_26,50,50,195,-7449.128383782024,7.311464709690779,17.5100839683264,0.4034697166763441
UAV_0056,telemetry_28,5,5,195,-9940.165672856663,20.169712177113496,-6.002784986019833,1.2736087112056338
UAV_0056,telemetry_28,20,20,195,-9915.820051239098,32.46032189863281,-18.336440585861055,-2.2225426634538428
UAV_0056,telemetry_28,50,50,195,-9889.4758372842,37.91519052576137,-60.5425857241371,-1.7142200878755856
UAV_0057,telemetry_07,5,5,215,140.72879336221067,0.04707604124451628,0.08594869902555047,0.017189739805110092
UAV_0057,telemetry_07,20,20,215,140.6944138826005,0.035272601836038864,0.08594869902555047,0.0037481387544976894
UAV_0057,telemetry_07,50,50,215,140.6823810647369,0.026956579646387674,0.08594869902555047,0.0009038542658629317
UAV_0057,telemetry_13,5,5,215,7143.20913264073,3.2375849391331086,-1.0460574894304955,0.4495407838706342
UAV_0057,telemetry_13,20,20,215,7141.218215622791,3.1076745419367446,5.261117171276055,0.26146418929498955
UAV_0057,telemetry_13,50,50,215,7138.367826697461,4.0401969857706925,16.374497074460123,0.18535973544939624
UAV_0057,telemetry_15,5,5,215,50319.052375412684,16.133052874825985,20.353523215162568,6.772172269772272
UAV_0057,telemetry_15,20,20,215,50273.88605707794,33.42849166862351,73.51939294688782,5.061623039162871
UAV_0057,telemetry_15,50,50,215,50205.08868151697,66.75463445013214,178.7409402349731,4.346720008602204
UAV_0057,telemetry_16,5,5,215,-702.5770172901282,0.9499192771418197,0.0,0.17343073863319206
UAV_0057,telemetry_16,20,20,215,-700.5825637958466,1.732023899645349,-3.468614772663841,-0.1682147765690376
UAV_0057,telemetry_16,50,50,215,-699.0737163697378,2.2731730284387126,-5.202922158995875,-0.1046830436791968
UAV_0057,telemetry_18,5,5,215,-103.32830582981583,0.0025754430366616786,-0.003950299081864728,-0.0007129417111300995
UAV_0057,telemetry_18,20,20,215,-103.32831436591928,0.004573093118091628,0.006494888300281332,-0.00010466994385673605
UAV_0057,telemetry_18,50,50,215,-103.32507298027993,0.017867136446933163,0.0005314212374685212,-0.00024791569767896704
UAV_0057,telemetry_19,5,5,215,33511.63932618468,0.5171130129189133,1.0200559550066828,0.17020532074966468
UAV_0057,telemetry_19,20,20,215,33510.31612101926,1.1224801094388348,2.4757671761035454,0.16839711349925243
UAV_0057,telemetry_19,50,50,215,33508.714140413445,1.6424160584513012,5.222236311070446,0.1054585447376675
UAV_0057,telemetry_21,5,5,215,34968.41411480905,0.658091620590199,1.3243838391572353,0.23544601585090277
UAV_0057,telemetry_21,20,20,215,34967.28103085777,1.034051757303748,2.795921438213554,0.1577753846810794
UAV_0057,telemetry_21,50,50,215,34965.644681047605,1.6412461336759505,5.444689116520749,0.10731448507526334
UAV_0057,telemetry_22,5,5,215,23237.028218489453,31.19452880413564,64.39130701806789,14.233101121414439
UAV_0057,telemetry_22,20,20,215,23214.928306103386,58.282372644402734,90.32264785340521,4.972455641466176
UAV_0057,telemetry_22,50,50,215,23155.746576322803,70.8785206702471,211.23845062488908,3.635074714898721
UAV_0057,telemetry_23,5,5,215,-17487.648088973445,6.674096790337172,3.140182377454039,1.490287404220362
UAV_0057,telemetry_23,20,20,215,-17471.703202320794,18.188406462403712,-35.61000728575527,-2.6382340933001247
UAV_0057,telemetry_23,50,50,215,-17446.360745416594,26.325702432596483,-82.28741048125084,-1.6982153325675138
UAV_0057,telemetry_25,5,5,215,-174.24176470838103,0.5441111510403397,-0.1519176210017008,-0.14280256374159989
UAV_0057,telemetry_25,20,20,215,-173.85285559861669,0.4745443917075715,-1.1545739196129716,-0.054324827480009
UAV_0057,telemetry_25,50,50,215,-173.24396977364185,0.6553372558495082,-2.3699148876266065,-0.03943365628268027
UAV_0057,telemetry_26,5,5,215,-7680.795406199683,9.147977442534978,-23.25109510548191,-5.195615079126219
UAV_0057,telemetry_26,20,20,215,-7651.8678863323385,22.411552591686714,-80.66120647704247,-3.689247138081826
UAV_0057,telemetry_26,50,50,215,-7611.9348481150655,38.03532386814201,-137.6407420133164,-2.5513177548984207
UAV_0057,telemetry_28,5,5,215,-9898.02136809605,26.26665809250392,28.70974035199106,11.280765174093721
UAV_0057,telemetry_28,20,20,215,-9855.579862443605,38.60553370003757,-76.38503367149315,-5.343892728740353
UAV_0057,telemetry_28,50,50,215,-9818.456839266804,46.219037269867364,-99.16766491870112,-2.657523009762654
UAV_0058,telemetry_07,5,5,178,140.5912754437698,0.0,0.0,0.0
UAV_0058,telemetry_07,20,20,178,140.59127544376983,2.9160058604848984e-14,0.0,0.0
UAV_0058,telemetry_07,50,50,178,140.59127544376977,2.8710262101646174e-14,0.0,0.0
UAV_0058,telemetry_13,5,5,178,7146.953013942855,1.3432064873004235,-0.14786748590995558,-0.27533517066622154
UAV_0058,telemetry_13,20,20,178,7146.252185636964,2.69442712697781,3.4452803199010305,0.17569662547370843
UAV_0058,telemetry_13,50,50,178,7143.18302327786,5.176504647851713,16.458950462996654,0.22388094872622966
UAV_0058,telemetry_15,5,5,178,49897.857799544974,17.731705164996757,21.155328675151395,0.27754804384239834
UAV_0058,telemetry_15,20,20,178,49929.211476897784,27.49817619261268,-53.905997848640254,-3.338784713880115
UAV_0058,telemetry_15,50,50,178,49954.40112058356,31.559506709627822,-81.72247957602667,-1.652111672453881
UAV_0058,telemetry_16,5,5,178,-700.4958484265301,0.9499192771418197,0.0,0.0
UAV_0058,telemetry_16,20,20,178,-700.5825637958466,1.5384021195754294,0.0,-0.037815724965134065
UAV_0058,telemetry_16,50,50,178,-699.4552639947309,1.8868702214468716,-1.7343073863320342,-0.0712877369844019
UAV_0058,telemetry_18,5,5,178,-103.32984164966267,0.005731002284947606,0.012945360602387268,0.0022905344054748866
UAV_0058,telemetry_18,20,20,178,-103.32871839163833,0.0065609405119013454,0.001930549850911234,-2.2070915936371207e-06
UAV_0058,telemetry_18,50,50,178,-103.32656496456937,0.006542125361627478,0.004899856720868456,-0.000109482736509956
UAV_0058,telemetry_19,5,5,178,33507.89833275169,0.3767894007514332,1.0233097449599882,0.23152655696321744
UAV_0058,telemetry_19,20,20,178,33507.54379089688,0.44652821618366356,0.9601627027877839,0.05082219540221613
UAV_0058,telemetry_19,50,50,178,33506.87360798005,0.7515672229042316,2.3380626375146676,0.04145998762620411
UAV_0058,telemetry_21,5,5,178,34964.76470156338,0.7883377283030932,1.6186913589699543,0.19129988787826732
UAV_0058,telemetry_21,20,20,178,34964.27909415569,0.6613738934237894,1.4715375990563189,0.06682772254388052
UAV_0058,telemetry_21,50,50,178,34963.54332535616,0.847813557156182,2.9430751981199137,0.04832578938767544
UAV_0058,telemetry_22,5,5,178,23225.16972891644,55.79003909300741,-96.00423376675826,-9.906354925856068
UAV_0058,telemetry_22,20,20,178,23204.264406389084,56.70171759271505,-53.61086195169628,2.4868850313650306
UAV_0058,telemetry_22,50,50,178,23167.30204798043,69.72896845139029,53.028135191347246,2.3741323553296656
UAV_0058,telemetry_23,5,5,178,-17354.925230245917,18.166459243903056,39.968572137102456,9.076143982801295
UAV_0058,telemetry_23,20,20,178,-17360.369707647656,11.91120103312282,28.487781768450077,1.272021638293228
UAV_0058,telemetry_23,50,50,178,-17368.415121913476,11.438851168004668,36.17246204024195,0.5630547946578202
UAV_0058,telemetry_25,5,5,178,-174.49698631166387,0.3474897658960839,-0.3646022904040649,-0.12761080164142696
UAV_0058,telemetry_25,20,20,178,-174.21593871281075,0.36953621306474854,-1.215340968013635,-0.043884774427710584
UAV_0058,telemetry_25,50,50,178,-173.70033030713094,0.5863019295593583,-2.0660796456231765,-0.03520695426066913
UAV_0058,telemetry_26,5,5,178,-7440.046104163045,3.7599788107984695,3.014030847007234,0.37316572391528097
UAV_0058,telemetry_26,20,20,178,-7445.492888479423,4.783251127391447,14.496053121318255,0.5750723374042249
UAV_0058,telemetry_26,50,50,178,-7451.642946660099,6.938041516674372,22.102892878049715,0.4049445982889976
UAV_0058,telemetry_28,5,5,178,-9939.056512371812,32.71073930950739,-28.82466616336751,-6.038066694992267
UAV_0058,telemetry_28,20,20,178,-9915.217762785982,32.91498825440649,-64.86964690638342,-1.7036653838206235
UAV_0058,telemetry_28,50,50,178,-9874.071830475801,47.26049434390433,-120.64600239610081,-2.550936458564921
UAV_0059,telemetry_07,5,5,299,140.7631728418209,0.0,0.0,0.0
UAV_0059,telemetry_07,20,20,299,140.71590105735686,0.04386974462615321,0.08594869902555047,0.005492961967798338
UAV_0059,telemetry_07,50,50,299,140.69269490861996,0.03335565307706638,0.08594869902555047,0.0014651518921522408
UAV_0059,telemetry_13,5,5,299,7143.408262738392,2.8053559763874314,0.11401859271791182,-0.09332453511096901
UAV_0059,telemetry_13,20,20,299,7142.183765957326,2.86859811158061,3.7105600765189592,0.226163258684672
UAV_0059,telemetry_13,50,50,299,7139.558815366497,3.183006704216348,11.698201582084039,0.14316455874002107
UAV_0059,telemetry_15,5,5,299,50318.46027291915,11.779161522719864,-19.55171775517374,-1.603610919982748
UAV_0059,telemetry_15,20,20,299,50286.64401549327,35.573566662453416,78.20687102068041,5.059999951187069
UAV_0059,telemetry_15,50,50,299,50234.67283589692,52.90573118012622,133.77815713237942,3.3764472915227346
UAV_0059,telemetry_16,5,5,299,-701.5364328583291,2.1240840768266174,-1.7343073863319205,0.1734307386332034
UAV_0059,telemetry_16,20,20,299,-701.1895713810627,1.3315524701640136,-1.7343073863319205,-0.020863848256623154
UAV_0059,telemetry_16,50,50,299,-699.9408700629037,1.8487477013588542,-5.202922158995875,-0.07361957884837737
UAV_0059,telemetry_18,5,5,299,-103.32552991183638,0.0025512492961282524,-0.00021455120753444135,0.0004382360153584841
UAV_0059,telemetry_18,20,20,299,-103.32206531331974,0.021079411581106603,-0.09114247104287188,-0.0013326177242797593
UAV_0059,telemetry_18,50,50,299,-103.31380033723711,0.03242800794039972,0.00666386732449098,-0.00031086395039465754
UAV_0059,telemetry_19,5,5,299,33511.44722778523,0.3864395880421269,0.9489443387865322,0.193899477236846
UAV_0059,telemetry_19,20,20,299,33510.675970111246,0.7344104564946631,1.9592694207603927,0.10362975053427172
UAV_0059,telemetry_19,50,50,299,33509.47364031436,1.2507401860452594,4.774812449373712,0.08025046698119927
UAV_0059,telemetry_21,5,5,299,34968.472976313,0.5264732964717729,0.8829225594381569,0.19129988787826732
UAV_0059,telemetry_21,20,20,299,34967.75928057746,0.7200727853694655,2.3544601584944758,0.10013094189114755
UAV_0059,telemetry_21,50,50,299,34966.50111593026,1.2845780001847864,3.8259977575580706,0.08295726969009853
UAV_0059,telemetry_22,5,5,299,23257.88983650978,83.52983371912752,214.2977661166915,39.377760830280025
UAV_0059,telemetry_22,20,20,299,23224.06983215629,73.77137810966029,279.5631632752775,5.73405322881098
UAV_0059,telemetry_22,50,50,299,23168.90163293758,72.1390721727924,231.34252385677246,3.0565942347886317
UAV_0059,telemetry_23,5,5,299,-17492.833025592532,8.319029166746914,-6.356371714558918,0.8076518751877302
UAV_0059,telemetry_23,20,20,299,-17477.460340853962,13.336407504045932,-40.969330446714594,-1.897677729026948
UAV_0059,telemetry_23,50,50,299,-17457.111987179807,22.09833060330568,-85.89311037694642,-1.4226274460620105
UAV_0059,telemetry_25,5,5,299,-174.41191244390296,0.1313889826087919,-0.030383524200345846,-0.021268466940242092
UAV_0059,telemetry_25,20,20,299,-174.11567308294963,0.2725574062240502,-0.09115057260103754,-0.03447273535211648
UAV_0059,telemetry_25,50,50,299,-173.65597036179847,0.5007910296079857,-1.1849574438133175,-0.029681748683397062
UAV_0059,telemetry_26,5,5,299,-7681.7426730373145,3.5398699446316373,-7.319789199873412,-1.951943786633001
UAV_0059,telemetry_26,20,20,299,-7659.101560365156,18.151880666414108,-48.22449355210938,-2.9383833130380084
UAV_0059,telemetry_26,50,50,299,-7628.615355974072,29.5812351583121,-93.14790570035711,-1.9681950522530023
UAV_0059,telemetry_28,5,5,299,-9907.641003412555,30.101498810056704,55.327897225810375,10.33274453936574
UAV_0059,telemetry_28,20,20,299,-9883.97833258442,39.076537445591455,-21.903376216734614,-3.273787645391287
UAV_0059,telemetry_28,50,50,299,-9851.65583490217,40.90870045077272,-95.0175667108997,-2.034075651358903
UAV_0060,telemetry_07,5,5,190,140.72879336221067,0.04707604124451628,0.08594869902555047,0.008594869902555046
UAV_0060,telemetry_07,20,20,190,140.6901164476492,0.031487095187570084,0.08594869902555047,0.0030372848527826105
UAV_0060,telemetry_07,50,50,190,140.66175337697075,0.044912716530837934,0.17189739805110094,0.0023153527084434004
UAV_0060,telemetry_13,5,5,190,7144.648476261546,2.5999815363885057,5.188507052542263,0.8724023395325275
UAV_0060,telemetry_13,20,20,190,7140.460531894639,4.436417218212172,12.252283520879246,0.4910178811290259
UAV_0060,telemetry_13,50,50,190,7136.67849039979,4.968463051667956,17.499237652070406,0.235877909265657
UAV_0060,telemetry_15,5,5,190,50317.79415761393,20.773612202434403,32.19557308579533,8.974053417593677
UAV_0060,telemetry_15,20,20,190,50252.24656125964,52.53639762752554,159.12754513671098,8.667799903552465
UAV_0060,telemetry_15,50,50,190,50163.197430099586,86.27065478673794,259.66161435100366,5.661494376067612
UAV_0060,telemetry_16,5,5,190,-701.8832943355956,0.7756058419436328,0.0,-0.17343073863319206
UAV_0060,telemetry_16,20,20,190,-699.9755562106304,1.770442671133782,-3.4686147726639547,-0.22689434979079834
UAV_0060,telemetry_16,50,50,190,-697.7556427561256,2.5433558659485582,-1.7343073863319205,-0.1406600324376788
UAV_0060,telemetry_18,5,5,190,-103.16808315038868,0.035521578955351615,0.0005431667678834629,-0.0005216033364902728
UAV_0060,telemetry_18,20,20,190,-103.14485329592462,0.03951273901707368,0.00506143950794069,-0.0010634353182708157
UAV_0060,telemetry_18,50,50,190,-103.13660499527498,0.04032165708873285,-0.08578245935487416,-0.00069928653987272
UAV_0060,telemetry_19,5,5,190,33511.07282010242,0.35513138755959595,0.4769331648203661,0.15921319697226863
UAV_0060,telemetry_19,20,20,190,33509.40282990522,1.4463573457414498,3.0248226926487405,0.22486612512160567
UAV_0060,telemetry_19,50,50,190,33507.44123393631,1.9551908467798857,6.592369740232243,0.1240788110138011
UAV_0060,telemetry_21,5,5,190,34967.7077767615,0.5737109739525248,-0.4414612797263544,0.0294307519805443
UAV_0060,telemetry_21,20,20,190,34966.258312226426,1.2534465634930299,3.5316902377453516,0.19461914562023155
UAV_0060,telemetry_21,50,50,190,34964.22906187732,1.9919152807789724,6.769072955670708,0.12949530871722703
UAV_0060,telemetry_22,5,5,190,23239.621352572987,42.014154897379846,-50.40586476979661,-19.34652844343691
UAV_0060,telemetry_22,20,20,190,23185.158252734287,66.22162459989694,98.77218587840252,7.661432942161222
UAV_0060,telemetry_22,50,50,190,23103.784831102876,95.11368768892972,169.42780557016886,5.2279684578034455
UAV_0060,telemetry_23,5,5,190,-17485.63652287154,13.170950170600742,-24.85243566619829,-7.463325447028183
UAV_0060,telemetry_23,20,20,190,-17465.399732161197,20.120798883163268,-68.96063589902042,-3.1475974526333377
UAV_0060,telemetry_23,50,50,190,-17431.343808719103,32.276364312196606,-114.04647528450732,-2.116486401588178
UAV_0060,telemetry_25,5,5,190,-174.15669084062012,0.3864803387370854,-0.5772869598064858,-0.054690343560613995
UAV_0060,telemetry_25,20,20,190,-173.65384351510446,0.4846624508085847,-1.3672585890153641,-0.06663815044540987
UAV_0060,telemetry_25,50,50,190,-172.8659987325896,0.7966175553621018,-2.4002984118269524,-0.05062413074206181
UAV_0060,telemetry_26,5,5,190,-7670.94957209946,14.075944878168434,-21.815842321192576,-6.688277974786797
UAV_0060,telemetry_26,20,20,190,-7631.379652836613,30.762805060532994,-93.2914309787866,-5.097629400319156
UAV_0060,telemetry_26,50,50,190,-7581.639532344292,48.1698299491077,-169.64687910296198,-3.2187499284211905
UAV_0060,telemetry_28,5,5,190,-9925.701517524707,25.91259927151988,52.480917611772384,10.038378966806885
UAV_0060,telemetry_28,20,20,190,-9862.586173639096,54.730641037942675,-50.54018856509356,-6.949610841892217
UAV_0060,telemetry_28,50,50,190,-9811.769258530192,60.300948577261316,-180.97449845087976,-3.492455036535317
UAV_0061,telemetry_07,5,5,199,140.5912754437698,0.0,0.0,0.0
UAV_0061,telemetry_07,20,20,199,140.59127544376983,2.9160058604848984e-14,0.0,0.0
UAV_0061,telemetry_07,50,50,199,140.59127544376977,2.8710262101646174e-14,0.0,0.0
UAV_0061,telemetry_13,5,5,199,7148.219408302914,3.531621558580694,1.4418590458553808,0.9525682250260615
UAV_0061,telemetry_13,20,20,199,7146.159127922093,3.399033237781595,0.2393782375884257,0.24103897661577314
UAV_0061,telemetry_13,50,50,199,7143.01775762293,4.355539590454637,17.838727404832753,0.18837815100711922
UAV_0061,telemetry_15,5,5,199,50467.559082071675,26.824383424855775,-20.600232587465143,-0.12335468615201535
UAV_0061,telemetry_15,20,20,199,50386.35469217748,60.13846282486746,143.70820936765813,9.480688735720342
UAV_0061,telemetry_15,50,50,199,50276.47033775283,103.60874954316209,293.3374436706363,6.814959908447819
UAV_0061,telemetry_16,5,5,199,-701.8832943355953,3.7598888172846237,-5.2029221589957615,-1.56087664769874
UAV_0061,telemetry_16,20,20,199,-701.3630021196959,2.633215049391607,-5.2029221589957615,-0.16169482398884208
UAV_0061,telemetry_16,50,50,199,-700.3571038356234,2.255552317085903,-10.405844317991637,-0.07328645858209434
UAV_0061,telemetry_18,5,5,199,-103.32879230064634,0.002947542844914374,-0.00442067608740615,-0.0005191178347132563
UAV_0061,telemetry_18,20,20,199,-103.32696631270237,0.006093037574912627,-0.0018400862891496672,-0.0003673565440099946
UAV_0061,telemetry_18,50,50,199,-103.3270180644429,0.005760047332880423,0.0028731543212501265,1.7445222107389995e-05
UAV_0061,telemetry_19,5,5,199,33506.15505172372,0.4059712213666917,-0.5631886024857522,-0.0615106051445764
UAV_0061,telemetry_19,20,20,199,33506.04152051299,0.42242578714731494,0.355500436584407,0.02943711415293939
UAV_0061,telemetry_19,50,50,199,33505.63203912619,0.5509754710635582,0.001668862794758752,0.02437647559791324
UAV_0061,telemetry_21,5,5,199,34962.79284118064,0.5033433022659571,1.1772300792436,0.19129988787681212
UAV_0061,telemetry_21,20,20,199,34962.43231446887,0.4944914901940538,1.0300763193445164,0.04370356027277176
UAV_0061,telemetry_21,50,50,199,34962.23954304339,0.5375707540188959,1.4715375990563189,0.015376066341188063
UAV_0061,telemetry_22,5,5,199,23231.142678209973,44.11226180093939,56.378814063336904,12.645170699476875
UAV_0061,telemetry_22,20,20,199,23212.04380863968,69.07707208980628,98.18945911805349,5.67391845598617
UAV_0061,telemetry_22,50,50,199,23182.540352763437,66.44569552617259,111.1551295357167,2.0089662462062297
UAV_0061,telemetry_23,5,5,199,-17546.865209684678,5.53882508056872,-8.544326323313726,-1.9347559722329606
UAV_0061,telemetry_23,20,20,199,-17516.895141577712,23.22219644121467,-72.71675979852807,-3.6496240034137712
UAV_0061,telemetry_23,50,50,199,-17476.20127381458,39.29480891323063,-138.43390270886448,-2.61939293379802
UAV_0061,telemetry_25,5,5,199,-174.33899198582213,0.17794476114558927,0.21268466940236408,0.06380540082071207
UAV_0061,telemetry_25,20,20,199,-173.87868159418696,0.3787050809775751,-0.6684375324075233,-0.0505554428987625
UAV_0061,telemetry_25,50,50,199,-173.42748625981187,0.5156255039617604,-1.2761080164143266,-0.028073938663287504
UAV_0061,telemetry_26,5,5,199,-7444.150927126111,2.590223727212955,3.875182517581379,0.358813196072515
UAV_0061,telemetry_26,20,20,199,-7450.3512191542395,7.094273180185968,7.032738643017183,0.7625185093072809
UAV_0061,telemetry_26,50,50,199,-7455.400438449369,6.932834001351682,17.510083968327308,0.3360455726729799
UAV_0061,telemetry_28,5,5,199,-9918.082170519492,43.910998454375935,-31.950783713367855,-13.637704815190773
UAV_0061,telemetry_28,20,20,199,-9899.161321682328,29.739581199970626,-18.18796476341595,-2.4587217773603998
UAV_0061,telemetry_28,50,50,199,-9867.730987188,40.85847550377667,-90.0398909626474,-2.066496515420736
UAV_0062,telemetry_07,5,5,246,140.71160362240556,0.04707604124451628,0.08594869902555047,0.008594869902555046
UAV_0062,telemetry_07,20,20,246,140.6901164476492,0.031487095187570084,0.08594869902555047,0.002649546360938022
UAV_0062,telemetry_07,50,50,246,140.67206722085382,0.03646494474907701,0.17189739805110094,0.001580713168152981
UAV_0062,telemetry_13,5,5,246,7145.078025908139,0.7453139458059562,1.2447365523876215,0.22842016811555368
UAV_0062,telemetry_13,20,20,246,7141.86791999384,3.0174926499341685,4.239376850283406,0.34978880636238097
UAV_0062,telemetry_13,50,50,246,7138.266888638654,4.293492477043432,6.741658246060979,0.2057345386752518
UAV_0062,telemetry_15,5,5,246,50326.19461174092,20.787625425427525,43.790913584132795,6.593307974850177
UAV_0062,telemetry_15,20,20,246,50269.85852657507,43.10569825202964,113.05456985876663,6.650301549769013
UAV_0062,telemetry_15,50,50,246,50190.63768003421,76.13112766093698,231.96848730977945,4.9729916021136376
UAV_0062,telemetry_16,5,5,246,-701.5364328583291,1.7343073863319205,3.468614772663841,0.5202922158995762
UAV_0062,telemetry_16,20,20,246,-700.9294252731129,1.889394063087,-1.7343073863320342,-0.14213496624825975
UAV_0062,telemetry_16,50,50,246,-698.865599483378,2.507381513001931,-3.4686147726639547,-0.13832819057370374
UAV_0062,telemetry_18,5,5,246,-103.17122980071663,0.04005342279030456,-0.0035745361912375984,0.007479685926023194
UAV_0062,telemetry_18,20,20,246,-103.15679591500466,0.0209362990109745,0.0012774587587500719,-0.0009147254587830495
UAV_0062,telemetry_18,50,50,246,-103.15376003114879,0.01870592945573395,0.0019392252818448696,-0.00018809236961355797
UAV_0062,telemetry_19,5,5,246,33511.4457602036,0.3639350223383471,0.8337795169354649,0.22670083638440702
UAV_0062,telemetry_19,20,20,246,33510.0550506368,1.1102466902968686,3.464242095084046,0.1788276275661113
UAV_0062,telemetry_19,50,50,246,33508.1845575109,1.795431649436161,5.923769317021652,0.11864227582169484
UAV_0062,telemetry_21,5,5,246,34968.09037653725,0.5139859866434664,0.29430751981271897,0.07357687995317974
UAV_0062,telemetry_21,20,20,246,34966.77335038609,1.0983740175359382,3.2373827179253567,0.1729333283705068
UAV_0062,telemetry_21,50,50,246,34964.95011530085,1.8045150541352406,4.7089203169889515,0.11866281345020525
UAV_0062,telemetry_22,5,5,246,23259.638016790817,80.88387288894387,58.27267603444852,24.372546751408663
UAV_0062,telemetry_22,20,20,246,23204.21341779755,79.02955936567677,270.093853419683,8.475278774747485
UAV_0062,telemetry_22,50,50,246,23129.51513120589,97.0234520464305,269.80249003951394,5.150367161855088
UAV_0062,telemetry_23,5,5,246,-17496.487629558418,5.916562141815995,-11.625208848076,-2.1660317595960805
UAV_0062,telemetry_23,20,20,246,-17472.597572643648,17.285795595798827,-61.714124456473655,-2.8095771125820885
UAV_0062,telemetry_23,50,50,246,-17440.771201975997,30.663218186319682,-107.17603303705619,-2.011723173765097
UAV_0062,telemetry_25,5,5,246,-174.770438029467,0.45807634384006046,0.15191762100172923,-0.0881122201809859
UAV_0062,telemetry_25,20,20,246,-173.98958145751817,0.6277206532017588,-1.5495597342174108,-0.08658162159345355
UAV_0062,telemetry_25,50,50,246,-173.21783994282956,0.8240843330905461,-3.0991194684347647,-0.05144846165073823
UAV_0062,telemetry_26,5,5,246,-7673.87748777941,9.176306382686729,-23.39462038390957,-5.037737272854156
UAV_0062,telemetry_26,20,20,246,-7642.065109815645,26.2283117381499,-88.12452095534536,-4.327664842732506
UAV_0062,telemetry_26,50,50,246,-7597.062758764264,43.984762330709266,-160.60478656194027,-2.9566276276055117
UAV_0062,telemetry_28,5,5,246,-9881.05335468419,20.978553759247106,9.187121129609295,-3.1026448931477715
UAV_0062,telemetry_28,20,20,246,-9858.128524426646,27.71009541551151,-61.89695253031459,-3.6077882902220413
UAV_0062,telemetry_28,50,50,246,-9817.551253679248,49.63897573412042,-85.31427367110518,-2.924001770757875
UAV_0063,telemetry_07,5,5,231,140.5912754437698,0.0,0.0,0.0
UAV_0063,telemetry_07,20,20,231,140.59127544376983,2.9160058604848984e-14,0.0,0.0
UAV_0063,telemetry_07,50,50,231,140.59127544376977,2.8710262101646174e-14,0.0,0.0
UAV_0063,telemetry_13,5,5,231,7147.233017847024,3.7282819531266336,-6.135797449620441,-0.3811136542686654
UAV_0063,telemetry_13,20,20,231,7144.519221035135,3.906204405832254,-5.119810672579661,0.1330232011872904
UAV_0063,telemetry_13,50,50,231,7142.971105835838,3.792250638056495,7.1516961450788585,0.11909504412564091
UAV_0063,telemetry_15,5,5,231,49984.87219515695,34.24138673102834,84.00454126985278,16.43084419551378
UAV_0063,telemetry_15,20,20,231,49998.68175227173,23.508230195742854,-5.427606190707593,-1.3696080078298165
UAV_0063,telemetry_15,50,50,231,49993.59953920224,21.0704893692903,29.173383275061497,0.2155375098378437
UAV_0063,telemetry_16,5,5,231,-702.230155812862,1.5512116838872656,0.0,-0.3468614772663841
UAV_0063,telemetry_16,20,20,231,-701.5364328583291,1.3782877501761206,-3.468614772663841,-0.09910327921896689
UAV_0063,telemetry_16,50,50,231,-700.0102423583569,1.9394894074467077,-5.202922158995875,-0.08994247189620755
UAV_0063,telemetry_18,5,5,231,-103.32551145947843,0.0044912127196539186,0.008930237422489995,0.0025956179330506755
UAV_0063,telemetry_18,20,20,231,-103.32617005866659,0.006446380353179144,0.002181722938985331,5.424979472979287e-05
UAV_0063,telemetry_18,50,50,231,-103.32748585152598,0.005566628771265844,0.01648935995586953,0.00010886042735901184
UAV_0063,telemetry_19,5,5,231,33507.89058707172,0.3955376659476634,0.02543636007612804,0.01958698614835157
UAV_0063,telemetry_19,20,20,231,33507.17010377993,0.6289823187959569,2.163184092431038,0.08015141965370823
UAV_0063,telemetry_19,50,50,231,33506.66046116173,0.7207945759062238,2.4986228269699495,0.035154809715788944
UAV_0063,telemetry_21,5,5,231,34963.99950201186,0.49902267896965025,0.588615039618162,0.0882922559430881
UAV_0063,telemetry_21,20,20,231,34963.82291749997,0.45443697407213457,0.8829225594308809,0.015711153313091735
UAV_0063,telemetry_21,50,50,231,34963.20192863317,0.733717800803497,3.090228958018997,0.03656762100904413
UAV_0063,telemetry_22,5,5,231,23237.931444967984,71.87811168765984,-176.12916331412998,-32.63269857929299
UAV_0063,telemetry_22,20,20,231,23224.86379736726,61.627331705176424,-63.37153518746709,0.6335510492166208
UAV_0063,telemetry_22,50,50,231,23179.24211929989,74.36582771836845,75.31743377452949,3.2704402652444498
UAV_0063,telemetry_23,5,5,231,-17383.390605552115,6.099849377112276,9.206255399130896,3.1004240552974807
UAV_0063,telemetry_23,20,20,231,-17386.88837862075,6.285252207213904,1.6971101104354602,0.13978142427114565
UAV_0063,telemetry_23,50,50,231,-17380.972169759087,8.731753737014898,-11.830752252539241,-0.3384503966051919
UAV_0063,telemetry_25,5,5,231,-174.32683857614197,0.37520884555402756,0.030383524200345846,-0.04253693388047566
UAV_0063,telemetry_25,20,20,231,-174.1247881402097,0.29197402744324114,-0.54690343560614,-0.03168567523749833
UAV_0063,telemetry_25,50,50,231,-173.64199394066634,0.47770035859264975,-1.0026562986112708,-0.02704243078287255
UAV_0063,telemetry_26,5,5,231,-7439.873873828929,3.033786261240586,2.0093538980045196,0.12917275058580344
UAV_0063,telemetry_26,20,20,231,-7444.681970656299,5.368790585168718,20.237064258476494,0.6884896814860221
UAV_0063,telemetry_26,50,50,231,-7451.020046951718,7.655588808257043,19.662963144759487,0.40763935861870243
UAV_0063,telemetry_28,5,5,231,-9950.392186313848,29.53061357359722,12.10237825690092,5.912694764419212
UAV_0063,telemetry_28,20,20,231,-9918.191518232832,31.018134922838133,-76.72048470333903,-3.1746370265529342
UAV_0063,telemetry_28,50,50,231,-9880.531876984149,41.13444174402202,-120.21301018367558,-2.24022493910914
UAV_0064,telemetry_07,5,5,195,140.5912754437698,0.0,0.0,0.0
UAV_0064,telemetry_07,20,20,195,140.59127544376983,2.9160058604848984e-14,0.0,0.0
UAV_0064,telemetry_07,50,50,195,140.59127544376977,2.8710262101646174e-14,0.0,0.0
UAV_0064,telemetry_13,5,5,195,7150.437069322463,4.233547216995496,11.587276610182926,2.111526247779966
UAV_0064,telemetry_13,20,20,195,7145.407111766736,5.560327897722173,11.487463342416959,0.6464784895349215
UAV_0064,telemetry_13,50,50,195,7141.6745907021095,5.576681185238716,19.97152235401427,0.26156250611699833
UAV_0064,telemetry_15,5,5,195,50759.107882793105,53.27549158710588,132.2979008985567,33.60798424224922
UAV_0064,telemetry_15,20,20,195,50619.319268577936,110.01085287517353,342.0625447008788,18.221852215774305
UAV_0064,telemetry_15,50,50,195,50449.51229148756,166.00913411762994,607.5218293010475,11.0867104771802
UAV_0064,telemetry_16,5,5,195,-703.270740244661,2.1240840768265707,0.0,0.0
UAV_0064,telemetry_16,20,20,195,-701.796578966279,1.8893940630869759,-3.468614772663841,-0.15256689037656873
UAV_0064,telemetry_16,50,50,195,-699.628694733364,2.433838128044177,-6.937229545327796,-0.13149922511491788
UAV_0064,telemetry_18,5,5,195,-103.32865768298002,0.0029428987560500236,0.0029251658014999293,-1.152107347479614e-06
UAV_0064,telemetry_18,20,20,195,-103.32766703041167,0.006186164107728046,0.006888018325369671,3.4848162815180326e-05
UAV_0064,telemetry_18,50,50,195,-103.32773151745567,0.005151435885465465,-0.0028235162121887925,1.2582799587524126e-05
UAV_0064,telemetry_19,5,5,195,33505.98045136393,0.6199079056492119,1.5675051445577992,0.2518578646428068
UAV_0064,telemetry_19,20,20,195,33505.57488285341,0.5815882916160815,1.362800174028962,0.05263653459060562
UAV_0064,telemetry_19,50,50,195,33505.13983223027,0.6256702348669144,1.459746375825489,0.029321398499634832
UAV_0064,telemetry_21,5,5,195,34963.05771794847,0.5160881875866734,1.0300763193372404,0.2795921438199002
UAV_0064,telemetry_21,20,20,195,34962.226299205,0.6571817861201136,1.6186913589626784,0.07424073150122465
UAV_0064,telemetry_21,50,50,195,34961.71861873332,0.6391853035399109,1.7658451188690378,0.03266707476807198
UAV_0064,telemetry_22,5,5,195,23216.603645539377,79.15629075651687,144.22487318527055,28.14570252464073
UAV_0064,telemetry_22,20,20,195,23206.486052162894,60.31726583829856,80.27061123746171,-0.012596537112480483
UAV_0064,telemetry_22,50,50,195,23161.27082601086,73.38407380817492,229.74002526582626,2.5154838189493898
UAV_0064,telemetry_23,5,5,195,-17645.10279038376,19.17003757128021,-37.62622038495829,-11.400767990953682
UAV_0064,telemetry_23,20,20,195,-17596.446994404585,40.14483659357641,-102.61348577228637,-6.53674348876465
UAV_0064,telemetry_23,50,50,195,-17533.951929811676,60.34403171351496,-206.51217936565445,-3.9931002205575847
UAV_0064,telemetry_25,5,5,195,-174.2053044793406,0.25870638638303634,-0.27345171780305577,-0.06684375324074665
UAV_0064,telemetry_25,20,20,195,-173.78753102158595,0.44978365458586433,-0.7899716292088499,-0.04854510445543173
UAV_0064,telemetry_25,50,50,195,-173.17044164507703,0.632237501143295,-1.5191762100170365,-0.03557753842138387
UAV_0064,telemetry_26,5,5,195,-7448.686325924466,4.324138201538479,8.611516705734175,2.482987316819981
UAV_0064,telemetry_26,20,20,195,-7454.850736632987,5.603753107087245,23.10756982705334,0.683417735556549
UAV_0064,telemetry_26,50,50,195,-7460.3750245997135,6.92054194749862,16.648932297752253,0.3416349604667777
UAV_0064,telemetry_28,5,5,195,-9927.54853371769,26.5200348646031,-56.601618453405536,-8.13313711132123
UAV_0064,telemetry_28,20,20,195,-9890.468787630834,41.71328160687389,-156.69733754368826,-5.775479219562376
UAV_0064,telemetry_28,50,50,195,-9850.46175661472,48.14856569518528,-161.95496789268873,-2.590167103447514
UAV_0065,telemetry_07,5,5,234,140.5912754437698,0.0,0.0,0.0
UAV_0065,telemetry_07,20,20,234,140.59127544376983,2.9160058604848984e-14,0.0,0.0
UAV_0065,telemetry_07,50,50,234,140.59127544376977,2.8710262101646174e-14,0.0,0.0
UAV_0065,telemetry_13,5,5,234,7148.862743497212,2.146230699558791,2.4989721850352,0.6395672479412496
UAV_0065,telemetry_13,20,20,234,7145.541429958728,3.774771045549433,12.243406871778461,0.43693679136513175
UAV_0065,telemetry_13,50,50,234,7142.033375748971,4.524077833678839,14.556308824183361,0.2137475643070668
UAV_0065,telemetry_15,5,5,234,49886.25012357803,15.728968075575557,-33.614151976544235,-9.411962553433842
UAV_0065,telemetry_15,20,20,234,49910.78537065377,28.6535927589544,-78.20687102067313,-3.5731122436277123
UAV_0065,telemetry_15,50,50,234,49938.06525949638,33.99346614914254,-101.64426138965791,-1.955552353600349
UAV_0065,telemetry_16,5,5,234,-701.5364328583291,1.2263405135372185,3.468614772663841,0.6937229545327682
UAV_0065,telemetry_16,20,20,234,-700.8427099037964,1.4234894673903709,0.0,-0.10431924128312527
UAV_0065,telemetry_16,50,50,234,-698.9696579265579,2.2501027988142535,-5.202922158995875,-0.12208857759244425
UAV_0065,telemetry_18,5,5,234,-103.32765945255592,0.005789207621023762,-0.008372245547860757,-0.0030779557960798343
UAV_0065,telemetry_18,20,20,234,-103.32811817395297,0.005610674933399686,-0.0002170854932757038,-6.726709648585281e-05
UAV_0065,telemetry_18,50,50,234,-103.32866833464178,0.005172875542838961,-0.004258181713396425,3.522320478721161e-05
UAV_0065,telemetry_19,5,5,234,33508.07658929133,0.5137503739697636,0.4592308182618581,0.10653706642042379
UAV_0065,telemetry_19,20,20,234,33507.508509972075,0.5784991351660241,-0.4406085367954802,0.055824253837461146
UAV_0065,telemetry_19,50,50,234,33506.83478740902,0.812280411045934,2.5097434804338263,0.0471928958646295
UAV_0065,telemetry_21,5,5,234,34964.76470156338,0.49247067466941813,0.14715375989908352,-1.4551915228366853e-12
UAV_0065,telemetry_21,20,20,234,34964.43360560358,0.5108164642089712,0.5886150396254379,0.03286065164830052
UAV_0065,telemetry_21,50,50,234,34963.57275610814,0.9231731074714359,2.6487676783071947,0.055293069448494166
UAV_0065,telemetry_22,5,5,234,23270.68068889935,79.38560090184727,-56.08745068315693,-10.853285911416242
UAV_0065,telemetry_22,20,20,234,23219.910619904334,65.67927256165007,95.27582531633016,4.385566547119053
UAV_0065,telemetry_22,50,50,234,23164.333055136474,77.12769527762818,184.57870133912365,3.7458347724800887
UAV_0065,telemetry_23,5,5,234,-17345.00130379659,6.806023609947932,-9.376392555685015,-0.6559291113480867
UAV_0065,telemetry_23,20,20,234,-17354.8749222626,9.291191411704272,3.6471648064543842,0.9531642717850698
UAV_0065,telemetry_23,50,50,234,-17360.11371858731,10.393990112852629,36.61718731738438,0.46879309963408383
UAV_0065,telemetry_25,5,5,234,-174.30860846162176,0.1779447611455973,0.030383524200345846,0.04253693388048134
UAV_0065,telemetry_25,20,20,234,-173.8984308849172,0.45632818769830724,-1.2457244922139807,-0.05194897295607203
UAV_0065,telemetry_25,50,50,234,-173.5149908095089,0.5302894523999343,-0.9722727744108965,-0.028707141520571907
UAV_0065,telemetry_26,5,5,234,-7439.672938439129,5.062191709311703,-0.28705055685713887,0.15787780627188114
UAV_0065,telemetry_26,20,20,234,-7443.79211393004,5.554046660131504,3.444606682293852,0.6606479357456393
UAV_0065,telemetry_26,50,50,234,-7452.377796085656,8.991212950397,24.112246776056963,0.5576155211104664
UAV_0065,telemetry_28,5,5,234,-9966.318684964253,31.93769287035069,-81.83606926090397,-16.048531394552448
UAV_0065,telemetry_28,20,20,234,-9918.974597532975,41.40992452111274,-162.3758724670024,-5.228721861374694
UAV_0065,telemetry_28,50,50,234,-9875.29588979875,49.79532392139904,-195.31274628386382,-2.9319507569471015
UAV_0066,telemetry_07,5,5,165,140.5912754437698,0.0,0.0,0.0
UAV_0066,telemetry_07,20,20,165,140.59127544376983,2.9160058604848984e-14,0.0,0.0
UAV_0066,telemetry_07,50,50,165,140.59127544376977,2.8710262101646174e-14,0.0,0.0
UAV_0066,telemetry_13,5,5,165,7143.937671144764,2.85909592434536,-0.19811013874732453,-0.37452764791351
UAV_0066,telemetry_13,20,20,165,7144.377783849266,2.963059413062944,0.08837148030852404,0.16236375602852707
UAV_0066,telemetry_13,50,50,165,7140.585546497082,4.502961890893159,8.561995953772566,0.2399900081886477
UAV_0066,telemetry_15,5,5,165,50124.29999691512,8.786586419099557,15.2959810829052,3.9165112853406754
UAV_0066,telemetry_15,20,20,165,50111.97377990133,13.031811442425987,50.760453351751494,1.5506055040906566
UAV_0066,telemetry_15,50,50,165,50092.85688741485,23.82213715544795,81.47577020371682,1.090769365485571
UAV_0066,telemetry_16,5,5,165,-702.2301558128618,1.5512116838872656,1.7343073863319205,0.6937229545327682
UAV_0066,telemetry_16,20,20,165,-700.4091330572135,1.8036621279813223,-3.4686147726639547,-0.1760387196652721
UAV_0066,telemetry_16,50,50,165,-698.4146795629317,2.3504406444268082,-3.4686147726639547,-0.12142233705987987
UAV_0066,telemetry_18,5,5,165,-103.32988983100354,0.00706790831485213,0.001562523583146458,0.0011963105751306101
UAV_0066,telemetry_18,20,20,165,-103.32639854778184,0.00600448641835002,-0.00476152969842758,-0.00032792449385752855
UAV_0066,telemetry_18,50,50,165,-103.32649242153742,0.005851669483765965,0.007843921180850089,-7.893551114384885e-06
UAV_0066,telemetry_19,5,5,165,33507.01150412492,0.5132782035380387,0.5513482104288414,0.042962822796835096
UAV_0066,telemetry_19,20,20,165,33506.52809818455,0.5534596228367684,-0.07331288266868796,0.04941400757317232
UAV_0066,telemetry_19,50,50,165,33505.685446169206,0.9222340965534461,2.6812098442896968,0.05491258682934738
UAV_0066,telemetry_21,5,5,165,34963.646332988086,0.41097808533354596,-1.0300763193372404,-0.23544601584872
UAV_0066,telemetry_21,20,20,165,34963.22694477237,0.5903068128827059,0.29430751981271897,0.059857281285015995
UAV_0066,telemetry_21,50,50,165,34962.46321675844,0.8383311112184999,1.0300763193445164,0.04803607490225843
UAV_0066,telemetry_22,5,5,165,23221.032368917997,60.44661438916991,117.71080558959511,19.972959710808574
UAV_0066,telemetry_22,20,20,165,23190.584895689994,79.87181873439363,98.48082249822619,5.521445589369653
UAV_0066,telemetry_22,50,50,165,23131.77902466983,90.78055235267209,234.54752103866485,4.357935718499148
UAV_0066,telemetry_23,5,5,165,-17424.611314672416,9.07673399142419,-18.442651777131687,-4.357182208043014
UAV_0066,telemetry_23,20,20,165,-17420.735133167327,9.826134832623493,-10.35275334051039,-0.8410948240069416
UAV_0066,telemetry_23,50,50,165,-17408.76057297176,13.162610917573957,-17.850127406221873,-0.6572449934601491
UAV_0066,telemetry_25,5,5,165,-174.37545221486255,0.271418591327216,-0.5165199114057941,-0.09115057260102333
UAV_0066,telemetry_25,20,20,165,-173.88020077039698,0.5265442090257275,-1.3368750648150183,-0.06995063992589869
UAV_0066,telemetry_25,50,50,165,-173.25794619477398,0.7467606303029389,-2.0356961214228306,-0.04513102300548131
UAV_0066,telemetry_26,5,5,165,-7445.959345634316,5.44583401671321,7.893890313589509,0.6171586972443037
UAV_0066,telemetry_26,20,20,165,-7450.8535576287395,5.779201583962773,9.042092541020793,0.6308637426280865
UAV_0066,telemetry_26,50,50,165,-7457.926483349716,7.655823836048444,24.399297332914102,0.4542015089699818
UAV_0066,telemetry_28,5,5,165,-9926.030276443184,29.3750793881584,13.55547760148329,1.630048950793571
UAV_0066,telemetry_28,20,20,165,-9892.471912096662,35.0529615296649,-95.25663150610308,-3.5387209319143773
UAV_0066,telemetry_28,50,50,165,-9842.17338800508,55.91680028522216,-149.768016637252,-3.2126237104635704
UAV_0067,telemetry_07,5,5,263,140.5912754437698,0.0,0.0,0.0
UAV_0067,telemetry_07,20,20,263,140.59127544376983,2.9160058604848984e-14,0.0,0.0
UAV_0067,telemetry_07,50,50,263,140.59127544376977,2.8710262101646174e-14,0.0,0.0
UAV_0067,telemetry_13,5,5,263,7143.714845846861,1.8649508253344491,4.737572699464181,1.0424804554308138
UAV_0067,telemetry_13,20,20,263,7145.399701007409,2.5018329326878015,-0.8295242735594002,-0.08975048919716065
UAV_0067,telemetry_13,50,50,263,7143.553593574851,4.116047091611534,-2.095916001752812,0.12358897899443952
UAV_0067,telemetry_15,5,5,263,49947.27368681767,15.720609841295149,-31.208735596577753,-3.5341117582691366
UAV_0067,telemetry_15,20,20,263,49969.9524458668,22.0162925925801,-33.305765261167835,-1.5403568628728965
UAV_0067,telemetry_15,50,50,263,49980.15511195848,23.307584143274333,-68.3384961284828,-0.7031542897378432
UAV_0067,telemetry_16,5,5,263,-702.2301558128619,0.9499192771418197,0.0,0.17343073863319206
UAV_0067,telemetry_16,20,20,263,-700.7559945344798,1.7320238996453534,-1.7343073863319205,-0.11083919386331952
UAV_0067,telemetry_16,50,50,263,-699.9755562106304,1.8623112107092572,-1.7343073863319205,-0.05321596253858913
UAV_0067,telemetry_18,5,5,263,-103.32623893675154,0.005518548973115457,-0.0007349336406718976,-0.0010198616139632578
UAV_0067,telemetry_18,20,20,263,-103.32691808680447,0.004804843220612796,0.0048164570809206,0.00017504752353746304
UAV_0067,telemetry_18,50,50,263,-103.32659242385618,0.005489991907765991,0.007093491697688137,-2.304198796279558e-05
UAV_0067,telemetry_19,5,5,263,33507.636913704184,0.3168171869736769,-0.13893910836486612,-0.08639487776890746
UAV_0067,telemetry_19,20,20,263,33507.22599299,0.44209675021399464,0.29409233885235153,0.039252274894572205
UAV_0067,telemetry_19,50,50,263,33506.92573989197,0.5712624912546149,0.24367054476897465,0.022509127603851146
UAV_0067,telemetry_21,5,5,263,34964.29380953168,0.4535583490763781,0.7357687995317974,0.17658451188763138
UAV_0067,telemetry_21,20,20,263,34964.08779426781,0.4663196838625194,0.5886150396327139,0.021685817249626302
UAV_0067,telemetry_21,50,50,263,34963.74934062002,0.565056986323514,1.6186913589699543,0.022661325715191617
UAV_0067,telemetry_22,5,5,263,23220.216551453508,54.92647949310371,79.83356616719902,22.04163971003145
UAV_0067,telemetry_22,20,20,263,23221.076073425018,49.98378129628464,79.25083940685363,1.1654535206890826
UAV_0067,telemetry_22,50,50,263,23183.790301664372,65.4223138018514,158.50167881370726,2.315516898847943
UAV_0067,telemetry_23,5,5,263,-17376.22799548176,5.331898802562575,-0.18691477699758252,-1.5301432690499497
UAV_0067,telemetry_23,20,20,263,-17374.988324357393,9.23109008832047,11.176481506561686,-0.21641631090716879
UAV_0067,telemetry_23,50,50,263,-17376.966502856998,8.668415050131328,-0.2829072068743699,0.10386640168038294
UAV_0067,telemetry_25,5,5,263,-174.44837267294335,0.2323892741838971,-0.5165199114058225,-0.10634233470120194
UAV_0067,telemetry_25,20,20,263,-174.36633715760243,0.3082960591353505,-0.85073867760957,-0.014666332734300165
UAV_0067,telemetry_25,50,50,263,-174.0072039015544,0.4504614555167911,-0.85073867760957,-0.022258393527030306
UAV_0067,telemetry_26,5,5,263,-7439.070132269728,3.0554371069284234,-2.152879176433089,-0.3731657239149172
UAV_0067,telemetry_26,20,20,263,-7444.6747943923765,5.341940883995129,11.194971717452972,0.6650723992159916
UAV_0067,telemetry_26,50,50,263,-7449.151347826573,6.240644501669982,19.37591258790235,0.3062791535836913
UAV_0067,telemetry_28,5,5,263,-9940.740664733654,21.80222544075782,39.44372124714573,6.6667219391933035
UAV_0067,telemetry_28,20,20,263,-9927.109907169837,23.93082457970495,-6.177364817533089,-2.2929561620010057
UAV_0067,telemetry_28,50,50,263,-9897.704609842891,36.38517598664189,-13.424239283020142,-1.7739788906336058
UAV_0068,telemetry_07,5,5,201,140.5912754437698,0.0,0.0,0.0
UAV_0068,telemetry_07,20,20,201,140.59127544376983,2.9160058604848984e-14,0.0,0.0
UAV_0068,telemetry_07,50,50,201,140.59127544376977,2.8710262101646174e-14,0.0,0.0
UAV_0068,telemetry_13,5,5,201,7144.126627663587,2.8017978761700024,1.80520171471926,-0.0624187275136137
UAV_0068,telemetry_13,20,20,201,7142.989524578651,3.4133486424071657,8.901396555034808,0.24617887900569763
UAV_0068,telemetry_13,50,50,201,7139.560617728234,4.453352528003865,6.191941943383426,0.21211928004024064
UAV_0068,telemetry_15,5,5,201,50855.31220252343,50.07234367337717,108.55212381418823,24.36255051511689
UAV_0068,telemetry_15,20,20,201,50701.636934514645,115.64891690284968,406.88543227400805,19.059597480941246
UAV_0068,telemetry_15,50,50,201,50508.866865823555,186.80631269133593,685.6670229786469,12.54877300543908
UAV_0068,telemetry_16,5,5,201,-702.9238787673946,1.4510256638667078,-1.7343073863319205,-0.17343073863319206
UAV_0068,telemetry_16,20,20,201,-700.8427099037964,2.1352342010855527,-5.2029221589957615,-0.28166195146443646
UAV_0068,telemetry_16,50,50,201,-698.7268548924715,2.7341102219790097,-6.937229545327796,-0.13966067163883256
UAV_0068,telemetry_18,5,5,201,-101.69986609521071,0.13465888698342368,0.10329794345859966,0.02765585658110581
UAV_0068,telemetry_18,20,20,201,-101.70228516694951,0.09970009689897996,0.29997603617056257,0.0025279642933195446
UAV_0068,telemetry_18,50,50,201,-101.75090973102662,0.10001621729054522,0.3356909716284662,0.0036077330495311124
UAV_0068,telemetry_19,5,5,201,33507.75546329963,2.599638139792915,5.401288420347555,1.387583651670866
UAV_0068,telemetry_19,20,20,201,33505.77261724522,1.7176252299453099,6.742364517638634,0.19431011411500898
UAV_0068,telemetry_19,50,50,201,33504.89446984449,1.345382676323484,8.237646930007031,0.05868634944026778
UAV_0068,telemetry_21,5,5,201,34963.88177900393,3.2464000494081082,6.32761167595163,1.8099912468424009
UAV_0068,telemetry_21,20,20,201,34962.32194914894,1.7776810193140289,6.621919195764349,0.16242234552009083
UAV_0068,telemetry_21,50,50,201,34961.527318845445,1.3378297050848225,7.651995515108865,0.053759702538522136
UAV_0068,telemetry_22,5,5,201,23266.01887481659,39.1543223134815,-14.422487318526692,5.288245350126454
UAV_0068,telemetry_22,20,20,201,23225.439240043102,54.70131217784727,142.33101121414802,3.329538596652664
UAV_0068,telemetry_22,50,50,201,23146.877475030353,90.28672518617499,274.4643041222698,4.394746141223443
UAV_0068,telemetry_23,5,5,201,-17683.670450311638,19.385391212468274,-50.74098415896515,-12.07805447024839
UAV_0068,telemetry_23,20,20,201,-17621.703066305334,44.80127961343763,-154.15838145001908,-7.343900027909503
UAV_0068,telemetry_23,50,50,201,-17551.77038251219,68.4007987748098,-243.99600064852348,-4.5689336196440955
UAV_0068,telemetry_25,5,5,201,-173.79208855021596,0.2822562350887166,-0.030383524200345846,0.06380540082071207
UAV_0068,telemetry_25,20,20,201,-173.46698484127234,0.4189355740206582,-0.8507386776095416,-0.041988659759569
UAV_0068,telemetry_25,50,50,201,-172.88544418807777,0.6424285309258079,-1.7318608794194574,-0.03611882473486886
UAV_0068,telemetry_26,5,5,201,-6940.960622266617,14.969379176103399,11.905519803047355,5.273340617951635
UAV_0068,telemetry_26,20,20,201,-6965.860114141664,22.238304667547517,32.4047011926541,2.966879065169928
UAV_0068,telemetry_26,50,50,201,-6985.3621466139375,27.827587553871304,79.52683978903133,1.4666041981327747
UAV_0068,telemetry_28,5,5,201,-9932.964606170204,21.17112340585464,-29.171170356772564,-10.819747311632455
UAV_0068,telemetry_28,20,20,201,-9889.823494132736,35.597842972455986,-93.9456269161401,-4.110972782892121
UAV_0068,telemetry_28,50,50,201,-9835.340508085359,55.631665702834894,-191.0328566092594,-3.3061707132926172
UAV_0069,telemetry_07,5,5,170,140.5912754437698,0.0,0.0,0.0
UAV_0069,telemetry_07,20,20,170,140.59127544376983,2.9160058604848984e-14,0.0,0.0
UAV_0069,telemetry_07,50,50,170,140.59127544376977,2.8710262101646174e-14,0.0,0.0
UAV_0069,telemetry_13,5,5,170,7149.421738161797,3.0636141061898257,5.571228690308089,0.7700219995383122
UAV_0069,telemetry_13,20,20,170,7146.128653870217,3.2889597018750645,7.734233847301766,0.275923720738716
UAV_0069,telemetry_13,50,50,170,7143.380260819179,3.96160679308281,16.768665331629563,0.1645368646129671
UAV_0069,telemetry_15,5,5,170,49913.41282546881,16.40857293429438,14.309143593694898,0.4440768701497291
UAV_0069,telemetry_15,20,20,170,49914.174540655804,21.842574218480397,-20.230168529007642,-0.5582958896953888
UAV_0069,telemetry_15,50,50,170,49924.95635699897,21.60072453854756,-29.851834048902674,-0.5734141845374078
UAV_0069,telemetry_16,5,5,170,-701.1895713810627,2.2612601768671943,-1.7343073863319205,-0.8671536931659716
UAV_0069,telemetry_16,20,20,170,-700.1489869492636,2.222422218648517,-1.7343073863319205,-0.1460469377963738
UAV_0069,telemetry_16,50,50,170,-699.5246362901839,1.898545707210322,-1.7343073863319205,-0.0527995622057369
UAV_0069,telemetry_18,5,5,170,-103.32403507966663,0.0067501361182584485,-0.002062663960629152,0.000894401820411872
UAV_0069,telemetry_18,20,20,170,-103.32670953848893,0.007129359807425243,0.003674121158695698,0.00029666110206717024
UAV_0069,telemetry_18,50,50,170,-103.32610223263691,0.006299195916810826,-0.00691102977290825,1.7513277435608978e-05
UAV_0069,telemetry_19,5,5,170,33507.94027032938,0.3871433901229619,-0.49598801931279013,-0.023458938970725284
UAV_0069,telemetry_19,20,20,170,33507.56591560371,0.4992394819012288,0.8191154299929622,0.05868112621655494
UAV_0069,telemetry_19,50,50,170,33506.98652896798,0.6960884488541972,2.0579952174593927,0.037749066389034656
UAV_0069,telemetry_21,5,5,170,34964.55868629951,0.5244127277158356,-0.7357687995245215,-0.07357687995172454
UAV_0069,telemetry_21,20,20,170,34964.2643787797,0.49982138961231604,0.8829225594454329,0.04823987918751751
UAV_0069,telemetry_21,50,50,170,34963.755226770416,0.6490376584051741,1.3243838391572353,0.030038445779706376
UAV_0069,telemetry_22,5,5,170,23247.371618485566,42.90067297735725,29.42770139739514,4.967745631936123
UAV_0069,telemetry_22,20,20,170,23191.54639484456,52.03174492374823,123.8294365732072,4.215348993439523
UAV_0069,telemetry_22,50,50,170,23165.469372319145,61.97856495193652,159.81281402448803,1.9775073957707996
UAV_0069,telemetry_23,5,5,170,-17360.9544052436,6.074957973875646,14.261363341498509,1.9212363441121851
UAV_0069,telemetry_23,20,20,170,-17359.435911807508,6.765484505064662,4.5397992361213255,-0.5404683226740806
UAV_0069,telemetry_23,50,50,170,-17357.18409335208,8.856805072653165,-1.6553218496555928,-0.20354429638985602
UAV_0069,telemetry_25,5,5,170,-174.56383006490464,0.23079481779591704,-0.030383524200317424,0.009115057260106595
UAV_0069,telemetry_25,20,20,170,-174.1825168361904,0.475717834484127,-2.005312597222513,-0.060058860994508814
UAV_0069,telemetry_25,50,50,170,-173.75198229827154,0.5444119610824175,-1.5191762100170365,-0.029541685378559814
UAV_0069,telemetry_26,5,5,170,-7438.869196879928,6.243432096904525,-5.88453641558408,-0.6171586972441219
UAV_0069,telemetry_26,20,20,170,-7445.794291564123,6.288492812017916,6.6021628077296555,0.6844968729883312
UAV_0069,telemetry_26,50,50,170,-7451.203759308108,7.08260204174719,7.6068397567314605,0.3581963647435791
UAV_0069,telemetry_28,5,5,170,-9934.443402834326,28.82473314076227,8.229612894994716,0.9205982953484636
UAV_0069,telemetry_28,20,20,170,-9903.920624744758,28.6966865589174,-24.20601159888247,-2.7584692337415575
UAV_0069,telemetry_28,50,50,170,-9875.746921735015,36.990562353959646,-91.47811065430142,-1.9077125157202008
UAV_0070,telemetry_07,5,5,172,140.5912754437698,0.0,0.0,0.0
UAV_0070,telemetry_07,20,20,172,140.59127544376983,2.9160058604848984e-14,0.0,0.0
UAV_0070,telemetry_07,50,50,172,140.59127544376977,2.8710262101646174e-14,0.0,0.0
UAV_0070,telemetry_13,5,5,172,7147.784049456366,2.770267322967264,5.664749270430548,0.8044960156688831
UAV_0070,telemetry_13,20,20,172,7144.022748572568,3.511562238364527,8.86530945755112,0.3219757558156791
UAV_0070,telemetry_13,50,50,172,7140.174338786618,4.6556408025040605,16.142880566988424,0.23437179598347527
UAV_0070,telemetry_15,5,5,172,50042.392485309865,8.965624461216382,-4.317414015342365,-1.0115084264514735
UAV_0070,telemetry_15,20,20,172,50038.11207770037,17.495497465751647,19.18165369671624,0.1768702154082471
UAV_0070,telemetry_15,50,50,172,50036.27655997043,16.2360182357577,28.618287187375245,0.14450120377862155
UAV_0070,telemetry_16,5,5,172,-701.8832943355956,0.7756058419436329,0.0,0.17343073863319206
UAV_0070,telemetry_16,20,20,172,-700.4091330572134,1.6186325600597462,-3.4686147726639547,-0.1864706437935855
UAV_0070,telemetry_16,50,50,172,-698.9002856311047,2.166715915165971,-5.202922158995875,-0.09810391842012292
UAV_0070,telemetry_18,5,5,172,-103.32860646272013,0.0024084091150963277,-0.004062525455125865,-0.0012382156148674993
UAV_0070,telemetry_18,20,20,172,-103.32809446857841,0.005038767649027771,0.0003969459118167151,-0.00026671965866340627
UAV_0070,telemetry_18,50,50,172,-103.32893149188,0.005331383023394206,-0.011776448643004755,-2.3579037078802423e-05
UAV_0070,telemetry_19,5,5,172,33507.067526631734,0.43202067958138896,0.38542986075481167,0.19015473028630367
UAV_0070,telemetry_19,20,20,172,33506.71300107135,0.5761453418579161,1.5190143067520694,0.0712072658474221
UAV_0070,telemetry_19,50,50,172,33505.99254337981,0.745032132305217,2.210729175938468,0.04139166309619103
UAV_0070,telemetry_21,5,5,172,34964.2643787797,0.48135252246559374,1.0300763193445164,0.22073063985953922
UAV_0070,telemetry_21,20,20,172,34963.64633298809,0.6084187268704745,0.8829225594381569,0.07147468338308889
UAV_0070,telemetry_21,50,50,172,34962.81049963182,0.8898228339178155,2.6487676783071947,0.05248778528602635
UAV_0070,telemetry_22,5,5,172,23248.478799330223,56.1839905071321,-6.847039434043836,12.426648164347352
UAV_0070,telemetry_22,20,20,172,23191.568247098076,71.18890594756837,51.57131829049831,7.197661306202929
UAV_0070,telemetry_22,50,50,172,23141.533870637995,73.50583593273109,189.24051542187954,3.4115258991295416
UAV_0070,telemetry_23,5,5,172,-17400.080491090615,9.711714943806905,19.694752873649122,5.496612980198916
UAV_0070,telemetry_23,20,20,172,-17395.677234528353,8.22939687363229,-2.2541762141045183,-0.37074338127974643
UAV_0070,telemetry_23,50,50,172,-17389.818508009073,8.65738712233016,-3.211222777605144,-0.3086002546651044
UAV_0070,telemetry_25,5,5,172,-174.45444937778342,0.2746307574716076,-0.4253693388047566,-0.12761080164142982
UAV_0070,telemetry_25,20,20,172,-173.92577605669752,0.5292593450006171,-1.5799432584177566,-0.06816874903294601
UAV_0070,telemetry_25,50,50,172,-173.35213511979507,0.6578359127663813,-2.49144898442799,-0.03912143183231435
UAV_0070,telemetry_26,5,5,172,-7445.356539464914,4.280086480892044,7.6068397567314605,1.0764395882167264
UAV_0070,telemetry_26,20,20,172,-7448.987729009165,4.694811401915872,15.50073007032006,0.5697845639884109
UAV_0070,telemetry_26,50,50,172,-7456.3218707368815,7.643255650457436,16.648932297752253,0.4330776204521154
UAV_0070,telemetry_28,5,5,172,-9928.405461521892,26.103534359513375,-64.75775417821205,-12.101851878324851
UAV_0070,telemetry_28,20,20,172,-9903.91520786476,29.278572822743765,-117.59676371941532,-2.915154352413544
UAV_0070,telemetry_28,50,50,172,-9856.861634400102,50.440011183435544,-163.61479275584134,-2.9765966203408856
UAV_0071,telemetry_07,5,5,409,140.69441388260046,0.03843742671976016,0.0,0.0
UAV_0071,telemetry_07,20,20,409,140.68152157774662,0.01921871335988008,0.0,0.0009693462296114715
UAV_0071,telemetry_07,50,50,409,140.67894311677586,0.012154981583025668,0.0,0.00018572347928690378
UAV_0071,telemetry_13,5,5,409,7144.148081055117,3.085317486321825,4.832966071447117,1.6762168720615591
UAV_0071,telemetry_13,20,20,409,7142.325729578348,3.3100283249814084,1.0551279071632962,0.1356732974504899
UAV_0071,telemetry_13,50,50,409,7139.669239165349,3.781723043494633,10.868367840203973,0.14113491289624652
UAV_0071,telemetry_15,5,5,409,50311.91013908445,22.478849014978582,62.047407134698005,12.970745248933236
UAV_0071,telemetry_15,20,20,409,50270.11448754883,38.79561016258277,124.83494238632557,5.902614480281374
UAV_0071,telemetry_15,50,50,409,50218.591085463224,54.95853421187544,203.65858683776605,3.5359731849256124
UAV_0071,telemetry_16,5,5,409,-702.9238787673946,1.8998385542836393,0.0,0.0
UAV_0071,telemetry_16,20,20,409,-701.6231482276457,1.6380762910280895,-1.7343073863319205,-0.10040726973500592
UAV_0071,telemetry_16,50,50,409,-699.8021254719971,2.1022980232067043,-5.202922158995875,-0.10676504534346107
UAV_0071,telemetry_18,5,5,409,-102.87727916428878,0.03426080578493983,-0.002992803696557189,3.656427744687107e-05
UAV_0071,telemetry_18,20,20,409,-102.87916534057517,0.03197078407372777,-0.0028812486325762166,-0.0005829225858940411
UAV_0071,telemetry_18,50,50,409,-102.87177480055098,0.036662343014775146,0.0006827167093632625,-0.00016651895165684295
UAV_0071,telemetry_19,5,5,409,33510.657065874504,0.2259873429174575,0.5281579653237714,0.09337606971821515
UAV_0071,telemetry_19,20,20,409,33509.81280405188,0.7166161684098104,1.744570043607382,0.10764816252743284
UAV_0071,telemetry_19,50,50,409,33508.43574631272,1.324924324543833,4.181782651176036,0.08576616623781746
UAV_0071,telemetry_21,5,5,409,34967.560623001584,0.6695091794945953,1.7658451188690378,0.35316902377380754
UAV_0071,telemetry_21,20,20,409,34966.72920425811,0.8873968306280801,2.795921438213554,0.13199581621630296
UAV_0071,telemetry_21,50,50,409,34965.265024347056,1.49684662626909,6.033304156146187,0.09814961465034944
UAV_0071,telemetry_22,5,5,409,23172.72432048543,55.81922801566877,-0.7284084504317434,-11.610830699865256
UAV_0071,telemetry_22,20,20,409,23182.281039355083,63.39560995589814,34.08951548015102,2.453586359345179
UAV_0071,telemetry_22,50,50,409,23146.379243650255,76.51645190058848,314.9638139662093,2.9248965878468347
UAV_0071,telemetry_23,5,5,409,-17482.96313864216,6.216494806803524,-8.855990093841683,-2.577871711222542
UAV_0071,telemetry_23,20,20,409,-17474.87320713735,10.54174045845632,-16.854558032857312,-1.4360265337207239
UAV_0071,telemetry_23,50,50,409,-17452.080612369464,23.028506823034707,-67.449268371176,-1.4991609242034587
UAV_0071,telemetry_25,5,5,409,-174.1931510696605,0.15282640849560727,-0.30383524200343004,-0.07292045808082151
UAV_0071,telemetry_25,20,20,409,-173.8391830127265,0.43109623229060745,-0.8203551534092242,-0.05567266802724118
UAV_0071,telemetry_25,50,50,409,-173.43477830561994,0.530208443031824,-1.6103267826181025,-0.03046960477310573
UAV_0071,telemetry_26,5,5,409,-7654.157114523279,10.036307200811864,-20.093538980046105,-4.521046270510396
UAV_0071,telemetry_26,20,20,409,-7636.891023528284,15.306389157900133,-43.63168464238515,-2.265972779285745
UAV_0071,telemetry_26,50,50,409,-7602.298560921349,33.38412105357758,-115.9684249705524,-2.2493736505407482
UAV_0071,telemetry_28,5,5,409,-9902.137297654634,26.80959855256913,-4.663995607079414,-4.768160672235718
UAV_0071,telemetry_28,20,20,409,-9874.288439988446,29.419123115655946,-57.48939824272202,-2.092749093833152
UAV_0071,telemetry_28,50,50,409,-9840.106456867326,43.155527809118276,-136.8557039199368,-2.1582772229007854
UAV_0072,telemetry_07,5,5,232,140.71160362240556,0.04707604124451628,0.08594869902555047,0.017189739805110092
UAV_0072,telemetry_07,20,20,232,140.6858190126979,0.026454451377029148,0.08594869902555047,0.0021971847871193355
UAV_0072,telemetry_07,50,50,232,140.67894311677586,0.021195779814488815,0.08594869902555047,0.0005819335684322985
UAV_0072,telemetry_13,5,5,232,7142.887896459052,2.9648598982986716,0.31401954762532114,-0.5711662529864953
UAV_0072,telemetry_13,20,20,232,7140.821040654178,3.01373631963693,5.712423806858169,0.17453769688628726
UAV_0072,telemetry_13,50,50,232,7138.005356428547,3.946134108396419,10.588812963501368,0.15065074818199628
UAV_0072,telemetry_15,5,5,232,50305.31066337529,25.451280985111644,37.684856619584025,1.5851077170598729
UAV_0072,telemetry_15,20,20,232,50267.15089121401,33.32163107458452,99.48555438198673,4.824744942596201
UAV_0072,telemetry_15,50,50,232,50193.05419833595,68.36695889817915,228.51455609749246,4.458352297448751
UAV_0072,telemetry_16,5,5,232,-701.1895713810627,1.4510256638667078,1.7343073863319205,0.0
UAV_0072,telemetry_16,20,20,232,-700.7559945344798,1.73202389964535,-1.7343073863320342,-0.11866313695955502
UAV_0072,telemetry_16,50,50,232,-698.5534241538381,2.478572815139096,-1.7343073863320342,-0.13474714771116958
UAV_0072,telemetry_18,5,5,232,-100.43008576737387,0.08986176437572004,0.18748303816039424,0.02414357016190678
UAV_0072,telemetry_18,20,20,232,-100.4972182685269,0.11710490285009313,0.1631116892753539,0.00635782387629429
UAV_0072,telemetry_18,50,50,232,-100.54065891257831,0.10433980506707527,0.22268237243804379,0.0029544394757407824
UAV_0072,telemetry_19,5,5,232,33510.81083405922,0.2979565917036845,0.7168879591408768,0.15209285002711112
UAV_0072,telemetry_19,20,20,232,33509.82490700456,0.9253618675281164,3.1165829496021615,0.1326713193994658
UAV_0072,telemetry_19,50,50,232,33508.16297095985,1.6166032644722623,4.5486952750361525,0.10520559918461136
UAV_0072,telemetry_21,5,5,232,34968.00208428131,0.3190217493501754,-0.4414612797263544,-0.14715375990781468
UAV_0072,telemetry_21,20,20,232,34966.47168517829,1.176842768798521,3.090228958026273,0.18167404042524823
UAV_0072,telemetry_21,50,50,232,34964.87359534571,1.6561813835147818,5.591842876427108,0.10631108368722794
UAV_0072,telemetry_22,5,5,232,23205.386155402746,60.107831036939956,46.909504207731516,10.27055915107194
UAV_0072,telemetry_22,20,20,232,23195.99697047669,45.522856117955314,-54.33927040212802,0.7296133365892281
UAV_0072,telemetry_22,50,50,232,23143.853123144163,75.06699552758857,130.67647600725104,3.4486441247044226
UAV_0072,telemetry_23,5,5,232,-17487.361760956504,9.729052815300383,7.268150838517613,-0.7006004996386764
UAV_0072,telemetry_23,20,20,232,-17469.00378336422,14.228780400633568,-46.96467368467347,-2.1280090071686133
UAV_0072,telemetry_23,50,50,232,-17441.773544924232,26.832932464754624,-76.03214903398839,-1.7531254450918416
UAV_0072,telemetry_25,5,5,232,-174.0898470873793,0.17506816850029802,-0.24306819360273835,-0.06684375324075234
UAV_0072,telemetry_25,20,20,232,-173.795126902636,0.41735529329938975,-1.276108016414355,-0.04546106252532287
UAV_0072,telemetry_25,50,50,232,-173.17773369088508,0.6448734936244829,-2.552216032828653,-0.03919584046300908
UAV_0072,telemetry_26,5,5,232,-7835.165231318245,18.615130641635886,25.412300867473277,9.468771411980379
UAV_0072,telemetry_26,20,20,232,-7813.6912335394445,25.037125427141326,-30.12073163869627,-2.838477986334902
UAV_0072,telemetry_26,50,50,232,-7799.78386265462,26.883358426917177,8.991791026367537,-0.9204836429069765
UAV_0072,telemetry_28,5,5,232,-9900.675485636952,44.174931985699466,-87.29097817098591,-25.847285331425883
UAV_0072,telemetry_28,20,20,232,-9863.616979636705,38.14817600668007,-124.16789528462687,-4.043224875196449
UAV_0072,telemetry_28,50,50,232,-9827.093147811585,42.813251182956414,-185.5498126660932,-2.3073133782729918
UAV_0073,telemetry_07,5,5,215,140.6944138826005,0.03843742671976015,0.08594869902555047,0.017189739805110092
UAV_0073,telemetry_07,20,20,215,140.68152157774662,0.019218713359880076,0.08594869902555047,0.0012278385575078639
UAV_0073,telemetry_07,50,50,215,140.6548774810487,0.04185470943726735,0.17189739805110094,0.0021997914324426602
UAV_0073,telemetry_13,5,5,215,7144.367104472891,4.653575879736385,3.648637039495952,0.7309675825896192
UAV_0073,telemetry_13,20,20,215,7140.115746606134,4.585762013951256,7.0803068648729095,0.36724741565969754
UAV_0073,telemetry_13,50,50,215,7136.76253671777,4.811585274475936,6.732474460204685,0.2319410974858119
UAV_0073,telemetry_15,5,5,215,50321.260424294815,22.489770155729634,62.35579385008896,13.396318916161544
UAV_0073,telemetry_15,20,20,215,50248.996165279525,59.09412484442171,190.70634479176078,8.943353867882356
UAV_0073,telemetry_15,50,50,215,50165.50292918378,83.85377063370447,286.8613226476373,5.443492734203794
UAV_0073,telemetry_16,5,5,215,-700.4958484265301,2.3268175258309576,-1.7343073863319205,-0.6937229545327795
UAV_0073,telemetry_16,20,20,215,-699.8888408413138,1.8211314182828855,-5.202922158995875,-0.16821477656904016
UAV_0073,telemetry_16,50,50,215,-697.6515843129456,2.635103828320748,-8.671536931659716,-0.14640635703104735
UAV_0073,telemetry_18,5,5,215,-103.10362598267602,0.04677748165537997,-0.08110754977306556,-0.024633370205555137
UAV_0073,telemetry_18,20,20,215,-103.0938290934924,0.04189289499005666,-0.08108018608810141,-0.0025440770087929725
UAV_0073,telemetry_18,50,50,215,-103.0855221681397,0.03543864556682914,-0.08436930359911798,-0.0006156256133432355
UAV_0073,telemetry_19,5,5,215,33510.64231685958,0.3753067134783702,0.8828816747918609,0.20846023922931636
UAV_0073,telemetry_19,20,20,215,33509.338976127365,1.0685433802798656,3.250914147211006,0.1724287027925683
UAV_0073,telemetry_19,50,50,215,33507.390486819044,1.8691069593566803,5.803216260705085,0.1238773416199311
UAV_0073,telemetry_21,5,5,215,34967.82549976942,0.579344932096559,-0.14715375991363544,0.10300763193299645
UAV_0073,telemetry_21,20,20,215,34966.206808410454,1.2531964948003216,3.8259977575507946,0.19295951674869144
UAV_0073,telemetry_21,50,50,215,34964.17314344855,2.022852781585177,5.591842876427108,0.13166463425344643
UAV_0073,telemetry_22,5,5,215,23212.67023990705,21.64871089463182,-5.535904223270336,-6.657653236935585
UAV_0073,telemetry_22,20,20,215,23182.266471186078,49.09078418652345,47.346549277986924,4.7137337226814475
UAV_0073,telemetry_22,50,50,215,23106.689724003194,82.87359525817682,153.83986473094774,4.160011490042627
UAV_0073,telemetry_23,5,5,215,-17488.444748097765,14.535532324859716,-20.4294178990167,-7.3397858781798275
UAV_0073,telemetry_23,20,20,215,-17464.3664802277,21.515267824702615,-67.92435681780262,-3.382915407582041
UAV_0073,telemetry_23,50,50,215,-17429.81626258645,33.531099062502754,-113.6145167772047,-2.202530746759695
UAV_0073,telemetry_25,5,5,215,-174.36937551002248,0.36116796937472306,-0.3646022904040933,-0.16407103068184198
UAV_0073,telemetry_25,20,20,215,-173.7753776119058,0.4971334717550701,-1.063423347011934,-0.07102434341267691
UAV_0073,telemetry_25,50,50,215,-172.93101947437833,0.8408802130532196,-2.6433666054296907,-0.052102090406645055
UAV_0073,telemetry_26,5,5,215,-7666.528993523852,12.318783928282143,-23.538145662339957,-7.004033587330468
UAV_0073,telemetry_26,20,20,215,-7627.475765263346,30.435749181747095,-99.31949267279924,-5.089859610810208
UAV_0073,telemetry_26,50,50,215,-7578.668559080816,47.492375790172275,-164.33644380109308,-3.173903878637922
UAV_0073,telemetry_28,5,5,215,-9902.291547922727,19.097836462987747,-22.23927110400291,-5.174142491268867
UAV_0073,telemetry_28,20,20,215,-9860.042278023519,41.255823621608364,-105.08828032027486,-6.096454257895469
UAV_0073,telemetry_28,50,50,215,-9805.863531343266,54.31322142127212,-178.26474891784164,-3.3375907108808534
UAV_0074,telemetry_07,5,5,193,140.5912754437698,0.0,0.0,0.0
UAV_0074,telemetry_07,20,20,193,140.59127544376983,2.9160058604848984e-14,0.0,0.0
UAV_0074,telemetry_07,50,50,193,140.59127544376977,2.8710262101646174e-14,0.0,0.0
UAV_0074,telemetry_13,5,5,193,7148.465934977932,5.166979372421583,-0.7832421048760807,-0.8746604254727572
UAV_0074,telemetry_13,20,20,193,7147.639282855294,4.1501695129335365,0.48029037097876426,0.14349487603451147
UAV_0074,telemetry_13,50,50,193,7144.60342507516,4.6748327666276515,5.169599555556488,0.18185419871780636
UAV_0074,telemetry_15,5,5,193,50349.82936960773,8.545105965849055,8.75818271683238,1.2335468615259741
UAV_0074,telemetry_15,20,20,193,50300.69411424604,41.33778320500099,98.1286528343262,6.458823542579894
UAV_0074,telemetry_15,50,50,193,50224.98085820592,72.87907900112805,204.707101670072,4.778594686507581
UAV_0074,telemetry_16,5,5,193,-702.5770172901283,1.9774146614635724,1.7343073863319205,-0.17343073863319206
UAV_0074,telemetry_16,20,20,193,-701.796578966279,1.517681953101911,-1.7343073863319205,-0.103015250767084
UAV_0074,telemetry_16,50,50,193,-700.3224176878969,2.080283824704993,-3.4686147726639547,-0.10001935995124493
UAV_0074,telemetry_18,5,5,193,-103.32302129228592,0.004766477939188762,-0.0019327907231172503,3.867094770271251e-06
UAV_0074,telemetry_18,20,20,193,-103.32623776540838,0.005231957789297187,0.007038046183197366,0.00025555955979652645
UAV_0074,telemetry_18,50,50,193,-103.32696243394452,0.005243587073357567,0.0033109459409388364,1.660902329759932e-05
UAV_0074,telemetry_19,5,5,193,33506.61242084813,0.29807251660620854,-0.1887494747134042,0.03977187669734121
UAV_0074,telemetry_19,20,20,193,33506.402290410144,0.3465766918115915,0.35825337171263527,0.022108269843459524
UAV_0074,telemetry_19,50,50,193,33505.94868679694,0.5655193840827636,0.8583761800618959,0.027775311147022894
UAV_0074,telemetry_21,5,5,193,34963.35202546827,0.3975875653216823,-0.29430751981271897,-0.029430751981271895
UAV_0074,telemetry_21,20,20,193,34963.07243332446,0.45818342637129855,-0.44146127971907845,0.0055320962371796555
UAV_0074,telemetry_21,50,50,193,34962.78106887985,0.49214751936744905,0.8829225594381569,0.018428667747173617
UAV_0074,telemetry_22,5,5,193,23266.5433289009,75.82962173346561,-106.20195207278812,-15.063486754905535
UAV_0074,telemetry_22,20,20,193,23249.003253414532,49.13932844305936,18.50157464093718,3.04814291106529
UAV_0074,telemetry_22,50,50,193,23179.38197372237,72.7731295571578,71.09266476203265,3.7149635456686285
UAV_0074,telemetry_23,5,5,193,-17515.386536270427,10.610717199071216,-22.300636306234082,-5.148841566504052
UAV_0074,telemetry_23,20,20,193,-17489.902747665772,18.76510830086253,-60.11848311578433,-2.712423466067929
UAV_0074,telemetry_23,50,50,193,-17462.059073478507,28.18473499266074,-88.73163415740419,-1.7783496399798495
UAV_0074,telemetry_25,5,5,193,-174.36937551002248,0.36812996901616135,-0.4861363872054483,-0.03646022904040933
UAV_0074,telemetry_25,20,20,193,-174.15213331199004,0.3830423921653347,-0.6684375324075233,-0.03159429621734762
UAV_0074,telemetry_25,50,50,193,-173.68270786309478,0.5166475574997783,-1.823011452020495,-0.029518341494420126
UAV_0074,telemetry_26,5,5,193,-7443.4333007339665,5.4543382653218595,-0.28705055685713887,0.8467991427306515
UAV_0074,telemetry_26,20,20,193,-7448.334688992314,5.550175347445597,2.2964044548616585,0.6260076241849757
UAV_0074,telemetry_26,50,50,193,-7454.051300832136,6.457022423883679,9.759718933166369,0.3298703674162023
UAV_0074,telemetry_28,5,5,193,-9936.089450915935,10.87179837186171,11.825529698367973,4.86270243072413
UAV_0074,telemetry_28,20,20,193,-9910.562645519862,35.05808047589676,16.53706800580221,-2.05178044489472
UAV_0074,telemetry_28,50,50,193,-9876.113720110572,43.27213880660839,-129.56499124884795,-2.2822620735956196
UAV_0075,telemetry_07,5,5,259,140.72879336221067,0.04707604124451628,0.08594869902555047,0.017189739805110092
UAV_0075,telemetry_07,20,20,259,140.6901164476492,0.031487095187570084,0.08594869902555047,0.0031665310167308066
UAV_0075,telemetry_07,50,50,259,140.67378619483435,0.03455443992392251,0.17189739805110094,0.0014362615731520559
UAV_0075,telemetry_13,5,5,259,7142.3878224126365,3.8929836954890193,6.739359196098121,0.8097910085625699
UAV_0075,telemetry_13,20,20,259,7141.909417349462,2.771106216451918,4.217882984014977,0.16557361583940072
UAV_0075,telemetry_13,50,50,259,7139.201435316503,3.872882680372491,8.794185055592607,0.13953767428410388
UAV_0075,telemetry_15,5,5,259,50320.01454196467,14.737491060324936,24.547582544350007,6.463785554391507
UAV_0075,telemetry_15,20,20,259,50262.71320637969,45.99543103709199,132.48293292778544,6.997039515318652
UAV_0075,telemetry_15,50,50,259,50190.953468030755,71.19810277258098,223.76540068063332,4.620964279278369
UAV_0075,telemetry_16,5,5,259,-702.5770172901284,0.9499192771418198,-1.7343073863319205,-0.5202922158995762
UAV_0075,telemetry_16,20,20,259,-700.7559945344799,1.6380762910281192,-3.468614772663841,-0.22037439721060023
UAV_0075,telemetry_16,50,50,259,-698.3453072674783,2.832690025531467,-10.405844317991637,-0.16905853513824054
UAV_0075,telemetry_18,5,5,259,-103.04788444160116,0.044033712975099164,-0.09779921142637704,-0.019679074832268384
UAV_0075,telemetry_18,20,20,259,-103.0197560682868,0.04467763208495165,-0.09323883207790118,-0.004651078226913945
UAV_0075,telemetry_18,50,50,259,-103.00598601249033,0.041146604430390386,-0.09149866152434072,-0.0009332237798245503
UAV_0075,telemetry_19,5,5,259,33510.884009750356,0.39529626547993946,0.939066730090417,0.2020521227233985
UAV_0075,telemetry_19,20,20,259,33509.63639437562,1.0071424300354068,3.197106424449885,0.16364050294022375
UAV_0075,telemetry_19,50,50,259,33508.01153284871,1.601107341448208,6.0107611496932805,0.1062818203315228
UAV_0075,telemetry_21,5,5,259,34967.67834600951,0.7716808271550921,0.8829225594308809,0.16186913589626784
UAV_0075,telemetry_21,20,20,259,34966.45696980229,1.054785046770689,2.5016139183935593,0.15600511388509308
UAV_0075,telemetry_21,50,50,259,34964.77058771377,1.7146915258177677,5.444689116520749,0.11288972236533555
UAV_0075,telemetry_22,5,5,259,23284.054268049258,40.19489569186421,53.028135191350884,16.02498590947398
UAV_0075,telemetry_22,20,20,259,23196.098947659753,73.4273944030128,87.55469574176459,6.788438152697612
UAV_0075,telemetry_22,50,50,259,23132.128660726034,85.51882764942442,269.2197632791649,3.7268279464554697
UAV_0075,telemetry_23,5,5,259,-17492.52204458799,8.16378971472505,-2.9970544911666366,0.9533279316205153
UAV_0075,telemetry_23,20,20,259,-17473.30945535763,17.249537907566346,-42.240105419798056,-2.525274468633635
UAV_0075,telemetry_23,50,50,259,-17441.76511785279,30.113401260999403,-97.4296335463223,-1.956684891470198
UAV_0075,telemetry_25,5,5,259,-174.36329880518238,0.4234116070895043,-0.7899716292088783,-0.2339531363426289
UAV_0075,telemetry_25,20,20,259,-173.87108571313686,0.5369515705482005,-1.94454554882185,-0.0676661644221135
UAV_0075,telemetry_25,50,50,259,-173.14188113232868,0.7612357094325529,-2.5218325086283073,-0.04631718411832083
UAV_0075,telemetry_26,5,5,259,-7663.457552565473,15.508502407643716,-40.47412851695117,-8.252703509662116
UAV_0075,telemetry_26,20,20,259,-7633.209600136582,23.9158295073294,-79.08242841432457,-3.911117794059153
UAV_0075,telemetry_26,50,50,259,-7591.453790883261,40.412053231935815,-149.84039067977483,-2.721004952026784
UAV_0075,telemetry_28,5,5,259,-9918.596430429876,25.202770353712904,-66.57761923466569,-15.798131701855528
UAV_0075,telemetry_28,20,20,259,-9869.037622980473,40.00007621038279,-112.11683053126035,-5.412509563188553
UAV_0075,telemetry_28,50,50,259,-9825.546981409096,51.68239876892166,-241.9385202683079,-2.7213099877943456
UAV_0076,telemetry_07,5,5,153,140.5912754437698,0.0,0.0,0.0
UAV_0076,telemetry_07,20,20,153,140.59127544376983,2.9160058604848984e-14,0.0,0.0
UAV_0076,telemetry_07,50,50,153,140.59127544376977,2.8710262101646174e-14,0.0,0.0
UAV_0076,telemetry_13,5,5,153,7145.087411428867,2.22751767306134,1.920218424954328,0.819161821903981
UAV_0076,telemetry_13,20,20,153,7145.291423199989,2.5931773835778227,3.683457682066546,0.1563419562878939
UAV_0076,telemetry_13,50,50,153,7143.333487603394,2.96063423758149,7.497047409758125,0.11082529184975426
UAV_0076,telemetry_15,5,5,153,49766.966142068566,3.220419730631214,2.775480438438535,0.807973194301303
UAV_0076,telemetry_15,20,20,153,49791.078899344226,23.72197764411107,-88.87705137287412,-3.356035820364704
UAV_0076,telemetry_15,50,50,153,49819.13530593618,31.323727986777477,-48.231682285630086,-1.695322833821601
UAV_0076,telemetry_16,5,5,153,-701.1895713810627,0.7756058419436328,1.7343073863319205,0.3468614772663841
UAV_0076,telemetry_16,20,20,153,-701.1895713810627,0.9073000714521477,1.7343073863319205,0.002607981032078076
UAV_0076,telemetry_16,50,50,153,-699.906183915177,1.8344148156940627,-1.7343073863320342,-0.08736078983252017
UAV_0076,telemetry_18,5,5,153,-103.58231447729773,0.11674944540248744,0.020419945800512096,-0.005983740532022353
UAV_0076,telemetry_18,20,20,153,-103.6867535382768,0.12881402634442615,0.4112383117598739,0.01580832437397386
UAV_0076,telemetry_18,50,50,153,-103.80747662424461,0.15959430124591673,0.5675932692331997,0.008747890985504814
UAV_0076,telemetry_19,5,5,153,33508.282915667594,0.536369970636894,1.2052405113063287,0.23160747688671107
UAV_0076,telemetry_19,20,20,153,33508.022253893825,0.5171575197602992,1.9626305642450461,0.05273685590513388
UAV_0076,telemetry_19,50,50,153,33507.49170289415,0.6513600088489705,3.09843441897101,0.034725866579894175
UAV_0076,telemetry_21,5,5,153,34965.41217810697,0.322397734887657,0.294307519805443,0.0588615039610886
UAV_0076,telemetry_21,20,20,153,34964.786774627355,0.6498572546153816,1.9129988787753973,0.07269174455522487
UAV_0076,telemetry_21,50,50,153,34964.11722501979,0.7893741122689154,2.5016139184008352,0.04212872588529445
UAV_0076,telemetry_22,5,5,153,23249.527707498844,79.86144817654746,215.46321963738956,41.98546308282348
UAV_0076,telemetry_22,20,20,153,23229.831542999196,54.52248920162416,176.2748450042236,4.021033716587938
UAV_0076,telemetry_22,50,50,153,23179.970527750313,69.71986742644728,210.21867879429192,3.2216395223853493
UAV_0076,telemetry_23,5,5,153,-17309.97488982629,12.033401837157003,27.47341408259672,7.083050945015202
UAV_0076,telemetry_23,20,20,153,-17313.46735523876,8.40349899836661,11.509421842052689,0.5364392862386778
UAV_0076,telemetry_23,50,50,153,-17320.70245281935,10.963834886890519,29.64122739310187,0.4445049285301379
UAV_0076,telemetry_25,5,5,153,-174.7886681439872,0.24249783334793912,-0.30383524200343004,-0.06076704840068601
UAV_0076,telemetry_25,20,20,153,-174.3876056245427,0.36844659462144375,-0.45575286300513085,-0.0309317983212496
UAV_0076,telemetry_25,50,50,153,-173.86440133781278,0.5376371926687193,-1.2761080164143266,-0.030561521316904962
UAV_0076,telemetry_26,5,5,153,-7553.654424717954,23.171457358197962,24.787498470157516,3.829526299150257
UAV_0076,telemetry_26,20,20,153,-7553.261588954924,24.492396630014156,33.27912881447992,1.2580383546745018
UAV_0076,telemetry_26,50,50,153,-7584.133836756493,39.16007850313121,99.89959226677183,2.1151141560675364
UAV_0076,telemetry_28,5,5,153,-9920.89025504108,24.51389557365324,-51.215391143745364,-13.17931443593534
UAV_0076,telemetry_28,20,20,153,-9905.143636793773,21.688409983712603,-40.40473697356538,-1.5072650264838017
UAV_0076,telemetry_28,50,50,153,-9884.58812612153,29.96017039761969,-65.99136843487031,-1.3611606368523541
UAV_0077,telemetry_07,5,5,255,140.7631728418209,0.0,0.0,0.0
UAV_0077,telemetry_07,20,20,255,140.70300875250302,0.040409841967921606,0.08594869902555047,0.00542833888582424
UAV_0077,telemetry_07,50,50,255,140.68753798667842,0.028213582053755237,0.08594869902555047,0.0010895777451498355
UAV_0077,telemetry_13,5,5,255,7142.06432659236,2.66596976782542,-2.041331003756568,-0.6451787850551227
UAV_0077,telemetry_13,20,20,255,7141.150268515547,2.2042464498270387,7.090747739120161,0.19159573778689448
UAV_0077,telemetry_13,50,50,255,7138.6861317496005,3.5545081041366138,1.9739806051229607,0.1324644000723623
UAV_0077,telemetry_15,5,5,255,50335.865619135264,30.153989321462575,35.15608555345534,11.60150823264048
UAV_0077,telemetry_15,20,20,255,50291.58437067368,38.48374808415882,123.35468615248828,5.618898702130504
UAV_0077,telemetry_15,50,50,255,50224.50840975797,63.46776036953496,211.79999612383108,3.997823199650863
UAV_0077,telemetry_16,5,5,255,-702.5770172901283,1.5512116838872656,-3.468614772663841,-0.5202922158995762
UAV_0077,telemetry_16,20,20,255,-701.1895713810628,1.8319651332302196,-6.937229545327796,-0.17212674811715506
UAV_0077,telemetry_16,50,50,255,-699.5593224379107,2.1884216707643542,-6.937229545327796,-0.10168496128265632
UAV_0077,telemetry_18,5,5,255,-103.23719751443107,0.005067325684047571,0.0076862391537559915,0.0012105820905475185
UAV_0077,telemetry_18,20,20,255,-103.24519434532189,0.019105381212795352,0.00012965507769990836,0.0005447960616279309
UAV_0077,telemetry_18,50,50,255,-103.24267961921245,0.02223673172673983,0.004839135146113449,-0.000255933178891884
UAV_0077,telemetry_19,5,5,255,33511.25991653319,0.42132486915477885,-0.567656131577678,-0.1325111900900083
UAV_0077,telemetry_19,20,20,255,33510.376563987506,0.759483263271201,2.1005126099917106,0.10834786694338112
UAV_0077,telemetry_19,50,50,255,33509.06608930838,1.2892158107553704,3.9673574016269413,0.0822316467868626
UAV_0077,telemetry_21,5,5,255,34968.266961049136,0.6498134090369947,-1.0300763193445164,-0.10300763193445164
UAV_0077,telemetry_21,20,20,255,34967.332534673726,0.7978579756992854,1.6186913589626784,0.0999096580413087
UAV_0077,telemetry_21,50,50,255,34965.99196392099,1.3766450564547488,3.090228958018997,0.08738778145284799
UAV_0077,telemetry_22,5,5,255,23248.770162710396,51.937759795015346,8.886583095252718,-10.255990982063668
UAV_0077,telemetry_22,20,20,255,23235.928321729298,57.53593905498914,39.77110139351498,4.317983387131881
UAV_0077,telemetry_22,50,50,255,23186.04545422691,72.17318384531521,140.4371492430255,3.201933144427499
UAV_0077,telemetry_23,5,5,255,-17488.132301015707,9.93719293339049,-24.746001733554294,-5.509868066865602
UAV_0077,telemetry_23,20,20,255,-17478.566481773116,10.905314931080401,-33.25279756531381,-1.4736084087197054
UAV_0077,telemetry_23,50,50,255,-17454.483500885344,22.957841484877033,-68.3698341627387,-1.4970216870444895
UAV_0077,telemetry_25,5,5,255,-174.40583573906287,0.2033654413092467,-0.425369338804785,-0.0972272774410925
UAV_0077,telemetry_25,20,20,255,-173.96375546194793,0.37335574269475397,-0.5165199114057941,-0.050098547798005405
UAV_0077,telemetry_25,50,50,255,-173.4584774544963,0.5414363568044609,-2.0660796456231765,-0.03159740617559599
UAV_0077,telemetry_26,5,5,255,-7678.039720853849,9.139754641051356,-19.806488423187147,-4.650219021096109
UAV_0077,telemetry_26,20,20,255,-7654.781449484447,16.91695122092131,-57.69716192841861,-2.6517644111529513
UAV_0077,telemetry_26,50,50,255,-7621.014257228479,32.656894497948095,-117.26015247641226,-2.1956852030516205
UAV_0077,telemetry_28,5,5,255,-9891.683042965244,32.86272452178237,-10.436032448624246,-7.566632791370284
UAV_0077,telemetry_28,20,20,255,-9870.572158225013,27.688664610281517,-82.95301045275482,-1.7906479386995227
UAV_0077,telemetry_28,50,50,255,-9837.6062826164,43.72938905528775,-72.08012520473494,-2.2720232618839087
UAV_0078,telemetry_07,5,5,221,140.5912754437698,0.0,0.0,0.0
UAV_0078,telemetry_07,20,20,221,140.59127544376983,2.9160058604848984e-14,0.0,0.0
UAV_0078,telemetry_07,50,50,221,140.59127544376977,2.8710262101646174e-14,0.0,0.0
UAV_0078,telemetry_13,5,5,221,7145.7070407593765,3.2240470300277653,1.5894966115529314,-0.3558232836004208
UAV_0078,telemetry_13,20,20,221,7146.105638089815,2.836375258587566,3.3712087751328,0.15809353245480096
UAV_0078,telemetry_13,50,50,221,7143.248471144154,4.134757458392726,9.076204132336898,0.16754208489547667
UAV_0078,telemetry_15,5,5,221,50065.3981342773,25.204950158962156,33.552474633477686,6.173902041932161
UAV_0078,telemetry_15,20,20,221,50063.71742667847,22.078674107165234,33.05905588886526,-0.39978975538366573
UAV_0078,telemetry_15,50,50,221,50063.920345137194,21.010440899023802,47.18316745332413,0.044863788375453066
UAV_0078,telemetry_16,5,5,221,-701.1895713810627,0.7756058419436329,0.0,0.0
UAV_0078,telemetry_16,20,20,221,-700.9294252731129,1.6186325600597433,0.0,-0.043031687029289105
UAV_0078,telemetry_16,50,50,221,-699.5940085856373,1.939489407446708,-1.7343073863319205,-0.09543895628986461
UAV_0078,telemetry_18,5,5,221,-96.90073308114997,0.1388603345917864,0.16320855558358005,0.05014411977482212
UAV_0078,telemetry_18,20,20,221,-97.19860311183979,0.2519916852000622,0.5230016048490569,0.024943916582610904
UAV_0078,telemetry_18,50,50,221,-97.3732184640219,0.2739330802286155,0.8365059142944347,0.012334091636671493
UAV_0078,telemetry_19,5,5,221,33507.29576868356,0.6681463395548805,-0.04282157748093596,-0.15420679492963246
UAV_0078,telemetry_19,20,20,221,33506.90262399694,0.5108543239996849,0.3021691521280445,0.04898573108683988
UAV_0078,telemetry_19,50,50,221,33506.36272390542,0.6840369412979361,0.6854363231614116,0.034112223603546134
UAV_0078,telemetry_21,5,5,221,34964.35267103564,0.4835966023315961,0.4414612797118025,-1.4551915228366853e-12
UAV_0078,telemetry_21,20,20,221,34963.78612906,0.5797873866022878,1.3243838391499594,0.05543160429548781
UAV_0078,telemetry_21,50,50,221,34963.134237903614,0.7652919501764525,1.9129988787753973,0.04197326933211427
UAV_0078,telemetry_22,5,5,221,23260.01678918504,51.62495393700323,20.978163372401468,-9.716968728744906
UAV_0078,telemetry_22,20,20,221,23206.653586106495,58.78783534669051,105.76490700252907,4.7435272713307945
UAV_0078,telemetry_22,50,50,221,23172.808815865683,68.20623628278949,193.61096612446636,2.824965594191167
UAV_0078,telemetry_23,5,5,221,-17409.12561693421,4.773744767588518,-9.798726547611295,-1.8661550487180647
UAV_0078,telemetry_23,20,20,221,-17406.36711056656,5.265019424365029,-0.26037756530058687,-0.029740599072126377
UAV_0078,telemetry_23,50,50,221,-17404.130457801366,8.008344589342178,-3.515453863386938,-0.17459881992530793
UAV_0078,telemetry_25,5,5,221,-174.84943519238786,0.28936219489581966,-0.33421876620374746,-0.1306491540614644
UAV_0078,telemetry_25,20,20,221,-174.35114539550224,0.46158963559181465,-1.2457244922139523,-0.06574720499893295
UAV_0078,telemetry_25,50,50,221,-173.74651326391543,0.6419324337913066,-1.8230114520204381,-0.0379469426615447
UAV_0078,telemetry_26,5,5,221,-7355.865573025525,30.753726276162105,54.726471547683104,9.793466335382528
UAV_0078,telemetry_26,20,20,221,-7395.20012622428,45.233541899608255,95.42046039812521,4.929343412350329
UAV_0078,telemetry_26,50,50,221,-7453.426929730474,68.39833965547996,252.11717950319598,3.709226131316692
UAV_0078,telemetry_28,5,5,221,-9931.90139879614,32.43700042368619,-35.877683535602046,-4.918351819472264
UAV_0078,telemetry_28,20,20,221,-9920.026085787245,31.429529229567613,-98.75494336001793,-1.939998048694511
UAV_0078,telemetry_28,50,50,221,-9883.571742515722,41.607308740640285,-132.7882137392662,-2.1589946727636833
UAV_0079,telemetry_07,5,5,166,140.5912754437698,0.0,0.0,0.0
UAV_0079,telemetry_07,20,20,166,140.59127544376983,2.9160058604848984e-14,0.0,0.0
UAV_0079,telemetry_07,50,50,166,140.59127544376977,2.8710262101646174e-14,0.0,0.0
UAV_0079,telemetry_13,5,5,166,7149.648688011877,4.304634115272967,1.2385151471944482,1.1131998316923273
UAV_0079,telemetry_13,20,20,166,7145.951671280498,3.418446413839366,5.574760630966011,0.3495271141537071
UAV_0079,telemetry_13,50,50,166,7142.688763501397,4.542590358812663,16.43742990271039,0.23187531130546712
UAV_0079,telemetry_15,5,5,166,49912.48766532267,16.049530266736767,7.0312171106779715,0.27138030953283304
UAV_0079,telemetry_15,20,20,166,49947.119493459984,29.676084225849966,-40.46033705802256,-3.7746533962665674
UAV_0079,telemetry_15,50,50,166,49981.509546412424,37.85750367620634,-121.19597914483165,-2.241086613799085
UAV_0079,telemetry_16,5,5,166,-701.5364328583291,1.2263405135372185,0.0,-0.17343073863319206
UAV_0079,telemetry_16,20,20,166,-699.9755562106304,2.0978366634770205,-5.202922158995875,-0.2529741601115796
UAV_0079,telemetry_16,50,50,166,-698.5187380061116,2.265599370451316,-3.4686147726639547,-0.08786047023194306
UAV_0079,telemetry_18,5,5,166,-103.32686416864547,0.006188755207829821,0.001714584669201713,0.0017339412649150176
UAV_0079,telemetry_18,20,20,166,-103.32698616473837,0.004588084504380412,0.009332259643201724,0.00010576895462383944
UAV_0079,telemetry_18,50,50,166,-103.32697210199707,0.005058277768919145,-0.002020506641244424,5.291611083707705e-06
UAV_0079,telemetry_19,5,5,166,33507.801783668576,0.41371145241122614,0.6490666345052887,0.22490437656233553
UAV_0079,telemetry_19,20,20,166,33507.11484073891,0.5772538213724969,0.8087827467388706,0.05725951466956211
UAV_0079,telemetry_19,50,50,166,33506.35337854384,0.8146719925222154,2.8561495075846324,0.04608130762852497
UAV_0079,telemetry_21,5,5,166,34964.64697855546,0.2231697264987582,0.29430751981271897,0.10300763193445164
UAV_0079,telemetry_21,20,20,166,34964.087794267805,0.5616653153236262,0.8829225594454329,0.06151691015649594
UAV_0079,telemetry_21,50,50,166,34963.18132710679,0.943958827439046,3.090228958026273,0.05770264602125205
UAV_0079,telemetry_22,5,5,166,23197.402798786025,51.20173620128842,130.53079431717197,23.979206188176978
UAV_0079,telemetry_22,20,20,166,23159.795070490287,60.17335061060326,137.52351544130943,4.263215834467835
UAV_0079,telemetry_22,50,50,166,23129.249990529926,69.69158845026331,250.57250694814502,2.3595117199260933
UAV_0079,telemetry_23,5,5,166,-17354.431933401338,8.807237297947356,11.386422110041167,1.6432846435356623
UAV_0079,telemetry_23,20,20,166,-17365.28487622671,10.920130700419952,28.062270137190353,1.2424246393212515
UAV_0079,telemetry_23,50,50,166,-17374.07771758939,12.138211014354246,23.341157504903094,0.5776795723445882
UAV_0079,telemetry_25,5,5,166,-174.33899198582213,0.18803449734155298,-0.39498581460441073,-0.060767048400674636
UAV_0079,telemetry_25,20,20,166,-173.96983216678797,0.3767756887146447,-1.3064915406146724,-0.053342503013380886
UAV_0079,telemetry_25,50,50,166,-173.35031210834302,0.6190054054576294,-1.7622444036197749,-0.03818038150293982
UAV_0079,telemetry_26,5,5,166,-7443.490710845338,7.0587593824776205,13.204325615456582,4.047412851694389
UAV_0079,telemetry_26,20,20,166,-7448.463861742899,5.722071384587548,18.801811474183523,0.5247845330825018
UAV_0079,telemetry_26,50,50,166,-7454.840689863497,7.43370802334323,27.843904015207045,0.41888016193766053
UAV_0079,telemetry_28,5,5,166,-9929.637316278197,21.815622355181038,45.02563553383516,8.498020852030095
UAV_0079,telemetry_28,20,20,166,-9900.437950243537,30.826550446325953,-14.282277470128975,-2.8211484784779897
UAV_0079,telemetry_28,50,50,166,-9850.725529721853,51.902791176100855,-100.66854166274243,-3.0202037320027415
UAV_0080,telemetry_07,5,5,147,140.5912754437698,0.0,0.0,0.0
UAV_0080,telemetry_07,20,20,147,140.59127544376983,2.9160058604848984e-14,0.0,0.0
UAV_0080,telemetry_07,50,50,147,140.59127544376977,2.8710262101646174e-14,0.0,0.0
UAV_0080,telemetry_13,5,5,147,7148.551387914855,3.135748395448068,0.9351769669419809,0.3180921785366081
UAV_0080,telemetry_13,20,20,147,7145.4569558374515,3.5199289500232536,8.902927960421039,0.31850358087631525
UAV_0080,telemetry_13,50,50,147,7141.890876923276,4.639416528704629,11.667400258816997,0.22118816595410856
UAV_0080,telemetry_15,5,5,147,49890.14813166044,20.38632594952595,-46.68974870871898,-12.501997441555432
UAV_0080,telemetry_15,20,20,147,49920.82335823942,27.28626023262297,-103.3712269957905,-4.0717712437021785
UAV_0080,telemetry_15,50,50,147,49958.59271281902,39.46976932935087,-121.99778460482048,-2.3311814409962044
UAV_0080,telemetry_16,5,5,147,-702.5770172901283,1.9774146614635726,-1.7343073863319205,-0.5202922158995762
UAV_0080,telemetry_16,20,20,147,-700.929425273113,1.8893940630869912,-6.937229545327796,-0.19168660585774175
UAV_0080,telemetry_16,50,50,147,-699.4552639947308,2.0728938055239152,-5.2029221589957615,-0.09660487722185232
UAV_0080,telemetry_18,5,5,147,-103.33169098917838,0.007782870973830352,-0.01976334691769921,-0.004452487842767994
UAV_0080,telemetry_18,20,20,147,-103.3300684098152,0.005730295473986227,-0.012270261374183633,-9.372486606265613e-05
UAV_0080,telemetry_18,50,50,147,-103.3284808760218,0.006145756421649703,-0.008222215966029012,-9.305861841394118e-05
UAV_0080,telemetry_19,5,5,147,33508.17492604845,0.19532247139543388,-0.12283539825875778,-0.018676976553251734
UAV_0080,telemetry_19,20,20,147,33507.36569686829,0.6635318265447271,1.6780168152035912,0.08633541793537197
UAV_0080,telemetry_19,50,50,147,33506.52465073376,0.8922026192441146,2.5223039756237995,0.05339200419233392
UAV_0080,telemetry_21,5,5,147,34964.64697855545,0.4722695832485194,0.7357687995245215,0.20601526386817567
UAV_0080,telemetry_21,20,20,147,34964.087794267805,0.7278260949217132,2.5016139184008352,0.08231759200749447
UAV_0080,telemetry_21,50,50,147,34963.098921001234,1.035698296421247,3.678843997644435,0.060557393632337746
UAV_0080,telemetry_22,5,5,147,23263.921058479355,52.99234304868342,115.23421685813082,17.83143886654252
UAV_0080,telemetry_22,20,20,147,23204.147861037018,62.902266122384674,106.05627038270177,6.081827188227224
UAV_0080,telemetry_22,50,50,147,23148.95198229718,79.57594239133947,212.69526752575257,3.84302352255778
UAV_0080,telemetry_23,5,5,147,-17347.40169307207,10.037752491096219,9.767305522083916,4.0308103680970815
UAV_0080,telemetry_23,20,20,147,-17356.40472217654,11.266883876138637,27.960651679433795,1.392144012776875
UAV_0080,telemetry_23,50,50,147,-17363.905507591102,10.724124172105295,26.904606713011162,0.5372042170591244
UAV_0080,telemetry_25,5,5,147,-174.33899198582213,0.2398182170279723,-0.1519176210017008,0.015191762100170082
UAV_0080,telemetry_25,20,20,147,-174.07465532527917,0.44196224975110254,-0.6076704840068317,-0.04112055906813074
UAV_0080,telemetry_25,50,50,147,-173.49979904740866,0.6429306920101617,-1.7318608794194574,-0.0382854289815679
UAV_0080,telemetry_26,5,5,147,-7438.869196879928,7.342689280571891,-11.912598109599458,-2.726980290149277
UAV_0080,telemetry_26,20,20,147,-7446.504741692345,6.92553401338709,11.051446439025312,0.8257559628105352
UAV_0080,telemetry_26,50,50,147,-7453.7958258365325,8.592065124723932,8.611516705734175,0.48234142310323874
UAV_0080,telemetry_28,5,5,147,-9935.133884776504,21.909330221391592,40.49712332018498,5.837015045071712
UAV_0080,telemetry_28,20,20,147,-9897.948641265379,33.929738325620455,-35.74889259762131,-4.17274613608216
UAV_0080,telemetry_28,50,50,147,-9853.919012658025,54.76612981345515,-80.05295231506716,-2.8945572156368904
UAV_0081,telemetry_07,5,5,347,140.71160362240556,0.04707604124451628,0.0,0.0
UAV_0081,telemetry_07,20,20,347,140.69441388260046,0.035272601836038864,0.0,0.002972661770808512
UAV_0081,telemetry_07,50,50,347,140.6841000387174,0.023554027438540126,0.0,0.000685113279147245
UAV_0081,telemetry_13,5,5,347,7139.875431245098,3.495150158031993,2.1601794187645282,-0.48400446630967053
UAV_0081,telemetry_13,20,20,347,7141.184530003952,3.9329968666482187,-6.592649695157888,-0.07521254655638948
UAV_0081,telemetry_13,50,50,347,7138.924668171093,4.035091332347596,6.789289133152124,0.11803742462416822
UAV_0081,telemetry_15,5,5,347,50321.64282382188,26.3800492783449,20.168491185933817,2.7138030953552517
UAV_0081,telemetry_15,20,20,347,50283.99188974099,33.35613472537704,116.20011435565539,4.492197403348361
UAV_0081,telemetry_15,50,50,347,50223.834893171574,58.57897895969685,207.2358727362007,3.8383772720709777
UAV_0081,telemetry_16,5,5,347,-701.5364328583291,1.7343073863319205,1.7343073863319205,0.3468614772663841
UAV_0081,telemetry_16,20,20,347,-701.1895713810627,1.4455603877092467,1.7343073863319205,-0.044335677545327294
UAV_0081,telemetry_16,50,50,347,-699.9408700629037,1.914002236696303,-3.4686147726639547,-0.09194119349390115
UAV_0081,telemetry_18,5,5,347,-103.06789957649707,0.005253260846663279,-0.007280307715205936,-0.0006517120852606694
UAV_0081,telemetry_18,20,20,347,-103.07091769210508,0.018951347575490066,-0.0106012661158843,-0.0003796577571042168
UAV_0081,telemetry_18,50,50,347,-103.06894275169756,0.012413810302645264,-0.0017641922232343177,-0.00011572537291471588
UAV_0081,telemetry_19,5,5,347,33511.04153695768,0.39958069628046816,0.7660114585014526,0.07750548852563952
UAV_0081,telemetry_19,20,20,347,33510.238628849176,0.7947861009429874,2.8004192393200356,0.11334577731150719
UAV_0081,telemetry_19,50,50,347,33508.868414867866,1.3591543570053213,4.371498645035899,0.0886205368223707
UAV_0081,telemetry_21,5,5,347,34967.94322277734,0.38089806335262844,0.7357687995317974,0.10300763193372404
UAV_0081,telemetry_21,20,20,347,34967.17802322583,0.798036511354627,1.7658451188763138,0.10710138314972212
UAV_0081,telemetry_21,50,50,347,34965.75651790514,1.3926667529855705,4.7089203169889515,0.0890130090532603
UAV_0081,telemetry_22,5,5,347,23251.77120552617,79.05607217259916,8.740901405162731,9.585855207666828
UAV_0081,telemetry_22,20,20,347,23229.073998210748,65.37214082464325,83.76697179951952,2.679228676320688
UAV_0081,telemetry_22,50,50,347,23174.562823414322,77.36395460159278,206.28527316195687,3.514779764467886
UAV_0081,telemetry_23,5,5,347,-17493.40769628411,15.876294465203138,-29.927460755192442,-8.444425055718966
UAV_0081,telemetry_23,20,20,347,-17476.83581660681,15.336167751290317,-58.974607664207724,-2.0955980066130353
UAV_0081,telemetry_23,50,50,347,-17452.247561903,25.010927632502185,-93.77574962190556,-1.6187334154567368
UAV_0081,telemetry_25,5,5,347,-174.5152164261841,0.35911731848204337,-0.2734517178030842,-0.15191762100170933
UAV_0081,telemetry_25,20,20,347,-174.1688442503002,0.4657810376389639,-1.09380687121228,-0.04669467929736573
UAV_0081,telemetry_25,50,50,347,-173.52471353725298,0.6816939976850527,-1.7014773552191116,-0.04027403611170304
UAV_0081,telemetry_26,5,5,347,-7668.538347421856,5.634715423273309,-13.060800337028923,-2.8274479850490932
UAV_0081,telemetry_26,20,20,347,-7648.681625151216,15.801775006714944,-39.90002740323416,-2.5207571269328644
UAV_0081,telemetry_26,50,50,347,-7614.93165592866,32.18475630215368,-107.78748410010485,-2.1738445496378715
UAV_0081,telemetry_28,5,5,347,-9900.533120656732,27.366778160491386,-39.67691516075138,-8.569096964745222
UAV_0081,telemetry_28,20,20,347,-9876.453332288496,29.23751371663842,-64.25609463779074,-3.1658853877884425
UAV_0081,telemetry_28,50,50,347,-9841.114813116177,41.40524924472896,-120.04679093389132,-2.3614600800876233
UAV_0082,telemetry_07,5,5,285,140.71160362240556,0.04707604124451628,0.0,0.0
UAV_0082,telemetry_07,20,20,285,140.69011644764916,0.031487095187570084,0.08594869902555047,0.0025203001969898256
UAV_0082,telemetry_07,50,50,285,140.6823810647369,0.02061891562549892,0.08594869902555047,0.0005324073072891242
UAV_0082,telemetry_13,5,5,285,7141.818940102077,4.685044508936484,9.200754012139441,2.3070840886023687
UAV_0082,telemetry_13,20,20,285,7141.146012448842,3.347140228488707,1.5575626889476553,0.09222180567901792
UAV_0082,telemetry_13,50,50,285,7139.418775792218,3.624636352832293,6.09379756855742,0.1193505832777768
UAV_0082,telemetry_15,5,5,285,50320.68065726989,18.562369971807275,41.87891594877874,10.491316057271614
UAV_0082,telemetry_15,20,20,285,50287.32246626711,34.69197555999901,81.29073817449535,4.578360187886328
UAV_0082,telemetry_15,50,50,285,50226.459880892886,60.373650850767575,177.07565197191434,3.9141256382902467
UAV_0082,telemetry_16,5,5,285,-701.1895713810627,1.4510256638667078,-3.468614772663841,-0.6937229545327682
UAV_0082,telemetry_16,20,20,285,-701.1895713810627,1.8319651332302094,-1.7343073863319205,-0.07563144993026377
UAV_0082,telemetry_16,50,50,285,-699.6286947333641,2.109585039937634,-5.202922158995875,-0.08819359049822553
UAV_0082,telemetry_18,5,5,285,-103.15643288490458,0.004367225751215291,-0.0034212888330813485,0.0004189831321113502
UAV_0082,telemetry_18,20,20,285,-103.14771574964672,0.02789516651047826,0.00793932225498395,-0.0009366301488797542
UAV_0082,telemetry_18,50,50,285,-103.14036124674391,0.032714337254816296,-0.004866662203539818,-0.0005620157010835209
UAV_0082,telemetry_19,5,5,285,33511.16272461868,0.691306826014548,0.22134365660895128,0.16033983278248343
UAV_0082,telemetry_19,20,20,285,33510.22800535816,0.8484055524383566,1.6217773290190962,0.10802521387611198
UAV_0082,telemetry_19,50,50,285,33508.87793966357,1.356574157947976,4.67967712389509,0.0867446686168204
UAV_0082,telemetry_21,5,5,285,34968.00208428131,0.28305590879159076,0.29430751981271897,0.0294307519805443
UAV_0082,telemetry_21,20,20,285,34967.14123478586,0.6671644300281213,2.2073063985881163,0.10079479343923074
UAV_0082,telemetry_21,50,50,285,34965.75946098034,1.3842481554815755,4.4146127971835085,0.0890483400880776
UAV_0082,telemetry_22,5,5,285,23249.061526090565,76.81075917000523,39.334056323259574,13.854328727191751
UAV_0082,telemetry_22,20,20,285,23218.70146187662,69.90143424921135,-44.72427885643992,3.7421573384229023
UAV_0082,telemetry_22,50,50,285,23172.281448147573,77.99904271464757,40.79087322412306,3.0093185151438777
UAV_0082,telemetry_23,5,5,285,-17496.717191475625,4.291472542275055,-7.459918770175136,-1.5161652822025644
UAV_0082,telemetry_23,20,20,285,-17477.66946648529,14.07023202471569,-46.98887171822207,-2.1490566296720734
UAV_0082,telemetry_23,50,50,285,-17455.441331098573,22.559753895847667,-81.82181679304267,-1.445995452871827
UAV_0082,telemetry_25,5,5,285,-174.19315106966047,0.3241225727627758,0.12153409680135496,0.08203551534091673
UAV_0082,telemetry_25,20,20,285,-173.89083500386707,0.3832199350406764,-0.45575286300515927,-0.044844254139300946
UAV_0082,telemetry_25,50,50,285,-173.37583426867133,0.5741043979509949,-1.4280256374160558,-0.03515734850687265
UAV_0082,telemetry_26,5,5,285,-7672.097774326891,7.77795782282427,-18.514760917327294,-4.707629132467628
UAV_0082,telemetry_26,20,20,285,-7649.7508884755125,16.343390590312463,-53.67845413240957,-2.6076276901924778
UAV_0082,telemetry_26,50,50,285,-7616.1889373676995,31.56682617344816,-99.0324421159412,-2.10179589366209
UAV_0082,telemetry_28,5,5,285,-9901.893841423787,35.61330133140752,-94.74017190247832,-16.090509983211085
UAV_0082,telemetry_28,20,20,285,-9871.880692613082,35.60371822440592,-76.87425413953315,-3.9028777655773634
UAV_0082,telemetry_28,50,50,285,-9841.833700294403,37.76304869647005,-171.3954156270247,-2.089806748687016
UAV_0083,telemetry_07,5,5,181,140.5912754437698,0.0,0.0,0.0
UAV_0083,telemetry_07,20,20,181,140.59127544376983,2.9160058604848984e-14,0.0,0.0
UAV_0083,telemetry_07,50,50,181,140.59127544376977,2.8710262101646174e-14,0.0,0.0
UAV_0083,telemetry_13,5,5,181,7147.533100189069,3.9396806430249938,-3.0592497769721376,0.08840898479520547
UAV_0083,telemetry_13,20,20,181,7144.792284111982,4.217210546130966,4.403215084308613,0.39441450823463886
UAV_0083,telemetry_13,50,50,181,7142.715677285767,3.942940597315747,1.2525810502147579,0.1547446853396965
UAV_0083,telemetry_15,5,5,181,50185.08918625106,20.912921719078362,-0.061677343081100844,3.743814724727417
UAV_0083,telemetry_15,20,20,181,50146.33422772911,28.88924858887009,51.68561349789525,3.3737506662707366
UAV_0083,telemetry_15,50,50,181,50103.19894430187,44.29207794138044,176.458878541147,2.7193829327790073
UAV_0083,telemetry_16,5,5,181,-702.9238787673947,1.8998385542836393,-5.2029221589957615,-1.0405844317991524
UAV_0083,telemetry_16,20,20,181,-701.5364328583292,1.9491932291517804,-3.468614772663841,-0.18516665327754467
UAV_0083,telemetry_16,50,50,181,-700.1489869492635,2.188141157827122,-6.937229545327796,-0.10110200081666246
UAV_0083,telemetry_18,5,5,181,-103.32520401290131,0.005795801479831634,-0.007559172068738462,-0.0010983268582776874
UAV_0083,telemetry_18,20,20,181,-103.32447132256273,0.005540468688686671,-0.01493381042899955,-2.6348862897385973e-05
UAV_0083,telemetry_18,50,50,181,-103.32492399960749,0.004885565425120785,-0.010399024269219126,1.2019313520162834e-05
UAV_0083,telemetry_19,5,5,181,33506.73522176841,0.30111227197904716,0.29486363233445445,0.07705685656619607
UAV_0083,telemetry_19,20,20,181,33506.49509387388,0.4065666691192116,0.4388614077033708,0.022169273651071082
UAV_0083,telemetry_19,50,50,181,33506.086748542286,0.5868834688313636,0.9825973904589773,0.028901344055525042
UAV_0083,telemetry_21,5,5,181,34963.970071259886,0.4813525224655937,0.0,-0.10300763193445164
UAV_0083,telemetry_21,20,20,181,34963.307879340304,0.6460315569838916,1.3243838391572353,0.05155913692958022
UAV_0083,telemetry_21,50,50,181,34962.907621113365,0.6057026258384794,1.3243838391572353,0.024781187802651983
UAV_0083,telemetry_22,5,5,181,23258.647381298233,50.60368369457386,52.882453501264536,22.289298583177878
UAV_0083,telemetry_22,20,20,181,23213.944954695304,74.93334517242367,-55.504723922815174,3.266884516405089
UAV_0083,telemetry_22,50,50,181,23170.166150007524,79.25162508722495,219.8336703399691,2.6592487367385327
UAV_0083,telemetry_23,5,5,181,-17455.306021760687,9.029339738903689,-17.86789514180782,-3.9168544950440265
UAV_0083,telemetry_23,20,20,181,-17438.10506039027,15.412222044420494,-52.3043977027628,-2.0518851694683145
UAV_0083,telemetry_23,50,50,181,-17417.38190582264,21.6674654496973,-83.89444916368302,-1.35412396238557
UAV_0083,telemetry_25,5,5,181,-174.36937551002245,0.2249201817250607,0.30383524200343004,0.06988210566078693
UAV_0083,telemetry_25,20,20,181,-174.01084992445846,0.3416804714409762,-0.9722727744108965,-0.04358779261221831
UAV_0083,telemetry_25,50,50,181,-173.55327405000128,0.5331301005931062,-1.2457244922139807,-0.0319913342204505
UAV_0083,telemetry_26,5,5,181,-7439.902578884615,3.5774953245292376,-5.88453641558408,-1.3491376172315541
UAV_0083,telemetry_26,20,20,181,-7446.174633551958,5.380329270080431,5.884536415585899,0.6764033422498883
UAV_0083,telemetry_26,50,50,181,-7452.5385443974965,7.533773421401136,21.385266485906868,0.4098792489183055
UAV_0083,telemetry_28,5,5,181,-9955.103537654579,21.53679844494276,-31.342910908071644,-7.5802937206441126
UAV_0083,telemetry_28,20,20,181,-9912.955326269739,35.58954811817555,-86.31937861555707,-5.261032487797473
UAV_0083,telemetry_28,50,50,181,-9873.698502719932,44.80113761520487,-187.610182990893,-2.542320435090688
UAV_0084,telemetry_07,5,5,226,140.72879336221067,0.04707604124451628,0.08594869902555047,0.025784609707665142
UAV_0084,telemetry_07,20,20,226,140.6901164476492,0.031487095187570084,0.08594869902555047,0.0032957771806790027
UAV_0084,telemetry_07,50,50,226,140.67550516881485,0.03243911360172297,0.08594869902555047,0.0012587924707223477
UAV_0084,telemetry_13,5,5,226,7143.68701563458,2.7625321954929554,5.752946762039755,1.3837648915480714
UAV_0084,telemetry_13,20,20,226,7142.588796858096,4.0212258722237495,3.1868006403128675,0.2711189535863103
UAV_0084,telemetry_13,50,50,226,7138.807729931383,4.955463888246373,10.842847774373695,0.24339424963102582
UAV_0084,telemetry_15,5,5,226,50315.24071561057,26.073815023181766,32.257250428869156,9.87454262650499
UAV_0084,telemetry_15,20,20,226,50263.85732109375,39.963151469697465,130.4475806062619,5.982609530511706
UAV_0084,telemetry_15,50,50,226,50189.877815167514,72.38451700682408,231.72177793746232,4.743596311327092
UAV_0084,telemetry_16,5,5,226,-701.1895713810627,1.4510256638667076,0.0,0.0
UAV_0084,telemetry_16,20,20,226,-699.8888408413138,2.2135003752491995,-5.202922158995875,-0.17343073863319683
UAV_0084,telemetry_16,50,50,226,-698.3453072674783,2.4112868538513053,-3.4686147726639547,-0.10659848521031942
UAV_0084,telemetry_18,5,5,226,-103.0655541933395,0.0043738235977442575,-0.005163440274500886,-0.00019409300674055885
UAV_0084,telemetry_18,20,20,226,-103.06268283997824,0.020698267413935625,-0.010958003997004084,-0.00012281698485980185
UAV_0084,telemetry_18,50,50,226,-103.04783794384718,0.03523935635229177,-0.006117656048047593,-0.0009812986567372636
UAV_0084,telemetry_19,5,5,226,33510.8420057124,0.6028762718947265,1.6493954247271176,0.3047588431974873
UAV_0084,telemetry_19,20,20,226,33509.848058104486,0.856387835854331,2.773677559402131,0.11860933208116965
UAV_0084,telemetry_19,50,50,226,33508.05640309932,1.6551965190074502,5.053305115048715,0.10637316539041629
UAV_0084,telemetry_21,5,5,226,34967.825499769424,0.8767697140263166,2.060152638681757,0.4856074076895311
UAV_0084,telemetry_21,20,20,226,34966.71448888212,1.0366660957344032,3.2373827179253567,0.15766474275625025
UAV_0084,telemetry_21,50,50,226,34964.85005074413,1.815764909933392,5.444689116520749,0.11980753897746757
UAV_0084,telemetry_22,5,5,226,23214.418420188085,33.92610351173812,84.20401686978585,20.86161802033421
UAV_0084,telemetry_22,20,20,226,23214.083352300884,47.76572910555436,36.711785901708936,1.3941628206137424
UAV_0084,telemetry_22,50,50,226,23145.548858016766,82.3376296633973,179.04279711585696,4.18117293602154
UAV_0084,telemetry_23,5,5,226,-17490.409354748503,7.569508261271363,-15.096316731454863,-3.9453797325702906
UAV_0084,telemetry_23,20,20,226,-17470.409012737255,15.646658406085226,-45.50421972963886,-2.322359531603726
UAV_0084,telemetry_23,50,50,226,-17442.077268672405,27.4852725407447,-81.91816083143203,-1.7990510803819573
UAV_0084,telemetry_25,5,5,226,-174.34506869066217,0.4897311399410314,-0.9115057260102617,-0.1367258589015421
UAV_0084,telemetry_25,20,20,226,-173.93489111395758,0.4833197504448343,-1.0026562986112708,-0.06245756027348272
UAV_0084,telemetry_25,50,50,226,-173.18381039572512,0.7700911888279085,-2.7649007022310457,-0.048227005639485
UAV_0084,telemetry_26,5,5,226,-7663.371437398416,13.866577250265237,-37.603622948372504,-7.764717563003797
UAV_0084,telemetry_26,20,20,226,-7636.962786167498,23.620881956633905,-88.26804623377393,-3.804606929540847
UAV_0084,telemetry_26,50,50,226,-7593.632504609813,41.429435152440966,-151.70621929935078,-2.7761476052181213
UAV_0084,telemetry_28,5,5,226,-9910.5068614542,17.955366916113743,-40.02347209196705,-7.295835996985443
UAV_0084,telemetry_28,20,20,226,-9872.010459795316,34.67726779453393,-106.11365704915079,-5.0072021616918825
UAV_0084,telemetry_28,50,50,226,-9824.667402691332,50.46174678742481,-157.56077141210335,-2.9850906500156142
UAV_0085,telemetry_07,5,5,266,140.74598310201583,0.03843742671976016,0.0,0.0
UAV_0085,telemetry_07,20,20,266,140.703008752503,0.040409841967921606,0.08594869902555047,0.004394369574238671
UAV_0085,telemetry_07,50,50,266,140.68753798667842,0.028213582053755237,0.08594869902555047,0.0010235427302922697
UAV_0085,telemetry_13,5,5,266,7145.110963526373,4.560571523416706,6.404086546761391,2.1603925318674557
UAV_0085,telemetry_13,20,20,266,7142.738001348416,3.885604427339755,7.0027892268080905,0.2291326237451016
UAV_0085,telemetry_13,50,50,266,7139.7123538784845,4.825448416873761,16.1023004604358,0.1939630716620383
UAV_0085,telemetry_15,5,5,266,50308.419201466335,13.149676081161058,2.775480438438535,2.769312704125332
UAV_0085,telemetry_15,20,20,266,50276.49500869007,31.938160820266678,63.40430868238764,4.366755889798558
UAV_0085,telemetry_15,50,50,266,50211.90032728631,62.703769773093796,168.1941145689343,4.118094759073928
UAV_0085,telemetry_16,5,5,266,-701.8832943355955,2.5723935629347663,1.7343073863319205,-0.3468614772663955
UAV_0085,telemetry_16,20,20,266,-700.7559945344798,1.8211314182828642,-1.7343073863319205,-0.08475938354253619
UAV_0085,telemetry_16,50,50,266,-699.316519403824,2.1892629939212487,-6.937229545327796,-0.09793735828698098
UAV_0085,telemetry_18,5,5,266,-98.85387027972652,0.04422029039659004,0.046453480427956606,0.005118733620237492
UAV_0085,telemetry_18,20,20,266,-98.95279558480476,0.1129369984830943,0.04359069353188261,0.008266947646911441
UAV_0085,telemetry_18,50,50,266,-99.03539510620126,0.17714877797656692,0.43005126416332473,0.004626228581603296
UAV_0085,telemetry_19,5,5,266,33511.4090301453,0.5646010614108465,0.8521060345156002,0.22778204699570778
UAV_0085,telemetry_19,20,20,266,33510.51113959697,0.8569363345220835,2.50200622741977,0.12157371801107442
UAV_0085,telemetry_19,50,50,266,33509.159299835825,1.4069004457124359,4.8996339111618,0.08998348084551869
UAV_0085,telemetry_21,5,5,266,34968.50240706499,0.5564669581202606,0.4414612797118025,0.23544601584872
UAV_0085,telemetry_21,20,20,266,34967.56798068958,0.8417874751984403,2.2073063985881163,0.12048905604326164
UAV_0085,telemetry_21,50,50,266,34966.00079314659,1.5612967364580268,5.0032278368089464,0.10261545744799899
UAV_0085,telemetry_22,5,5,266,23257.88983650978,48.65347523990792,-41.08223660428848,3.918837463316959
UAV_0085,telemetry_22,20,20,266,23208.991777232375,64.62440040132259,76.48288729522028,5.881049340161178
UAV_0085,telemetry_22,50,50,266,23142.518678862973,81.00537207807638,151.65463937965978,4.02010809892462
UAV_0085,telemetry_23,5,5,266,-17496.248046558394,6.307992385113275,-10.132261473645485,-1.8031902653219731
UAV_0085,telemetry_23,20,20,266,-17478.624228213797,15.063118488834952,-55.868784864855115,-2.0492007150915232
UAV_0085,telemetry_23,50,50,266,-17453.470969745984,25.45049221489288,-90.18379104623091,-1.6175126090952419
UAV_0085,telemetry_25,5,5,266,-174.42406585358307,0.3420002739427368,0.6380540082071491,0.06380540082071207
UAV_0085,telemetry_25,20,20,266,-174.0427526248688,0.38725586539544776,0.24306819360270993,-0.036802900365977484
UAV_0085,telemetry_25,50,50,266,-173.50587575224876,0.5758816021724273,-1.488792685816719,-0.03487722189719829
UAV_0085,telemetry_26,5,5,266,-7989.091402713816,37.58344629978751,19.84920191340825,10.012803023878496
UAV_0085,telemetry_26,20,20,266,-7979.550215183919,33.587205628899675,-45.86146591034867,0.05301748872431396
UAV_0085,telemetry_26,50,50,266,-7960.048398616648,49.01271829882054,31.52216817147564,-0.7921962335920769
UAV_0085,telemetry_28,5,5,266,-9906.38877514523,36.79119146838128,-26.11653313968418,-1.946759452997685
UAV_0085,telemetry_28,20,20,266,-9873.980126690214,39.34263440605443,-104.19635248044142,-3.7947877161318044
UAV_0085,telemetry_28,50,50,266,-9837.569112333096,45.57586246024265,-108.63925179489888,-2.354660462589046
UAV_0086,telemetry_07,5,5,341,140.5912754437698,0.0,0.0,0.0
UAV_0086,telemetry_07,20,20,341,140.59127544376983,2.9160058604848984e-14,0.0,0.0
UAV_0086,telemetry_07,50,50,341,140.59127544376977,2.8710262101646174e-14,0.0,0.0
UAV_0086,telemetry_13,5,5,341,7146.8821196308145,2.442316958615425,5.373117461766924,0.7012736911811771
UAV_0086,telemetry_13,20,20,341,7146.18563873031,2.258872008692068,5.471759617382304,0.09452324111815821
UAV_0086,telemetry_13,50,50,341,7144.155852061023,3.8377835977356005,7.35050218714332,0.1472193654648798
UAV_0086,telemetry_15,5,5,341,50436.91777803139,16.89827511780089,41.20046517493756,9.467472162205377
UAV_0086,telemetry_15,20,20,341,50401.30528013917,34.90450428315411,117.31030653102061,5.559957421641724
UAV_0086,telemetry_15,50,50,341,50324.01246734287,74.71734804269285,240.41828331122088,5.000727895890713
UAV_0086,telemetry_16,5,5,341,-702.230155812862,0.9499192771418197,0.0,0.0
UAV_0086,telemetry_16,20,20,341,-701.6231482276457,1.9873966262639835,0.0,-0.15256689037656984
UAV_0086,telemetry_16,50,50,341,-700.3571038356234,2.0562437864503575,-1.7343073863319205,-0.08028198417402144
UAV_0086,telemetry_18,5,5,341,-103.33213579203002,0.0076008415647212686,-0.000936411715102281,0.0009551040752754147
UAV_0086,telemetry_18,20,20,341,-103.32791508673672,0.005920111978170677,-0.009570492164016287,-0.00037217076204753603
UAV_0086,telemetry_18,50,50,341,-103.32666834430366,0.005969190500372515,-0.007191732578462506,-0.00012628582161806063
UAV_0086,telemetry_19,5,5,341,33506.42045738051,0.2592453708454963,0.04490183692541905,0.0739024078087823
UAV_0086,telemetry_19,20,20,341,33506.14037141031,0.4280409413566411,0.8989329729811288,0.0378146131450741
UAV_0086,telemetry_19,50,50,341,33505.71731984383,0.509995593069239,0.7641259734300547,0.024130892686884124
UAV_0086,telemetry_21,5,5,341,34962.91056418856,0.3543931835074643,0.7357687995317974,0.11772300792508758
UAV_0086,telemetry_21,20,20,341,34962.69719123669,0.4086838482066594,1.7658451188690378,0.030647813153331285
UAV_0086,telemetry_21,50,50,341,34962.3690383521,0.570962161240145,1.3243838391499594,0.021057296735593027
UAV_0086,telemetry_22,5,5,341,23288.308173399768,54.29976966737136,-31.75860843877672,-13.577533516027689
UAV_0086,telemetry_22,20,20,341,23229.693145393616,59.05925985183763,-30.884518298258627,6.356212627073642
UAV_0086,telemetry_22,50,50,341,23192.094157999287,64.70356145913658,27.388157736193534,2.126092226379647
UAV_0086,telemetry_23,5,5,341,-17539.664283203652,3.869898390912735,-3.732705664860987,-1.0217068695670606
UAV_0086,telemetry_23,20,20,341,-17521.02715343909,16.85462540179365,-50.35989210952175,-2.499482330547326
UAV_0086,telemetry_23,50,50,341,-17495.091021589524,26.965756193008357,-87.2259414642649,-1.7600338036335434
UAV_0086,telemetry_25,5,5,341,-174.15061413578002,0.33518412054085334,0.09115057260100912,-0.04861363872055051
UAV_0086,telemetry_25,20,20,341,-173.85285559861666,0.32625915882590234,-0.54690343560614,-0.03394730598624573
UAV_0086,telemetry_25,50,50,341,-173.60431837065786,0.40136351717854374,-1.3672585890153641,-0.020071363381709246
UAV_0086,telemetry_26,5,5,341,-7448.083519755062,4.110690258472601,9.61619365473598,1.3347850893886062
UAV_0086,telemetry_26,20,20,341,-7450.588035863647,3.9980092435601144,9.185617819449362,0.3739211201173882
UAV_0086,telemetry_26,50,50,341,-7453.907775553708,5.51952415200875,10.907921160596743,0.25972389520254713
UAV_0086,telemetry_28,5,5,341,-9928.525506007809,35.626232522129605,54.25892750071034,3.4937017684762397
UAV_0086,telemetry_28,20,20,341,-9900.481019981613,30.354162746379703,-16.234808225446614,-3.2807268321655982
UAV_0086,telemetry_28,50,50,341,-9875.719446923269,35.1499170799478,-66.60096933520072,-1.7056672001969908
UAV_0087,telemetry_07,5,5,172,140.5912754437698,0.0,0.0,0.0
UAV_0087,telemetry_07,20,20,172,140.59127544376983,2.9160058604848984e-14,0.0,0.0
UAV_0087,telemetry_07,50,50,172,140.59127544376977,2.8710262101646174e-14,0.0,0.0
UAV_0087,telemetry_13,5,5,172,7147.65987491197,0.8646464362901068,-0.6186864068640716,-0.10600364795591304
UAV_0087,telemetry_13,20,20,172,7145.159279059844,3.9506850531985878,2.6647689359142532,0.3888058756453657
UAV_0087,telemetry_13,50,50,172,7142.314426403056,4.28546036206022,7.769037995264625,0.19334433214995542
UAV_0087,telemetry_15,5,5,172,50382.863754559374,36.63772794377927,98.3136848635404,16.578869818896056
UAV_0087,telemetry_15,20,20,172,50302.50742813248,63.08493153013464,215.9323781099447,10.084894828156902
UAV_0087,telemetry_15,50,50,172,50190.66851870573,104.93779036880719,380.8575934958353,6.9328443399707
UAV_0087,telemetry_16,5,5,172,-701.1895713810627,1.4510256638667076,-1.7343073863319205,0.0
UAV_0087,telemetry_16,20,20,172,-700.7559945344798,1.1903119424635458,-1.7343073863319205,-0.03781572496513287
UAV_0087,telemetry_16,50,50,172,-699.5593224379109,1.8543836349788954,-3.4686147726639547,-0.06187708946192779
UAV_0087,telemetry_18,5,5,172,-103.32902139805097,0.0075015744953567665,0.0026287042040706865,0.0020121828383352636
UAV_0087,telemetry_18,20,20,172,-103.32723196829711,0.005874294909756068,-0.004395720363604028,-0.0002203004061906514
UAV_0087,telemetry_18,50,50,172,-103.32780615127507,0.005885424861397101,-0.013510231688982799,1.803944487587442e-05
UAV_0087,telemetry_19,5,5,172,33506.51403135087,0.3702278341016652,0.3532339308076189,0.14879447954444913
UAV_0087,telemetry_19,20,20,172,33506.08957323149,0.4569817337155049,1.1881811482599005,0.05467809372223433
UAV_0087,telemetry_19,50,50,172,33505.80113825742,0.5553008848861857,0.19981859037216054,0.020127719533301294
UAV_0087,telemetry_21,5,5,172,34963.08714870045,0.3513247865025999,-0.8829225594381569,-0.19129988787826732
UAV_0087,telemetry_21,20,20,172,34962.78548349264,0.49125419522945385,1.0300763193372404,0.04746538571395961
UAV_0087,telemetry_21,50,50,172,34962.501476736026,0.5138053977786204,0.44146127971907845,0.020357742246764385
UAV_0087,telemetry_22,5,5,172,23308.324837617605,76.59691961076331,108.241495733997,25.10095520184077
UAV_0087,telemetry_22,20,20,172,23213.23839849839,77.28972582770209,271.2593069403774,8.946827403184184
UAV_0087,telemetry_22,50,50,172,23170.104963697682,74.73573739048781,298.2104196063119,3.24294787427023
UAV_0087,telemetry_23,5,5,172,-17509.851088708492,17.874695638161384,-40.69378129937104,-7.9438440676553
UAV_0087,telemetry_23,20,20,172,-17485.647881207835,21.202195896197907,-65.31583860879255,-3.2546381633168493
UAV_0087,telemetry_23,50,50,172,-17447.546593066058,36.51331217130477,-122.46835440024006,-2.4239893515546953
UAV_0087,telemetry_25,5,5,172,-174.12630731641974,0.31909933762772374,-0.5772869598064858,-0.14280256374160274
UAV_0087,telemetry_25,20,20,172,-173.88931582765707,0.3326011813063747,-1.063423347011934,-0.03001800811973565
UAV_0087,telemetry_25,50,50,172,-173.46820018224034,0.46351252591264314,-1.2761080164143266,-0.025749763198646834
UAV_0087,telemetry_26,5,5,172,-7445.184309130799,3.8892437470493157,3.8751825175804697,1.6505407019323683
UAV_0087,telemetry_26,20,20,172,-7448.341865256234,6.380935053396211,18.084185082041586,0.5592090171568328
UAV_0087,telemetry_26,50,50,172,-7454.866524413612,7.704067047148654,19.519437866330918,0.4229395323575769
UAV_0087,telemetry_28,5,5,172,-9937.101028319066,32.349389477580694,-40.868870414444245,-10.604009612334995
UAV_0087,telemetry_28,20,20,172,-9908.242871169858,41.141544002391534,-110.7304935771408,-3.4979097750123334
UAV_0087,telemetry_28,50,50,172,-9868.884983899072,46.39288787209925,-128.12368816905655,-2.425811766181809
UAV_0088,telemetry_07,5,5,322,140.6944138826005,0.03843742671976015,0.08594869902555047,0.017189739805110092
UAV_0088,telemetry_07,20,20,322,140.69011644764916,0.031487095187570084,0.08594869902555047,0.0022618078690934333
UAV_0088,telemetry_07,50,50,322,140.6823810647369,0.02061891562549892,0.08594869902555047,0.0005158985535747327
UAV_0088,telemetry_13,5,5,322,7144.434113901002,4.3941237252075025,-5.495943091531444,-1.331029255818703
UAV_0088,telemetry_13,20,20,322,7140.218793849832,4.920909723397963,9.216790854797182,0.3411172800873623
UAV_0088,telemetry_13,50,50,322,7139.154412214335,3.8016709280490293,11.068568176859117,0.06916467606201808
UAV_0088,telemetry_15,5,5,322,50321.69216569634,15.223600084279147,33.24408791809401,6.64264984931142
UAV_0088,telemetry_15,20,20,322,50276.04168021847,34.14596537261004,122.42952600634453,5.0055569430880205
UAV_0088,telemetry_15,50,50,322,50219.741984685024,56.82262675596439,205.13884307160333,3.7141459235630183
UAV_0088,telemetry_16,5,5,322,-702.5770172901284,1.9774146614635724,-3.468614772663841,-0.8671536931659602
UAV_0088,telemetry_16,20,20,322,-701.3630021196959,2.0209665541304775,-3.468614772663841,-0.1251830895397485
UAV_0088,telemetry_16,50,50,322,-699.3858916992775,2.4416441572914356,-3.468614772663841,-0.1182576945301982
UAV_0088,telemetry_18,5,5,322,-102.96012807997313,0.04077142865056141,-0.089060971189312,-0.017316449969949587
UAV_0088,telemetry_18,20,20,322,-102.95706200523962,0.039108781520680744,-0.0836742914838311,-0.001691297626889938
UAV_0088,telemetry_18,50,50,322,-102.9481116451677,0.0416297588314584,-0.001244570887550367,-0.0005767135677576164
UAV_0088,telemetry_19,5,5,322,33510.58030131698,0.6998223221190933,-0.181072880011925,0.06400890693475958
UAV_0088,telemetry_19,20,20,322,33509.97140878461,0.8365725995137994,1.7407091517961817,0.10567514737247388
UAV_0088,telemetry_19,50,50,322,33508.66204207035,1.3820103321526471,3.7304234817856923,0.08768335909497214
UAV_0088,telemetry_21,5,5,322,34967.79606901744,0.6363443119240991,0.7357687995317974,0.3090228958026273
UAV_0088,telemetry_21,20,20,322,34966.913146458006,0.7983220853521624,2.795921438213554,0.12347638801141678
UAV_0088,telemetry_21,50,50,322,34965.403348881366,1.5042711133133273,4.267459037269873,0.09836866706608957
UAV_0088,telemetry_22,5,5,322,23240.757669755658,17.81443456159456,30.301791537909594,4.865768448874951
UAV_0088,telemetry_22,20,20,322,23212.291467512827,61.04868119002736,137.08647037104674,7.143879569486753
UAV_0088,telemetry_22,50,50,322,23155.784453562224,71.42777288272849,121.49852953182926,3.3490349249379743
UAV_0088,telemetry_23,5,5,322,-17493.44888174948,11.339800453495924,-28.185191596778168,-6.302346183546615
UAV_0088,telemetry_23,20,20,322,-17477.110236656437,14.426385253771107,-56.253138935451716,-2.186167993997203
UAV_0088,telemetry_23,50,50,322,-17454.011976709484,23.87313910588428,-89.70952477640458,-1.540002804040863
UAV_0088,telemetry_25,5,5,322,-174.48483290198376,0.20085325071254462,0.2126846694023925,0.0425369338804785
UAV_0088,telemetry_25,20,20,322,-174.05034850591886,0.4397359476086101,-1.0026562986112424,-0.06259462880370933
UAV_0088,telemetry_25,50,50,322,-173.48643029676055,0.6283277183376574,-1.5495597342173824,-0.03694315564354562
UAV_0088,telemetry_26,5,5,322,-7661.30467338904,10.083812735592561,-23.538145662339957,-5.66924849794159
UAV_0088,telemetry_26,20,20,322,-7641.117842978015,18.593352950138094,-72.0496897713083,-2.927807766206401
UAV_0088,telemetry_26,50,50,322,-7606.532556635002,33.79200517114008,-121.42238555085078,-2.261565545740782
UAV_0088,telemetry_28,5,5,322,-9888.31805286129,26.84382646535897,-40.67360521807677,-2.567589648291323
UAV_0088,telemetry_28,20,20,322,-9875.03255469137,28.09535036332517,-78.99117339068107,-2.821533848852853
UAV_0088,telemetry_28,50,50,322,-9841.357128006015,42.95769425848737,-116.90072083270024,-2.396691347479962
UAV_0089,telemetry_07,5,5,207,140.71160362240556,0.04707604124451628,0.08594869902555047,0.017189739805110092
UAV_0089,telemetry_07,20,20,207,140.6858190126979,0.026454451377029148,0.08594869902555047,0.0021971847871193355
UAV_0089,telemetry_07,50,50,207,140.6548774810487,0.04531373088522589,0.17189739805110094,0.0025217121298732933
UAV_0089,telemetry_13,5,5,207,7144.994619516324,5.715907051312766,-1.3712601033248575,0.04990696690074401
UAV_0089,telemetry_13,20,20,207,7141.0295312870785,4.109620984487544,11.562615478779662,0.25377475700861124
UAV_0089,telemetry_13,50,50,207,7137.220682840345,4.984937873758166,16.241858607375434,0.25264715534829546
UAV_0089,telemetry_15,5,5,207,50317.86817042561,35.042030098650905,86.53331233598146,13.760215240312391
UAV_0089,telemetry_15,20,20,207,50246.07882695201,57.616655786040994,163.01321775052202,8.957544294184082
UAV_0089,telemetry_15,50,50,207,50157.129613087745,87.7418877982248,317.5766394996099,5.7688410891431285
UAV_0089,telemetry_16,5,5,207,-702.230155812862,2.6302073784507543,1.7343073863319205,-1.1368683772161604e-14
UAV_0089,telemetry_16,20,20,207,-699.8888408413138,2.283899464718758,-5.202922158995875,-0.26731805578800866
UAV_0089,telemetry_16,50,50,207,-697.616898165219,2.948426655009785,-10.405844317991637,-0.15881508695006075
UAV_0089,telemetry_18,5,5,207,-103.93442662267447,0.1549370985747442,-0.01675075726663522,0.015397273120592558
UAV_0089,telemetry_18,20,20,207,-103.99517712626718,0.12887123802021647,-0.1328122642140812,0.0089889757993996
UAV_0089,telemetry_18,50,50,207,-104.0983703118386,0.16188249466592142,0.013678709627569674,0.00724777392922478
UAV_0089,telemetry_19,5,5,207,33511.06686782981,0.599952836554705,1.0242957300361013,0.31660098103020573
UAV_0089,telemetry_19,20,20,207,33509.65060805417,1.082616510926589,2.4361413014339632,0.1701384112653012
UAV_0089,telemetry_19,50,50,207,33507.5818087706,2.0057105545727043,6.4244223320056335,0.13312636183179746
UAV_0089,telemetry_21,5,5,207,34967.76663826546,0.6031509331113267,1.1772300792436,0.35316902377307996
UAV_0089,telemetry_21,20,20,207,34966.29510066639,1.2407665840698163,3.5316902377380757,0.1982703291363933
UAV_0089,telemetry_21,50,50,207,34964.18197267415,2.0182313316895097,6.474765435865265,0.13266096943454347
UAV_0089,telemetry_22,5,5,207,23264.620330591766,29.08202095771341,15.879304219382902,1.107180844654431
UAV_0089,telemetry_22,20,20,207,23190.002168929648,70.84323279674227,174.3809830330938,9.40731298598287
UAV_0089,telemetry_22,50,50,207,23105.308661581177,96.72494571244953,249.5527351175333,5.353223231440528
UAV_0089,telemetry_23,5,5,207,-17486.64566017858,10.928441515928084,-28.195516082156246,-5.108975633162845
UAV_0089,telemetry_23,20,20,207,-17461.304917637863,20.66057267197394,-69.13404323635041,-3.2923976724399235
UAV_0089,telemetry_23,50,50,207,-17429.668867945715,31.042417697040104,-114.05227210670637,-2.0424879689327167
UAV_0089,telemetry_25,5,5,207,-174.3572221003423,0.35237029388271845,0.54690343560614,0.054690343560613995
UAV_0089,telemetry_25,20,20,207,-173.75714749738557,0.4591913536607053,-1.0026562986112424,-0.06353126376026237
UAV_0089,telemetry_25,50,50,207,-172.96565669196673,0.7936121255720898,-2.5522160328286247,-0.05010472931995737
UAV_0089,telemetry_26,5,5,207,-7777.895232218037,20.2221806156681,-21.285266293499262,-8.846780355536975
UAV_0089,telemetry_26,20,20,207,-7743.08025108135,37.21756939259538,-73.58381936202386,-4.447565167807472
UAV_0089,telemetry_26,50,50,207,-7713.305474199472,39.03239798431849,-82.5741203316602,-1.9096380827722175
UAV_0089,telemetry_28,5,5,207,-9887.923512565927,20.087708992825732,34.66009047178159,8.00120671626155
UAV_0089,telemetry_28,20,20,207,-9859.169871744629,36.40009297008518,-71.2486972514107,-4.615866463740036
UAV_0089,telemetry_28,50,50,207,-9804.88098667733,55.653240495361885,-133.18680647636393,-3.342752041416488
UAV_0090,telemetry_07,5,5,181,140.5912754437698,0.0,0.0,0.0
UAV_0090,telemetry_07,20,20,181,140.59127544376983,2.9160058604848984e-14,0.0,0.0
UAV_0090,telemetry_07,50,50,181,140.59127544376977,2.8710262101646174e-14,0.0,0.0
UAV_0090,telemetry_13,5,5,181,7148.641825029408,2.9056259823537656,-1.0414925916975335,0.5246825280306439
UAV_0090,telemetry_13,20,20,181,7145.098456716211,4.3438265639020495,5.995937643953766,0.45483443137331037
UAV_0090,telemetry_13,50,50,181,7141.951067591179,4.865657031882883,10.729648211164204,0.20324073459613948
UAV_0090,telemetry_15,5,5,181,50065.484482557615,15.684161491852045,-8.449796001441428,0.4009027299965965
UAV_0090,telemetry_15,20,20,181,50065.37037947292,17.568278471989867,-17.33133340443601,-0.3516536034191228
UAV_0090,telemetry_15,50,50,181,50057.639124518304,18.617615206953452,-6.846185081456497,0.5963317970572501
UAV_0090,telemetry_16,5,5,181,-700.4958484265301,0.9499192771418197,0.0,-0.17343073863319206
UAV_0090,telemetry_16,20,20,181,-700.3224176878969,1.4993169315963002,0.0,-0.05998356373779797
UAV_0090,telemetry_16,50,50,181,-698.7962271879248,2.21850830929758,-3.4686147726639547,-0.10584896461118477
UAV_0090,telemetry_18,5,5,181,-103.33014087588819,0.009084692831514718,0.003123101810587059,-0.00190168610528616
UAV_0090,telemetry_18,20,20,181,-103.32913598293621,0.007124961609403999,-0.0027391354616526087,-5.85225546210371e-05
UAV_0090,telemetry_18,50,50,181,-103.32647672800476,0.012628434103058953,0.0005604471048457071,-0.00016206214730691456
UAV_0090,telemetry_19,5,5,181,33506.962763781834,0.5203789876807844,0.6944015840053908,0.18621748625373585
UAV_0090,telemetry_19,20,20,181,33506.775207743536,0.46444000758127124,1.767143554323411,0.040694603754443386
UAV_0090,telemetry_19,50,50,181,33506.128150688426,0.7172796662535319,2.7225671520864125,0.04213159188612859
UAV_0090,telemetry_21,5,5,181,34963.76405599601,0.36935300600121207,0.0,0.0
UAV_0090,telemetry_21,20,20,181,34963.42560234822,0.4747967158891008,1.0300763193445164,0.056206097768608056
UAV_0090,telemetry_21,50,50,181,34962.86347498539,0.668776100255194,1.4715375990563189,0.03794553136583807
UAV_0090,telemetry_22,5,5,181,23218.730598214635,29.187827419352967,-27.533839426279883,0.49531774629249414
UAV_0090,telemetry_22,20,20,181,23210.82736652746,56.205492441442765,-53.17381688144087,0.5547953084857464
UAV_0090,telemetry_22,50,50,181,23158.38632854716,68.70475578541827,87.55469574176459,2.71051889792182
UAV_0090,telemetry_23,5,5,181,-17411.514846631748,5.77342166681962,-8.604730505234329,-2.366621146970283
UAV_0090,telemetry_23,20,20,181,-17405.323712110556,6.9917670260345535,-19.290831776190316,-0.4364253244726159
UAV_0090,telemetry_23,50,50,181,-17398.445917349054,9.571267518150082,-22.994365356291382,-0.43409742564500936
UAV_0090,telemetry_25,5,5,181,-174.27214823258137,0.07864580241168355,-0.21268466940236408,-0.03949858146044107
UAV_0090,telemetry_25,20,20,181,-173.96679381436792,0.34350642981773305,-0.8203551534091957,-0.03853910174885409
UAV_0090,telemetry_25,50,50,181,-173.3794802915753,0.6275500438793944,-2.0964631698235223,-0.03746839303668467
UAV_0090,telemetry_26,5,5,181,-7438.955312046985,3.2205358317314627,2.8705055685786647,0.28705055685786646
UAV_0090,telemetry_26,20,20,181,-7448.506919326428,7.257608523284602,20.380589536905063,1.0358640207812435
UAV_0090,telemetry_26,50,50,181,-7455.8999064183,9.05802157904262,23.39462038391048,0.5397722103852519
UAV_0090,telemetry_28,5,5,181,-9919.258500632171,26.073251026268554,-2.5109845852057333,-1.7115571212492795
UAV_0090,telemetry_28,20,20,181,-9897.212040180644,28.588581168991702,-37.618627516068955,-1.7679778743981616
UAV_0090,telemetry_28,50,50,181,-9850.63064229734,48.06849370421538,-131.07128487641967,-2.888318276727894
UAV_0091,telemetry_07,5,5,156,140.5912754437698,0.0,0.0,0.0
UAV_0091,telemetry_07,20,20,156,140.59127544376983,2.9160058604848984e-14,0.0,0.0
UAV_0091,telemetry_07,50,50,156,140.59127544376977,2.8710262101646174e-14,0.0,0.0
UAV_0091,telemetry_13,5,5,156,7149.3186043672595,2.374507713831511,3.085101279743867,0.32988590690256386
UAV_0091,telemetry_13,20,20,156,7145.660618224711,3.7229633800765307,9.988915234514934,0.46820947508191524
UAV_0091,telemetry_13,50,50,156,7141.5516634976575,5.555293555535499,16.4716855657407,0.30682353261359246
UAV_0091,telemetry_15,5,5,156,49960.151916052,9.359178629293346,-13.44566079062497,-1.3630692819860997
UAV_0091,telemetry_15,20,20,156,49978.28813878356,25.687466877118407,-77.28171087453666,-2.664971334257657
UAV_0091,telemetry_15,50,50,156,50013.31901933059,36.10184495778465,-105.77664337577153,-1.998645047082262
UAV_0091,telemetry_16,5,5,156,-701.8832943355956,0.7756058419436329,1.7343073863319205,0.3468614772663841
UAV_0091,telemetry_16,20,20,156,-700.3224176878969,1.8746740186572244,1.7343073863319205,-0.13039905160390747
UAV_0091,telemetry_16,50,50,156,-698.5534241538383,2.2171244227495306,-5.202922158995875,-0.11675865333192838
UAV_0091,telemetry_18,5,5,156,-103.32431778475218,0.010299884332623487,0.000683314968000559,0.0021147190242231774
UAV_0091,telemetry_18,20,20,156,-103.32654388288665,0.0068976356180923265,0.0065223409100667595,6.014940434766486e-05
UAV_0091,telemetry_18,50,50,156,-103.32669882524564,0.005823054234875997,0.012442763861002959,-1.068669225849637e-05
UAV_0091,telemetry_19,5,5,156,33507.94579394938,0.416050139881047,-0.438203851612343,-0.0661878783503198
UAV_0091,telemetry_19,20,20,156,33507.03116476436,0.7957428006298045,3.0297267259811633,0.10124341097182338
UAV_0091,telemetry_19,50,50,156,33506.091026918024,1.0006162365289997,3.0083349207707215,0.05567363983610648
UAV_0091,telemetry_21,5,5,156,34964.470394043565,0.3190217493498398,0.4414612797263544,0.05886150396399899
UAV_0091,telemetry_21,20,20,156,34963.71255218004,0.6342363889710305,1.7658451188763138,0.08884546556747457
UAV_0091,telemetry_21,50,50,156,34962.86347498539,0.9221145734190975,2.6487676783071947,0.05580890255639123
UAV_0091,telemetry_22,5,5,156,23220.187415115495,123.82210942436933,135.19260839992785,50.44956927682615
UAV_0091,telemetry_22,20,20,156,23173.42359259785,82.45463091967638,316.5663125571591,6.98571087739323
UAV_0091,telemetry_22,50,50,156,23139.736158582327,74.28590597636308,203.22595767014718,2.4517476423166955
UAV_0091,telemetry_23,5,5,156,-17374.5043226842,6.841753171978254,-7.915090411381243,-1.2010844435910257
UAV_0091,telemetry_23,20,20,156,-17378.854690038985,8.707307821336602,9.73038037805236,0.35205265698655547
UAV_0091,telemetry_23,50,50,156,-17383.70477147468,9.709339606245665,11.1376895876856,0.2867648877686064
UAV_0091,telemetry_25,5,5,156,-174.50306301650397,0.3108933891779915,-0.39498581460441073,-0.14280256374159422
UAV_0091,telemetry_25,20,20,156,-174.03059921518866,0.5223543658492019,-1.2761080164142982,-0.07125279096305522
UAV_0091,telemetry_25,50,50,156,-173.31932091365871,0.729498022475724,-1.9749290730221674,-0.04466852230096721
UAV_0091,telemetry_26,5,5,156,-7443.605531068082,5.618240147176464,13.204325615459311,3.1575561254358946
UAV_0091,telemetry_26,20,20,156,-7446.906612471945,5.498190579379487,17.22303341146835,0.5706478739338363
UAV_0091,telemetry_26,50,50,156,-7456.376410342686,9.552477768488393,26.55217650934719,0.592413078411189
UAV_0091,telemetry_28,5,5,156,-9932.999805587588,21.514895430722177,9.417016259194497,-3.8641707802638847
UAV_0091,telemetry_28,20,20,156,-9896.004813223819,37.97874142813961,-77.78748354656454,-4.782960201271218
UAV_0091,telemetry_28,50,50,156,-9848.100951784374,55.1271901042915,-131.60366699063343,-3.3582045026980274
UAV_0092,telemetry_07,5,5,158,140.5912754437698,0.0,0.0,0.0
UAV_0092,telemetry_07,20,20,158,140.59127544376983,2.9160058604848984e-14,0.0,0.0
UAV_0092,telemetry_07,50,50,158,140.59127544376977,2.8710262101646174e-14,0.0,0.0
UAV_0092,telemetry_13,5,5,158,7149.635345593063,1.9769132763545492,-2.4567475309295332,-0.6793229512198196
UAV_0092,telemetry_13,20,20,158,7146.554275667523,3.720842793609536,-3.680313093384939,0.2482556549781902
UAV_0092,telemetry_13,50,50,158,7143.653074087134,4.530277007264037,10.963569711801938,0.16232022448321146
UAV_0092,telemetry_15,5,5,158,49873.68028105908,13.092648708512387,28.864996559685096,4.002859565648396
UAV_0092,telemetry_15,20,20,158,49885.297208627504,20.71818086423839,-24.115841142811405,-1.9572122289722838
UAV_0092,telemetry_15,50,50,158,49893.091374472046,22.58183831792828,-7.3396038260762,-0.7421953815232617
UAV_0092,telemetry_16,5,5,158,-701.5364328583291,0.0,0.0,0.0
UAV_0092,telemetry_16,20,20,158,-701.0161406424295,1.3897260189177754,-1.7343073863319205,-0.06259154476987484
UAV_0092,telemetry_16,50,50,158,-699.8021254719971,1.8868702214468707,-5.202922158995875,-0.08011542404088116
UAV_0092,telemetry_18,5,5,158,-103.32633867411946,0.006542449748648047,-0.007350723535665793,-0.00256851340935782
UAV_0092,telemetry_18,20,20,158,-103.3268049754108,0.004423519708501142,-0.002058760751083355,0.0001514584248720351
UAV_0092,telemetry_18,50,50,158,-103.32737232063009,0.005392402706510819,-0.0034509409535274926,4.1042110864811076e-05
UAV_0092,telemetry_19,5,5,158,33508.28660585052,0.6742961159464328,1.3890716761161457,0.18815845334465847
UAV_0092,telemetry_19,20,20,158,33507.794339976135,0.5619995533361342,1.5905067711573793,0.05826300545457179
UAV_0092,telemetry_19,50,50,158,33507.24245503414,0.7218362133113428,2.5516160204279004,0.03837774996591524
UAV_0092,telemetry_21,5,5,158,34965.08843983516,0.4946643188205182,0.8829225594381569,0.14715375990635948
UAV_0092,telemetry_21,20,20,158,34964.55132861152,0.5544664712680517,1.0300763193445164,0.055210320445944386
UAV_0092,telemetry_21,50,50,158,34963.98184356067,0.7001545486182377,2.3544601585017517,0.0387510789592119
UAV_0092,telemetry_22,5,5,158,23229.36536159092,68.0081544626797,135.04692670983786,21.429776611668785
UAV_0092,telemetry_22,20,20,158,23203.64525920622,79.81277842496287,32.34133519912211,1.7603386777249344
UAV_0092,telemetry_22,50,50,158,23174.56573704812,73.6482416263784,255.38000272098725,2.0911985759523146
UAV_0092,telemetry_23,5,5,158,-17346.219844719708,8.037474053672943,15.054891810526897,4.093528622946178
UAV_0092,telemetry_23,20,20,158,-17343.48357268713,7.6137008867791485,12.4049491794176,-0.21558446352034952
UAV_0092,telemetry_23,50,50,158,-17347.713812142545,9.192253529148616,16.253528525594447,0.23580843433895554
UAV_0092,telemetry_25,5,5,158,-174.45444937778342,0.18406498450808031,0.030383524200345846,0.05772869598064858
UAV_0092,telemetry_25,20,20,158,-174.24784141322112,0.3252150313770769,-0.24306819360273835,-0.024946472501333042
UAV_0092,telemetry_25,50,50,158,-173.8291564497404,0.5012441507081533,-1.3672585890153641,-0.028151265279499942
UAV_0092,telemetry_26,5,5,158,-7437.261713761525,7.94681723451533,3.1575561254358036,1.2199648666455687
UAV_0092,telemetry_26,20,20,158,-7442.5147389520225,6.18125900529996,7.893890313588599,0.569352909015653
UAV_0092,telemetry_26,50,50,158,-7448.91883687552,7.296468102138191,21.959367599621146,0.38510261621953346
UAV_0092,telemetry_28,5,5,158,-9938.346692797893,12.181165642544588,17.748408470724826,4.804877598515486
UAV_0092,telemetry_28,20,20,158,-9912.23589759739,23.0954331140341,-79.49729478007976,-2.9025415758612194
UAV_0092,telemetry_28,50,50,158,-9880.53195921013,41.365276931743686,-55.90282007266069,-2.3295264979305523
UAV_0093,telemetry_07,5,5,171,140.5912754437698,0.0,0.0,0.0
UAV_0093,telemetry_07,20,20,171,140.59127544376983,2.9160058604848984e-14,0.0,0.0
UAV_0093,telemetry_07,50,50,171,140.59127544376977,2.8710262101646174e-14,0.0,0.0
UAV_0093,telemetry_13,5,5,171,7149.282111355737,5.70585952937769,8.485893120321634,2.0438062794751204
UAV_0093,telemetry_13,20,20,171,7146.107066606843,3.974657486300752,2.531380452317535,0.2941837148979011
UAV_0093,telemetry_13,50,50,171,7142.1147898793615,4.683900821982674,8.735249099710927,0.21706639516482476
UAV_0093,telemetry_15,5,5,171,49881.89570315684,17.857822357012278,-23.314035682822578,-7.814519367760658
UAV_0093,telemetry_15,20,20,171,49915.04419119317,30.04000127387956,-54.39941659325268,-3.4139105001836434
UAV_0093,telemetry_15,50,50,171,49951.95376361029,39.80849190741631,-126.00681190476462,-2.4185278132413375
UAV_0093,telemetry_16,5,5,171,-701.5364328583291,0.0,0.0,0.0
UAV_0093,telemetry_16,20,20,171,-700.6692791651632,1.5409725509745433,-1.7343073863319205,-0.09649529818688958
UAV_0093,telemetry_16,50,50,171,-699.143088665191,1.9473857409223911,-5.202922158995875,-0.09635503702214085
UAV_0093,telemetry_18,5,5,171,-103.3270566350546,0.008991130218825322,0.008815663591278167,0.001339698790425814
UAV_0093,telemetry_18,20,20,171,-103.32702359691595,0.0059928355339836405,0.01322327435985926,0.00013358460837900295
UAV_0093,telemetry_18,50,50,171,-103.32683273723724,0.006353104903067844,0.004142051624597798,-1.2653835675421248e-05
UAV_0093,telemetry_19,5,5,171,33507.65568104408,0.20244861550367213,0.4839034239121247,0.10419653770004515
UAV_0093,telemetry_19,20,20,171,33507.25741611861,0.4017246804481301,1.3631729158587405,0.04040758749389696
UAV_0093,telemetry_19,50,50,171,33506.55123459144,0.7657962743419146,2.933620928750315,0.047116106001896835
UAV_0093,telemetry_21,5,5,171,34964.38210178762,0.4109780853369328,0.2943075198199949,0.07357687995536252
UAV_0093,telemetry_21,20,20,171,34964.00685969986,0.5474332225503447,0.2943075198199949,0.05609545584394302
UAV_0093,telemetry_21,50,50,171,34963.19898555798,0.8869974238992533,2.9430751981199137,0.051625708037077764
UAV_0093,telemetry_22,5,5,171,23225.053183564374,21.982155400068716,-23.16338872369306,-6.555676053875504
UAV_0093,telemetry_22,20,20,171,23188.894988084994,80.32340470675877,46.763822517648805,2.022237114563973
UAV_0093,telemetry_22,50,50,171,23141.903902130816,75.49325801268992,168.8450788098271,2.8447699094197145
UAV_0093,telemetry_23,5,5,171,-17347.297744256495,1.405507565817295,0.1623223628193955,0.19767795729603677
UAV_0093,telemetry_23,20,20,171,-17356.03822033373,8.327946210724372,13.51334215236784,0.8888187830109333
UAV_0093,telemetry_23,50,50,171,-17365.517716538237,11.330574179917473,34.94575675858505,0.6156865840806716
UAV_0093,telemetry_25,5,5,171,-174.5881368842649,0.24739727441871054,0.3038352420034016,0.08203551534091957
UAV_0093,telemetry_25,20,20,171,-174.0412334486588,0.47973772361298483,-0.7292045808081866,-0.06145239105181791
UAV_0093,telemetry_25,50,50,171,-173.45361609062417,0.6647296467991473,-2.157230218224214,-0.03992533684236901
UAV_0093,telemetry_26,5,5,171,-7442.342508617907,12.456803578474368,33.01081403864828,6.372522362243399
UAV_0093,telemetry_26,20,20,171,-7446.655443234695,7.051640541432313,28.84858096421067,0.6279500715622447
UAV_0093,telemetry_26,50,50,171,-7455.274136204349,9.58623313107394,41.9093813012405,0.5438109048947141
UAV_0093,telemetry_28,5,5,171,-9937.41394587114,25.528282872244453,-13.605922636914329,-4.448968101578248
UAV_0093,telemetry_28,20,20,171,-9907.496190631684,34.58331463144626,-90.66689764080911,-3.741146600594532
UAV_0093,telemetry_28,50,50,171,-9858.210511685907,53.14679878849045,-94.90371670451168,-3.027869043488784
UAV_0094,telemetry_07,5,5,392,140.7631728418209,0.0,0.0,0.0
UAV_0094,telemetry_07,20,20,392,140.72019849230816,0.04409075229504858,0.08594869902555047,0.00542833888582424
UAV_0094,telemetry_07,50,50,392,140.69441388260046,0.03472851880864477,0.08594869902555047,0.0015848403565815788
UAV_0094,telemetry_13,5,5,392,7145.520097031275,1.83007416362585,-1.0447668926972256,-0.022293865869869478
UAV_0094,telemetry_13,20,20,392,7143.337609730828,2.983667038328506,5.784663760731746,0.3077900169204748
UAV_0094,telemetry_13,50,50,392,7141.56104701563,3.425246244712193,5.685330007710945,0.09774973927548039
UAV_0094,telemetry_15,5,5,392,50330.20363904086,17.80236137501365,2.7138030953574344,4.089207845955388
UAV_0094,telemetry_15,20,20,392,50299.614760742195,26.976113188436567,67.78340004078927,3.8275660642735985
UAV_0094,telemetry_15,50,50,392,50256.76319309311,44.36044487307094,160.11438262593583,2.7394750862209283
UAV_0094,telemetry_16,5,5,392,-702.5770172901282,1.9774146614635724,1.7343073863319205,0.6937229545327682
UAV_0094,telemetry_16,20,20,392,-702.2301558128619,1.4234894673903475,-1.7343073863319205,-0.06259154476987382
UAV_0094,telemetry_16,50,50,392,-700.9467683469765,2.061312473089316,-1.7343073863319205,-0.0705382163852656
UAV_0094,telemetry_18,5,5,392,-103.30667268778109,0.044958391308215405,-0.009587232940560853,-0.011880536140654385
UAV_0094,telemetry_18,20,20,392,-103.30440114248825,0.041228950429515826,-0.007563662467376275,-8.806331842905985e-05
UAV_0094,telemetry_18,50,50,392,-103.28842945242846,0.043901226291968555,-0.01135758097925077,-0.001002631803374299
UAV_0094,telemetry_19,5,5,392,33511.42673242459,0.32116215294653977,-0.009920737982611172,-0.0005174607220396865
UAV_0094,telemetry_19,20,20,392,33510.92799619819,0.44533769358548964,1.2094358911199379,0.043035913078872404
UAV_0094,telemetry_19,50,50,392,33510.06231079803,0.9060959229486034,2.0635782703975565,0.053740350528893616
UAV_0094,telemetry_21,5,5,392,34968.355253305075,0.5564669581210302,0.8829225594381569,0.27959214382208303
UAV_0094,telemetry_21,20,20,392,34967.92114971336,0.6906662523573627,2.3544601584944758,0.07977282773855748
UAV_0094,telemetry_21,50,50,392,34966.913146458006,1.0367047978900192,3.678843997651711,0.06366652469399554
UAV_0094,telemetry_22,5,5,392,23220.682732861787,51.388232739629586,-7.5754478844792175,-3.8459966182737846
UAV_0094,telemetry_22,20,20,392,23211.66503624546,57.66185746756343,117.71080558959511,2.9618292480670134
UAV_0094,telemetry_22,50,50,392,23179.440246398408,61.911197691407224,146.2644168464758,2.0128417639160876
UAV_0094,telemetry_23,5,5,392,-17491.004654791894,6.138149581727998,13.741228785973362,2.2339345785203477
UAV_0094,telemetry_23,20,20,392,-17483.72216125407,8.816529023507128,-9.300802417754312,-0.9556583059883828
UAV_0094,telemetry_23,50,50,392,-17467.586353641,16.254559262468053,-27.20110547970762,-0.9681109474325333
UAV_0094,telemetry_25,5,5,392,-174.3997590342228,0.36687397774305847,0.54690343560614,0.16710938310187656
UAV_0094,telemetry_25,20,20,392,-174.11719225915962,0.39355630927561136,-1.0330398228116167,-0.044638651343959806
UAV_0094,telemetry_25,50,50,392,-173.7683894013397,0.4533651186006546,-1.3672585890153641,-0.02406316756956672
UAV_0094,telemetry_26,5,5,392,-7678.64252702325,5.614022042046816,-8.611516705734175,-3.014030847007052
UAV_0094,telemetry_26,20,20,392,-7665.316204921129,11.21377062557713,-35.02016793665098,-1.7573753076801635
UAV_0094,telemetry_26,50,50,392,-7641.6359692331425,22.349243952656135,-63.0075972302875,-1.4917945074213368
UAV_0094,telemetry_28,5,5,392,-9889.46062532493,18.045973975351583,-19.06660667293545,-4.20891487701374
UAV_0094,telemetry_28,20,20,392,-9879.60342154193,24.694209389826494,-32.18944648108118,-1.998095735174766
UAV_0094,telemetry_28,50,50,392,-9858.416386874362,33.82029187996362,-27.729068237624233,-1.3657932402609367
UAV_0095,telemetry_07,5,5,166,140.5912754437698,0.0,0.0,0.0
UAV_0095,telemetry_07,20,20,166,140.59127544376983,2.9160058604848984e-14,0.0,0.0
UAV_0095,telemetry_07,50,50,166,140.59127544376977,2.8710262101646174e-14,0.0,0.0
UAV_0095,telemetry_13,5,5,166,7147.859595177984,2.627560035388131,-2.6338908601719595,-0.4911940773985407
UAV_0095,telemetry_13,20,20,166,7145.382935058637,2.7652096136256272,5.934731176518653,0.2555106633890845
UAV_0095,telemetry_13,50,50,166,7143.159325573137,3.8553197979634852,9.60667437407119,0.16150332017727034
UAV_0095,telemetry_15,5,5,166,50332.92977760483,31.831024846615495,82.2775756637202,16.696056770741414
UAV_0095,telemetry_15,20,20,166,50267.66281316154,56.0968570626659,193.17343851481564,9.086510227338268
UAV_0095,telemetry_15,50,50,166,50169.341727016836,96.16349507362825,363.89632414987136,6.447727232462353
UAV_0095,telemetry_16,5,5,166,-702.5770172901284,0.9499192771418198,0.0,-0.17343073863319206
UAV_0095,telemetry_16,20,20,166,-701.7098635969624,2.0209665541304687,-1.7343073863319205,-0.15126289986052951
UAV_0095,telemetry_16,50,50,166,-700.0796146538103,2.3072128844037025,-3.468614772663841,-0.09610519682242849
UAV_0095,telemetry_18,5,5,166,-103.32410167250274,0.004985050254460085,-0.004380905166613047,-0.00013137482452236783
UAV_0095,telemetry_18,20,20,166,-103.32704952432357,0.006518660906818872,-0.002172802457593548,0.00018872275969575132
UAV_0095,telemetry_18,50,50,166,-103.32714072682028,0.005589365750342615,0.002515609434766475,2.1695445830786224e-05
UAV_0095,telemetry_19,5,5,166,33506.25773846275,0.366331703064146,-0.910773066978436,-0.15258995317853988
UAV_0095,telemetry_19,20,20,166,33506.25753153519,0.4274191674667826,-0.2190764739207225,0.0090373134419617
UAV_0095,telemetry_19,50,50,166,33505.95098772096,0.520351698224312,-0.33536648573499406,0.014642786160220784
UAV_0095,telemetry_21,5,5,166,34962.91056418856,0.30514453122198915,-0.29430751981271897,0.014715375990635948
UAV_0095,telemetry_21,20,20,166,34962.969425692514,0.44531690995110007,0.294307519805443,0.006638515484333301
UAV_0095,telemetry_21,50,50,166,34962.61625666875,0.5931026398306782,1.0300763193372404,0.022823848475202555
UAV_0095,telemetry_22,5,5,166,23208.47460723257,38.46777370811921,-1.0197718306044408,3.656610421161895
UAV_0095,telemetry_22,20,20,166,23211.14786624565,59.77451713491153,20.395436612056073,0.6441759544333763
UAV_0095,telemetry_22,50,50,166,23175.970108540558,73.58855394765405,158.06463374345185,2.664299501696203
UAV_0095,telemetry_23,5,5,166,-17503.608988780434,9.147087580661465,-16.496892012470198,-4.785708121781863
UAV_0095,telemetry_23,20,20,166,-17478.713876749593,20.528422721350573,-63.762374778380035,-3.258037051932186
UAV_0095,telemetry_23,50,50,166,-17441.241003088428,35.9853145296367,-114.4538232322011,-2.362570433856189
UAV_0095,telemetry_25,5,5,166,-174.27822493742144,0.3643490063926963,-0.8811222018098874,-0.194454554882185
UAV_0095,telemetry_25,20,20,166,-174.0868087349593,0.3121800598182041,-1.1241903954126258,-0.02896714938799443
UAV_0095,telemetry_25,50,50,166,-173.61464876888596,0.5127734916758552,-1.64071030681842,-0.028727567419193994
UAV_0095,telemetry_26,5,5,166,-7446.7056770821455,2.6619973532186867,2.0093538980045196,0.8755041984162745
UAV_0095,telemetry_26,20,20,166,-7449.195840662888,4.20209770349278,9.903244211593119,0.32125921344573466
UAV_0095,telemetry_26,50,50,166,-7452.937544671528,5.193455035074188,20.95469065061843,0.2637625897119942
UAV_0095,telemetry_28,5,5,166,-9923.517090570193,21.924286760082676,-25.918023007745433,-6.082413407035347
UAV_0095,telemetry_28,20,20,166,-9908.605777977722,26.163755696397015,-54.92753020360942,-2.5764124817378056
UAV_0095,telemetry_28,50,50,166,-9879.548069262166,38.11659262031015,-74.88537881318007,-1.8355412099546202
UAV_0096,telemetry_07,5,5,491,140.69441388260046,0.03843742671976016,0.0,0.008594869902555046
UAV_0096,telemetry_07,20,20,491,140.6858190126979,0.026454451377029148,0.0,0.0015509539673783544
UAV_0096,telemetry_07,50,50,491,140.68066209075639,0.017013430120765605,0.0,0.00034668382800222036
UAV_0096,telemetry_13,5,5,491,7140.844666815273,4.543900450345389,-8.707838443836408,-1.538246204594543
UAV_0096,telemetry_13,20,20,491,7141.766167971009,3.424218951351106,-2.2619831547663125,0.0516333419352218
UAV_0096,telemetry_13,50,50,491,7140.649281772468,3.074065006333378,0.3087063345246861,0.048888741296650155
UAV_0096,telemetry_15,5,5,491,50323.98656285878,3.7715581820777277,0.6784507738266257,-0.3392253869213164
UAV_0096,telemetry_15,20,20,491,50291.20813888091,34.1348486768897,106.76348086498183,4.38822702501964
UAV_0096,telemetry_15,50,50,491,50253.99634748272,44.65168534262812,123.72475021094579,2.742297583601587
UAV_0096,telemetry_16,5,5,491,-700.8427099037965,1.5512116838872656,-3.468614772663841,-0.5202922158995762
UAV_0096,telemetry_16,20,20,491,-701.1895713810627,1.2068219119180716,-3.468614772663841,0.052159620641561516
UAV_0096,telemetry_16,50,50,491,-700.1836730969903,1.7268586444500007,-5.202922158995875,-0.051383801074036874
UAV_0096,telemetry_18,5,5,491,-102.99464964002027,0.03315637629215355,-0.07947401783422947,-0.016491532941400065
UAV_0096,telemetry_18,20,20,491,-102.99813549306202,0.034708371209065066,-0.07204750641533053,-0.0015617323317364705
UAV_0096,telemetry_18,50,50,491,-103.00899546987291,0.04102228872973491,0.021459715466576768,0.0004297543785123103
UAV_0096,telemetry_19,5,5,491,33510.94108774145,0.3599104233719034,0.14660732848278712,0.09313475864764768
UAV_0096,telemetry_19,20,20,491,33510.368783881415,0.5552224236405429,0.8368433972573257,0.0742773738009446
UAV_0096,telemetry_19,50,50,491,33509.45797339887,1.0147878697808805,3.10908036348701,0.0631810379088551
UAV_0096,telemetry_21,5,5,491,34967.94322277735,0.12311766866871336,0.0,0.0
UAV_0096,telemetry_21,20,20,491,34967.28838854576,0.6174831056787112,1.6186913589699543,0.07778127309318637
UAV_0096,telemetry_21,50,50,491,34966.23035301204,1.0704124014904233,2.5016139184008352,0.06690284748083057
UAV_0096,telemetry_22,5,5,491,23264.154149183487,15.517117520206446,14.276805628440343,0.5244540843101276
UAV_0096,telemetry_22,20,20,491,23208.04484624682,71.57390157156522,130.53079431717197,7.3019387264747975
UAV_0096,telemetry_22,50,50,491,23183.842747072806,66.32321199844138,100.52036615943143,1.7394078997914044
UAV_0096,telemetry_23,5,5,491,-17488.644251390277,5.585183305923174,-4.231435380897892,0.19204065049852942
UAV_0096,telemetry_23,20,20,491,-17480.891438763978,10.87832768044555,-17.83572449208441,-1.3467443421483696
UAV_0096,telemetry_23,50,50,491,-17466.227510805453,15.877311908070137,-29.817694087883865,-0.944060112631984
UAV_0096,telemetry_25,5,5,491,-174.39368232938276,0.3748396059905403,-0.8811222018099159,-0.13368750648150468
UAV_0096,telemetry_25,20,20,491,-174.2037853031306,0.349285356355682,-0.7595881050085325,-0.03447273535211573
UAV_0096,telemetry_25,50,50,491,-173.76352803746767,0.5112667211945261,-2.0053125972225416,-0.028367196207790265
UAV_0096,telemetry_26,5,5,491,-7666.557698579536,3.902198675252903,-4.01870779600813,-1.162554755273868
UAV_0096,telemetry_26,20,20,491,-7652.685980419383,12.58027602534869,-35.594269050365256,-2.0250013907656057
UAV_0096,telemetry_26,50,50,491,-7627.929305143181,24.34557748820987,-77.7907009084629,-1.646112611109277
UAV_0096,telemetry_28,5,5,491,-9909.09534723029,21.12268460582076,-43.14127824297066,-7.760579862244958
UAV_0096,telemetry_28,20,20,491,-9888.925906492746,25.414182927586673,-60.217959601735856,-1.9680330553430887
UAV_0096,telemetry_28,50,50,491,-9862.402737313789,38.47453983333501,-116.02193137308859,-1.9086113613666587
UAV_0097,telemetry_07,5,5,275,140.71160362240556,0.04707604124451628,0.08594869902555047,0.025784609707665142
UAV_0097,telemetry_07,20,20,275,140.6901164476492,0.031487095187570084,0.08594869902555047,0.0022618078690934333
UAV_0097,telemetry_07,50,50,275,140.6823810647369,0.02061891562549892,0.08594869902555047,0.0005158985535747327
UAV_0097,telemetry_13,5,5,275,7143.357218240822,2.615470222846529,4.69050575475012,1.476888782453352
UAV_0097,telemetry_13,20,20,275,7141.066044108031,2.7167273497131643,1.6419483940808277,0.17591631808208785
UAV_0097,telemetry_13,50,50,275,7139.165167292804,3.6748791618181067,13.818186384712135,0.15020390312931473
UAV_0097,telemetry_15,5,5,275,50330.10495529194,26.508646528076234,-0.4934187446197029,6.284921259467228
UAV_0097,telemetry_15,20,20,275,50283.64958048691,35.25300351108946,98.56039423585025,5.156411376943102
UAV_0097,telemetry_15,50,50,275,50211.945968520195,68.21263870341824,195.39382286556065,4.4656765744921385
UAV_0097,telemetry_16,5,5,275,-702.2301558128618,2.9020513277334152,1.7343073863319205,0.6937229545327682
UAV_0097,telemetry_16,20,20,275,-701.0161406424295,2.4591269804429583,0.0,-0.2164624256624839
UAV_0097,telemetry_16,50,50,275,-699.2818332560978,2.604408911695214,-5.202922158995875,-0.13216546564748216
UAV_0097,telemetry_18,5,5,275,-103.22520091353218,0.04228153945024262,-0.08318981319244756,-0.01689132562893576
UAV_0097,telemetry_18,20,20,275,-103.1879998712938,0.04450430109808651,0.0017567494612933388,-0.002716522952376972
UAV_0097,telemetry_18,50,50,275,-103.17212553147108,0.04023126438736957,-0.15796907824800144,-0.0010362345379895902
UAV_0097,telemetry_19,5,5,275,33511.0807987259,0.5240706202874406,0.9722398284720839,0.2315774606759078
UAV_0097,telemetry_19,20,20,275,33510.23051280999,0.7827612254871857,2.287394772087282,0.11098433104404984
UAV_0097,telemetry_19,50,50,275,33508.64150443173,1.5277448515419547,4.413980743629509,0.09896865730190411
UAV_0097,telemetry_21,5,5,275,34968.237530297156,0.6775467924483622,-1.1772300792508759,-0.17658451188763138
UAV_0097,telemetry_21,20,20,275,34966.913146458,1.01906390260904,2.795921438213554,0.14582605680901686
UAV_0097,telemetry_21,50,50,275,34965.45632423493,1.5232586555281424,5.2975353566143895,0.09896222845055681
UAV_0097,telemetry_22,5,5,275,23258.967881016426,86.58049262368075,218.52253512919197,50.65352364294667
UAV_0097,telemetry_22,20,20,275,23207.41113089494,75.73722657569924,160.9782675451679,6.275485254446966
UAV_0097,telemetry_22,50,50,275,23148.832523311306,83.20475999400765,319.62562804896515,3.948774788297583
UAV_0097,telemetry_23,5,5,275,-17490.848480116892,10.47654662262745,-27.571086684933107,-5.0047825541943896
UAV_0097,telemetry_23,20,20,275,-17474.787712272613,13.675396786634263,-54.62124214598953,-1.9836049410701082
UAV_0097,telemetry_23,50,50,275,-17449.239619111286,24.612667224654935,-100.71619364966682,-1.5946859577066526
UAV_0097,telemetry_25,5,5,275,-174.3025317567817,0.21203259427728793,0.4861363872054767,0.06684375324075234
UAV_0097,telemetry_25,20,20,275,-173.93641029016763,0.4082660084278634,-0.39498581460441073,-0.05704335332951232
UAV_0097,telemetry_25,50,50,275,-173.3405893805989,0.6198631028771906,-1.4280256374160274,-0.03790317287878335
UAV_0097,telemetry_26,5,5,275,-7674.508999004497,9.017797294916342,-24.686347889769422,-4.521046270509942
UAV_0097,telemetry_26,20,20,275,-7649.040438347291,20.72175188494867,-66.30867863415187,-3.4073764408966585
UAV_0097,telemetry_26,50,50,275,-7610.763681843086,36.717055057406846,-124.86699223314281,-2.461984037779804
UAV_0097,telemetry_28,5,5,275,-9897.963064471634,16.345924447822387,18.29810374394401,1.2868976745559848
UAV_0097,telemetry_28,20,20,275,-9871.6040138719,28.690219047181962,-18.063651508195107,-2.5405905707251093
UAV_0097,telemetry_28,50,50,275,-9830.336256410474,46.00077718349375,-107.14023826547054,-2.610106110215183
UAV_0098,telemetry_07,5,5,307,140.71160362240556,0.04707604124451628,0.08594869902555047,0.008594869902555046
UAV_0098,telemetry_07,20,20,307,140.6858190126979,0.026454451377029148,0.08594869902555047,0.002067938623171139
UAV_0098,telemetry_07,50,50,307,140.68066209075639,0.01701343012076561,0.08594869902555047,0.00037970133543100326
UAV_0098,telemetry_13,5,5,307,7143.4768065398475,2.0657662411132955,-0.7598690316808643,0.005932336243859027
UAV_0098,telemetry_13,20,20,307,7142.415752490585,3.4745637026028113,5.942671430519113,0.20362252464830025
UAV_0098,telemetry_13,50,50,307,7139.750828166894,4.482407267348503,11.506819393291153,0.20397303036916167
UAV_0098,telemetry_15,5,5,307,50327.09510094983,20.479060642756444,16.467850601358805,8.480634672984888
UAV_0098,telemetry_15,20,20,307,50277.56819445959,37.3716699695117,54.21438456402393,5.442909591623689
UAV_0098,telemetry_15,50,50,307,50225.077074861125,56.07634357987762,188.85602449947328,3.5791132655618276
UAV_0098,telemetry_16,5,5,307,-702.2301558128618,1.9774146614635724,-1.7343073863319205,-0.6937229545327682
UAV_0098,telemetry_16,20,20,307,-700.929425273113,1.971401222314388,-1.7343073863319205,-0.13691900418410188
UAV_0098,telemetry_16,50,50,307,-699.4899501424574,1.9091855134241298,-5.202922158995875,-0.084695827702262
UAV_0098,telemetry_18,5,5,307,-103.0674634135705,0.004681594665022139,-0.004403946176978479,-0.0004903034055317335
UAV_0098,telemetry_18,20,20,307,-103.0415597301708,0.040118367912809864,-0.015512151435359556,-0.0031383407892036316
UAV_0098,telemetry_18,50,50,307,-103.0253358054669,0.043590075586990705,-0.09088325069822645,-0.001056040603816848
UAV_0098,telemetry_19,5,5,307,33510.88716745068,0.6264329681415717,0.300766630047292,0.2208782209592755
UAV_0098,telemetry_19,20,20,307,33510.131021927446,0.7904875173170097,1.56496187295852,0.10673522569937303
UAV_0098,telemetry_19,50,50,307,33508.74105516576,1.3723967866168671,4.593081656450522,0.08715342608781744
UAV_0098,telemetry_21,5,5,307,34967.70777676148,0.3355622015097873,0.29430751981271897,0.11772300792436
UAV_0098,telemetry_21,20,20,307,34966.83956957805,0.7018381053877271,1.7658451188690378,0.09891388071859579
UAV_0098,telemetry_21,50,50,307,34965.600534919635,1.2667858160278749,4.267459037269873,0.08247676761684337
UAV_0098,telemetry_22,5,5,307,23221.935595396528,29.348443349692,9.032264785339066,-3.146724505860766
UAV_0098,telemetry_22,20,20,307,23201.28521582682,49.666153403715256,139.126014032252,4.237584619820927
UAV_0098,telemetry_22,50,50,307,23165.85979924857,73.10239937330122,166.95121683870093,3.0580213207323172
UAV_0098,telemetry_23,5,5,307,-17497.03000754509,4.656515788949863,-11.752529496359784,-2.9264657347939647
UAV_0098,telemetry_23,20,20,307,-17475.550886821817,17.217469005584874,-44.518780138409056,-2.4410937173089273
UAV_0098,telemetry_23,50,50,307,-17454.043868475,22.79836701965122,-82.45638449268517,-1.439650111575314
UAV_0098,telemetry_25,5,5,307,-174.22961129870092,0.43629725134602754,-0.30383524200343004,-0.10330398228116451
UAV_0098,telemetry_25,20,20,307,-173.95008287605773,0.3658527999788916,-0.24306819360276677,-0.041531764658812434
UAV_0098,telemetry_25,50,50,307,-173.48096126240446,0.5327465408651011,-1.2153409680136633,-0.030971498282105343
UAV_0098,telemetry_26,5,5,307,-7670.260650763003,5.035262796378482,-13.921952007603068,-2.927915679949547
UAV_0098,telemetry_26,20,20,307,-7643.787413156792,19.36991185440554,-58.558313598990026,-3.231908694486595
UAV_0098,telemetry_26,50,50,307,-7610.637379598068,32.743871526257884,-114.24612162940412,-2.198752129769545
UAV_0098,telemetry_28,5,5,307,-9899.629585685716,21.24582410130285,-45.315278291731374,-8.996116755263756
UAV_0098,telemetry_28,20,20,307,-9875.326166555456,30.915918577796344,-81.86039674343374,-3.53178434758828
UAV_0098,telemetry_28,50,50,307,-9841.367319597754,43.416622843743575,-103.6460235600407,-2.2807706096074614
UAV_0099,telemetry_07,5,5,145,140.5912754437698,0.0,0.0,0.0
UAV_0099,telemetry_07,20,20,145,140.59127544376983,2.9160058604848984e-14,0.0,0.0
UAV_0099,telemetry_07,50,50,145,140.59127544376977,2.8710262101646174e-14,0.0,0.0
UAV_0099,telemetry_13,5,5,145,7146.7692561263775,3.9841550886370745,7.85062132798339,0.9343897212559569
UAV_0099,telemetry_13,20,20,145,7146.353453389294,3.395970427633073,8.466813608094526,0.07655493031524496
UAV_0099,telemetry_13,50,50,145,7144.3003285634695,3.930160876431084,7.19687864657044,0.13897691595633957
UAV_0099,telemetry_15,5,5,145,49991.039929464576,24.33605388506525,-11.348631126027612,-7.154571796844539
UAV_0099,telemetry_15,20,20,145,49997.69799864966,19.3153018760798,-23.437390368970227,-1.0889992838041453
UAV_0099,telemetry_15,50,50,145,49999.50699512208,20.44234176713628,0.18503202922875062,-0.2554878426473174
UAV_0099,telemetry_16,5,5,145,-702.5770172901282,0.9499192771418197,1.7343073863319205,0.5202922158995762
UAV_0099,telemetry_16,20,20,145,-701.0161406424295,2.1128751116360873,-5.202922158995875,-0.15908684295676434
UAV_0099,telemetry_16,50,50,145,-699.8714977674506,2.375379704888659,-6.937229545327796,-0.08694438949966651
UAV_0099,telemetry_18,5,5,145,-103.32517514995246,0.005996837417294566,0.014622594263002497,0.0030926786124481965
UAV_0099,telemetry_18,20,20,145,-103.32574534535422,0.004747544230300836,0.011994056090102845,0.00019550005507746582
UAV_0099,telemetry_18,50,50,145,-103.32657706226748,0.0057144102140997185,0.017633133903956377,1.6619366505278805e-05
UAV_0099,telemetry_19,5,5,145,33507.45686524647,0.24071694758784412,0.05585193307342706,-0.03844637208239874
UAV_0099,telemetry_19,20,20,145,33507.04303370949,0.42335300102462603,0.4428015964876977,0.03493125974327585
UAV_0099,telemetry_19,50,50,145,33506.66382212904,0.5688047872657067,0.4326538904206245,0.024861551703773254
UAV_0099,telemetry_21,5,5,145,34964.058363515825,0.47226958324795265,1.0300763193445164,0.17658451188690377
UAV_0099,telemetry_21,20,20,145,34963.85234825195,0.5788529193259394,2.2073063985881163,0.06306589710253949
UAV_0099,telemetry_21,50,50,145,34963.40500082185,0.6424334730678504,0.8829225594308809,0.030398822334487204
UAV_0099,telemetry_22,5,5,145,23239.592216234967,29.53575461391347,62.35176335686265,7.123834645211536
UAV_0099,telemetry_22,20,20,145,23226.269625676592,58.13047966614302,199.87527879816844,4.20406687759075
UAV_0099,telemetry_22,50,50,145,23168.820051191127,74.27421742562268,190.84301401282937,3.3273767970864836
UAV_0099,telemetry_23,5,5,145,-17396.481773725427,4.182298875357024,2.132329265390581,-0.6134210092252033
UAV_0099,telemetry_23,20,20,145,-17386.43388031731,8.710874878011193,-9.367689025868458,-0.512703325623987
UAV_0099,telemetry_23,50,50,145,-17382.663377102428,8.934290445532383,-9.224272060400835,-0.24982365592925723
UAV_0099,telemetry_25,5,5,145,-174.15669084062006,0.4680443592376723,-0.8811222018098874,-0.2521832508628307
UAV_0099,telemetry_25,20,20,145,-174.0412334486588,0.3439481616456575,-0.972272774410925,-0.021793896306109336
UAV_0099,telemetry_25,50,50,145,-173.69911496616294,0.44821283749577556,-1.5799432584177566,-0.021553700024568547
UAV_0099,telemetry_26,5,5,145,-7439.730348550501,2.35530185838329,1.0046769490027145,0.12917275058598535
UAV_0099,telemetry_26,20,20,145,-7444.732204503746,6.055852866153461,5.166910023440323,0.5759356473496613
UAV_0099,telemetry_26,50,50,145,-7450.38853572663,7.121197284739886,21.24174120747739,0.3583755559675594
UAV_0099,telemetry_28,5,5,145,-9910.59070550155,36.919088274953374,52.19823580615048,5.537390592576594
UAV_0099,telemetry_28,20,20,145,-9905.094661843159,33.84329392629145,55.97203424802501,-2.042736831841081
UAV_0099,telemetry_28,50,50,145,-9874.139782340553,41.60758182431989,-18.6080887796179,-1.9732743908567576
UAV_0100,telemetry_07,5,5,152,140.5912754437698,0.0,0.0,0.0
UAV_0100,telemetry_07,20,20,152,140.59127544376983,2.9160058604848984e-14,0.0,0.0
UAV_0100,telemetry_07,50,50,152,140.59127544376977,2.8710262101646174e-14,0.0,0.0
UAV_0100,telemetry_13,5,5,152,7147.977820123515,2.831961637682703,-1.3135936646294795,0.46829675180815683
UAV_0100,telemetry_13,20,20,152,7146.0831052741605,3.9381429234254717,-1.0790768285396553,0.25070951018714455
UAV_0100,telemetry_13,50,50,152,7142.587219530177,4.536033239932801,6.498038934323631,0.20578349356002368
UAV_0100,telemetry_15,5,5,152,50006.63196179426,21.2447068806135,-6.784507738389948,-3.281234651656996
UAV_0100,telemetry_15,20,20,152,49999.061067931645,16.728760153910848,11.842049870632763,1.210406264385846
UAV_0100,telemetry_15,50,50,152,49988.01403901326,21.671951793197543,22.758939595136326,0.7635877200126231
UAV_0100,telemetry_16,5,5,152,-700.1489869492636,1.4510256638667485,-3.4686147726639547,-0.693722954532791
UAV_0100,telemetry_16,20,20,152,-700.9294252731129,1.8036621279813219,0.0,0.03520774393305394
UAV_0100,telemetry_16,50,50,152,-699.6633808810907,1.7811040296627294,-5.202922158995875,-0.060627888463369035
UAV_0100,telemetry_18,5,5,152,-103.32770644312544,0.005305783566006801,-0.005902314383547491,-0.0016987361128613543
UAV_0100,telemetry_18,20,20,152,-103.32709356346868,0.007313388674400045,-0.015401747928848408,-0.00019073465125562887
UAV_0100,telemetry_18,50,50,152,-103.32728520935962,0.005807448288721456,-0.00175978862840509,1.0235919306762302e-06
UAV_0100,telemetry_19,5,5,152,33507.565989169525,0.3372203210106753,-0.8427453688636888,-0.18333969426821567
UAV_0100,telemetry_19,20,20,152,33507.17185693137,0.4153533155938074,0.03217679353838321,0.027561383933548622
UAV_0100,telemetry_19,50,50,152,33506.611996872154,0.636417740929406,0.8207098278144258,0.03536824506378752
UAV_0100,telemetry_21,5,5,152,34964.146655771765,0.180225812751303,0.14715375990635948,0.07357687995317974
UAV_0100,telemetry_21,20,20,152,34963.88177900395,0.3837300582065195,0.8829225594381569,0.04226521525131118
UAV_0100,telemetry_21,50,50,152,34963.334367017094,0.6433133686665338,1.1772300792508759,0.03547235893056565
UAV_0100,telemetry_22,5,5,152,23196.49957230749,50.477454796957744,44.14155209609817,10.547354362235637
UAV_0100,telemetry_22,20,20,152,23197.184276250897,64.27361848868513,97.0240055973627,4.449973189051949
UAV_0100,telemetry_22,50,50,152,23166.218176206192,72.6603281394846,78.37674926633554,2.6330505168407004
UAV_0100,telemetry_23,5,5,152,-17386.630946154073,7.532070941030163,6.330232037078531,1.8168818349971843
UAV_0100,telemetry_23,20,20,152,-17382.795813203247,6.652640313112184,-6.435745748865884,-0.19845458558494491
UAV_0100,telemetry_23,50,50,152,-17375.051702966604,10.023243450489181,-23.751778634567017,-0.4898189523531518
UAV_0100,telemetry_25,5,5,152,-174.41798914874303,0.24777014166032987,0.45575286300515927,0.1154573919613057
UAV_0100,telemetry_25,20,20,152,-174.21897706523077,0.38082888078979127,-0.4557528630051024,-0.037442553507037075
UAV_0100,telemetry_25,50,50,152,-173.63105587195415,0.613233419190847,-1.5799432584176998,-0.036161135524871685
UAV_0100,telemetry_26,5,5,152,-7441.825817615562,3.6436768964528246,2.583455011719707,0.37316572391500813
UAV_0100,telemetry_26,20,20,152,-7446.734382137833,5.3096390137389395,11.76907283116816,0.596331344810566
UAV_0100,telemetry_26,50,50,152,-7452.2859399074605,6.79617486038559,18.227710360470155,0.35620458536947297
UAV_0100,telemetry_28,5,5,152,-9936.338099350725,32.107971285952814,-83.34484074085594,-14.900533848497071
UAV_0100,telemetry_28,20,20,152,-9910.747051162278,28.8741931425959,-72.06943126213991,-1.2225169406087044
UAV_0100,telemetry_28,50,50,152,-9872.133725517959,42.211753935757976,-169.99878170025295,-2.3230844711206102
