uav_id,channel,n_cycles,pearson_cycle,spearman_cycle,pearson_rul,spearman_rul,linear_slope_per_cycle,theil_sen_slope_per_cycle,first_value,last_value,last_minus_first,early_mean,late_mean,early_to_late_change,early_to_late_effect_size
UAV_0001,telemetry_07,259,,,,,0.0,0.0,140.5912754437698,140.5912754437698,0.0,140.59127544376977,140.59127544376977,0.0,
UAV_0001,telemetry_13,259,0.6911906478297144,0.6592025196676359,-0.6911906478297144,-0.6592025196676359,0.052262192018995415,0.04744378228934093,7133.48721737453,7150.636189552772,17.14897217824182,7132.163020525589,7143.6153340343935,11.452313508804764,2.0218900143940486
UAV_0001,telemetry_15,259,-0.09672021971879918,-0.09150245087023144,0.09672021971879918,0.09150245087023144,-0.024638220092563373,0.009428024067692897,50043.626032171385,50067.248454569584,23.622422398198978,50073.15287406639,50068.08821531762,-5.0646587487717625,-0.2654068938872681
UAV_0001,telemetry_16,259,-0.7563686178711458,-0.7568539623876577,0.7563686178711458,0.7568539623876577,-0.028841435644673074,-0.02668165209741416,-692.8648959266694,-705.005047630993,-12.140151704323557,-693.8321058152007,-700.0689419929713,-6.236836177770556,-2.1834086702794235
UAV_0001,telemetry_18,259,0.9330680636177523,0.9357712683294078,-0.9330680636177523,-0.9357712683294078,0.005081814389121917,0.005368752958855413,-105.48396588180913,-104.0982426569088,1.3857232249003317,-105.24924997693755,-104.21555781359277,1.0336921633447815,2.5336103072061205
UAV_0001,telemetry_19,259,0.8224839382939209,0.8087767041255413,-0.8224839382939209,-0.8087767041255413,0.011220657589646747,0.01094906247602411,33504.04891490564,33507.12793917462,3.0790242689836305,33503.91549996811,33506.41596958412,2.5004696160103776,2.446722775919611
UAV_0001,telemetry_21,259,0.8606196309386119,0.8732298975088678,-0.8606196309386119,-0.8732298975088678,0.01222664683065231,0.01271699159684588,34959.879196734495,34964.14665577177,4.267459037277149,34960.42253369415,34963.06281173246,2.6402780383068603,2.4808905841611484
UAV_0001,telemetry_22,259,0.695304993940437,0.680944477370423,-0.695304993940437,-0.680944477370423,0.790562221683606,0.7227441388325699,22971.071725068214,23208.67856159869,237.60683653047454,23001.082153225954,23168.53485126708,167.45269804112468,1.966009029043515
UAV_0001,telemetry_23,259,-0.4081731804953375,-0.40253900719016994,0.4081731804953375,0.40253900719016994,-0.04933646500443086,-0.0559284588696154,-17380.129104313994,-17406.38808578954,-26.258981475544715,-17394.117490217704,-17404.33044323113,-10.212953013426159,-1.12792919408206
UAV_0001,telemetry_25,259,-0.8372365080330884,-0.8365414782534922,0.8372365080330884,0.8365414782534922,-0.009455174939020771,-0.00930745618437252,-171.835389591714,-174.9952761085495,-3.159886516835485,-171.68989925467773,-173.64554647580354,-1.9556472211258153,-2.3116558115538393
UAV_0001,telemetry_26,259,0.969769236882845,0.971740076391239,-0.969769236882845,-0.971740076391239,1.6972803365378408,1.7733827765030954,-6977.909304560495,-6517.519996532872,460.389308027623,-6936.53217673253,-6588.651947420342,347.880229312188,2.653375031738721
UAV_0001,telemetry_28,259,-0.830489282669229,-0.8226797715169808,0.830489282669229,0.8226797715169808,-0.7422316397846526,-0.6677503210005178,-9709.482936293503,-9967.032945692752,-257.55000939924867,-9722.052277081348,-9881.426145601772,-159.37386852042437,-2.3804866505326743
UAV_0002,telemetry_07,253,0.6724568435712881,0.677855073445295,-0.6724568435712881,-0.677855073445295,0.0003205477296036579,0.0,140.5912754437698,140.67722414279535,0.08594869902555047,140.59127544376977,140.67216833697032,0.0808928932005415,2.318972429412952
UAV_0002,telemetry_13,253,0.619495680024373,0.5862866449994146,-0.619495680024373,-0.5862866449994146,0.04014084246392426,0.0349015223156986,7133.570251382278,7143.985503971758,10.415252589479678,7129.771687628124,7137.761304964813,7.989617336688752,1.6849665454980962
UAV_0002,telemetry_15,253,0.8368122489761948,0.8716749697501863,-0.8368122489761948,-0.8716749697501863,1.0165958605004524,0.7992796259415246,49975.534245415205,50324.196265825245,348.66202041004,49978.22144259785,50195.753803548774,217.53236095092143,2.446904779259664
UAV_0002,telemetry_16,253,-0.6871571441935458,-0.6579910728223247,0.6871571441935458,0.6579910728223247,-0.02708831190254219,-0.028666237790610255,-694.5992033130013,-703.270740244661,-8.671536931659716,-692.8989019538523,-698.57790849341,-5.67900653955769,-1.9686114086368627
UAV_0002,telemetry_18,253,-0.12182400568684162,-0.13434881904584065,0.12182400568684162,0.13434881904584065,-7.07316041479572e-05,-2.2138800649979364e-05,-103.06508457061832,-103.0652355089385,-0.00015093832017498698,-103.03764264373896,-103.05659985216353,-0.01895720842456683,-0.44617707983448734
UAV_0002,telemetry_19,253,0.8105981419572394,0.8576882435150153,-0.8105981419572394,-0.8576882435150153,0.022034670283414517,0.01714824181669558,33503.08752923715,33511.005584357044,7.918055119895143,33503.409312218064,33508.172947810664,4.763635592600622,2.3946998294350976
UAV_0002,telemetry_21,253,0.8149049970360878,0.858831361583465,-0.8149049970360878,-0.858831361583465,0.02254289760252535,0.018394219987840188,34959.437735454776,34968.26696104914,8.829225594367017,34959.96864313758,34964.82471721447,4.856074076888035,2.398811100020915
UAV_0002,telemetry_22,253,0.6744201682308417,0.6474418528866305,-0.6744201682308417,-0.6474418528866305,0.8762230597956789,0.7826063212185488,23039.83348278887,23156.0874714776,116.25398868873162,22950.733418530694,23145.432712575224,194.6992940445307,2.047829296164105
UAV_0002,telemetry_23,253,-0.8269584971721677,-0.8655000140792678,0.8269584971721677,0.8655000140792678,-0.40439417837206415,-0.3252217499295903,-17356.777956326754,-17499.507078450875,-142.7291221241212,-17357.510920293927,-17443.20605085011,-85.69513055618154,-2.394685409009561
UAV_0002,telemetry_25,253,-0.8072935875663787,-0.813096805046686,0.8072935875663787,0.813096805046686,-0.009757971229070428,-0.00859891467627296,-171.2884861561079,-174.2053044793406,-2.916818323232718,-171.1282279598355,-173.25567040923585,-2.1274424494003483,-2.405156243774001
UAV_0002,telemetry_26,253,-0.8438101204205399,-0.9334684961078037,0.8438101204205399,0.9334684961078037,-0.5929248594784203,-0.4550933738942562,-7468.521519403338,-7678.78605230168,-210.2645328983417,-7469.529010573487,-7596.55169620421,-127.02268563072357,-2.470244070109362
UAV_0002,telemetry_28,253,-0.7300810371743508,-0.7139989418318758,0.7300810371743508,0.7139989418318758,-0.5920613658681901,-0.6048815463676478,-9687.257831746048,-9868.594697391523,-181.33686564547497,-9695.583451110784,-9824.219852513743,-128.63640140295865,-2.167612925260021
UAV_0003,telemetry_07,222,,,,,0.0,0.0,140.5912754437698,140.5912754437698,0.0,140.59127544376977,140.59127544376977,0.0,0.0
UAV_0003,telemetry_13,222,0.7533265506769151,0.7448964091011046,-0.7533265506769151,-0.7448964091011046,0.06642824714061905,0.06631765168394985,7131.285170835317,7153.66489716767,22.37972633235222,7131.293387598895,7143.724432659717,12.431045060822726,2.194824636699621
UAV_0003,telemetry_15,222,0.8202220190605287,0.8130267268439068,-0.8202220190605287,-0.8130267268439068,0.5622874724621936,0.6238394276809187,49987.0062312274,50154.27518565018,167.268954422776,49999.04427798825,50097.1578541387,98.11357615044835,2.2282495426293294
UAV_0003,telemetry_16,222,-0.7371749873850214,-0.7310909079922656,0.7371749873850214,0.7310909079922656,-0.032002688792581356,-0.03468614772663841,-692.8648959266694,-701.5364328583291,-8.671536931659716,-693.8284000301871,-699.8021254719972,-5.973725441810075,-2.142353262184892
UAV_0003,telemetry_18,222,-0.16445649716753374,0.009458335229899462,0.16445649716753374,-0.009458335229899462,-3.863613743035173e-05,1.937900668211006e-06,-103.32491077529552,-103.32097283065806,0.003937944637456781,-103.31960998702867,-103.32653206967504,-0.0069220826463691765,-0.4587286005486464
UAV_0003,telemetry_19,222,0.7997244906770125,0.8137957773937727,-0.7997244906770125,-0.8137957773937727,0.010853744546234277,0.010196134885249949,33503.77221166768,33506.36059883241,2.5883871647311025,33504.20657891544,33506.15633823195,1.9497593165142462,2.236678219585418
UAV_0003,telemetry_21,222,0.7642725676765529,0.7486054819871085,-0.7642725676765529,-0.7486054819871085,0.010863243277354736,0.010369201138679299,34960.17350425431,34963.41088697224,3.2373827179326327,34960.86349188409,34962.907294105,2.0438022209127666,2.2386661737266462
UAV_0003,telemetry_22,222,0.6528810068187713,0.6311166122347214,-0.6528810068187713,-0.6311166122347214,0.8943758096023552,0.900462726942918,23003.99578702768,23189.885623577586,185.88983654990443,22989.854950976645,23163.976944338487,174.1219933618413,1.9789249541531657
UAV_0003,telemetry_23,222,-0.8223975869664958,-0.8282988871224166,0.8223975869664958,0.8282988871224166,-0.2641972220156108,-0.2513800453269005,-17349.975176459273,-17429.766151056963,-79.79097459769037,-17367.11944443381,-17415.99918463876,-48.879740204949485,-2.3688860684668307
UAV_0003,telemetry_25,222,-0.8253428036868319,-0.8201770352708347,0.8253428036868319,0.8201770352708347,-0.010315466325509942,-0.010197998307223705,-171.8050060675137,-173.8103186647362,-2.005312597222513,-171.6706433716055,-173.60236032132053,-1.9317169497150246,-2.406305136332486
UAV_0003,telemetry_26,222,0.8229174199584419,0.823595869441618,-0.8229174199584419,-0.823595869441618,0.1296183353821025,0.11657595398031131,-7473.688429426778,-7449.576182650724,24.112246776054235,-7478.734140326216,-7454.886617952593,23.84752237362318,2.357191059692712
UAV_0003,telemetry_28,222,-0.8174743527757322,-0.7978887517267892,0.8174743527757322,0.7978887517267892,-0.8505066464426493,-0.7694978079753623,-9741.721483543452,-9899.202054846844,-157.48057130339294,-9718.917418732632,-9876.303115945133,-157.38569721250133,-2.3551761288998123
UAV_0004,telemetry_07,272,,,,,0.0,0.0,140.5912754437698,140.5912754437698,0.0,140.59127544376975,140.59127544376975,0.0,0.0
UAV_0004,telemetry_13,272,0.6399267089180205,0.6211707220498189,-0.6399267089180205,-0.6211707220498189,0.03728452019126057,0.039484954143083666,7129.831341784327,7147.82156276503,17.99022098070236,7137.15416549648,7145.39536492428,8.241199427799984,1.7981128699473552
UAV_0004,telemetry_15,272,-0.43587072986092973,-0.423543741066745,0.43587072986092973,0.423543741066745,-0.12915766692304995,-0.11842713565775184,49950.616598812405,49864.94676927949,-85.66982953291154,49941.39527531939,49910.67098721752,-30.724288101868297,-1.318087345751824
UAV_0004,telemetry_16,272,-0.5888334729114543,-0.5755468402351276,0.5888334729114543,0.5755468402351276,-0.016802722628093007,-0.014823140054118979,-696.3335106993333,-703.270740244661,-6.937229545327796,-696.4911750071815,-700.1805198108333,-3.6893448036518066,-1.643565154611862
UAV_0004,telemetry_18,272,0.03027683121841926,0.02790247521091888,-0.03027683121841926,-0.02790247521091888,1.9722995110013758e-06,3.10412892583184e-06,-103.33168707032895,-103.33319943840856,-0.001512368079602311,-103.32689567711847,-103.3267347022795,0.00016097483897681286,0.03141379458862362
UAV_0004,telemetry_19,272,0.7882609769764203,0.774533259230459,-0.7882609769764203,-0.774533259230459,0.008135348285376421,0.008584282641056868,33504.83083301603,33508.78157808392,3.9507450678938767,33505.5513678428,33507.382639063646,1.8312712208426092,2.2556483475483224
UAV_0004,telemetry_21,272,0.7810598234644889,0.7682203062484857,-0.7810598234644889,-0.7682203062484857,0.008353669916206237,0.008972790238192651,34962.23365689299,34965.17673209112,2.9430751981271897,34962.28984287405,34964.170735477936,1.8808926038836944,2.2356089232548055
UAV_0004,telemetry_22,272,0.5983479166418931,0.6125430173207936,-0.5983479166418931,-0.6125430173207936,0.5411978513917877,0.6229993429404059,23026.722130681115,23171.966775696987,145.24464501587136,23069.01484969212,23185.652908291075,116.63805859895365,1.6393166478450085
UAV_0004,telemetry_23,272,-0.052536442337856704,-0.06767711342271793,0.052536442337856704,0.06767711342271793,-0.005119048116999251,0.011951086020204612,-17352.92164287053,-17345.7450515764,7.1765912941300485,-17355.038889675336,-17354.59291681646,0.4459728588772123,0.05818415409345107
UAV_0004,telemetry_25,272,-0.7842299080611144,-0.785668210985758,0.7842299080611144,0.785668210985758,-0.00596794765596651,-0.005652653261766603,-172.53421064832187,-174.56990676974473,-2.035696121422859,-172.67949913677074,-173.99593437621462,-1.3164352394438765,-2.1990886769576647
UAV_0004,telemetry_26,272,0.7912125047221111,0.7873385272071985,-0.7912125047221111,-0.7873385272071985,0.08587091831523244,0.08473053468108865,-7463.928710493614,-7436.371857035266,27.556853458348087,-7464.902072836412,-7446.191595630319,18.710477206092946,2.191577064799852
UAV_0004,telemetry_28,272,-0.735235827228352,-0.7188535363052401,0.735235827228352,0.7188535363052401,-0.4516295854326138,-0.42809114611716065,-9831.837523412772,-9911.661513608213,-79.82399019544027,-9796.850385355987,-9903.254904253161,-106.40451889717406,-2.202060250223861
UAV_0005,telemetry_07,213,,,,,0.0,0.0,140.5912754437698,140.5912754437698,0.0,140.59127544376977,140.59127544376977,0.0,0.0
UAV_0005,telemetry_13,213,0.6488801885607932,0.654463902086474,-0.6488801885607932,-0.654463902086474,0.050104223411863234,0.044385198329143546,7144.554970360937,7146.737840959129,2.182870598192494,7136.433761065127,7144.832683081484,8.398922016356664,1.7648494458350237
UAV_0005,telemetry_15,213,0.8471819650832092,0.8876065893799909,-0.8471819650832092,-0.8876065893799909,1.1414256734478347,0.9580382937791498,49936.55416459102,50251.17029162296,314.6161270319426,49940.1644406962,50146.63866996326,206.47422926705622,2.4865022324379424
UAV_0005,telemetry_16,213,-0.6828483491743843,-0.6807468302220872,0.6828483491743843,0.6807468302220872,-0.02584182227914829,-0.029312470107971743,-694.5992033130013,-703.270740244661,-8.671536931659716,-695.4461906412099,-700.3264509608881,-4.8802603196782,-2.0923679136166315
UAV_0005,telemetry_18,213,0.11226818578867304,0.08315223735287762,-0.11226818578867304,-0.08315223735287762,1.0821378067139888e-05,-9.268234393813203e-06,-103.333990024871,-103.33079299755262,0.0031970273183787867,-103.32888132488438,-103.32813342307081,0.0007479018135683191,0.12589620974608953
UAV_0005,telemetry_19,213,0.592292149459476,0.5750544529742375,-0.592292149459476,-0.5750544529742375,0.006002875985823924,0.006222799616090145,33505.59922629772,33506.82042624606,1.2211999483333784,33505.36973142915,33506.32197401074,0.9522425815885072,1.5244673860076243
UAV_0005,telemetry_21,213,0.6353208959833211,0.622215940473987,-0.6353208959833211,-0.622215940473987,0.005543469816159573,0.004569992543653164,34960.90927305384,34963.11657945243,2.2073063985881163,34961.946193734104,34962.955736970674,1.0095432365706074,1.8772854353365271
UAV_0005,telemetry_22,213,0.5929576707027382,0.585213581125896,-0.5929576707027382,-0.585213581125896,0.7814654136209811,0.7126433260838885,23108.30387712935,23340.229127746465,231.92525061711422,23065.03641517377,23201.025190949746,135.98877577597523,1.67421384387019
UAV_0005,telemetry_23,213,-0.8546242101817203,-0.8939638536562347,0.8546242101817203,0.8939638536562347,-0.4607810289799845,-0.415282257164519,-17355.629856591393,-17488.539460982236,-132.90960439084301,-17352.09768326551,-17434.260132911197,-82.16244964568614,-2.4725661254709346
UAV_0005,telemetry_25,213,-0.7963905912727246,-0.7794208308695025,0.7963905912727246,0.7794208308695025,-0.008393706918511856,-0.0083928076752962,-172.5645941725222,-174.9345090601488,-2.3699148876266065,-172.33212488271027,-173.8611934029321,-1.5290685202218128,-2.3539281445896787
UAV_0005,telemetry_26,213,0.766177661072376,0.7575011055274128,-0.766177661072376,-0.7575011055274128,0.09562280198862441,0.09187368127723136,-7468.234468846481,-7444.122222070426,24.112246776055144,-7468.745151813913,-7451.281797006005,17.463354807908217,2.270333368759607
UAV_0005,telemetry_28,213,-0.7947817567411763,-0.79425965065654,0.7947817567411763,0.79425965065654,-0.7262143394672921,-0.695815918181719,-9790.93563847109,-9998.16016339238,-207.22452492129014,-9767.458581324574,-9898.247669958102,-130.78908863352808,-2.3224614714367338
UAV_0006,telemetry_07,278,,,,,0.0,0.0,140.5912754437698,140.5912754437698,0.0,140.59127544376977,140.59127544376977,0.0,
UAV_0006,telemetry_13,278,0.7014358716551823,0.6772154885850257,-0.7014358716551823,-0.6772154885850257,0.045631520748916556,0.038896887673168096,7135.618585861503,7151.357601568211,15.739015706708415,7134.503453139442,7144.6812291935585,10.177776054116293,1.9459964494914086
UAV_0006,telemetry_15,278,0.6232334141491841,0.6042983279178905,-0.6232334141491841,-0.6042983279178905,0.205760788279879,0.25111489681044724,50027.83663234387,50085.38159343401,57.54496109014144,50020.86158567062,50067.84320037783,46.98161470721243,1.7700363160978636
UAV_0006,telemetry_16,278,-0.6393577318056272,-0.6284098830179196,0.6393577318056272,0.6284098830179196,-0.019809909075193727,-0.01905832292672565,-694.5992033130013,-703.270740244661,-8.671536931659716,-695.8689640779945,-700.3905511923598,-4.521587114365275,-1.8151748486170793
UAV_0006,telemetry_18,278,-0.0444701094587964,-0.0044808685484359675,0.0444701094587964,0.0044808685484359675,-4.3868326995907e-06,6.926368272324119e-07,-103.3316763756072,-103.3208590990562,0.010817276551009058,-103.32489179906482,-103.32574390552271,-0.0008521064578985715,-0.10744274775892886
UAV_0006,telemetry_19,278,0.7464455150703384,0.7262869336532636,-0.7464455150703384,-0.7262869336532636,0.007424982488933618,0.0074087244681100145,33504.56211021656,33507.57949294525,3.01738272869261,33504.873722115044,33506.556504134256,1.682782019212027,2.104246752106602
UAV_0006,telemetry_21,278,0.797889029106274,0.802422451280192,-0.797889029106274,-0.802422451280192,0.008375624592478696,0.00728083694014821,34961.20358057365,34964.29380953168,3.090228958026273,34961.358617570695,34963.26110546662,1.9024878959244234,2.2543083309423717
UAV_0006,telemetry_22,278,0.6296296856431005,0.6150125852878495,-0.6296296856431005,-0.6150125852878495,0.6051318389988746,0.5216512293850069,23007.492147589743,23285.16144889391,277.66930130416586,23046.472405522796,23183.11922936483,136.6468238420348,1.7684828678614646
UAV_0006,telemetry_23,278,-0.7341500048954851,-0.7142794905801223,0.7341500048954851,0.7142794905801223,-0.12854427392688655,-0.11130643592478481,-17386.433475742917,-17416.408707439754,-29.975231696837,-17378.594968525478,-17408.35344079031,-29.758472264831653,-2.1140187048722
UAV_0006,telemetry_25,278,-0.8410946273256329,-0.8399626055875068,0.8410946273256329,0.8399626055875068,-0.0074648890925464745,-0.0071490645177272405,-171.41002025290925,-174.53952324554436,-3.1295029926351106,-172.13379920439593,-173.8325637449543,-1.6987645405583862,-2.38078846475575
UAV_0006,telemetry_26,278,0.8157013188754164,0.8019238060764609,-0.8157013188754164,-0.8019238060764609,0.09386334897876715,0.09603970288552091,-7473.114328313063,-7441.108191223418,32.00613708964556,-7470.871745837611,-7449.478790497505,21.39295534010671,2.3124482739211594
UAV_0006,telemetry_28,278,-0.8151769902995474,-0.8117526940366887,0.8151769902995474,0.8117526940366887,-0.596765037867095,-0.5728376723282511,-9722.567936569942,-9933.966520453569,-211.398583883627,-9755.574125570332,-9894.961626903387,-139.3875013330544,-2.368309719454211
UAV_0007,telemetry_07,424,0.6319912350822093,0.6478048438130158,-0.6319912350822093,-0.6478048438130158,0.0001874565339221159,0.0,140.5912754437698,140.7631728418209,0.17189739805110094,140.5912754437698,140.66913485347527,0.0778594097054679,2.142075672869663
UAV_0007,telemetry_13,424,0.6729169848777686,0.647415716186113,-0.6729169848777686,-0.647415716186113,0.02829071415862967,0.030161849347634228,7129.455630622121,7137.103931362742,7.648300740620471,7127.994095042418,7138.038013668139,10.043918625720835,1.9495482796563617
UAV_0007,telemetry_15,424,0.8311813774373417,0.8829961110146534,-0.8311813774373417,-0.8829961110146534,0.6338258050416242,0.5525363207542119,49972.51205560447,50339.800633623534,367.2885780190627,49958.91909480626,50186.79148091997,227.8723861137114,2.4385452413051687
UAV_0007,telemetry_16,424,-0.6975079509603656,-0.6626723566105572,0.6975079509603656,0.6626723566105572,-0.017135843236005952,-0.012824070526564552,-691.1305885403375,-701.5364328583291,-10.405844317991637,-692.5996489146422,-698.6595229586491,-6.059874044006847,-2.012892163710549
UAV_0007,telemetry_18,424,0.3363725845801681,0.10768145716737115,-0.3363725845801681,-0.10768145716737115,8.37752729799895e-05,6.948787479166164e-06,-102.98301527831484,-102.983202727126,-0.0001874488111610617,-103.00335765583374,-102.97443315911931,0.028924496714424208,0.9477281516135201
UAV_0007,telemetry_19,424,0.8103417613428261,0.8510244724144174,-0.8103417613428261,-0.8510244724144174,0.013635039720847283,0.011217940952769689,33502.709117886574,33511.31969129692,8.61057341034757,33502.970475447,33507.92338323178,4.952907784776471,2.4020679327715633
UAV_0007,telemetry_21,424,0.8074459184006454,0.8483889665001713,-0.8074459184006454,-0.8483889665001713,0.014419402810828636,0.011590929012418533,34959.437735454776,34967.2368847298,7.799149275022501,34959.47582231028,34964.72488348716,5.249061176873511,2.3986176965741572
UAV_0007,telemetry_22,424,0.6970484515935671,0.6697394065536855,-0.6970484515935671,-0.6697394065536855,0.5585362905349979,0.43986331723921723,22947.17992789409,23323.18437000639,376.00444211230206,22939.957543870296,23143.893057066274,203.93551319597827,2.076909918016561
UAV_0007,telemetry_23,424,-0.8271431465173235,-0.8718873434560496,0.8271431465173235,0.8718873434560496,-0.2544147858535339,-0.19846275613657935,-17350.967585552735,-17506.38677086986,-155.41918531712508,-17350.688186555162,-17442.316000018214,-91.62781346305201,-2.430965977392066
UAV_0007,telemetry_25,424,-0.7944387411016652,-0.8000046422456851,0.7944387411016652,0.8000046422456851,-0.005925338490099325,-0.004340503457192264,-171.2884861561079,-174.90412553594848,-3.6156393798405873,-171.04827758831226,-173.16761776459248,-2.119340176280218,-2.3187885677442317
UAV_0007,telemetry_26,424,-0.8380857760751762,-0.9330941321242777,0.8380857760751762,0.9330941321242777,-0.36933698226012246,-0.2817704245220657,-7457.039497129026,-7678.929577580108,-221.8900804510822,-7457.257317845701,-7590.33226747229,-133.07494962658893,-2.46419580372956
UAV_0007,telemetry_28,424,-0.7470225902688111,-0.7376160452137498,0.7470225902688111,0.7376160452137498,-0.37508489957225793,-0.3360553274542767,-9688.568075509093,-9934.754414568031,-246.18633905893876,-9685.350491144767,-9821.449717453363,-136.09922630859546,-2.2119384649257783
UAV_0008,telemetry_07,267,,,,,0.0,0.0,140.5912754437698,140.5912754437698,0.0,140.59127544376975,140.59127544376975,0.0,0.0
UAV_0008,telemetry_13,267,0.5355775788776552,0.5124747975926736,-0.5355775788776552,-0.5124747975926736,0.028961626442620132,0.0320280336913526,7134.541236349184,7146.788177949549,12.246941600365062,7137.728380400327,7144.09164458206,6.3632641817330295,1.5238667375167345
UAV_0008,telemetry_15,267,0.7875199466404871,0.7851363038253611,-0.7875199466404871,-0.7851363038253611,0.42962241645557814,0.3969584258334265,49977.69295242288,50065.64484364961,87.95189122672309,49938.4787261296,50035.25961480039,96.78088867078623,2.2973746786432487
UAV_0008,telemetry_16,267,-0.6560736594425188,-0.6567542285665494,0.6560736594425188,0.6567542285665494,-0.018669828996618378,-0.019708038481045843,-694.5992033130013,-705.005047630993,-10.405844317991637,-696.5904451269379,-700.6050455582621,-4.014600431324197,-1.8269311629338558
UAV_0008,telemetry_18,267,-0.030873825855989256,-0.008480239673475151,0.030873825855989256,0.008480239673475151,-3.087742515115358e-06,-5.6048446911010524e-06,-103.32478022361776,-103.33372512093976,-0.008944897321995882,-103.32747642691203,-103.32754442734202,-6.800042999088873e-05,-0.008804985128683034
UAV_0008,telemetry_19,267,0.6610952501123276,0.6641412772245893,-0.6610952501123276,-0.6641412772245893,0.004948707877035259,0.0046076870498137565,33505.34091217814,33507.11933136583,1.7784191876926343,33505.65470369411,33506.677960272944,1.0232565788319334,1.770208246551352
UAV_0008,telemetry_21,267,0.6494739577082322,0.6421678103765651,-0.6494739577082322,-0.6421678103765651,0.0051854936621528675,0.004238997198948627,34962.08650313309,34964.58811705149,2.5016139184008352,34962.269082798164,34963.41633711149,1.1472543133277213,1.8607967049537268
UAV_0008,telemetry_22,267,0.6309052447988994,0.6301435974596236,-0.6309052447988994,-0.6301435974596236,0.6158613593203002,0.6366302641466842,23094.172753190996,23218.002189764204,123.8294365732072,23069.153271823237,23200.36930964563,131.21603782239254,1.740747165220808
UAV_0008,telemetry_23,267,-0.8282555411459532,-0.8299393881315733,0.8282555411459532,0.8299393881315733,-0.1884961357830113,-0.18099881160077408,-17351.902463093338,-17407.883047847943,-55.98058475460493,-17352.834243084933,-17394.118546722933,-41.28430363799998,-2.349170061510768
UAV_0008,telemetry_25,267,-0.7981640966141743,-0.7881866597648406,0.7981640966141743,0.7881866597648406,-0.0058872462335133055,-0.005724226444245121,-172.86842941452562,-174.6306738181454,-1.7622444036197749,-172.60848148525605,-173.8958426587816,-1.2873611735255395,-2.260205824967302
UAV_0008,telemetry_26,267,0.7400982083183917,0.7292775765052534,-0.7400982083183917,-0.7292775765052534,0.07495797546541676,0.07176263921444911,-7468.952095238626,-7437.0894834274095,31.862611811216084,-7465.071596969991,-7448.685794349359,16.385802620632603,2.0951099486336733
UAV_0008,telemetry_28,267,-0.7361252344131772,-0.7296574490057106,0.7361252344131772,0.7296574490057106,-0.4442829909716216,-0.42258279875804,-9786.955997722402,-9920.222636984205,-133.266639261803,-9793.01233098888,-9894.131966120467,-101.11963513158662,-2.169677113398813
UAV_0009,telemetry_07,406,0.8098980379883816,0.8222785879157313,-0.8098980379883816,-0.8222785879157313,0.00032472043713545134,0.00025057929745058447,140.5912754437698,140.7631728418209,0.17189739805110094,140.59127544376977,140.68980200118932,0.09852655741954663,2.094133836482774
UAV_0009,telemetry_13,406,0.6055027571901116,0.5896026792578517,-0.6055027571901116,-0.5896026792578517,0.023751295694745402,0.021966919149493124,7132.282185181492,7143.283075155002,11.000889973509402,7131.549924065877,7139.728530089544,8.178606023666362,1.7767998473898172
UAV_0009,telemetry_15,406,0.8231726937068397,0.8555546629872465,-0.8231726937068397,-0.8555546629872465,0.5494940719338955,0.4794763567114832,50046.21648058059,50343.0078554635,296.7913748829087,50036.92727098313,50227.27934713356,190.35207615043328,2.430054219220712
UAV_0009,telemetry_16,406,-0.6513624770847609,-0.6288627709698154,0.6513624770847609,0.6288627709698154,-0.014416857211292022,-0.015146821493110406,-696.3335106993333,-705.005047630993,-8.671536931659716,-694.7472539435419,-699.7809753819199,-5.033721438378052,-1.9380800878486402
UAV_0009,telemetry_18,406,-0.14877796982758107,-0.06523774109981006,0.14877796982758107,0.06523774109981006,-1.3593668369721947e-05,-1.1767945137809659e-06,-103.23230514467478,-103.23932637488468,-0.007021230209900864,-103.24099465830444,-103.24623774371499,-0.005243085410540971,-0.4890117467284415
UAV_0009,telemetry_19,406,0.8212874348977701,0.8345612966302621,-0.8212874348977701,-0.8345612966302621,0.01207882677772857,0.009567773358567584,33505.015619239515,33511.037133230704,6.02151399118884,33504.97149237125,33509.116562272044,4.145069900790986,2.401777022813722
UAV_0009,telemetry_21,406,0.8326294223524712,0.8555100868424987,-0.8326294223524712,-0.8555100868424987,0.013005516093235844,0.011338512475981858,34961.79219561328,34968.11980728923,6.32761167595163,34961.59658878609,34966.04888730227,4.452298516182054,2.4290633379641466
UAV_0009,telemetry_22,406,0.6770062320921441,0.6630896537367434,-0.6770062320921441,-0.6630896537367434,0.5115936776541575,0.5739202509433624,22974.4224039402,23227.034454549543,252.612050609343,22992.2719641877,23167.42044100271,175.1484768150076,1.9751690155773265
UAV_0009,telemetry_23,406,-0.8510746378700641,-0.8817662265938129,0.8510746378700641,0.8817662265938129,-0.22643879084817234,-0.22182499444282297,-17395.996418908795,-17490.350725726817,-94.35430681802245,-17379.30177729364,-17456.59254213004,-77.29076483640165,-2.475567816694113
UAV_0009,telemetry_25,406,-0.7983405156223693,-0.7889865809205424,0.7983405156223693,0.7889865809205424,-0.005212303398785925,-0.004585344293604118,-171.56193787391095,-174.56990676974473,-3.007968895833784,-171.7242303568347,-173.47609989853242,-1.7518695416977152,-2.286602355365852
UAV_0009,telemetry_26,406,-0.8623317251048223,-0.947745302523723,0.8623317251048223,0.947745302523723,-0.32139995564667956,-0.2492943307609677,-7512.583779881012,-7691.70332736028,-179.11954747926848,-7513.240145483583,-7623.085992113351,-109.84584662976795,-2.5115544249206043
UAV_0009,telemetry_28,406,-0.7537918534720457,-0.7305862961035375,0.7537918534720457,0.7305862961035375,-0.3640590060210838,-0.3571083689751079,-9720.535897130045,-9939.823181858412,-219.287284728367,-9725.648330687529,-9849.960853986393,-124.31252329886411,-2.1934358834516985
UAV_0010,telemetry_07,481,0.45974139924597496,0.45974139924597496,-0.45974139924597496,-0.45974139924597496,7.58309813824775e-05,0.0,140.5912754437698,140.67722414279535,0.08594869902555047,140.59127544376977,140.62405999906818,0.03278455529840585,1.4299827533525529
UAV_0010,telemetry_13,481,0.5036173403416436,0.4450066208883636,-0.5036173403416436,-0.4450066208883636,0.018927288343301707,0.019952888271373745,7133.555293841384,7142.864426351914,9.309132510529707,7128.811967993523,7137.385207603688,8.573239610165729,1.6411633291734522
UAV_0010,telemetry_15,481,0.7629666869883096,0.7796506376423674,-0.7629666869883096,-0.7796506376423674,0.49812970876861073,0.39503175990388395,49923.72527723116,50305.0762894716,381.35101224044047,49944.797309700705,50152.54122570616,207.7439160054564,2.2892119878329797
UAV_0010,telemetry_16,481,-0.6391345219393034,-0.5961008107997107,0.6391345219393034,0.5961008107997107,-0.013004574994042263,-0.009225039288999577,-692.8648959266694,-699.8021254719972,-6.937229545327796,-691.8815257591617,-697.4599165275694,-5.578390768407644,-1.9724209726561794
UAV_0010,telemetry_18,481,0.9253270225083543,0.9665898542973231,-0.9253270225083543,-0.9665898542973231,0.0021355990348461075,0.001991906714714736,-103.06637556026698,-101.92739453262156,1.1389810276454142,-103.06401705309585,-102.22647637631908,0.8375406767767686,2.6108144247924865
UAV_0010,telemetry_19,481,0.5613230213634133,0.617159531059946,-0.5613230213634133,-0.617159531059946,0.011434897719591167,0.0058606275033641015,33502.89286727111,33509.04459650214,6.151729231030913,33501.31184257132,33506.02475428512,4.712911713802896,1.6644258025838776
UAV_0010,telemetry_21,481,0.5694785992172581,0.6143256452990983,-0.5694785992172581,-0.6143256452990983,0.01215180683691401,0.006131406662714451,34958.996274175064,34966.206808410454,7.210534235389787,34957.77049852553,34962.82075488355,5.0502563580157585,1.7027251094445766
UAV_0010,telemetry_22,481,0.6217632538315511,0.5779452807558637,-0.6217632538315511,-0.5779452807558637,0.43297231435439576,0.34518410395964594,22855.69182652,23323.33005169648,467.6382251764808,22925.01678665078,23106.09011618928,181.07332953849982,1.8707423491008845
UAV_0010,telemetry_23,481,-0.7546983543449868,-0.7732386711639824,0.7546983543449868,0.7732386711639824,-0.19171802418167436,-0.1442297719377048,-17353.076307799947,-17498.917552686165,-145.8412448862182,-17346.236704275656,-17426.42233942894,-80.18563515328424,-2.270918758649529
UAV_0010,telemetry_25,481,-0.6744952009624902,-0.6253319028703807,0.6744952009624902,0.6253319028703807,-0.004075002352062958,-0.003017016990394406,-171.19733558350686,-174.8737420117481,-3.6764064282412505,-171.1318700519824,-172.8308415495355,-1.6989714975531172,-2.023166657450645
UAV_0010,telemetry_26,481,-0.7010635186019388,-0.6669349215577702,0.7010635186019388,0.6669349215577702,-0.19549506165154482,-0.11922537816436732,-7453.307839889875,-7624.246446498696,-170.93860660882092,-7451.896261378318,-7536.339432924063,-84.44317154574492,-2.1786159507054093
UAV_0010,telemetry_28,481,-0.6346767104072227,-0.5796352688468871,0.6346767104072227,0.5796352688468871,-0.2740929763625449,-0.2325758166097394,-9656.957244678504,-9894.424419068104,-237.46717438959968,-9688.137708236281,-9805.69881689801,-117.56110866172821,-1.9584518292520936
UAV_0011,telemetry_07,197,0.6503284275716346,0.6626939017212322,-0.6503284275716346,-0.6626939017212322,0.0004086319676853363,0.0,140.5912754437698,140.7631728418209,0.17189739805110094,140.5912754437698,140.67077799036844,0.07950254659863276,2.2192506437527695
UAV_0011,telemetry_13,197,0.6586311115507717,0.6059805555817159,-0.6586311115507717,-0.6059805555817159,0.057703238773399675,0.0517148013041336,7128.368312290015,7144.8458563056565,16.477544015641797,7128.234587662484,7138.421467585354,10.186879922869593,2.039426946826481
UAV_0011,telemetry_15,197,0.8068223301492167,0.8572832262707859,-0.8068223301492167,-0.8572832262707859,1.3354440381836732,1.0318995013424899,49954.193884710825,50331.84425636669,377.65037165586546,49956.836758861646,50181.53811322346,224.7013543618159,2.381128432202125
UAV_0011,telemetry_16,197,-0.6611605520895838,-0.6083836084340647,0.6611605520895838,0.6083836084340647,-0.03272899570532138,-0.028705832041702573,-694.5992033130013,-701.5364328583291,-6.937229545327796,-692.8215382420111,-698.5447526169065,-5.723214374895406,-2.0278656695663853
UAV_0011,telemetry_18,197,0.6161555195136702,0.4837324869957213,-0.6161555195136702,-0.4837324869957213,0.0004717801615271987,0.00027174877471778725,-102.99116103786452,-102.97574397645307,0.015417061411440613,-102.99444119001365,-102.92002798195486,0.07441320805878604,1.7046122742361927
UAV_0011,telemetry_19,197,0.7988849206751123,0.8472935090048942,-0.7988849206751123,-0.8472935090048942,0.029060843824918386,0.023741382112980346,33502.78891132572,33511.62424287409,8.83533154836914,33502.82400524577,33507.67679119816,4.85278595238924,2.339871748486572
UAV_0011,telemetry_21,197,0.7940112233713986,0.8482712704332197,-0.7940112233713986,-0.8482712704332197,0.02938788300681846,0.02207306398590845,34959.437735454776,34968.708422328855,9.27068687407882,34959.46348736276,34964.33795565965,4.874468296889972,2.309992149365963
UAV_0011,telemetry_22,197,0.7117693125045069,0.7033186952879877,-0.7117693125045069,-0.7033186952879877,1.268556053176868,1.2088867626127495,22897.356789884638,23339.79208267621,442.43529279157156,22933.285536702122,23138.80233894888,205.51680224675874,2.0225620140094698
UAV_0011,telemetry_23,197,-0.8124537682911427,-0.8511343623743916,0.8124537682911427,0.8511343623743916,-0.5355632472695706,-0.43252204630725144,-17341.284111581033,-17513.945530007826,-172.6614184267928,-17349.400552949064,-17438.416309135,-89.01575618593415,-2.3685343718019882
UAV_0011,telemetry_25,197,-0.7757156328591263,-0.761108763572525,0.7757156328591263,0.761108763572525,-0.012454661050677067,-0.010127841400113387,-171.1669520593065,-174.56990676974473,-3.402954710438223,-170.95806533042918,-173.07655655529794,-2.1184912248687624,-2.3143136409886687
UAV_0011,telemetry_26,197,-0.8234822991559235,-0.910814533709117,0.8234822991559235,0.910814533709117,-0.7694432128168515,-0.5812773776370175,-7450.867910156585,-7674.480293948812,-223.61238379222686,-7453.838883420062,-7582.932695102936,-129.09381168287382,-2.4233047536827845
UAV_0011,telemetry_28,197,-0.7417841496018996,-0.7216582064297802,0.7417841496018996,0.7216582064297802,-0.8444711212868463,-0.6711711103868168,-9649.50337952709,-9938.296193033151,-288.79281350606107,-9681.930805666376,-9822.574222750034,-140.64341708365828,-2.1668910261382424
UAV_0012,telemetry_07,170,,,,,0.0,0.0,140.5912754437698,140.5912754437698,0.0,140.59127544376977,140.59127544376977,0.0,0.0
UAV_0012,telemetry_13,170,0.6681493023562309,0.658646442071067,-0.6681493023562309,-0.658646442071067,0.06760760135105642,0.0721255947430475,7129.969860742759,7145.044107765903,15.07424702314438,7134.304692816288,7143.841476758807,9.536783942519833,1.9149085676383188
UAV_0012,telemetry_15,170,-0.15581217017669427,-0.12807967807304788,0.15581217017669427,0.12807967807304788,-0.05992548522496392,-0.016807125552222784,49983.8606867305,49999.896795930326,16.03610919982748,49993.6492438846,49982.824870174714,-10.824373709889187,-0.5718217920107951
UAV_0012,telemetry_16,170,-0.6834929385752532,-0.6853131633844944,0.6834929385752532,0.6853131633844944,-0.03320750508718474,-0.03690015715599831,-694.5992033130013,-701.5364328583291,-6.937229545327796,-695.0582846799715,-699.8531345127718,-4.79484983280031,-2.005122459852797
UAV_0012,telemetry_18,170,-0.04842250591054992,0.039932584681334385,0.04842250591054992,-0.039932584681334385,-8.47513552431051e-06,-1.6314725508031532e-06,-103.2450737424898,-103.32129774569508,-0.076224003205283,-103.32433080783059,-103.3263430047149,-0.002012196884308537,-0.2335819009546392
UAV_0012,telemetry_19,170,0.7991059168646971,0.8021897765646278,-0.7991059168646971,-0.8021897765646278,0.014145830440004234,0.014339334641066376,33504.49006417641,33507.001816963995,2.5117527875845553,33504.80348957813,33506.784682224104,1.9811926459733513,2.273896601883174
UAV_0012,telemetry_21,170,0.7723308660871729,0.7532523969800752,-0.7723308660871729,-0.7532523969800752,0.013471999010819795,0.013080334213817777,34961.497888093465,34964.73527081139,3.2373827179253567,34961.497888093465,34963.48879190397,1.9909038105033687,2.318941188018249
UAV_0012,telemetry_22,170,0.6458342847138777,0.6398596487818962,-0.6458342847138777,-0.6398596487818962,1.0813603995033405,1.0378794491241499,22939.021753249264,23315.17187705165,376.15012380238477,23036.148592980804,23183.809840149872,147.6612471690678,1.7917824329132905
UAV_0012,telemetry_23,170,-0.426619412830195,-0.4063275138769304,0.426619412830195,0.4063275138769304,-0.07815735103632002,-0.08230741619129561,-17368.566807546962,-17388.998854519683,-20.432046972720855,-17369.905159819577,-17379.98154139807,-10.076381578492146,-1.117489611485168
UAV_0012,telemetry_25,170,-0.8347628852396083,-0.8352313417882453,0.8347628852396083,0.8352313417882453,-0.01204613289449982,-0.012153409680136267,-172.47344359992118,-174.32683857614197,-1.853394976220784,-172.14548026517042,-173.82014862844807,-1.6746683632776467,-2.3578295405459935
UAV_0012,telemetry_26,170,0.8110088798967268,0.8039777531187997,-0.8110088798967268,-0.8039777531187997,0.15315568166552332,0.1535503405666985,-7468.952095238626,-7441.251716501847,27.700378736778475,-7472.029446061409,-7450.0152011494465,22.014244911962123,2.3684509646053145
UAV_0012,telemetry_28,170,-0.7820933001275305,-0.7572828695476945,0.7820933001275305,0.7572828695476945,-0.8787928840743393,-0.8823457984460106,-9766.970573722534,-9960.851113955709,-193.88054023317454,-9762.927789454292,-9891.003267055752,-128.07547760146008,-2.3158270642504024
UAV_0013,telemetry_07,185,,,,,0.0,0.0,140.5912754437698,140.5912754437698,0.0,140.59127544376977,140.59127544376977,0.0,0.0
UAV_0013,telemetry_13,185,0.6287802903543478,0.6115348167241575,-0.6287802903543478,-0.6115348167241575,0.04878349526195528,0.0527574640836615,7138.233503256584,7148.507053470033,10.273550213448289,7135.766740330006,7143.3851633205795,7.61842299057389,1.8337468251317701
UAV_0013,telemetry_15,185,0.8490056028798111,0.9312440120204442,-0.8490056028798111,-0.9312440120204442,2.31533030912666,1.8253744536702095,49962.02690728151,50530.63033310145,568.6034258199361,49972.64874593237,50339.83897359354,367.1902276611727,2.5144152410127893
UAV_0013,telemetry_16,185,-0.5223976048606443,-0.47874771799735416,0.5223976048606443,0.47874771799735416,-0.023880336533303542,-0.019708038481044552,-694.5992033130013,-705.005047630993,-10.405844317991637,-697.1303546335939,-700.786462096672,-3.656107463078115,-1.493578224963823
UAV_0013,telemetry_18,185,-0.08219663361366335,-0.091776278382169,0.08219663361366335,0.091776278382169,-8.198005697578961e-06,-1.1892735146504915e-05,-103.3361674031286,-103.32111948641844,0.01504791671015937,-103.32726869968008,-103.32844320560241,-0.0011745059223358112,-0.21991219489166614
UAV_0013,telemetry_19,185,0.23098919853002636,0.20864068837420877,-0.23098919853002636,-0.20864068837420877,0.0021264029860541133,0.0023081476700334796,33505.796282127754,33506.609102448245,0.8128203204905731,33505.35808580656,33505.75966025634,0.4015744497810374,0.8146301099157165
UAV_0013,telemetry_21,185,0.263266716249164,0.20945632698051614,-0.263266716249164,-0.20945632698051614,0.0023391429140800384,0.0016722018170763808,34962.08650313309,34963.85234825196,1.7658451188690378,34962.10241164768,34962.48023886906,0.3778272213821765,0.7941101206390347
UAV_0013,telemetry_22,185,0.5832767267324337,0.5820483078769888,-0.5832767267324337,-0.5820483078769888,0.835032857868022,0.805937428902055,23001.08215322596,23311.675516489584,310.59336326362245,23062.481079582798,23195.756201953754,133.27512237095652,1.7384750401200095
UAV_0013,telemetry_23,185,-0.8490307693828016,-0.9343826996702171,0.8490307693828016,0.9343826996702171,-0.8538863703076344,-0.6862031932578656,-17353.670510877273,-17579.875763762127,-226.20525288485442,-17364.44867903167,-17498.038179600608,-133.5895005689381,-2.4805270144634126
UAV_0013,telemetry_25,185,-0.710015036748623,-0.6935046412991428,0.710015036748623,0.6935046412991428,-0.007062174021752835,-0.007021240334916785,-172.29114245471914,-174.78259143914713,-2.49144898442799,-172.5235353560353,-173.57628341076062,-1.0527480547253276,-1.9765229693042463
UAV_0013,telemetry_26,185,0.690329475914637,0.6650574118668304,-0.690329475914637,-0.6650574118668304,0.08463182043804651,0.09568351895259766,-7466.942741340622,-7445.701000133144,21.2417412074783,-7465.810055359508,-7453.245774904609,12.564280454898835,1.9138532916733988
UAV_0013,telemetry_28,185,-0.6692755689667566,-0.6327546340169061,0.6692755689667566,0.6327546340169061,-0.6233648663765411,-0.5905974363573188,-9795.787493031963,-9934.875204339389,-139.0877113074257,-9793.362310925906,-9889.322588003222,-95.96027707731628,-1.9239883176059325
UAV_0014,telemetry_07,207,,,,,0.0,0.0,140.5912754437698,140.5912754437698,0.0,140.59127544376977,140.59127544376977,0.0,0.0
UAV_0014,telemetry_13,207,0.7163309699802577,0.68418325378013,-0.7163309699802577,-0.68418325378013,0.06480714239939041,0.06916739379676262,7135.3785301192775,7147.850848875057,12.47231875577927,7132.129298170613,7143.314975732795,11.185677562181809,2.0640819442603044
UAV_0014,telemetry_15,207,-0.8049302697074144,-0.8020957248495948,0.8049302697074144,0.8020957248495948,-0.5747885309336359,-0.5562232454705638,50001.500406850304,49874.38340277016,-127.1170040801444,50002.92926529824,49901.13374756723,-101.79551773100684,-2.379866545358592
UAV_0014,telemetry_16,207,-0.7430706171582447,-0.7378753265950788,0.7430706171582447,0.7378753265950788,-0.03380492487753713,-0.026511748291606414,-694.5992033130013,-703.270740244661,-8.671536931659716,-693.7320496198354,-699.3479021089103,-5.615852489074882,-2.0608177576668916
UAV_0014,telemetry_18,207,-0.20947944232456298,-0.03298210864694613,0.20947944232456298,0.03298210864694613,-6.347909524784174e-05,-2.9478323319968303e-06,-103.24281761585402,-103.32846855333732,-0.08565093748329389,-103.31720763457567,-103.32677599904872,-0.009568364473054203,-0.5271353891797744
UAV_0014,telemetry_19,207,0.8336405448500583,0.8324173891396348,-0.8336405448500583,-0.8324173891396348,0.016160339095030587,0.0160713814872199,33504.212657707154,33507.948240876955,3.7355831698005204,33504.23140094448,33506.96079642187,2.729395477384969,2.3505452154646296
UAV_0014,telemetry_21,207,0.838692981855856,0.850664527077455,-0.838692981855856,-0.850664527077455,0.016727828009561744,0.01522280274893374,34960.76211929393,34964.73527081139,3.973151517457154,34960.80416322534,34963.68417252635,2.88000930101407,2.410633166439538
UAV_0014,telemetry_22,207,0.6603767451777518,0.6584788374948287,-0.6603767451777518,-0.6584788374948287,0.9240972164227077,1.064596966013806,22995.837612382857,23191.63380385861,195.7961914757543,22997.56844960555,23161.623375700874,164.05492609532303,1.9572088356977162
UAV_0014,telemetry_23,207,0.559443832543161,0.5227808985723718,-0.559443832543161,-0.5227808985723718,0.10577083414599739,0.09137287658373497,-17363.935552958603,-17326.981528514618,36.95402444398496,-17367.85043728463,-17347.480784108273,20.369653176356223,1.7986554519369538
UAV_0014,telemetry_25,207,-0.8621850262513018,-0.8759116936069956,0.8621850262513018,0.8759116936069956,-0.01233867186323069,-0.011647017610131035,-171.50117082551026,-174.60029029394505,-3.099119468434793,-171.5424056083536,-173.65044345406298,-2.10803784570939,-2.4591456268409218
UAV_0014,telemetry_26,207,0.8484365370748997,0.8419613468091323,-0.8484365370748997,-0.8419613468091323,0.16950215611058184,0.1517661529320986,-7478.998864728648,-7440.534090109703,38.46477461894483,-7479.2551598687,-7449.805139642503,29.45002022619701,2.460954113515903
UAV_0014,telemetry_28,207,-0.8295749429404281,-0.8246244222922147,0.8295749429404281,0.8246244222922147,-0.9148343212886233,-0.9073778115868312,-9700.998755456514,-9953.753547843871,-252.75479238735716,-9714.579107798816,-9872.133573322386,-157.5544655235699,-2.3851608708819936
UAV_0015,telemetry_07,202,,,,,0.0,0.0,140.5912754437698,140.5912754437698,0.0,140.59127544376977,140.59127544376977,0.0,0.0
UAV_0015,telemetry_13,202,0.6298546142494745,0.6268896943366861,-0.6298546142494745,-0.6268896943366861,0.05055154046585692,0.0524639724998601,7135.067892245501,7144.617256240963,9.549363995462045,7136.650678987129,7145.18336894967,8.532689962540644,1.818690532052598
UAV_0015,telemetry_15,202,0.6654952532269051,0.6485105323611677,-0.6654952532269051,-0.6485105323611677,0.325488527655567,0.3617414158587752,49989.78171166582,50071.93593264338,82.154220977558,49996.03368819814,50051.11757286699,55.08388466884935,1.9266408133335717
UAV_0015,telemetry_16,202,-0.6033705264517542,-0.6224898559974755,0.6033705264517542,0.6224898559974755,-0.022189826332055247,-0.02064651650395279,-698.0678180856652,-698.0678180856652,0.0,-697.2218144825765,-700.7327294353948,-3.510914952818325,-1.6331174426398076
UAV_0015,telemetry_18,202,0.04816200960728465,0.03270653511936004,-0.04816200960728465,-0.03270653511936004,4.287828771159712e-06,-6.654053836735342e-06,-103.32433062664413,-103.33666989568928,-0.012339269045156698,-103.32849452604079,-103.32810535392682,0.0003891721139694937,0.07477833633073613
UAV_0015,telemetry_19,202,0.6944099510846666,0.6887008162620541,-0.6944099510846666,-0.6887008162620541,0.008160720354067457,0.00941859877060883,33504.596266866305,33507.67214786304,3.0758809967373963,33505.56814442929,33506.81734634721,1.249201917918981,1.818389862116976
UAV_0015,telemetry_21,202,0.7084960219784621,0.7067470712753654,-0.7084960219784621,-0.7067470712753654,0.008266828050247081,0.009018625951391968,34962.23365689299,34963.85234825196,1.6186913589699543,34962.17982015157,34963.51138222291,1.3315620713401586,1.9522114117931357
UAV_0015,telemetry_22,202,0.5904777970526975,0.5849632724581533,-0.5904777970526975,-0.5849632724581533,0.7629219522395497,0.7434834513672924,23068.241412355663,23328.72027422966,260.47886187399854,23080.432482567503,23193.822582421857,113.39009985435405,1.5012932008058932
UAV_0015,telemetry_23,202,-0.770750891275539,-0.7657991076660787,0.770750891275539,0.7657991076660787,-0.1847966522840809,-0.17552402991455812,-17370.120404268615,-17406.643420983877,-36.5230167152622,-17371.978901960523,-17402.699259605633,-30.720357645110198,-2.1918615737276173
UAV_0015,telemetry_25,202,-0.7816742486215432,-0.7864268020875966,0.7816742486215432,0.7864268020875966,-0.007779521307720941,-0.007408299841226304,-173.17226465652902,-174.72182439074643,-1.5495597342174108,-172.6920567618505,-173.96964690139652,-1.277590139546021,-2.1959952723042986
UAV_0015,telemetry_26,202,0.7770350902786815,0.7699076399507602,-0.7770350902786815,-0.7699076399507602,0.10828246666129915,0.10711096239256954,-7469.956772187627,-7438.811786768556,31.144985419071418,-7464.828368946204,-7446.929716541156,17.89865240504787,2.1972007805852614
UAV_0015,telemetry_28,202,-0.6983342915970827,-0.6802346362126838,0.6983342915970827,0.6802346362126838,-0.5848001353065709,-0.5965652717510787,-9779.222887267477,-9916.792296465404,-137.5694091979276,-9806.880004848243,-9906.312520386673,-99.43251553843038,-2.0311932759728704
UAV_0016,telemetry_07,344,0.7441515191383428,0.7577973677761021,-0.7441515191383428,-0.7577973677761021,0.0003200270076944725,0.0,140.5912754437698,140.7631728418209,0.17189739805110094,140.59127544376983,140.68594357602979,0.09466813225995452,2.213504478071244
UAV_0016,telemetry_13,344,0.6491601304915701,0.6245360776117467,-0.6491601304915701,-0.6245360776117467,0.030590775022791034,0.033976009858461734,7125.476037060966,7137.303788842451,11.827751781484949,7129.770366684981,7138.938197989594,9.167831304613173,1.956274646032832
UAV_0016,telemetry_15,344,0.8359195357676011,0.8707894734333398,-0.8359195357676011,-0.8707894734333398,0.6823114191170004,0.5900465820960834,49988.424810118144,50337.333539900486,348.90872978234256,50009.15823001167,50207.855813167225,198.69758315555373,2.4478019371987796
UAV_0016,telemetry_16,344,-0.7043909453648709,-0.7011585218218384,0.7043909453648709,0.7011585218218384,-0.019003009311247307,-0.017343073863319205,-694.5992033130013,-703.270740244661,-8.671536931659716,-693.4932681680941,-698.9475392236598,-5.454271055565641,-2.032965247060943
UAV_0016,telemetry_18,344,0.15045278940349707,0.14817717929292182,-0.15045278940349707,-0.14817717929292182,6.573357798540716e-05,5.461562072312029e-05,-103.23951418901304,-103.33391819490284,-0.09440400588979969,-103.29569372691144,-103.28231064263767,0.013383084273769441,0.3080144127339619
UAV_0016,telemetry_19,344,0.8307782526048172,0.87649361636898,-0.8307782526048172,-0.87649361636898,0.01600135428122416,0.013253166588651125,33503.871407631246,33510.81355363531,6.942146004061215,33504.33027026003,33508.995768695124,4.665498435097106,2.43572515210179
UAV_0016,telemetry_21,344,0.8149005538688455,0.8342265879710591,-0.8149005538688455,-0.8342265879710591,0.01627880362482094,0.013377614536693727,34961.497888093465,34969.149883608574,7.651995515108865,34960.92846702253,34965.795204415364,4.866737392832874,2.4497507286050095
UAV_0016,telemetry_22,344,0.6807644891946762,0.6697862658207089,-0.6807644891946762,-0.6697862658207089,0.656921366708639,0.7328570055358151,22968.303772956577,23321.58187141544,353.2780984588644,22976.07557442335,23156.68920019752,180.61362577417094,1.8820704285139709
UAV_0016,telemetry_23,344,-0.8326380624686298,-0.8687303781833402,0.8326380624686298,0.8687303781833402,-0.2733055958303345,-0.21306973122555853,-17366.296077699557,-17501.14047886499,-134.84440116543192,-17368.915886748833,-17449.098934064612,-80.18304731577882,-2.456360741590651
UAV_0016,telemetry_25,344,-0.78529837090083,-0.770674882452687,0.78529837090083,0.770674882452687,-0.006335414466591073,-0.006220471888258906,-171.8961566401147,-174.90412553594848,-3.007968895833784,-171.48884127945797,-173.32330159566982,-1.834460316211846,-2.2864928103285616
UAV_0016,telemetry_26,344,-0.8545208609658481,-0.9492954270475215,0.8545208609658481,0.9492954270475215,-0.4044727509462052,-0.30216015509665906,-7492.633766179394,-7682.087133705545,-189.45336752615094,-7495.038334612203,-7612.882988584827,-117.84465397262466,-2.5034858456301725
UAV_0016,telemetry_28,344,-0.7467669995550876,-0.7288411594595948,0.7467669995550876,0.7288411594595948,-0.4272247433737086,-0.40641637921622353,-9726.742229552496,-9897.999353988687,-171.2571244361916,-9711.706941140003,-9837.611500226098,-125.9045590860951,-2.2129521879581926
UAV_0017,telemetry_07,312,0.6347777874705086,0.6434330244586997,-0.6347777874705086,-0.6434330244586997,0.00023921068795432232,0.0,140.5912754437698,140.7631728418209,0.17189739805110094,140.59127544376983,140.66494575722024,0.07367031345040687,2.167079361624469
UAV_0017,telemetry_13,312,0.6009669618276781,0.5750992327685053,-0.6009669618276781,-0.5750992327685053,0.034765622756642016,0.03545248670297837,7134.102323735207,7143.65757067021,9.555246935002288,7128.88589227151,7137.936603053815,9.050710782305032,1.7343008157538797
UAV_0017,telemetry_15,312,0.8412012808166616,0.8874460854318591,-0.8412012808166616,-0.8874460854318591,0.9501192119229985,0.8415190287214767,49913.42516093743,50377.42381290005,463.99865196261817,49931.47018931172,50186.77914545136,255.30895613963366,2.5056997671080405
UAV_0017,telemetry_16,312,-0.7375490995746073,-0.7242566010002154,0.7375490995746073,0.7242566010002154,-0.02589690568570631,-0.02001123907306062,-694.5992033130013,-703.270740244661,-8.671536931659716,-692.0115065778394,-698.9487361231672,-6.937229545327796,-2.1901319678234814
UAV_0017,telemetry_18,312,0.19278647809537802,0.12945618941427578,-0.19278647809537802,-0.12945618941427578,7.815008737724989e-05,2.5525497899785194e-05,-103.06305297244704,-103.05850813858066,0.004544833866376052,-103.06143238032983,-103.04466909232617,0.016763288003659227,0.45840301496868113
UAV_0017,telemetry_19,312,0.7505807197913447,0.8838496545522219,-0.7505807197913447,-0.8838496545522219,0.02810402020377457,0.019975468447314813,33497.82864955837,33511.33426721191,13.505617653543595,33499.977136606285,33507.815880798626,7.838744192340528,2.320687188646284
UAV_0017,telemetry_21,312,0.7435312896371906,0.8686167655261819,-0.7435312896371906,-0.8686167655261819,0.0294512995211572,0.024424239190681193,34953.99304633826,34968.85557608876,14.862529750498652,34956.431594359565,34964.59746014736,8.165865787792427,2.28527349071307
UAV_0017,telemetry_22,312,0.7199731242181946,0.7087918470542056,-0.7199731242181946,-0.7087918470542056,0.8130786750945789,0.7324164745217956,22898.667925095408,23348.82434746155,450.15642236614076,22916.390218314773,23128.629941508032,212.23972319325912,2.0832986958937436
UAV_0017,telemetry_23,312,-0.8386847936069549,-0.8898044108896456,0.8386847936069549,0.8898044108896456,-0.3679754291015974,-0.2999095609415554,-17331.560179953314,-17511.65593147567,-180.0957515223563,-17340.84916044708,-17439.706927333013,-98.8577668859325,-2.49765184980455
UAV_0017,telemetry_25,312,-0.6922630030537616,-0.6498825667785912,0.6922630030537616,0.6498825667785912,-0.00682855515960786,-0.006277931245554919,-171.34925320450856,-174.90412553594848,-3.554872331439924,-171.26340769168857,-173.05362422869914,-1.790216537010565,-2.011819539919796
UAV_0017,telemetry_26,312,-0.84629146654508,-0.9357163241330024,0.84629146654508,0.9357163241330024,-0.533761264563765,-0.4242790318808145,-7429.626168949107,-7683.522386489833,-253.89621754072596,-7446.8879314039605,-7589.3128493649065,-142.424917960946,-2.5032258986981644
UAV_0017,telemetry_28,312,-0.6586192881734289,-0.6009404492757174,0.6586192881734289,0.6009404492757174,-0.4669561221314552,-0.4773054781884268,-9726.57900789347,-9948.043284561696,-221.46427666822638,-9699.970133989666,-9820.252923402848,-120.2827894131824,-1.8806285279523909
UAV_0018,telemetry_07,447,0.620780228865865,0.6211859589675518,-0.620780228865865,-0.6211859589675518,0.00015016790375515634,0.0,140.5912754437698,140.67722414279535,0.08594869902555047,140.59032045822505,140.65621446081133,0.0658940025862762,2.1086500057695403
UAV_0018,telemetry_13,447,0.6453068605179703,0.6221164264002166,-0.6453068605179703,-0.6221164264002166,0.025287007599732007,0.024156807103250424,7122.81642411342,7144.292602523178,21.476178409758177,7128.082408604347,7137.644156897183,9.561748292836455,1.8888784188122016
UAV_0018,telemetry_15,447,0.8271759250216394,0.8735518798679848,-0.8271759250216394,-0.8735518798679848,0.6125124942268599,0.5239147642421864,49937.911066138695,50365.95182708786,428.0407609491667,49944.682553104656,50175.87938832215,231.1968352174954,2.4169222126652343
UAV_0018,telemetry_16,447,-0.7197959153825978,-0.6985396645576725,0.7197959153825978,0.6985396645576725,-0.017728371527526307,-0.01659624293140594,-692.8648959266694,-703.270740244661,-10.405844317991637,-691.7279610845185,-698.5495701374241,-6.821609052905615,-2.1440021380717362
UAV_0018,telemetry_18,447,0.7325843714484216,0.660705821212525,-0.7325843714484216,-0.660705821212525,0.0002746271763062772,0.00022960446578569631,-102.96706497149682,-102.8985658077495,0.0684991637473189,-102.97967369890846,-102.88869984711043,0.09097385179802586,1.8785751593439874
UAV_0018,telemetry_19,447,0.7274955624499795,0.8769504630485533,-0.7274955624499795,-0.8769504630485533,0.016562554540268382,0.012318104290542756,33502.12803619904,33510.77921405749,8.651177858446317,33501.22016726808,33507.572800217786,6.352632949703548,2.1600044430423555
UAV_0018,telemetry_21,447,0.7306823055148819,0.8684266050182828,-0.7306823055148819,-0.8684266050182828,0.017320507447130106,0.012375354089388928,34959.437735454776,34967.97265352933,8.534918074554298,34957.752007382966,34964.37392657874,6.621919195771625,2.1624681031046262
UAV_0018,telemetry_22,447,0.6677180012001114,0.64359702524705,-0.6677180012001114,-0.64359702524705,0.5299675569704203,0.5716106858062227,22918.77199832729,23198.18947991249,279.4174815851984,22935.666218320952,23130.159368013155,194.4931496922036,1.896906673456361
UAV_0018,telemetry_23,447,-0.8292046097631873,-0.8682771702445085,0.8292046097631873,0.8682771702445085,-0.23757090285136992,-0.19144856831379936,-17355.340985819093,-17509.453849844915,-154.11286402582118,-17345.51890911344,-17436.184196620983,-90.6652875075415,-2.4496687226554474
UAV_0018,telemetry_25,447,-0.7418437714346234,-0.7207745666264955,0.7418437714346234,0.7207745666264955,-0.005186626161495155,-0.004557528630050456,-170.7719662447021,-174.78259143914713,-4.010625194445026,-171.11259931045925,-173.0794261103613,-1.9668267999020657,-2.1776670512363014
UAV_0018,telemetry_26,447,-0.8363718934502836,-0.9234010207421071,0.8363718934502836,0.9234010207421071,-0.3447483185848813,-0.2782454905849564,-7455.31719378788,-7678.499001744822,-223.18180795694207,-7447.762979966573,-7579.021631265749,-131.25865129917656,-2.46503485825084
UAV_0018,telemetry_28,447,-0.7024568018361348,-0.6835756957551732,0.7024568018361348,0.6835756957551732,-0.33729696172588486,-0.34451549805119297,-9708.239563550997,-9906.90721495944,-198.6676514084429,-9685.443633148821,-9813.304601062848,-127.86096791402633,-2.061308694475086
UAV_0019,telemetry_07,229,0.8001505676609935,0.8107270988541253,-0.8001505676609935,-0.8107270988541253,0.0005620379986841629,0.0,140.5912754437698,140.7631728418209,0.17189739805110094,140.59127544376975,140.68843484266827,0.0971593988985262,2.0878525394600937
UAV_0019,telemetry_13,229,0.593729359654744,0.5799116644849261,-0.593729359654744,-0.5799116644849261,0.040367536990662395,0.04242735196669904,7125.968044408944,7143.772740852933,17.804696443989087,7132.33457169206,7140.00572700468,7.671155312619703,1.7030445653818347
UAV_0019,telemetry_15,229,0.8493568144777046,0.8762486862718764,-0.8493568144777046,-0.8762486862718764,0.9357832215060237,0.8507523329494802,50040.17210095912,50333.694576658985,293.522475699865,50040.88943527533,50218.572474995344,177.6830397200174,2.4342762427075653
UAV_0019,telemetry_16,229,-0.662928116546828,-0.6445019378216312,0.662928116546828,0.6445019378216312,-0.027472185992359493,-0.026613586658390434,-696.3335106993333,-705.005047630993,-8.671536931659716,-694.636905647487,-699.7644231375117,-5.127517490024729,-1.8676235224745315
UAV_0019,telemetry_18,229,-0.057538834578028955,-0.013244331637904333,0.057538834578028955,0.013244331637904333,-3.0491013066334513e-05,-1.081926177677499e-05,-103.32465699407652,-103.3304008582736,-0.005743864197086168,-103.31626290968407,-103.32317827788464,-0.006915368200566263,-0.1969760750965031
UAV_0019,telemetry_19,229,0.820996466092127,0.8385338702746996,-0.820996466092127,-0.8385338702746996,0.021856580923614078,0.019490648926286006,33504.054806029184,33512.19071981457,8.135913785386947,33505.23807624916,33509.43304011805,4.194963868889317,2.378462184927487
UAV_0019,telemetry_21,229,0.8237885971260875,0.841949513792822,-0.8237885971260875,-0.841949513792822,0.022656470641456025,0.021021965700700612,34962.67511817271,34969.00272984867,6.327611675958906,34961.811389581955,34966.17801745742,4.366627875468112,2.3965067976797263
UAV_0019,telemetry_22,229,0.6517147031993177,0.629289164103309,-0.6517147031993177,-0.629289164103309,0.8167730215393965,0.9061119612845021,23116.316370084085,23230.53081511161,114.21444502752638,23002.266608706224,23152.708289666254,150.44168096002977,1.8118960408134523
UAV_0019,telemetry_23,229,-0.8305986090893703,-0.872410140597364,0.8305986090893703,0.872410140597364,-0.3734069210047844,-0.3003371268097787,-17384.80343452694,-17502.11783064656,-117.31439611961832,-17382.061842061943,-17456.17280020107,-74.11095813912834,-2.4882856110362197
UAV_0019,telemetry_25,229,-0.758558045844407,-0.7411040128760378,0.758558045844407,0.7411040128760378,-0.00857331950635588,-0.008786346618168808,-171.835389591714,-174.96489258434914,-3.129502992635139,-171.85718646777076,-173.46288967061923,-1.6057032028484741,-2.144440731186491
UAV_0019,telemetry_26,229,-0.8592452816455848,-0.9406604554163182,0.8592452816455848,0.9406604554163182,-0.540564218642308,-0.43364668506544246,-7524.352852712182,-7695.147934042574,-170.79508133039235,-7519.1641018855,-7624.015558007309,-104.85145612180895,-2.515667798679219
UAV_0019,telemetry_28,229,-0.7405317430037588,-0.7016587890839688,0.7405317430037588,0.7016587890839688,-0.5934017549379245,-0.6041083801275469,-9658.567573887913,-9912.783849188543,-254.2162753006305,-9726.412624316576,-9843.987165302888,-117.57454098631206,-2.2147112348093616
UAV_0020,telemetry_07,338,0.7199069227972804,0.7308249034043472,-0.7199069227972804,-0.7308249034043472,0.0002908988551458189,0.0,140.5912754437698,140.7631728418209,0.17189739805110094,140.5912754437698,140.6784880942516,0.08721265048180271,2.208748395039861
UAV_0020,telemetry_13,338,0.610568207069468,0.56913362345508,-0.610568207069468,-0.56913362345508,0.028766387529213518,0.02548247395845843,7130.402915370076,7145.0578053140125,14.654889943936723,7130.772819580216,7139.10506811619,8.332248535974031,1.8098538211789352
UAV_0020,telemetry_15,338,0.8176164284289617,0.8577579325146447,-0.8176164284289617,-0.8577579325146447,0.684960376802528,0.5795467317718744,50032.21572370229,50347.44862416499,315.2329004626954,50007.98378403132,50207.95805664005,199.97427260872792,2.442815738118459
UAV_0020,telemetry_16,338,-0.6832231654165724,-0.6503004684695451,0.6832231654165724,0.6503004684695451,-0.019375812143387666,-0.015080933794190614,-691.1305885403375,-705.005047630993,-13.874459090655478,-693.4514998955758,-699.2665305438651,-5.81503064828928,-2.0983943093394055
UAV_0020,telemetry_18,338,0.8063008116152864,0.7133407161222366,-0.8063008116152864,-0.7133407161222366,0.000505563757593284,0.0004022180840181341,-103.24268864453336,-103.0679479058671,0.17474073866625872,-103.24734611402462,-103.11031894881636,0.1370271652082664,2.2364554984088416
UAV_0020,telemetry_19,338,0.786346539526298,0.7949179955712591,-0.786346539526298,-0.7949179955712591,0.014255477262534054,0.010550197825221742,33504.131942001826,33511.123579979554,6.991637977727805,33504.3138841728,33508.49350107178,4.179616898982204,2.359397519082599
UAV_0020,telemetry_21,338,0.8008620212136974,0.8349674515175376,-0.8008620212136974,-0.8349674515175376,0.015260486289043532,0.011758483538019589,34960.76211929393,34969.149883608574,8.387764314640663,34960.83136812213,34965.29575351457,4.464385392435361,2.3976369785586065
UAV_0020,telemetry_22,338,0.6260383655393537,0.5907176260835149,-0.6260383655393537,-0.5907176260835149,0.636839235384728,0.5260727697554781,23046.243477152657,23256.17079256677,209.92731541411194,22985.230699917913,23167.544907927313,182.31420800940032,1.8341044966519737
UAV_0020,telemetry_23,338,-0.8043618889081996,-0.8317460647958596,0.8043618889081996,0.8317460647958596,-0.26792432015592776,-0.22132132484679196,-17363.26277532864,-17501.171071984234,-137.9082966555943,-17370.6418891653,-17447.769412089077,-77.12752292377627,-2.369633359698005
UAV_0020,telemetry_25,338,-0.7779393232765397,-0.7655535011389935,0.7779393232765397,0.7655535011389935,-0.006477121065624243,-0.006176975531342166,-171.8050060675137,-175.2991113505529,-3.494105283039204,-171.4488932912244,-173.3286504428543,-1.8797571516298888,-2.310456943796389
UAV_0020,telemetry_26,338,-0.8238315081972577,-0.9197170666897997,0.8238315081972577,0.9197170666897997,-0.38144948182139266,-0.2972895316643647,-7490.193836446104,-7687.541094285842,-197.34725783973772,-7495.516935743127,-7606.423983983202,-110.9070482400748,-2.4512800984758565
UAV_0020,telemetry_28,338,-0.7166661870223014,-0.68724343267675,0.7166661870223014,0.68724343267675,-0.4285768131131548,-0.3505784825453343,-9690.150574193589,-9943.607384668874,-253.45681047528524,-9706.094415639991,-9832.88349513128,-126.78907949128916,-2.1697141236192903
UAV_0021,telemetry_07,220,0.7135908155384585,0.722732868538204,-0.7135908155384585,-0.722732868538204,0.00043046270881202985,0.0,140.5912754437698,140.7631728418209,0.17189739805110094,140.59127544376977,140.67722414279535,0.08594869902557889,2.2383921315189412
UAV_0021,telemetry_13,220,0.6460578927698244,0.6246349943368477,-0.6460578927698244,-0.6246349943368477,0.04802896455202927,0.044789132207088564,7134.767042110255,7147.800719489301,13.033677379045912,7129.97653488233,7139.285513188912,9.308978306581594,1.9672220185456
UAV_0021,telemetry_15,220,0.8372566322046272,0.8774441051568724,-0.8372566322046272,-0.8774441051568724,1.1424130549957392,0.9311587149768124,50014.45264889632,50338.073668017394,323.62101912107755,49995.65227332043,50209.360061806256,213.70778848582268,2.4605881884283183
UAV_0021,telemetry_16,220,-0.6892675098420098,-0.6714962876432987,0.6892675098420098,0.6714962876432987,-0.03179281759699234,-0.02843126862839214,-694.5992033130013,-701.5364328583291,-6.937229545327796,-693.3378888502145,-699.329132548452,-5.99124369823744,-2.0406048762128233
UAV_0021,telemetry_18,220,0.27214574177910256,0.152475727334712,-0.27214574177910256,-0.152475727334712,0.00012522938138307096,1.4758144605220217e-05,-103.06878404805376,-103.05794568964484,0.010838358408918225,-103.0680813480491,-103.04482969752435,0.023251650524755973,0.7938386517478744
UAV_0021,telemetry_19,220,0.8149651524503716,0.8618483852972167,-0.8149651524503716,-0.8618483852972167,0.024456508300563787,0.01960349291098106,33503.96435087447,33511.2508004628,7.286449588333198,33503.82448872447,33508.46421534444,4.639726619963767,2.4289586667047396
UAV_0021,telemetry_21,220,0.8153991110528389,0.8580681326225321,-0.8153991110528389,-0.8580681326225321,0.025431895841341635,0.02169851386360474,34960.46781177412,34968.708422328855,8.240610554734303,34960.4076125087,34965.17338768747,4.765775178770127,2.40053583926482
UAV_0021,telemetry_22,220,0.6099777277936981,0.5639360428281874,-0.6099777277936981,-0.5639360428281874,0.8993454479742781,1.0565074345202414,22910.031096922125,23194.401755970248,284.37065904812334,22976.789731404097,23145.06201629608,168.27228489198387,1.7930119111977374
UAV_0021,telemetry_23,220,-0.8187767021269481,-0.8494052281320613,0.8187767021269481,0.8494052281320613,-0.4387661245893059,-0.3863019018969141,-17360.433428667766,-17492.814118608807,-132.38068994104106,-17366.667348145394,-17447.7699381243,-81.1025899789056,-2.3776627600711215
UAV_0021,telemetry_25,220,-0.7703361802921237,-0.7547057499930241,0.7703361802921237,0.7547057499930241,-0.009934727400408341,-0.008598951581905268,-171.41002025290925,-174.38760562454266,-2.9775853716334097,-171.4908128058965,-173.3621616827812,-1.8713488768846958,-2.27961889199873
UAV_0021,telemetry_26,220,-0.8501526812089197,-0.9374773189841545,0.8501526812089197,0.9374773189841545,-0.6584137935613332,-0.530801633650247,-7482.443471410942,-7675.4849708978145,-193.04149948687245,-7480.998432812215,-7603.343946858415,-122.34551404620015,-2.481813850787449
UAV_0021,telemetry_28,220,-0.7127704403119858,-0.6786304750849471,0.7127704403119858,0.6786304750849471,-0.6588260794026994,-0.7028150033130272,-9747.74113567349,-9968.03267796546,-220.29154229197047,-9709.606486357281,-9833.288646643508,-123.68216028622737,-2.102176158479136
UAV_0022,telemetry_07,192,,,,,0.0,0.0,140.5912754437698,140.5912754437698,0.0,140.59127544376975,140.59127544376975,0.0,0.0
UAV_0022,telemetry_13,192,0.7477154915078089,0.742056737107669,-0.7477154915078089,-0.742056737107669,0.07412082203152688,0.07786715475565847,7129.996358307351,7146.019659363245,16.02330105589408,7132.043604541942,7143.63392834634,11.590323804398395,2.1040355569290963
UAV_0022,telemetry_15,192,0.41480941191446374,0.4008945333241038,-0.41480941191446374,-0.4008945333241038,0.17017283284096218,0.1762064883609678,50030.24204872384,50069.407161577255,39.16511285341403,50057.34212438934,50083.692583115924,26.350458726585202,1.1558671138424106
UAV_0022,telemetry_16,192,-0.6886114358118657,-0.6762292884302132,0.6886114358118657,0.6762292884302132,-0.03209513116440125,-0.03211680345059112,-694.5992033130013,-701.5364328583291,-6.937229545327796,-694.6881421533261,-699.9355337324844,-5.247391579158261,-2.0260021602545986
UAV_0022,telemetry_18,192,-0.28075179212393825,-0.16007582128421455,0.28075179212393825,0.16007582128421455,-9.417842022496551e-05,-1.9529059352273027e-05,-103.3336448511322,-103.33780694195256,-0.004162090820358344,-103.31073520866268,-103.32782969284332,-0.017094484180645964,-0.9170404464212998
UAV_0022,telemetry_19,192,0.7952593694035084,0.7909251824322492,-0.7952593694035084,-0.7909251824322492,0.01352384867151511,0.012788154918896675,33503.615005039814,33507.36661191096,3.7516068711483967,33503.91851109414,33506.22978674373,2.311275649590243,2.4458036568049972
UAV_0022,telemetry_21,192,0.8134465049764287,0.8143984347408724,-0.8134465049764287,-0.8143984347408724,0.014395823635095456,0.013377614536886264,34959.73204297459,34963.85234825196,4.1203052773707896,34960.59232649405,34962.88641587924,2.29408938519191,2.332728362080889
UAV_0022,telemetry_22,192,0.663745669142231,0.6421230343682073,-0.663745669142231,-0.6421230343682073,0.9706102375624905,0.9571574096175837,23028.17894758198,23218.730598214635,190.55165063265667,23003.83142819784,23168.347146012537,164.5157178146983,2.024536371940604
UAV_0022,telemetry_23,192,-0.7299629097706695,-0.7148800965738004,0.7299629097706695,0.7148800965738004,-0.17169347705027285,-0.17206027374101862,-17384.96995624223,-17427.424816193536,-42.4548599513073,-17387.05040986927,-17414.90779413391,-27.85738426464013,-2.1313201305407343
UAV_0022,telemetry_25,192,-0.8305905534259508,-0.8234322279339218,0.8305905534259508,0.8234322279339218,-0.011620329787815612,-0.011175190130429096,-171.53155434971063,-174.1141539067396,-2.5825995570289706,-171.63516995788103,-173.51894845830216,-1.8837785004211298,-2.4230352038382557
UAV_0022,telemetry_26,192,0.831127018508563,0.8268660406718725,-0.831127018508563,-0.8268660406718725,0.16513322946722586,0.16885326873987688,-7488.615058383385,-7441.538767058704,47.076291324680824,-7478.641891600249,-7452.008752113326,26.633139486923028,2.412218501553725
UAV_0022,telemetry_28,192,-0.8477617098261178,-0.8563329083362722,0.8477617098261178,0.8563329083362722,-0.9468195450186967,-0.849085316482519,-9711.638715599733,-9981.660185383227,-270.02146978349447,-9721.431995245306,-9871.89287702685,-150.46088178154423,-2.4243289057373043
UAV_0023,telemetry_07,196,,,,,0.0,0.0,140.5912754437698,140.5912754437698,0.0,140.5912754437698,140.5912754437698,0.0,0.0
UAV_0023,telemetry_13,196,0.7734443257896452,0.7739738144379188,-0.7734443257896452,-0.7739738144379188,0.07681354500091533,0.08051666399104795,7127.963603753449,7148.5390089054135,20.575405151964333,7131.986665541379,7143.863718061204,11.877052519825156,2.1082853953188603
UAV_0023,telemetry_15,196,-0.7104117983508883,-0.6925952769404428,0.7104117983508883,0.6925952769404428,-0.38389957290200605,-0.39091687444991885,49953.08369253545,49888.26080496232,-64.82288757312926,49969.829091180654,49908.34911560225,-61.479975578404265,-2.0056525365513482
UAV_0023,telemetry_16,196,-0.716759915916009,-0.7162319699247045,0.716759915916009,0.7162319699247045,-0.033745255322830674,-0.032929887082252376,-696.3335106993333,-703.270740244661,-6.937229545327796,-694.2523418357349,-699.7154101026806,-5.463068266945697,-2.045630042516626
UAV_0023,telemetry_18,196,-0.10064561717058745,-0.10312298289093069,0.10064561717058745,0.10312298289093069,-1.0276180163488479e-05,4.184897878661268e-06,-103.3184417188993,-103.32029649014515,-0.0018547712458598653,-103.32533965494277,-103.32800330350787,-0.0026636485651039266,-0.4599065093126883
UAV_0023,telemetry_19,196,0.8228815084598132,0.821644925053192,-0.8228815084598132,-0.821644925053192,0.015120803014933397,0.013618951683674538,33504.35237935136,33508.12862884854,3.7762494971830165,33504.70478345894,33507.11721042065,2.4124269617095706,2.3144408991442544
UAV_0023,telemetry_21,196,0.8440774080478926,0.8574224513397422,-0.8440774080478926,-0.8574224513397422,0.015989569549494882,0.015654655309071074,34960.76211929393,34965.17673209112,4.4146127971835085,34961.15943444568,34963.76773484001,2.608300394327671,2.4273510255390156
UAV_0023,telemetry_22,196,0.5958160101670776,0.5701674417780276,-0.5958160101670776,-0.5701674417780276,0.8320412101409405,0.9101983879878988,22951.98742366693,23254.568293975823,302.58087030889146,23026.325148075633,23159.00838936383,132.68324128819586,1.674992545255735
UAV_0023,telemetry_23,196,0.32778457501463404,0.3107682745101164,-0.32778457501463404,-0.3107682745101164,0.0457751879908954,0.04316225126374491,-17357.03693537541,-17355.83628096986,1.2006544055511768,-17358.318287337275,-17350.668817070888,7.649470266387652,0.9656488133202938
UAV_0023,telemetry_25,196,-0.8191431604784111,-0.8084950243015724,0.8191431604784111,0.8084950243015724,-0.011845552808054147,-0.009997110602560701,-171.744239019113,-174.53952324554436,-2.795284226431363,-171.93717439778516,-173.84298095325158,-1.9058065554664267,-2.3233399861860384
UAV_0023,telemetry_26,196,0.8632840287700321,0.8705328549676778,-0.8632840287700321,-0.8705328549676778,0.1607905382767856,0.15582004226356855,-7478.71181417179,-7434.075452580402,44.63636159138787,-7476.630697634571,-7450.832028836977,25.798668797594473,2.4418556582216233
UAV_0023,telemetry_28,196,-0.8072660129450125,-0.7981623887352677,0.8072660129450125,0.7981623887352677,-0.8595075718272462,-0.7884998338695851,-9699.816333920358,-9933.653666106666,-233.83733218630732,-9741.539774408382,-9877.628657924239,-136.08888351585665,-2.253300364035196
UAV_0024,telemetry_07,494,0.6113458670082544,0.6203179063087317,-0.6113458670082544,-0.6203179063087317,0.00014096770454068855,0.0,140.5912754437698,140.7631728418209,0.17189739805110094,140.59040727509276,140.65812443190072,0.06771715680795865,2.0572667978659083
UAV_0024,telemetry_13,494,0.45992660320406353,0.39093355311995215,-0.45992660320406353,-0.39093355311995215,0.016025047993122613,0.016867360777446168,7124.2710938932,7146.626191042983,22.355097149783433,7130.510430103173,7137.642753801837,7.13232369866364,1.4339855875371132
UAV_0024,telemetry_15,494,0.8821095712233301,0.9313538218685017,-0.8821095712233301,-0.9313538218685017,0.6672456780942864,0.598999926332809,49866.920444257936,50359.84577012331,492.9253258653771,49899.531560655174,50174.58945964702,275.0578989918431,2.5473313198798793
UAV_0024,telemetry_16,494,-0.7368537426961405,-0.7235705512053349,0.7368537426961405,0.7235705512053349,-0.016350669981180573,-0.013089298740543372,-691.1305885403375,-705.005047630993,-13.874459090655478,-691.3583258738964,-698.243000649941,-6.884674776044562,-2.173470347268755
UAV_0024,telemetry_18,494,0.8131055933230327,0.7586795681810095,-0.8131055933230327,-0.7586795681810095,0.000325480327153656,0.00026976625627335383,-103.1548315757978,-102.88305908729134,0.27177248850645697,-103.0843138513198,-102.96258893274978,0.12172491857002399,2.1302287734887444
UAV_0024,telemetry_19,494,0.8439006396527455,0.9103846937731853,-0.8439006396527455,-0.9103846937731853,0.02580847234571294,0.02263759824789687,33498.64071430643,33510.992447348035,12.351733041607076,33497.367823577224,33507.57613339985,10.208309822628507,2.3383386550500136
UAV_0024,telemetry_21,494,0.8481568580877928,0.9154780793047606,-0.8481568580877928,-0.9154780793047606,0.027207620241014446,0.024525626651003062,34953.69873881845,34967.67834600951,13.979607191060495,34953.57536748438,34964.335428776896,10.760061292516184,2.349767621796503
UAV_0024,telemetry_22,494,0.6957710710533053,0.6746033010053817,-0.6957710710533053,-0.6746033010053817,0.5102654108831117,0.45032255228715556,22923.579494100137,23200.666068643957,277.08657454382046,22917.397587230927,23130.653508533676,213.2559213027489,2.03702277825153
UAV_0024,telemetry_23,494,-0.8666971847587747,-0.9246381745367547,0.8666971847587747,0.9246381745367547,-0.2548741624855192,-0.22409032588131925,-17341.294606535757,-17509.8444116635,-168.54980512774273,-17332.33763172543,-17437.564517713716,-105.22688598828609,-2.506645055785769
UAV_0024,telemetry_25,494,-0.5917248670249986,-0.5000738125863069,0.5917248670249986,0.5000738125863069,-0.0034899637726425034,-0.0027885554368304102,-171.77462254331334,-174.2660715277413,-2.4914489844279615,-171.50853652834672,-173.02188155695163,-1.5133450286049026,-1.797468984923943
UAV_0024,telemetry_26,494,-0.8624511176178712,-0.9408272754741823,0.8624511176178712,0.9408272754741823,-0.34744232897919175,-0.2793714849135168,-7435.367180086263,-7669.60043448223,-234.23325439596738,-7437.043091418219,-7582.0558136417485,-145.01272222352964,-2.5216361171164103
UAV_0024,telemetry_28,494,-0.515031334496875,-0.4227453767541309,0.515031334496875,0.4227453767541309,-0.21753288382543004,-0.19763658206163942,-9709.685434127116,-9959.842818255283,-250.1573841281679,-9718.745407571107,-9817.449936449895,-98.70452887878855,-1.6370817386024157
UAV_0025,telemetry_07,193,,,,,0.0,0.0,140.5912754437698,140.5912754437698,0.0,140.59127544376975,140.59127544376975,0.0,0.0
UAV_0025,telemetry_13,193,0.7155473102263761,0.6855970567811548,-0.7155473102263761,-0.6855970567811548,0.07448678504001083,0.07160584886182113,7131.639107347602,7147.621208924793,15.982101577191315,7130.18242427821,7142.291421774091,12.10899749588043,2.0824683835314737
UAV_0025,telemetry_15,193,0.8426814792025681,0.9292287558582798,-0.8426814792025681,-0.9292287558582798,2.0960907167383427,1.7086502376587775,50074.27967168029,50618.15048292664,543.8708112463501,50073.240645670005,50417.18830301054,343.9476573405336,2.4754652472282284
UAV_0025,telemetry_16,193,-0.724421859922749,-0.7414739906434631,0.724421859922749,0.7414739906434631,-0.03728746984662166,-0.035154879452674065,-692.8648959266694,-699.8021254719972,-6.937229545327796,-693.3985289686176,-699.4463701106981,-6.047841142080529,-2.103488347022239
UAV_0025,telemetry_18,193,-0.1917163669388935,-0.049289567864964474,0.1917163669388935,0.049289567864964474,-7.794332642521105e-05,-9.277898461353592e-07,-103.32758737266856,-103.32246569171085,0.0051216809577141476,-103.31949100031581,-103.32856826198054,-0.009077261664728553,-0.39971110322300885
UAV_0025,telemetry_19,193,0.7109021623907257,0.6849644116233107,-0.7109021623907257,-0.6849644116233107,0.009871172831853892,0.008941882023731928,33503.80460222281,33506.540536249675,2.735934026866744,33503.696816806165,33505.33594475572,1.6391279495583149,2.113318907408097
UAV_0025,telemetry_21,193,0.7113964399411721,0.6855685764714374,-0.7113964399411721,-0.6855685764714374,0.009939176905410295,0.00806321972089641,34959.58488921469,34962.822271932615,3.2373827179253567,34960.373482440846,34961.920483506525,1.5470010656790691,1.982270798782781
UAV_0025,telemetry_22,193,0.6931525977446944,0.6903342142905136,-0.6931525977446944,-0.6903342142905136,1.1751502806647736,1.1347742485157126,22874.04771947085,23300.60370804304,426.55598857218865,22971.998111200046,23169.691900074875,197.6937888748289,2.087562924058125
UAV_0025,telemetry_23,193,-0.8458430007256532,-0.9114063084236953,0.8458430007256532,0.9114063084236953,-0.7879288468730707,-0.6578920740434496,-17407.77633021569,-17598.15860808906,-190.38227787337019,-17393.823778067042,-17521.343036364084,-127.51925829704123,-2.4506971220140694
UAV_0025,telemetry_25,193,-0.8252727634762007,-0.8274454895905254,0.8252727634762007,0.8274454895905254,-0.01184698378055569,-0.011422796857054832,-171.41002025290925,-174.14453743093995,-2.7345171780307,-171.4404037771096,-173.32418227753075,-1.8837785004211582,-2.3492576944726635
UAV_0025,telemetry_26,193,0.793873047702016,0.7766398252752994,-0.793873047702016,-0.7766398252752994,0.13874351424669515,0.13392990827269025,-7479.142390007077,-7446.275101246859,32.86728876021789,-7480.772689964618,-7458.555712890889,22.21697707372914,2.275801805147593
UAV_0025,telemetry_28,193,-0.850602803475576,-0.8664634634901981,0.850602803475576,0.8664634634901981,-1.0147452779977884,-0.9664792584935259,-9732.360289432652,-9953.170026709142,-220.8097372764896,-9698.691478106395,-9857.215546961375,-158.52406885498021,-2.3788994458476584
UAV_0026,telemetry_07,243,,,,,0.0,0.0,140.5912754437698,140.5912754437698,0.0,140.59127544376977,140.59127544376977,0.0,0.0
UAV_0026,telemetry_13,243,0.7153486726949007,0.7115943337999969,-0.7153486726949007,-0.7115943337999969,0.052940645920963134,0.054463426966079254,7126.980087853958,7152.612544756228,25.63245690226995,7131.63175385148,7142.307566885702,10.675813034221392,2.0522112892348163
UAV_0026,telemetry_15,243,0.6788677313638084,0.6623009540091407,-0.6788677313638084,-0.6623009540091407,0.30366064761241734,0.2906848904897207,49984.78584687664,50100.73925185999,115.95340498334554,49986.876582934805,50046.36249224991,59.48590931510262,1.8919224456560215
UAV_0026,telemetry_16,243,-0.6975825371424683,-0.6828010304035337,0.6975825371424683,0.6828010304035337,-0.027243368974956415,-0.021678842329149364,-691.1305885403375,-699.8021254719972,-8.671536931659716,-693.9621108037366,-699.4835792173648,-5.521468413628213,-2.0113236161421457
UAV_0026,telemetry_18,243,-0.12698456864776558,-0.04875631626749361,0.12698456864776558,0.04875631626749361,-2.91636464338472e-05,7.710491552546828e-06,-103.33020751831016,-103.32220097902145,0.008006539288714976,-103.32273288011058,-103.32765299962844,-0.004920119517862531,-0.30477360304780904
UAV_0026,telemetry_19,243,0.8329315187735726,0.830978270868981,-0.8329315187735726,-0.830978270868981,0.010558743453744936,0.009866630472557422,33503.8563653859,33506.8274579978,2.9710926119005308,33504.20627935283,33506.34140002574,2.13512067290867,2.3961392716242185
UAV_0026,telemetry_21,243,0.8066900159457969,0.7902741203315068,-0.8066900159457969,-0.7902741203315068,0.010653775577673831,0.009619970590769883,34960.90927305384,34963.41088697224,2.5016139184008352,34960.89425736405,34963.09255434877,2.198296984715853,2.3680020556147308
UAV_0026,telemetry_22,243,0.6959530199872163,0.6885722123271629,-0.6959530199872163,-0.6885722123271629,0.8883996278549061,0.879226146885663,23037.356894057404,23173.714955978023,136.35806192061864,22991.428511435963,23168.880702343737,177.4521909077739,1.9776320627797097
UAV_0026,telemetry_23,243,-0.7910558675161098,-0.7948319090892364,0.7910558675161098,0.7948319090892364,-0.1806733054131947,-0.15902239771611887,-17361.725382567063,-17408.319466452926,-46.59408388586235,-17360.510206759533,-17396.057606914877,-35.5474001553448,-2.2141833580683543
UAV_0026,telemetry_25,243,-0.8544596574373544,-0.8735567932108967,0.8544596574373544,0.8735567932108967,-0.010085863764861536,-0.009926761486612597,-171.1669520593065,-174.29645505194165,-3.129502992635139,-171.56007765814354,-173.59577377956643,-2.0356961214228875,-2.453488277632877
UAV_0026,telemetry_26,243,0.8395810940332356,0.829024326066751,-0.8395810940332356,-0.829024326066751,0.12779840459843678,0.1453653461010658,-7486.462179206951,-7446.418626525287,40.04355268166364,-7478.445267226137,-7453.225825445058,25.219441781078785,2.3570308168422134
UAV_0026,telemetry_28,243,-0.8187488499621512,-0.8163486161499077,0.8187488499621512,0.8163486161499077,-0.7213643401303381,-0.7539482893464053,-9766.006656730158,-9935.906630106125,-169.8999733759665,-9720.384777436777,-9868.117737164037,-147.7329597272601,-2.385426310651255
UAV_0027,telemetry_07,320,0.6228826741645105,0.6333119514672648,-0.6228826741645105,-0.6333119514672648,0.00023828649180152996,0.0,140.5912754437698,140.7631728418209,0.17189739805110094,140.58724659850296,140.6611087617281,0.0738621632251295,2.0868535285845575
UAV_0027,telemetry_13,320,0.6522401092074166,0.6217168868836609,-0.6522401092074166,-0.6217168868836609,0.03954026621397352,0.039399465925678515,7126.682468334093,7146.77003702011,20.08756868601722,7127.031522327152,7138.469960393082,11.438438065930313,2.0393781208405124
UAV_0027,telemetry_15,320,0.8586583449004088,0.8771257627572331,-0.8586583449004088,-0.8771257627572331,1.025502479917908,0.960913334370529,49893.5033791238,50337.64192661586,444.13854749206075,49914.09686575187,50177.60849550271,263.511629750843,2.384770466781252
UAV_0027,telemetry_16,320,-0.7515116675252528,-0.74388986507821,0.7515116675252528,0.74388986507821,-0.026948186230470038,-0.025134889656984356,-692.8648959266694,-701.5364328583291,-8.671536931659716,-691.2118841990717,-698.4471978264253,-7.235313627353548,-2.1808543727338083
UAV_0027,telemetry_18,320,0.2197315651207071,0.21506789617086103,-0.2197315651207071,-0.21506789617086103,9.87699148991631e-05,3.085292487132385e-05,-102.97764959727404,-102.98016815985468,-0.002518562580647199,-102.97433400511291,-102.95041198857521,0.023922016537696322,0.5752129746157797
UAV_0027,telemetry_19,320,0.6056407748104615,0.709382049629391,-0.6056407748104615,-0.709382049629391,0.02292231923039041,0.022736286624101813,33504.29236090234,33511.66700368362,7.374642781280272,33502.44556395941,33507.709774563235,5.2642106038256316,1.5033251504244662
UAV_0027,telemetry_21,320,0.6099573432815528,0.7096849510410335,-0.6099573432815528,-0.7096849510410335,0.024212733242981937,0.02327314545668815,34960.614965534034,34968.708422328855,8.093456794820668,34958.938792237605,34964.43636473658,5.497572498978116,1.4968894578263057
UAV_0027,telemetry_22,320,0.7119618903990514,0.6798222135317445,-0.7119618903990514,-0.6798222135317445,0.8536473337744084,0.7760915480308752,22842.28911103208,23239.417398206864,397.1282871747826,22913.429577598665,23145.969422845836,232.5398452471709,2.0962291505889175
UAV_0027,telemetry_23,320,-0.8452247648439085,-0.876935443705505,0.8452247648439085,0.876935443705505,-0.3895596162670131,-0.3720196468075102,-17328.04498758451,-17500.321621570147,-172.27663398563527,-17334.47760971722,-17438.1255125818,-103.64790286457719,-2.4306471653618926
UAV_0027,telemetry_25,320,-0.7489382838916059,-0.7250361154477561,0.7489382838916059,0.7250361154477561,-0.007340724828393596,-0.006692312553223863,-170.83273329310276,-174.1141539067396,-3.28142061363684,-170.93527768727893,-173.04265993611193,-2.107382248833005,-2.3238790557637565
UAV_0027,telemetry_26,320,-0.8557903222459551,-0.8856153885916054,0.8557903222459551,0.8856153885916054,-0.5707742889655397,-0.48281314017147003,-7427.329764494245,-7684.096487603549,-256.7667231093037,-7431.796988785343,-7583.918085842651,-152.12109705730745,-2.4652191667790304
UAV_0027,telemetry_28,320,-0.7076281002100341,-0.6802749538569712,0.7076281002100341,0.6802749538569712,-0.48977362481892345,-0.4217000370858437,-9631.960133182409,-9933.067511374296,-301.1073781918876,-9674.119472798287,-9816.854664986255,-142.7351921879672,-2.2289681277723035
UAV_0028,telemetry_07,200,,,,,0.0,0.0,140.5912754437698,140.5912754437698,0.0,140.5912754437698,140.5912754437698,0.0,0.0
UAV_0028,telemetry_13,200,0.6867202017887498,0.684969624240606,-0.6867202017887498,-0.684969624240606,0.06125413957908621,0.05658746326734865,7125.884045853711,7140.910656830537,15.026610976826305,7132.832849716139,7142.856059169734,10.023209453594973,1.9414614970619526
UAV_0028,telemetry_15,200,-0.43918940946708507,-0.41878772605821424,0.43918940946708507,0.41878772605821424,-0.18178870673736383,-0.1590535387463788,50038.01339395145,49975.65760010136,-62.35579385008896,50037.53847840976,50005.418460069224,-32.12001834053808,-1.3407207784045498
UAV_0028,telemetry_16,200,-0.6985128717131818,-0.690474084926031,0.6985128717131818,0.690474084926031,-0.03151618815228131,-0.033034426406322835,-694.5992033130013,-701.5364328583291,-6.937229545327796,-694.7292763669763,-699.9755562106304,-5.246279843654179,-2.0089530074905526
UAV_0028,telemetry_18,200,-0.12030620826498106,0.016443411085277134,0.12030620826498106,-0.016443411085277134,-2.6022076068650716e-05,8.072640576257274e-06,-103.3292799192803,-103.32258388223178,0.0066960370485134035,-103.32330944159574,-103.32685147911002,-0.0035420375142791727,-0.2829285997197715
UAV_0028,telemetry_19,200,0.8259475056868308,0.8179074476861922,-0.8259475056868308,-0.8179074476861922,0.013259279473267353,0.01374187405007032,33504.041289648274,33507.287978829176,3.2466891809017397,33504.466313639925,33506.70019268338,2.233879043451452,2.4041954549749547
UAV_0028,telemetry_21,200,0.7962738510139619,0.7913084875627008,-0.7962738510139619,-0.7913084875627008,0.013669859176976551,0.014426839206553386,34960.90927305384,34963.85234825196,2.9430751981199137,34961.06378450174,34963.322594716294,2.2588102145527955,2.2732947708068783
UAV_0028,telemetry_22,200,0.6570856043483668,0.6541598070990539,-0.6570856043483668,-0.6541598070990539,0.885045713921009,0.8317573117417401,22973.83967717985,23230.82217849178,256.9825013119298,23025.07228554089,23171.070833302958,145.99854776206848,1.8727611083526547
UAV_0028,telemetry_23,200,-0.15560116195814738,-0.14032550813770345,0.15560116195814738,0.14032550813770345,-0.024546189715998094,-0.037361152723126664,-17390.76159793873,-17386.52903806694,4.232559871790727,-17382.02085031919,-17386.054981211335,-4.0341308921451855,-0.44183114976384563
UAV_0028,telemetry_25,200,-0.8277385688443076,-0.8197551461664498,0.8277385688443076,0.8197551461664498,-0.01040988351455621,-0.009722727744109344,-172.44306007572084,-174.4787561971437,-2.035696121422859,-171.9827496840857,-173.68118868688475,-1.6984390027990628,-2.3333230582929443
UAV_0028,telemetry_26,200,0.8264777611556178,0.8190505202672741,-0.8264777611556178,-0.8190505202672741,0.14685683459937768,0.15105105402601843,-7480.864693348224,-7436.802432870552,44.06226047767177,-7474.5962268128405,-7450.462451245022,24.133775567818702,2.3466043705285435
UAV_0028,telemetry_28,200,-0.812359982039724,-0.8051541288532215,0.812359982039724,0.8051541288532215,-0.8028961768655496,-0.7724083445577934,-9729.890616170404,-9910.794946642778,-180.90433047237457,-9745.00700149021,-9879.8016266731,-134.79462518288892,-2.3563473117483245
UAV_0029,telemetry_07,223,,,,,0.0,0.0,140.5912754437698,140.5912754437698,0.0,140.59127544376977,140.59127544376977,0.0,0.0
UAV_0029,telemetry_13,223,0.6957272037801949,0.6901382083556971,-0.6957272037801949,-0.6901382083556971,0.05281651404685323,0.05231074760966259,7135.206336264898,7148.163624282587,12.95728801768928,7134.630343578379,7143.840376299198,9.210032720819072,1.880375598469638
UAV_0029,telemetry_15,223,0.08841356424391072,0.10560516650127916,-0.08841356424391072,-0.10560516650127916,0.027628901744841335,0.04147178562919264,50027.959987030015,50050.90395865438,22.943971624365076,50035.566859342754,50039.16333374791,3.5964744051525486,0.17838011233139878
UAV_0029,telemetry_16,223,-0.6987143893542741,-0.6877657935844432,0.6987143893542741,0.6877657935844432,-0.02868016590837992,-0.024775819804741722,-696.3335106993333,-705.005047630993,-8.671536931659716,-695.2929262675342,-700.49584842653,-5.2029221589957615,-1.964624423409269
UAV_0029,telemetry_18,223,-0.13082525900825367,-0.08960493966099346,0.13082525900825367,0.08960493966099346,-2.4263068652709644e-05,5.845139657613427e-06,-103.33490793183056,-103.3336576054063,0.0012503264242553769,-103.32373093978684,-103.32846812233753,-0.004737182550684338,-0.39589514820656463
UAV_0029,telemetry_19,223,0.7896717366593087,0.7712679848330072,-0.7896717366593087,-0.7712679848330072,0.010342013147258773,0.00979189273004054,33504.66520573263,33507.05175754432,2.386551811694517,33504.629353886,33506.50523839014,1.8758845041447785,2.2200450481535685
UAV_0029,telemetry_21,223,0.7844125372606147,0.7799119796145529,-0.7844125372606147,-0.7799119796145529,0.011292682262796092,0.011473303652960919,34961.497888093465,34963.99950201186,2.5016139183935593,34961.23301132564,34963.325864799845,2.092853474205185,2.253203531957894
UAV_0029,telemetry_22,223,0.6659325110249394,0.6472010433916663,-0.6659325110249394,-0.6472010433916663,0.880740712589925,0.9957628960466095,23030.072809553098,23282.39349678227,252.32068722917393,23034.09362419948,23194.24636216749,160.15273796801193,1.8768548875017672
UAV_0029,telemetry_23,223,-0.47653245620812706,-0.4647629291687587,0.47653245620812706,0.4647629291687587,-0.06618502829540653,-0.05832260908331077,-17382.2686153978,-17407.457176111846,-25.188560714046616,-17382.737451945894,-17395.51217224706,-12.77472030116769,-1.4256020428446627
UAV_0029,telemetry_25,223,-0.826299420008613,-0.8210323032030117,0.826299420008613,0.8210323032030117,-0.009073577597322111,-0.00779665713280181,-171.71385549491265,-174.2053044793406,-2.4914489844279615,-172.0473990716897,-173.69823721990826,-1.6508381482185541,-2.3301161434460975
UAV_0029,telemetry_26,223,0.8144265377850963,0.8031620989390379,-0.8144265377850963,-0.8031620989390379,0.12498853284931175,0.12271310373688955,-7470.674398579773,-7437.807109819553,32.86728876021971,-7473.229148535806,-7450.108820906225,23.12032762958097,2.335016279010345
UAV_0029,telemetry_28,223,-0.7803381133858474,-0.7646270149072839,0.7803381133858474,0.7646270149072839,-0.650946071933058,-0.6496777114036458,-9761.869171036102,-9928.944088291091,-167.0749172549895,-9755.595265023925,-9879.436663128397,-123.84139810447232,-2.301006456748822
UAV_0030,telemetry_07,218,,,,,0.0,0.0,140.5912754437698,140.5912754437698,0.0,140.59127544376977,140.59127544376977,0.0,0.0
UAV_0030,telemetry_13,218,0.6114468231741422,0.5682924752804388,-0.6114468231741422,-0.5682924752804388,0.05081459546853928,0.05092130063406475,7133.930088934618,7151.140613638961,17.210524704343698,7131.893788343892,7141.366814712318,9.473026368425963,1.807171152282916
UAV_0030,telemetry_15,218,0.8364299733186332,0.9462417590456035,-0.8364299733186332,-0.9462417590456035,2.8245968027322714,1.9982866105328168,49976.76779227673,50864.36643648702,887.5986442102876,49995.72516472589,50517.69491214901,521.9697474231216,2.4505229579079275
UAV_0030,telemetry_16,218,-0.6595050025690676,-0.6442964274148385,0.6595050025690676,0.6442964274148385,-0.029089116799779987,-0.0225234725497652,-694.5992033130013,-705.005047630993,-10.405844317991637,-694.4021229281909,-699.7627093950351,-5.360586466844211,-1.9268157300854414
UAV_0030,telemetry_18,218,-0.11958025953272747,-0.13109345219031557,0.11958025953272747,0.13109345219031557,-2.2048577135085704e-05,-1.267474611073002e-05,-103.32637909498438,-103.3267123793734,-0.0003332843890291315,-103.32453925743788,-103.32861065786724,-0.0040714004293676,-0.3500765821575486
UAV_0030,telemetry_19,218,0.3662784291696715,0.31282602513857605,-0.3662784291696715,-0.31282602513857605,0.004019631374979194,0.00379827219401047,33504.0634336115,33509.84165364147,5.778220029969816,33504.35819843459,33505.12838303204,0.7701845974515891,1.1126543329007972
UAV_0030,telemetry_21,218,0.38483573754755773,0.34191838092581167,-0.38483573754755773,-0.34191838092581167,0.004675733382293062,0.002675522907388354,34960.76211929393,34967.089730969885,6.32761167595163,34960.90927305384,34961.85239487868,0.9431218248428195,1.230647774093413
UAV_0030,telemetry_22,218,0.6187487514196097,0.5774646623031823,-0.6187487514196097,-0.5774646623031823,0.8993408493723635,0.8215350792008238,22952.42446873719,23264.037603831417,311.6131350942269,23004.853322430685,23170.251704890972,165.3983824602874,1.804104094692463
UAV_0030,telemetry_23,218,-0.8363206897403943,-0.9386089632697407,0.8363206897403943,0.9386089632697407,-1.0328535915419454,-0.7748366843944553,-17362.809136996675,-17697.76456496131,-334.9554279646363,-17367.137198650544,-17558.78749378463,-191.65029513408808,-2.460276328580083
UAV_0030,telemetry_25,218,-0.7839316270299056,-0.8074072273308682,0.7839316270299056,0.8074072273308682,-0.008329409012847306,-0.00711901854129352,-171.653088446512,-174.2660715277413,-2.6129830812293164,-171.67863822822594,-173.20264818072934,-1.5240099525034054,-2.2740086874277057
UAV_0030,telemetry_26,218,0.7197317227936558,0.7040881936353401,-0.7197317227936558,-0.7040881936353401,0.09149674261769006,0.0910558347415622,-7473.975479983638,-7441.969342893993,32.00613708964556,-7477.576659696945,-7460.787464058908,16.7891956380372,2.0938001212898976
UAV_0030,telemetry_28,218,-0.7417279265612399,-0.7244127276275881,0.7417279265612399,0.7244127276275881,-0.7150508768979416,-0.5620401903986987,-9717.779232191298,-9994.247263215171,-276.46803102387275,-9717.569396199146,-9852.274329396214,-134.70493319706839,-2.215294691893758
UAV_0031,telemetry_07,183,,,,,0.0,0.0,140.5912754437698,140.5912754437698,0.0,140.59127544376977,140.59127544376977,0.0,
UAV_0031,telemetry_13,183,0.6325429745605605,0.6420445199846484,-0.6325429745605605,-0.6420445199846484,0.05668010189100364,0.04983033028355706,7138.16397076203,7146.765207999428,8.601237237397982,7135.96079635372,7144.640227599277,8.67943124555677,1.828550033326452
UAV_0031,telemetry_15,183,0.6357360215646028,0.618238835787491,-0.6357360215646028,-0.618238835787491,0.38866863747746033,0.34191922509441497,49883.51164954544,50025.6779253362,142.1662757907543,49901.848156946486,49961.26177483632,59.413617889833404,1.8345919661071641
UAV_0031,telemetry_16,183,-0.6525545597244562,-0.6563112317609086,0.6525545597244562,0.6563112317609086,-0.0276433978302815,-0.024256047361286396,-696.3335106993333,-701.5364328583291,-5.202922158995875,-696.2397643541264,-700.2708571980329,-4.031092843906549,-1.7964054843173523
UAV_0031,telemetry_18,183,-0.0009887859124221108,-0.018206668598685707,0.0009887859124221108,0.018206668598685707,-1.0227988899711193e-07,1.692303728710345e-05,-103.3248514777715,-103.32424020892267,0.0006112688488286722,-103.32723210041185,-103.32724557726925,-1.3476857404270959e-05,-0.00245955660553149
UAV_0031,telemetry_19,183,0.7345827779580026,0.7099249645578941,-0.7345827779580026,-0.7099249645578941,0.009677953593860415,0.009151072358515578,33506.07918100004,33507.957998754835,1.8788177547976375,33505.635732736526,33507.14899111082,1.5132583742961287,2.168335397118269
UAV_0031,telemetry_21,183,0.7765599297442848,0.7749035479936434,-0.7765599297442848,-0.7749035479936434,0.010707210146901102,0.011931385938320698,34962.5279644128,34964.440963291585,1.9129988787826733,34962.25751966486,34963.84041686602,1.5828972011586302,2.167242599568677
UAV_0031,telemetry_22,183,0.531322389195989,0.5083428996727596,-0.531322389195989,-0.5083428996727596,0.6995611982513285,0.8052446701831008,23091.55048276944,23221.352868636182,129.80238586674386,23056.413634057863,23165.938703601798,109.52506954393539,1.570370427252997
UAV_0031,telemetry_23,183,-0.7636682284292096,-0.7540161193047865,0.7636682284292096,0.7540161193047865,-0.2188713974338876,-0.19164326114877173,-17331.625202871543,-17392.454343623493,-60.829140751950035,-17341.467603503133,-17373.528801441626,-32.061197938492114,-2.1117943512476054
UAV_0031,telemetry_25,183,-0.8136001150010589,-0.7981149984091475,0.8136001150010589,0.7981149984091475,-0.010259166280377237,-0.010672848309434244,-171.8961566401147,-174.81297496334744,-2.9168183232327465,-172.45291419167773,-174.04599627137128,-1.593082079693545,-2.3850267336737287
UAV_0031,telemetry_26,183,0.8270095895142793,0.8165829614242474,-0.8270095895142793,-0.8165829614242474,0.1381225504587803,0.14352527842886814,-7472.540227199349,-7442.974019842994,29.566207356355335,-7467.132815357999,-7446.9500579616315,20.18275739636738,2.2813011680739237
UAV_0031,telemetry_28,183,-0.8060112362158726,-0.8049685524738983,0.8060112362158726,0.8049685524738983,-0.8139638567160461,-0.7717332760464848,-9724.693622604327,-9923.052061024044,-198.35843841971655,-9774.071545282612,-9896.093481477517,-122.02193619490572,-2.281025045492543
UAV_0032,telemetry_07,189,,,,,0.0,0.0,140.5912754437698,140.5912754437698,0.0,140.59127544376975,140.59127544376975,0.0,
UAV_0032,telemetry_13,189,0.6829209655006502,0.6811461277306742,-0.6829209655006502,-0.6811461277306742,0.06068637237907396,0.054576706067094444,7135.901529386231,7143.4936326275,7.592103241268887,7133.401940664686,7142.368164781633,8.96622411694716,1.8444707760604713
UAV_0032,telemetry_15,189,0.8368762754867758,0.9464972591014468,-0.8368762754867758,-0.9464972591014468,2.880561927643455,2.158987359228128,49967.63954550145,50743.1704573422,775.5309118407531,49965.18219030625,50430.0735406555,464.8913503492513,2.4689848570072934
UAV_0032,telemetry_16,189,-0.6583491258441831,-0.6304295836222819,0.6583491258441831,0.6304295836222819,-0.03320089328071073,-0.024426864596224233,-694.5992033130013,-705.005047630993,-10.405844317991637,-695.3750776700446,-700.6692791651631,-5.2942014951185,-1.9190658684475654
UAV_0032,telemetry_18,189,0.0024999282484639003,0.01300414155957269,-0.0024999282484639003,-0.01300414155957269,2.40488774089905e-07,3.0082249330690903e-06,-103.32442943869142,-103.31992504506968,0.0045043936217439295,-103.32714744763366,-103.32619461819574,0.0009528294379208546,0.1810634629463815
UAV_0032,telemetry_19,189,0.41244516531467385,0.3634849535185482,-0.41244516531467385,-0.3634849535185482,0.0036506744329081416,0.004451407646236973,33504.32634317157,33506.161721677614,1.8353785060462542,33504.714229151985,33505.38444931423,0.6702201622465509,1.384183034456261
UAV_0032,telemetry_21,189,0.3962092720358638,0.36170288488633173,-0.3962092720358638,-0.36170288488633173,0.004021297756435945,0.003977128646117824,34961.056426813746,34962.96942569252,1.9129988787753973,34961.3468618662,34962.08263066572,0.7357687995172455,1.325203856379808
UAV_0032,telemetry_22,189,0.6836429053922474,0.6630660447829623,-0.6836429053922474,-0.6630660447829623,1.121179068587949,1.2040005609853754,22954.60969408848,23323.47573338656,368.86603929807825,23007.492147589746,23196.36079132904,188.86864373929347,2.1052181813146933
UAV_0032,telemetry_23,189,-0.8341002536553432,-0.9264775413711586,0.8341002536553432,0.9264775413711586,-1.0581270466256414,-0.7947512199505075,-17376.573078234385,-17643.822617830072,-267.24953959568666,-17357.552666293544,-17527.650267743742,-170.09760145019754,-2.4511029232952
UAV_0032,telemetry_25,189,-0.7750682502038471,-0.7781786874488207,0.7750682502038471,0.7781786874488207,-0.009683475810394011,-0.009045476670330668,-171.6834719707123,-175.26872782635257,-3.58525585564027,-171.9745141498945,-173.49528949276427,-1.5207753428697686,-2.2251365002806396
UAV_0032,telemetry_26,189,0.6937034223666763,0.6946429105931823,-0.6937034223666763,-0.6946429105931823,0.0931749708753305,0.09474061825613109,-7475.267207489497,-7439.816463717558,35.450743771939415,-7472.80839285115,-7457.84021710342,14.96817574772922,2.037165748463927
UAV_0032,telemetry_28,189,-0.7226176762340267,-0.6928242592296344,0.7226176762340267,0.6928242592296344,-0.7049572559489713,-0.6207325229969393,-9720.433845868934,-9917.970489518808,-197.53664364987344,-9750.728953680144,-9866.06410234979,-115.33514866964651,-2.161177294037646
UAV_0033,telemetry_07,231,0.6918082629272754,0.7075765995345911,-0.6918082629272754,-0.7075765995345911,0.00041000469754589973,0.0,140.5912754437698,140.7631728418209,0.17189739805110094,140.59127544376975,140.6827102299672,0.09143478619745338,2.3086016762579726
UAV_0033,telemetry_13,231,0.6930725754228817,0.6719903035495239,-0.6930725754228817,-0.6719903035495239,0.05235164439578978,0.05435165423463474,7128.28427692143,7147.368394216874,19.08411729544332,7128.053143694774,7138.211213227101,10.158069532327318,2.01233466517877
UAV_0033,telemetry_15,231,0.8363876525675574,0.8798662159515899,-0.8363876525675574,-0.8798662159515899,1.147364786640477,0.9702751503634323,49969.48986579374,50322.83936427756,353.3494984838253,49974.91615970055,50197.9060005991,222.9898408985464,2.4323821859067905
UAV_0033,telemetry_16,231,-0.7284229038064507,-0.7078204021933175,0.7284229038064507,0.7078204021933175,-0.03263708578612927,-0.03042644537424422,-694.5992033130013,-703.270740244661,-8.671536931659716,-692.7541954552014,-698.8796215430973,-6.125426087895903,-2.0457340053961506
UAV_0033,telemetry_18,231,-0.24944110710117234,0.0024737631184407797,0.24944110710117234,-0.0024737631184407797,-7.981470256442162e-05,-5.272373939430997e-06,-103.2461352894956,-103.31832171086258,-0.07218642136697895,-103.2349756944699,-103.25044588900968,-0.015470194539787485,-0.723471690005307
UAV_0033,telemetry_19,231,0.8315366379351116,0.8810091707393056,-0.8315366379351116,-0.8810091707393056,0.025398370097979697,0.021898135198117966,33503.549353917995,33512.45198749248,8.902633574485662,33503.58599549634,33508.5402446754,4.954249179063481,2.4271355346101062
UAV_0033,telemetry_21,231,0.8356564817352858,0.8890564461887536,-0.8356564817352858,-0.8890564461887536,0.026564693334531864,0.02263903998531392,34960.0263504944,34968.41411480904,8.387764314640663,34960.082707253525,34965.261267229784,5.178559976258839,2.437657190732096
UAV_0033,telemetry_22,231,0.7094645536748407,0.6902364613713808,-0.7094645536748407,-0.6902364613713808,1.1014733072666494,1.1689007882492923,22901.435877207045,23224.55786581808,323.1219886110339,22945.757206707924,23154.444677951098,208.6874712431745,2.011378215795194
UAV_0033,telemetry_23,231,-0.8262369667218948,-0.8649808212776728,0.8262369667218948,0.8649808212776728,-0.44658900163705384,-0.3687582293325822,-17353.974410229806,-17502.539421671863,-148.56501144205686,-17356.651902172405,-17443.37200167477,-86.72009950236315,-2.400805662405889
UAV_0033,telemetry_25,231,-0.8069220053787679,-0.8297022794434521,0.8069220053787679,0.8297022794434521,-0.010591491017511761,-0.009996717492912099,-171.25810263190755,-173.8103186647362,-2.552216032828653,-171.123639375872,-173.2259206673509,-2.102281291478903,-2.39665721553432
UAV_0033,telemetry_26,231,-0.8563729461413082,-0.9523217976351787,0.8563729461413082,0.9523217976351787,-0.6805738767548568,-0.5529003986671461,-7460.340578532891,-7684.814113995693,-224.47353546280192,-7473.795309953268,-7606.1103480180755,-132.3150380648076,-2.4913658698851906
UAV_0033,telemetry_28,231,-0.7574750578699164,-0.7375416188009891,0.7574750578699164,0.7375416188009891,-0.702865036337871,-0.7723610903023693,-9657.846711370685,-9963.419012257584,-305.57230088689903,-9685.52845760462,-9825.094766272256,-139.5663086676359,-2.250700097101527
UAV_0034,telemetry_07,459,0.6574383651461634,0.6632394915542215,-0.6574383651461634,-0.6632394915542215,0.000170372006516607,0.0,140.5912754437698,140.7631728418209,0.17189739805110094,140.5912754437698,140.66788189290125,0.07660644913144665,2.228576273452365
UAV_0034,telemetry_13,459,0.6205525302464894,0.5827913596930449,-0.6205525302464894,-0.5827913596930449,0.02350761821651815,0.02682364682944886,7132.393642811606,7145.211613173115,12.817970361509651,7129.49145197882,7138.757103830059,9.265651851239454,1.8439590166599682
UAV_0034,telemetry_15,459,0.811803767180047,0.862042634359187,-0.811803767180047,-0.862042634359187,0.5249397732891491,0.4045259248561746,49994.46918973962,50352.19777958186,357.7285898422415,49979.132984302545,50185.44637851619,206.31339421364828,2.4053283575615554
UAV_0034,telemetry_16,459,-0.6754904723589041,-0.6522715339419791,0.6754904723589041,0.6522715339419791,-0.013742730661327224,-0.012705548617816267,-694.5992033130013,-701.5364328583291,-6.937229545327796,-692.9025982611549,-698.3882879287918,-5.485689667636848,-2.0327444901629392
UAV_0034,telemetry_18,459,0.8599421420846014,0.8185938839810336,-0.8599421420846014,-0.8185938839810336,0.0004427038820386701,0.00036807289329299057,-103.2433373007542,-102.97775989114515,0.2655774096090511,-103.18321488981574,-103.02003723627519,0.1631776535405578,2.3895820664916254
UAV_0034,telemetry_19,459,0.784236542850418,0.8069578619372563,-0.784236542850418,-0.8069578619372563,0.010846473229212453,0.008837936809267422,33503.43400941926,33511.3272847988,7.893275379537954,33503.59218831098,33507.88762131829,4.295433007311658,2.341374267060326
UAV_0034,telemetry_21,459,0.7854857530079764,0.8181255107618801,-0.7854857530079764,-0.8181255107618801,0.011448889788340444,0.009081230319470824,34960.17350425431,34967.3840384897,7.210534235389787,34960.191098725605,34964.744867795736,4.5537690701312385,2.355327511989292
UAV_0034,telemetry_22,459,0.6819853596397637,0.6552279484767707,-0.6819853596397637,-0.6552279484767707,0.4725111826286497,0.5189487243346327,22883.662711016532,23264.47464890168,380.8119378851479,22950.038139313714,23138.135370167747,188.0972308540331,2.046683681449368
UAV_0034,telemetry_23,459,-0.8085281883489261,-0.8417507703036913,0.8085281883489261,0.8417507703036913,-0.21122226679689265,-0.1727867727955333,-17347.269278404758,-17515.164120609585,-167.894842204827,-17359.151152810842,-17441.355662841845,-82.20451003100243,-2.3722282645613753
UAV_0034,telemetry_25,459,-0.7722506207621597,-0.7630921797172885,0.7722506207621597,0.7630921797172885,-0.004730292410718541,-0.004126157607453848,-171.744239019113,-174.78259143914713,-3.03835242003413,-171.26041442179235,-173.10390172707827,-1.8434873052859189,-2.2689022907582994
UAV_0034,telemetry_26,459,-0.8115066535864688,-0.8825313060664688,0.8115066535864688,0.8825313060664688,-0.28945918178708724,-0.22510983697389347,-7487.753906712811,-7674.336768670383,-186.58286195757228,-7477.860022845462,-7591.037505173522,-113.17748232806025,-2.3920494196514226
UAV_0034,telemetry_28,459,-0.7448376747800418,-0.7205188055856478,0.7448376747800418,0.7205188055856478,-0.3210183120743088,-0.2755325858917995,-9695.750152194045,-9900.840089488933,-205.08993729488793,-9696.528536705919,-9821.968695661459,-125.44015895554003,-2.19418776403458
UAV_0035,telemetry_07,231,,,,,0.0,0.0,140.5912754437698,140.5912754437698,0.0,140.59127544376975,140.59127544376975,0.0,0.0
UAV_0035,telemetry_13,231,0.7487591849322729,0.7387780135906075,-0.7487591849322729,-0.7387780135906075,0.06796133456277269,0.06471833783810865,7130.627968536023,7147.579847690642,16.951879154618837,7130.044989978233,7143.244067447719,13.199077469485928,2.1760280174234294
UAV_0035,telemetry_15,231,0.8003057581979524,0.7878851601473985,-0.8003057581979524,-0.7878851601473985,0.4990137066911254,0.5010169907209214,50003.042340427215,50155.81711922708,152.7747787998669,50009.54733169591,50105.60913739523,96.06180569931894,2.3053392973067703
UAV_0035,telemetry_16,231,-0.7399665300016195,-0.7379642933412062,0.7399665300016195,0.7379642933412062,-0.03048773192137286,-0.030695705952777857,-696.3335106993333,-703.270740244661,-6.937229545327796,-693.3445979696974,-699.1748228003452,-5.830224830647808,-2.1174487256671353
UAV_0035,telemetry_18,231,0.9573719857378149,0.9586119278023327,-0.9573719857378149,-0.9586119278023327,0.0041663645321093476,0.004121968483468268,-102.1569479170067,-101.29062461657252,0.866323300434189,-101.99676966790483,-101.22620304663594,0.770566621268884,2.649563199048788
UAV_0035,telemetry_19,231,0.8125836669187976,0.810076130765786,-0.8125836669187976,-0.810076130765786,0.011169731375096588,0.010222973941538881,33504.364759402415,33507.342806843546,2.9780474411309115,33503.87730370919,33506.01115686525,2.1338531560613774,2.3229000864190983
UAV_0035,telemetry_21,231,0.8100976297667651,0.8168219401071167,-0.8100976297667651,-0.8168219401071167,0.012006330253900783,0.01118168143787199,34960.76211929393,34963.55804073215,2.795921438213554,34960.38953849758,34962.653201655274,2.2636631576970103,2.285491021361472
UAV_0035,telemetry_22,231,0.6842414603372672,0.6791207427301498,-0.6842414603372672,-0.6791207427301498,0.9553105405505509,0.8355303317905123,23009.53169125095,23268.408054534004,258.87636328305234,22982.286115594423,23160.31843971095,178.0323241165279,1.908114001220263
UAV_0035,telemetry_23,231,-0.8038693271700519,-0.7989261862575207,0.8038693271700519,0.7989261862575207,-0.242110687843877,-0.2543453656137808,-17386.732352416995,-17443.99481987243,-57.2624674554354,-17370.644838140193,-17417.205171209516,-46.56033306932295,-2.3132800650527736
UAV_0035,telemetry_25,231,-0.8667268864342186,-0.8793925941127679,0.8667268864342186,0.8793925941127679,-0.011971229219506415,-0.011250048504299955,-170.74158272050173,-174.38760562454266,-3.646022904040933,-171.31175864272942,-173.59892691125725,-2.287168268527836,-2.4778914667465526
UAV_0035,telemetry_26,231,0.9749234294434895,0.9784302653867871,-0.9749234294434895,-0.9784302653867871,1.6471605933285784,1.6558229846991341,-7767.062212869931,-7419.306777358298,347.75543551163264,-7719.262506396353,-7415.166860906038,304.0956454903153,2.6933041840615686
UAV_0035,telemetry_28,231,-0.8299593933114704,-0.8402470842500828,0.8299593933114704,0.8402470842500828,-0.8454130250400407,-0.7687341837705378,-9671.21279763296,-10002.177842665737,-330.9650450327772,-9701.511730909251,-9858.270674794743,-156.75894388549204,-2.3028247023826105
UAV_0036,telemetry_07,324,,,,,0.0,0.0,140.5912754437698,140.5912754437698,0.0,140.59127544376977,140.59127544376977,0.0,0.0
UAV_0036,telemetry_13,324,0.7458655526472129,0.7374140227391003,-0.7458655526472129,-0.7374140227391003,0.04473403766553233,0.04204829025580147,7126.999916942197,7145.457862757126,18.45794581492919,7130.824361678819,7142.5741529059305,11.749791227111928,2.0913611608224
UAV_0036,telemetry_15,324,-0.730726486598537,-0.6985242031510897,0.730726486598537,0.6985242031510897,-0.3107195446121154,-0.2564767029469725,50020.188641802415,49903.248399329845,-116.94024247257039,50034.77391011664,49949.84231093624,-84.931599180396,-2.1322200197197922
UAV_0036,telemetry_16,324,-0.729130833177668,-0.711050743646454,0.729130833177668,0.711050743646454,-0.022070110507409514,-0.021500045463466254,-694.5992033130013,-705.005047630993,-10.405844317991637,-693.3718473165203,-699.5886722552178,-6.216824938697528,-2.1925324599208063
UAV_0036,telemetry_18,324,-0.20138128715115028,-0.07980171645806322,0.20138128715115028,0.07980171645806322,-4.062833138213355e-05,-6.679756282361441e-06,-103.23714765271606,-103.32739323479652,-0.09024558208045619,-103.319061092008,-103.32834901246115,-0.00928792045314708,-0.491456463231904
UAV_0036,telemetry_19,324,0.8309344308306353,0.8359891684969086,-0.8309344308306353,-0.8359891684969086,0.010109588077205958,0.00946000799591484,33503.676394122325,33508.09159564963,4.415201527306635,33503.9569940911,33506.661313185075,2.7043190939730266,2.3728356930555714
UAV_0036,telemetry_21,324,0.8155844881246702,0.8105067373402246,-0.8155844881246702,-0.8105067373402246,0.010714618135472611,0.009892689741573427,34960.320658014214,34965.765347130735,5.444689116520749,34960.56515964607,34963.501443132176,2.9362834861094598,2.3859793445610773
UAV_0036,telemetry_22,324,0.6992011521858078,0.6801522586762836,-0.6992011521858078,-0.6801522586762836,0.7012035869444123,0.6972379875275192,23064.59937010351,23274.089640447364,209.4902703438529,22985.101992451895,23170.73184321641,185.62985076451514,1.9759787018373791
UAV_0036,telemetry_23,324,0.5173124757413237,0.48633625289972043,-0.5173124757413237,-0.48633625289972043,0.057278990666231745,0.04913125900534933,-17380.708966230806,-17356.45004341352,24.258922817287385,-17377.790080298793,-17363.07211348207,14.717966816722765,1.4189982260483454
UAV_0036,telemetry_25,324,-0.8476225287066284,-0.85482990187503,0.8476225287066284,0.85482990187503,-0.008095289141183614,-0.0073359309243634895,-171.47078730130994,-174.8433584875478,-3.372571186237849,-171.47499425081458,-173.6658800650761,-2.19088581426152,-2.4488732473886397
UAV_0036,telemetry_26,324,0.8246529881613202,0.8301082379290796,-0.8246529881613202,-0.8301082379290796,0.1011101171506039,0.08929207417950548,-7478.71181417179,-7441.251716501847,37.460097669943025,-7479.6370001973555,-7452.130932606758,27.506067590597922,2.394867920958967
UAV_0036,telemetry_28,324,-0.8144908605218281,-0.8113995395729143,0.8144908605218281,0.8113995395729143,-0.5638574912937219,-0.5605377008031301,-9712.906314099117,-9941.214518151412,-228.30820405229497,-9713.7619899828,-9867.572849165133,-153.81085918233293,-2.3718121867729174
UAV_0037,telemetry_07,324,0.6466062346584672,0.6548799365237713,-0.6466062346584672,-0.6548799365237713,0.00023716573613782123,0.0,140.5912754437698,140.7631728418209,0.17189739805110094,140.59127544376977,140.66796812905415,0.07669268528437101,2.232124034350199
UAV_0037,telemetry_13,324,0.6290633961596412,0.5995473349033721,-0.6290633961596412,-0.5995473349033721,0.0347765005338649,0.026123810634315715,7133.432501314145,7140.563160275691,7.1306589615460325,7128.368986138984,7137.7030747720155,9.33408863303157,1.80242372453456
UAV_0037,telemetry_15,324,0.8211559703470575,0.8821588807628323,-0.8211559703470575,-0.8821588807628323,0.8250907202038387,0.7006089190508826,49988.301455432,50339.67727893738,351.3758235053756,49962.996664891114,50191.7408504813,228.74418559018523,2.4302472102214843
UAV_0037,telemetry_16,324,-0.7211100656786791,-0.6898826308483873,0.7211100656786791,0.6898826308483873,-0.024584078346928506,-0.023175714775685485,-691.1305885403375,-701.5364328583291,-10.405844317991637,-692.0110830595522,-698.9749942569773,-6.963911197425091,-2.180606429690924
UAV_0037,telemetry_18,324,0.9013754880434187,0.8565415045910404,-0.9013754880434187,-0.8565415045910404,0.0006679033906730585,0.0006027865722859719,-103.15734304791592,-102.99308070869768,0.16426233921824007,-103.1528585877651,-102.98499708117383,0.1678615065912652,2.418352753613135
UAV_0037,telemetry_19,324,0.7523572228469337,0.79301914918014,-0.7523572228469337,-0.79301914918014,0.017262501738774996,0.014980882023038832,33502.7824764503,33510.42592736076,7.643450910458341,33503.00973543656,33507.8698474234,4.860111986839911,2.261221328416824
UAV_0037,telemetry_21,324,0.7609093793813609,0.8170918912899863,-0.7609093793813609,-0.8170918912899863,0.018512743319071965,0.015299594927371103,34960.614965534034,34969.149883608574,8.534918074539746,34959.510180382735,34964.74659033139,5.236409948658547,2.297588424671511
UAV_0037,telemetry_22,324,0.6774789250756729,0.6466215153012433,-0.6774789250756729,-0.6466215153012433,0.7248994611152573,0.7304612625996526,22902.747012417814,23196.149936251284,293.4029238334697,22943.4572003982,23141.886868579357,198.42966818115747,1.9797076279733337
UAV_0037,telemetry_23,324,-0.8134453068975145,-0.8597990703253862,0.8134453068975145,0.8597990703253862,-0.3269906547819063,-0.2565068872175992,-17341.193316437595,-17506.114073347748,-164.9207569101527,-17351.259960834876,-17441.713455609995,-90.4534947751199,-2.4021205873525577
UAV_0037,telemetry_25,324,-0.7859384993148537,-0.7896358583453056,0.7859384993148537,0.7896358583453056,-0.007577204400428618,-0.006410026202603589,-170.68081567210106,-174.29645505194165,-3.6156393798405873,-171.09029209055487,-173.19657147588927,-2.1062793853344033,-2.3322332094764637
UAV_0037,telemetry_26,324,-0.8180172307140995,-0.9003534392331655,0.8180172307140995,0.9003534392331655,-0.4596060139030418,-0.3384639938211902,-7468.665044681768,-7675.915546733101,-207.25050205133266,-7463.016772955289,-7591.008200095769,-127.99142714048048,-2.4318347944881173
UAV_0037,telemetry_28,324,-0.7478048563773821,-0.7373498099194695,0.7478048563773821,0.7373498099194695,-0.5091820471325278,-0.41563890486433813,-9687.407385455544,-9920.848267371131,-233.44088191558694,-9683.32616238017,-9821.160321585487,-137.8341592053166,-2.1609688031383993
UAV_0038,telemetry_07,201,0.7396164110407346,0.7573797420695236,-0.7396164110407346,-0.7573797420695236,0.0005509759958221338,0.0,140.5912754437698,140.7631728418209,0.17189739805110094,140.59127544376977,140.687705691457,0.09643024768723762,2.2253793426019945
UAV_0038,telemetry_13,201,0.6402831444647412,0.6204448056745974,-0.6402831444647412,-0.6204448056745974,0.056481016425052356,0.05335093922247767,7131.812413695436,7137.362422931663,5.550009236227197,7129.9474009548,7139.605452469762,9.658051514961699,1.8822443086411158
UAV_0038,telemetry_15,201,0.8242750271058238,0.8797232145885905,-0.8242750271058238,-0.8797232145885905,1.2070537675887256,1.037590322205045,50013.77419812248,50346.27675464653,332.5025565240503,50004.63842971999,50209.84195878555,205.20352906556218,2.409058029317505
UAV_0038,telemetry_16,201,-0.6936852045744281,-0.6750320762017972,0.6936852045744281,0.6750320762017972,-0.0336814950069075,-0.034006027182978835,-692.8648959266694,-701.5364328583291,-8.671536931659716,-693.2032973679048,-699.1253225895261,-5.922025221621311,-2.0968059186650962
UAV_0038,telemetry_18,201,-0.2655850163196237,-0.23873799320230532,0.2655850163196237,0.23873799320230532,-0.00020077570611596677,-6.637099493129572e-05,-103.24312819427028,-103.335244049771,-0.09211585550072243,-103.2836961413272,-103.31406529214532,-0.03036915081811742,-0.6906244754224764
UAV_0038,telemetry_19,201,0.8243096479157624,0.8635200236441555,-0.8243096479157624,-0.8635200236441555,0.027522008346336158,0.021931164741965513,33504.985079143364,33511.19535235551,6.210273212149332,33504.21119305563,33508.88441058933,4.673217533701973,2.406263413567962
UAV_0038,telemetry_21,201,0.8077673457279743,0.8484689535127317,-0.8077673457279743,-0.8484689535127317,0.028128831542940887,0.02336865449920477,34961.35073433356,34968.708422328855,7.357687995296146,34960.905683937744,34965.70433215712,4.798648219373717,2.369029254948225
UAV_0038,telemetry_22,201,0.6717162109980351,0.6416545058951204,-0.6717162109980351,-0.6416545058951204,1.0534986380714446,1.0281365210501656,23061.97709968196,23295.94189396028,233.96479427831946,22975.85079514543,23165.386227159433,189.53543201400316,2.07758676563922
UAV_0038,telemetry_23,201,-0.8213255126720784,-0.8464917984335748,0.8213255126720784,0.8464917984335748,-0.47990101753379566,-0.4115226614702827,-17366.854091632078,-17494.09750990128,-127.24341826920136,-17368.617304477546,-17448.78960137115,-80.17229689360465,-2.3588747322549577
UAV_0038,telemetry_25,201,-0.7551371595448524,-0.7349314681296515,0.7551371595448524,0.7349314681296515,-0.01051336388662989,-0.010682895771140784,-171.13656853510616,-174.1749209551403,-3.03835242003413,-171.5048761333396,-173.33307501632106,-1.828198882981468,-2.2574830306830735
UAV_0038,telemetry_26,201,-0.8459743848053675,-0.9520488050265777,0.8459743848053675,0.9520488050265777,-0.7025781898325071,-0.5558886257331561,-7498.0877267596925,-7684.240012881978,-186.15228612228566,-7493.992005399648,-7613.776102406481,-119.78409700683278,-2.479582840915868
UAV_0038,telemetry_28,201,-0.7484690546758651,-0.7360292596423822,0.7484690546758651,0.7360292596423822,-0.7771331035997505,-0.6063792306910591,-9687.905483237288,-9931.464078783652,-243.5585955463648,-9703.192783356506,-9837.434826142882,-134.24204278637626,-2.222715622887502
UAV_0039,telemetry_07,288,0.6929088490124155,0.7065744881031236,-0.6929088490124155,-0.7065744881031236,0.0003223779991853203,0.0,140.5912754437698,140.7631728418209,0.17189739805110094,140.59127544376977,140.68166976515874,0.09039432138897041,2.332906422051974
UAV_0039,telemetry_13,288,0.6347925299230465,0.5950873893316294,-0.6347925299230465,-0.5950873893316294,0.038761020996123934,0.03406254115477597,7131.988135679066,7139.955429741033,7.96729406196755,7129.232283781369,7138.971220410438,9.73893662906903,1.9151094395982482
UAV_0039,telemetry_15,288,0.830743670903122,0.8889157648170553,-0.830743670903122,-0.8889157648170553,0.890789445380051,0.7325611429379686,49970.415025939874,50349.2372671142,378.82224117432634,49978.37991041644,50195.979703594385,217.59979317794205,2.4366655019907997
UAV_0039,telemetry_16,288,-0.6957399868113254,-0.6714477586124785,0.6957399868113254,0.6714477586124785,-0.02459277342456299,-0.021678842329149007,-694.5992033130013,-703.270740244661,-8.671536931659716,-692.715386669227,-698.9349717788311,-6.219585109604168,-2.112741333587036
UAV_0039,telemetry_18,288,-0.48435123017380804,-0.3639401958774902,0.48435123017380804,0.3639401958774902,-0.0002062145176548638,-4.880606057959602e-05,-103.24590704506046,-103.32950456056696,-0.08359751550649719,-103.24409284746878,-103.29865711307748,-0.05456426560870398,-1.5388452294473225
UAV_0039,telemetry_19,288,0.8253121831533372,0.8854544687315387,-0.8253121831533372,-0.8854544687315387,0.020273403841231434,0.01682136870009995,33504.3936927965,33512.32679104455,7.933098248053284,33503.55176855099,33508.61266858963,5.0609000386393745,2.4738012336418467
UAV_0039,telemetry_21,288,0.8272344212845991,0.8740123040872092,-0.8272344212845991,-0.8740123040872092,0.021577165413193024,0.017061305496354356,34959.879196734495,34968.11980728923,8.240610554734303,34960.21156126118,34965.47611387851,5.264552617329173,2.4234894564863976
UAV_0039,telemetry_22,288,0.6975347169599477,0.6686858799645033,-0.6975347169599477,-0.6686858799645033,0.804664592862725,0.9224572354989775,22855.69182652,23301.0407531133,445.34892659329853,22955.790218128834,23152.154065845272,196.3638477164386,2.043891921763709
UAV_0039,telemetry_23,288,-0.8346523157366103,-0.8768180155850004,0.8346523157366103,0.8768180155850004,-0.3517448653731645,-0.3212171064436089,-17346.94169723377,-17501.68087497794,-154.73917774416987,-17356.848555382338,-17442.77059922174,-85.92204383940407,-2.4480928925551084
UAV_0039,telemetry_25,288,-0.7935138247963375,-0.7980241299836085,0.7935138247963375,0.7980241299836085,-0.008164650991391097,-0.007163137479376277,-171.13656853510616,-174.4787561971437,-3.3421876620375315,-171.22038515358992,-173.2466519054333,-2.0262667518433943,-2.3646068788662595
UAV_0039,telemetry_26,288,-0.8535160017100489,-0.9576121863021112,0.8535160017100489,0.9576121863021112,-0.533797662894836,-0.3997320408460047,-7479.572965842365,-7683.2353359329745,-203.66237009060933,-7476.217443815646,-7607.362429693174,-131.1449858775277,-2.5178633026086046
UAV_0039,telemetry_28,288,-0.7652699991017884,-0.7555715973620438,0.7652699991017884,0.7555715973620438,-0.5458016732254893,-0.5343003795903289,-9681.596557794395,-9865.377315476477,-183.78075768208146,-9686.214416399935,-9822.429926945362,-136.2155105454276,-2.2932523411857293
UAV_0040,telemetry_07,188,,,,,0.0,0.0,140.5912754437698,140.5912754437698,0.0,140.59127544376975,140.59127544376975,0.0,0.0
UAV_0040,telemetry_13,188,0.6747574146675902,0.6643224665752825,-0.6747574146675902,-0.6643224665752825,0.06233142746584863,0.07157978423090125,7135.942424444504,7150.068844265707,14.126419821203854,7135.386014560536,7144.844447073844,9.458432513308253,1.88165742465441
UAV_0040,telemetry_15,188,-0.7373969084907055,-0.7155823046614799,0.7373969084907055,0.7155823046614799,-0.467368333123023,-0.41407810632197795,50010.56697628252,49901.39807903756,-109.16889724496286,50001.49553758637,49927.75053541088,-73.74500217549212,-2.138234923136535
UAV_0040,telemetry_16,188,-0.5609471421053773,-0.5799832064898793,0.5609471421053773,0.5799832064898793,-0.022722365681028443,-0.011046992034003226,-698.0678180856652,-699.8021254719972,-1.7343073863320342,-696.4247900354562,-699.9390444761815,-3.514254440725267,-1.5943453280301683
UAV_0040,telemetry_18,188,-0.05653057072704356,-0.07443106191541736,0.05653057072704356,0.07443106191541736,-4.994376403453061e-06,-4.620929977319802e-06,-103.32247547744096,-103.3177706263308,0.004704851110162167,-103.3273501810691,-103.32810225749199,-0.0007520764228985399,-0.15643894208258863
UAV_0040,telemetry_19,188,0.7746664334650708,0.7575757575757576,-0.7746664334650708,-0.7575757575757576,0.012528920435830994,0.012095837674435067,33505.15698788379,33508.478183242005,3.321195358214027,33505.18221393854,33507.04325674238,1.8610428038373357,2.1146487757245733
UAV_0040,telemetry_21,188,0.8023266498297299,0.796775215746445,-0.8023266498297299,-0.796775215746445,0.013788215376429977,0.013471823089967586,34961.497888093465,34965.765347130735,4.267459037269873,34961.83092028693,34963.89107292562,2.0601526386890328,2.2030449296075374
UAV_0040,telemetry_22,188,0.6184691045465073,0.6066933988661971,-0.6184691045465073,-0.6066933988661971,0.918000367379059,1.0690544285924897,23053.090516586704,23281.519406641757,228.42889005505276,23042.957971668347,23185.158636107153,142.2006644388057,1.7605873472626765
UAV_0040,telemetry_23,188,0.5316062521675362,0.496824132618876,-0.5316062521675362,-0.496824132618876,0.09762479616329815,0.11079793944210675,-17374.7247165088,-17339.229945732935,35.49477077586562,-17374.1039546859,-17359.14500742394,14.95894726195911,1.496965416702153
UAV_0040,telemetry_25,188,-0.8493016983231849,-0.8521911842508167,0.8493016983231849,0.8521911842508167,-0.010521060800301211,-0.01012784140011315,-172.2607589305188,-174.75220791494675,-2.4914489844279615,-172.33431904174066,-173.9534410550483,-1.6191220133076456,-2.401943767979081
UAV_0040,telemetry_26,188,0.8095957791062962,0.7961447192600567,-0.8095957791062962,-0.7961447192600567,0.13533573159398288,0.12302166722468298,-7466.368640226905,-7438.237685654842,28.130954572063274,-7468.759469207049,-7447.710354031148,21.049115175900624,2.3140375451266175
UAV_0040,telemetry_28,188,-0.7692558019551309,-0.7452768341379103,0.7692558019551309,0.7452768341379103,-0.7682498274977847,-0.7423949866895665,-9824.975867314772,-9975.903183632598,-150.9273163178259,-9779.051316482897,-9895.374578814692,-116.32326233179447,-2.140502202521817
UAV_0041,telemetry_07,295,0.7473215008440663,0.7536290390770851,-0.7473215008440663,-0.7536290390770851,0.00034534717100770883,0.0,140.5912754437698,140.7631728418209,0.17189739805110094,140.59127544376977,140.68013765801655,0.08886221424677387,2.254252005817606
UAV_0041,telemetry_13,295,0.6398723667672545,0.619873418904896,-0.6398723667672545,-0.619873418904896,0.03551453132864087,0.0319794737708029,7132.629846997074,7146.3313825430005,13.701535545926163,7130.833404350712,7139.616200611484,8.782796260771647,1.8550423775546308
UAV_0041,telemetry_15,295,0.833941133515595,0.8839544900709982,-0.833941133515595,-0.8839544900709982,0.8156750059866227,0.6099447418348913,49998.84828109804,50356.63854828334,357.79026718530076,50008.315230570886,50213.15404995668,204.83881938579725,2.455072176098514
UAV_0041,telemetry_16,295,-0.7152389964308202,-0.694996070610808,0.7152389964308202,0.694996070610808,-0.02281236729616645,-0.02325331242160663,-692.8648959266694,-703.270740244661,-10.405844317991637,-693.5409818569345,-699.1848296226248,-5.643847765690225,-2.07438746773604
UAV_0041,telemetry_18,295,0.10974923164782359,0.00914066955229183,-0.10974923164782359,-0.00914066955229183,2.93715115464129e-05,-3.273918127755169e-06,-103.14937122374272,-103.15661563151276,-0.0072444077700453136,-103.15557617587618,-103.15206224447626,0.0035139313999223987,0.15392254289038243
UAV_0041,telemetry_19,295,0.8221630496995163,0.8582296409172925,-0.8221630496995163,-0.8582296409172925,0.01773075569876989,0.015336132680456294,33504.931176646714,33511.37888942275,6.4477127760328585,33504.18056397476,33508.57098696877,4.390422994008986,2.3865516192042953
UAV_0041,telemetry_21,295,0.8135966883689587,0.8398509035387065,-0.8135966883689587,-0.8398509035387065,0.01820605956950306,0.01548986946374647,34960.0263504944,34967.97265352933,7.94630303492886,34960.812001924416,34965.426145243495,4.614143319078721,2.4172304265658333
UAV_0041,telemetry_22,295,0.6446427423692456,0.6246182517903135,-0.6446427423692456,-0.6246182517903135,0.691434607183408,0.6636108252496681,23060.520282781097,23265.20305735211,204.6827745710143,22977.096527166694,23154.62077785199,177.52425068529556,1.9402577755699473
UAV_0041,telemetry_23,295,-0.824258674280413,-0.8651668271522995,0.824258674280413,0.8651668271522995,-0.3137145854874751,-0.2480619319588898,-17373.408934037023,-17494.586508696673,-121.17757465965042,-17370.454270152506,-17450.096923830024,-79.64265367751796,-2.453060713599608
UAV_0041,telemetry_25,295,-0.7870154726157562,-0.788419230313399,0.7870154726157562,0.788419230313399,-0.007324020840748299,-0.006244283674785111,-171.653088446512,-174.75220791494675,-3.0991194684347647,-171.53206932469703,-173.41996762500978,-1.8878983003127416,-2.37818729230359
UAV_0041,telemetry_26,295,-0.8511537099332855,-0.9477479706168942,0.8511537099332855,0.9477479706168942,-0.47046133667103274,-0.3753286825780867,-7482.586996689371,-7674.336768670383,-191.7497719810126,-7492.60457459734,-7610.5799208340595,-117.97534623671982,-2.5021254390906886
UAV_0041,telemetry_28,295,-0.7421267378361698,-0.7272668206082251,0.7421267378361698,0.7272668206082251,-0.5014195072640971,-0.43352466460596295,-9731.65275696475,-9893.603452255658,-161.9506952909087,-9709.328628059135,-9833.64897619475,-124.32034813561586,-2.1570133363841024
UAV_0042,telemetry_07,193,0.6098624661615254,0.61763453449187,-0.6098624661615254,-0.61763453449187,0.00035408329749188507,0.0,140.5912754437698,140.7631728418209,0.17189739805110094,140.59127544376975,140.6573898276356,0.06611438386585178,2.0386070562769527
UAV_0042,telemetry_13,193,0.4991403034925414,0.4196841114256717,-0.4991403034925414,-0.4196841114256717,0.04354506193990862,0.044486239732520486,7126.229041996134,7149.649337503243,23.420295507109586,7129.999975612135,7137.862399213786,7.862423601651244,1.6134342359752074
UAV_0042,telemetry_15,193,0.884274660524603,0.9285147038162201,-0.884274660524603,-0.9285147038162201,1.7166830975844043,1.5207671642421412,49916.01560934663,50308.715252713104,392.69964336647536,49903.89838363764,50175.237574944425,271.3391913067826,2.502192274898015
UAV_0042,telemetry_16,193,-0.7457142894737273,-0.7348967674090338,0.7457142894737273,0.7348967674090338,-0.040596443296519735,-0.035394028292488174,-691.1305885403375,-703.270740244661,-12.140151704323557,-691.4863439016364,-698.1567569259898,-6.670413024353479,-2.1935538897240026
UAV_0042,telemetry_18,193,-0.34778170497843225,-0.28267386891725865,0.34778170497843225,0.28267386891725865,-0.00022913917300058212,-6.411202684886093e-05,-102.90630174590204,-103.07735068852068,-0.1710489426186399,-102.9607256708928,-102.99638218563373,-0.03565651474093556,-0.9688518773249785
UAV_0042,telemetry_19,193,0.8468113942266472,0.9138984963410074,-0.8468113942266472,-0.9138984963410074,0.06449561712387596,0.06617850967916933,33500.43811689874,33511.04364056733,10.605523668593378,33498.03896524454,33507.659930123365,9.62096487882809,2.2614460067682365
UAV_0042,telemetry_21,193,0.8408613722102908,0.9229031130555987,-0.8408613722102908,-0.9229031130555987,0.06740502519862096,0.06647935834460567,34957.67189033591,34967.97265352933,10.300763193423336,34954.3024465514,34964.31267539832,10.010228846920654,2.2355646642688223
UAV_0042,telemetry_22,193,0.6996742140312889,0.677296193562827,-0.6996742140312889,-0.677296193562827,1.369735497468902,1.3382490263595441,22865.45249975577,23359.16774745766,493.7152477018899,22913.209946108367,23132.68501536504,219.47506925667403,2.007037356645151
UAV_0042,telemetry_23,193,-0.8678961437681262,-0.9204052267507076,0.8678961437681262,0.9204052267507076,-0.6493346943321348,-0.5699601670746044,-17344.1804310299,-17497.507741008063,-153.3273099781618,-17331.812185037434,-17436.53261661924,-104.72043158180531,-2.5057727242787102
UAV_0042,telemetry_25,193,-0.6306335370160123,-0.5287257135086554,0.6306335370160123,0.5287257135086554,-0.009633868392078051,-0.007528171080256543,-170.89350034150343,-174.4787561971437,-3.58525585564027,-171.41703183541702,-173.09903257255894,-1.6820007371419194,-1.9711226071294676
UAV_0042,telemetry_26,193,-0.8752268065839036,-0.9348241047174001,0.8752268065839036,0.9348241047174001,-0.953645350243315,-0.8269512776505064,-7430.630845898108,-7687.397569007412,-256.7667231093037,-7431.098223086839,-7583.8017590645,-152.70353597766098,-2.5089610106499074
UAV_0042,telemetry_28,193,-0.608727415134913,-0.5415692938411409,0.608727415134913,0.5415692938411409,-0.6229316136795506,-0.5248380245619014,-9735.996857625762,-9900.026122362538,-164.0292647367769,-9703.95276031497,-9816.899856478794,-112.94709616382352,-1.9759168418952229
UAV_0043,telemetry_07,321,0.7158030493111794,0.731360582308333,-0.7158030493111794,-0.731360582308333,0.0003156595316348056,0.0,140.5912754437698,140.7631728418209,0.17189739805110094,140.59127544376977,140.68515786885925,0.09388242508947542,2.293871611675385
UAV_0043,telemetry_13,321,0.6225518294701735,0.6065953880536368,-0.6225518294701735,-0.6065953880536368,0.03180021738081575,0.03217020608410095,7128.003004285333,7144.980253640372,16.97724935503902,7129.155079249203,7137.84535973919,8.690280489987344,1.833113644414075
UAV_0043,telemetry_15,321,0.8260496141782189,0.8604773039380124,-0.8260496141782189,-0.8604773039380124,0.7727935102785929,0.6855645006176562,49968.44135096144,50312.107506582295,343.66615562085644,49984.486000101075,50193.99444570908,209.5084456080076,2.4129836103467674
UAV_0043,telemetry_16,321,-0.7136441256051458,-0.6933734279578995,0.7136441256051458,0.6933734279578995,-0.021961987364504065,-0.017879457591050727,-692.8648959266694,-701.5364328583291,-8.671536931659716,-692.5713977535978,-698.6281327797109,-6.056735026113074,-2.1206002249759393
UAV_0043,telemetry_18,321,0.13716037272468573,0.1584231874383236,-0.13716037272468573,-0.1584231874383236,5.1130362916306084e-05,1.2915191368311642e-05,-103.32353461106732,-103.32013245064512,0.003402160422197653,-103.27297769808987,-103.26037893649122,0.012598761598653141,0.36415628536932837
UAV_0043,telemetry_19,321,0.8218009067862698,0.8629614848783888,-0.8218009067862698,-0.8629614848783888,0.017518183536172068,0.015093409621426631,33504.53162042506,33511.80120063865,7.2695802135858685,33503.760295902655,33508.4875075143,4.727211611643725,2.389421453853968
UAV_0043,telemetry_21,321,0.82560164038963,0.8744708298376107,-0.82560164038963,-0.8744708298376107,0.017863599008202277,0.01358342399130029,34960.17350425431,34968.26696104914,8.09345679483522,34960.42026979016,34965.246913115065,4.826643324908218,2.4035710455044264
UAV_0043,telemetry_22,321,0.6693730090441874,0.6309002559799881,-0.6693730090441874,-0.6309002559799881,0.662992756397531,0.5831152082916036,23059.93755602075,23232.86172215299,172.9241661322376,22973.606586475715,23152.03303797966,178.42645150394674,1.9410146905174788
UAV_0043,telemetry_23,321,-0.8325439518344956,-0.8520429413130552,0.8325439518344956,0.8520429413130552,-0.30670178235614076,-0.28277231891590304,-17375.629677495654,-17503.435450127206,-127.80577263155283,-17359.66296381242,-17441.685766553703,-82.02280274128134,-2.3990298208861947
UAV_0043,telemetry_25,321,-0.8019211101997956,-0.7894192664410158,0.8019211101997956,0.7894192664410158,-0.0071462989861337195,-0.007281658278440805,-171.5923213981113,-174.38760562454266,-2.795284226431363,-171.27633274642776,-173.15683917501195,-1.880506428584198,-2.2737120184559574
UAV_0043,telemetry_26,321,-0.8505745139166112,-0.9437478203860851,0.8505745139166112,0.9437478203860851,-0.4535267474431455,-0.3632988477475096,-7485.026926422663,-7676.633173125245,-191.6062467025822,-7481.361511619709,-7603.713499358538,-122.35198773882894,-2.472467892768148
UAV_0043,telemetry_28,321,-0.7311311876678251,-0.7145991757125445,0.7311311876678251,0.7145991757125445,-0.4587249324030578,-0.4195636698526194,-9705.107801852004,-9886.797634446362,-181.68983259435845,-9696.419872810193,-9820.442486365502,-124.02261355530936,-2.1298745030843107
UAV_0044,telemetry_07,180,,,,,0.0,0.0,140.5912754437698,140.5912754437698,0.0,140.59127544376977,140.59127544376977,0.0,0.0
UAV_0044,telemetry_13,180,0.6065172381090481,0.6038190479130013,-0.6065172381090481,-0.6038190479130013,0.05166019268888743,0.049190894720019016,7134.315096149527,7153.388147725826,19.073051576298894,7137.124403116123,7144.874702600232,7.750299484108837,1.7463074012391582
UAV_0044,telemetry_15,180,-0.7892582438867575,-0.7831709816562172,0.7892582438867575,0.7831709816562172,-0.5539118080749049,-0.5736754144368248,49993.7290616227,49865.13180130872,-128.5972603139744,49994.20706103155,49916.3805336265,-77.82652740505,-2.1282431258555143
UAV_0044,telemetry_16,180,-0.5972075779912546,-0.592701712827281,0.5972075779912546,0.592701712827281,-0.023406735078143052,-0.023596018861659556,-698.0678180856652,-701.5364328583291,-3.4686147726639547,-696.7189123407404,-700.2357023185801,-3.5167899778397214,-1.7220509086205216
UAV_0044,telemetry_18,180,0.054326175746107055,0.07349815323518216,-0.054326175746107055,-0.07349815323518216,5.67411059267786e-06,1.1063847957853784e-05,-103.33048260522722,-103.32666794514644,0.0038146600807777986,-103.32935051178589,-103.32755049700603,0.0018000147798602484,0.330752010008179
UAV_0044,telemetry_19,180,0.78150996668312,0.7738140066051421,-0.78150996668312,-0.7738140066051421,0.013536834555168764,0.01328227260473101,33504.85924610115,33508.81347605572,3.954229954571929,33505.453887318195,33507.365159062414,1.9112717442185385,2.1176536069695646
UAV_0044,telemetry_21,180,0.8012401919339244,0.7976218554526657,-0.8012401919339244,-0.7976218554526657,0.013844840768865063,0.012795979122220951,34961.35073433356,34965.61819337083,4.267459037269873,34962.025189066466,34964.073078891815,2.047889825349557,2.274554945610298
UAV_0044,telemetry_22,180,0.5922966475058712,0.6057480553674758,-0.5922966475058712,-0.6057480553674758,0.8173822420418121,0.7832755804630359,23125.93136162977,23182.45585738319,56.524495753419615,23062.86332996332,23183.03858414353,120.1752541802125,1.6712607301586528
UAV_0044,telemetry_23,180,0.585931007434654,0.5734909513668116,-0.585931007434654,-0.5734909513668116,0.11274676532571379,0.11212349021951087,-17393.02506421475,-17348.934791323096,44.09027289165533,-17373.01389509099,-17356.637855821704,16.376039269285684,1.6333014387771148
UAV_0044,telemetry_25,180,-0.8232186936287309,-0.8257166413144724,0.8232186936287309,0.8257166413144724,-0.009851317788195407,-0.009892310204762167,-172.62536122092288,-174.50913972134404,-1.8837785004211582,-172.56206221217218,-174.0550748319056,-1.4930126197334346,-2.394415176460871
UAV_0044,telemetry_26,180,0.8020568825467831,0.8085009856333193,-0.8020568825467831,-0.8085009856333193,0.13289403883738368,0.13482588910371712,-7471.822600807203,-7442.25639345085,29.566207356353516,-7466.296877587691,-7446.574112243585,19.722765344105937,2.284454750381114
UAV_0044,telemetry_28,180,-0.7609803096869229,-0.7463872341738942,0.7609803096869229,0.7463872341738942,-0.7039588107815387,-0.645990471946614,-9844.905737025843,-9920.462813936138,-75.5570769102942,-9803.776006222704,-9907.294081555465,-103.51807533276042,-2.147620013223147
UAV_0045,telemetry_07,205,0.6603194474609665,0.6718522941793212,-0.6603194474609665,-0.6718522941793212,0.00040297992912761055,0.0,140.5912754437698,140.7631728418209,0.17189739805110094,140.59127544376977,140.67303152333068,0.08175607956090403,2.2582437238539
UAV_0045,telemetry_13,205,0.6023476265196533,0.5820102798400913,-0.6023476265196533,-0.5820102798400913,0.05169491526466902,0.044450429535281555,7129.465790143396,7147.888219257448,18.422429114052647,7128.822719003747,7138.015373190873,9.192654187126209,1.8055951556639127
UAV_0045,telemetry_15,205,0.8307218071610397,0.8688917637526296,-0.8307218071610397,-0.8688917637526296,1.3193546671687508,1.1341573428877365,49940.93325594943,50342.02101797428,401.08776202485024,49964.372150643845,50194.05105463259,229.67890398874442,2.437784115610196
UAV_0045,telemetry_16,205,-0.7154423047017884,-0.7034315421721371,0.7154423047017884,0.7034315421721371,-0.036951659374201834,-0.03434272052142417,-694.5992033130013,-703.270740244661,-8.671536931659716,-692.1457928640441,-698.7869211482907,-6.6411282842466335,-2.167517550365851
UAV_0045,telemetry_18,205,-0.33814812941550904,-0.2499895530080372,0.33814812941550904,0.2499895530080372,-0.0002529426889870499,-8.183030812496542e-05,-103.07670091509546,-103.15633387429769,-0.0796329592022289,-103.09688533785689,-103.14181501950635,-0.04492968164946376,-1.0125075769438692
UAV_0045,telemetry_19,205,0.8209769544271668,0.8734047443272833,-0.8209769544271668,-0.8734047443272833,0.028235731919938816,0.023569023442628234,33503.60226626423,33511.30367368757,7.70140742334479,33503.17751209879,33508.06462708998,4.887114991193812,2.3953256027547654
UAV_0045,telemetry_21,205,0.8246720608851325,0.8830547163013727,-0.8246720608851325,-0.8830547163013727,0.02998234029715689,0.024525626651059913,34959.14342793496,34968.56126856895,9.417840633985179,34959.55617628592,34964.81782048158,5.2616441956561175,2.4395926224134943
UAV_0045,telemetry_22,205,0.6639300584625456,0.612204119114275,-0.6639300584625456,-0.612204119114275,1.1567711833598036,1.194154987989592,23036.191440536717,23346.639122110257,310.44768157353974,22948.299189659385,23151.169826134203,202.87063647481773,1.962791388629412
UAV_0045,telemetry_23,205,-0.832244407835787,-0.8884442339569026,0.832244407835787,0.8884442339569026,-0.5130590551308363,-0.41750530693734617,-17357.14411850819,-17494.89944231209,-137.75532380389996,-17352.156725943296,-17442.042357254875,-89.88563131157935,-2.4578415627914603
UAV_0045,telemetry_25,205,-0.7748550772299921,-0.7911898498814943,0.7748550772299921,0.7911898498814943,-0.011378998227701099,-0.010127841400114725,-170.9238838657038,-174.56990676974473,-3.646022904040933,-171.17213949026754,-173.13150627040662,-1.959366780139078,-2.249118180768958
UAV_0045,telemetry_26,205,-0.8484494160625264,-0.9487595409564317,0.8484494160625264,0.9487595409564317,-0.7745600917952439,-0.6119088715183756,-7455.173668509451,-7684.527063438835,-229.3533949293842,-7462.230911468298,-7596.700094889987,-134.4691834216892,-2.4829826690353394
UAV_0045,telemetry_28,205,-0.770234973629773,-0.7795350392110431,0.770234973629773,0.7795350392110431,-0.8142149945397754,-0.7352902582998126,-9681.694441601332,-9986.893999882055,-305.19955828072307,-9683.88437758008,-9825.512015486262,-141.62763790618192,-2.258459113962164
UAV_0046,telemetry_07,204,0.6699543185027617,0.6879296203944832,-0.6699543185027617,-0.6879296203944832,0.0004463542136529849,0.0,140.5912754437698,140.7631728418209,0.17189739805110094,140.59127544376977,140.68141676226003,0.09014131849025375,2.2918599051869784
UAV_0046,telemetry_13,204,0.5434553259473877,0.5057084902926688,-0.5434553259473877,-0.5057084902926688,0.04409485291438569,0.04089160071517302,7128.340798838505,7144.20142223782,15.860623399315045,7129.725288329419,7137.236665311303,7.511376981884496,1.5681735293257433
UAV_0046,telemetry_15,204,0.8184378186290954,0.8746109719838684,-0.8184378186290954,-0.8746109719838684,1.2303947962502566,1.0122790877442434,50003.22737245645,50359.599060751,356.37168829455186,49971.371776920285,50185.219159969165,213.84738304888015,2.4095933293811704
UAV_0046,telemetry_16,204,-0.7132267999914444,-0.6948364562114646,0.7132267999914444,0.6948364562114646,-0.03371389322363955,-0.029395040446303738,-692.8648959266694,-701.5364328583291,-8.671536931659716,-692.1034926838895,-698.3216191665919,-6.21812648270236,-2.228316659856331
UAV_0046,telemetry_18,204,0.014762612250480922,0.009624640436494193,-0.014762612250480922,-0.009624640436494193,4.751853836436582e-06,1.2238599244109419e-05,-103.24376653734224,-103.24196644930934,0.0018000880328941093,-103.2403565811999,-103.24313327563911,-0.002776694439205585,-0.14612577872546512
UAV_0046,telemetry_19,204,0.8156521296541233,0.8498985801217038,-0.8156521296541233,-0.8498985801217038,0.027971618498443707,0.02479617057016344,33503.6338340458,33511.329127401244,7.695293355442118,33503.49107842901,33508.29700975235,4.805931323338882,2.3739061599294273
UAV_0046,telemetry_21,204,0.8148707520094131,0.8705843189222973,-0.8148707520094131,-0.8705843189222973,0.029770319180586053,0.022639039985383882,34959.73204297459,34968.11980728923,8.387764314640663,34959.86125115402,34965.12648446578,5.265233311758493,2.4413017823274634
UAV_0046,telemetry_22,204,0.7002433872587707,0.6776634041429962,-0.7002433872587707,-0.6776634041429962,1.0931254254439235,1.0652462474962654,22935.08834761694,23217.565144693945,282.47679707700445,22950.608777429043,23134.466176741647,183.85739931260468,1.995072773313242
UAV_0046,telemetry_23,204,-0.823902418167296,-0.866481967050908,0.823902418167296,0.866481967050908,-0.49785327445597427,-0.4134663121436036,-17350.113588551496,-17507.633187837833,-157.51959928633732,-17355.29160007219,-17441.56437537113,-86.27277529894127,-2.4185038743150757
UAV_0046,telemetry_25,204,-0.7914791204131215,-0.8083331923376809,0.7914791204131215,0.8083331923376809,-0.012572342455807278,-0.011529747867603173,-171.3796367287089,-174.9952761085495,-3.6156393798405873,-171.07580148670547,-173.28342389140832,-2.207622404702846,-2.3542179247342783
UAV_0046,telemetry_26,204,-0.8432603916482679,-0.9491694929706821,0.8432603916482679,0.9491694929706821,-0.7571954302176714,-0.5519482990015763,-7460.340578532891,-7673.762667556668,-213.4220890237766,-7471.059466399948,-7601.639464837871,-130.57999843792277,-2.463366240956645
UAV_0046,telemetry_28,204,-0.7310517680387391,-0.7101229053438027,0.7310517680387391,0.7101229053438027,-0.7505337415504647,-0.639326196629266,-9677.834485475149,-9917.89656593406,-240.0620804589107,-9691.016608574037,-9820.172316833263,-129.15570825922623,-2.131032751713068
UAV_0047,telemetry_07,269,,,,,0.0,0.0,140.5912754437698,140.5912754437698,0.0,140.59127544376975,140.59127544376975,0.0,
UAV_0047,telemetry_13,269,0.7305747214760858,0.722016928985802,-0.7305747214760858,-0.722016928985802,0.055517424888763704,0.057588887739579986,7124.702549839498,7163.701303549529,38.99875371003145,7130.841433642207,7143.26443861215,12.423004969942667,2.1013315800804047
UAV_0047,telemetry_15,269,0.852000433597872,0.9136182414182242,-0.852000433597872,-0.9136182414182242,1.1063456068641595,0.8747603199033888,50029.93366200846,50444.89882622546,414.96516421699926,50068.47514839299,50321.588684820745,253.11353642775794,2.505514801786055
UAV_0047,telemetry_16,269,-0.7737244716215441,-0.7703821430752544,0.7737244716215441,0.7703821430752544,-0.03101838489391693,-0.028431268628393073,-692.8648959266694,-703.270740244661,-10.405844317991637,-693.5072319956817,-700.50869514791,-7.001463152228325,-2.2448563784037807
UAV_0047,telemetry_18,269,-0.24003336666452812,-0.02158599813818146,0.24003336666452812,0.02158599813818146,-6.586183632523804e-05,-7.972949956265674e-06,-103.31885085742076,-103.33025993781956,-0.011409080398806282,-103.3149819061896,-103.32656909001615,-0.011587183826549108,-0.5428105488963534
UAV_0047,telemetry_19,269,0.7739186355178465,0.7781655538910157,-0.7739186355178465,-0.7781655538910157,0.008036852682215746,0.008196231688243207,33503.3830902491,33507.20509604068,3.822005791575066,33503.67737581902,33505.48845104552,1.8110752265056362,2.2417046236657643
UAV_0047,telemetry_21,269,0.7735654868267204,0.7710809341573801,-0.7735654868267204,-0.7710809341573801,0.008967917924619597,0.007357687995681772,34960.46781177412,34962.96942569252,2.5016139184008352,34960.33973350161,34962.32903432997,1.9893008283543168,2.205659783721455
UAV_0047,telemetry_22,269,0.7208860302520487,0.7120176429193426,-0.7208860302520487,-0.7120176429193426,0.8858158429181903,0.9708959389072058,22959.708553241497,23339.64640098612,379.93784774462256,22978.412463563105,23175.767988684605,197.35552512150025,2.06445326805811
UAV_0047,telemetry_23,269,-0.8615095883966327,-0.9163507123613654,0.8615095883966327,0.9163507123613654,-0.4384754250884394,-0.3518313909766654,-17397.94358023381,-17545.08268139892,-147.13910116511033,-17391.32771178738,-17490.92240139488,-99.59468960750019,-2.5152643823844576
UAV_0047,telemetry_25,269,-0.8373195108392206,-0.8342644150948356,0.8373195108392206,0.8342644150948356,-0.009023217561967044,-0.0091026049960851,-171.6834719707123,-174.2660715277413,-2.582599557028999,-171.51636258761044,-173.50985936986615,-1.9934967822557041,-2.3778142317589945
UAV_0047,telemetry_26,269,0.8470406863887098,0.8612607451718358,-0.8470406863887098,-0.8612607451718358,0.11488977021569999,0.11368059592542756,-7481.869370297227,-7442.399918729279,39.469451567947544,-7482.46739229068,-7456.537158654524,25.930233636156117,2.457321279600782
UAV_0047,telemetry_28,269,-0.8423369425742446,-0.8524736910244315,0.8423369425742446,0.8524736910244315,-0.7347748614170716,-0.7099823358339916,-9728.87617167283,-9953.062619458302,-224.1864477854724,-9703.95004225085,-9870.622059676176,-166.67201742532598,-2.4559914564034337
UAV_0048,telemetry_07,174,,,,,0.0,0.0,140.5912754437698,140.5912754437698,0.0,140.59127544376977,140.59127544376977,0.0,
UAV_0048,telemetry_13,174,0.6852509341936633,0.6673139895782909,-0.6852509341936633,-0.6673139895782909,0.059942511177181655,0.06032065240204198,7134.653237944985,7147.245134364115,12.591896419129625,7134.527693873199,7143.182906366116,8.655212492917599,1.9642167605622294
UAV_0048,telemetry_15,174,0.8424422617206105,0.9493052443230697,-0.8424422617206105,-0.9493052443230697,2.6448552757597947,2.0300422772359896,49985.957716395096,50629.9308554542,643.9731390591041,49993.36780861326,50385.967006021005,392.59919740774785,2.48247346243295
UAV_0048,telemetry_16,174,-0.6152066243731267,-0.5982990144175173,0.6152066243731267,0.5982990144175173,-0.030598162150723987,-0.024775819804741722,-696.3335106993333,-705.005047630993,-8.671536931659716,-695.7884426636289,-700.3471935077014,-4.558750844072506,-1.81956884717847
UAV_0048,telemetry_18,174,0.0824708181590845,0.11870383553062443,-0.0824708181590845,-0.11870383553062443,1.806605576704103e-05,1.8663263896730193e-05,-103.32674924529624,-103.32273715411056,0.0040120911856860175,-103.32856507096865,-103.3272307141639,0.0013343568047474719,0.12092216265676921
UAV_0048,telemetry_19,174,0.37700135948990554,0.35455565363478453,-0.37700135948990554,-0.35455565363478453,0.0038313381777967588,0.004054837026121364,33505.35220292061,33506.06564445292,0.7134415323162102,33505.036223243194,33505.619053677256,0.5828304340611794,1.138496304281989
UAV_0048,telemetry_21,174,0.49216252989211756,0.47445602958028726,-0.49216252989211756,-0.47445602958028726,0.005391880698387884,0.0047089203169744,34961.64504185337,34963.41088697224,1.7658451188690378,34961.50629687973,34962.28831400381,0.7820171240819036,1.4170380417134396
UAV_0048,telemetry_22,174,0.5711977693100543,0.5550643984123013,-0.5711977693100543,-0.5550643984123013,0.9424637566508767,0.9407832044229937,23057.46096728929,23274.96373058788,217.50276329858752,23046.797067574982,23188.85752707897,142.06045950398766,1.7091966556557676
UAV_0048,telemetry_23,174,-0.8353293436758513,-0.9290116461174861,0.8353293436758513,0.9290116461174861,-0.9689884476369098,-0.7251942768999269,-17373.822438687414,-17606.380553143234,-232.55811445582003,-17369.6278630471,-17514.34544771745,-144.71758467035033,-2.476608837945009
UAV_0048,telemetry_25,174,-0.7664821481012922,-0.7500332205944984,0.7664821481012922,0.7500332205944984,-0.008645604601951786,-0.008586648143574764,-172.01769073691605,-174.1749209551403,-2.1572302182242424,-172.30069156232497,-173.55162465868756,-1.250933096362587,-2.2015965304886165
UAV_0048,telemetry_26,174,0.7224409079096045,0.7061790590542708,-0.7224409079096045,-0.7061790590542708,0.09776850912070545,0.09552297613550582,-7472.6837524777775,-7442.974019842994,29.709732634783904,-7470.871233247332,-7455.891294901595,14.979938345737537,2.197406159477324
UAV_0048,telemetry_28,174,-0.7374230061438088,-0.7254750989492865,0.7374230061438088,0.7254750989492865,-0.713438738182492,-0.8144309651591917,-9719.161810757185,-9957.479199152303,-238.31738839511854,-9766.713570715061,-9871.442299799963,-104.72872908490172,-2.148932645580347
UAV_0049,telemetry_07,256,0.7631206873520583,0.7772654510538317,-0.7631206873520583,-0.7772654510538317,0.00044321293890528876,0.0,140.5912754437698,140.7631728418209,0.17189739805110094,140.59127544376977,140.68548844077858,0.09421299700881036,2.1907644985894836
UAV_0049,telemetry_13,256,0.5932759028055541,0.5844086175326161,-0.5932759028055541,-0.5844086175326161,0.03555460354640854,0.03145920037160138,7136.134549194448,7143.198219168546,7.0636699740980475,7130.750315368725,7138.183308457204,7.4329930884787245,1.6750534750554533
UAV_0049,telemetry_15,256,0.8336054791103553,0.8817448261526754,-0.8336054791103553,-0.8817448261526754,0.9378188287768132,0.7705042322231339,50006.43459429641,50324.99807128523,318.5634769888202,50005.63160273367,50210.58304157054,204.95143883686978,2.460348698630854
UAV_0049,telemetry_16,256,-0.6862361303706423,-0.6722140171719724,0.6862361303706423,0.6722140171719724,-0.026037311802911297,-0.022970958759363187,-694.5992033130013,-703.270740244661,-8.671536931659716,-693.6986975547138,-699.3018444951706,-5.6031469404567815,-1.9944057912807465
UAV_0049,telemetry_18,256,0.10746930671707965,0.06172822728313115,-0.10746930671707965,-0.06172822728313115,6.166449465819387e-05,-2.5286819506809836e-06,-103.22335592405784,-103.23921012319306,-0.01585419913521946,-103.22140951663981,-103.21338005803055,0.008029458609257745,0.1889903428491941
UAV_0049,telemetry_19,256,0.8281192122173928,0.8613891908903638,-0.8281192122173928,-0.8613891908903638,0.0208636809583881,0.017983175487784296,33504.27266245997,33511.66079027715,7.388127817182976,33504.27746548614,33508.74532040522,4.4678549190794,2.394997520946045
UAV_0049,telemetry_21,256,0.829074801244556,0.8547618887290676,-0.829074801244556,-0.8547618887290676,0.02223852355227084,0.019434294442662498,34960.320658014214,34968.11980728923,7.799149275015225,34960.73099061395,34965.587064690844,4.856074076895311,2.4449903355522165
UAV_0049,telemetry_22,256,0.6546506181855116,0.6228067634372857,-0.6546506181855116,-0.6228067634372857,0.7868085124988972,0.7724034907415369,23026.285085610856,23308.47051930769,282.1854336968354,22990.752761084663,23158.589274347734,167.83651326307154,1.8859538437944863
UAV_0049,telemetry_23,256,-0.8286807023017234,-0.8816269455252917,0.8286807023017234,0.8816269455252917,-0.37396745903761336,-0.27117842449229435,-17380.75727125164,-17510.91368401037,-130.15641275872986,-17369.400290847767,-17452.380108286496,-82.97981743872879,-2.483304443607113
UAV_0049,telemetry_25,256,-0.7837467097660875,-0.7857152795044245,0.7837467097660875,0.7857152795044245,-0.008352317968459939,-0.006881786194370464,-171.56193787391095,-174.56990676974473,-3.007968895833784,-171.54148742492993,-173.3802749375929,-1.8387875126629751,-2.330259760668804
UAV_0049,telemetry_26,256,-0.8593742452124816,-0.9411880202804688,0.8593742452124816,0.9411880202804688,-0.5554906049464479,-0.4453851194040721,-7497.226575089118,-7681.513032591828,-184.2864575027097,-7494.027617441059,-7613.813262797518,-119.7856453564591,-2.5027327212394974
UAV_0049,telemetry_28,256,-0.7654840864340858,-0.7466561284046691,0.7654840864340858,0.7466561284046691,-0.5915937460827321,-0.6516147690743195,-9661.3688346882,-9925.567306805622,-264.19847211742126,-9705.708340020969,-9835.825130845664,-130.11679082469527,-2.273788231819842
UAV_0050,telemetry_07,161,,,,,0.0,0.0,140.5912754437698,140.5912754437698,0.0,140.5912754437698,140.5912754437698,0.0,0.0
UAV_0050,telemetry_13,161,0.7770679932483037,0.772124453646193,-0.7770679932483037,-0.772124453646193,0.08941334993682634,0.0792408193405951,7128.179267360672,7150.793521220347,22.614253859675046,7131.073239352065,7142.555044739044,11.481805386979431,2.140360925824575
UAV_0050,telemetry_15,161,-0.828164250217807,-0.8279098054842431,0.828164250217807,0.8279098054842431,-0.9686026260143507,-0.9154595200692046,50027.589922971565,49891.65305883152,-135.93686414004333,50051.15066802669,49923.27297671526,-127.87769131142704,-2.345231947898658
UAV_0050,telemetry_16,161,-0.7180419405836571,-0.7114177622213357,0.7180419405836571,0.7114177622213357,-0.04081427320491312,-0.0408072326195746,-692.8648959266694,-703.270740244661,-10.405844317991637,-694.2313199280219,-699.6444611641488,-5.413141236126876,-2.0427126623980802
UAV_0050,telemetry_18,161,-0.07553585857841187,0.020669427191166326,0.07553585857841187,-0.020669427191166326,-1.7230352345004613e-05,1.2818257696494225e-05,-103.32279308169949,-103.33017016089909,-0.007377079199599734,-103.32638892852255,-103.32710949664714,-0.0007205681245920914,-0.0677570104245005
UAV_0050,telemetry_19,161,0.813131587554961,0.8076029445594665,-0.813131587554961,-0.8076029445594665,0.020971066076024756,0.019198888768704268,33503.586045171,33508.525916794555,4.9398716235518805,33504.00236665246,33506.844945243385,2.8425785909275874,2.364138863109362
UAV_0050,telemetry_21,161,0.8311870388418386,0.8341553742242362,-0.8311870388418386,-0.8341553742242362,0.022433162472431063,0.018987581923401223,34960.614965534034,34965.323885851016,4.708920316981676,34960.61050632918,34963.62046959999,3.00996327080793,2.3921567523703673
UAV_0050,telemetry_22,161,0.6248754983094611,0.590924971957125,-0.6248754983094611,-0.590924971957125,1.1533355823145222,1.0839100223415303,23030.80121800353,23273.652595377105,242.85137737357581,23003.13935527384,23163.181728325126,160.0423730512848,1.8599144356919963
UAV_0050,telemetry_23,161,0.7338582655747209,0.7202553485162182,-0.7338582655747209,-0.7202553485162182,0.2278907253925211,0.17761126730833696,-17380.338827623746,-17337.827287732838,42.51153989090744,-17387.301025748326,-17357.225203447826,30.075822300499567,2.0774148284272043
UAV_0050,telemetry_25,161,-0.8173171752059485,-0.8071391135409197,0.8173171752059485,0.8071391135409197,-0.01537130587240338,-0.01413536970913875,-172.0480742611164,-174.60029029394505,-2.552216032828653,-171.68899624783964,-173.7200888049897,-2.0310925571500604,-2.316486391027533
UAV_0050,telemetry_26,161,0.8423271571596178,0.846530173545458,-0.8423271571596178,-0.846530173545458,0.20246738265049777,0.1865828619576405,-7483.448148359945,-7441.108191223418,42.33995713652712,-7479.429440563935,-7452.542371738254,26.887068825681126,2.3993266110248657
UAV_0050,telemetry_28,161,-0.8140799057667479,-0.8089343225212792,0.8140799057667479,0.8089343225212792,-1.1392795899558952,-1.1512550897858058,-9670.112714961666,-10004.352637101596,-334.23992213993006,-9711.421214847529,-9867.604831502731,-156.18361665520206,-2.393824849649335
UAV_0051,telemetry_07,190,,,,,0.0,0.0,140.5912754437698,140.5912754437698,0.0,140.59127544376975,140.59127544376975,0.0,0.0
UAV_0051,telemetry_13,190,0.7110545086772259,0.7040926924641447,-0.7110545086772259,-0.7040926924641447,0.05962412740471904,0.05341128871690719,7131.503643971192,7139.517483858332,8.013839887139511,7132.511544648363,7141.848189935594,9.336645287230567,2.0247381080704288
UAV_0051,telemetry_15,190,0.8443189558842724,0.9348674823852583,-0.8443189558842724,-0.9348674823852583,2.2422528882594204,1.6873698748568806,49975.65760010136,50553.01920863812,577.3616085367612,49983.04102730278,50347.649887073974,364.60885977119324,2.4965846968809555
UAV_0051,telemetry_16,190,-0.6850145027885097,-0.6686017800415849,0.6850145027885097,0.6686017800415849,-0.0334455740850273,-0.03211680345059112,-694.5992033130013,-705.005047630993,-10.405844317991637,-694.4622843088173,-700.121603148427,-5.659318839609682,-2.1077660866309906
UAV_0051,telemetry_18,190,-0.04990954720850713,0.004941673555616791,0.04990954720850713,-0.004941673555616791,-7.976068409309584e-06,-5.739171343042772e-06,-103.32609045359423,-103.32559513856071,0.0004953150335182954,-103.3246663491546,-103.32754067176546,-0.0028743226108645104,-0.3270599830280524
UAV_0051,telemetry_19,190,0.5532534131944367,0.5408643773482572,-0.5532534131944367,-0.5408643773482572,0.005408399628909542,0.005375954413212576,33505.278668973115,33506.25047257464,0.9718036015256075,33504.58526114667,33505.47327313536,0.8880119886889588,1.6518526163946332
UAV_0051,telemetry_21,190,0.5263228844923066,0.5054083421680349,-0.5263228844923066,-0.5054083421680349,0.005217098226776255,0.006468297138741076,34960.46781177412,34962.5279644128,2.060152638681757,34961.164855899995,34962.0632683289,0.8984124289054307,1.648147705849368
UAV_0051,telemetry_22,190,0.6937032262344879,0.6981101457849156,-0.6937032262344879,-0.6981101457849156,1.047695572311586,1.0651892825114915,23014.92191378414,23223.538093987478,208.61618020333844,23002.289777762202,23163.363888524535,161.07411076233257,1.9393736343562638
UAV_0051,telemetry_23,190,-0.823308023084783,-0.8986558892869173,0.823308023084783,0.8986558892869173,-0.822640354521373,-0.6431330222804317,-17361.745415336034,-17584.81283089562,-223.06741555958433,-17366.05219099058,-17500.71986286774,-134.6676718771596,-2.4508279736715344
UAV_0051,telemetry_25,190,-0.7564783152255822,-0.736486460354489,0.7564783152255822,0.736486460354489,-0.009021458883295128,-0.00856214821876669,-171.77462254331334,-174.32683857614197,-2.5522160328286247,-171.88336357729352,-173.35936320028904,-1.4759996229955163,-2.2506247718213994
UAV_0051,telemetry_26,190,0.7580454642851275,0.7571978166684926,-0.7580454642851275,-0.7571978166684926,0.11451336853913124,0.11003604679549425,-7475.123682211068,-7451.011435435013,24.112246776055144,-7475.871524451302,-7457.930864647689,17.940659803613016,2.15960643748802
UAV_0051,telemetry_28,190,-0.7558717446337075,-0.7445656024878953,0.7558717446337075,0.7445656024878953,-0.755900565825203,-0.7353015653401314,-9770.830321437525,-9979.120264865298,-208.28994342777332,-9741.31205587313,-9866.362443692737,-125.05038781960684,-2.273869951581037
UAV_0052,telemetry_07,222,,,,,0.0,0.0,140.5912754437698,140.5912754437698,0.0,140.59127544376977,140.59127544376977,0.0,0.0
UAV_0052,telemetry_13,222,0.7558616221357867,0.7528252437247427,-0.7558616221357867,-0.7528252437247427,0.07189732383816586,0.0646294809965411,7131.185176476943,7154.693666100679,23.50848962373675,7130.318031014222,7143.524995138411,13.206964124189653,2.161694274049509
UAV_0052,telemetry_15,222,0.8271789600908689,0.8623251472693073,-0.8271789600908689,-0.8623251472693073,0.9280705106670245,0.8138978085922433,50009.33342942099,50281.700576445706,272.36714702471363,49998.59334807998,50173.06347495883,174.47012687884853,2.421036222554715
UAV_0052,telemetry_16,222,-0.7829626560002129,-0.7815738478348916,0.7829626560002129,0.7815738478348916,-0.03569106335087989,-0.03749853808285295,-691.1305885403375,-703.270740244661,-12.140151704323557,-693.2117574039357,-699.7250451437159,-6.513287739780139,-2.2245569592216237
UAV_0052,telemetry_18,222,-0.28287136997584544,-0.19911531359698076,0.28287136997584544,0.19911531359698076,-8.362553785938733e-05,-3.5054862064412144e-05,-103.32649858143402,-103.31875974354844,0.007738837885582939,-103.31133123853066,-103.3282159778277,-0.016884739297040596,-0.8892136759631732
UAV_0052,telemetry_19,222,0.743542025298294,0.7305293037289872,-0.743542025298294,-0.7305293037289872,0.009248249414913803,0.008349431533624557,33504.81721019946,33506.439332260066,1.6221220606093993,33504.164688917335,33505.811973760436,1.6472848431003513,2.0619417539383518
UAV_0052,telemetry_21,222,0.7811564258329742,0.772365702827129,-0.7811564258329742,-0.772365702827129,0.010087556721216976,0.009692762628519033,34961.20358057365,34963.705194492046,2.5016139183935593,34960.7228782913,34962.50180374438,1.7789254530798644,2.1447243042703135
UAV_0052,telemetry_22,222,0.6993427309886296,0.681667208218567,-0.6993427309886296,-0.681667208218567,1.0001945684763567,1.0946996513270573,22912.944730723848,23239.271716516778,326.3269857929299,22984.63630910068,23175.398388841233,190.76207974055433,2.0766309681302673
UAV_0052,telemetry_23,222,-0.8384102638109698,-0.861225103113787,0.8384102638109698,0.861225103113787,-0.401281688665547,-0.34695672491970275,-17373.343907330935,-17484.362670569597,-111.01876323866236,-17364.3641783036,-17438.88753223632,-74.52335393272006,-2.424160331884988
UAV_0052,telemetry_25,222,-0.8384634920828523,-0.8248128638708795,0.8384634920828523,0.8248128638708795,-0.010787330710427196,-0.01137094241533836,-171.3796367287089,-173.99261980993822,-2.6129830812293164,-171.5241272660172,-173.493654823626,-1.9695275576088136,-2.3833835109017545
UAV_0052,telemetry_26,222,0.8392004731524102,0.8412909125416165,-0.8392004731524102,-0.8412909125416165,0.14116429530838376,0.14463492162630603,-7479.860016399222,-7442.543444007708,37.316572391514455,-7480.421359710412,-7454.918512458909,25.502847251502317,2.360430564498618
UAV_0052,telemetry_28,222,-0.8129253266331861,-0.8021652112920908,0.8129253266331861,0.8021652112920908,-0.8879873625640268,-0.8620195507249993,-9705.56749429789,-9953.991912397358,-248.4244180994683,-9716.92845275536,-9879.233341322635,-162.30488856727607,-2.313327785115757
UAV_0053,telemetry_07,164,,,,,0.0,0.0,140.5912754437698,140.5912754437698,0.0,140.5912754437698,140.5912754437698,0.0,0.0
UAV_0053,telemetry_13,164,0.6416523069549915,0.626588494551984,-0.6416523069549915,-0.626588494551984,0.07214397229140036,0.07001812553995626,7134.043086297933,7147.091149095018,13.04806279708555,7133.448559307732,7143.223192264218,9.77463295648613,1.8307409423084504
UAV_0053,telemetry_15,164,-0.8179172968309375,-0.8153179287226867,0.8179172968309375,0.8153179287226867,-0.8896088164899107,-0.8555206446480588,49993.358997564246,49795.06633957411,-198.29265799013956,49967.938587164856,49846.18003589075,-121.75855127410614,-2.3574175541097357
UAV_0053,telemetry_16,164,-0.6848310867462976,-0.6855772705786368,0.6848310867462976,0.6855772705786368,-0.03622763895435269,-0.033567239735457256,-698.0678180856652,-699.8021254719972,-1.7343073863320342,-694.4940937744358,-699.4342420870177,-4.940148312581869,-1.966573350458632
UAV_0053,telemetry_18,164,-0.014947268921664541,0.12053106253315737,0.014947268921664541,-0.12053106253315737,-2.762431341269485e-06,1.2169242370242487e-05,-103.33541721785008,-103.33303617496492,0.0023810428851618326,-103.32522442434626,-103.32698795628876,-0.0017635319425011176,-0.20094648449166538
UAV_0053,telemetry_19,164,0.8184103427124503,0.8200617577843374,-0.8184103427124503,-0.8200617577843374,0.018196110220932097,0.01625226934711792,33504.66370600638,33509.12137341847,4.457667412090814,33504.74588415787,33507.289089191065,2.543205033194681,2.408799495844751
UAV_0053,telemetry_21,164,0.8371446571989646,0.8558015408140641,-0.8371446571989646,-0.8558015408140641,0.019821008736027042,0.018245697444567374,34961.20358057365,34964.882424571304,3.678843997651711,34961.29722387541,34963.99504280702,2.697818931614165,2.3994642392232954
UAV_0053,telemetry_22,164,0.6992734713377794,0.6898169088264533,-0.6992734713377794,-0.6898169088264533,1.2039094600303455,0.9275534530642849,22983.45466872553,23197.0240263918,213.56935766626702,22996.446826723215,23163.93662435557,167.48979763235548,2.0486525575036856
UAV_0053,telemetry_23,164,0.7074558724693609,0.6974711955708514,-0.7074558724693609,-0.6974711955708514,0.19397964820584604,0.16688623676626077,-17347.58298674207,-17315.131411439103,32.451575302966376,-17356.08128795288,-17329.65484386655,26.426444086329866,2.0295915418228914
UAV_0053,telemetry_25,164,-0.8041371786000152,-0.785327795934742,0.8041371786000152,0.785327795934742,-0.013428258759835972,-0.013080397812702056,-171.835389591714,-174.78259143914713,-2.9472018474331207,-171.93022301573325,-173.74678947777184,-1.816566462038594,-2.2908067765207942
UAV_0053,telemetry_26,164,0.8111938281686661,0.8013083959082763,-0.8111938281686661,-0.8013083959082763,0.18666915713402338,0.19534285308925817,-7474.119005262067,-7442.830494564565,31.288510697501806,-7475.945690623888,-7449.445705124879,26.4999854990092,2.425070867295796
UAV_0053,telemetry_28,164,-0.7746837100433884,-0.7591745677635248,0.7746837100433884,0.7591745677635248,-0.9976389418302785,-1.008261521677389,-9679.933021860885,-9975.79145164676,-295.85842978587607,-9739.4653614979,-9876.804004701695,-137.33864320379507,-2.245797066478186
UAV_0054,telemetry_07,194,,,,,0.0,0.0,140.5912754437698,140.5912754437698,0.0,140.59127544376975,140.59127544376975,0.0,0.0
UAV_0054,telemetry_13,194,0.5732435457731706,0.555293315199303,-0.5732435457731706,-0.555293315199303,0.046152444764278884,0.0462662868200604,7136.997257912681,7146.68403278838,9.686774875699484,7136.216264305557,7143.375608158836,7.159343853279097,1.5837627942332533
UAV_0054,telemetry_15,194,0.8462123672825719,0.9130966620338635,-0.8462123672825719,-0.9130966620338635,2.1420572447272006,1.7335299353316502,49942.16680281096,50482.52200550197,540.3552026910038,49942.88479034318,50293.743473048926,350.8586827057443,2.468612798462655
UAV_0054,telemetry_16,194,-0.6422785190498858,-0.63932406425997,0.6422785190498858,0.63932406425997,-0.02833206356735781,-0.02375763542920439,-698.0678180856652,-701.5364328583291,-3.4686147726639547,-696.2445718590085,-700.6915138752444,-4.44694201623588,-1.7954739517047342
UAV_0054,telemetry_18,194,-0.002224157716578432,-0.0006122289654152267,0.002224157716578432,0.0006122289654152267,-1.934413624310339e-07,5.031482746577403e-06,-103.33106150296352,-103.32822935779072,0.00283214517280328,-103.3274486493683,-103.3274656510525,-1.7001684199158262e-05,-0.0034816141217454484
UAV_0054,telemetry_19,194,0.2623313545022621,0.21755659009010855,-0.2623313545022621,-0.21755659009010855,0.002130868544590361,0.0019539830873299886,33505.549711607026,33506.57106472281,1.0213531157860416,33505.40269902425,33505.75781750338,0.35511847912857775,0.778644584870828
UAV_0054,telemetry_21,194,0.35742397909483603,0.3377428478781669,-0.35742397909483603,-0.3377428478781669,0.0025270445947104697,0.0024941315237749406,34962.23365689299,34963.41088697224,1.1772300792508759,34962.12046169307,34962.54305710613,0.4225954130597529,1.064554770854862
UAV_0054,telemetry_22,194,0.5488197898475133,0.5325742207762028,-0.5488197898475133,-0.5325742207762028,0.7469841484049078,0.7872110118748588,23025.993722230683,23316.33733057234,290.34360834165636,23072.1972305557,23191.15566908089,118.95843852519101,1.5566324678500638
UAV_0054,telemetry_23,194,-0.8374890564913957,-0.9123699013448492,0.8374890564913957,0.9123699013448492,-0.7943088431976775,-0.5920118680086399,-17357.25570825748,-17562.387044897,-205.1313366395225,-17353.832241536224,-17485.58324557715,-131.75100404092518,-2.47409361829088
UAV_0054,telemetry_25,194,-0.7380262623454523,-0.7089874014516678,0.7380262623454523,0.7089874014516678,-0.007774525780414763,-0.0071211384844551695,-172.89881293872594,-174.53952324554436,-1.64071030681842,-172.43215316959765,-173.72150528630442,-1.289352116706766,-2.1799267376408387
UAV_0054,telemetry_26,194,0.7449877969198899,0.741086098833303,-0.7449877969198899,-0.741086098833303,0.10340816648407337,0.10463293899449724,-7464.215761050472,-7441.108191223418,23.10756982705425,-7468.8784925317395,-7451.648098849581,17.230393682158137,2.2108637245921936
UAV_0054,telemetry_28,194,-0.7479972389772488,-0.7348547291605889,0.7479972389772488,0.7348547291605889,-0.6730152497389434,-0.6595121794298722,-9776.151630821709,-9940.115307835027,-163.96367701331837,-9779.195590822965,-9890.831303063631,-111.63571224066618,-2.2097884015097526
UAV_0055,telemetry_07,525,0.6175077937000649,0.6263493256404674,-0.6175077937000649,-0.6263493256404674,0.00013546744622526026,0.0,140.5912754437698,140.7631728418209,0.17189739805110094,140.59127544376977,140.6608529620285,0.0695775182587397,2.0907135443076363
UAV_0055,telemetry_13,525,0.5181191214311693,0.47854053762682913,-0.5181191214311693,-0.47854053762682913,0.017773106710709266,0.014466272309881723,7131.534275822088,7147.607860199256,16.073584377168117,7129.951822734065,7138.366638122491,8.414815388426177,1.617070534702653
UAV_0055,telemetry_15,525,0.8862320504724535,0.9337588545881846,-0.8862320504724535,-0.9337588545881846,0.641682913085585,0.566014983178011,49877.6523019532,50333.01612588514,455.36382393193344,49902.141731574084,50181.98417257963,279.84244100554497,2.547760833219877
UAV_0055,telemetry_16,525,-0.750815213010819,-0.7383537463879208,0.750815213010819,0.7383537463879208,-0.01590965321441234,-0.015015929769215775,-691.1305885403375,-703.270740244661,-12.140151704323557,-691.5270016572134,-698.464231202541,-6.937229545327568,-2.1581245973465517
UAV_0055,telemetry_18,525,0.05864138050827424,0.04155624017813087,-0.05864138050827424,-0.04155624017813087,9.207316832858433e-06,5.491251840877041e-06,-102.97526628555376,-102.97857255430031,-0.0033062687465559293,-102.98281648691506,-102.97961559599477,0.0032008909202829727,0.1343878703124278
UAV_0055,telemetry_19,525,0.8326052841234448,0.9184105883377355,-0.8326052841234448,-0.9184105883377355,0.023332304102547753,0.022028035709727972,33501.38007004852,33512.23568196355,10.85561191503075,33498.1962187994,33507.68713635357,9.490917554168846,2.2325841368967057
UAV_0055,telemetry_21,525,0.8341695202560534,0.9187112915233863,-0.8341695202560534,-0.9187112915233863,0.024494553053916585,0.02246450407223849,34957.67189033591,34968.708422328855,11.036531992947857,34954.549427697144,34964.515240903725,9.965813206581515,2.237255784781008
UAV_0055,telemetry_22,525,0.7046056388407982,0.6827393879282219,-0.7046056388407982,-0.6827393879282219,0.4982059129361805,0.48818501245706547,22927.51289973246,23317.357102402944,389.84420267048336,22916.466065289933,23141.806503515152,225.34043822521926,2.1008472213478884
UAV_0055,telemetry_23,525,-0.8758643014788906,-0.9272026902073632,0.8758643014788906,0.9272026902073632,-0.2456765979773755,-0.21147972072396823,-17308.960360261375,-17491.49631312285,-182.53595286147538,-17331.723800897144,-17439.183207391452,-107.4594064943085,-2.5254313826840984
UAV_0055,telemetry_25,525,-0.6354815119539101,-0.5449742703182445,0.6354815119539101,0.5449742703182445,-0.003667795342071623,-0.0038634054118905376,-171.04541796250516,-174.56990676974473,-3.524488807239578,-171.39931367771482,-173.12828088816283,-1.728967210448019,-1.9747070733115302
UAV_0055,telemetry_26,525,-0.879409279201332,-0.9465168499024802,0.879409279201332,0.9465168499024802,-0.3542735502715779,-0.29238390637349204,-7431.348472290254,-7678.929577580108,-247.58110528985435,-7431.109263492871,-7587.140377848878,-156.0311143560075,-2.5531811166547174
UAV_0055,telemetry_28,525,-0.5689881413581862,-0.47935663906522763,0.5689881413581862,0.47935663906522763,-0.2193666684591222,-0.18830532049513704,-9714.915223931945,-9903.3165788916,-188.40135495965478,-9712.554293914676,-9815.918728563516,-103.36443464883996,-1.7673469237806905
UAV_0056,telemetry_07,195,,,,,0.0,0.0,140.5912754437698,140.5912754437698,0.0,140.59127544376975,140.59127544376975,0.0,0.0
UAV_0056,telemetry_13,195,0.6984637946227793,0.7084594345271811,-0.6984637946227793,-0.7084594345271811,0.060465532186877044,0.06808010521783989,7136.338761181047,7153.935789528333,17.59702834728614,7135.4783501125785,7145.681914496855,10.203564384276433,2.088493895898566
UAV_0056,telemetry_15,195,-0.7805326769407889,-0.7682688063310928,0.7805326769407889,0.7682688063310928,-0.5383470092027879,-0.5812067821723115,49970.16831656757,49846.751953072,-123.41636349556939,49960.54348810701,49874.9321729765,-85.61131513051077,-2.1994051369590344
UAV_0056,telemetry_16,195,-0.6887347861926942,-0.6844055904691202,0.6887347861926942,0.6844055904691202,-0.026718140786375993,-0.021678842329149007,-698.0678180856652,-703.270740244661,-5.202922158995875,-695.7998776573851,-700.0689419929713,-4.269064335586222,-1.9499513048302215
UAV_0056,telemetry_18,195,-0.047321586331697404,-0.048126689216527206,0.047321586331697404,0.048126689216527206,-4.125062614258315e-06,-1.9107733229918895e-05,-103.32615247442786,-103.32986799061746,-0.003715516189600976,-103.32712887244053,-103.32721354724082,-8.467480029139551e-05,-0.017211876148858475
UAV_0056,telemetry_19,195,0.8175782245491607,0.8027917590509637,-0.8175782245491607,-0.8027917590509637,0.012874522896874449,0.012778353410959866,33505.372889255625,33508.37316773951,3.0002784838870866,33505.42435612869,33507.45836019389,2.034004065193585,2.2887337308005087
UAV_0056,telemetry_21,195,0.8302699878943353,0.8400587740992884,-0.8302699878943353,-0.8400587740992884,0.013601523791852423,0.013117351303911798,34961.497888093465,34965.0295783312,3.5316902377380757,34962.04877139977,34964.18438750507,2.135616105297231,2.309937572991826
UAV_0056,telemetry_22,195,0.5347259948414719,0.5320175080147448,-0.5347259948414719,-0.5320175080147448,0.729555485375814,0.6954227994640343,23117.91886867503,23220.33309680558,102.41422813055033,23058.77957335597,23180.647910254942,121.86833689897321,1.582738388629038
UAV_0056,telemetry_23,195,0.6320706777539151,0.6212270792535888,-0.6320706777539151,-0.6212270792535888,0.11845673850373564,0.11757190417656982,-17365.960101696975,-17337.194284576184,28.765817120791326,-17361.109806080043,-17344.355588828428,16.754217251615046,1.5840733839585788
UAV_0056,telemetry_25,195,-0.799719588050986,-0.7923198513950926,0.799719588050986,0.7923198513950926,-0.00927132915300994,-0.009667484972836022,-172.86842941452562,-174.81297496334744,-1.9445455488218215,-172.5007108652292,-174.0214452046924,-1.5207343394632176,-2.324311699640935
UAV_0056,telemetry_26,195,0.7975734633307219,0.789013241239075,-0.7975734633307219,-0.789013241239075,0.11956947882876338,0.12278621062350004,-7472.540227199349,-7439.242362603843,33.297864595506326,-7466.824977009602,-7446.915444796772,19.909532212829617,2.3531883915479836
UAV_0056,telemetry_28,195,-0.7852734338926894,-0.7733819935587241,0.7852734338926894,0.7733819935587241,-0.7230992962914974,-0.7375509590199973,-9783.97212161056,-9941.880093668671,-157.90797205811032,-9783.49316115476,-9897.44313094182,-113.94996978705967,-2.1927163881663736
UAV_0057,telemetry_07,215,0.7716371935475603,0.7834990236720774,-0.7716371935475603,-0.7834990236720774,0.0005397609017748412,0.0,140.5912754437698,140.7631728418209,0.17189739805110094,140.59127544376977,140.68521937061166,0.09394392684188801,2.1588623741353223
UAV_0057,telemetry_13,215,0.5967201793801988,0.565216498828757,-0.5967201793801988,-0.565216498828757,0.044192020912091554,0.04287440226225858,7133.093953347351,7144.883434312824,11.789480965472649,7130.937710459708,7139.118635764176,8.180925304468474,1.7757172235726169
UAV_0057,telemetry_15,215,0.8457330785194935,0.9039361683516633,-0.8457330785194935,-0.9039361683516633,1.131955747300312,0.9618037440890368,50005.38607946411,50319.38543306529,313.9993536011825,50009.25167108249,50218.411016308586,209.15934522609314,2.5120348454354224
UAV_0057,telemetry_16,215,-0.7148700810485497,-0.6912787193905688,0.7148700810485497,0.6912787193905688,-0.03147041875171629,-0.026479518369403876,-689.3962811540056,-703.270740244661,-13.874459090655478,-693.6312177950487,-699.4794636326797,-5.848245837630998,-2.1354762088300223
UAV_0057,telemetry_18,215,-0.30137337980559703,-0.20160955347871237,0.30137337980559703,0.20160955347871237,-0.00017595763468816658,-3.4168200992639635e-05,-103.24411319829962,-103.33001677549534,-0.08590357719572239,-103.29614654669396,-103.32624231150841,-0.030095764814447534,-0.8286033316073417
UAV_0057,telemetry_19,215,0.8417588546465764,0.8980451109662151,-0.8417588546465764,-0.8980451109662151,0.025364467852026614,0.02088348437960632,33504.08147865849,33511.89772688394,7.816248225448362,33504.43095915933,33509.0344042381,4.603445078770164,2.4557797955595855
UAV_0057,telemetry_21,215,0.8085736311450912,0.8341530577031119,-0.8085736311450912,-0.8341530577031119,0.025540909058311783,0.02070201332937308,34961.20358057365,34968.708422328855,7.504841755202506,34961.20015839319,34965.99463322175,4.794474828559032,2.439881779741421
UAV_0057,telemetry_22,215,0.6860694533539915,0.6843331799889618,-0.6860694533539915,-0.6843331799889618,0.990991525985104,1.0031828182742601,23043.038479970764,23289.094854526236,246.05637455547185,22986.436061452878,23166.230982643126,179.79492119024871,2.0008755602134567
UAV_0057,telemetry_23,215,-0.8354062952404671,-0.8692011398488251,0.8354062952404671,0.8692011398488251,-0.4412579403719034,-0.3782875943181049,-17379.083494099465,-17482.381153525024,-103.29765942555969,-17370.76964585846,-17451.96024707792,-81.1906012194595,-2.4709017952522294
UAV_0057,telemetry_25,215,-0.8182955851348162,-0.8280917892828183,0.8182955851348162,0.8280917892828183,-0.010468701265535885,-0.00945583682922567,-171.34925320450856,-174.66105734234574,-3.3118041378371856,-171.46372136544937,-173.3743504221406,-1.9106290566912207,-2.400702234936665
UAV_0057,telemetry_26,215,-0.8578086515686416,-0.9520950366719763,0.8578086515686416,0.9520950366719763,-0.6534195483057249,-0.5188990835505977,-7505.120465402709,-7695.865560434718,-190.74509503200898,-7500.32738866262,-7619.430005178397,-119.10261651577639,-2.5134145155019487
UAV_0057,telemetry_28,215,-0.7448679335315214,-0.7253700886280761,0.7448679335315214,0.7253700886280761,-0.6446310229650087,-0.574749928331015,-9716.161915129893,-9885.07319835342,-168.9112832235278,-9711.086145565358,-9826.932113622752,-115.8459680573942,-2.1517584480696668
UAV_0058,telemetry_07,178,,,,,0.0,0.0,140.5912754437698,140.5912754437698,0.0,140.59127544376977,140.59127544376977,0.0,0.0
UAV_0058,telemetry_13,178,0.665035354332027,0.6373406927544528,-0.665035354332027,-0.6373406927544528,0.06809822849895569,0.06864732982063473,7140.70449278383,7147.954912315709,7.250419531879743,7134.641757442845,7145.091574176328,10.449816733483203,1.9804856485664584
UAV_0058,telemetry_15,178,-0.747771720306949,-0.7226181775113035,0.747771720306949,0.7226181775113035,-0.5767765239720745,-0.5973826578082344,50003.474081828754,49901.0280149791,-102.44606684965402,50031.156929312805,49944.707566693796,-86.44936261900875,-2.175090659202107
UAV_0058,telemetry_16,178,-0.66310766703778,-0.6647624913744312,0.66310766703778,0.6647624913744312,-0.029900610786037285,-0.028666237790610255,-692.8648959266694,-699.8021254719972,-6.937229545327796,-695.3700065958154,-699.9466510875249,-4.57664449170943,-1.9697235355480371
UAV_0058,telemetry_18,178,0.0016532599933189332,-0.018715243385404645,-0.0016532599933189332,0.018715243385404645,1.8043734223152413e-07,-1.1833703118245054e-05,-103.32864747726454,-103.3244594733381,0.004188003926444139,-103.32749000752007,-103.3272618411095,0.00022816641056522258,0.04057145208180176
UAV_0058,telemetry_19,178,0.8238180805359154,0.8139902056431922,-0.8238180805359154,-0.8139902056431922,0.016437277301664506,0.016137473606987994,33504.507735603,33508.3621095992,3.854373996196955,33504.72268188427,33507.14376701452,2.4210851302486844,2.354862772927406
UAV_0058,telemetry_21,178,0.7952432462748886,0.7940542891856233,-0.7952432462748886,-0.7940542891856233,0.01598429730209758,0.015015689786251847,34961.35073433356,34965.61819337083,4.267459037269873,34961.51832611567,34963.86052346084,2.342197345169552,2.261434594606335
UAV_0058,telemetry_22,178,0.6437721352500961,0.6242860479006345,-0.6437721352500961,-0.6242860479006345,0.986083494836406,0.9246871146004222,23070.57231939704,23145.307026411225,74.7347070141841,23041.553336074605,23184.794857851793,143.2415217771886,1.814853268653782
UAV_0058,telemetry_23,178,0.5694798313799116,0.5237172169387262,-0.5694798313799116,-0.5237172169387262,0.12440507116689006,0.13924284968845071,-17386.321489541708,-17346.452362005493,39.869127536214364,-17383.32171927976,-17365.04363658004,18.278082699718652,1.6237718499499454
UAV_0058,telemetry_25,178,-0.8030552597604302,-0.789908295361128,0.8030552597604302,0.789908295361128,-0.011205675976186344,-0.010678527811940204,-172.13922483371744,-174.9345090601488,-2.795284226431363,-172.23881527415185,-173.96392425930458,-1.7251089851527297,-2.3992638708185927
UAV_0058,telemetry_26,178,0.7951248648806647,0.7779130820053691,-0.7951248648806647,-0.7779130820053691,0.13936944966127954,0.15542406654607896,-7471.966126085632,-7435.510705364692,36.45542072094031,-7470.1959809850105,-7449.049923296484,21.146057688526525,2.341268751532174
UAV_0058,telemetry_28,178,-0.7410705986401916,-0.7235642266596733,0.7410705986401916,0.7235642266596733,-0.7653767107742612,-0.6982881715730676,-9738.913277166494,-9925.87016420039,-186.95688703389715,-9771.095318567239,-9892.174200128207,-121.07888156096851,-2.2751333005108942
UAV_0059,telemetry_07,299,0.7966441805868966,0.8110556328321858,-0.7966441805868966,-0.8110556328321858,0.0004292129595116713,0.0,140.5912754437698,140.7631728418209,0.17189739805110094,140.5912754437698,140.69011644764916,0.09884100387935746,2.1218911954068607
UAV_0059,telemetry_13,299,0.6278742022490761,0.6301753047069651,-0.6278742022490761,-0.6301753047069651,0.03415815737424563,0.03966525424749545,7132.005221608267,7146.463013728163,14.457792119896112,7131.074151112464,7139.198853824268,8.124702711803366,1.727348966998165
UAV_0059,telemetry_15,299,0.8552398211896222,0.8955283547336191,-0.8552398211896222,-0.8955283547336191,0.8142283132643998,0.7535178811961782,50008.03820521639,50314.01950421766,305.98129900126514,50013.94586672738,50219.381789001454,205.43592227407498,2.4958156381451637
UAV_0059,telemetry_16,299,-0.7100173562016678,-0.689895727851198,0.7100173562016678,0.689895727851198,-0.022277272000680463,-0.022819834030683165,-692.8648959266694,-703.270740244661,-10.405844317991637,-693.9343854815742,-699.5130742409418,-5.578688759367651,-2.0565226231671807
UAV_0059,telemetry_18,299,-0.20676595918981228,-0.1666153397230141,0.20676595918981228,0.1666153397230141,-0.0001033947100347151,-6.251831458634034e-06,-103.32573388645618,-103.32599939113202,-0.0002655046758377466,-103.29104151165507,-103.31311327819519,-0.02207176654012244,-0.5105193600772582
UAV_0059,telemetry_19,299,0.8433268146674522,0.8788233709681039,-0.8433268146674522,-0.8788233709681039,0.018252846388068608,0.0168247839317789,33504.718381923354,33512.090877081755,7.372495158400852,33504.50323885065,33509.132651345564,4.629412494912685,2.4739196582614764
UAV_0059,telemetry_21,299,0.843091359867963,0.8852972160065403,-0.843091359867963,-0.8852972160065403,0.01931525633266978,0.01690784532795804,34961.79219561328,34968.56126856895,6.769072955670708,34961.2428215763,34966.11606359184,4.873242015542928,2.460291374161605
UAV_0059,telemetry_22,299,0.6893601415158278,0.680774354989829,-0.6893601415158278,-0.680774354989829,0.6809871326436663,0.7081226667035627,22949.94788000573,23400.83271082229,450.8848308165616,22980.383213092886,23158.372245983785,177.98903289089867,2.083986532075904
UAV_0059,telemetry_23,299,-0.8446698730350323,-0.8838373998338983,0.8446698730350323,0.8838373998338983,-0.3063893883842461,-0.2676850591325022,-17373.059725985047,-17499.41266238966,-126.35293640461168,-17374.679974061244,-17451.55648444385,-76.87651038260447,-2.451327558029776
UAV_0059,telemetry_25,299,-0.8055277926939434,-0.8001434257629039,0.8055277926939434,0.8001434257629039,-0.007443721321137812,-0.00705032053267568,-171.6834719707123,-174.29645505194165,-2.612983081229345,-171.57915520429114,-173.49888754168265,-1.9197323373915083,-2.4028436109660136
UAV_0059,telemetry_26,299,-0.8693445191910714,-0.9514308154998025,0.8693445191910714,0.9514308154998025,-0.4675134192435172,-0.38993166344942254,-7511.4355776535795,-7683.665911768261,-172.23033411468168,-7502.5609312707265,-7620.39757694883,-117.8366456781032,-2.534385132773432
UAV_0059,telemetry_28,299,-0.7720194235467318,-0.7626755852842809,0.7720194235467318,0.7626755852842809,-0.5048218553076128,-0.5048521799472593,-9681.057741868792,-9899.793253218746,-218.73551134995432,-9716.250676721345,-9842.378120389772,-126.12744366842708,-2.2309717631894435
UAV_0060,telemetry_07,190,0.6746576844272676,0.6902215253369,-0.6746576844272676,-0.6902215253369,0.0004737522274796884,0.0,140.5912754437698,140.7631728418209,0.17189739805110094,140.59127544376975,140.68174775853353,0.0904723147637867,2.3428530395172027
UAV_0060,telemetry_13,190,0.6665836053666886,0.6469025968061516,-0.6665836053666886,-0.6469025968061516,0.06106939461997604,0.06175344419542471,7125.114955894824,7146.131825005743,21.016869110919288,7127.788631510399,7137.799965642454,10.011334132054799,1.9871017617549553
UAV_0060,telemetry_15,190,0.8143705590387251,0.8436694783870692,-0.8143705590387251,-0.8436694783870692,1.3566984627230718,1.0122922050038012,49944.94228324939,50338.073668017394,393.1313847680067,49972.244246088485,50193.62370744484,221.37946135635866,2.41642431539911
UAV_0060,telemetry_16,190,-0.7291808695502426,-0.7107265184045245,0.7291808695502426,0.7107265184045245,-0.03938369959960163,-0.03211680345059112,-694.5992033130013,-701.5364328583291,-6.937229545327796,-692.2259405738105,-698.4785750982177,-6.252634524407199,-2.105130091238566
UAV_0060,telemetry_18,190,-0.04393798873082278,-0.023709360661689133,0.04393798873082278,0.023709360661689133,-3.4522780726996133e-05,1.3292877606965605e-05,-103.1538949621259,-103.151482067549,0.0024128945769064103,-103.13676127089627,-103.14426617796872,-0.0075049070724446665,-0.1736908183253286
UAV_0060,telemetry_19,190,0.8153553460110785,0.8676919174025816,-0.8153553460110785,-0.8676919174025816,0.030358521653006107,0.02451230887071481,33503.198731495046,33511.07441517055,7.87568367550557,33503.22237451274,33508.0322058548,4.809831342055986,2.3490555703681983
UAV_0060,telemetry_21,190,0.8150420343556665,0.8590993447041768,-0.8150420343556665,-0.8590993447041768,0.03156416515017808,0.024444415966659735,34959.73204297459,34967.531192249604,7.799149275015225,34959.778512582976,34964.9172767776,5.1387641946275835,2.4129122518278923
UAV_0060,telemetry_22,190,0.6508167488674638,0.6283418085979624,-0.6508167488674638,-0.6283418085979624,1.072712778654101,1.0809023771127326,22870.114313838527,23221.061505256013,350.94719141748647,22942.10790484188,23131.45959839567,189.35169355379185,2.089015198052902
UAV_0060,telemetry_23,190,-0.837503001419333,-0.8947228455081859,0.837503001419333,0.8947228455081859,-0.5569201967314777,-0.44596743660628313,-17346.116072610846,-17502.492973015607,-156.37690040476082,-17351.571521349157,-17442.03300396106,-90.4614826119032,-2.4737410986080928
UAV_0060,telemetry_25,190,-0.7922371222406753,-0.7970933518814736,0.7922371222406753,0.7970933518814736,-0.012460318797555915,-0.011321316636260313,-170.9846509141045,-174.1749209551403,-3.1902700410358023,-171.0630084238843,-173.13068720236012,-2.0676787784758233,-2.390596305127101
UAV_0060,telemetry_26,190,-0.8432289559741664,-0.9405458414968506,0.8432289559741664,0.9405458414968506,-0.8238993944330648,-0.6340120443325152,-7464.646336885758,-7684.240012881978,-219.59367599622055,-7465.477272708242,-7598.853803159815,-133.37653045157276,-2.4822635076200728
UAV_0060,telemetry_28,190,-0.7327917844671277,-0.6985797827903093,0.7327917844671277,0.6985797827903093,-0.8565302833945079,-0.83641712678581,-9673.166721188762,-9899.686097372458,-226.5193761836963,-9689.180843961332,-9829.61518424001,-140.43434027867806,-2.184783094164966
UAV_0061,telemetry_07,199,,,,,0.0,0.0,140.5912754437698,140.5912754437698,0.0,140.5912754437698,140.5912754437698,0.0,0.0
UAV_0061,telemetry_13,199,0.662823579625954,0.6420420283234354,-0.662823579625954,-0.6420420283234354,0.057894015804054545,0.05234030380836854,7137.35618771793,7151.2299400838765,13.87375236594653,7134.298849159879,7143.978475781169,9.679626621290481,1.9242963973796594
UAV_0061,telemetry_15,199,0.8319039060744385,0.8831992410534317,-0.8319039060744385,-0.8831992410534317,1.7349213916950346,1.455211494519983,50031.22888621306,50439.84128409321,408.6123978801479,50011.442794554205,50303.77181366554,292.32901911133376,2.4339652745440117
UAV_0061,telemetry_16,199,-0.7146001417788866,-0.7103880191471496,0.7146001417788866,0.7103880191471496,-0.03326796123895769,-0.031532861569671285,-692.8648959266694,-706.7393550173249,-13.874459090655478,-695.0761378442427,-700.7126368498214,-5.636499005578685,-2.102303594825642
UAV_0061,telemetry_18,199,-0.010423549767663475,0.0734749505101264,0.010423549767663475,-0.0734749505101264,-1.5285880825094645e-06,5.2346280164062494e-08,-103.32097228920084,-103.3286598641159,-0.00768757491506733,-103.32595156638197,-103.32634357359439,-0.00039200721241172687,-0.04641606498472398
UAV_0061,telemetry_19,199,0.5466123787253898,0.5369331506014923,-0.5466123787253898,-0.5369331506014923,0.00515594768919828,0.004769998892122878,33504.54685332369,33506.12588120184,1.5790278781496454,33504.82511353925,33505.739239605195,0.914126065945311,1.6827753434841817
UAV_0061,telemetry_21,199,0.5219440135884778,0.5151825817129747,-0.5219440135884778,-0.5151825817129747,0.004994981669042844,0.004459204845514967,34961.64504185337,34963.263733212334,1.6186913589626784,34961.527318845445,34962.307233772946,0.7799149275015225,1.4150974287163611
UAV_0061,telemetry_22,199,0.6361733660104592,0.6154470489321923,-0.6361733660104592,-0.6154470489321923,0.9153355619105089,1.0061291312574938,23072.46618136816,23250.052161583157,177.5859802149971,23035.819952226993,23188.009971817723,152.1900195907292,1.8366669341245612
UAV_0061,telemetry_23,199,-0.8451800201443473,-0.9012425765189584,0.8451800201443473,0.9012425765189584,-0.6772271979901788,-0.5707943929296307,-17377.522547589888,-17555.70032533688,-178.1777777469906,-17372.95577904603,-17487.94587876049,-114.99009971445776,-2.4918641845596854
UAV_0061,telemetry_25,199,-0.7674652016459956,-0.7602719157544159,0.7674652016459956,0.7602719157544159,-0.008563184751100213,-0.008086448367902932,-172.41267655152052,-174.1141539067396,-1.7014773552190832,-172.19391517727803,-173.53762653503813,-1.3437113577600996,-2.091117583397794
UAV_0061,telemetry_26,199,0.7467760870700141,0.741689850463226,-0.7467760870700141,-0.741689850463226,0.10840212722561868,0.10699157119243781,-7471.679075528774,-7440.82114066656,30.85793486221428,-7471.341791124466,-7453.950115510845,17.391675613621373,2.080382114954885
UAV_0061,telemetry_28,199,-0.7659927291988299,-0.751093345515456,0.7659927291988299,0.751093345515456,-0.6893391647908194,-0.5962768849539378,-9724.080594166084,-9898.965955077378,-174.8853609112939,-9762.665023341897,-9878.972343278925,-116.3073199370283,-2.2441290574366572
UAV_0062,telemetry_07,246,0.6533906097078944,0.667423579403367,-0.6533906097078944,-0.667423579403367,0.00033685062938414894,0.0,140.5912754437698,140.7631728418209,0.17189739805110094,140.59127544376977,140.67206722085382,0.08079177708404472,2.202304059252987
UAV_0062,telemetry_13,246,0.6831479524776629,0.6525054259879126,-0.6831479524776629,-0.6525054259879126,0.05004996922725519,0.055386224451779154,7124.024835324848,7146.238479510785,22.213644185936573,7128.387580875352,7138.266888638654,9.879307763301767,1.8950124343148573
UAV_0062,telemetry_15,246,0.8434123092664966,0.9075057318098905,-0.8434123092664966,-0.9075057318098905,1.1554946072681287,0.9168665119259435,49950.30821209702,50335.853283666656,385.5450715696352,49949.30410495174,50190.63768003421,241.3335750824699,2.475508098767349
UAV_0062,telemetry_16,246,-0.7398983966813228,-0.7288184115996186,0.7398983966813228,0.7288184115996186,-0.03153553049107566,-0.028666237790610963,-692.8648959266694,-699.8021254719972,-6.937229545327796,-692.3792898584965,-698.865599483378,-6.486309624881528,-2.1386721493593943
UAV_0062,telemetry_18,246,-0.04860897742481972,-0.0025154013417354694,0.04860897742481972,0.0025154013417354694,-2.5365309410737227e-05,5.473049828920639e-06,-103.15701960555104,-103.15689853485031,0.00012107070072886472,-103.14448042264121,-103.15376003114879,-0.009279608507583248,-0.2499082353966135
UAV_0062,telemetry_19,246,0.750055590513071,0.8627246217930243,-0.750055590513071,-0.8627246217930243,0.02798873194314479,0.020770951014578452,33502.48729177089,33511.88771585446,9.400424083563848,33502.13205285008,33508.1845575109,6.052504660816339,2.279396909044775
UAV_0062,telemetry_21,246,0.7602351664200524,0.870223291751925,-0.7602351664200524,-0.870223291751925,0.02976816388677125,0.02192404370934062,34959.879196734495,34967.82549976942,7.946303034921584,34958.51949599296,34964.95011530085,6.43061930789554,2.307933547588932
UAV_0062,telemetry_22,246,0.7015101422031912,0.6776637562778066,-0.7015101422031912,-0.6776637562778066,0.9794549264365326,0.9536135315540473,22946.597201133744,23358.87638407749,412.2791829437447,22927.425490718408,23129.51513120589,202.08964048748385,2.0340805330374065
UAV_0062,telemetry_23,246,-0.8459246376106684,-0.9004117100577764,0.8459246376106684,0.9004117100577764,-0.45316981208307167,-0.382937404279209,-17360.383500875367,-17500.870167716253,-140.48666684088676,-17346.27207768644,-17440.771201975997,-94.49912428955577,-2.478980321006357
UAV_0062,telemetry_25,246,-0.778370446174447,-0.7863202707812215,0.778370446174447,0.7863202707812215,-0.010274996482596407,-0.008900224260705934,-171.50117082551026,-174.6306738181454,-3.129502992635139,-171.0551406902493,-173.21783994282956,-2.1626992525802677,-2.30237138516094
UAV_0062,telemetry_26,246,-0.8486009836115949,-0.9425545679293345,0.8486009836115949,0.9425545679293345,-0.6700524261222011,-0.5322236191849394,-7453.594890446733,-7687.541094285842,-233.94620383910842,-7458.0326920557545,-7597.062758764264,-139.03006670850937,-2.4744465137620084
UAV_0062,telemetry_28,246,-0.7699624862212427,-0.7508982856497985,0.7699624862212427,0.7508982856497985,-0.6756460458534428,-0.6463238721281177,-9680.795241410851,-9864.237260584254,-183.4420191734025,-9678.801617197125,-9817.551253679248,-138.7496364821236,-2.2220650754023437
UAV_0063,telemetry_07,231,,,,,0.0,0.0,140.5912754437698,140.5912754437698,0.0,140.59127544376975,140.59127544376975,0.0,0.0
UAV_0063,telemetry_13,231,0.7118752930558555,0.6921620358651843,-0.7118752930558555,-0.6921620358651843,0.05270902273763401,0.05870589258370171,7134.883931019319,7143.878594334514,8.994663315194884,7132.773594504486,7143.092890896905,10.319296392419346,2.0854975461574883
UAV_0063,telemetry_15,231,0.5480551008656429,0.5516875796431617,-0.5480551008656429,-0.5516875796431617,0.20828385556703416,0.22804138258774292,49947.40937697244,50008.346591931775,60.93721495933278,49956.50744121812,49994.57942158682,38.0719803687025,1.4990451868311634
UAV_0063,telemetry_16,231,-0.7469090255445581,-0.747587948641067,0.7469090255445581,0.747587948641067,-0.028498777598762546,-0.02569485262893018,-696.3335106993333,-703.270740244661,-6.937229545327796,-694.7099037844694,-700.1711270435571,-5.461223259087774,-2.1417661337368505
UAV_0063,telemetry_18,231,-0.0702707156143125,-0.007094180182635955,0.0702707156143125,0.007094180182635955,-1.1880149911286653e-05,-1.102300382813742e-06,-103.3293944248715,-103.32196719195431,0.007427232917180504,-103.32308699039629,-103.32711790987382,-0.0040309194775289825,-0.3567773034215378
UAV_0063,telemetry_19,231,0.7625009403174777,0.7542446309312877,-0.7625009403174777,-0.7542446309312877,0.009383007533777805,0.008086685156027854,33503.17346338543,33508.17002428273,4.996560897299787,33504.86054325329,33506.69957786665,1.839034613360127,2.2362938146065927
UAV_0063,telemetry_21,231,0.7539930353102077,0.7392625691649057,-0.7539930353102077,-0.7392625691649057,0.009151445883663597,0.008408786280321823,34962.23365689299,34964.73527081139,2.5016139184008352,34961.463447851784,34963.27625693659,1.8128090848040301,2.2349629497951513
UAV_0063,telemetry_22,231,0.6581542211683312,0.6502806360116247,-0.6581542211683312,-0.6502806360116247,0.86738456767923,0.8675311684970808,23046.243477152657,23186.09789963534,139.85442248268373,23011.242676206854,23185.068828973457,173.82615276660363,1.9736572708745188
UAV_0063,telemetry_23,231,-0.7428381188983206,-0.7376574699663155,0.7428381188983206,0.7376574699663155,-0.13884458704495908,-0.14397509834141098,-17345.757405793694,-17381.26411264388,-35.506706850184855,-17354.110261886384,-17381.62371652406,-27.51345463767575,-2.202677895967561
UAV_0063,telemetry_25,231,-0.8207569828689754,-0.8140712994892373,0.8207569828689754,0.8140712994892373,-0.008908503248642811,-0.0082864156910022,-171.77462254331334,-174.08377038253926,-2.309147839225915,-171.9659740999793,-173.65775458577275,-1.6917804857934584,-2.332354150413866
UAV_0063,telemetry_26,231,0.7978284595101609,0.7902410751737939,-0.7978284595101609,-0.7902410751737939,0.12290359749962877,0.1244788421090805,-7479.285915285505,-7435.941281199977,43.344634085528014,-7473.489937020439,-7450.590020787709,22.899916232729993,2.224433685409006
UAV_0063,telemetry_28,231,-0.7875102926990312,-0.7919050215152165,0.7875102926990312,0.7919050215152165,-0.693374385090174,-0.6698655981208359,-9788.058171370296,-9972.62462406426,-184.56645269396358,-9749.695012041164,-9882.65057952249,-132.9555674813255,-2.2596210591574355
UAV_0064,telemetry_07,195,,,,,0.0,0.0,140.5912754437698,140.5912754437698,0.0,140.59127544376975,140.59127544376975,0.0,0.0
UAV_0064,telemetry_13,195,0.6557526361177233,0.6403793555487222,-0.6557526361177233,-0.6403793555487222,0.06483542308408316,0.056536407179557414,7136.723294833642,7155.520510564638,18.79721573099596,7132.815441034936,7143.125431341785,10.309990306848704,1.847699046012792
UAV_0064,telemetry_15,195,0.8413780426273553,0.9256877344935541,-0.8413780426273553,-0.9256877344935541,2.782365673818343,2.243418809976272,50034.37443070995,50827.545062670506,793.1706319605582,50044.177965318406,50502.67942639555,458.5014610771468,2.456761360104576
UAV_0064,telemetry_16,195,-0.7167815845266022,-0.6945676790066146,0.7167815845266022,0.6945676790066146,-0.03606205198270369,-0.03664029689433715,-692.8648959266694,-705.005047630993,-12.140151704323557,-694.1989785315402,-700.2912890937831,-6.092310562242915,-2.1456739046453994
UAV_0064,telemetry_18,195,-0.054715192199875765,0.006726116299017623,0.054715192199875765,-0.006726116299017623,-1.1006036098521622e-05,1.8842057429466002e-05,-103.33044612826056,-103.3289127066918,0.0015334215687659025,-103.32638872320094,-103.32783857630302,-0.0014498531020876726,-0.12771628577896146
UAV_0064,telemetry_19,195,0.57257338281007,0.5345644046674973,-0.57257338281007,-0.5345644046674973,0.006214974576376842,0.006319547587224812,33504.570069286594,33506.57594524049,2.0058759538951563,33504.17716690743,33505.29149013205,1.1143232246176922,1.819065187181659
UAV_0064,telemetry_21,195,0.5737274878514151,0.5409746076840568,-0.5737274878514151,-0.5409746076840568,0.0060541451238399595,0.0068443609258771855,34960.320658014214,34963.41088697224,3.090228958026273,34960.81117054724,34961.86765907989,1.0564885326530202,1.7740379248063294
UAV_0064,telemetry_22,195,0.6178497590017786,0.584807578091559,-0.6178497590017786,-0.584807578091559,0.9207948571371193,0.9310599721683666,22891.23815890101,23270.738961575385,379.5008026743744,23019.830266111658,23171.832300290756,152.0020341790987,1.8072352057725551
UAV_0064,telemetry_23,195,-0.8385699691552018,-0.9300215248668855,0.8385699691552018,0.9300215248668855,-1.0175310686082206,-0.8284208552547434,-17379.818154938905,-17662.219834039897,-282.4016791009926,-17383.598097571525,-17552.644724523154,-169.04662695162915,-2.468558468517107
UAV_0064,telemetry_25,195,-0.7990231416676468,-0.8110941093863673,0.7990231416676468,0.8110941093863673,-0.009913037209159788,-0.008681006914383543,-171.835389591714,-174.32683857614197,-2.4914489844279615,-171.72398333631278,-173.3039265947305,-1.5799432584177282,-2.2565210706903205
UAV_0064,telemetry_26,195,0.7734529892298969,0.7653193148877662,-0.7734529892298969,-0.7653193148877662,0.11292131007070934,0.11451103829532061,-7478.71181417179,-7442.830494564565,35.88131960722512,-7477.018951913398,-7459.188696170116,17.830255743282578,2.164017997215771
UAV_0064,telemetry_28,195,-0.7927268553250061,-0.7928595704737087,0.7927268553250061,0.7928595704737087,-0.828643818665791,-0.7762796873422833,-9713.868638775057,-9965.1286541944,-251.26001541934238,-9725.651529354871,-9860.532664400042,-134.8811350451706,-2.28639978002671
UAV_0065,telemetry_07,234,,,,,0.0,0.0,140.5912754437698,140.5912754437698,0.0,140.59127544376975,140.59127544376975,0.0,0.0
UAV_0065,telemetry_13,234,0.7730636011846929,0.7669525555563361,-0.7730636011846929,-0.7669525555563361,0.0630440340923685,0.05688294045392406,7127.169593195304,7152.169812201117,25.00021900581305,7130.053853036976,7142.271919266774,12.218066229797842,2.213209208000131
UAV_0065,telemetry_15,234,-0.7104694073706603,-0.693249903357483,0.7104694073706603,0.693249903357483,-0.38342656576605527,-0.3842697762496741,50050.78060396823,49866.05696145487,-184.72364251335966,50010.242842160405,49935.871776965505,-74.37106519490044,-2.0357101747372752
UAV_0065,telemetry_16,234,-0.7093432082708536,-0.6997867844001571,0.7093432082708536,0.6997867844001571,-0.02828646579919176,-0.030161867588381228,-694.5992033130013,-699.8021254719972,-5.202922158995875,-693.6028990697895,-699.2117229575014,-5.608823887711878,-2.0777739311433185
UAV_0065,telemetry_18,234,-0.19287432155273618,-0.08279164295966417,0.19287432155273618,0.08279164295966417,-5.273515426389651e-05,-3.85118576812441e-06,-103.329582169343,-103.33207752344376,-0.002495354100759073,-103.3189168111836,-103.32865700660375,-0.009740195420150144,-0.5262482009596592
UAV_0065,telemetry_19,234,0.8194982365807613,0.8026949886323461,-0.8194982365807613,-0.8026949886323461,0.014400855370129402,0.013318358923863528,33503.93982229953,33507.7809843461,3.841162046570389,33504.189712526,33506.918408031735,2.7286955057352316,2.2938423859190467
UAV_0065,telemetry_21,234,0.8220961018087665,0.8264238726401884,-0.8220961018087665,-0.8264238726401884,0.015066300749750195,0.013239945434905446,34960.614965534034,34965.323885851016,4.708920316981676,34960.6995006727,34963.65509959507,2.9555989223663346,2.3823755270760554
UAV_0065,telemetry_22,234,0.7242016690421825,0.7196663731307289,-0.7242016690421825,-0.7196663731307289,1.0266422073371169,0.9715777957934826,22940.33288846004,23297.253029171057,356.92014071101585,22970.228631031972,23168.94155591988,198.7129248879064,2.0706909499712713
UAV_0065,telemetry_23,234,0.28620804667700167,0.2507997162183995,-0.28620804667700167,-0.2507997162183995,0.039513860357845716,0.05719839638913141,-17372.31031336834,-17349.14346195505,23.166851413290715,-17368.116593047303,-17359.49678298832,8.619810058982694,0.9223140792038169
UAV_0065,telemetry_25,234,-0.8484672168133269,-0.8473241312739572,0.8484672168133269,0.8473241312739572,-0.01062901528023365,-0.010374861922067234,-172.1088413095171,-174.38760562454266,-2.278764315025569,-171.4824235446207,-173.5433315265502,-2.060907981929489,-2.43024131475071
UAV_0065,telemetry_26,234,0.8424978284675328,0.8630941614871063,-0.8424978284675328,-0.8630941614871063,0.14522571536089957,0.13744369883445454,-7482.2999461325135,-7444.983373740998,37.316572391515365,-7480.666200941887,-7451.561106714102,29.10509422778523,2.4942675609593445
UAV_0065,telemetry_28,234,-0.8377285539495313,-0.8380571730950693,0.8377285539495313,0.8380571730950693,-0.879513364603889,-0.9285054199306977,-9750.089655870755,-10014.463715989665,-264.37406011890926,-9708.685491196906,-9879.036453264796,-170.35096206789058,-2.396923808582992
UAV_0066,telemetry_07,165,,,,,0.0,0.0,140.5912754437698,140.5912754437698,0.0,140.5912754437698,140.5912754437698,0.0,
UAV_0066,telemetry_13,165,0.7603307312552504,0.7421099030267413,-0.7603307312552504,-0.7421099030267413,0.09081067737259715,0.08837410775097396,7128.881912408524,7142.451374241902,13.569461833378227,7130.442941278293,7142.767951029235,12.325009750941717,2.1599689471359085
UAV_0066,telemetry_15,165,0.6916161309753432,0.6675829735263277,-0.6916161309753432,-0.6675829735263277,0.4390147244184006,0.4355685408085921,50067.248454569584,50138.54746316573,71.29900859614281,50043.00552071984,50100.31124847925,57.30572775941255,1.8896382294037213
UAV_0066,telemetry_16,165,-0.7484676241319111,-0.7384661758422203,0.7484676241319111,0.7384661758422203,-0.04369474250125957,-0.043090044629543786,-694.5992033130013,-701.5364328583291,-6.937229545327796,-693.3904436194973,-699.4342420870178,-6.043798467520446,-2.166947631755121
UAV_0066,telemetry_18,165,-0.20727011644743482,-0.08181283893890419,0.20727011644743482,0.08181283893890419,-8.524622390550482e-05,-1.883689180689976e-05,-103.32812408238954,-103.32219244411463,0.005931638274901729,-103.3178427634599,-103.32660905587598,-0.008766292416083843,-0.4461409637649698
UAV_0066,telemetry_19,165,0.8043629976595855,0.8020543370822538,-0.8043629976595855,-0.8020543370822538,0.017226330656933842,0.017046144289655868,33504.15097884493,33506.92281323749,2.771834392558958,33503.72435089796,33506.187088927436,2.4627380294768955,2.4069780424379976
UAV_0066,telemetry_21,165,0.8182439161139987,0.8092377612086586,-0.8182439161139987,-0.8092377612086586,0.017820963849583774,0.015489869463827313,34960.76211929393,34962.96942569252,2.2073063985881163,34960.45443415958,34962.84902716169,2.3945930021072854,2.3013247678729916
UAV_0066,telemetry_22,165,0.7114659552070589,0.6912502596393078,-0.7114659552070589,-0.6912502596393078,1.4877882218314102,1.4162727891955658,22862.83022933422,23285.015767203826,422.18553786960547,22964.158466684126,23169.680014622303,205.5215479381768,2.0571453394195376
UAV_0066,telemetry_23,165,-0.7575649776338217,-0.747108166590976,0.7575649776338217,0.747108166590976,-0.24861419010832783,-0.24147238490246764,-17379.083430111255,-17429.699931482,-50.61650137074321,-17381.047880347196,-17413.913030929598,-32.86515058240184,-2.0961589375073886
UAV_0066,telemetry_25,165,-0.8392463566165521,-0.8374544489395963,0.8392463566165521,0.8374544489395963,-0.01604735136257479,-0.015191762100170082,-171.8961566401147,-174.44837267294335,-2.552216032828653,-171.40633740149104,-173.66668745942548,-2.2603500579344313,-2.4743231175075224
UAV_0066,telemetry_26,165,0.8385299490491878,0.8339918852421445,-0.8385299490491878,-0.8339918852421445,0.198769071783944,0.1865003761653634,-7477.994187779646,-7441.251716501847,36.74247127779927,-7480.412371258631,-7454.29511983543,26.117251423200287,2.3061728006195783
UAV_0066,telemetry_28,165,-0.8050290163186538,-0.7986749659391447,0.8050290163186538,0.7986749659391447,-1.1458417754184862,-1.0046789917763463,-9730.320427410776,-9949.604202070792,-219.2837746600162,-9712.97295979022,-9867.733833790973,-154.76087400075266,-2.275844908958759
UAV_0067,telemetry_07,263,,,,,0.0,0.0,140.5912754437698,140.5912754437698,0.0,140.59127544376975,140.59127544376975,0.0,
UAV_0067,telemetry_13,263,0.6141495153428871,0.5944580627627095,-0.6141495153428871,-0.5944580627627095,0.03816906815271078,0.04313760396254426,7130.331233633879,7145.386657336809,15.055423702930057,7135.434994346567,7143.457290662526,8.022296315959466,1.6969617008671798
UAV_0067,telemetry_15,263,-0.42584669121270224,-0.40261649001434036,0.42584669121270224,0.40261649001434036,-0.13315360500978152,-0.16617641631004249,49995.08596317038,49925.57559752345,-69.51036564692913,50009.80939231378,49981.18994140295,-28.6194509108318,-1.203295882589743
UAV_0067,telemetry_16,263,-0.6809923131413749,-0.6836918500520013,0.6809923131413749,0.6836918500520013,-0.020342416174583287,-0.022695434444535985,-696.3335106993333,-701.5364328583291,-5.202922158995875,-695.4172728348561,-699.9657393763682,-4.548466541512084,-2.0017759372038566
UAV_0067,telemetry_18,263,-0.06266448927164052,0.006267431520675068,0.06266448927164052,-0.006267431520675068,-7.221490682983301e-06,-4.770083316829779e-06,-103.32993848921848,-103.32484769922536,0.00509078999311896,-103.32545059204551,-103.32652411474854,-0.0010735227030238548,-0.12246632000419323
UAV_0067,telemetry_19,263,0.8246810432643944,0.8176719008504337,-0.8246810432643944,-0.8176719008504337,0.009732573495518657,0.00866252189417218,33504.45885404521,33507.356480246344,2.897626201134699,33504.79678281205,33506.89634609452,2.0995632824706263,2.338826867381413
UAV_0067,telemetry_21,263,0.7863746369700715,0.7707477767332489,-0.7863746369700715,-0.7707477767332489,0.009641139202710935,0.009810250660423965,34962.08650313309,34964.29380953168,2.2073063985881163,34961.54231187004,34963.71907692223,2.1767650521869655,2.3341216444741604
UAV_0067,telemetry_22,263,0.6453063861971362,0.6405644604625532,-0.6453063861971362,-0.6405644604625532,0.6489932800877122,0.5394214720043763,23126.077043319856,23298.855527762003,172.7784844421476,23038.79172126919,23179.366306068907,140.57458479971683,1.8375677401199277
UAV_0067,telemetry_23,263,-0.04368504653490787,-0.059229569664074624,0.04368504653490787,0.059229569664074624,-0.004521069125209366,-0.002578510685851793,-17369.486422009566,-17375.613658574304,-6.1272365647382685,-17375.58727191472,-17376.894000433836,-1.3067285191173141,-0.16599224946117086
UAV_0067,telemetry_25,263,-0.8320781879518658,-0.8296999206017388,0.8320781879518658,0.8296999206017388,-0.008100799306085524,-0.00790528685692051,-172.50382712412153,-174.72182439074643,-2.2179972666249057,-172.1552765068799,-173.96682247807004,-1.8115459711901565,-2.446225052504819
UAV_0067,telemetry_26,263,0.8153901313196452,0.8174079121967346,-0.8153901313196452,-0.8174079121967346,0.09833248072885685,0.0982147051368053,-7475.697783324783,-7437.376533984267,38.32124934051626,-7470.335895564609,-7449.562642530116,20.773253034492882,2.264559582019375
UAV_0067,telemetry_28,263,-0.8370907489193068,-0.8383146473588524,0.8370907489193068,0.8383146473588524,-0.6439025608569927,-0.6884027361989749,-9723.166720828473,-9914.627849050454,-191.4611282219812,-9758.650284142228,-9895.34971253897,-136.6994283967415,-2.336306805074111
UAV_0068,telemetry_07,201,,,,,0.0,0.0,140.5912754437698,140.5912754437698,0.0,140.59127544376977,140.59127544376977,0.0,0.0
UAV_0068,telemetry_13,201,0.672674179248345,0.6565553421013742,-0.672674179248345,-0.6565553421013742,0.059028027631103354,0.06325110492904257,7132.90749081551,7146.156165674626,13.248674859116363,7130.337543994401,7140.131982043313,9.794438048911616,1.9188583609738974
UAV_0068,telemetry_15,201,0.831854392358783,0.940592406070034,-0.831854392358783,-0.940592406070034,2.9484690253594668,2.2606802148881737,50051.52073208515,50939.36608566774,887.8453535825902,50053.62077040062,50556.71984922269,503.0990788220661,2.440176138992552
UAV_0068,telemetry_16,201,-0.6694033883808858,-0.641547311563063,0.6694033883808858,0.641547311563063,-0.03182596294291413,-0.02843126862839214,-694.5992033130013,-705.005047630993,-10.405844317991637,-693.8801002503759,-699.3368234902983,-5.4567232399224395,-1.9731276861880362
UAV_0068,telemetry_18,201,0.9397813687362364,0.9441997931136398,-0.9397813687362364,-0.9441997931136398,0.0031956097489768153,0.003237912147328665,-102.35869402994086,-101.55440698014344,0.8042870497974235,-102.25086167375333,-101.73368162889022,0.5171800448631103,2.6147595779894552
UAV_0068,telemetry_19,201,0.4466168003763488,0.4337638539973401,-0.4466168003763488,-0.4337638539973401,0.006708331145354831,0.004872255690568434,33504.010812273154,33511.66659241281,7.65578013965569,33503.7874061643,33505.09358253435,1.3061763700461597,1.4949934693348945
UAV_0068,telemetry_21,201,0.46069369783979314,0.48428319946551385,-0.46069369783979314,-0.48428319946551385,0.00704259150039487,0.006131406662663924,34960.0263504944,34968.11980728923,8.093456794827944,34960.42474238097,34961.67016566603,1.2454232850577682,1.4005985224910682
UAV_0068,telemetry_22,201,0.6490889672675737,0.6154323585163588,-0.6490889672675737,-0.6154323585163588,1.0756987881577043,1.1402281981042077,22952.57015042728,23287.200992555117,334.63084212783724,22987.345435814423,23159.94270644695,172.5972706325265,1.7904590034432017
UAV_0068,telemetry_23,201,-0.8340741539067577,-0.9391103886508054,0.8340741539067577,0.9391103886508054,-1.081960914932171,-0.8450150220409238,-17380.048242851517,-17707.964497516994,-327.916254665477,-17385.19830656704,-17569.847072254583,-184.64876568754335,-2.4471264411427014
UAV_0068,telemetry_25,201,-0.7809519043912106,-0.7865122899741239,0.7809519043912106,0.7865122899741239,-0.009305476243601106,-0.008102273120091279,-171.1669520593065,-173.9014692373372,-2.7345171780307,-171.41224343760683,-173.02108809709318,-1.6088446594863512,-2.3212221513712676
UAV_0068,telemetry_26,201,0.9603067807066028,0.9660854145116003,-0.9603067807066028,-0.9660854145116003,1.1209680966989843,1.1663651491982838,-7207.70256580712,-6941.658021267593,266.0445445395271,-7161.637800328229,-6978.815570192465,182.82223013576368,2.6925430438891413
UAV_0068,telemetry_28,201,-0.7532387731995087,-0.749507906014482,0.7532387731995087,0.749507906014482,-0.8198424943544637,-0.7845820898252859,-9692.515889551583,-9945.175092857084,-252.65920330550034,-9708.138411327145,-9847.044917218887,-138.9065058917422,-2.1940258439643734
UAV_0069,telemetry_07,170,,,,,0.0,0.0,140.5912754437698,140.5912754437698,0.0,140.59127544376977,140.59127544376977,0.0,0.0
UAV_0069,telemetry_13,170,0.6352292207751818,0.614660389225762,-0.6352292207751818,-0.614660389225762,0.05748421471795318,0.06492309236581717,7141.763206037435,7154.404957850901,12.641751813465817,7136.129644965491,7144.560633109875,8.430988144384173,1.8929033960903874
UAV_0069,telemetry_15,170,-0.006482940819659302,0.0031595113567255964,0.006482940819659302,-0.0031595113567255964,-0.0026605159439102135,0.02789498016397622,49935.99906850333,49926.37740298344,-9.621665519895032,49926.566063091675,49920.79741747454,-5.768645617135917,-0.28559339441959325
UAV_0069,telemetry_16,170,-0.6764771568728192,-0.6746285904801466,0.6764771568728192,0.6746285904801466,-0.030089668150819482,-0.027205240127623907,-694.5992033130013,-701.5364328583291,-6.937229545327796,-695.6703931692653,-700.006161635095,-4.335768465829801,-1.980477567058391
UAV_0069,telemetry_18,170,-0.006894779074747401,0.10776070004457718,0.006894779074747401,-0.10776070004457718,-1.2078709812421093e-06,-3.225476586176646e-06,-103.33215062493238,-103.32918022434026,0.002970400592118949,-103.32548642669686,-103.32587708550822,-0.00039065881136934877,-0.045307024247869414
UAV_0069,telemetry_19,170,0.726323305779274,0.7032382557507589,-0.726323305779274,-0.7032382557507589,0.011783245185440027,0.010680521626459995,33504.581822285305,33507.92005472854,3.3382324432386667,33505.63228224959,33507.25209017509,1.6198079254972981,2.028601264643538
UAV_0069,telemetry_21,170,0.7413610322011434,0.7230534105754975,-0.7413610322011434,-0.7230534105754975,0.012385605451156714,0.011678869833780308,34962.08650313309,34964.58811705149,2.5016139184008352,34962.220672737705,34963.95189344248,1.7312207047725678,2.1053924345915416
UAV_0069,telemetry_22,170,0.6054995732992938,0.5994457763362667,-0.6054995732992938,-0.5994457763362667,0.9387625947553155,0.9539241542467444,23164.537009502597,23287.492355935286,122.95534643268911,23053.634680546733,23178.543875528816,124.90919498208314,1.6368940922787878
UAV_0069,telemetry_23,170,-0.3302905999030979,-0.3438633129988215,0.3302905999030979,0.3438633129988215,-0.057435303276857544,-0.05392335889458384,-17349.133268606776,-17353.956508100793,-4.823239494016889,-17351.722650412088,-17359.104128458,-7.381478045910626,-0.8624396898697552
UAV_0069,telemetry_25,170,-0.8135449262052422,-0.8119162164442651,0.8135449262052422,0.8119162164442651,-0.010895291583626798,-0.009761155137101615,-172.29114245471914,-174.81297496334744,-2.5218325086283073,-172.41357018458524,-173.96938535025564,-1.5558151656703956,-2.3603086125948525
UAV_0069,telemetry_26,170,0.7744059169538455,0.7689412153921431,-0.7744059169538455,-0.7689412153921431,0.1371218955156467,0.13002747069931223,-7467.660367732766,-7447.710354031148,19.950013701617536,-7467.200242575449,-7448.66437499953,18.535867575918928,2.1268794725980915
UAV_0069,telemetry_28,170,-0.8067082929504201,-0.8107705741904361,0.8067082929504201,0.8107705741904361,-0.7745305845061075,-0.7627963598420913,-9771.678083160225,-9929.330855982218,-157.6527728219935,-9780.694182716286,-9890.43143383217,-109.73725111588283,-2.32220274417005
UAV_0070,telemetry_07,172,,,,,0.0,0.0,140.5912754437698,140.5912754437698,0.0,140.59127544376977,140.59127544376977,0.0,
UAV_0070,telemetry_13,172,0.6930699146916618,0.6814182249547783,-0.6930699146916618,-0.6814182249547783,0.07357179184840161,0.0744856983430319,7125.021008835276,7151.775026052317,26.75401721704111,7131.368557032413,7141.902457512707,10.533900480293596,1.99277502952407
UAV_0070,telemetry_15,172,0.16587342344465025,0.18254745487557336,-0.16587342344465025,-0.18254745487557336,0.0684174091720128,0.12691711802580957,50005.57111149334,50049.732089135934,44.16097764259757,50029.117758870045,50036.959592489744,7.841833619699173,0.38179580779623973
UAV_0070,telemetry_16,172,-0.7382617779513074,-0.7299242804369808,0.7382617779513074,0.7299242804369808,-0.038533074589428465,-0.037296933039396137,-692.8648959266694,-701.5364328583291,-8.671536931659716,-693.955031998078,-699.5048156343405,-5.549783636262532,-2.1352863370777535
UAV_0070,telemetry_18,172,-0.14763627809206792,-0.15157904170292646,0.14763627809206792,0.15157904170292646,-4.6041804743559234e-05,-3.257361896910869e-05,-103.32570919636248,-103.33042922962704,-0.004720033264561607,-103.32214164766962,-103.3293612949323,-0.007219647262672879,-0.4649005679187761
UAV_0070,telemetry_19,172,0.8188723369295331,0.814781273657325,-0.8188723369295331,-0.814781273657325,0.01566544978999683,0.014804915751953777,33503.849460677746,33507.35794967857,3.50848900082201,33504.14166827225,33506.196368299694,2.054700027445506,2.1568756416861503
UAV_0070,telemetry_21,172,0.7997782996289853,0.7896083342524031,-0.7997782996289853,-0.7896083342524031,0.016633546141159413,0.015279687762857982,34960.46781177412,34964.440963291585,3.97315151746443,34960.74530172137,34963.18384974267,2.4385480213022674,2.3546124140749556
UAV_0070,telemetry_22,172,0.6740614356213461,0.6628075765319951,-0.6740614356213461,-0.6628075765319951,1.1294521679856016,1.2477799281088626,22917.46086311652,23253.98556721548,336.5247040989598,23007.879244651973,23166.688936181865,158.809691529892,1.903320774133419
UAV_0070,telemetry_23,172,-0.5827958330282056,-0.5681790846251265,0.5827958330282056,0.5681790846251265,-0.11328328719236645,-0.10994655310421964,-17384.79742229376,-17386.44372995933,-1.6463076655709301,-17376.20007805852,-17391.50013144561,-15.300053387090884,-1.5806906685886666
UAV_0070,telemetry_25,172,-0.8339793636251717,-0.8365911705786205,0.8339793636251717,0.8365911705786205,-0.013617959420188072,-0.013332607645464114,-171.8961566401147,-174.66105734234574,-2.7649007022310457,-171.63833073475755,-173.6071831029396,-1.9688523681820413,-2.421362259702728
UAV_0070,telemetry_26,172,0.8465378010702493,0.8494472586095994,-0.8465378010702493,-0.8494472586095994,0.18266612063266324,0.1819827605263374,-7477.994187779646,-7439.959988995988,38.03419878365821,-7478.900447394869,-7453.365250001248,25.535197393621274,2.376462237273225
UAV_0070,telemetry_28,172,-0.8126892539009917,-0.7953106317345991,0.8126892539009917,0.7953106317345991,-1.032047249440577,-0.9408159350446623,-9734.526460688545,-9951.453736142415,-216.9272754538706,-9731.945474141161,-9877.845991700102,-145.90051755894092,-2.307199330057868
UAV_0071,telemetry_07,409,0.6062722911840406,0.6106521025631217,-0.6062722911840406,-0.6106521025631217,0.0001610899309627766,0.0,140.5912754437698,140.67722414279535,0.08594869902555047,140.59022728890363,140.6541647357397,0.06393744683606428,2.0355963106742707
UAV_0071,telemetry_13,409,0.5227100319926407,0.4725066912685522,-0.5227100319926407,-0.4725066912685522,0.021622829379505524,0.021046473130045623,7130.551678755422,7146.270187187175,15.718508431753435,7130.066552521139,7137.728913764965,7.662361243826126,1.5669241624564842
UAV_0071,telemetry_15,409,0.8782887876183384,0.9132983522016044,-0.8782887876183384,-0.9132983522016044,0.7886143670668966,0.7164849838535818,49892.39318694842,50346.83185073422,454.43866378579696,49901.055844999755,50170.62269021627,269.56684521651187,2.5396634593389176
UAV_0071,telemetry_16,409,-0.7336699550339657,-0.719885615800624,0.7336699550339657,0.719885615800624,-0.019960112335494554,-0.015280241289268023,-691.1305885403375,-701.5364328583291,-10.405844317991637,-691.4689899815729,-698.2581688963601,-6.789178914787158,-2.111018540590005
UAV_0071,telemetry_18,409,0.7984332296870418,0.7321757935686649,-0.7984332296870418,-0.7321757935686649,0.0003776126742367321,0.0003408672954290083,-102.97919423073188,-102.89762555800344,0.08156867272843726,-102.99360704838138,-102.87921432692063,0.11439272146074586,2.046102913007681
UAV_0071,telemetry_19,409,0.8393401267134571,0.9133002774727876,-0.8393401267134571,-0.9133002774727876,0.029720671341458407,0.025565504120432608,33500.43894489725,33510.94287957352,10.503934676271456,33497.58089840106,33507.36487464202,9.783976240963966,2.3373933331465873
UAV_0071,telemetry_21,409,0.8367574427245079,0.9013591522711188,-0.8367574427245079,-0.9013591522711188,0.030983910612461626,0.028463823814513907,34956.49466025666,34968.708422328855,12.213762072191457,34953.91588034221,34964.10538093667,10.189500594460696,2.3278408899302154
UAV_0071,telemetry_22,409,0.683430255373301,0.656583470572939,-0.683430255373301,-0.656583470572939,0.5691002461619896,0.578835689562385,22945.577429303143,23212.02924047067,266.4518111675279,22911.809479504762,23110.29189921723,198.48241971246898,2.016343474456018
UAV_0071,telemetry_23,409,-0.8618972329098918,-0.9114867069136676,0.8618972329098918,0.9114867069136676,-0.29371877997995527,-0.24985155041010285,-17335.6732347428,-17483.348636922252,-147.67540217945134,-17332.52096453202,-17434.280606391017,-101.75964185899647,-2.5260176530553937
UAV_0071,telemetry_25,409,-0.6066761607334459,-0.5022821637208068,0.6066761607334459,0.5022821637208068,-0.004221940610584548,-0.004159313376114226,-171.2884861561079,-174.235688003541,-2.9472018474330923,-171.44373855415597,-172.96810219513404,-1.5243636409780663,-1.8529787207442308
UAV_0071,telemetry_26,409,-0.8609274433120124,-0.9374757215358274,0.8609274433120124,0.9374757215358274,-0.40816370802232627,-0.3254568582151728,-7414.125438878785,-7666.87345419208,-252.74801531329558,-7433.629123970653,-7575.591377111299,-141.96225314064577,-2.533040241732905
UAV_0071,telemetry_28,409,-0.539839964269704,-0.4504212955979696,0.539839964269704,0.4504212955979696,-0.26219963704882765,-0.24434717041595372,-9734.425212861152,-9921.333156000248,-186.90794313909646,-9718.614701706621,-9813.891471090257,-95.27676938363584,-1.6594226340217375
UAV_0072,telemetry_07,232,0.7125143261730262,0.721205527966647,-0.7125143261730262,-0.721205527966647,0.00040699708666568,0.0,140.5912754437698,140.7631728418209,0.17189739805110094,140.59127544376975,140.68088153424324,0.08960609047349521,2.337267928872284
UAV_0072,telemetry_13,232,0.5730988401912864,0.5555220271810473,-0.5730988401912864,-0.5555220271810473,0.03968721665385879,0.041332923774886246,7129.065502022344,7141.857460746659,12.791958724315009,7130.201701691929,7138.226638847253,8.024937155323641,1.7265899062301877
UAV_0072,telemetry_15,232,0.8115077490430281,0.852630311938611,-0.8115077490430281,-0.852630311938611,0.9573821714622082,0.7324402614682848,50006.00285289488,50324.566329883695,318.5634769888129,50008.488318592455,50198.600198779684,190.11188018722896,2.4009618675681077
UAV_0072,telemetry_16,232,-0.7001904929327178,-0.676636372842122,0.7001904929327178,0.676636372842122,-0.02737683588148932,-0.023922619008574644,-692.8648959266694,-699.8021254719972,-6.937229545327796,-693.1600971839174,-698.6213204430053,-5.4612232590878875,-2.081093335748664
UAV_0072,telemetry_18,232,0.9527000232868467,0.9546473210081319,-0.9527000232868467,-0.9546473210081319,0.004724381404124287,0.004817333280440369,-101.62033372368656,-100.33582577880628,1.284507944880275,-101.39361692815756,-100.54092728143101,0.8526896467265459,2.561951384678518
UAV_0072,telemetry_19,232,0.7921594818070635,0.8268154813959164,-0.7921594818070635,-0.8268154813959164,0.021165729502332815,0.016585266728524072,33503.670427916375,33511.25346546662,7.583037550248264,33504.081343659425,33508.29146513984,4.210121480413363,2.347700436584817
UAV_0072,telemetry_21,232,0.796964867992478,0.8356777952769106,-0.796964867992478,-0.8356777952769106,0.021752305562958506,0.016350417767198117,34960.90927305384,34967.82549976942,6.916226715577068,34960.715155328005,34965.03270926226,4.317553934255557,2.356895478776427
UAV_0072,telemetry_22,232,0.6428945777505404,0.6013381050506216,-0.6428945777505404,-0.6013381050506216,0.8235299932514254,0.9664130210990878,22933.777212406167,23177.35699823017,243.57978582400392,22983.253194047753,23148.67940255619,165.4262085084374,1.924125202244563
UAV_0072,telemetry_23,232,-0.8133741410947233,-0.8481872574665232,0.8133741410947233,0.8481872574665232,-0.376707844223264,-0.32387472643459336,-17358.564410979016,-17488.265640853195,-129.70122987417926,-17369.252359901286,-17443.664483129167,-74.41212322788124,-2.393856230602482
UAV_0072,telemetry_25,232,-0.759869307786485,-0.728332144137296,0.759869307786485,0.728332144137296,-0.008699694081984453,-0.008056660599079314,-171.77462254331334,-174.35722210034234,-2.582599557028999,-171.5503016306002,-173.23109233104458,-1.6807907004443905,-2.1873447012132434
UAV_0072,telemetry_26,232,0.7538764213034876,0.7277243993242216,-0.7538764213034876,-0.7277243993242216,0.6120273916464024,0.6503708076426877,-7906.941070058071,-7818.469372800074,88.47169725799722,-7907.601596106697,-7799.531104737095,108.07049136960177,1.9833761965290275
UAV_0072,telemetry_28,232,-0.7444242109520539,-0.719011933752203,0.7444242109520539,0.719011933752203,-0.5937035776094484,-0.5272909329634434,-9690.896371619232,-9949.732828556716,-258.8364569374844,-9712.393107413527,-9831.370557143422,-118.97744972989494,-2.222716886800073
UAV_0073,telemetry_07,215,0.6384388740499557,0.6449997360131594,-0.6384388740499557,-0.6449997360131594,0.00034444653585670025,0.0,140.5912754437698,140.7631728418209,0.17189739805110094,140.59127544376977,140.66523130107086,0.07395585730108678,2.2035078140654094
UAV_0073,telemetry_13,215,0.41104032069409163,0.3320171943297351,-0.41104032069409163,-0.3320171943297351,0.03264567251215089,0.027232239752894363,7136.888404479668,7145.032003435194,8.143598955526613,7130.914811805273,7137.355802099486,6.440990294213407,1.303634869238393
UAV_0073,telemetry_15,215,0.8763007992764893,0.9106203887891087,-0.8763007992764893,-0.9106203887891087,1.5679654402244942,1.431440098734882,49896.525568934536,50350.03907257419,453.5135036396532,49903.0891857233,50180.559774298374,277.47058857507363,2.492746956066784
UAV_0073,telemetry_16,215,-0.7405920466194518,-0.7298564859819854,0.7405920466194518,0.7298564859819854,-0.03690675140273124,-0.0333520651217677,-694.5992033130013,-703.270740244661,-8.671536931659716,-691.332252189911,-698.1484835454947,-6.8162313555837954,-2.1986801952964905
UAV_0073,telemetry_18,215,-0.2957201724909956,-0.19578594025453402,0.2957201724909956,0.19578594025453402,-0.00013990597885392926,-1.4749558937004232e-05,-103.06705371644262,-103.15025637201546,-0.08320265557284756,-103.06274963156176,-103.08820698160436,-0.025457350042600524,-0.8649726752384015
UAV_0073,telemetry_19,215,0.8232173594844449,0.8969112994759594,-0.8232173594844449,-0.8969112994759594,0.05798693704200776,0.05771920709450255,33498.27600290238,33511.24661960604,12.970616703663836,33498.792143057384,33507.74952380269,8.957380745305272,2.0441365472457242
UAV_0073,telemetry_21,215,0.8165709847245032,0.8954796007763478,-0.8165709847245032,-0.8954796007763478,0.0604565669953877,0.05783993091005599,34954.728815137794,34968.11980728923,13.390992151435057,34955.16000987612,34964.57442832964,9.41441845351801,2.0440357026392575
UAV_0073,telemetry_22,215,0.7576843059509384,0.7447983737817532,-0.7576843059509384,-0.7447983737817532,1.219364963486376,1.1271454086414967,22946.88856451392,23200.520386953867,253.63182243994743,22903.23148873601,23120.968020327997,217.7365315919851,2.1748554524451986
UAV_0073,telemetry_23,215,-0.8578013116170784,-0.8974329252094956,0.8578013116170784,0.8974329252094956,-0.5812777921296224,-0.521073857146549,-17328.10547448035,-17502.245326156186,-174.1398516758345,-17332.96820263682,-17436.17259879525,-103.2043961584277,-2.448193213250337
UAV_0073,telemetry_25,215,-0.5986244256784246,-0.49775306731832936,0.5986244256784246,0.49775306731832936,-0.008157303773210443,-0.006740565585086908,-171.41002025290925,-174.4787561971437,-3.0687359442344473,-171.4312180604909,-173.0839404582722,-1.6527223977813037,-1.9496301309187258
UAV_0073,telemetry_26,215,-0.8732704251238034,-0.9294550245596775,0.8732704251238034,0.9294550245596775,-0.8528239879387833,-0.7124939428520504,-7446.13157596843,-7679.216628136966,-233.0850521685361,-7435.170250053069,-7588.151507872415,-152.98125781934596,-2.518094877689939
UAV_0073,telemetry_28,215,-0.536363162589235,-0.4690695259484653,0.536363162589235,0.4690695259484653,-0.5058591548524295,-0.4713823288488598,-9712.83978128034,-9931.842092215553,-219.00231093521325,-9713.790009765842,-9814.181887778208,-100.39187801236585,-1.7110883123139389
UAV_0074,telemetry_07,193,,,,,0.0,0.0,140.5912754437698,140.5912754437698,0.0,140.59127544376975,140.59127544376975,0.0,0.0
UAV_0074,telemetry_13,193,0.7069139701947839,0.6890807782703915,-0.7069139701947839,-0.6890807782703915,0.06818843483751755,0.06168862407733135,7131.5951933692895,7146.450185624815,14.854992255525758,7134.300707464936,7145.544572547271,11.243865082335105,2.0868083783685076
UAV_0074,telemetry_15,193,0.8500374415927705,0.9017074346338991,-0.8500374415927705,-0.9017074346338991,1.2832891684184016,1.1038117605715123,50043.81106420061,50351.21094209264,307.3998778920359,50037.52946402884,50247.213452844066,209.68398881522444,2.4865082242675385
UAV_0074,telemetry_16,193,-0.7464482513608284,-0.744964379304114,0.7464482513608284,0.744964379304114,-0.03441563987085729,-0.035394028292488174,-692.8648959266694,-701.5364328583291,-8.671536931659716,-695.3107140355992,-700.8693915558938,-5.558677520294623,-2.1583727023894737
UAV_0074,telemetry_18,193,-0.07788924153303614,0.02092736766198387,0.07788924153303614,-0.02092736766198387,-1.4265199323085826e-05,2.2664531295071353e-07,-103.3372196822111,-103.32151109845512,0.0157085837559805,-103.32563736575483,-103.32703171037232,-0.0013943446174948804,-0.13629529331417709
UAV_0074,telemetry_19,193,0.721621687713534,0.7024731584851235,-0.721621687713534,-0.7024731584851235,0.008902650480571076,0.009040554597308393,33503.941413942324,33506.60609678449,2.664682842165348,33504.659015100675,33506.07213844937,1.4131233486987185,2.0506022500910315
UAV_0074,telemetry_21,193,0.7309136292155891,0.7234255506612328,-0.7309136292155891,-0.7234255506612328,0.00995440634878334,0.010033210902582307,34960.320658014214,34963.11657945243,2.795921438213554,34961.29036356027,34962.87886953258,1.5885059723077575,2.088096909545655
UAV_0074,telemetry_22,193,0.6345618554646161,0.6193124342765747,-0.6345618554646161,-0.6193124342765747,0.9141536266419819,0.9508993756840507,23063.579598272907,23232.570358772817,168.9907604999098,23057.079953638295,23196.093904832018,139.0139511937232,1.7275247051439164
UAV_0074,telemetry_23,193,-0.8581958203451118,-0.913073887612841,0.8581958203451118,0.913073887612841,-0.5312787589197422,-0.46658292960740655,-17387.083699763632,-17523.81522864316,-136.73152887952892,-17384.347236638016,-17470.4719785125,-86.12474187448606,-2.490594239021496
UAV_0074,telemetry_25,193,-0.841709024583028,-0.8326691359914296,0.841709024583028,0.8326691359914296,-0.011260535590140303,-0.010498157526174036,-172.23037540631844,-174.72182439074643,-2.49144898442799,-172.05430677890106,-173.81733024724397,-1.763023468342908,-2.3592400548700847
UAV_0074,telemetry_26,193,0.7964841506822332,0.7883041712993293,-0.7964841506822332,-0.7883041712993293,0.12561768057514228,0.13447242000500254,-7471.822600807203,-7448.284455144863,23.538145662339957,-7471.822600807203,-7452.932466084752,18.890134722450966,2.14423572119869
UAV_0074,telemetry_28,193,-0.8005551021113727,-0.7913840072645691,0.8005551021113727,0.7913840072645691,-0.7855515859986163,-0.7785767783932426,-9790.861497029337,-9935.062621148796,-144.20112411945956,-9761.98590159457,-9889.42235211126,-127.43645051669046,-2.3249910748553497
UAV_0075,telemetry_07,259,0.6522532877190049,0.665413091033241,-0.6522532877190049,-0.665413091033241,0.0003171851961883922,0.0,140.5912754437698,140.7631728418209,0.17189739805110094,140.59127544376977,140.67226556400541,0.08099012023564,2.223256025598926
UAV_0075,telemetry_13,259,0.6577952349042148,0.6359998894882616,-0.6577952349042148,-0.6359998894882616,0.04733180371978659,0.055826093881595346,7118.8410295548165,7143.79985488088,24.95882532606356,7128.729163605235,7139.114937390209,10.385773784973935,1.9267731873975897
UAV_0075,telemetry_15,259,0.8310703098146955,0.8785371809695625,-0.8310703098146955,-0.8785371809695625,1.033206406772776,0.8491994114758643,49955.920850316965,50328.69871186981,372.7778615528441,49960.92976223641,50187.101765399755,226.17200316334493,2.4285306462379213
UAV_0075,telemetry_16,259,-0.6511518723428793,-0.6065138730507749,0.6511518723428793,0.6065138730507749,-0.026500771722685553,-0.02408760258794334,-694.5992033130013,-703.270740244661,-8.671536931659716,-692.5313752754518,-698.2012263461522,-5.669851070700474,-1.8597282621086944
UAV_0075,telemetry_18,259,0.023001454760986126,0.05941318266899662,-0.023001454760986126,-0.05941318266899662,1.0393904313414205e-05,1.984272947575875e-06,-102.9771300616072,-103.0676307582078,-0.0905006966005999,-103.00293174768876,-103.00492099630205,-0.0019892486132846443,-0.05876513268631982
UAV_0075,telemetry_19,259,0.7897839503456483,0.8619397572885945,-0.7897839503456483,-0.8619397572885945,0.02307189453791623,0.018047469615477152,33502.79601554207,33511.18465704046,8.388641498386278,33502.69260419631,33507.90857181653,5.215967620220908,2.383493652960238
UAV_0075,telemetry_21,259,0.798040966294984,0.8693888867568579,-0.798040966294984,-0.8693888867568579,0.024837285279631256,0.019551898169325555,34958.70196665525,34967.3840384897,8.682071834446106,34959.146257814966,34964.68150309143,5.535245276463684,2.3741710071833966
UAV_0075,telemetry_22,259,0.6797216304146219,0.6607815549898612,-0.6797216304146219,-0.6607815549898612,0.8926438504890637,0.794580069021475,22915.712682835485,23304.537113675364,388.8244308398789,22936.724465059444,23129.290445214643,192.5659801551992,1.9574311918393326
UAV_0075,telemetry_23,259,-0.8269866159189451,-0.8647930322348926,0.8269866159189451,0.8647930322348926,-0.4138428239406015,-0.324141876496573,-17338.811164028357,-17493.248988844363,-154.43782481600647,-17349.46835810579,-17440.012332307917,-90.54397420212626,-2.4153310913907924
UAV_0075,telemetry_25,259,-0.7802931681624371,-0.7632820963564049,0.7802931681624371,0.7632820963564049,-0.009439330621899571,-0.009296563750024935,-171.50117082551026,-174.72182439074643,-3.2206535652361765,-171.1091065036174,-173.10740751833217,-1.9983010147147695,-2.205116720952166
UAV_0075,telemetry_26,259,-0.8558508423571412,-0.9373656038435597,0.8558508423571412,0.9373656038435597,-0.6213541903225571,-0.4841415195574825,-7452.159637662444,-7677.35079951739,-225.19116185494659,-7454.213153184583,-7589.284240693718,-135.0710875091354,-2.4835637627087945
UAV_0075,telemetry_28,259,-0.7399707311187347,-0.716551895621663,0.7399707311187347,0.716551895621663,-0.6152680964910126,-0.5012013770492811,-9665.12150646673,-9950.088947228744,-284.9674407620132,-9687.43126635092,-9823.103816545121,-135.67255019420008,-2.178192213034031
UAV_0076,telemetry_07,153,,,,,0.0,0.0,140.5912754437698,140.5912754437698,0.0,140.5912754437698,140.5912754437698,0.0,0.0
UAV_0076,telemetry_13,153,0.6302625859896571,0.6303492688941604,-0.6302625859896571,-0.6303492688941604,0.06012892114209109,0.07221620175595854,7142.836241108927,7147.611303708005,4.775062599077501,7136.7351482039785,7144.307365536574,7.572217332595756,1.7912068149346403
UAV_0076,telemetry_15,153,-0.7934069451098553,-0.7937976366354511,0.7934069451098553,0.7937976366354511,-0.638646886797509,-0.6084458659982628,49904.543623534446,49766.263020357495,-138.28060317695054,49884.57210192803,49805.1973405723,-79.37476135573525,-2.2253697386532423
UAV_0076,telemetry_16,153,-0.6517429783582133,-0.6442457085160758,0.6517429783582133,0.6442457085160758,-0.033971161126400966,-0.030161867588382213,-698.0678180856652,-699.8021254719972,-1.7343073863320342,-696.2775652997741,-700.9210334631792,-4.643468163405146,-2.010448669360757
UAV_0076,telemetry_18,153,0.96724458736858,0.9717106938469168,-0.96724458736858,-0.9717106938469168,0.007818308701782881,0.007656442273597657,-104.9877623864921,-103.45156165379184,1.5362007327002516,-104.68014299112176,-103.72291598977407,0.9572270013476896,2.672532416162274
UAV_0076,telemetry_19,153,0.8215862048606977,0.8105926581158779,-0.8215862048606977,-0.8105926581158779,0.01615745599697333,0.017113560635691017,33504.98931046327,33509.23465753687,4.245347073599987,33505.87667375785,33507.78008041949,1.9034066616441123,2.1842195439804892
UAV_0076,telemetry_21,153,0.7702586629105643,0.7585363611639682,-0.7702586629105643,-0.7585363611639682,0.014654631404470111,0.014159881027999524,34962.08650313309,34965.765347130735,3.678843997644435,34962.603914740495,34964.46944466447,1.8655299239762826,2.2128320798777987
UAV_0076,telemetry_22,153,0.6505289325038637,0.6277349639946612,-0.6505289325038637,-0.6277349639946612,1.0815864345842368,0.9301296881297151,22984.183077175967,23378.397730549037,394.2146533730702,23068.77714502243,23210.031991493688,141.25484647125631,1.917314204295936
UAV_0076,telemetry_23,153,0.5211821198843714,0.5371852090118343,-0.5211821198843714,-0.5371852090118343,0.13282634266907348,0.11859455589898057,-17338.82006362186,-17297.716261962825,41.103801659035526,-17333.053212865998,-17316.454482582136,16.598730283862096,1.4698218818691995
UAV_0076,telemetry_25,153,-0.8096541829012616,-0.8030425586783424,0.8096541829012616,0.8030425586783424,-0.011929156443071447,-0.011714129812179647,-172.19999188211813,-174.8433584875478,-2.6433666054296623,-172.65378451775544,-174.13669652146885,-1.482912003713409,-2.2713797921731365
UAV_0076,telemetry_26,153,0.9697314040371791,0.9710807768083308,-0.9697314040371791,-0.9710807768083308,2.007414553923544,2.035708939944055,-7817.654386585389,-7523.0952379561395,294.55914862924965,-7807.864312742028,-7561.5439940656815,246.3203186763467,2.685339354437882
UAV_0076,telemetry_28,153,-0.7966775485637762,-0.78360674413306,0.7966775485637762,0.78360674413306,-0.8346899817060147,-0.7981877899833727,-9813.589661331334,-9939.439500677883,-125.84983934654883,-9794.607706969742,-9899.067051254873,-104.45934428513101,-2.2500347211666067
UAV_0077,telemetry_07,255,0.7808489490090031,0.7944155427999732,-0.7808489490090031,-0.7944155427999732,0.0004731109634005448,0.0,140.5912754437698,140.7631728418209,0.17189739805110094,140.59127544376977,140.6873357544454,0.09606031067562526,2.1495549668670137
UAV_0077,telemetry_13,255,0.6136227321566294,0.5987689613246874,-0.6136227321566294,-0.5987689613246874,0.037196284959394206,0.039484141952925475,7128.787123599026,7143.675060338404,14.887936739378347,7131.003698554142,7138.633023631433,7.629325077291469,1.7064302611966062
UAV_0077,telemetry_15,255,0.8271341825799757,0.8626214418733958,-0.8271341825799757,-0.8626214418733958,0.9164268671896693,0.749800245715464,50013.58916609325,50370.63930516165,357.0501390684003,50025.685181494206,50223.12040347963,197.43522198542632,2.416035651558726
UAV_0077,telemetry_16,255,-0.643064467083674,-0.6090122152945411,0.643064467083674,0.6090122152945411,-0.023072051858176353,-0.024835092100925313,-692.8648959266694,-705.005047630993,-12.140151704323557,-694.4291731770865,-699.4960712273504,-5.066898050263944,-1.9147452907146283
UAV_0077,telemetry_18,255,-0.05775602009528964,-0.05172967809170913,0.05775602009528964,0.05172967809170913,-9.309844052715548e-06,3.848085779840741e-06,-103.24277976318704,-103.23775716480108,0.005022598385963306,-103.24020794126537,-103.24269447848557,-0.0024865372202071967,-0.20914638728975055
UAV_0077,telemetry_19,255,0.8087663740061267,0.8069397000926355,-0.8087663740061267,-0.8069397000926355,0.019283316831825343,0.01704297335294989,33505.28434598577,33511.27218092168,5.98783493591327,33504.847095121855,33509.03982537944,4.192730257585936,2.384178801536687
UAV_0077,telemetry_21,255,0.8292425612304757,0.8512842136727908,-0.8292425612304757,-0.8512842136727908,0.02120415221606036,0.017538983118854823,34961.497888093465,34967.67834600951,6.18045791604527,34961.37958801197,34965.94712530473,4.567537292758061,2.421828151992657
UAV_0077,telemetry_22,255,0.6818159212826483,0.647910309640309,-0.6818159212826483,-0.647910309640309,0.8476975642981264,0.8086398818781562,23072.029136297904,23226.597409479284,154.56827318137948,23002.296167310007,23183.70129300824,181.40512569823113,1.9782278301616159
UAV_0077,telemetry_23,255,-0.8240760608252868,-0.842530540759611,0.8240760608252868,0.842530540759611,-0.34513911856843565,-0.28845392885860777,-17380.459986441052,-17496.740463181213,-116.28047674016125,-17378.294346068054,-17453.839844300222,-75.54549823216803,-2.445582130846453
UAV_0077,telemetry_25,255,-0.7920858597105137,-0.7765809291743407,0.7920858597105137,0.7765809291743407,-0.008038409726940777,-0.007526194067974468,-172.16960835791775,-174.4787561971437,-2.3091478392259432,-171.67632290619454,-173.44571637433214,-1.7693934681375936,-2.3638890629581226
UAV_0077,telemetry_26,255,-0.8610612268464397,-0.9416369503492051,0.8610612268464397,0.9416369503492051,-0.5298778858821859,-0.43216167795263477,-7508.708597363431,-7687.541094285842,-178.83249692241043,-7506.195497880354,-7620.04481432822,-113.84931644786593,-2.5083562441651415
UAV_0077,telemetry_28,255,-0.7230566401570434,-0.6933179423344141,0.7230566401570434,0.6933179423344141,-0.5364998536544817,-0.42919159738839935,-9705.883266422605,-9904.077734900437,-198.19446847783183,-9720.37425624298,-9837.181713031932,-116.80745678895255,-2.134390255050416
UAV_0078,telemetry_07,221,,,,,0.0,0.0,140.5912754437698,140.5912754437698,0.0,140.59127544376977,140.59127544376977,0.0,0.0
UAV_0078,telemetry_13,221,0.7445815569752379,0.7381191145897027,-0.7445815569752379,-0.7381191145897027,0.06341619632032179,0.056068956971822896,7135.310573621496,7147.311875666375,12.001302044879594,7132.262321772131,7143.92574337109,11.663421598958848,2.141687285377334
UAV_0078,telemetry_15,221,-0.01672885136248039,-0.000214571578105872,0.01672885136248039,0.000214571578105872,-0.0051024189529928505,-0.008130752029190919,50041.89906656525,50104.37821510149,62.47914853623661,50067.97487661027,50063.80137639544,-4.173500214834348,-0.2139973751863359
UAV_0078,telemetry_16,221,-0.6794138717865771,-0.6708506646231135,0.6794138717865771,0.6708506646231135,-0.025586466493184815,-0.021411202300395133,-696.3335106993333,-701.5364328583291,-5.202922158995875,-695.0231451185492,-699.8792058002786,-4.856060681729332,-2.016629890809086
UAV_0078,telemetry_18,221,0.9685894137999633,0.969705493234905,-0.9685894137999633,-0.969705493234905,0.013304877030705107,0.01314450813142124,-99.80682357246911,-96.74556118859034,3.06126238387877,-99.6629081389536,-97.34990945924187,2.3129986797117255,2.6334327785890035
UAV_0078,telemetry_19,221,0.837106854057231,0.8428474546121605,-0.837106854057231,-0.8428474546121605,0.012543326229531908,0.013347225577190433,33503.597130631395,33506.84658080383,3.2494501724358997,33504.20201222562,33506.43684787274,2.2348356471193256,2.3325543356430973
UAV_0078,telemetry_21,221,0.8059830262237311,0.7977176527009254,-0.8059830262237311,-0.7977176527009254,0.012934747928710393,0.011196481731926526,34960.90927305384,34964.73527081139,3.8259977575507946,34960.80463038013,34963.24738279457,2.442752414441202,2.3804846003509703
UAV_0078,telemetry_22,221,0.6783080987702554,0.6715838338860842,-0.6783080987702554,-0.6715838338860842,0.9013862444375217,1.0197718306029409,22935.67107437729,23276.12918410857,340.4581097312803,23020.28299997931,23177.716346399055,157.43334641974434,1.8528096418601405
UAV_0078,telemetry_23,221,-0.5056029780816982,-0.5143729084905555,0.5056029780816982,0.5143729084905555,-0.0767939205168053,-0.08211828539784066,-17391.59183792969,-17413.675243506263,-22.08340557657357,-17392.544793067613,-17404.62555553375,-12.080762466135639,-1.2439276677077293
UAV_0078,telemetry_25,221,-0.8257105911138981,-0.8362416670295298,0.8257105911138981,0.8362416670295298,-0.01045278761840432,-0.01012784140011362,-171.9569236885154,-174.8737420117481,-2.916818323232718,-171.88467841986125,-173.82989915810973,-1.94522073824848,-2.4031596240233086
UAV_0078,telemetry_26,221,0.9754086617402166,0.9760492289904054,-0.9754086617402166,-0.9760492289904054,3.059586589775579,3.081656210163832,-7985.483811583874,-7339.098593193752,646.3852183901217,-7983.561751541983,-7443.274106224512,540.2876453174704,2.6938095906384345
UAV_0078,telemetry_28,221,-0.841123908066484,-0.8379734732675909,0.841123908066484,0.8379734732675909,-0.8197165783102607,-0.7584531947589905,-9739.567163364198,-9981.11396090719,-241.54679754299286,-9738.001070923245,-9887.23657561265,-149.23550468940448,-2.3948946651949314
UAV_0079,telemetry_07,166,,,,,0.0,0.0,140.5912754437698,140.5912754437698,0.0,140.59127544376977,140.59127544376977,0.0,
UAV_0079,telemetry_13,166,0.725208658846088,0.7146237645191545,-0.725208658846088,-0.7146237645191545,0.084119263109611,0.08605873689814994,7137.832539133601,7150.088596179211,12.25605704560985,7133.042778545161,7144.498981112666,11.456202567504988,2.0548803958766033
UAV_0079,telemetry_15,166,-0.7521651855239736,-0.7567431076871948,0.7521651855239736,0.7567431076871948,-0.629198783392593,-0.6018049527643861,50034.744494768405,49916.44735074816,-118.29714402024547,50050.889446338355,49965.362925926136,-85.52652041221882,-2.1271812711331477
UAV_0079,telemetry_16,166,-0.6381780508985488,-0.6178135593879394,0.6381780508985488,0.6178135593879394,-0.03363262574460901,-0.03211680345059165,-692.8648959266694,-701.5364328583291,-8.671536931659716,-695.0072756391971,-699.0879989011546,-4.080723261957473,-1.6110038406383844
UAV_0079,telemetry_18,166,-0.11852887389958013,0.0693810626283031,0.11852887389958013,-0.0693810626283031,-4.2040756887116713e-05,7.1872114474452455e-06,-103.33220465800612,-103.3220492072156,0.010155450790520604,-103.32640300844294,-103.3271010997096,-0.0006980912666563199,-0.04094908296030301
UAV_0079,telemetry_19,166,0.8517596906442173,0.8548917499065397,-0.8517596906442173,-0.8548917499065397,0.018741632927869276,0.019368155813231105,33504.3590846348,33508.16619609296,3.807111458161671,33504.159906428446,33506.65313581291,2.4932293844613014,2.357492044734097
UAV_0079,telemetry_21,166,0.8317837358311417,0.8333465439017449,-0.8317837358311417,-0.8333465439017449,0.020489822678118472,0.020260300276909813,34961.35073433356,34964.882424571304,3.5316902377453516,34960.84002422565,34963.60997735329,2.7699531276448397,2.339499667334798
UAV_0079,telemetry_22,166,0.6578425309664416,0.633237598727108,-0.6578425309664416,-0.633237598727108,1.0852510546320904,1.096849572006763,23018.709637726377,23276.857592559,258.14795483262424,23001.54490682976,23145.63695259171,144.09204576195043,1.8172307722396959
UAV_0079,telemetry_23,166,0.6064078564270411,0.5770867902748721,-0.6064078564270411,-0.5770867902748721,0.14388965790656377,0.1685767115224983,-17395.914034526282,-17345.63183414437,50.282200381912844,-17389.56588626863,-17369.44312395155,20.122762317078013,1.7644167829712738
UAV_0079,telemetry_25,166,-0.8300818137340146,-0.8230509275950842,0.8300818137340146,0.8230509275950842,-0.013314699536108443,-0.013210227913191888,-171.41002025290925,-174.417989148743,-3.0079688958337556,-171.8094742328373,-173.62801751953413,-1.818543286696837,-2.35880215015973
UAV_0079,telemetry_26,166,0.8325909050682101,0.8235513280606945,-0.8325909050682101,-0.8235513280606945,0.18192695768963105,0.17859069206055697,-7478.71181417179,-7435.367180086263,43.344634085527105,-7476.1705724772555,-7451.741725822313,24.42884665494239,2.326033216437225
UAV_0079,telemetry_28,166,-0.7995486815144937,-0.7943661417581048,0.7995486815144937,0.7943661417581048,-1.0088375244068906,-1.0059446422261074,-9700.181976702464,-9917.42963116644,-217.24765446397578,-9729.705605470519,-9875.465111485657,-145.75950601513796,-2.4034711581020805
UAV_0080,telemetry_07,147,,,,,0.0,0.0,140.5912754437698,140.5912754437698,0.0,140.59127544376983,140.59127544376983,0.0,0.0
UAV_0080,telemetry_13,147,0.7043761896341165,0.6939908877286569,-0.7043761896341165,-0.6939908877286569,0.08815423505734252,0.08980720453018423,7136.244915250995,7151.866560853899,15.6216456029033,7133.65840351665,7143.913769184673,10.255365668022932,1.9244814701760316
UAV_0080,telemetry_15,147,-0.8061009130060351,-0.8061439887573475,0.8061009130060351,0.8061439887573475,-0.8326492577545178,-0.779339653575002,50048.12847821596,49865.31683333795,-182.8116448780056,50035.63059259728,49937.50605158584,-98.12454101143521,-2.2310332872261887
UAV_0080,telemetry_16,147,-0.7536457027495079,-0.7626248207741927,0.7536457027495079,0.7626248207741927,-0.047063181270815616,-0.04230018015443709,-692.8648959266694,-705.005047630993,-12.140151704323557,-694.5992033130012,-700.2646074416856,-5.665404128684372,-2.130678578327629
UAV_0080,telemetry_18,147,-0.19263149608697416,-0.17394162403947142,0.19263149608697416,0.17394162403947142,-4.279830411307535e-05,-3.3450179833326805e-05,-103.3279758094598,-103.339561731241,-0.011585921781204434,-103.32345393999863,-103.3295288442553,-0.0060749042566641265,-0.6421570765519103
UAV_0080,telemetry_19,147,0.8213923004181504,0.8205691013910191,-0.8213923004181504,-0.8205691013910191,0.02069559253125507,0.019519073579361224,33504.36527815651,33508.312769272205,3.9474911156939925,33504.49467346713,33507.018168870796,2.5234954036641284,2.352211551482019
UAV_0080,telemetry_21,147,0.791786590494982,0.7967211193857634,-0.791786590494982,-0.7967211193857634,0.020598902393643127,0.020255408847548343,34960.90927305384,34965.323885851016,4.414612797176233,34961.16924469634,34963.621807361444,2.4525626651011407,2.2140390343400904
UAV_0080,telemetry_22,147,0.664764966721595,0.6332139831474367,-0.664764966721595,-0.6332139831474367,1.3073327083127078,1.4805606915510037,22963.35059549365,23290.988716497355,327.6381210037034,23021.67183209146,23187.452739353135,165.78090726167648,1.9797830740383882
UAV_0080,telemetry_23,147,0.6759899599313853,0.6485655350625997,-0.6759899599313853,-0.6485655350625997,0.1987144149499803,0.2008993057332494,-17384.66838380826,-17339.464869628842,45.20351417941856,-17383.401496946106,-17359.121462520823,24.280034425282793,1.939819270483466
UAV_0080,telemetry_25,147,-0.818567078328639,-0.8063110571658433,0.818567078328639,0.8063110571658433,-0.015304596365215724,-0.014305514432683866,-172.01769073691605,-174.29645505194165,-2.2787643150255974,-172.012626816216,-173.86906014485686,-1.8564333286408612,-2.3319157105148065
UAV_0080,telemetry_26,147,0.8180512269376936,0.8116466863662458,-0.8180512269376936,-0.8116466863662458,0.19898273722024515,0.19403679971149235,-7478.281238336504,-7447.56682875272,30.7144095837848,-7473.109544137116,-7449.317837149551,23.791706987564794,2.2971629340704633
UAV_0080,telemetry_28,147,-0.7987607318679247,-0.7818003913894326,0.7987607318679247,0.7818003913894326,-1.093240568726373,-1.105502244287098,-9744.86911368264,-9900.922553666464,-156.0534399838234,-9749.60144469461,-9877.879128459306,-128.27768376469612,-2.201167917715017
UAV_0081,telemetry_07,347,0.687116885697284,0.6990301669100593,-0.687116885697284,-0.6990301669100593,0.0002608232740394377,0.0,140.5912754437698,140.67722414279535,0.08594869902555047,140.59127544376983,140.6759963042378,0.0847208604679679,2.2249020738851946
UAV_0081,telemetry_13,347,0.6466551135594889,0.6251821616302841,-0.6466551135594889,-0.6251821616302841,0.0310986362228583,0.03223898439851662,7132.188491471877,7140.459727451558,8.271235979681478,7128.888044793083,7138.045279436121,9.157234643037555,1.89815633296585
UAV_0081,telemetry_15,347,0.8358485941980947,0.8896868975592784,-0.8358485941980947,-0.8896868975592784,0.7348900037260521,0.5795379695665275,49987.99306871661,50356.82358031258,368.8305115959665,49976.054978411754,50194.447401405545,218.39242299379112,2.476162297891666
UAV_0081,telemetry_16,347,-0.7433271878294093,-0.731575577507126,0.7433271878294093,0.731575577507126,-0.021301538853341066,-0.018851167242738266,-691.1305885403375,-699.8021254719972,-8.671536931659716,-692.914447566279,-699.2075057966834,-6.2930582304044265,-2.1891073199178344
UAV_0081,telemetry_18,347,0.2222179458175968,0.10633615160902499,-0.2222179458175968,-0.10633615160902499,4.8229398724581376e-05,3.0462682498592504e-06,-103.05448749071294,-103.0724442521592,-0.01795676144625702,-103.07594966772031,-103.0683537628676,0.007595904852706781,0.34888561296972537
UAV_0081,telemetry_19,347,0.8248386583640908,0.8720396760524303,-0.8248386583640908,-0.8720396760524303,0.016331334907234506,0.01289817843658717,33503.18244207332,33511.514426000416,8.331983927098918,33503.342674755804,33508.240669825085,4.8979950692810235,2.466050293083519
UAV_0081,telemetry_21,347,0.8153395497922853,0.8555639075776417,-0.8153395497922853,-0.8555639075776417,0.016865889660849027,0.013145329963521406,34960.17350425431,34968.56126856895,8.387764314640663,34959.982204366424,34964.99173879294,5.00953442651371,2.414142399445527
UAV_0081,telemetry_22,347,0.6472096786132495,0.5979254938376131,-0.6472096786132495,-0.5979254938376131,0.6291586520996212,0.6552230889752669,22982.14353351476,23337.16981225465,355.0262787398897,22967.14248176989,23153.629613249144,186.48713147925446,1.9123613700876194
UAV_0081,telemetry_23,347,-0.8260091978111587,-0.8790874714730723,0.8260091978111587,0.8790874714730723,-0.28134998958021207,-0.24034501414190276,-17359.71154186031,-17515.567180868406,-155.85563900809575,-17357.553773647665,-17440.73577542883,-83.18200178116604,-2.4344654256030163
UAV_0081,telemetry_25,347,-0.7872450139318172,-0.7908671238814647,0.7872450139318172,0.7908671238814647,-0.006863854808806503,-0.005357168165161878,-171.13656853510616,-174.66105734234574,-3.524488807239578,-171.22120835252142,-173.23910840976976,-2.0179000572483403,-2.3071601758136273
UAV_0081,telemetry_26,347,-0.8489450886223122,-0.9474360440220172,0.8489450886223122,0.9474360440220172,-0.4315686162595467,-0.3324586366051101,-7468.377994124909,-7672.614465329236,-204.23647120432724,-7469.747635353345,-7597.638910239099,-127.89127488575377,-2.507881000513429
UAV_0081,telemetry_28,347,-0.7501421732708561,-0.7299286173408106,0.7501421732708561,0.7299286173408106,-0.42955754331694446,-0.4213801977859914,-9724.11750390422,-9895.625998836702,-171.5084949324828,-9697.206092690574,-9821.710161933413,-124.50406924283925,-2.1674148372040207
UAV_0082,telemetry_07,285,0.7527360355386679,0.7617739503489624,-0.7527360355386679,-0.7617739503489624,0.0003713169857386914,0.0,140.5912754437698,140.7631728418209,0.17189739805110094,140.59127544376977,140.68174775853353,0.09047231476375828,2.22535227329826
UAV_0082,telemetry_13,285,0.6492598092885958,0.6500220313415273,-0.6492598092885958,-0.6500220313415273,0.0358958221317771,0.032633693974553735,7129.611065707439,7144.365295936054,14.754230228615597,7130.319587921223,7139.141392323747,8.821804402524322,1.936052884280746
UAV_0082,telemetry_15,285,0.8282875322370185,0.8653240913852255,-0.8282875322370185,-0.8653240913852255,0.7929742180129072,0.7068369294227435,49987.86971403046,50342.02101797428,354.1513039438214,50025.732028268714,50215.707983471424,189.97595520270988,2.4077193894948787
UAV_0082,telemetry_16,285,-0.6857346405262803,-0.6652579384397965,0.6857346405262803,0.6652579384397965,-0.022395038538533394,-0.021953258054834435,-696.3335106993333,-703.270740244661,-6.937229545327796,-693.8993950693939,-699.3761552367578,-5.476760167363864,-2.0347599192363983
UAV_0082,telemetry_18,285,0.6712078015877718,0.5753435593316987,-0.6712078015877718,-0.5753435593316987,0.0003790588302075191,0.0001327064331783472,-103.2374868320522,-103.15941017619244,0.07807665585976054,-103.22876249854824,-103.14168951605957,0.0870729824886638,1.8707638737461159
UAV_0082,telemetry_19,285,0.797429014182291,0.8073040376969214,-0.797429014182291,-0.8073040376969214,0.01654963737005677,0.013723347357702566,33505.07667018201,33511.2615478713,6.184877689287532,33504.64723289145,33508.642192416584,3.99495952513098,2.3356142228367913
UAV_0082,telemetry_21,285,0.826006483853092,0.8682085282728507,-0.826006483853092,-0.8682085282728507,0.018175385343186884,0.015209013978162829,34960.90927305384,34968.41411480904,7.504841755202506,34961.08740655267,34965.540744023514,4.453337470840779,2.455673436970148
UAV_0082,telemetry_22,285,0.6359857523748901,0.6100779042517166,-0.6359857523748901,-0.6100779042517166,0.6891198490723544,0.6446245056601456,22966.26422929537,23196.0042545612,229.7400252658299,23002.993905930947,23160.825960134083,157.83205420313607,1.7673925199120104
UAV_0082,telemetry_23,285,-0.8341402499687135,-0.8574079737904793,0.8341402499687135,0.8574079737904793,-0.31710315342143996,-0.2834905433181675,-17377.203571169317,-17502.959984934132,-125.75641376481508,-17374.74860625844,-17450.907455446777,-76.15884918833763,-2.4307711115321564
UAV_0082,telemetry_25,285,-0.7918279190426091,-0.7909922148908186,0.7918279190426091,0.7909922148908186,-0.007153225389125073,-0.005867869296373195,-171.8050060675137,-174.235688003541,-2.430681936027298,-171.60085010665878,-173.2969970190357,-1.6961469123769177,-2.2781249670222943
UAV_0082,telemetry_26,285,-0.8538793148234536,-0.9284100881967748,0.8538793148234536,0.9284100881967748,-0.4489522819912985,-0.3412585274757126,-7504.689889567422,-7683.665911768261,-178.976022200839,-7503.028017922456,-7610.591401149224,-107.56338322676856,-2.482252402830723
UAV_0082,telemetry_28,285,-0.6813927190778901,-0.6332144504865038,0.6813927190778901,0.6332144504865038,-0.4315723223937569,-0.44974046166600123,-9741.718919808509,-9956.246042656654,-214.52712284814515,-9729.457236335746,-9835.309888181877,-105.85265184613127,-2.027826634237646
UAV_0083,telemetry_07,181,,,,,0.0,0.0,140.5912754437698,140.5912754437698,0.0,140.59127544376977,140.59127544376977,0.0,0.0
UAV_0083,telemetry_13,181,0.6465455518417401,0.6294962864023637,-0.6465455518417401,-0.6294962864023637,0.06318534437255516,0.06380204297570354,7128.463736507493,7142.916089018411,14.45235251091799,7134.50622074244,7143.436329982494,8.930109240053753,1.7440349526177488
UAV_0083,telemetry_15,181,0.8206275990969275,0.8235763156278111,-0.8206275990969275,-0.8235763156278111,0.810481079222032,0.7229341198322097,50031.9073369869,50194.550490678965,162.64315369206452,49997.811434952266,50119.33913818553,121.52770323326695,2.3485194976060955
UAV_0083,telemetry_16,181,-0.7665821148007598,-0.7705727253684821,0.7665821148007598,0.7705727253684821,-0.0387308643639792,-0.034686147726639166,-694.5992033130013,-705.005047630993,-10.405844317991637,-694.9741886938299,-700.7395889240685,-5.765400230238583,-2.1779434333630525
UAV_0083,telemetry_18,181,0.05186784737216981,0.15934470685851898,-0.05186784737216981,-0.15934470685851898,8.420736336761905e-06,1.9450878516700473e-05,-103.32440680444893,-103.33322546452072,-0.008818660071796103,-103.32699347791488,-103.32505856838327,0.001934909531613016,0.2274701743674185
UAV_0083,telemetry_19,181,0.731512753283227,0.7159310302956712,-0.731512753283227,-0.7159310302956712,0.009552903937332517,0.009924486899308249,33505.10756496056,33507.13782950768,2.0302645471165306,33504.789206319845,33506.29629749906,1.507091179213603,2.2026305631291687
UAV_0083,telemetry_21,181,0.7243718722820133,0.7161706687385694,-0.7243718722820133,-0.7161706687385694,0.010460654019079458,0.010767348285831181,34961.20358057365,34964.14665577177,2.9430751981199137,34961.513796608044,34963.05692252275,1.543125914708071,2.039481386975082
UAV_0083,telemetry_22,181,0.6585810651752602,0.6381119871826385,-0.6585810651752602,-0.6381119871826385,1.1199284716271323,1.197425695223049,22972.67422365916,23260.68692495944,288.0127013002784,23013.29579113534,23186.991676490732,173.6958853553915,1.9495039824592408
UAV_0083,telemetry_23,181,-0.825657688407545,-0.8462833667253556,0.825657688407545,0.8462833667253556,-0.36820363383123866,-0.35817115162197544,-17373.462448824535,-17468.296246966496,-94.83379814196087,-17370.529194009538,-17425.379689344125,-54.85049533458732,-2.347513803101887
UAV_0083,telemetry_25,181,-0.8275977069892568,-0.8138040578779592,0.8275977069892568,0.8138040578779592,-0.011314024318270388,-0.01031494897852209,-172.1088413095171,-174.38760562454266,-2.278764315025569,-172.05710720074356,-173.75858455596264,-1.7014773552190832,-2.375439565932503
UAV_0083,telemetry_26,181,0.786371422910403,0.7501635579397598,-0.786371422910403,-0.7501635579397598,0.14610195409106194,0.13826632467130107,-7467.516842454336,-7441.395241780276,26.121600674060574,-7471.264015939802,-7450.049428163381,21.214587776421467,2.179324679540335
UAV_0083,telemetry_28,181,-0.8022666892824767,-0.79394491328193,0.8022666892824767,0.79394491328193,-0.8885078823372055,-0.9102876781474247,-9760.568819340706,-9971.201795092556,-210.6329757518506,-9753.862161068644,-9885.287898501314,-131.42573743266985,-2.2649235084651216
UAV_0084,telemetry_07,226,0.68824596324131,0.701473967601353,-0.68824596324131,-0.701473967601353,0.0004043172981852464,0.0,140.5912754437698,140.7631728418209,0.17189739805110094,140.59127544376975,140.67909259277417,0.08781714900442239,2.286252317857957
UAV_0084,telemetry_13,226,0.6398803825774615,0.6026717606850935,-0.6398803825774615,-0.6026717606850935,0.05016752602408715,0.04771127257725582,7131.887817834617,7147.08887432719,15.201056492573116,7129.835181095792,7139.307501175725,9.472320079932615,1.847804204297141
UAV_0084,telemetry_15,226,0.8363845071702318,0.9012054655832051,-0.8363845071702318,-0.9012054655832051,1.1278386617019174,0.9477435122473566,49989.53500229352,50335.48321960819,345.948217314668,49980.228427548034,50198.310126983015,218.0816994349807,2.4734418194961076
UAV_0084,telemetry_16,226,-0.6824698433772954,-0.6726992852754259,0.6824698433772954,0.6726992852754259,-0.028812495094176965,-0.022670684788652556,-692.8648959266694,-699.8021254719972,-6.937229545327796,-693.0157052646114,-698.5579484339763,-5.542243169364951,-2.007759311004938
UAV_0084,telemetry_18,226,0.2404232140848319,0.21407820357880786,-0.2404232140848319,-0.21407820357880786,0.00010403868762544048,1.7288103488410117e-05,-103.07750314167082,-103.06987318898784,0.007629952682975727,-103.06569419901005,-103.05025212834244,0.015442070667617713,0.5457711112824374
UAV_0084,telemetry_19,226,0.8217260632792261,0.8554993307603341,-0.8217260632792261,-0.8554993307603341,0.024767786614626176,0.01879502236137933,33503.28949775801,33511.586917841305,8.297420083297766,33503.47992676361,33508.21629000329,4.736363239680941,2.4033019634403074
UAV_0084,telemetry_21,226,0.8226888941365705,0.8718031822606207,-0.8226888941365705,-0.8718031822606207,0.026253196073556438,0.02075026506706618,34959.29058169488,34968.41411480904,9.123533114165184,34960.02954948918,34965.07436425814,5.044814768953074,2.4178099035298373
UAV_0084,telemetry_22,226,0.6681866096258445,0.6330664507125836,-0.6681866096258445,-0.6330664507125836,0.9878631995371634,0.9528423613286179,22987.533756047946,23250.19784327324,262.66408722529377,22971.553108044154,23152.42959425913,180.87648621497647,1.871141144297163
UAV_0084,telemetry_23,226,-0.8404779823276175,-0.8808800176731251,0.8404779823276175,0.8808800176731251,-0.4498742140901768,-0.3612566680403915,-17367.959150484476,-17499.141472210977,-131.18232172650096,-17359.092229089252,-17444.62669812384,-85.53446903458826,-2.4439925547310244
UAV_0084,telemetry_25,226,-0.7893464626243116,-0.7887797371760134,0.7893464626243116,0.7887797371760134,-0.010555065660710877,-0.009099395649689835,-171.3796367287089,-174.6914408665461,-3.3118041378371856,-171.26008416609452,-173.2561496037778,-1.996065437683285,-2.2829950897855698
UAV_0084,telemetry_26,226,-0.8456688548022865,-0.935681716248342,0.8456688548022865,0.935681716248342,-0.6544405041141087,-0.5110122327402407,-7479.429440563936,-7682.948285376117,-203.51884481218167,-7473.360817378193,-7598.6115837253965,-125.25076634720335,-2.4753352836497355
UAV_0084,telemetry_28,226,-0.7265658224372586,-0.6903668472964016,0.7265658224372586,0.6903668472964016,-0.6653897892952423,-0.5611596609038321,-9693.298241708844,-9937.721042924632,-244.42280121578733,-9700.143358798105,-9829.003295551316,-128.8599367532115,-2.1519898638429154
UAV_0085,telemetry_07,266,0.7461752959391101,0.7621332608540666,-0.7461752959391101,-0.7621332608540666,0.0004182621777971625,0.0,140.5912754437698,140.7631728418209,0.17189739805110094,140.59127544376975,140.68677399824264,0.09549855447289701,2.2145385461904987
UAV_0085,telemetry_13,266,0.6707242557268651,0.6450279822940859,-0.6707242557268651,-0.6450279822940859,0.04361042680973336,0.04579704213147341,7125.107337217311,7150.545481738407,25.438144521095637,7129.784835517602,7139.517189931503,9.732354413900794,1.9456546888922313
UAV_0085,telemetry_15,266,0.8420995424649157,0.8837117073822937,-0.8420995424649157,-0.8837117073822937,0.9032264414179527,0.8296806680882822,50011.55381377174,50300.01874733935,288.46493356761493,50005.052564942285,50204.96939296677,199.91682802448486,2.422759555069523
UAV_0085,telemetry_16,266,-0.7263292035336446,-0.7147931584625358,0.7263292035336446,0.7147931584625358,-0.025878558445505098,-0.021323809637943492,-692.8648959266694,-701.5364328583291,-8.671536931659716,-693.2502975680765,-699.0634389926335,-5.813141424556989,-2.1207940121313187
UAV_0085,telemetry_18,266,0.9680738452639455,0.9695205790605409,-0.9680738452639455,-0.9695205790605409,0.008278282796150534,0.00805254416410878,-101.148834210873,-98.85485261757148,2.293981593301524,-100.81933699150679,-99.04550500494588,1.7738319865609071,2.6963414282751805
UAV_0085,telemetry_19,266,0.8452254429962032,0.8892949992109805,-0.8452254429962032,-0.8892949992109805,0.021758426795202866,0.019786082994400846,33504.489066357506,33512.15813611778,7.669069760275306,33504.091483763244,33509.00463407088,4.913150307635078,2.480843081789686
UAV_0085,telemetry_21,266,0.8182348037840531,0.8479701284149964,-0.8182348037840531,-0.8479701284149964,0.021928446053521126,0.019620501320815595,34961.20358057365,34968.708422328855,7.504841755202506,34960.89292263607,34965.849824289195,4.956901653124078,2.404222006547541
UAV_0085,telemetry_22,266,0.6457103085019523,0.6327051714386003,-0.6457103085019523,-0.6327051714386003,0.7404781183458186,0.7332172075168129,22955.483784229,23235.04694750428,279.5631632752811,22979.979890636074,23139.80349589686,159.82360526078628,1.8115928070037575
UAV_0085,telemetry_23,266,-0.8440898930391163,-0.8935930030715968,0.8440898930391163,0.8935930030715968,-0.3788604216178537,-0.3314744224410768,-17368.418729256835,-17502.433574983294,-134.0148457264586,-17366.53329164282,-17451.261476074804,-84.72818443198412,-2.453756913923754
UAV_0085,telemetry_25,266,-0.8153813704906611,-0.8155823151943007,0.8153813704906611,0.8155823151943007,-0.009010606797541076,-0.007673751219284563,-171.86577311591438,-174.1749209551403,-2.309147839225915,-171.4105829107648,-173.43952713792092,-2.0289442271561313,-2.3865527017313886
UAV_0085,telemetry_26,266,0.8444917049087196,0.8490387512134163,-0.8444917049087196,-0.8490387512134163,1.020688022402754,1.0812819845343227,-8238.6000832539,-8003.6922182721155,234.90786498178386,-8164.431873084162,-7958.675307184581,205.7565658995818,2.2128411883578076
UAV_0085,telemetry_28,266,-0.750284364844404,-0.7291747494664158,0.750284364844404,0.7291747494664158,-0.5631161356211801,-0.6332389206204253,-9692.7794387023,-9947.74922111615,-254.96978241384932,-9708.406399411384,-9833.778376235461,-125.37197682407714,-2.171313698060557
UAV_0086,telemetry_07,341,,,,,0.0,0.0,140.5912754437698,140.5912754437698,0.0,140.59127544376983,140.59127544376983,0.0,0.0
UAV_0086,telemetry_13,341,0.7163604137699573,0.6931443668685254,-0.7163604137699573,-0.6931443668685254,0.04011916535081502,0.03648835002954763,7133.418974686626,7149.602477845851,16.183503159225438,7131.217291712815,7142.818839249776,11.601547536961334,2.101338384621594
UAV_0086,telemetry_15,341,0.8518746494003581,0.9217980486114461,-0.8518746494003581,-0.9217980486114461,0.9801092384518603,0.7795301065207612,49989.8433890089,50456.06242532226,466.2190363133632,50004.519021162894,50285.874970535086,281.3559493721914,2.480605458343658
UAV_0086,telemetry_16,341,-0.7428121409037273,-0.7388721087114618,0.7428121409037273,0.7388721087114618,-0.021057073692760338,-0.019270082070354987,-691.1305885403375,-701.5364328583291,-10.405844317991637,-693.9456961819196,-699.7267208030263,-5.781024621106667,-2.0686459913995456
UAV_0086,telemetry_18,341,-0.20008677452567966,-0.0776460298581541,0.20008677452567966,0.0776460298581541,-3.596263482053419e-05,-9.038372255903331e-07,-103.32042899351154,-103.3263491815455,-0.005920188033954332,-103.31801303633809,-103.32749484881326,-0.009481812475172546,-0.535129166973087
UAV_0086,telemetry_19,341,0.7130251952369303,0.7050873258703081,-0.7130251952369303,-0.7050873258703081,0.005172079332919656,0.005509076884496949,33504.26342810429,33506.569760204904,2.306332100612053,33504.09164670757,33505.54306853354,1.451421825964644,2.0297087713059647
UAV_0086,telemetry_21,341,0.6637410545946248,0.6518494238698098,-0.6637410545946248,-0.6518494238698098,0.004885307631641873,0.004031609860448205,34961.20358057365,34963.41088697224,2.2073063985881163,34960.76851728349,34962.199534281994,1.4310169985037646,1.9722044634939155
UAV_0086,telemetry_22,341,0.6973482123452636,0.6792912896258274,-0.6973482123452636,-0.6792912896258274,0.6447272641246706,0.6021572211733147,23025.556677160428,23224.412184127992,198.855506967564,22983.169639331885,23176.014193086772,192.84455375488687,2.1158331375424337
UAV_0086,telemetry_23,341,-0.8584785398187316,-0.9208383646713817,0.8584785398187316,0.9208383646713817,-0.3886902718484114,-0.350341204334017,-17353.728375232273,-17543.664921021547,-189.93654578927453,-17369.86972535002,-17480.70073281082,-110.83100746079799,-2.4830612555475025
UAV_0086,telemetry_25,341,-0.8391024045708892,-0.8376057451716331,0.8391024045708892,0.8376057451716331,-0.0064970806472361585,-0.006191967759994029,-171.835389591714,-174.35722210034234,-2.5218325086283357,-171.58219355671116,-173.43118512362759,-1.8489915669164247,-2.42232281066597
UAV_0086,telemetry_26,341,0.8097361815103242,0.7946597288459322,-0.8097361815103242,-0.7946597288459322,0.08061998654213308,0.07664172466180888,-7472.540227199349,-7442.686969286136,29.853257913212474,-7478.422683538433,-7456.076421710004,22.346261828429306,2.2767014678180706
UAV_0086,telemetry_28,341,-0.822489259609205,-0.802788798803979,0.822489259609205,0.802788798803979,-0.5102973481799284,-0.54496162449741,-9691.899222866145,-9916.575100868513,-224.67587800236834,-9723.757259147958,-9864.509978940683,-140.75271979272475,-2.3012515819326804
UAV_0087,telemetry_07,172,,,,,0.0,0.0,140.5912754437698,140.5912754437698,0.0,140.59127544376977,140.59127544376977,0.0,
UAV_0087,telemetry_13,172,0.6173438334079313,0.6015829330012759,-0.6173438334079313,-0.6015829330012759,0.05931145201908014,0.05331175237188407,7134.442709638087,7146.481095419698,12.038385781611396,7134.733080700774,7143.49475829198,8.761677591206535,1.8313829822504966
UAV_0087,telemetry_15,172,0.841101235572397,0.9254613268488872,-0.841101235572397,-0.9254613268488872,1.8129361768439596,1.4350996076492697,49950.92498552778,50431.88490683637,480.9599213085894,49973.82490190709,50236.22322808088,262.3983261737885,2.444725846134425
UAV_0087,telemetry_16,172,-0.6568868804199242,-0.6471189253175345,0.6568868804199242,0.6471189253175345,-0.030725024553209707,-0.03042644537424422,-696.3335106993333,-701.5364328583291,-5.202922158995875,-695.68933938441,-699.9507803908256,-4.261441006415566,-1.8296085372470117
UAV_0087,telemetry_18,172,-0.018536519428793943,0.02957150909266714,0.018536519428793943,-0.02957150909266714,-3.233754209036079e-06,9.199634669501047e-06,-103.33336799276324,-103.33283781244064,0.0005301803225989943,-103.32743331119677,-103.3276045129053,-0.0001712017085253592,-0.01970754950479242
UAV_0087,telemetry_19,172,0.5457508683614605,0.5245564509472362,-0.5457508683614605,-0.5245564509472362,0.00598634318796717,0.006944900433578974,33505.99011235567,33506.58596807776,0.5958557220874354,33505.080378544786,33505.93581222586,0.8554336810775567,1.5661109227134182
UAV_0087,telemetry_21,172,0.6677770301280826,0.6611831519556094,-0.6677770301280826,-0.6611831519556094,0.007458451619394739,0.00792366399490185,34961.35073433356,34962.67511817271,1.3243838391499594,34961.556749597425,34962.63307424131,1.0763246438873466,1.9352159353558642
UAV_0087,telemetry_22,172,0.615051298213836,0.6023757120217059,-0.615051298213836,-0.6023757120217059,0.9962121875310055,0.9555302519886052,22954.026967328136,23394.568398148596,440.54143082045994,23048.79082556216,23193.544315165746,144.7534896035868,1.7947000675125664
UAV_0087,telemetry_23,172,-0.8460312398129235,-0.8981423177516314,0.8460312398129235,0.8981423177516314,-0.6882456218275227,-0.5993345365259659,-17362.904338128534,-17519.385554041906,-156.48121591337258,-17363.66608598843,-17464.34032999829,-100.67424400986056,-2.4852190124794
UAV_0087,telemetry_25,172,-0.7978544234912589,-0.7843494496428474,0.7978544234912589,0.7843494496428474,-0.010097996939248496,-0.009142016098027157,-172.77727884192458,-174.2660715277413,-1.488792685816719,-172.1973875800438,-173.64624763405436,-1.4488600540105665,-2.298890096223641
UAV_0087,telemetry_26,172,0.7514389976513964,0.7507122759862778,-0.7514389976513964,-0.7507122759862778,0.12977992435829797,0.1187706180267875,-7469.66972163077,-7442.686969286136,26.98275234463381,-7471.1090751373,-7452.065321050904,19.043754086396802,2.214328889146605
UAV_0087,telemetry_28,172,-0.7559803472489788,-0.7509545472769165,0.7559803472489788,0.7509545472769165,-0.8117521216046614,-0.6654860588016294,-9796.864950876516,-9969.706439089165,-172.84148821264898,-9768.991264021128,-9885.500609330376,-116.5093453092486,-2.1789696594939985
UAV_0088,telemetry_07,322,0.6649335613564209,0.6761732686612583,-0.6649335613564209,-0.6761732686612583,0.0002593140761003798,0.0,140.5912754437698,140.7631728418209,0.17189739805110094,140.59127544376977,140.6745795674407,0.08330412367092777,2.2944578718000077
UAV_0088,telemetry_13,322,0.6547957762074235,0.642038983732247,-0.6547957762074235,-0.642038983732247,0.03251267436192709,0.03579457133185812,7127.385133275493,7145.908329417957,18.523196142464258,7129.610688163431,7138.117183407076,8.506495243644167,1.8402010092188033
UAV_0088,telemetry_15,322,0.833302928427729,0.8817992233373,-0.833302928427729,-0.8817992233373,0.755773140052379,0.6524500531243258,49985.1559109351,50335.60657429435,350.4506633592464,49990.938399069055,50195.76031548546,204.82191641640384,2.4257682430763614
UAV_0088,telemetry_16,322,-0.6778344039079707,-0.650938991632105,0.6778344039079707,0.650938991632105,-0.020135381436803445,-0.022234710081178468,-694.5992033130013,-703.270740244661,-8.671536931659716,-693.0783491434487,-698.6814960839058,-5.603146940457123,-2.026082776420545
UAV_0088,telemetry_18,322,0.5546555820971663,0.4559328981918908,-0.5546555820971663,-0.4559328981918908,0.00025048116145181203,0.0001111532466467045,-103.07630162999006,-102.97638146705611,0.09992016293394101,-103.01626049823822,-102.94854654689182,0.06771395134640557,1.6106007718612234
UAV_0088,telemetry_19,322,0.8039609187274358,0.8460106812673102,-0.8039609187274358,-0.8460106812673102,0.016379004680415244,0.0128525621495655,33503.06084086489,33510.248758628484,7.18791776359285,33503.56242548529,33508.12290830426,4.560482818975288,2.4044717598968157
UAV_0088,telemetry_21,322,0.7996131620975331,0.8370691295551003,-0.7996131620975331,-0.8370691295551003,0.01691961690678849,0.013882430179753713,34959.73204297459,34968.11980728923,8.387764314640663,34960.13954569433,34964.80318793135,4.663642237021122,2.3674240851380186
UAV_0088,telemetry_22,322,0.6585281948437444,0.6305455565608652,-0.6585281948437444,-0.6305455565608652,0.6310248901228638,0.5695635572438529,22968.012409576404,23241.45694186807,273.4445322916654,22963.186983749398,23134.089536274594,170.90255252519637,1.9157456995088031
UAV_0088,telemetry_23,322,-0.82790910173257,-0.8834438200096651,0.82790910173257,0.8834438200096651,-0.30047736585169277,-0.23618019209910207,-17353.532582928663,-17512.695927599198,-159.16334467053457,-17362.798659259297,-17444.86900637774,-82.07034711844244,-2.428950084547132
UAV_0088,telemetry_25,322,-0.77207166741531,-0.7646792214276662,0.77207166741531,0.7646792214276662,-0.006896438231945294,-0.005990141520856602,-171.07580148670547,-174.38760562454266,-3.3118041378371856,-171.36982051319802,-173.28398253781953,-1.914162024621504,-2.3018280956334025
UAV_0088,telemetry_26,322,-0.8365498481274778,-0.9301094468394144,0.8365498481274778,0.9301094468394144,-0.43281716635725176,-0.315755612543569,-7480.721168069795,-7675.341445619386,-194.62027754959126,-7474.478922498742,-7593.207448977541,-118.72852647879972,-2.4649258037569295
UAV_0088,telemetry_28,322,-0.749268389495191,-0.7348952369929772,0.749268389495191,0.7348952369929772,-0.47194160185756295,-0.4994272721955685,-9732.22162607924,-9896.416308119737,-164.19468204049736,-9701.122848678853,-9829.037166453685,-127.91431777483194,-2.1813719955928854
UAV_0089,telemetry_07,207,0.6367242432576258,0.6489339470608139,-0.6367242432576258,-0.6489339470608139,0.00037327137366195977,0.0,140.5912754437698,140.7631728418209,0.17189739805110094,140.59127544376977,140.6669921548161,0.07571671104633992,2.1562158033450785
UAV_0089,telemetry_13,207,0.6175389410306269,0.5865073437888972,-0.6175389410306269,-0.5865073437888972,0.0535600093606593,0.05590736016614779,7133.495856866426,7148.901741782126,15.405884915699971,7128.578181020521,7138.221822395923,9.643641375401785,1.856258857111478
UAV_0089,telemetry_15,207,0.8328261369316604,0.8887839602624846,-0.8328261369316604,-0.8887839602624846,1.3344472891236576,1.0315379878635818,49880.11939567625,50352.44448895416,472.32509327791195,49938.24735450927,50177.18538158666,238.93802707739087,2.4894991297459743
UAV_0089,telemetry_16,207,-0.6625771701275391,-0.6297141408596132,0.6625771701275391,0.6297141408596132,-0.03349519696167416,-0.02668165209741416,-694.5992033130013,-703.270740244661,-8.671536931659716,-692.4106725635826,-698.2329902176969,-5.822317654114272,-1.9227534999858833
UAV_0089,telemetry_18,207,0.9349311689030488,0.9401700382071847,-0.9349311689030488,-0.9401700382071847,0.00597833131538849,0.006337267345534049,-105.32345426875806,-104.08944525792415,1.2340090108339012,-105.04234813260278,-104.07423658322887,0.9681115493739156,2.527544688539328
UAV_0089,telemetry_19,207,0.7608230523410698,0.8759646502364948,-0.7608230523410698,-0.8759646502364948,0.0404384041475673,0.027237994786667736,33494.614409535534,33511.38532642634,16.770916890804074,33500.65409270796,33508.0488907338,7.394798025838099,2.3226819982129068
UAV_0089,telemetry_21,207,0.7507070025716488,0.8728952226091781,-0.7507070025716488,-0.8728952226091781,0.04103106997237463,0.029671006893811292,34950.90281738024,34968.41411480904,17.51129742879857,34957.12181556674,34964.605635356245,7.483819789507834,2.2858868467067293
UAV_0089,telemetry_22,207,0.6514943980416537,0.614579869924812,-0.6514943980416537,-0.614579869924812,1.1046651072506142,0.8868773737700246,23017.398502515603,23244.224893979703,226.8263914640993,22919.70158625451,23123.659420986758,203.95783473224947,2.008141100873546
UAV_0089,telemetry_23,207,-0.846636706715184,-0.8826482016646642,0.846636706715184,0.8826482016646642,-0.5356882791193818,-0.4542757023386109,-17323.621306621928,-17502.589705332924,-178.96839871099655,-17342.837710675783,-17436.473220504526,-93.63550982874222,-2.4705822221253437
UAV_0089,telemetry_25,207,-0.7319580077797867,-0.6931574201325613,0.7319580077797867,0.6931574201325613,-0.011080255423392044,-0.008943202398340322,-171.8050060675137,-174.32683857614197,-2.521832508628279,-171.2045697559355,-173.14405138405726,-1.9394816281217686,-2.13892643222177
UAV_0089,telemetry_26,207,0.524026795168958,0.5105435053197823,-0.524026795168958,-0.5105435053197823,0.42792145757283667,0.5420011907822806,-7816.432082242035,-7785.593749665106,30.838332576929133,-7780.614345370612,-7720.011953453677,60.60239191693472,1.2389477141520555
UAV_0089,telemetry_28,207,-0.6650396382846989,-0.619592276303969,0.6650396382846989,0.619592276303969,-0.685080896145592,-0.6448270841422337,-9684.112619595233,-9857.78409932504,-173.67147972980638,-9699.048977073926,-9816.780282911068,-117.73130583714192,-1.9079694563689202
UAV_0090,telemetry_07,181,,,,,0.0,0.0,140.5912754437698,140.5912754437698,0.0,140.59127544376977,140.59127544376977,0.0,0.0
UAV_0090,telemetry_13,181,0.6588319547946664,0.6448525691619614,-0.6588319547946664,-0.6448525691619614,0.06758798853817669,0.07111133732600464,7130.965906003333,7147.068458517693,16.102552514360468,7133.138696570572,7143.11431329266,9.97561672208758,1.855925460374285
UAV_0090,telemetry_15,181,0.4501298533692523,0.44515602526023496,-0.4501298533692523,-0.44515602526023496,0.18386333887758968,0.16473632852272202,50015.87122778707,50053.18602034821,37.3147925611338,50032.624127730756,50063.08273347912,30.45860574836115,1.4232078668915829
UAV_0090,telemetry_16,181,-0.7219572721044465,-0.7117452012618143,0.7219572721044465,0.7117452012618143,-0.03560712451042749,-0.0333520651217677,-691.1305885403375,-699.8021254719972,-8.671536931659716,-694.2242179321728,-699.6615059541866,-5.437288022013831,-2.104130020156649
UAV_0090,telemetry_18,181,-0.16197879025438583,-0.0192682087709712,0.16197879025438583,0.0192682087709712,-5.4306198829208284e-05,-9.362696669352486e-06,-103.32158171091656,-103.32943678701834,-0.007855076101776604,-103.31751733222642,-103.32794826255117,-0.010430930324758947,-0.5938098971718855
UAV_0090,telemetry_19,181,0.7988898094857337,0.785673810535689,-0.7988898094857337,-0.785673810535689,0.01368945567306229,0.013680326303274221,33504.22993170794,33507.672892447845,3.4429607399069937,33504.30584237821,33506.41098373675,2.1051413585373666,2.3447557353254957
UAV_0090,telemetry_21,181,0.8146319292808862,0.7948847453553786,-0.8146319292808862,-0.7948847453553786,0.015200200472248198,0.013377614537272497,34961.35073433356,34963.85234825196,2.5016139184008352,34960.80189058039,34963.10067093784,2.298780357450596,2.35139305673885
UAV_0090,telemetry_22,181,0.6595237317774449,0.6460181916272201,-0.6595237317774449,-0.6460181916272201,1.1342722790989854,1.3160989917190258,22993.06966027122,23219.459006665063,226.38934639384388,23006.834611312872,23169.135826097743,162.30121478487126,1.8011526490522105
UAV_0090,telemetry_23,181,-0.6343438709196272,-0.6037581203327059,0.6343438709196272,0.6037581203327059,-0.13480987773126912,-0.12167492937001548,-17389.530624514184,-17412.108454772886,-22.577830258702306,-17379.37483231587,-17400.972470625155,-21.597638309285685,-1.939657002725166
UAV_0090,telemetry_25,181,-0.864546972258376,-0.8731197281969258,0.864546972258376,0.8731197281969258,-0.013401204504570299,-0.012976055115559625,-171.31886968030824,-174.38760562454266,-3.068735944234419,-171.60874492470606,-173.59763399533378,-1.988889070627721,-2.4488994989366817
UAV_0090,telemetry_26,181,0.8123434549171641,0.8113572229166707,-0.8123434549171641,-0.8113572229166707,0.16245023646835388,0.1508958576199196,-7476.702460273786,-7439.672938439129,37.02952183465641,-7477.043817692751,-7452.6096088056265,24.43420888712444,2.3320253215353985
UAV_0090,telemetry_28,181,-0.7855746826020311,-0.7734786392244956,0.7855746826020311,0.7734786392244956,-0.8607290455920559,-0.811661714047595,-9720.4026669819,-9901.406788442964,-181.00412146106464,-9735.694334761729,-9869.394602687174,-133.7002679254456,-2.3289970537813325
UAV_0091,telemetry_07,156,,,,,0.0,0.0,140.5912754437698,140.5912754437698,0.0,140.5912754437698,140.5912754437698,0.0,0.0
UAV_0091,telemetry_13,156,0.7466759023824092,0.7171942912234672,-0.7466759023824092,-0.7171942912234672,0.10242784240351133,0.10368463622006549,7123.554716347789,7150.024693769763,26.469977421974363,7130.5267512110795,7144.347760933217,13.821009722137205,2.230141302682275
UAV_0091,telemetry_15,156,-0.6932547191021387,-0.6628913452002677,0.6932547191021387,0.6628913452002677,-0.5522024551343993,-0.5173344490681395,50048.868606332864,49951.665113644696,-97.2034926881679,50066.275108999165,49998.809732758615,-67.46537624055054,-1.874795686703843
UAV_0091,telemetry_16,156,-0.773933936032277,-0.7748214944373398,0.773933936032277,0.7748214944373398,-0.04522504396499288,-0.04230018015443709,-694.5992033130013,-701.5364328583291,-6.937229545327796,-693.894640937304,-699.5853370487057,-5.690696111401735,-2.1556030268407644
UAV_0091,telemetry_18,156,-0.057259036471849704,0.05253591692876672,0.057259036471849704,-0.05253591692876672,-1.9840289569530676e-05,3.296428993173921e-05,-103.33502980245312,-103.31576556972688,0.019264232726243335,-103.32262639464487,-103.32740115882893,-0.004774764184062974,-0.305018692021766
UAV_0091,telemetry_19,156,0.7892147354887665,0.7930584311928055,-0.7892147354887665,-0.7930584311928055,0.019826113770462263,0.019871264162980146,33503.497534988965,33508.0672119243,4.569676935338066,33503.924633683964,33506.51410569537,2.589472011408361,2.281640989416038
UAV_0091,telemetry_21,156,0.8422534411851954,0.8406940421605095,-0.8422534411851954,-0.8406940421605095,0.021688032850730482,0.019847517554626944,34961.056426813746,34964.440963291585,3.384536477838992,34960.504600214095,34963.33271153729,2.8281113231932977,2.4310709284977827
UAV_0091,telemetry_22,156,0.6651315191883542,0.6481736412029739,-0.6651315191883542,-0.6481736412029739,1.2627614571857206,1.3376933595531035,23078.43913066169,23373.15318970593,294.71405904423955,23007.783510969923,23163.121165577068,155.33765460714494,1.8110959202203543
UAV_0091,telemetry_23,156,0.35005109614236796,0.33467465347473563,-0.35005109614236796,-0.33467465347473563,0.07225676058466332,0.07734016783269013,-17391.29894787941,-17372.93899789132,18.359949988091103,-17390.113169848184,-17381.736327026498,8.376842821686296,0.8982801831311906
UAV_0091,telemetry_25,156,-0.8381266309237639,-0.8508668163029345,0.8381266309237639,0.8508668163029345,-0.016051678598812055,-0.014881726138942439,-171.653088446512,-174.53952324554436,-2.886434799032372,-171.5942203683738,-173.71347118134761,-2.119250812973803,-2.4493454484541357
UAV_0091,telemetry_26,156,0.8404205241952861,0.8465536138164789,-0.8404205241952861,-0.8465536138164789,0.21701327881629018,0.20876404135117974,-7476.128359160071,-7439.672938439129,36.45542072094213,-7479.492232873247,-7451.029376094816,28.46285677843116,2.439873591449696
UAV_0091,telemetry_28,156,-0.8034908057430532,-0.7855826523999935,0.8034908057430532,0.7855826523999935,-1.1403526288759,-1.125364374315375,-9769.294178009704,-9929.355160020226,-160.0609820105219,-9724.845208643947,-9877.800519378801,-152.95531073485472,-2.3855295562116186
UAV_0092,telemetry_07,158,,,,,0.0,0.0,140.5912754437698,140.5912754437698,0.0,140.5912754437698,140.5912754437698,0.0,0.0
UAV_0092,telemetry_13,158,0.5951033752297554,0.5624308787131537,-0.5951033752297554,-0.5624308787131537,0.05954580050957952,0.06507700935199212,7134.836972280939,7149.241842985382,14.404870704443056,7137.456238339475,7144.708010398486,7.251772059011273,1.5839772416366706
UAV_0092,telemetry_15,158,-0.5445042756990439,-0.5045751395383865,0.5445042756990439,0.5045751395383865,-0.2873853679701858,-0.29576530494609976,49953.82382065237,49891.838090860736,-61.98572979163146,49927.84031246453,49884.785672163365,-43.05464030116127,-1.78287183604285
UAV_0092,telemetry_16,158,-0.6131715175322459,-0.616893141731931,0.6131715175322459,0.616893141731931,-0.029675549405213626,-0.028086409941252583,-694.5992033130013,-701.5364328583291,-6.937229545327796,-696.8212846517391,-700.5066878476946,-3.685403195955473,-1.664300450003964
UAV_0092,telemetry_18,158,0.03445029170072434,0.027395989101845413,-0.03445029170072434,-0.027395989101845413,3.950203012853896e-06,9.870211246752005e-06,-103.33953902070216,-103.33428184994828,0.0052571707538788814,-103.32804556596716,-103.32692967401469,0.001115891952466086,0.21269591578849867
UAV_0092,telemetry_19,158,0.7846856914440812,0.7754316895334208,-0.7846856914440812,-0.7754316895334208,0.014471818528896186,0.01451647728247445,33505.604039493875,33509.021826303135,3.417786809259269,33505.60140643446,33507.61661702531,2.015210590849165,2.3881223863511627
UAV_0092,telemetry_21,158,0.781142140997589,0.7777554690384539,-0.781142140997589,-0.7777554690384539,0.015088790193338268,0.016053137444330127,34962.08650313309,34965.17673209112,3.090228958026273,34962.3854092079,34964.34439363664,1.958984428740223,2.216512318441856
UAV_0092,telemetry_22,158,0.5181615330463718,0.5049497645604885,-0.5181615330463718,-0.5049497645604885,0.887234444802107,0.7505760972932038,23218.14787145429,23334.984586903367,116.83671544907702,23070.066986034555,23188.94779769765,118.88081166309348,1.5174068980136841
UAV_0092,telemetry_23,158,0.11923550532833026,0.1329821300081082,-0.11923550532833026,-0.1329821300081082,0.02285146809728039,0.018923052709722082,-17354.83219400241,-17333.83015057348,21.002043428929028,-17349.79724612992,-17345.295320313373,4.501925816548464,0.5133970178926797
UAV_0092,telemetry_25,158,-0.8379683866282421,-0.838606930682572,0.8379683866282421,0.838606930682572,-0.011491364363595519,-0.011288228051139739,-172.71651179352392,-174.44837267294335,-1.731860879419429,-172.54750344015952,-174.08187141227674,-1.5343679721172236,-2.4453953460329982
UAV_0092,telemetry_26,158,0.79145328391777,0.7926966761298657,-0.79145328391777,-0.7926966761298657,0.1457147540306428,0.14352527842890128,-7471.10497441506,-7431.348472290254,39.75650212480559,-7464.628396225955,-7446.266130916957,18.36226530899785,2.179774327411527
UAV_0092,telemetry_28,158,-0.7587551446777556,-0.7363693202648781,0.7587551446777556,0.7363693202648781,-0.8059812438991313,-0.8768005250282128,-9810.22237431564,-9931.81061677616,-121.58824246052063,-9793.813805044349,-9902.943025521945,-109.12922047759639,-2.2453357116184267
UAV_0093,telemetry_07,171,,,,,0.0,0.0,140.5912754437698,140.5912754437698,0.0,140.59127544376977,140.59127544376977,0.0,0.0
UAV_0093,telemetry_13,171,0.6701941552796266,0.6652386780905752,-0.6701941552796266,-0.6652386780905752,0.0701455168166044,0.06752589855146263,7135.114909494589,7149.763986720512,14.649077225923065,7133.273405937264,7143.283739291564,10.0103333543002,1.9318686782612011
UAV_0093,telemetry_15,171,-0.8027578772916776,-0.7979364890846187,0.8027578772916776,0.7979364890846187,-0.760940353064739,-0.6331594960469556,50006.61962632564,49858.59400294264,-148.0256233830005,50042.915861621106,49935.13734791006,-107.77851371104771,-2.2966483047891693
UAV_0093,telemetry_16,171,-0.6742159587117517,-0.6541529620200361,0.6742159587117517,0.6541529620200361,-0.03497168181045199,-0.03690015715599952,-692.8648959266694,-701.5364328583291,-8.671536931659716,-695.1442713487055,-699.8516771116067,-4.707405762901203,-1.833126724190932
UAV_0093,telemetry_18,171,-0.02811077032662808,0.07451220390236879,0.02811077032662808,-0.07451220390236879,-6.608290943042695e-06,3.0089194110435742e-05,-103.31931647132542,-103.32054218692784,-0.0012257156024162441,-103.32553513107821,-103.32672071808071,-0.0011855870024959358,-0.1018697793190567
UAV_0093,telemetry_19,171,0.8445039674352116,0.8413276693786451,-0.8445039674352116,-0.8413276693786451,0.018277344081490284,0.018575482282459102,33504.21459628847,33507.975888031804,3.761291743336187,33504.31271622948,33506.902775425624,2.5900591961471946,2.417278230364451
UAV_0093,telemetry_21,171,0.846939796138929,0.8540299419157203,-0.846939796138929,-0.8540299419157203,0.018688142556877257,0.01765845118876314,34960.17350425431,34964.29380953168,4.1203052773707896,34960.89665987442,34963.57065391156,2.673994037140801,2.4477957734365865
UAV_0093,telemetry_22,171,0.6232253032156294,0.6139967720175079,-0.6232253032156294,-0.6139967720175079,1.02937136136587,0.942328404691772,23013.028051813017,23214.50582920214,201.4777773891219,23016.761665413225,23163.421503989935,146.65983857671017,1.7935460970082429
UAV_0093,telemetry_23,171,0.6726562669484192,0.6425036599707203,-0.6726562669484192,-0.6425036599707203,0.16056418063061878,0.17272695068637053,-17387.798887945875,-17347.674837690916,40.124050254959,-17384.020603503734,-17361.06090471557,22.959698788163223,1.9428490346831528
UAV_0093,telemetry_25,171,-0.835779722802597,-0.854599426343837,0.835779722802597,0.854599426343837,-0.013671528551970038,-0.013080134344923243,-171.6227049223116,-174.66105734234574,-3.03835242003413,-171.8084784702794,-173.71829999144376,-1.9098215211643605,-2.3582828020245814
UAV_0093,telemetry_26,171,0.7886393053547172,0.7900168911244514,-0.7886393053547172,-0.7900168911244514,0.16707552145313012,0.161061170165693,-7474.980156932639,-7421.875803913945,53.10435301869438,-7475.217998822607,-7451.3681982699645,23.84980055264259,2.273938364775801
UAV_0093,telemetry_28,171,-0.801983585382276,-0.7956968344253246,0.801983585382276,0.7956968344253246,-0.9897894229040252,-0.9483331491890465,-9794.76327552434,-9961.704800296386,-166.94152477204625,-9738.063045246383,-9879.500059890886,-141.4370146445035,-2.3148033182739134
UAV_0094,telemetry_07,392,0.812053055808143,0.8204443542061883,-0.812053055808143,-0.8204443542061883,0.0003362843542053684,0.00023325008167937304,140.5912754437698,140.7631728418209,0.17189739805110094,140.59236340198535,140.6881037249504,0.09574032296504242,2.0404405485909862
UAV_0094,telemetry_13,392,0.6039800417449448,0.577134537850985,-0.6039800417449448,-0.577134537850985,0.024274188098300023,0.024179610692842066,7130.547815118818,7145.3587260511,14.81091093228224,7131.837066612016,7140.100282942593,8.263216330577052,1.8145891589317202
UAV_0094,telemetry_15,392,0.8375085839418254,0.8858714380197777,-0.8375085839418254,-0.8858714380197777,0.5434660814713702,0.46847038694123966,50038.07507129452,50345.35159450039,307.2765232058664,50041.556327911945,50222.73235210963,181.1760241976881,2.4641597649501397
UAV_0094,telemetry_16,392,-0.6428768410180539,-0.6114048693010462,0.6428768410180539,0.6114048693010462,-0.015492358882442651,-0.013496555535657189,-696.3335106993333,-701.5364328583291,-5.202922158995875,-694.8626424096595,-699.8899385042166,-5.027296094557073,-1.841178993310308
UAV_0094,telemetry_18,392,-0.0858643633314803,-0.059527760656204055,0.0858643633314803,0.059527760656204055,-2.9446456514703788e-05,-2.2964752632589683e-05,-103.24445296275762,-103.33228692270578,-0.08783395994815635,-103.26633521371959,-103.27984026892301,-0.013505055203424376,-0.347558241632274
UAV_0094,telemetry_19,392,0.8457986708198932,0.872982780898619,-0.8457986708198932,-0.872982780898619,0.012947575593396848,0.011865409790309037,33505.389771269816,33511.58405189423,6.194280624411476,33505.05086579283,33509.36651030616,4.315644513328152,2.488144057187306
UAV_0094,telemetry_21,392,0.8348261992024477,0.8654695563873049,-0.8348261992024477,-0.8654695563873049,0.013246998015603808,0.012262813325472782,34961.93934937318,34969.00272984867,7.063380475490703,34961.78474479,34966.177005117315,4.392260327316762,2.4429691669040476
UAV_0094,telemetry_22,392,0.6552508718533631,0.6345537431619522,-0.6552508718533631,-0.6345537431619522,0.49007068016709593,0.4837565575470264,22943.10084057168,23272.05009678616,328.94925621448056,23002.39697658079,23163.83626213256,161.43928555177263,1.9050633774250503
UAV_0094,telemetry_23,392,-0.8454173629778547,-0.8695291591578549,0.8454173629778547,0.8695291591578549,-0.21563943499932056,-0.19396796276164568,-17373.66584172408,-17482.983865932038,-109.31802420795793,-17384.09491846924,-17454.92704113869,-70.83212266944975,-2.450894114126682
UAV_0094,telemetry_25,392,-0.7676246720024682,-0.7604111115461175,0.7676246720024682,0.7604111115461175,-0.004868111168801999,-0.004789114337371802,-172.01769073691605,-174.35722210034234,-2.339531363426289,-171.8507736546003,-173.45340840577524,-1.6026347511749464,-2.2303566095569796
UAV_0094,telemetry_26,392,-0.8672167294477173,-0.9482783368924976,0.8672167294477173,0.9482783368924976,-0.32188196898900645,-0.2721417484272005,-7510.14385014772,-7683.091810654546,-172.94796050682635,-7517.103917763683,-7623.499751695728,-106.3958339320452,-2.529920855543181
UAV_0094,telemetry_28,392,-0.7357806032114053,-0.7108595844577459,0.7357806032114053,0.7108595844577459,-0.32512192752552743,-0.34431992716441584,-9721.516261272636,-9886.861434015416,-165.34517274278005,-9730.878862063679,-9840.304516202887,-109.42565413920784,-2.1856093476861553
UAV_0095,telemetry_07,166,,,,,0.0,0.0,140.5912754437698,140.5912754437698,0.0,140.59127544376977,140.59127544376977,0.0,
UAV_0095,telemetry_13,166,0.7193893187606698,0.7059453928943865,-0.7193893187606698,-0.7059453928943865,0.06803354396696076,0.07387887264243384,7131.098798827468,7149.221419321112,18.122620493643808,7135.249608790526,7144.319852513804,9.070243723278509,1.9954377826303704
UAV_0095,telemetry_15,166,0.8533723103457552,0.9213469586657534,-0.8533723103457552,-0.9213469586657534,1.9292701715968934,1.600456068673941,49924.77379206345,50374.77168714777,449.9978950843142,49949.656971915705,50216.64186373728,266.9848918215721,2.4570303830265123
UAV_0095,telemetry_16,166,-0.6522723807358395,-0.632308240149503,0.6522723807358395,0.632308240149503,-0.032768150786346824,-0.030969774755927153,-694.5992033130013,-703.270740244661,-8.671536931659716,-696.1804835770099,-700.6182701243887,-4.437786547378778,-1.8378997083338189
UAV_0095,telemetry_18,166,-0.13133854117064836,-0.11043805051452409,0.13133854117064836,0.11043805051452409,-1.4859809097371837e-05,-1.4750753947547588e-05,-103.32396611473077,-103.33018613816483,-0.006220023434067912,-103.32494519004584,-103.3270343011933,-0.002089111147455469,-0.3841659311683675
UAV_0095,telemetry_19,166,0.4175684428107102,0.3991040919256777,-0.4175684428107102,-0.3991040919256777,0.004492278764317032,0.005427200344074165,33506.404689575684,33505.952775406884,-0.4519141687997035,33505.38079130737,33506.0201362305,0.6393449231327395,1.2364442412041259
UAV_0095,telemetry_21,166,0.4501344862391407,0.43400795495392297,-0.4501344862391407,-0.43400795495392297,0.004790307480871228,0.004598554997035839,34963.263733212334,34962.67511817271,-0.5886150396254379,34962.1081433919,34962.78764751852,0.6795041266159387,1.3284626174813008
UAV_0095,telemetry_22,166,0.5735103570170704,0.5596212760828241,-0.5735103570170704,-0.5596212760828241,0.9779747312671816,1.0215459527301933,23146.181116551743,23235.629674264623,89.44855771287985,23058.76353298888,23201.677270963373,142.91373797449342,1.743676656602082
UAV_0095,telemetry_23,166,-0.8622886055518969,-0.919016731050495,0.8622886055518969,0.919016731050495,-0.7419705298613265,-0.6423946257973929,-17344.896116328495,-17511.247162194817,-166.35104586632224,-17355.367866858414,-17458.959418500162,-103.59155164174808,-2.504774728598667
UAV_0095,telemetry_25,166,-0.7774573977126285,-0.7676419313899165,0.7774573977126285,0.7676419313899165,-0.00952275218019517,-0.008525458277438598,-172.74689531772427,-174.8433584875478,-2.0964631698235223,-172.5297424829983,-173.81389319699502,-1.2841507139967234,-2.181265141094548
UAV_0095,telemetry_26,166,0.8128994953650056,0.8086420465201621,-0.8128994953650056,-0.8086420465201621,0.122551352674298,0.12607523533832454,-7475.123682211068,-7443.978696791997,31.144985419070508,-7468.006516933681,-7450.817254175963,17.189262757718097,2.3722165884558333
UAV_0095,telemetry_28,166,-0.7248369601479029,-0.704859284716438,0.7248369601479029,0.704859284716438,-0.7532860614548267,-0.7787801914105386,-9795.4077929839,-9944.25535304619,-148.84756006228963,-9796.098518157953,-9892.877418152244,-96.77889999429135,-1.9374897955649026
UAV_0096,telemetry_07,491,0.7005235642020982,0.7054278352426523,-0.7005235642020982,-0.7054278352426523,0.00017950942726411298,0.0,140.5912754437698,140.67722414279535,0.08594869902555047,140.59127544376977,140.6763559741183,0.08508053034853447,2.34009237431538
UAV_0096,telemetry_13,491,0.6413272602667417,0.6216125196290826,-0.6413272602667417,-0.6216125196290826,0.020916613810441003,0.01910020544859247,7127.162648465546,7138.772312591953,11.609664126406642,7129.651621784541,7138.184994860415,8.533373075873897,1.8440656631990955
UAV_0096,telemetry_15,491,0.805252762156421,0.8335780361212457,-0.805252762156421,-0.8335780361212457,0.4690535370305847,0.3925501370231752,50030.488758096144,50327.58851969443,297.0997615982851,50001.663633758246,50199.83418306915,198.17054931090388,2.3978181695415826
UAV_0096,telemetry_16,491,-0.6992698251525135,-0.6830754153382196,0.6992698251525135,0.6830754153382196,-0.013061206963351972,-0.01357584366445498,-694.5992033130013,-703.270740244661,-8.671536931659716,-693.1802245423661,-698.6809570606309,-5.50073251826484,-2.0756270869190963
UAV_0096,telemetry_18,491,0.8162894058938204,0.7374807257362236,-0.8162894058938204,-0.7374807257362236,0.00034321099235510595,0.00031137734662343037,-103.15647316706912,-103.0534707557511,0.10300241131801613,-103.14954839361333,-103.01072157842965,0.1388268151836769,2.327146142221217
UAV_0096,telemetry_19,491,0.8050839572718891,0.8397078726180254,-0.8050839572718891,-0.8397078726180254,0.010193245195307376,0.008141857099296702,33503.5391486489,33510.88859546711,7.349446818210708,33503.942583912205,33508.22179752832,4.2792136161151575,2.382100025958462
UAV_0096,telemetry_21,491,0.8017696048153554,0.8323246492621235,-0.8017696048153554,-0.8323246492621235,0.010514742180638914,0.007911492468074065,34960.320658014214,34967.97265352933,7.651995515116141,34960.55848227265,34964.95674465206,4.398262379407242,2.363738446162853
UAV_0096,telemetry_22,491,0.6275547133826899,0.5961516811720715,-0.6275547133826899,-0.5961516811720715,0.4049824682101587,0.3773452845049807,22913.67313917428,23278.75145453012,365.07831535584046,22976.397200183586,23146.872736696598,170.47553651301132,1.8618503226475733
UAV_0096,telemetry_23,491,-0.8206162421179751,-0.8465621607045282,0.8206162421179751,0.8465621607045282,-0.18949609257785258,-0.18110898204828058,-17364.341381615668,-17486.71194281591,-122.37056120024135,-17366.814762063117,-17445.525232009775,-78.71046994665812,-2.4023688072774703
UAV_0096,telemetry_25,491,-0.7999396463833446,-0.814044798066388,0.7999396463833446,0.814044798066388,-0.004535673181609517,-0.004105881648694873,-170.80234976890242,-174.78259143914713,-3.980241670244709,-171.37349864301186,-173.26648427197856,-1.8929856289666986,-2.3530443366175624
UAV_0096,telemetry_26,491,-0.8293698564509101,-0.9125348644380474,0.8293698564509101,0.9125348644380474,-0.26470405488258686,-0.20171513541600278,-7489.619735332387,-7671.179212544946,-181.5594772125587,-7486.399839944604,-7597.096972871039,-110.69713292643519,-2.4445073703050557
UAV_0096,telemetry_28,491,-0.7282969986567053,-0.7037138376288372,0.7282969986567053,0.7037138376288372,-0.2963832541833606,-0.30289662254603555,-9671.255641035452,-9921.28391019672,-250.02826916126833,-9708.934227369467,-9829.833854483668,-120.89962711420048,-2.0938576115617167
UAV_0097,telemetry_07,275,0.7194208073406259,0.730513989917516,-0.7194208073406259,-0.730513989917516,0.00035360446845282865,0.0,140.5912754437698,140.7631728418209,0.17189739805110094,140.59127544376975,140.68034955003264,0.08907410626289902,2.2786963598078005
UAV_0097,telemetry_13,275,0.669394193058007,0.6481226738986181,-0.669394193058007,-0.6481226738986181,0.04285024548767669,0.04805831963109988,7128.994176076402,7145.923844500946,16.929668424543706,7128.9743630109615,7138.747478175752,9.773115164790397,1.9196912164303965
UAV_0097,telemetry_15,275,0.8340792048277955,0.8886345840605059,-0.8340792048277955,-0.8886345840605059,0.9220511354320937,0.8186744769010235,49973.252183721386,50325.18310331446,351.9309195930764,49986.59579654436,50202.198481220425,215.6026846760651,2.4523146128264957
UAV_0097,telemetry_16,275,-0.7222162175820491,-0.7140916816914268,0.7222162175820491,0.7140916816914268,-0.026170974159633438,-0.019596693630869157,-692.8648959266694,-699.8021254719972,-6.937229545327796,-692.8964287882391,-699.1084025174645,-6.211973729225406,-2.1554933793833295
UAV_0097,telemetry_18,275,-0.12747305809145182,0.011759614552378755,0.12747305809145182,-0.011759614552378755,-4.106176272820776e-05,9.387011866821636e-06,-103.15489540900286,-103.2335401839648,-0.07864477496194411,-103.16238409637882,-103.1720233089166,-0.009639212537777553,-0.3762635137966237
UAV_0097,telemetry_19,275,0.819665928705626,0.8544606329880846,-0.819665928705626,-0.8544606329880846,0.02020180821970137,0.015745444166747943,33503.6432931366,33511.17131625683,7.528023120226862,33503.696479497834,33508.44031526841,4.74383577057597,2.420170816373468
UAV_0097,telemetry_21,275,0.817428237018852,0.8581653681291167,-0.817428237018852,-0.8581653681291167,0.020586751998196765,0.01625010845587236,34960.17350425431,34968.11980728923,7.946303034921584,34960.33938667457,34965.25164673252,4.912260057950334,2.452521869057254
UAV_0097,telemetry_22,275,0.6644625983498982,0.6437473502224842,-0.6644625983498982,-0.6437473502224842,0.7738610032401271,0.7639183623891592,22950.2392433859,23397.773395330485,447.5341519445865,22962.746678669293,23144.554779138776,181.80810046948318,1.962865503336317
UAV_0097,telemetry_23,275,-0.8315256262140847,-0.8729165344335132,0.8315256262140847,0.8729165344335132,-0.35843987383271203,-0.2987104023881361,-17355.97536482017,-17505.24308012657,-149.26771530639962,-17361.418069293046,-17445.39940936731,-83.98134007426415,-2.4496941077609273
UAV_0097,telemetry_25,275,-0.7904557818150957,-0.7827960107231955,0.7904557818150957,0.7827960107231955,-0.008212887229332645,-0.007435447594166103,-171.47078730130994,-173.99261980993822,-2.521832508628279,-171.360854186476,-173.26838707854463,-1.9075328920686445,-2.3084660468409886
UAV_0097,telemetry_26,275,-0.8440288120242679,-0.9301937432493181,0.8440288120242679,0.9301937432493181,-0.5327501315040252,-0.43323736174110306,-7473.401378869921,-7685.244689830979,-211.8433109610578,-7481.451842214526,-7605.661227717413,-124.20938550288702,-2.4743313333287666
UAV_0097,telemetry_28,275,-0.7359348944274744,-0.7143123395170364,0.7359348944274744,0.7143123395170364,-0.5312151163748629,-0.47322591001696124,-9714.343428971752,-9886.235544253424,-171.8921152816729,-9704.023627430604,-9825.902080263088,-121.87845283248316,-2.1230764754474283
UAV_0098,telemetry_07,307,0.7209839727241472,0.7279408755244087,-0.7209839727241472,-0.7279408755244087,0.0003081947710931791,0.0,140.5912754437698,140.7631728418209,0.17189739805110094,140.5912754437698,140.67861041213445,0.08733496836464383,2.3016251198603
UAV_0098,telemetry_13,307,0.6202163860883577,0.5947852045763524,-0.6202163860883577,-0.5947852045763524,0.03510068752009256,0.03309348495800564,7132.232642735527,7143.825412869188,11.592770133660451,7130.117173219047,7139.020963833076,8.903790614029276,1.7723464853962838
UAV_0098,telemetry_15,307,0.8390902681206178,0.875747897965172,-0.8390902681206178,-0.875747897965172,0.8054777408127659,0.6970267730208788,49990.583517125815,50327.65019703751,337.06667991169525,50000.2439796841,50206.01252853259,205.76854884849308,2.4147946925313324
UAV_0098,telemetry_16,307,-0.7139359113542885,-0.69531926989345,0.7139359113542885,0.69531926989345,-0.02234221448364349,-0.024775819804741722,-692.8648959266694,-703.270740244661,-10.405844317991637,-693.2844864233628,-699.1307806772882,-5.846294253925407,-2.104552472617371
UAV_0098,telemetry_18,307,0.35385509137867893,0.3136301011372864,-0.35385509137867893,-0.3136301011372864,0.00016765223105910722,7.32684505137074e-05,-103.06938943179637,-103.07232408420428,-0.0029346524079159053,-103.0629417720978,-103.02592124450572,0.037020527592076746,0.8802474837428137
UAV_0098,telemetry_19,307,0.8227043561855532,0.8646661507362791,-0.8227043561855532,-0.8646661507362791,0.017381668204767876,0.014265006397968821,33503.67542569669,33510.9704128497,7.294987153014517,33503.800638124296,33508.3235449392,4.522906814905582,2.4116598796126265
UAV_0098,telemetry_21,307,0.8226932200828412,0.859611112970757,-0.8226932200828412,-0.859611112970757,0.018048348739490957,0.015058335973039618,34961.056426813746,34968.11980728923,7.063380475483427,34960.44645074446,34965.150624165966,4.70417342150904,2.4156268325449197
UAV_0098,telemetry_22,307,0.68369191601133,0.6744900478323933,-0.68369191601133,-0.6744900478323933,0.7084729811258924,0.7302232658808188,22897.356789884638,23248.886708062462,351.5299181778246,22965.582814938512,23146.150570390917,180.56775545240453,1.9630141454427914
UAV_0098,telemetry_23,307,-0.8418059916671787,-0.8786236437127413,0.8418059916671787,0.8786236437127413,-0.31577365097664295,-0.2660901029277343,-17363.437707139252,-17502.4921145506,-139.05440741134953,-17365.798555664696,-17446.54926384765,-80.75070818295353,-2.425093797914354
UAV_0098,telemetry_25,307,-0.8257125357402774,-0.8380813218268512,0.8257125357402774,0.8380813218268512,-0.00767130500638428,-0.007339840115812687,-171.2884861561079,-174.235688003541,-2.9472018474330923,-171.34092223819556,-173.30899051543054,-1.968068277234977,-2.3864144264259415
UAV_0098,telemetry_26,307,-0.8511295211011357,-0.9326957244176841,0.8511295211011357,0.9326957244176841,-0.4595927065325643,-0.364380367783095,-7482.586996689371,-7676.202597289958,-193.61560060058764,-7481.482778015007,-7600.229111600312,-118.74633358530446,-2.4773582384690913
UAV_0098,telemetry_28,307,-0.7613598721851961,-0.7394771352426076,0.7613598721851961,0.7394771352426076,-0.5001721537780586,-0.4426700816726965,-9707.926947368707,-9910.33384655453,-202.4068991858221,-9704.912625051442,-9830.734789972586,-125.82216492114458,-2.1576137664546904
UAV_0099,telemetry_07,145,,,,,0.0,0.0,140.5912754437698,140.5912754437698,0.0,140.59127544376983,140.59127544376983,0.0,0.0
UAV_0099,telemetry_13,145,0.6406079186468111,0.6367973547472837,-0.6406079186468111,-0.6367973547472837,0.07342641893945179,0.07711696435844563,7133.702252058024,7152.6227834281,18.920531370075878,7137.377845120851,7145.787929255612,8.410084134760837,1.746909833062497
UAV_0099,telemetry_15,145,-0.013085643297096371,-0.023144129728771397,0.013085643297096371,0.023144129728771397,-0.006382842660508629,0.026174858101605438,49978.00133913826,50000.45189201801,22.45055287975265,50001.38130577402,49996.98732678106,-4.393978992957273,-0.21447126279999335
UAV_0099,telemetry_16,145,-0.5621691997290719,-0.5354730998357284,0.5621691997290719,0.5354730998357284,-0.030154447037585685,-0.031248781735711304,-698.0678180856652,-701.5364328583291,-3.4686147726639547,-697.2305662439878,-700.6393773136748,-3.4088110696869762,-1.5130344074112225
UAV_0099,telemetry_18,145,0.08865419323836825,0.05134624468587624,-0.08865419323836825,-0.05134624468587624,1.083887860316545e-05,1.8480201603883103e-05,-103.3388459119854,-103.31475063733308,0.02409527465232486,-103.32796033659216,-103.32685874605953,0.0011015905326274833,0.21451878015217365
UAV_0099,telemetry_19,145,0.6984394503693098,0.6925917178397102,-0.6984394503693098,-0.6925917178397102,0.011924727456372054,0.0120922352901545,33505.440972038086,33507.5326428068,2.0916707687138114,33505.501929692364,33506.91648477226,1.4145550798930344,1.9725606110896838
UAV_0099,telemetry_21,145,0.7548335224309832,0.7422499880489521,-0.7548335224309832,-0.7422499880489521,0.013070293806156336,0.012922409415295811,34962.67511817271,34964.73527081139,2.060152638681757,34962.15754287925,34963.70519449205,1.5476516128037474,2.12798825962299
UAV_0099,telemetry_22,145,0.5534728340853853,0.5166850859599704,-0.5534728340853853,-0.5166850859599704,0.9859589291206624,0.9977776793398807,22999.333972944925,23273.06986861676,273.73589567183444,23085.64786256768,23202.037485933386,116.38962336570694,1.5555427168822729
UAV_0099,telemetry_23,145,-0.41150904465824334,-0.3958864745709336,0.41150904465824334,0.3958864745709336,-0.08529303058786235,-0.08084320402328127,-17381.345765907052,-17397.1647856755,-15.819019768448925,-17375.007701133127,-17385.085496382617,-10.07779524949001,-1.1576081184202645
UAV_0099,telemetry_25,145,-0.7676943731087292,-0.7586526327712588,0.7676943731087292,0.7586526327712588,-0.010171974294263916,-0.00941675281730286,-172.83804589032528,-174.72182439074643,-1.8837785004211582,-172.75108614864843,-173.90880319145455,-1.1577170428061265,-2.0802509261868294
UAV_0099,telemetry_26,145,0.7742546221298545,0.7796669577744375,-0.7742546221298545,-0.7796669577744375,0.15185069372936028,0.17043626813433121,-7466.512165505333,-7439.242362603843,27.26980290149004,-7464.349388033837,-7447.13625291743,17.213135116407102,2.0895713169114605
UAV_0099,telemetry_28,145,-0.7174425842201473,-0.703794678003464,0.7174425842201473,0.703794678003464,-0.7792590671263409,-0.7079402617251931,-9777.017983717087,-9858.837660006606,-81.81967628951861,-9800.757076866155,-9893.907453021318,-93.15037615516303,-2.0418324126732337
UAV_0100,telemetry_07,152,,,,,0.0,0.0,140.5912754437698,140.5912754437698,0.0,140.5912754437698,140.5912754437698,0.0,0.0
UAV_0100,telemetry_13,152,0.5453213656102661,0.5352244069464662,-0.5453213656102661,-0.5352244069464662,0.057927110782031194,0.04538097333485986,7133.115417638658,7147.234098821457,14.118681182799264,7136.792195069029,7144.414060783242,7.621865714213527,1.6298778296443615
UAV_0100,telemetry_15,152,0.6370158736611657,0.6372228321109716,-0.6370158736611657,-0.6372228321109716,0.3942722227665324,0.3639300113049014,49965.974257238384,49992.18712804579,26.212870807408763,49946.456362542325,49993.94592711932,47.48956457699387,1.7429116569644365
UAV_0100,telemetry_16,152,-0.6791838867247401,-0.6738922840870117,0.6791838867247401,0.6738922840870117,-0.03397935811321239,-0.03503651285519146,-696.3335106993333,-701.5364328583291,-5.202922158995875,-696.0537837015378,-700.1937432689109,-4.1399595673731255,-1.8797124445398385
UAV_0100,telemetry_18,152,0.011800912924552646,0.023698221010258407,-0.011800912924552646,-0.023698221010258407,1.6099690367973284e-06,2.7296649626875165e-05,-103.33386119787968,-103.32601861552725,0.007842582352438399,-103.32801242712078,-103.32698059467258,0.001031832448205705,0.17180285510829463
UAV_0100,telemetry_19,152,0.6878591957714696,0.6555163717630655,-0.6878591957714696,-0.6555163717630655,0.010796660738606622,0.010736412726866866,33505.8823219349,33507.1848729074,1.3025509724975564,33505.537730374315,33506.939588545334,1.40185817101883,2.0287908792237546
UAV_0100,telemetry_21,152,0.7353079657484507,0.7209878404895375,-0.7353079657484507,-0.7209878404895375,0.0119847358740725,0.011319519992796883,34961.64504185337,34964.29380953168,2.6487676783071947,34962.1339720879,34963.686206910126,1.5522348222293658,2.163322858278479
UAV_0100,telemetry_22,152,0.6055482417042436,0.5876315522115221,-0.6055482417042436,-0.5876315522115221,1.0839393685377832,0.9951291566579059,23049.88551940481,23201.394477094385,151.50895768957707,23059.11985879253,23188.71547064753,129.59561185500206,1.6445881908241946
UAV_0100,telemetry_23,152,-0.691653078353568,-0.6818834191048325,0.691653078353568,0.6818834191048325,-0.18925259417841575,-0.20494875702119764,-17359.674180648137,-17391.049480044247,-31.375299396109767,-17357.119306103777,-17380.058184401274,-22.938878297496558,-1.9043280471406867
UAV_0100,telemetry_25,152,-0.8111833076428183,-0.8194048473041093,0.8111833076428183,0.8194048473041093,-0.012297396009188121,-0.011921169500026814,-172.07845778531674,-174.32683857614197,-2.248380790825223,-172.36073052627475,-173.93087264785368,-1.5701421215789253,-2.352707433129364
UAV_0100,telemetry_26,152,0.790633719633611,0.783379926756817,-0.790633719633611,-0.783379926756817,0.1469486425970344,0.15823739277213766,-7467.803893011194,-7438.668261490127,29.135631521066898,-7467.387206718982,-7449.418767829222,17.968438889760364,2.1960550083105366
UAV_0100,telemetry_28,152,-0.7625454680517202,-0.7617773494898132,0.7625454680517202,0.7617773494898132,-0.8683452083863344,-0.8699294134485114,-9756.40393366976,-9982.26925671838,-225.86532304861976,-9784.700296202269,-9893.4980354338,-108.79773923153152,-2.170282741492901
