uav_id,channel,window,available_points,endpoint_cycle,rolling_mean,rolling_sd,window_delta,window_slope
UAV_0001,telemetry_01,5,5,259,41.76696208877696,18.811943168033288,36.670347507592076,9.768753904846182
UAV_0001,telemetry_01,20,20,259,40.41318753481329,15.59459434872389,-27.180164143737365,-0.29375537863174983
UAV_0001,telemetry_01,50,50,259,34.17573607070268,16.498492308888007,35.6486360897034,0.4430575256198483
UAV_0001,telemetry_02,5,5,259,12.766165380812113,4.132881351465668,-2.3142028757299116,-0.43283697815854866
UAV_0001,telemetry_02,20,20,259,10.297736628300301,6.760214381074743,-5.494840672261036,0.08779608492902208
UAV_0001,telemetry_02,50,50,259,12.655773984171104,7.641859928389264,-8.839449655305515,-0.11049546544003946
UAV_0001,telemetry_03,5,5,259,30377.82504938608,0.0,0.0,0.0
UAV_0001,telemetry_03,20,20,259,30377.825049386087,7.46497500284134e-12,0.0,0.0
UAV_0001,telemetry_03,50,50,259,30377.82504938608,0.0,0.0,0.0
UAV_0001,telemetry_04,5,5,259,-125.9165251065062,0.04841178732170553,0.009956372524570156,0.005404887941904235
UAV_0001,telemetry_04,20,20,259,-125.90514639504958,0.03379758582822473,-0.08534033592466983,-0.0010929551793853035
UAV_0001,telemetry_04,50,50,259,-125.90153365416211,0.03411824159142473,-0.031291456505712745,-0.0002869265716043135
UAV_0001,telemetry_05,5,5,259,-113.52670774455626,0.0018492595367692482,0.002447516056449217,0.0005036916155503945
UAV_0001,telemetry_05,20,20,259,-113.5264302786953,0.002303718186183094,-0.000914390893115069,-5.422018874020381e-05
UAV_0001,telemetry_05,50,50,259,-113.5262477358781,0.0024247728011985623,0.001695554076277972,-1.88791873822089e-05
UAV_0001,telemetry_06,5,5,259,-134.23811744081465,0.2596638071950066,0.011271489739954177,-0.01903629378304572
UAV_0001,telemetry_06,20,20,259,-134.73982397301776,0.506321021558879,0.3419018554454283,0.04457935399074343
UAV_0001,telemetry_06,50,50,259,-135.31932883218158,0.8476676568249889,2.5836759259486826,0.03923590994853326
UAV_0001,telemetry_07,5,5,259,140.5912754437698,0.0,0.0,0.0
UAV_0001,telemetry_07,20,20,259,140.59127544376983,2.9160058604848984e-14,0.0,0.0
UAV_0001,telemetry_07,50,50,259,140.59127544376977,2.8710262101646174e-14,0.0,0.0
UAV_0001,telemetry_08,5,5,259,-4680.605940223167,1.7015087845602199e-12,9.094947017729282e-13,0.0
UAV_0001,telemetry_08,20,20,259,-4680.605940223167,2.0229600196375166e-12,2.7284841053187847e-12,0.0
UAV_0001,telemetry_08,50,50,259,-4680.605940223169,1.837456774505355e-12,5.4569682106375694e-12,0.0
UAV_0001,telemetry_09,5,5,259,-153.76190884705915,4.820687226325565,-1.0904526607962737,0.9104649880718995
UAV_0001,telemetry_09,20,20,259,-152.7515958622183,12.717912618950098,-3.8706337403067153,-0.440836923017355
UAV_0001,telemetry_09,50,50,259,-152.40990158758075,10.957308164048456,-1.9597005031971264,0.00383433680260991
UAV_0001,telemetry_10,5,5,259,-62.441395782266795,0.7307194103430183,0.625864417580793,0.0994046547163336
UAV_0001,telemetry_10,20,20,259,-62.7460896771571,1.0907274568125698,0.5977557769752551,0.03478409526393778
UAV_0001,telemetry_10,50,50,259,-62.744469374565305,1.3177538513568348,0.001415830727260925,-0.0034285680071866015
UAV_0001,telemetry_11,5,5,259,63.064457483435305,0.08506841363036023,0.07158041741206489,0.008386660846041139
UAV_0001,telemetry_11,20,20,259,63.00719314950567,0.10947787843351893,0.09668698172822587,0.008296291673568632
UAV_0001,telemetry_11,50,50,259,62.89755759077693,0.14159755591123652,0.3263853361101994,0.0076139883895364885
UAV_0001,telemetry_12,5,5,259,630.136291692121,0.8263332154506866,-0.5327026247575759,-0.06658782809467993
UAV_0001,telemetry_12,20,20,259,630.8088287558775,1.3030420336461808,-2.3971618114094326,-0.1294707695134719
UAV_0001,telemetry_12,50,50,259,632.2644386780278,1.6751786801594952,-5.59337755995557,-0.08552019448840852
UAV_0001,telemetry_13,5,5,259,7147.652709001632,2.4080771381836334,5.823558058955314,0.9613560724021226
UAV_0001,telemetry_13,20,20,259,7146.367264117531,2.9211154964714434,8.61961195342883,0.2735197602384393
UAV_0001,telemetry_13,50,50,259,7143.724426146659,3.918736055105449,13.654162897215429,0.19034829010007895
UAV_0001,telemetry_14,5,5,259,-648.8153498137997,8.038873388460929e-14,1.1368683772161603e-13,0.0
UAV_0001,telemetry_14,20,20,259,-648.8153498137997,1.075369826738685e-13,2.2737367544323206e-13,0.0
UAV_0001,telemetry_14,50,50,259,-648.8153498137998,1.0525355944225241e-13,2.2737367544323206e-13,0.0
UAV_0001,telemetry_15,5,5,259,50064.904715532684,19.715536797897478,36.20460038575402,7.105229922383296
UAV_0001,telemetry_15,20,20,259,50064.802947916614,19.661500729356305,27.878159070467518,-0.6257236015997533
UAV_0001,telemetry_15,50,50,259,50067.71966947069,19.242845941856338,-29.728479362755024,-0.18644475876767005
UAV_0001,telemetry_16,5,5,259,-702.5770172901282,2.9020513277334596,-6.937229545327796,-1.2140151704323672
UAV_0001,telemetry_16,20,20,259,-701.8832943355956,1.9973287052460105,-3.468614772663841,-0.08084741199441942
UAV_0001,telemetry_16,50,50,259,-700.2183592447167,2.2314748924512005,-5.2029221589957615,-0.08761063003223095
UAV_0001,telemetry_17,5,5,259,40.41581228213973,0.0,0.0,0.0
UAV_0001,telemetry_17,20,20,259,40.41581228213974,7.290014651212246e-15,0.0,0.0
UAV_0001,telemetry_17,50,50,259,40.41581228213974,7.177565525411544e-15,0.0,0.0
UAV_0001,telemetry_18,5,5,259,-104.15264137825321,0.04792473824586328,0.11149135137844723,0.014601728059724905
UAV_0001,telemetry_18,20,20,259,-104.15297072652604,0.1655851060274745,0.3510628418492985,0.008502671848766937
UAV_0001,telemetry_18,50,50,259,-104.20513099737921,0.18328316196761701,0.26837609856042377,0.005318610136810876
UAV_0001,telemetry_19,5,5,259,33507.06152224964,0.3463782272912596,0.22893696663231822,-0.0043108230784127954
UAV_0001,telemetry_19,20,20,259,33506.92247291156,0.4187810371178501,0.3705007702083094,0.027122415912097332
UAV_0001,telemetry_19,50,50,259,33506.44659889396,0.5783242818352079,1.0775018424901646,0.028120458499336795
UAV_0001,telemetry_20,5,5,259,-164.8973841769026,0.0,0.0,0.0
UAV_0001,telemetry_20,20,20,259,-164.89738417690256,2.9160058604848984e-14,0.0,0.0
UAV_0001,telemetry_20,50,50,259,-164.8973841769026,0.0,0.0,0.0
UAV_0001,telemetry_21,5,5,259,34964.23494802772,0.5755950873096911,-0.44146127971907845,0.044146127971907846
UAV_0001,telemetry_21,20,20,259,34963.69047911606,0.5524587405785886,0.8829225594381569,0.06262332940364411
UAV_0001,telemetry_21,50,50,259,34963.090091775644,0.7249927086587115,1.6186913589699543,0.03954956034545064
UAV_0001,telemetry_22,5,5,259,23235.45485623652,45.67944580739581,-4.8074957728422305,9.9500594328827
UAV_0001,telemetry_22,20,20,259,23192.478757661112,51.763828024420235,-22.289298583178606,4.852624236237337
UAV_0001,telemetry_22,50,50,259,23170.34679530323,52.714120827416345,22.726343653437652,1.4663587892299434
UAV_0001,telemetry_23,5,5,259,-17409.47961614067,8.754630864374494,3.6865220027211762,-1.6869740127793194
UAV_0001,telemetry_23,20,20,259,-17404.352332222956,10.625765663579907,11.837004949054972,-0.2854815815373472
UAV_0001,telemetry_23,50,50,259,-17404.426599013448,8.740371393611591,-11.569811317553103,-0.08194421074224043
UAV_0001,telemetry_24,5,5,259,-3629.530765883041,2.062320294776346,4.005087151173484,0.6310395121243346
UAV_0001,telemetry_24,20,20,259,-3630.594268779621,3.288073888077609,6.674254253274285,0.18479284447958289
UAV_0001,telemetry_24,50,50,259,-3633.389620543064,3.62504185867873,10.58819040671824,0.17897582628169706
UAV_0001,telemetry_25,5,5,259,-174.50913972134404,0.3444210689751763,-0.3038352420034016,-0.07899716292088499
UAV_0001,telemetry_25,20,20,259,-174.25695647048124,0.30687438607234885,-0.8507386776095416,-0.029926629099584448
UAV_0001,telemetry_25,50,50,259,-173.67420047631865,0.5861203468069215,-2.2179972666249057,-0.03600210531417125
UAV_0001,telemetry_26,5,5,259,-6530.006772376754,21.19093672884466,20.048637987899383,-0.741593415556963
UAV_0001,telemetry_26,20,20,259,-6555.709639933845,36.74097756845308,105.94654027520119,2.5791386880176215
UAV_0001,telemetry_26,50,50,259,-6585.44118182991,42.51965989210392,102.14593967951168,2.0390806479854993
UAV_0001,telemetry_27,5,5,259,969.0302044744709,1.2710574864626038e-13,0.0,0.0
UAV_0001,telemetry_27,20,20,259,969.0302044744709,1.1664023441939594e-13,0.0,0.0
UAV_0001,telemetry_27,50,50,259,969.0302044744708,0.0,0.0,0.0
UAV_0001,telemetry_28,5,5,259,-9928.712696276203,29.63815944161626,-39.881143926120785,-13.363185348515435
UAV_0001,telemetry_28,20,20,259,-9914.699448249605,23.54074043946201,-46.50222464167928,-1.559203903495084
UAV_0001,telemetry_28,50,50,259,-9882.910816510155,40.892290225242164,-179.20805238268258,-2.1843238435824768
UAV_0002,telemetry_01,5,5,253,90.5636690785835,15.020712466152608,10.63335472078191,4.909779179136008
UAV_0002,telemetry_01,20,20,253,89.58124192146269,10.377336183693242,-15.295077778852573,0.39581995542183507
UAV_0002,telemetry_01,50,50,253,89.23397590923405,10.896089144003735,-3.5546264785627386,0.033653453866798515
UAV_0002,telemetry_02,5,5,253,10.13585878558222,9.749910539947754,1.4961458613325194,-1.0438096993845574
UAV_0002,telemetry_02,20,20,253,11.16616856912618,7.05421665248403,-9.685173559567712,-0.21466110917074924
UAV_0002,telemetry_02,50,50,253,10.838717154462621,7.22022606688173,-10.605922987588976,0.012658247335572456
UAV_0002,telemetry_03,5,5,253,30377.82504938608,0.0,0.0,0.0
UAV_0002,telemetry_03,20,20,253,30377.825049386087,7.46497500284134e-12,0.0,0.0
UAV_0002,telemetry_03,50,50,253,30377.82504938608,1.0090967323749335e-11,0.0,0.0
UAV_0002,telemetry_04,5,5,253,-125.8658898405242,0.022815132261318396,0.018490406116995928,0.008960735272088982
UAV_0002,telemetry_04,20,20,253,-125.89277204634054,0.03454263644597727,0.06827226873976144,0.0032040055943663385
UAV_0002,telemetry_04,50,50,253,-125.89138777694527,0.08749733975504896,0.05831589621519129,0.00017784006885854822
UAV_0002,telemetry_05,5,5,253,-113.52393919616141,0.002135442295838705,0.002574860009445956,0.0007685413728552249
UAV_0002,telemetry_05,20,20,253,-113.52540726968748,0.0026289748734175875,0.0018068106387261196,7.474159081899763e-05
UAV_0002,telemetry_05,50,50,253,-113.52582943193043,0.002444442255139372,0.005213340282722356,3.835205650141845e-05
UAV_0002,telemetry_06,5,5,253,-143.2049632452777,0.8635144960284007,-2.0689445611571387,-0.5261280933063688
UAV_0002,telemetry_06,20,20,253,-142.42316019303658,1.0980850226764425,-2.016344275704,-0.11459536231277756
UAV_0002,telemetry_06,50,50,253,-141.45778214456396,1.290880405950652,-4.066503020627863,-0.06468599261121859
UAV_0002,telemetry_07,5,5,253,140.69441388260046,0.03843742671976016,0.0,0.0
UAV_0002,telemetry_07,20,20,253,140.68152157774662,0.01921871335988008,0.0,0.0009693462296114715
UAV_0002,telemetry_07,50,50,253,140.67378619483432,0.02430996316605134,0.08594869902555047,0.0007346395402904193
UAV_0002,telemetry_08,5,5,253,-4680.605940223165,0.0,0.0,0.0
UAV_0002,telemetry_08,20,20,253,-4680.605940223164,9.331218753551675e-13,0.0,0.0
UAV_0002,telemetry_08,50,50,253,-4680.605940223166,9.187283872526776e-13,0.0,0.0
UAV_0002,telemetry_09,5,5,253,-149.89782247626528,8.16044804954658,7.163775625710372,2.412491577429063
UAV_0002,telemetry_09,20,20,253,-149.23488534855952,12.655083250777599,0.10835199553977759,-6.71644014434641e-05
UAV_0002,telemetry_09,50,50,253,-151.84812840131005,11.191304591888708,-12.643062668890025,0.04751386497155727
UAV_0002,telemetry_10,5,5,253,-61.45607540920763,0.7370828407237754,-0.14428603637290394,-0.0015203396775866906
UAV_0002,telemetry_10,20,20,253,-62.13510656529157,1.1739773438722436,0.5793080856621557,0.08207963584682121
UAV_0002,telemetry_10,50,50,253,-62.30802918606148,2.9533077901639313,2.712084048744174,-0.004768240884773923
UAV_0002,telemetry_11,5,5,253,61.642571251588926,0.037627440631294556,0.06837532409510061,0.019711323899291245
UAV_0002,telemetry_11,20,20,253,61.682341117830184,0.08763506972493834,-0.14262665260462626,-0.006150325057967043
UAV_0002,telemetry_11,50,50,253,61.68852897062562,0.7914613800420507,-0.336000616061078,-0.009521799190703902
UAV_0002,telemetry_12,5,5,253,646.3570866159922,1.6130205570288054,-0.13317565618922345,0.07990539371369323
UAV_0002,telemetry_12,20,20,253,645.1252117962401,1.568318386967976,4.9274992790085435,0.14949718397804568
UAV_0002,telemetry_12,50,50,253,643.3339992204924,2.0549303101118053,6.658782809470949,0.10421914376561588
UAV_0002,telemetry_13,5,5,253,7142.327742678994,4.235564400103696,7.498311868331257,1.9567240499870422
UAV_0002,telemetry_13,20,20,253,7141.121813596481,3.6514251682717487,10.47966286402152,0.29078505971290286
UAV_0002,telemetry_13,50,50,253,7137.889407293858,4.318809839464839,7.134618590607715,0.19188023010829738
UAV_0002,telemetry_14,5,5,253,-648.8153498138018,0.0,0.0,0.0
UAV_0002,telemetry_14,20,20,253,-648.8153498138018,0.0,0.0,0.0
UAV_0002,telemetry_14,50,50,253,-648.8153498138018,0.0,0.0,0.0
UAV_0002,telemetry_15,5,5,253,50308.13548568818,14.232479585186855,7.154571796854725,1.5419335769081954
UAV_0002,telemetry_15,20,20,253,50267.40993605494,33.59500659439151,111.57431362493662,4.682191444388429
UAV_0002,telemetry_15,50,50,253,50196.99661410537,68.19791505488612,235.29906383589696,4.469618593394189
UAV_0002,telemetry_16,5,5,253,-702.230155812862,0.9499192771418197,0.0,0.0
UAV_0002,telemetry_16,20,20,253,-700.929425273113,1.618632560059754,-5.202922158995875,-0.13170304211994616
UAV_0002,telemetry_16,50,50,253,-698.6921687447449,2.4214482425432684,-6.937229545327796,-0.13641274904258097
UAV_0002,telemetry_17,5,5,253,40.41581228213973,0.0,0.0,0.0
UAV_0002,telemetry_17,20,20,253,40.41581228213974,7.290014651212246e-15,0.0,0.0
UAV_0002,telemetry_17,50,50,253,40.41581228213974,1.9392714151518524e-14,0.0,0.0
UAV_0002,telemetry_18,5,5,253,-103.06698739075391,0.008172609264578344,0.015189197014123579,0.003909820860354784
UAV_0002,telemetry_18,20,20,253,-103.06432090886865,0.01876359478837653,-0.0764369324642189,-0.0010012515673975843
UAV_0002,telemetry_18,50,50,253,-103.05642146620909,0.029997070204735764,-0.08688470095650302,-0.0005555296143917722
UAV_0002,telemetry_19,5,5,253,33511.162711042394,0.4311503666852484,-0.078268762496009,-0.13281730036032968
UAV_0002,telemetry_19,20,20,253,33509.86936081552,1.0202157890195012,2.0856226366304327,0.1467807340505708
UAV_0002,telemetry_19,50,50,253,33508.21796057521,1.6724680626318746,5.731688758598466,0.10719457650567432
UAV_0002,telemetry_20,5,5,253,-164.8973841769026,0.0,0.0,0.0
UAV_0002,telemetry_20,20,20,253,-164.89738417690256,2.9160058604848984e-14,0.0,0.0
UAV_0002,telemetry_20,50,50,253,-164.8973841769026,0.0,0.0,0.0
UAV_0002,telemetry_21,5,5,253,34967.560623001584,0.6695091794965145,1.3243838391572353,0.13243838391572355
UAV_0002,telemetry_21,20,20,253,34966.65562737817,0.8639699470651778,2.6487676783144707,0.12624243612973307
UAV_0002,telemetry_21,50,50,253,34964.8706522705,1.667994621276493,6.033304156153463,0.10958273750890996
UAV_0002,telemetry_22,5,5,253,23215.175964976534,48.05405006685217,-36.85746759178801,-6.847039434047838
UAV_0002,telemetry_22,20,20,253,23202.377828502464,55.565313574137065,31.175881678434962,3.5808121282750074
UAV_0002,telemetry_22,50,50,253,23146.487048100927,73.71635267853246,26.077022525416396,3.530169906997982
UAV_0002,telemetry_23,5,5,253,-17497.88116806541,1.6529139847348584,-0.7515919841571304,-0.20788794635882368
UAV_0002,telemetry_23,20,20,253,-17472.107433885405,18.088970620576205,-53.34302946829848,-2.738046080770229
UAV_0002,telemetry_23,50,50,253,-17444.1006756829,28.124385488045153,-105.88907142578682,-1.8421313089191929
UAV_0002,telemetry_24,5,5,253,-3741.630782873428,3.2200805665306764,-4.823369617918615,-1.517625042826785
UAV_0002,telemetry_24,20,20,253,-3727.337258361441,10.483654333166044,-37.08079834771934,-1.65117893126216
UAV_0002,telemetry_24,50,50,253,-3704.6011109117867,67.58834835890652,-66.6652011701226,-1.1064154397421622
UAV_0002,telemetry_25,5,5,253,-174.22353459386085,0.37802770061267327,-0.3646022904040649,-0.13672585890153072
UAV_0002,telemetry_25,20,20,253,-173.9622362857379,0.34558293225724596,-1.1545739196129432,-0.037145571691544886
UAV_0002,telemetry_25,50,50,253,-173.27009960445415,0.7084810617794132,-2.005312597222485,-0.04445988633647045
UAV_0002,telemetry_26,5,5,253,-7668.595757533227,9.36275578341805,-20.237064258476494,-2.5978075395632003
UAV_0002,telemetry_26,20,20,253,-7638.670736980801,24.088066469710228,-79.5130042496121,-3.8900746141391314
UAV_0002,telemetry_26,50,50,253,-7597.659823922528,39.869592904348444,-135.48786283688332,-2.667412992119786
UAV_0002,telemetry_27,5,5,253,969.0302044744709,1.2710574864626038e-13,0.0,0.0
UAV_0002,telemetry_27,20,20,253,969.0302044744709,1.1664023441939594e-13,0.0,0.0
UAV_0002,telemetry_27,50,50,253,969.0302044744708,0.0,0.0,0.0
UAV_0002,telemetry_28,5,5,253,-9893.846940327567,28.99554867348605,25.361198249609515,10.10918570436861
UAV_0002,telemetry_28,20,20,253,-9879.777274726663,34.71009572214389,-36.23058884999227,-3.4117777303897516
UAV_0002,telemetry_28,50,50,253,-9825.532038054029,56.50887216032892,-76.20278788779069,-3.2790474341328633
UAV_0003,telemetry_01,5,5,222,74.97850885576607,12.475286947806591,-9.327116652434569,-2.6428628495853514
UAV_0003,telemetry_01,20,20,222,82.80833922655754,11.895717629632584,-16.582543337580034,-0.3680440903898197
UAV_0003,telemetry_01,50,50,222,86.27775098103187,11.864259005408867,-23.93380814442,-0.1091921266008696
UAV_0003,telemetry_02,5,5,222,14.55854216540927,4.891101070086587,2.833955692838412,0.8468132137038576
UAV_0003,telemetry_02,20,20,222,11.281947619200892,7.298386796361947,21.71626678961278,0.6120004571226197
UAV_0003,telemetry_02,50,50,222,11.134756202323166,7.429767614855395,-2.9384243073784226,0.017335291730431097
UAV_0003,telemetry_03,5,5,222,30377.82504938608,0.0,0.0,0.0
UAV_0003,telemetry_03,20,20,222,30377.825049386087,7.46497500284134e-12,0.0,0.0
UAV_0003,telemetry_03,50,50,222,30377.82504938608,0.0,0.0,0.0
UAV_0003,telemetry_04,5,5,222,-125.88608705335973,0.019204209363417026,-0.011378711456643487,-0.004835952369073482
UAV_0003,telemetry_04,20,20,222,-125.89682571229693,0.035930156726599924,0.011378711456615065,0.001562433969748861
UAV_0003,telemetry_04,50,50,222,-125.89445040628036,0.030187741582688873,-0.014223389320804358,-8.933586185648136e-05
UAV_0003,telemetry_05,5,5,222,-113.52461043602337,0.002607972973704222,-0.005219930015769592,-0.0005884036230455081
UAV_0003,telemetry_05,20,20,222,-113.52529726877546,0.0022359580335039675,-0.002563280917840416,-1.258184916568161e-05
UAV_0003,telemetry_05,50,50,222,-113.52480515207007,0.0024911304768311863,-0.0014971501959308853,-1.6542816445576573e-05
UAV_0003,telemetry_06,5,5,222,-134.5692487616197,0.24591232209052655,-0.5159837525403645,-0.11734873207046803
UAV_0003,telemetry_06,20,20,222,-134.837823314368,0.6045945593355351,0.8027805470349563,0.03193023772701109
UAV_0003,telemetry_06,50,50,222,-135.42730970389042,0.8845554601425877,0.16281040735503893,0.037123539255636946
UAV_0003,telemetry_07,5,5,222,140.5912754437698,0.0,0.0,0.0
UAV_0003,telemetry_07,20,20,222,140.59127544376983,2.9160058604848984e-14,0.0,0.0
UAV_0003,telemetry_07,50,50,222,140.59127544376977,2.8710262101646174e-14,0.0,0.0
UAV_0003,telemetry_08,5,5,222,-4680.605940223165,0.0,0.0,0.0
UAV_0003,telemetry_08,20,20,222,-4680.605940223164,9.331218753551675e-13,0.0,0.0
UAV_0003,telemetry_08,50,50,222,-4680.605940223166,9.187283872526776e-13,0.0,0.0
UAV_0003,telemetry_09,5,5,222,-152.3741217767367,6.528240894469197,-9.117182932068062,-1.9221797233342186
UAV_0003,telemetry_09,20,20,222,-149.82157469431064,9.819536514917234,-0.22521360242041055,-0.41026257187615
UAV_0003,telemetry_09,50,50,222,-150.2441431170663,9.205237101893795,-2.423805063839353,-0.01309546417249116
UAV_0003,telemetry_10,5,5,222,-63.04662816740972,1.0444367370591194,0.04410310005408036,-0.007278461271520343
UAV_0003,telemetry_10,20,20,222,-62.545825106903536,1.6425973944522196,1.8055697827008501,-0.04621985859773176
UAV_0003,telemetry_10,50,50,222,-62.28114413099761,1.4873893018924695,0.23903616091184432,-0.032557350549451074
UAV_0003,telemetry_11,5,5,222,63.04020561067034,0.12908687690918944,-0.10469971502061526,-0.02136728877971663
UAV_0003,telemetry_11,20,20,222,62.987695498494176,0.10809852950659686,0.08172987958242572,-0.00024660743065277535
UAV_0003,telemetry_11,50,50,222,62.87715182999229,0.15979733327254514,0.2622834697710559,0.007143754130341125
UAV_0003,telemetry_12,5,5,222,629.4171431486981,0.5123369788936937,0.13317565618933713,0.15981078742728413
UAV_0003,telemetry_12,20,20,222,631.0951564166846,1.6832231736600982,-4.261620998061517,-0.1279687884286347
UAV_0003,telemetry_12,50,50,222,632.7465345534335,2.1106710291987554,-4.661147966629642,-0.10367556965872125
UAV_0003,telemetry_13,5,5,222,7149.912512189207,3.042949498423899,2.3365020027958963,0.9458480909145692
UAV_0003,telemetry_13,20,20,222,7145.921437859851,3.9106417808757605,13.04304440951637,0.2903128172764686
UAV_0003,telemetry_13,50,50,222,7143.330374393985,4.300927149165467,10.377741645693277,0.19729757891048422
UAV_0003,telemetry_14,5,5,222,-648.8153498138018,0.0,0.0,0.0
UAV_0003,telemetry_14,20,20,222,-648.8153498138018,0.0,0.0,0.0
UAV_0003,telemetry_14,50,50,222,-648.8153498138018,0.0,0.0,0.0
UAV_0003,telemetry_15,5,5,222,50137.609967550976,16.549273612973565,33.367442604248936,4.508613778873405
UAV_0003,telemetry_15,20,20,222,50122.85366321998,21.888423576664554,37.068083188831224,2.3917360670358385
UAV_0003,telemetry_15,50,50,222,50093.64142321878,32.674681644502,93.44117476051906,1.9110824709454854
UAV_0003,telemetry_16,5,5,222,-701.5364328583291,1.2263405135372185,0.0,0.17343073863319206
UAV_0003,telemetry_16,20,20,222,-700.8427099037963,1.7251553045781505,-3.4686147726639547,-0.13039905160390747
UAV_0003,telemetry_16,50,50,222,-699.5593224379107,2.0131020621604323,-6.937229545327796,-0.0825305459714271
UAV_0003,telemetry_17,5,5,222,40.41581228213973,0.0,0.0,0.0
UAV_0003,telemetry_17,20,20,222,40.41581228213974,7.290014651212246e-15,0.0,0.0
UAV_0003,telemetry_17,50,50,222,40.41581228213974,7.177565525411544e-15,0.0,0.0
UAV_0003,telemetry_18,5,5,222,-103.33018214596999,0.007303804379719577,0.016218021200302246,0.0033643623307810346
UAV_0003,telemetry_18,20,20,222,-103.32644633140069,0.006252090474804573,0.0007505717769333842,-0.00015664171731379656
UAV_0003,telemetry_18,50,50,222,-103.32670575770298,0.0053888959094734856,-0.001791882324710059,2.0484993393791962e-05
UAV_0003,telemetry_19,5,5,222,33507.03079073926,0.669983206690523,-1.4732571467684465,-0.41104268606795813
UAV_0003,telemetry_19,20,20,222,33506.73012537838,0.5481279631897932,0.2704944998695282,0.040944567541928815
UAV_0003,telemetry_19,50,50,222,33506.08370890223,0.7221836582966539,1.2229292929332587,0.037968244972748984
UAV_0003,telemetry_20,5,5,222,-164.8973841769026,0.0,0.0,0.0
UAV_0003,telemetry_20,20,20,222,-164.89738417690256,2.9160058604848984e-14,0.0,0.0
UAV_0003,telemetry_20,50,50,222,-164.8973841769026,0.0,0.0,0.0
UAV_0003,telemetry_21,5,5,222,34963.88177900394,0.421384240625517,-0.7357687995317974,-0.11772300792508758
UAV_0003,telemetry_21,20,20,222,34963.41088697224,0.5075148826605771,0.7357687995317974,0.058861503962565676
UAV_0003,telemetry_21,50,50,222,34962.836987308605,0.6689148525427051,0.7357687995317974,0.03590339755498247
UAV_0003,telemetry_22,5,5,222,23224.82009286024,49.61615528795609,-55.941768993066944,-10.503649855209005
UAV_0003,telemetry_22,20,20,222,23195.68375484301,52.8743228367085,16.316349289649224,0.38227751759457573
UAV_0003,telemetry_22,50,50,222,23150.13783125448,69.55519393558522,161.56099430552058,3.2133778140544247
UAV_0003,telemetry_23,5,5,222,-17432.254349761726,6.13213019027115,2.164022212920827,-0.2267575880916411
UAV_0003,telemetry_23,20,20,222,-17428.286904238517,11.53291609611976,-8.855956248426082,-1.102193548625584
UAV_0003,telemetry_23,50,50,222,-17413.307304423914,17.370212430371332,-21.883190852207917,-0.9913572019654009
UAV_0003,telemetry_24,5,5,222,-3628.2097558585438,3.4557758681020374,7.773889358883025,1.9361143334743702
UAV_0003,telemetry_24,20,20,222,-3632.0800191060107,3.4723748431192756,11.529828010984602,0.46630193539618847
UAV_0003,telemetry_24,50,50,222,-3635.2469887656453,3.9955170785059106,17.34166080991008,0.22568358524717863
UAV_0003,telemetry_25,5,5,222,-174.22961129870092,0.30565281699122043,0.4861363872054483,0.0881122201809859
UAV_0003,telemetry_25,20,20,222,-173.9607171095279,0.4547897003249622,-0.54690343560614,-0.05206319673126149
UAV_0003,telemetry_25,50,50,222,-173.5447666632252,0.5527221712380856,-1.09380687121228,-0.029152134311981572
UAV_0003,telemetry_26,5,5,222,-7443.892581624939,4.0373739906289545,-6.889213364587704,-1.7510083968327308
UAV_0003,telemetry_26,20,20,222,-7449.856056943661,6.11989374341711,1.291727505860763,0.528669427836971
UAV_0003,telemetry_26,50,50,222,-7455.779345184422,7.098709684047394,12.773749780171784,0.3643440021197544
UAV_0003,telemetry_27,5,5,222,969.0302044744709,1.2710574864626038e-13,0.0,0.0
UAV_0003,telemetry_27,20,20,222,969.0302044744709,1.1664023441939594e-13,0.0,0.0
UAV_0003,telemetry_27,50,50,222,969.0302044744708,0.0,0.0,0.0
UAV_0003,telemetry_28,5,5,222,-9940.11307486365,24.38820766986606,54.665666134034836,9.848440823896999
UAV_0003,telemetry_28,20,20,222,-9910.51167151205,30.114806328620517,-3.623017481300849,-3.044513695476779
UAV_0003,telemetry_28,50,50,222,-9871.499379348694,44.98532868103796,-98.10181934191314,-2.510643727673127
UAV_0004,telemetry_01,5,5,272,90.18174104168656,13.614514139820848,-4.955976344903462,-3.0332522849183676
UAV_0004,telemetry_01,20,20,272,87.44888774091751,11.397043886019448,6.658609149151161,-0.3359670504671452
UAV_0004,telemetry_01,50,50,272,88.81685373607,10.790033828590385,-2.163771713548016,-0.03952285037486225
UAV_0004,telemetry_02,5,5,272,16.735314866651617,10.820327693001236,-20.175966344152926,-4.273516317471957
UAV_0004,telemetry_02,20,20,272,13.600366192509204,8.517187779262859,15.265290239558183,0.04284132605605285
UAV_0004,telemetry_02,50,50,272,11.94568022335068,7.7420622118029705,0.17315051827005057,0.1330682130484363
UAV_0004,telemetry_03,5,5,272,30377.82504938608,0.0,0.0,0.0
UAV_0004,telemetry_03,20,20,272,30377.825049386087,1.237926057690348e-11,0.0,0.0
UAV_0004,telemetry_03,50,50,272,30377.82504938608,7.275957614183426e-12,0.0,0.0
UAV_0004,telemetry_04,5,5,272,-125.91168915413716,0.023813029311045026,0.007111694660352441,0.0021335083981114168
UAV_0004,telemetry_04,20,20,272,-125.92685466096664,0.1056804441314902,-0.06258291301146812,0.0042699166623435545
UAV_0004,telemetry_04,50,50,272,-125.9066326664201,0.07243984920956693,-0.005689355728321743,-0.0004765748318449192
UAV_0004,telemetry_05,5,5,272,-113.52428578367213,0.002383284010385709,-9.160157269150204e-05,0.0002665812693294356
UAV_0004,telemetry_05,20,20,272,-113.5257095696528,0.0023941305029342584,0.003504481950002969,0.00012755478039567697
UAV_0004,telemetry_05,50,50,272,-113.52584458289101,0.00236843391335624,0.003504807907546592,4.355439446692058e-05
UAV_0004,telemetry_06,5,5,272,-133.80654462254907,1.0783798143133816,-0.25298232527467235,-0.20401396429328428
UAV_0004,telemetry_06,20,20,272,-134.49980386094407,0.8815433549060039,0.5573125482536057,0.050635072496815384
UAV_0004,telemetry_06,50,50,272,-134.6964663091514,0.8245240790169399,0.5222456912848656,0.021220109212827496
UAV_0004,telemetry_07,5,5,272,140.5912754437698,0.0,0.0,0.0
UAV_0004,telemetry_07,20,20,272,140.59127544376983,2.9160058604848984e-14,0.0,0.0
UAV_0004,telemetry_07,50,50,272,140.59127544376977,2.8710262101646174e-14,0.0,0.0
UAV_0004,telemetry_08,5,5,272,-4680.605940223165,0.0,0.0,0.0
UAV_0004,telemetry_08,20,20,272,-4680.605940223164,9.331218753551675e-13,0.0,0.0
UAV_0004,telemetry_08,50,50,272,-4680.605940223166,9.187283872526776e-13,0.0,0.0
UAV_0004,telemetry_09,5,5,272,-152.54188200083186,5.393723367044572,-10.46374766036368,-2.5011904132597977
UAV_0004,telemetry_09,20,20,272,-155.5389201567452,7.601686111524104,-17.06764050755723,0.00403563639952098
UAV_0004,telemetry_09,50,50,272,-154.01354146592263,8.219295874835094,-8.064203271174875,-0.05139442483456468
UAV_0004,telemetry_10,5,5,272,-62.816223935136136,0.6630317739032676,1.0469102265451653,0.3472746472198175
UAV_0004,telemetry_10,20,20,272,-61.739775304963736,3.709348413467013,-0.901549243465027,-0.2313777060559325
UAV_0004,telemetry_10,50,50,272,-62.11999397817964,2.511461409895223,-0.19971887527737664,0.005183227102549355
UAV_0004,telemetry_11,5,5,272,63.08251284245417,0.12174867115668822,0.279911483014331,0.057798516149142644
UAV_0004,telemetry_11,20,20,272,63.26937251854821,0.837393343453699,0.1063022616791045,-0.03913890321453583
UAV_0004,telemetry_11,50,50,272,63.089896335013734,0.545997084857547,0.18589541238355167,0.00677788192643007
UAV_0004,telemetry_12,5,5,272,630.2428322170724,1.071215839350809,-1.0654052495153792,-0.45279723104404185
UAV_0004,telemetry_12,20,20,272,631.1284503307321,1.3984111431104782,-3.9952696856823877,-0.10023220439519055
UAV_0004,telemetry_12,50,50,272,631.694446869537,1.3872020260441007,-2.796688779977785,-0.04309583419258116
UAV_0004,telemetry_13,5,5,272,7147.999495257311,1.9986444718298138,2.3535937675751484,0.34528871027887365
UAV_0004,telemetry_13,20,20,272,7147.681059345817,3.4178043912967633,-0.09542518471062067,0.1982425200747327
UAV_0004,telemetry_13,50,50,272,7145.597871895576,4.265801018537023,3.6522201219795534,0.13179629476129506
UAV_0004,telemetry_14,5,5,272,-648.8153498138018,0.0,0.0,0.0
UAV_0004,telemetry_14,20,20,272,-648.8153498138018,0.0,0.0,0.0
UAV_0004,telemetry_14,50,50,272,-648.8153498138018,0.0,0.0,0.0
UAV_0004,telemetry_15,5,5,272,49897.080665022215,21.377361771737107,-55.07786736708658,-12.409481426940328
UAV_0004,telemetry_15,20,20,272,49901.05885365063,18.992747994412095,-55.94135017015651,-1.2142553015854252
UAV_0004,telemetry_15,50,50,272,49909.59993211984,21.44914649823611,-29.358415304290247,-0.5149177041965743
UAV_0004,telemetry_16,5,5,272,-701.5364328583291,1.7343073863319205,-3.468614772663841,-0.3468614772663841
UAV_0004,telemetry_16,20,20,272,-701.2762867503794,1.8036621279813145,-3.468614772663841,-0.02216783877266245
UAV_0004,telemetry_16,50,50,272,-700.4264761310768,2.035842847501773,-5.202922158995875,-0.06129412899593379
UAV_0004,telemetry_17,5,5,272,40.41581228213973,0.0,0.0,0.0
UAV_0004,telemetry_17,20,20,272,40.41581228213973,1.9561161980496004e-14,0.0,0.0
UAV_0004,telemetry_17,50,50,272,40.41581228213973,1.218073261303029e-14,0.0,0.0
UAV_0004,telemetry_18,5,5,272,-103.32913461210163,0.0050455784950452585,-0.003027910720078353,0.0005637224430145693
UAV_0004,telemetry_18,20,20,272,-103.3283384035171,0.005367504823483421,-0.01276294724085858,-9.981160345906921e-05
UAV_0004,telemetry_18,50,50,272,-103.32745067662265,0.00500943160544332,-0.0017734461379603772,-4.562479220854335e-05
UAV_0004,telemetry_19,5,5,272,33508.11464900652,0.667270839749051,1.2690935738792177,0.31604892491814096
UAV_0004,telemetry_19,20,20,272,33507.72056090807,0.4940015769843596,1.289545146661112,0.04496865243211899
UAV_0004,telemetry_19,50,50,272,33507.43589468338,0.5556221055728521,2.076187777231098,0.022636062502454337
UAV_0004,telemetry_20,5,5,272,-164.8973841769026,0.0,0.0,0.0
UAV_0004,telemetry_20,20,20,272,-164.89738417690256,2.9160058604848984e-14,0.0,0.0
UAV_0004,telemetry_20,50,50,272,-164.8973841769026,0.0,0.0,0.0
UAV_0004,telemetry_21,5,5,272,34964.882424571304,0.23267052378083097,0.4414612797263544,0.044146127974090635
UAV_0004,telemetry_21,20,20,272,34964.67640930744,0.3321484586006015,1.3243838391572353,0.027881765034785223
UAV_0004,telemetry_21,50,50,272,34964.22611880212,0.60286511604434,1.4715375990708708,0.029190500944697072
UAV_0004,telemetry_22,5,5,272,23230.006361027303,46.09422544926087,-111.30081122580305,-27.708657454382045
UAV_0004,telemetry_22,20,20,272,23219.18949553841,41.71188738318694,-29.28201970731243,1.0593140036263329
UAV_0004,telemetry_22,50,50,272,23186.587390114033,60.86321397650187,98.48082249822255,2.301064155908343
UAV_0004,telemetry_23,5,5,272,-17354.827933692948,6.8110356037016375,15.457705828383041,3.6975257552738183
UAV_0004,telemetry_23,20,20,272,-17353.658496162894,7.126464204068621,8.121443322077539,0.14197406114775582
UAV_0004,telemetry_23,50,50,272,-17354.415692561095,7.07829143481502,3.3332761382880562,0.060119784858832195
UAV_0004,telemetry_24,5,5,272,-3624.157812514447,2.278325966359897,2.408191410830568,0.9521901786425133
UAV_0004,telemetry_24,20,20,272,-3644.740889884482,77.08398945898725,6.480011448636105,4.119757971747987
UAV_0004,telemetry_24,50,50,272,-3636.78208351282,48.50008613261416,8.08141051372877,-0.08733485542135408
UAV_0004,telemetry_25,5,5,272,-174.7096709810663,0.30353125469167586,0.3646022904040649,0.02430681936026815
UAV_0004,telemetry_25,20,20,272,-174.38304809591259,0.3148726697184855,-0.425369338804785,-0.02177105155107144
UAV_0004,telemetry_25,50,50,272,-174.0448794715628,0.432007236758741,-1.0330398228116167,-0.022506422296012553
UAV_0004,telemetry_26,5,5,272,-7436.429267146637,6.029428446484769,-1.1482022274321935,1.4639578399746824
UAV_0004,telemetry_26,20,20,272,-7440.835493194403,4.875169312709971,6.171586972442128,0.4200002884550472
UAV_0004,telemetry_26,50,50,272,-7445.876100972828,6.123017550882356,18.658286195756773,0.32084188651623785
UAV_0004,telemetry_27,5,5,272,969.0302044744709,1.2710574864626038e-13,0.0,0.0
UAV_0004,telemetry_27,20,20,272,969.0302044744709,1.1664023441939594e-13,0.0,0.0
UAV_0004,telemetry_27,50,50,272,969.0302044744708,0.0,0.0,0.0
UAV_0004,telemetry_28,5,5,272,-9923.37411755409,36.06295624784333,-34.71369222536305,-5.070366988788737
UAV_0004,telemetry_28,20,20,272,-9925.903896626774,25.300527911142773,17.816896146016006,-0.43942100112790355
UAV_0004,telemetry_28,50,50,272,-9907.046460726122,33.54367515321749,-56.34343925711255,-1.122301198010836
UAV_0005,telemetry_01,5,5,213,84.9844936426045,13.886727414014395,12.538000897596518,0.045061110743746725
UAV_0005,telemetry_01,20,20,213,89.17824744835563,12.917196202560785,3.088748881670142,-0.4394737058995837
UAV_0005,telemetry_01,50,50,213,85.70566724123137,12.218897103109882,0.32065603739148685,0.09596086310990092
UAV_0005,telemetry_02,5,5,213,13.25981068690145,6.627066346198653,-9.185786928724742,-2.638346776990647
UAV_0005,telemetry_02,20,20,213,13.109784147042086,7.177715290844953,-15.56321211559068,-0.12139944830974145
UAV_0005,telemetry_02,50,50,213,11.058776325758185,7.45383125460694,-4.454290355677634,0.10668921628770721
UAV_0005,telemetry_03,5,5,213,30377.82504938608,0.0,0.0,0.0
UAV_0005,telemetry_03,20,20,213,30377.825049386087,7.46497500284134e-12,0.0,0.0
UAV_0005,telemetry_03,50,50,213,30377.82504938608,7.795668872339385e-12,0.0,0.0
UAV_0005,telemetry_04,5,5,213,-125.88864726343749,0.033244415215170554,0.01849040611701014,0.011236477563417679
UAV_0005,telemetry_04,20,20,213,-125.90272841886505,0.028922282425970537,0.029869117573639414,0.0011207603013667102
UAV_0005,telemetry_04,50,50,213,-125.90744272988097,0.05431157722150359,0.07538396340015652,0.0007602514337198445
UAV_0005,telemetry_05,5,5,213,-113.52795120916198,0.0019272697066985813,-0.0036485274336541806,-0.0005364161958723912
UAV_0005,telemetry_05,20,20,213,-113.52597871316743,0.0024590916701322705,-0.001898569046176135,-1.5103779991724528e-05
UAV_0005,telemetry_05,50,50,213,-113.52570995539764,0.002594470481073597,-0.008828574752456575,-2.128734626594934e-05
UAV_0005,telemetry_06,5,5,213,-133.90974137305713,0.6924902495587009,-0.8704094854746813,-0.21090209691214454
UAV_0005,telemetry_06,20,20,213,-134.4440726061187,0.8078859273459955,1.338802503557531,0.04850507167878777
UAV_0005,telemetry_06,50,50,213,-135.08866405659205,0.9087068324302794,2.5398423547377433,0.04100152108512377
UAV_0005,telemetry_07,5,5,213,140.5912754437698,0.0,0.0,0.0
UAV_0005,telemetry_07,20,20,213,140.59127544376983,2.9160058604848984e-14,0.0,0.0
UAV_0005,telemetry_07,50,50,213,140.59127544376977,2.8710262101646174e-14,0.0,0.0
UAV_0005,telemetry_08,5,5,213,-4680.605940223165,0.0,0.0,0.0
UAV_0005,telemetry_08,20,20,213,-4680.605940223164,9.331218753551675e-13,0.0,0.0
UAV_0005,telemetry_08,50,50,213,-4680.605940223166,9.187283872526776e-13,0.0,0.0
UAV_0005,telemetry_09,5,5,213,-134.69850853829922,5.901167768637618,-14.24863599528966,-1.9968001561329458
UAV_0005,telemetry_09,20,20,213,-146.6679858375647,10.760467295211168,1.3411434695486548,0.6059455997395926
UAV_0005,telemetry_09,50,50,213,-150.1351641344272,10.72476688667381,8.137929861740531,0.07883524041698084
UAV_0005,telemetry_10,5,5,213,-62.668176178676184,1.940710731354122,-0.7913523434826502,0.0854380285842737
UAV_0005,telemetry_10,20,20,213,-62.520838578762394,1.154218417109228,0.679341006999536,0.006563423628635112
UAV_0005,telemetry_10,50,50,213,-62.68784037282096,2.175558112796753,1.5976266409090911,0.02026774246727716
UAV_0005,telemetry_11,5,5,213,63.05003456350901,0.02645415758409474,0.02991420429161451,0.011645172384948665
UAV_0005,telemetry_11,20,20,213,63.01130635259576,0.09607771915580533,0.06570441299764695,0.007209451759322748
UAV_0005,telemetry_11,50,50,213,63.00445734267659,0.5153211699403697,0.19657905677341603,-0.0029705098518452407
UAV_0005,telemetry_12,5,5,213,629.2839674925086,0.9303251386436905,-1.4649322180837316,-0.2929864436167463
UAV_0005,telemetry_12,20,20,213,631.3148962493974,1.7279239207090422,-5.060674935197994,-0.19716005040373658
UAV_0005,telemetry_12,50,50,213,632.0779927593627,1.6614234315586627,-7.7241880589863285,-0.06353422061185486
UAV_0005,telemetry_13,5,5,213,7149.007987269382,4.804157636149068,-3.6043185528196773,-2.0234910587100785
UAV_0005,telemetry_13,20,20,213,7146.358128183962,3.972596826005756,-1.310387106896087,0.1232296738354615
UAV_0005,telemetry_13,50,50,213,7144.599861571965,3.8780585815539004,9.87997290376461,0.10632747877440425
UAV_0005,telemetry_14,5,5,213,-648.8153498138018,0.0,0.0,0.0
UAV_0005,telemetry_14,20,20,213,-648.8153498138018,0.0,0.0,0.0
UAV_0005,telemetry_14,50,50,213,-648.8153498138018,0.0,0.0,0.0
UAV_0005,telemetry_15,5,5,213,50255.20398986015,22.77216545868954,25.78112940587016,2.1340360704380146
UAV_0005,telemetry_15,20,20,213,50197.8533124007,43.71449994232076,135.38176805236435,6.413098835607038
UAV_0005,telemetry_15,50,50,213,50131.61122916339,68.01130440519769,241.40512080043118,4.4367259848849
UAV_0005,telemetry_16,5,5,213,-701.5364328583291,1.7343073863319205,0.0,0.17343073863319206
UAV_0005,telemetry_16,20,20,213,-701.3630021196959,1.7704426711337478,-3.468614772663841,-0.0964952981868901
UAV_0005,telemetry_16,50,50,213,-700.1143008015371,1.8767581291336164,-3.468614772663841,-0.07187069745039537
UAV_0005,telemetry_17,5,5,213,40.41581228213973,0.0,0.0,0.0
UAV_0005,telemetry_17,20,20,213,40.41581228213974,7.290014651212246e-15,0.0,0.0
UAV_0005,telemetry_17,50,50,213,40.41581228213974,1.498719681461722e-14,0.0,0.0
UAV_0005,telemetry_18,5,5,213,-103.32676258108881,0.0034547643410700623,-0.003254576836297929,-0.0006270888027955834
UAV_0005,telemetry_18,20,20,213,-103.32632004516566,0.007307478390073183,0.0005472637096630706,-0.00015101728369629192
UAV_0005,telemetry_18,50,50,213,-103.32790843810308,0.00612772447875034,0.005241929393903888,6.783379955988965e-05
UAV_0005,telemetry_19,5,5,213,33506.96908681877,0.5356154893202196,0.6882572099129902,0.129935027546162
UAV_0005,telemetry_19,20,20,213,33506.58858186637,0.5217473224004566,0.21699901525425958,0.0348862831935357
UAV_0005,telemetry_19,50,50,213,33506.31139654291,0.5310021233999783,0.4760961319334456,0.01657511019988275
UAV_0005,telemetry_20,5,5,213,-164.8973841769026,0.0,0.0,0.0
UAV_0005,telemetry_20,20,20,213,-164.89738417690256,2.9160058604848984e-14,0.0,0.0
UAV_0005,telemetry_20,50,50,213,-164.8973841769026,0.0,0.0,0.0
UAV_0005,telemetry_21,5,5,213,34962.99885644451,0.2830559087917799,0.5886150396254379,0.08829225594381569
UAV_0005,telemetry_21,20,20,213,34963.06507563646,0.38867305034092786,0.0,0.01095355054938792
UAV_0005,telemetry_21,50,50,213,34962.91056418856,0.4277337248313842,0.14715375990635948,0.011249401477576538
UAV_0005,telemetry_22,5,5,213,23252.58702299065,63.68111450701741,118.73057742019228,12.339239150294452
UAV_0005,telemetry_22,20,20,213,23219.947040326853,52.897359113340904,157.3362252930201,2.795445423073868
UAV_0005,telemetry_22,50,50,213,23188.749306394908,65.031623651193,257.8565914524479,2.624117238653933
UAV_0005,telemetry_23,5,5,213,-17476.37941431248,10.179967126031105,-11.034271546810487,-4.1130384119525845
UAV_0005,telemetry_23,20,20,213,-17455.176397590527,17.948996284628386,-72.33340089074045,-2.817531487173947
UAV_0005,telemetry_23,50,50,213,-17428.961747523656,26.420310560447266,-89.73759519336454,-1.7252764156580196
UAV_0005,telemetry_24,5,5,213,-3627.431978323065,2.6485847051277083,-3.749068723236178,-0.5600948483705906
UAV_0005,telemetry_24,20,20,213,-3630.674331060852,3.3487812142440565,2.5385520276067837,0.41598186478869525
UAV_0005,telemetry_24,50,50,213,-3625.96124264885,47.41002368387247,3.4051306414066858,-0.5478415372942226
UAV_0005,telemetry_25,5,5,213,-174.35722210034234,0.3733589960985733,-0.6684375324074949,-0.1853394976220784
UAV_0005,telemetry_25,20,20,213,-174.18859354103046,0.2833943610269223,-0.7292045808081866,-0.023918458524629246
UAV_0005,telemetry_25,50,50,213,-173.77142775375978,0.46977964924571175,-1.488792685816719,-0.0267987789921664
UAV_0005,telemetry_26,5,5,213,-7446.7056770821455,3.509772687477162,2.7269802901482763,1.4065477286030728
UAV_0005,telemetry_26,20,20,213,-7448.3562177840795,4.182760490076598,-2.8705055685786647,0.14179865853799759
UAV_0005,telemetry_26,50,50,213,-7452.360573052245,6.033708003754236,18.514760917327294,0.26936576144611213
UAV_0005,telemetry_27,5,5,213,969.0302044744709,1.2710574864626038e-13,0.0,0.0
UAV_0005,telemetry_27,20,20,213,969.0302044744709,1.1664023441939594e-13,0.0,0.0
UAV_0005,telemetry_27,50,50,213,969.0302044744708,0.0,0.0,0.0
UAV_0005,telemetry_28,5,5,213,-9966.991149313131,35.03532486428586,-60.712727372478184,-7.701032865053458
UAV_0005,telemetry_28,20,20,213,-9929.287404436469,40.82683653234706,-82.2218625995265,-4.228712998309774
UAV_0005,telemetry_28,50,50,213,-9890.042479074373,46.555007558561336,-179.34210761116447,-2.5358559151222013
UAV_0006,telemetry_01,5,5,278,96.91713256774896,17.47911072289323,-44.720774058675545,-6.876848331976471
UAV_0006,telemetry_01,20,20,278,90.16466261830665,11.314083179540429,-10.705492045644931,0.19619544968405017
UAV_0006,telemetry_01,50,50,278,87.02989781288497,10.520736679403925,-13.232170670460832,0.15066559663207035
UAV_0006,telemetry_02,5,5,278,9.413509534192182,8.54206856353702,-7.290249551156242,-0.7822434235903172
UAV_0006,telemetry_02,20,20,278,12.20534095791253,7.752273759550848,-21.235962500914834,-0.49286810355195254
UAV_0006,telemetry_02,50,50,278,11.476445489405739,7.232209402938474,-7.580724528701097,-0.013032226899366676
UAV_0006,telemetry_03,5,5,278,30377.82504938608,0.0,0.0,0.0
UAV_0006,telemetry_03,20,20,278,30377.825049386087,7.46497500284134e-12,0.0,0.0
UAV_0006,telemetry_03,50,50,278,30377.82504938608,7.795668872339385e-12,0.0,0.0
UAV_0006,telemetry_04,5,5,278,-125.89604342588427,0.01732102837568926,-0.0213350839811568,-0.004409250689438693
UAV_0006,telemetry_04,20,20,278,-125.89369656664635,0.02927493314576551,0.01991274504909768,0.0011688845509488439
UAV_0006,telemetry_04,50,50,278,-125.8849607808843,0.06706342523422587,-0.008534033592482615,-0.0005474815803343932
UAV_0006,telemetry_05,5,5,278,-113.52651155033539,0.00319260047558565,-0.004549662089246453,-0.0002851589176657399
UAV_0006,telemetry_05,20,20,278,-113.52581487414486,0.0028425754628910354,-0.007025018663483706,1.2669521404289407e-05
UAV_0006,telemetry_05,50,50,278,-113.52541257455238,0.0024985331914009626,-0.0069523190945943725,-4.168577412264201e-05
UAV_0006,telemetry_06,5,5,278,-134.43198706434197,0.9413668132180393,-0.023795367228785835,0.11972826879335799
UAV_0006,telemetry_06,20,20,278,-134.61320757160553,0.800871509355797,0.7351516085952028,0.049248029523803125
UAV_0006,telemetry_06,50,50,278,-135.12177718867255,0.8482005181184621,1.1484395657270738,0.03652660284289126
UAV_0006,telemetry_07,5,5,278,140.5912754437698,0.0,0.0,0.0
UAV_0006,telemetry_07,20,20,278,140.59127544376983,2.9160058604848984e-14,0.0,0.0
UAV_0006,telemetry_07,50,50,278,140.59127544376977,2.8710262101646174e-14,0.0,0.0
UAV_0006,telemetry_08,5,5,278,-4680.605940223165,0.0,0.0,0.0
UAV_0006,telemetry_08,20,20,278,-4680.605940223164,9.331218753551675e-13,0.0,0.0
UAV_0006,telemetry_08,50,50,278,-4680.605940223166,9.187283872526776e-13,0.0,0.0
UAV_0006,telemetry_09,5,5,278,-147.33220027728765,5.7538219938388355,-9.248997498859922,-1.818210231519123
UAV_0006,telemetry_09,20,20,278,-151.8055059540437,8.096623984042596,-17.414538000262496,0.3804404283051002
UAV_0006,telemetry_09,50,50,278,-152.81893896028868,9.901271612626049,11.678365024061378,0.1301496858119496
UAV_0006,telemetry_10,5,5,278,-61.96770464308588,0.6690918073218004,0.25755313044439987,-0.08285351913140886
UAV_0006,telemetry_10,20,20,278,-62.08574035586173,1.0716066326198013,1.8950039394722182,0.013589242948411125
UAV_0006,telemetry_10,50,50,278,-62.51285091724665,1.9399766492818815,0.2285463068185578,0.02240122226311794
UAV_0006,telemetry_11,5,5,278,63.10719206099476,0.14545115810295167,-0.015491284365296565,-0.02921976740626562
UAV_0006,telemetry_11,20,20,278,63.059222497684274,0.12189481606371001,0.044337124217918245,0.004582721146176529
UAV_0006,telemetry_11,50,50,278,62.913271915523595,0.5277626652002956,0.2382452698938735,0.007485088178046513
UAV_0006,telemetry_12,5,5,278,629.630224198601,1.423173660116448,-1.9976348428413075,-0.5327026247576668
UAV_0006,telemetry_12,20,20,278,631.0884976338751,1.620310218095658,-3.5957427171142626,-0.18995054119648488
UAV_0006,telemetry_12,50,50,278,631.8489306307168,1.4915018277891408,-2.6635131237885616,-0.06002976636975238
UAV_0006,telemetry_13,5,5,278,7150.8786403452805,1.1062239375423764,2.4209625326466266,0.4697039639118884
UAV_0006,telemetry_13,20,20,278,7147.275342000154,3.421828610817115,3.149217774380304,0.26069448847466836
UAV_0006,telemetry_13,50,50,278,7145.197485920222,3.7898308579085116,3.210626437575229,0.11385708325955247
UAV_0006,telemetry_14,5,5,278,-648.8153498138018,0.0,0.0,0.0
UAV_0006,telemetry_14,20,20,278,-648.8153498138018,0.0,0.0,0.0
UAV_0006,telemetry_14,50,50,278,-648.8153498138018,0.0,0.0,0.0
UAV_0006,telemetry_15,5,5,278,50085.455606245705,7.1824848313972485,10.731857695267536,2.590448409203236
UAV_0006,telemetry_15,20,20,278,50081.61310777205,18.730691274926937,9.498310833747382,1.1263303072450481
UAV_0006,telemetry_15,50,50,278,50068.743513365764,21.833290746760976,14.185788907539973,0.8038638395080862
UAV_0006,telemetry_16,5,5,278,-701.1895713810627,1.4510256638667078,-3.468614772663841,-0.8671536931659602
UAV_0006,telemetry_16,20,20,278,-701.2762867503794,1.803662127981304,-1.7343073863319205,-0.032599762900976034
UAV_0006,telemetry_16,50,50,278,-700.5305345742566,1.8570299204992393,-3.468614772663841,-0.04405515521582702
UAV_0006,telemetry_17,5,5,278,40.41581228213973,0.0,0.0,0.0
UAV_0006,telemetry_17,20,20,278,40.41581228213974,7.290014651212246e-15,0.0,0.0
UAV_0006,telemetry_17,50,50,278,40.41581228213974,1.2390399173444628e-14,0.0,0.0
UAV_0006,telemetry_18,5,5,278,-103.3268029711891,0.004022533487178848,0.00933372117636111,0.0020181327326440623
UAV_0006,telemetry_18,20,20,278,-103.32586318931426,0.005189283902855859,0.008052551310683498,-2.4190141875321055e-05
UAV_0006,telemetry_18,50,50,278,-103.32543564167676,0.00534719301486264,-0.0002916314493859318,-3.020256437106569e-05
UAV_0006,telemetry_19,5,5,278,33507.13336116815,0.3140167794954113,0.5759370887099067,0.16603557944472414
UAV_0006,telemetry_19,20,20,278,33506.97379470445,0.40449772041776016,0.9445325502965716,0.024544463539682065
UAV_0006,telemetry_19,50,50,278,33506.64581239831,0.5070592546145897,1.374103015215951,0.021963893163794542
UAV_0006,telemetry_20,5,5,278,-164.8973841769026,0.0,0.0,0.0
UAV_0006,telemetry_20,20,20,278,-164.89738417690256,2.9160058604848984e-14,0.0,0.0
UAV_0006,telemetry_20,50,50,278,-164.8973841769026,0.0,0.0,0.0
UAV_0006,telemetry_21,5,5,278,34963.82291749997,0.2830559087932929,0.5886150396327139,0.08829225594527088
UAV_0006,telemetry_21,20,20,278,34963.6316176121,0.5063908173105591,0.8829225594381569,0.029430751981178897
UAV_0006,telemetry_21,50,50,278,34963.29905011471,0.6001835635342551,1.9129988787753973,0.020463735351126836
UAV_0006,telemetry_22,5,5,278,23264.99910298599,59.14699940874111,38.314284492651495,23.789819991064725
UAV_0006,telemetry_22,20,20,278,23210.011549062976,60.78642815546268,107.95013235382066,3.3753242706796818
UAV_0006,telemetry_22,50,50,278,23185.282082170852,60.37455068312473,116.83671544907702,1.435284692357822
UAV_0006,telemetry_23,5,5,278,-17418.13854871523,10.789585995373763,14.536678605087218,0.6830597803389538
UAV_0006,telemetry_23,20,20,278,-17413.97370569348,9.511142536461078,-5.282711374358769,-0.4230909015744768
UAV_0006,telemetry_23,50,50,278,-17409.36963082456,8.838228320382667,-12.466202870989946,-0.3316181477895945
UAV_0006,telemetry_24,5,5,278,-3629.2817883495954,3.4032371195793187,7.103448867315365,1.6612764808026896
UAV_0006,telemetry_24,20,20,278,-3629.0270291634347,3.2357614225273053,5.299722188702617,0.14485595506152354
UAV_0006,telemetry_24,50,50,278,-3626.6115150286664,35.18864234772515,2.2644873772569554,-0.027910618464114745
UAV_0006,telemetry_25,5,5,278,-174.56383006490464,0.23866060021038127,-0.2126846694023925,0.0030383524200317423
UAV_0006,telemetry_25,20,20,278,-174.25239894185114,0.34325173426495925,-0.9115057260102049,-0.0434735688370287
UAV_0006,telemetry_25,50,50,278,-173.8923541800771,0.46198333640061673,-1.1241903954125974,-0.025084462500670496
UAV_0006,telemetry_26,5,5,278,-7439.9886940516735,2.023146498008834,1.5787780627188113,0.20093538980063386
UAV_0006,telemetry_26,20,20,278,-7445.213014186484,3.8574882320417125,7.032738643017183,0.3315110190477904
UAV_0006,telemetry_26,50,50,278,-7448.496872556938,5.58927388413441,11.625547552742319,0.2347680712798062
UAV_0006,telemetry_27,5,5,278,969.0302044744709,1.2710574864626038e-13,0.0,0.0
UAV_0006,telemetry_27,20,20,278,969.0302044744709,1.1664023441939594e-13,0.0,0.0
UAV_0006,telemetry_27,50,50,278,969.0302044744708,0.0,0.0,0.0
UAV_0006,telemetry_28,5,5,278,-9940.04825695456,10.905336565890078,15.930000189500788,1.7438773748532186
UAV_0006,telemetry_28,20,20,278,-9925.152753299299,19.90231009114246,-3.5651750901397463,-1.3961893250275796
UAV_0006,telemetry_28,50,50,278,-9898.85130069326,32.51248155508934,-52.43086838565796,-1.6812562109933482
UAV_0007,telemetry_01,5,5,424,89.56599296422573,8.730190352842904,-10.16939509159279,-0.1901294364799469
UAV_0007,telemetry_01,20,20,424,85.72128138539446,8.832808391246713,11.505856928901409,0.49655010854345
UAV_0007,telemetry_01,50,50,424,86.89481215213293,10.403465329080456,-5.1074157328463485,-0.027012562413035898
UAV_0007,telemetry_02,5,5,424,15.99373355938138,6.735191848214406,2.9154926125921747,0.7165264741991233
UAV_0007,telemetry_02,20,20,424,13.209007182546094,9.927926645141289,12.982821418073094,-0.07393152055224882
UAV_0007,telemetry_02,50,50,424,13.583322364662907,8.3859846625627,10.77417800234442,-0.015735456920033287
UAV_0007,telemetry_03,5,5,424,30377.82504938608,0.0,0.0,0.0
UAV_0007,telemetry_03,20,20,424,30377.825049386087,7.46497500284134e-12,0.0,0.0
UAV_0007,telemetry_03,50,50,424,30377.82504938608,7.795668872339385e-12,0.0,0.0
UAV_0007,telemetry_04,5,5,424,-125.88267343992274,0.018308988498765617,0.011378711456615065,0.004124782903025448
UAV_0007,telemetry_04,20,20,424,-125.8901407193162,0.022051565448427925,0.015645728252849267,0.00015720588196636295
UAV_0007,telemetry_04,50,50,424,-125.9069382999034,0.07675674681019659,-0.03982549009818115,0.001300330861779501
UAV_0007,telemetry_05,5,5,424,-113.52516937343383,0.0019435035573833086,-0.0010190437537147545,-0.0004632642369926998
UAV_0007,telemetry_05,20,20,424,-113.52593910421963,0.0023332796416930734,-0.002886577378362176,-9.822605640852773e-06
UAV_0007,telemetry_05,50,50,424,-113.5257430933215,0.002519769115175016,-0.0027269698584717617,-6.466029854135575e-06
UAV_0007,telemetry_06,5,5,424,-142.4192151716276,0.555024283335045,0.398259304145256,0.12348543204001032
UAV_0007,telemetry_06,20,20,424,-142.20693544819167,0.587515243074662,0.891700077205769,-0.03404611387117843
UAV_0007,telemetry_06,50,50,424,-141.6222707515024,0.8394290639260285,-1.5805133390921924,-0.04169467936573075
UAV_0007,telemetry_07,5,5,424,140.74598310201583,0.03843742671976016,0.0,-0.008594869902555046
UAV_0007,telemetry_07,20,20,424,140.70300875250302,0.040409841967921606,0.08594869902555047,0.004652861902135063
UAV_0007,telemetry_07,50,50,424,140.68753798667842,0.028213582053755237,0.08594869902555047,0.001040051484006661
UAV_0007,telemetry_08,5,5,424,-4680.605940223165,0.0,0.0,0.0
UAV_0007,telemetry_08,20,20,424,-4680.605940223164,9.331218753551675e-13,0.0,0.0
UAV_0007,telemetry_08,50,50,424,-4680.605940223166,9.187283872526776e-13,0.0,0.0
UAV_0007,telemetry_09,5,5,424,-148.03885824666557,9.357955217874753,4.6736058878438484,3.372389104932631
UAV_0007,telemetry_09,20,20,424,-150.024096816629,11.720853121289215,21.182341625166032,0.7272488034947165
UAV_0007,telemetry_09,50,50,424,-149.41420788144237,10.904617973337954,5.204303674262718,0.05315174974668633
UAV_0007,telemetry_10,5,5,424,-62.952497714594855,0.6842525915344794,0.7183747325059926,-0.03210795574543894
UAV_0007,telemetry_10,20,20,424,-62.53350820309687,1.1062407072249862,-0.4655449028837495,-0.07372276119986909
UAV_0007,telemetry_10,50,50,424,-62.21104693195795,2.4571594835848827,-0.9787979689778652,-0.03888911169662203
UAV_0007,telemetry_11,5,5,424,61.44631270414722,0.04196204495256275,0.006944368853410765,0.0019230559901743049
UAV_0007,telemetry_11,20,20,424,61.59820741826004,0.11859608591783105,-0.2670911097464881,-0.014551043330835005
UAV_0007,telemetry_11,50,50,424,61.62894800738563,0.7128508180530007,-0.4204014067409574,0.0014349540120400473
UAV_0007,telemetry_12,5,5,424,645.7444785975209,1.3230718265183095,-1.5981078742731825,-0.5460201903766574
UAV_0007,telemetry_12,20,20,424,644.7589787417191,1.5316571774424228,-0.13317565618945082,0.14739441045927
UAV_0007,telemetry_12,50,50,424,643.930626160221,1.7351657326331138,2.130810499030531,0.06519691788000653
UAV_0007,telemetry_13,5,5,424,7142.092469526557,3.532404962691311,-7.491639788760949,-1.0520591930388037
UAV_0007,telemetry_13,20,20,424,7141.916729430032,2.9414415430381577,-5.49133105196961,-0.06097443704082909
UAV_0007,telemetry_13,50,50,424,7139.754928007423,3.4128541550202467,0.04351760595727683,0.12778467996201961
UAV_0007,telemetry_14,5,5,424,-648.8153498138018,0.0,0.0,0.0
UAV_0007,telemetry_14,20,20,424,-648.8153498138018,0.0,0.0,0.0
UAV_0007,telemetry_14,50,50,424,-648.8153498138018,0.0,0.0,0.0
UAV_0007,telemetry_15,5,5,424,50321.766178508034,21.25286153593257,42.18730266415514,4.490110575951258
UAV_0007,telemetry_15,20,20,424,50292.12713129274,28.648930878039955,104.1730324557866,4.213490010950964
UAV_0007,telemetry_15,50,50,424,50236.5527613139,56.06818388723683,188.6093151271707,3.695783401254555
UAV_0007,telemetry_16,5,5,424,-701.8832943355956,1.8998385542836393,0.0,0.5202922158995762
UAV_0007,telemetry_16,20,20,424,-701.796578966279,1.6186325600597222,1.7343073863319205,-0.014343895676429418
UAV_0007,telemetry_16,50,50,424,-700.0449285060838,2.0731899120614563,-3.4686147726639547,-0.09135823302790652
UAV_0007,telemetry_17,5,5,424,40.41581228213973,0.0,0.0,0.0
UAV_0007,telemetry_17,20,20,424,40.41581228213974,7.290014651212246e-15,0.0,0.0
UAV_0007,telemetry_17,50,50,424,40.41581228213973,1.1165671561944431e-14,0.0,0.0
UAV_0007,telemetry_18,5,5,424,-102.97973632523176,0.003112466305244338,-0.006091740554836633,-0.0006044842510462445
UAV_0007,telemetry_18,20,20,424,-102.98276383095029,0.0041768037232913,-0.0019243510354556292,-5.137662700193639e-06
UAV_0007,telemetry_18,50,50,424,-102.97883755485043,0.02507369794627702,-0.0012510382855595026,-1.4050483660605128e-05
UAV_0007,telemetry_19,5,5,424,33510.93858209376,0.5351925609315757,0.15080344541638624,-0.03946882117234054
UAV_0007,telemetry_19,20,20,424,33510.308868313434,0.6477958488012084,2.8150280044355895,0.066002863248155
UAV_0007,telemetry_19,50,50,424,33509.067166020555,1.2128401719239967,4.658252260698646,0.07666386894152277
UAV_0007,telemetry_20,5,5,424,-164.8973841769026,0.0,0.0,0.0
UAV_0007,telemetry_20,20,20,424,-164.89738417690256,2.9160058604848984e-14,0.0,0.0
UAV_0007,telemetry_20,50,50,424,-164.8973841769026,0.0,0.0,0.0
UAV_0007,telemetry_21,5,5,424,34967.91379202536,0.5941076784450618,-1.6186913589626784,-0.3384536477838992
UAV_0007,telemetry_21,20,20,424,34967.28838854576,0.7291949622108647,0.8829225594381569,0.09393499410533761
UAV_0007,telemetry_21,50,50,424,34965.93898856742,1.3413562667855343,3.2373827179399086,0.08536684626288228
UAV_0007,telemetry_22,5,5,424,23222.256095114713,67.87339490135753,77.93970419608377,22.18732140011816
UAV_0007,telemetry_22,20,20,424,23221.746209199417,60.04872998373455,156.60781684258836,2.12563825399334
UAV_0007,telemetry_22,50,50,424,23184.067096875544,64.97931587486583,187.2009717606743,2.2887870194808717
UAV_0007,telemetry_23,5,5,424,-17497.781494088722,8.278508053328762,-20.615005647625367,-4.635062848983216
UAV_0007,telemetry_23,20,20,424,-17484.511655357852,13.1282179428967,-44.07347788478364,-1.9102797627536074
UAV_0007,telemetry_23,50,50,424,-17462.30893153146,22.28886595962587,-77.97373242196045,-1.437867539695441
UAV_0007,telemetry_24,5,5,424,-3742.117044897913,3.3246773833558834,-6.713635953238736,-1.6237712875351007
UAV_0007,telemetry_24,20,20,424,-3733.4858565858303,7.664021575364593,-21.39647949843811,-1.1159308098099106
UAV_0007,telemetry_24,50,50,424,-3710.409683981273,55.791080843041016,-52.15633545099763,-1.7221791732654357
UAV_0007,telemetry_25,5,5,424,-174.60636699878515,0.3232669903480136,-0.6684375324074949,-0.07292045808081582
UAV_0007,telemetry_25,20,20,424,-174.15517166441006,0.4591278629387216,-1.0330398228116167,-0.05320543448315404
UAV_0007,telemetry_25,50,50,424,-173.63470189485818,0.5914974006249631,-2.461065460227644,-0.03283171404947304
UAV_0007,telemetry_26,5,5,424,-7670.260650763003,5.991729155195514,-13.49137617231736,-2.152879176433635
UAV_0007,telemetry_26,20,20,424,-7651.552130719794,14.743768911353348,-53.82197941083814,-2.385433292985626
UAV_0007,telemetry_26,50,50,424,-7619.165651642314,30.60029167448073,-104.05582686095295,-2.058617700655739
UAV_0007,telemetry_27,5,5,424,969.0302044744709,1.2710574864626038e-13,0.0,0.0
UAV_0007,telemetry_27,20,20,424,969.0302044744709,1.1664023441939594e-13,0.0,0.0
UAV_0007,telemetry_27,50,50,424,969.0302044744708,0.0,0.0,0.0
UAV_0007,telemetry_28,5,5,424,-9917.113935852482,30.63298295354956,-56.99550187212117,-13.255434292072096
UAV_0007,telemetry_28,20,20,424,-9891.811546981033,32.97902485163601,-107.17157539605614,-3.454198005898886
UAV_0007,telemetry_28,50,50,424,-9850.638679023074,47.69642844275628,-178.9377925196677,-2.719823822424897
UAV_0008,telemetry_01,5,5,267,85.73917099968348,7.778392862733169,7.446854998252263,-0.5208695863171954
UAV_0008,telemetry_01,20,20,267,84.5173658931025,11.381511210571507,15.123033011745761,0.5644611012610399
UAV_0008,telemetry_01,50,50,267,86.30400911899758,12.040546066881241,-9.108424651676216,-0.02314632844207588
UAV_0008,telemetry_02,5,5,267,9.840088725070784,6.8490448826571235,11.4461733177277,1.338241761609712
UAV_0008,telemetry_02,20,20,267,13.0783773733265,6.232588775890534,6.09106296361511,-0.4177375746621915
UAV_0008,telemetry_02,50,50,267,10.872496919075822,7.692500430460187,3.5463062891075925,0.06839978899818315
UAV_0008,telemetry_03,5,5,267,30377.825049386076,1.8550124927397645e-11,0.0,0.0
UAV_0008,telemetry_03,20,20,267,30377.82504938608,9.180705356179459e-12,0.0,0.0
UAV_0008,telemetry_03,50,50,267,30377.82504938608,5.716823839715549e-12,0.0,0.0
UAV_0008,telemetry_04,5,5,267,-125.80831136170437,0.12768335582663784,0.0028446778641608716,-0.0014223389320775937
UAV_0008,telemetry_04,20,20,267,-125.87311477258686,0.07430685512473469,0.051204201554838846,0.004994351674064312
UAV_0008,telemetry_04,50,50,267,-125.88058522648552,0.051751040078008015,0.07822864126431739,0.0007695552215522016
UAV_0008,telemetry_05,5,5,267,-113.52483877001619,0.0014494670628439042,-0.0027395509290926157,-0.0005328424141296751
UAV_0008,telemetry_05,20,20,267,-113.5263632681608,0.00266862990976448,0.002602220715758108,0.0001257017088347107
UAV_0008,telemetry_05,50,50,267,-113.52691869994037,0.00268072460955443,0.002585010440924407,2.99310652022606e-05
UAV_0008,telemetry_06,5,5,267,-134.8405159480281,0.6212711765251865,0.8716618732236157,0.23532365801539754
UAV_0008,telemetry_06,20,20,267,-134.64420416839044,0.7132682601081229,0.9267669341745091,0.021005273319072214
UAV_0008,telemetry_06,50,50,267,-134.98749617423715,0.7902193655842537,0.8691570977258039,0.020787531778122984
UAV_0008,telemetry_07,5,5,267,140.5912754437698,0.0,0.0,0.0
UAV_0008,telemetry_07,20,20,267,140.59127544376983,2.9160058604848984e-14,0.0,0.0
UAV_0008,telemetry_07,50,50,267,140.59127544376977,2.8710262101646174e-14,0.0,0.0
UAV_0008,telemetry_08,5,5,267,-4680.605940223165,0.0,0.0,0.0
UAV_0008,telemetry_08,20,20,267,-4680.605940223164,9.331218753551675e-13,0.0,0.0
UAV_0008,telemetry_08,50,50,267,-4680.605940223166,9.187283872526776e-13,0.0,0.0
UAV_0008,telemetry_09,5,5,267,-146.37979076759206,7.037871832892457,-5.224062355804705,-2.6285145596264443
UAV_0008,telemetry_09,20,20,267,-149.92460917503723,8.969434198866818,-2.641146398083464,-0.08510985809358572
UAV_0008,telemetry_09,50,50,267,-152.67776586907956,9.93848414804977,7.704946149324115,0.12230800262775249
UAV_0008,telemetry_10,5,5,267,-65.80183079729022,6.28867981519064,2.229128644809329,0.47585803389266557
UAV_0008,telemetry_10,20,20,267,-63.599194749805726,3.2940906976097497,1.1299426139384536,-0.1650236620216256
UAV_0008,telemetry_10,50,50,267,-63.00640754573092,2.3125919442698,3.02437953776991,-0.03131623295096142
UAV_0008,telemetry_11,5,5,267,62.18973203290723,1.8841297857267925,-0.16025466584789427,-0.03530944470848638
UAV_0008,telemetry_11,20,20,267,62.82219197581268,0.9466165022921532,-0.08974261287481511,-0.04973187868351452
UAV_0008,telemetry_11,50,50,267,62.8857359316487,0.5978108742243043,0.026709110974643124,-0.005499457129962255
UAV_0008,telemetry_12,5,5,267,630.8288051043058,0.9575690858923187,-1.0654052495153792,-0.039952696856835244
UAV_0008,telemetry_12,20,20,267,631.4613894712057,1.161380298731953,-0.9322295933259284,-0.02313050870658575
UAV_0008,telemetry_12,50,50,267,632.184533284314,1.351957484171036,0.13317565618945082,-0.03950185009757706
UAV_0008,telemetry_13,5,5,267,7147.452996930237,4.139911312076276,-3.468056687747776,0.037093857088711955
UAV_0008,telemetry_13,20,20,267,7146.127650887113,4.199475626229368,2.5469373107162028,0.29048958816365145
UAV_0008,telemetry_13,50,50,267,7144.261585458272,4.13657133209294,8.87997805814939,0.1266347642593301
UAV_0008,telemetry_14,5,5,267,-648.8153498138018,0.0,0.0,0.0
UAV_0008,telemetry_14,20,20,267,-648.8153498138018,0.0,0.0,0.0
UAV_0008,telemetry_14,50,50,267,-648.8153498138018,0.0,0.0,0.0
UAV_0008,telemetry_15,5,5,267,50083.65462782788,26.683168344904264,-57.11321968860284,-7.907035382373579
UAV_0008,telemetry_15,20,20,267,50062.07680935264,27.00488612416386,25.22603331818391,2.8717991163027903
UAV_0008,telemetry_15,50,50,267,50037.21528913204,33.69713879196695,80.42725537142542,1.6643049796060232
UAV_0008,telemetry_16,5,5,267,-702.5770172901283,1.9774146614635726,-3.468614772663841,-1.0405844317991524
UAV_0008,telemetry_16,20,20,267,-701.5364328583292,1.7793618342379462,-3.468614772663841,-0.11735914644351488
UAV_0008,telemetry_16,50,50,267,-700.5999068697098,1.8277100607475867,-6.937229545327796,-0.07370285891494716
UAV_0008,telemetry_17,5,5,267,40.41581228213972,4.1583447479068616e-14,0.0,0.0
UAV_0008,telemetry_17,20,20,267,40.41581228213973,2.1191258812204006e-14,0.0,0.0
UAV_0008,telemetry_17,50,50,267,40.41581228213973,1.3195793664116147e-14,0.0,0.0
UAV_0008,telemetry_18,5,5,267,-103.32850636622145,0.007217917354468565,-0.00887203082470478,-0.000884809845085499
UAV_0008,telemetry_18,20,20,267,-103.32746908570871,0.005871758331365757,-0.00850407308168144,-0.00023423289116547672
UAV_0008,telemetry_18,50,50,267,-103.32755993490497,0.00588337864622674,-0.006206589865143997,-1.5155191660558816e-05
UAV_0008,telemetry_19,5,5,267,33506.835234540114,0.4303373690742709,0.39369450770755066,0.16236077824942186
UAV_0008,telemetry_19,20,20,267,33506.96504978527,0.4291609078682808,-0.6808348062622827,-0.0083205631287312
UAV_0008,telemetry_19,50,50,267,33506.686359743486,0.4674499946696191,1.1524360272815102,0.016391463008316752
UAV_0008,telemetry_20,5,5,267,-164.8973841769026,0.0,0.0,0.0
UAV_0008,telemetry_20,20,20,267,-164.89738417690256,2.9160058604848984e-14,0.0,0.0
UAV_0008,telemetry_20,50,50,267,-164.8973841769026,0.0,0.0,0.0
UAV_0008,telemetry_21,5,5,267,34964.087794267805,0.369353006003966,0.44146127971907845,0.029430751981271895
UAV_0008,telemetry_21,20,20,267,34963.800844435995,0.46356200336080494,1.3243838391572353,0.0321968000999219
UAV_0008,telemetry_21,50,50,267,34963.41677312263,0.5342723380849538,1.7658451188763138,0.023064099511831183
UAV_0008,telemetry_22,5,5,267,23227.03445454954,24.836057897199755,30.30179153791687,6.70135774396258
UAV_0008,telemetry_22,20,20,267,23231.470462012665,52.42520238574675,61.1863098361755,1.4766427549255474
UAV_0008,telemetry_22,50,50,267,23199.35201979938,62.26840183691134,88.72014926245538,2.241049595560231
UAV_0008,telemetry_23,5,5,267,-17408.18148840921,8.277830815149217,-6.178955356946972,-3.1065000367492757
UAV_0008,telemetry_23,20,20,267,-17406.44546593554,8.36702007547141,0.27960576086479705,-0.5241744054462486
UAV_0008,telemetry_23,50,50,267,-17395.356949651905,12.58303422021564,-23.970851531521475,-0.6601332557557713
UAV_0008,telemetry_24,5,5,267,-3565.338193008493,139.32100437337778,4.8196814613734205,1.2428382848377169
UAV_0008,telemetry_24,20,20,267,-3613.4927404290747,70.01787405067479,6.419259611882353,3.6574361260483776
UAV_0008,telemetry_24,50,50,267,-3625.158422556658,44.68790271594359,10.55306246191094,0.8227866615545851
UAV_0008,telemetry_25,5,5,267,-174.40583573906287,0.2511010324062273,-0.5772869598064858,-0.07899716292089068
UAV_0008,telemetry_25,20,20,267,-174.13846072609985,0.37272078625803506,-0.972272774410925,-0.04290244996108389
UAV_0008,telemetry_25,50,50,267,-173.9215223633094,0.3804623980311,-0.6988210566078408,-0.016240048397310768
UAV_0008,telemetry_26,5,5,267,-7440.878550777932,3.340780164266698,5.597485858726941,0.4305758352866178
UAV_0008,telemetry_26,20,20,267,-7444.9187873657065,6.36069641405197,11.051446439025312,0.3780218423581935
UAV_0008,telemetry_26,50,50,267,-7448.304548683844,6.488219307854481,21.815842321192576,0.2482694408088346
UAV_0008,telemetry_27,5,5,267,969.0302044744709,1.2710574864626038e-13,0.0,0.0
UAV_0008,telemetry_27,20,20,267,969.0302044744709,1.1664023441939594e-13,0.0,0.0
UAV_0008,telemetry_27,50,50,267,969.0302044744708,0.0,0.0,0.0
UAV_0008,telemetry_28,5,5,267,-9932.380012606594,47.09968078812073,-41.64063694625656,-15.600386876610354
UAV_0008,telemetry_28,20,20,267,-9912.607413650663,36.4282000503108,-35.34950595257396,-2.3014656459287965
UAV_0008,telemetry_28,50,50,267,-9897.621175015476,37.24600429869461,-44.574670146988865,-0.9436042220009532
UAV_0009,telemetry_01,5,5,406,79.47408710473364,12.900724524586696,24.636064963089765,4.388359052484638
UAV_0009,telemetry_01,20,20,406,85.1309450234249,11.451086035934294,17.92498640267422,-0.2529602888104669
UAV_0009,telemetry_01,50,50,406,86.19080917077301,10.26413887009208,0.3524301960734135,-0.15468196688821845
UAV_0009,telemetry_02,5,5,406,9.58470242699086,4.868970201551555,11.903080376411875,2.8075094214165697
UAV_0009,telemetry_02,20,20,406,12.477996471247682,7.415406403930237,-8.397253124906687,-0.5749438108600443
UAV_0009,telemetry_02,50,50,406,12.020057457409022,8.50087291637845,-6.917985611736075,-0.03840997184526094
UAV_0009,telemetry_03,5,5,406,30377.82504938608,0.0,0.0,0.0
UAV_0009,telemetry_03,20,20,406,30377.825049386087,7.46497500284134e-12,0.0,0.0
UAV_0009,telemetry_03,50,50,406,30377.82504938608,5.19711258155959e-12,0.0,0.0
UAV_0009,telemetry_04,5,5,406,-125.89689682924354,0.014484132059265754,-0.01706806718496523,-0.001991274504914031
UAV_0009,telemetry_04,20,20,406,-125.89149194130167,0.024218921517686322,-0.03698081223406291,-0.0017196398517165064
UAV_0009,telemetry_04,50,50,406,-125.88712986232316,0.06313694451927908,-0.021335083981213643,-0.00013797034606714319
UAV_0009,telemetry_05,5,5,406,-113.52585648790568,0.0021093817924727077,-0.003405932839470438,-0.0011427727832526101
UAV_0009,telemetry_05,20,20,406,-113.52510218013563,0.0029427775041170217,-0.00604447731087987,-0.00015459718135949795
UAV_0009,telemetry_05,50,50,406,-113.52505941936211,0.002668312619841327,0.001968409044081909,-3.6560206866456997e-06
UAV_0009,telemetry_06,5,5,406,-143.42663587683023,0.8584706483807878,0.8704094854746813,0.12573972998799832
UAV_0009,telemetry_06,20,20,406,-142.91847954772038,0.8326782512029354,-0.6687750579043268,-0.07676383584722626
UAV_0009,telemetry_06,50,50,406,-142.3868785199514,0.8891870396542865,-0.9242621586767541,-0.04312850547420128
UAV_0009,telemetry_07,5,5,406,140.7631728418209,0.0,0.0,0.0
UAV_0009,telemetry_07,20,20,406,140.7287933622107,0.043199938199326146,0.08594869902555047,0.004394369574238671
UAV_0009,telemetry_07,50,50,406,140.6978518305615,0.03707991128970414,0.08594869902555047,0.0017664366474398848
UAV_0009,telemetry_08,5,5,406,-4680.605940223165,0.0,0.0,0.0
UAV_0009,telemetry_08,20,20,406,-4680.605940223164,9.331218753551675e-13,0.0,0.0
UAV_0009,telemetry_08,50,50,406,-4680.605940223166,9.187283872526776e-13,0.0,0.0
UAV_0009,telemetry_09,5,5,406,-158.99733221814927,10.389335570661348,-0.86893043739056,-1.4487013083458549
UAV_0009,telemetry_09,20,20,406,-156.6768548243889,8.400678309798131,-7.69218041279197,-0.4551645040222587
UAV_0009,telemetry_09,50,50,406,-155.32819091993386,10.55381566433558,-7.4215584778807795,-0.18496082364727517
UAV_0009,telemetry_10,5,5,406,-62.24553948367102,0.7222817249424381,0.13770123500162867,0.09526335192019672
UAV_0009,telemetry_10,20,20,406,-62.185287137976005,1.0673126779979047,0.8315424155203957,0.040752159321725163
UAV_0009,telemetry_10,50,50,406,-62.6826084603749,2.4723477685594313,0.4061535535843461,0.019867532588117128
UAV_0009,telemetry_11,5,5,406,61.52526483618827,0.018192022330501077,-0.045405488656911075,-0.008653751955787926
UAV_0009,telemetry_11,20,20,406,61.626251984783416,0.10723286937962662,-0.21954889221161977,-0.011142719786010247
UAV_0009,telemetry_11,50,50,406,61.61424089817124,0.7598897544046511,-0.3392057093780352,-0.004263922006930863
UAV_0009,telemetry_12,5,5,406,645.717843466283,1.102224679909489,2.929864436167236,0.5992904528523922
UAV_0009,telemetry_12,20,20,406,646.2305697426121,1.3445049396621158,0.6658782809470267,-0.023531036995873056
UAV_0009,telemetry_12,50,50,406,644.9960314097364,1.7534263764049804,4.261620998061517,0.06394349993939993
UAV_0009,telemetry_13,5,5,406,7143.176432684006,2.5907019334190213,-4.068525226658494,-0.6475038598028732
UAV_0009,telemetry_13,20,20,406,7142.921163148172,3.357342576630817,-2.166079617606556,0.07876340386753457
UAV_0009,telemetry_13,50,50,406,7141.234890246394,3.3737021740667656,2.7544846761602457,0.06960153972397953
UAV_0009,telemetry_14,5,5,406,-648.8153498138018,0.0,0.0,0.0
UAV_0009,telemetry_14,20,20,406,-648.8153498138018,0.0,0.0,0.0
UAV_0009,telemetry_14,50,50,406,-648.8153498138018,0.0,0.0,0.0
UAV_0009,telemetry_15,5,5,406,50331.67155980608,15.250176762148406,16.89959200289013,7.0497203136139435
UAV_0009,telemetry_15,20,20,406,50310.54706980247,25.152690110923068,94.85975365127524,3.305070857927982
UAV_0009,telemetry_15,50,50,406,50264.902135285454,47.82782643615589,155.55025923829817,3.0412246382968595
UAV_0009,telemetry_16,5,5,406,-702.9238787673947,1.4510256638667078,-1.7343073863319205,-0.5202922158995762
UAV_0009,telemetry_16,20,20,406,-702.4903019208117,1.732023899645341,-5.2029221589957615,-0.08215140251045983
UAV_0009,telemetry_16,50,50,406,-700.6345930174366,2.3040180346582586,-6.937229545327796,-0.11126216893827034
UAV_0009,telemetry_17,5,5,406,40.41581228213973,0.0,0.0,0.0
UAV_0009,telemetry_17,20,20,406,40.41581228213974,7.290014651212246e-15,0.0,0.0
UAV_0009,telemetry_17,50,50,406,40.41581228213974,1.680225011289375e-14,0.0,0.0
UAV_0009,telemetry_18,5,5,406,-103.26210160878331,0.03935386029872357,0.005228990848479498,0.009468613106227508
UAV_0009,telemetry_18,20,20,406,-103.2558509304439,0.031246353463506012,-0.005064983060918848,-0.0002807660534405881
UAV_0009,telemetry_18,50,50,406,-103.24951990752905,0.023617241056726492,0.0025240631587166718,-0.00041378486593213627
UAV_0009,telemetry_19,5,5,406,33511.14917267365,0.2910159592018331,0.31748067593434826,0.09298329257580917
UAV_0009,telemetry_19,20,20,406,33510.769230736754,0.5948612528817809,1.5750854206780787,0.06906041153117969
UAV_0009,telemetry_19,50,50,406,33509.88042179202,1.000416258980129,3.1342275096612866,0.06081324063930575
UAV_0009,telemetry_20,5,5,406,-164.8973841769026,0.0,0.0,0.0
UAV_0009,telemetry_20,20,20,406,-164.89738417690256,2.9160058604848984e-14,0.0,0.0
UAV_0009,telemetry_20,50,50,406,-164.8973841769026,0.0,0.0,0.0
UAV_0009,telemetry_21,5,5,406,34968.414114809035,0.29430751981271897,-0.29430751981271897,-0.11772300792508758
UAV_0009,telemetry_21,20,20,406,34967.8402151454,0.6056023929996166,1.1772300792436,0.057312517015942234
UAV_0009,telemetry_21,50,50,406,34966.86017110444,1.084277043425916,3.384536477838992,0.06599837299020178
UAV_0009,telemetry_22,5,5,406,23245.244665810307,29.142710894210275,-54.04790702195169,-13.24246562882836
UAV_0009,telemetry_22,20,20,406,23225.410103705086,46.09674381028429,127.47147882536228,2.8386022545727845
UAV_0009,telemetry_22,50,50,406,23194.570746730744,66.620560353357,116.10830699864528,2.032002491366073
UAV_0009,telemetry_23,5,5,406,-17494.931755753438,5.450743411652044,9.130773618177045,0.8697322784195421
UAV_0009,telemetry_23,20,20,406,-17486.1737240242,9.613968975461063,-18.79398270645106,-0.9383290885461633
UAV_0009,telemetry_23,50,50,406,-17470.569984617017,16.222220314072185,-34.290080909795506,-1.0038004362073212
UAV_0009,telemetry_24,5,5,406,-3747.458698065947,5.33309631068965,-3.9420565153509415,-0.0932076145584233
UAV_0009,telemetry_24,20,20,406,-3741.5484991318153,5.98963127724577,-15.059143244382085,-0.811645494180089
UAV_0009,telemetry_24,50,50,406,-3734.775343634893,43.22405418845743,-38.74533977935653,-0.7009418831625612
UAV_0009,telemetry_25,5,5,406,-174.44229596810328,0.5140116486605381,0.06076704840066327,-0.1154573919613
UAV_0009,telemetry_25,20,20,406,-174.23264965112094,0.38582605458465624,-0.425369338804785,-0.021839585816184958
UAV_0009,telemetry_25,50,50,406,-173.83948684796852,0.4710980179192759,-1.39764211321571,-0.025138445232743337
UAV_0009,telemetry_26,5,5,406,-7682.087133705545,5.439778462385505,-12.773749780171784,-2.526044900348552
UAV_0009,telemetry_26,20,20,406,-7667.878131141081,11.471441852671985,-47.076291324679005,-1.6905767006520398
UAV_0009,telemetry_26,50,50,406,-7643.168819206762,24.480940168421537,-90.99502652392312,-1.6241616861731063
UAV_0009,telemetry_27,5,5,406,969.0302044744709,1.2710574864626038e-13,0.0,0.0
UAV_0009,telemetry_27,20,20,406,969.0302044744709,1.1664023441939594e-13,0.0,0.0
UAV_0009,telemetry_27,50,50,406,969.0302044744708,0.0,0.0,0.0
UAV_0009,telemetry_28,5,5,406,-9925.044552308758,25.471823475210638,-42.46192902310759,-3.083324493543114
UAV_0009,telemetry_28,20,20,406,-9903.006899636845,28.34007640046518,-39.911684976887045,-1.850539616772076
UAV_0009,telemetry_28,50,50,406,-9870.281124551175,38.15174324739518,-72.79884059318829,-1.8224493505268102
UAV_0010,telemetry_01,5,5,481,88.32973294728366,9.992852629861734,-6.2766793216123915,-3.423390420929711
UAV_0010,telemetry_01,20,20,481,83.48016348444159,13.966401453072123,-11.47940031721005,0.15539158249621018
UAV_0010,telemetry_01,50,50,481,83.5679240712923,11.775084091628367,2.3843400007955324,-0.025477233586153336
UAV_0010,telemetry_02,5,5,481,19.84614895446515,8.653218251903967,12.448865900145332,1.3084198910769786
UAV_0010,telemetry_02,20,20,481,12.81701124183654,11.64991480974936,37.56771039907162,0.49220127877660885
UAV_0010,telemetry_02,50,50,481,11.380240777252508,8.907620836386972,24.541217246243484,0.0642436482255621
UAV_0010,telemetry_03,5,5,481,30377.82504938608,0.0,0.0,0.0
UAV_0010,telemetry_03,20,20,481,30377.82504938608,1.335375324535194e-11,0.0,0.0
UAV_0010,telemetry_03,50,50,481,30377.82504938608,8.315380130495343e-12,0.0,0.0
UAV_0010,telemetry_04,5,5,481,-125.89888810374843,0.0353101190261053,0.01849040611702435,0.005973823514727883
UAV_0010,telemetry_04,20,20,481,-125.91105161707496,0.09784004539154834,-0.031291456505712745,0.004514622007126866
UAV_0010,telemetry_04,50,50,481,-125.90073815054303,0.06501384574410715,0.005689355728321743,-0.0002855968169121434
UAV_0010,telemetry_05,5,5,481,-113.52340220033162,0.0029197494626460106,0.0008171540041246317,0.0008589315232811146
UAV_0010,telemetry_05,20,20,481,-113.52513552938346,0.0028728710534615762,-5.190382731257159e-05,7.926851403179024e-05
UAV_0010,telemetry_05,50,50,481,-113.52539487269146,0.0026186709231669734,0.0061456671191280066,1.567160962349071e-05
UAV_0010,telemetry_06,5,5,481,-140.86274767731396,0.6293301399592672,0.7952662205416914,0.15517084208679535
UAV_0010,telemetry_06,20,20,481,-140.53743995954125,0.5870199886704442,-0.866652322227992,-0.005326885334915745
UAV_0010,telemetry_06,50,50,481,-139.98139232291402,0.7734328202386779,-1.5592227473611047,-0.035355582711017255
UAV_0010,telemetry_07,5,5,481,140.67722414279535,0.0,0.0,0.0
UAV_0010,telemetry_07,20,20,481,140.67722414279532,2.9160058604848984e-14,0.0,0.0
UAV_0010,telemetry_07,50,50,481,140.65487748104871,0.03808279398123881,0.08594869902555047,0.0017210375747253083
UAV_0010,telemetry_08,5,5,481,-4680.605940223165,0.0,0.0,0.0
UAV_0010,telemetry_08,20,20,481,-4680.605940223164,9.331218753551675e-13,0.0,0.0
UAV_0010,telemetry_08,50,50,481,-4680.605940223166,9.187283872526776e-13,0.0,0.0
UAV_0010,telemetry_09,5,5,481,-155.86968155430532,10.916364454465883,-3.9974420068423626,-1.3502658440456117
UAV_0010,telemetry_09,20,20,481,-154.8976497219164,9.985325000145886,-23.539344885284578,-0.4379218543910836
UAV_0010,telemetry_09,50,50,481,-153.81190903061398,8.446519894288546,-12.272674845536727,-0.09312407483979594
UAV_0010,telemetry_10,5,5,481,-61.35747929763369,0.6348298633139009,-1.4348993901992841,-0.29732298090118336
UAV_0010,telemetry_10,20,20,481,-61.65605606493043,3.0740580465176057,-0.23953015962712954,-0.13594555976775657
UAV_0010,telemetry_10,50,50,481,-62.25403303103704,2.1248162351228936,0.9888694891382315,0.01838011997786533
UAV_0010,telemetry_11,5,5,481,61.43530855042566,0.07917474350591043,0.0892084306553329,0.003846111980350031
UAV_0010,telemetry_11,20,20,481,61.77780415303763,1.089311017557097,0.03311929760856458,-0.06163564107665604
UAV_0010,telemetry_11,50,50,481,61.765958529681036,0.6854143564330589,-0.48290072642164716,-0.005775846873213491
UAV_0010,telemetry_12,5,5,481,642.3618169303097,1.5485070649759531,3.462567060925039,0.7990539371365231
UAV_0010,telemetry_12,20,20,481,642.2153237085012,1.357511816631853,3.1962157485461375,0.03885124406127399
UAV_0010,telemetry_12,50,50,481,640.910202277845,1.7159010384465878,6.392431497092275,0.07298601508234717
UAV_0010,telemetry_13,5,5,481,7144.221034198279,3.5560334308497703,-1.832869063495309,0.304192827726456
UAV_0010,telemetry_13,20,20,481,7142.352573340109,3.795693540233585,6.6399303699845404,0.31159003016346243
UAV_0010,telemetry_13,50,50,481,7140.6687656418735,3.739548141403984,4.00988370529376,0.12886287483235673
UAV_0010,telemetry_14,5,5,481,-648.8153498138018,0.0,0.0,0.0
UAV_0010,telemetry_14,20,20,481,-648.8153498138018,0.0,0.0,0.0
UAV_0010,telemetry_14,50,50,481,-648.8153498138018,0.0,0.0,0.0
UAV_0010,telemetry_15,5,5,481,50318.509614793606,20.528986544631625,15.17262639675755,2.060023258747242
UAV_0010,telemetry_15,20,20,481,50280.35292649949,35.692404809280426,40.46033705802256,4.98292645931281
UAV_0010,telemetry_15,50,50,481,50221.26048087156,62.17271781549708,149.01246087221807,4.051592811345903
UAV_0010,telemetry_16,5,5,481,-700.8427099037963,0.9499192771418197,1.7343073863319205,0.3468614772663841
UAV_0010,telemetry_16,20,20,481,-700.929425273113,1.2923361804665026,0.0,-0.0065199525801963015
UAV_0010,telemetry_16,50,50,481,-699.2471471083711,1.9011305221679842,-1.7343073863320342,-0.09393991509159474
UAV_0010,telemetry_17,5,5,481,40.41581228213973,0.0,0.0,0.0
UAV_0010,telemetry_17,20,20,481,40.41581228213975,2.6884245668467125e-14,0.0,0.0
UAV_0010,telemetry_17,50,50,481,40.41581228213974,1.680225011289375e-14,0.0,0.0
UAV_0010,telemetry_18,5,5,481,-101.93459946711377,0.004691733809531848,0.008359124116481098,0.0019482802803736377
UAV_0010,telemetry_18,20,20,481,-101.98943710410396,0.053244038805239716,0.09514553013558213,0.007516759082028268
UAV_0010,telemetry_18,50,50,481,-102.08917226164061,0.10140787465000706,0.27801651593988197,0.006575759523851109
UAV_0010,telemetry_19,5,5,481,33509.0667883311,0.34446775485151737,0.1946799552970333,-0.023587806723662653
UAV_0010,telemetry_19,20,20,481,33508.81674064018,0.5120784238031131,-0.04263053368049441,0.04754495635327049
UAV_0010,telemetry_19,50,50,481,33507.41724861799,1.3406897147625418,3.5023495962814195,0.08613027385014395
UAV_0010,telemetry_20,5,5,481,-164.8973841769026,0.0,0.0,0.0
UAV_0010,telemetry_20,20,20,481,-164.89738417690256,2.9160058604848984e-14,0.0,0.0
UAV_0010,telemetry_20,50,50,481,-164.8973841769026,0.0,0.0,0.0
UAV_0010,telemetry_21,5,5,481,34966.618838938186,0.45830778067432765,-0.14715375990635948,-0.014715375990635948
UAV_0010,telemetry_21,20,20,481,34965.61083568284,0.820672595135429,1.6186913589626784,0.12380831378546112
UAV_0010,telemetry_21,50,50,481,34964.26437877969,1.3623790867805128,3.384536477838992,0.08732418559031004
UAV_0010,telemetry_22,5,5,481,23308.49965564571,54.546500951450916,60.60358307583738,22.099912386067082
UAV_0010,telemetry_22,20,20,481,23219.77222229875,82.56097729842844,223.0386675218724,10.13101142688452
UAV_0010,telemetry_22,50,50,481,23162.139088883778,92.39347036000328,207.742090062824,4.309358832258698
UAV_0010,telemetry_23,5,5,481,-17494.796453953095,7.868029211189811,-17.52986817790952,-4.169383737587486
UAV_0010,telemetry_23,20,20,481,-17476.498683839756,17.167931362339996,-52.58317607197387,-2.6239951314764687
UAV_0010,telemetry_23,50,50,481,-17452.894835874387,25.63531703814979,-70.11097748513203,-1.6420685579623242
UAV_0010,telemetry_24,5,5,481,-3716.210843199509,4.473724336452194,-8.425660803802202,-2.1521505206947493
UAV_0010,telemetry_24,20,20,481,-3690.021114325796,77.34655622073552,-29.59850675689495,-5.035290398746703
UAV_0010,telemetry_24,50,50,481,-3685.4421645505045,48.56061535844046,-51.99455405976414,-0.673871380528614
UAV_0010,telemetry_25,5,5,481,-174.35114539550227,0.3486832087885231,-0.7292045808081582,-0.12761080164142696
UAV_0010,telemetry_25,20,20,481,-174.06402109180908,0.31656550436467895,-1.0634233470119057,-0.03863048076900499
UAV_0010,telemetry_25,50,50,481,-173.48582262627656,0.5905139700133505,-2.400298411826924,-0.037379394478402724
UAV_0010,telemetry_26,5,5,481,-7617.041477521566,7.639536577492832,-15.64425534874863,-3.272376348178659
UAV_0010,telemetry_26,20,20,481,-7600.729829628121,13.560332763940085,-43.057583528669966,-2.1920518652077376
UAV_0010,telemetry_26,50,50,481,-7569.195890704506,30.101677784958277,-96.3054618257911,-2.0328279483445386
UAV_0010,telemetry_27,5,5,481,969.0302044744709,1.2710574864626038e-13,0.0,0.0
UAV_0010,telemetry_27,20,20,481,969.0302044744709,1.1664023441939594e-13,0.0,0.0
UAV_0010,telemetry_27,50,50,481,969.0302044744708,0.0,0.0,0.0
UAV_0010,telemetry_28,5,5,481,-9890.707428131418,46.69463265864944,29.427067905660806,-6.065857659143876
UAV_0010,telemetry_28,20,20,481,-9885.163093644494,33.05008305589337,-24.83258066340568,-2.166146983181929
UAV_0010,telemetry_28,50,50,481,-9848.44753461212,44.72380906316712,-126.1920545930152,-2.5423272716701026
UAV_0011,telemetry_01,5,5,197,93.24490517504367,11.91671987718815,15.611096969760993,4.204393601006801
UAV_0011,telemetry_01,20,20,197,87.44184919268778,10.022289637453055,21.209581245306282,0.27196435954426357
UAV_0011,telemetry_01,50,50,197,88.48158826224844,10.157478337342303,4.302334016755822,-0.06421414989169863
UAV_0011,telemetry_02,5,5,197,3.9266692715407765,2.015342197768683,1.1253321106808842,-0.15722646114161104
UAV_0011,telemetry_02,20,20,197,8.755215837202892,6.3542270997006085,1.7389286768918302,-0.23258659552746708
UAV_0011,telemetry_02,50,50,197,10.595431493951065,6.625201809398796,-10.668879076207382,-0.09754347478091449
UAV_0011,telemetry_03,5,5,197,30377.82504938608,0.0,0.0,0.0
UAV_0011,telemetry_03,20,20,197,30377.825049386087,7.46497500284134e-12,0.0,0.0
UAV_0011,telemetry_03,50,50,197,30377.82504938608,6.236535097871508e-12,0.0,0.0
UAV_0011,telemetry_04,5,5,197,-125.87300153518463,0.033122484068193216,-0.05547121835105884,-0.008676267485680001
UAV_0011,telemetry_04,20,20,197,-125.90279953581164,0.03177189098117227,-0.0028446778641750825,0.002832914158703039
UAV_0011,telemetry_04,50,50,197,-125.8955351349237,0.06195949748098765,-0.0028446778641750825,0.00044991265886163367
UAV_0011,telemetry_05,5,5,197,-113.52635791938567,0.0032500821465748647,-0.004505193154088261,-0.0015106054231452503
UAV_0011,telemetry_05,20,20,197,-113.52661768630946,0.002129773031567257,2.802581795435799e-05,7.817652430151413e-05
UAV_0011,telemetry_05,50,50,197,-113.5263413354823,0.0023511406468591607,-0.0035483947770131863,-1.9811201090552874e-05
UAV_0011,telemetry_06,5,5,197,-142.70475957837326,1.0723055511517465,-2.6425381501462084,-0.4933155342855855
UAV_0011,telemetry_06,20,20,197,-141.632277329616,1.173076350120047,-3.272489187835106,-0.12699494267165673
UAV_0011,telemetry_06,50,50,197,-140.62534505563542,1.2887543763611404,-4.369580855857919,-0.0651851435507498
UAV_0011,telemetry_07,5,5,197,140.71160362240556,0.04707604124451628,0.08594869902555047,0.017189739805110092
UAV_0011,telemetry_07,20,20,197,140.6858190126979,0.026454451377029148,0.08594869902555047,0.0021971847871193355
UAV_0011,telemetry_07,50,50,197,140.6548774810487,0.04531373088522589,0.17189739805110094,0.0025547296373020765
UAV_0011,telemetry_08,5,5,197,-4680.605940223165,0.0,0.0,0.0
UAV_0011,telemetry_08,20,20,197,-4680.605940223164,9.331218753551675e-13,0.0,0.0
UAV_0011,telemetry_08,50,50,197,-4680.605940223166,9.187283872526776e-13,0.0,0.0
UAV_0011,telemetry_09,5,5,197,-152.05540009061195,6.937073369952576,2.8110284308285998,-0.8021386263482754
UAV_0011,telemetry_09,20,20,197,-151.4068192459344,10.195962340728185,-10.555947933442667,0.08499753569732593
UAV_0011,telemetry_09,50,50,197,-151.9754504958781,9.531707027335635,-13.063933596538874,-0.040819300413086054
UAV_0011,telemetry_10,5,5,197,-62.226888173564795,1.6320687612460894,2.4467649223038634,0.3906033072389782
UAV_0011,telemetry_10,20,20,197,-62.28943356766014,1.0077194616139704,0.0967975548558897,0.0057047062265672376
UAV_0011,telemetry_10,50,50,197,-62.84911939688841,2.287236620325718,-0.35358576074625603,0.010386251382578163
UAV_0011,telemetry_11,5,5,197,61.481568730633754,0.09808493268519697,-0.14529756370209412,-0.04091835801316179
UAV_0011,telemetry_11,20,20,197,61.71960032763982,0.19359831721144463,-0.5710407926379943,-0.02792929562338495
UAV_0011,telemetry_11,50,50,197,61.85422006384761,0.6761095104043996,-0.965267270623805,-0.016250612595029468
UAV_0011,telemetry_12,5,5,197,646.3304514847543,2.0254086561390103,0.26635131237890164,0.2530337467599111
UAV_0011,telemetry_12,20,20,197,643.8467254968217,1.94746106519358,5.992904528523923,0.22319438920768483
UAV_0011,telemetry_12,50,50,197,642.0768210260643,2.2521420293920973,6.658782809470949,0.11661263340283656
UAV_0011,telemetry_13,5,5,197,7144.120704477062,2.9019438696659106,3.6921526754131264,1.2466655192133658
UAV_0011,telemetry_13,20,20,197,7141.364316587738,2.9682128345304135,2.4190944478295933,0.21670272861176162
UAV_0011,telemetry_13,50,50,197,7137.087042855006,4.957531993022161,4.578988605784616,0.2628272907399773
UAV_0011,telemetry_14,5,5,197,-648.8153498138018,0.0,0.0,0.0
UAV_0011,telemetry_14,20,20,197,-648.8153498138018,0.0,0.0,0.0
UAV_0011,telemetry_14,50,50,197,-648.8153498138018,0.0,0.0,0.0
UAV_0011,telemetry_15,5,5,197,50327.67486797474,30.70920424197235,34.04589337808284,13.168112746778206
UAV_0011,telemetry_15,20,20,197,50250.908162914886,56.307433255749615,149.13581555836572,8.853202924318486
UAV_0011,telemetry_15,50,50,197,50156.07122988055,91.35664743078746,296.2362787952079,6.015550461448171
UAV_0011,telemetry_16,5,5,197,-701.5364328583291,0.0,0.0,0.0
UAV_0011,telemetry_16,20,20,197,-700.3224176878969,1.6014256508141833,-3.4686147726639547,-0.14343895676429752
UAV_0011,telemetry_16,50,50,197,-697.720956608399,2.8030640309422568,-5.202922158995875,-0.16306237034516
UAV_0011,telemetry_17,5,5,197,40.41581228213973,0.0,0.0,0.0
UAV_0011,telemetry_17,20,20,197,40.41581228213974,7.290014651212246e-15,0.0,0.0
UAV_0011,telemetry_17,50,50,197,40.41581228213974,1.498719681461722e-14,0.0,0.0
UAV_0011,telemetry_18,5,5,197,-102.9295944460908,0.042540464817923944,0.0006257899415231805,0.0007417731797005444
UAV_0011,telemetry_18,20,20,197,-102.92471975269646,0.041454780224700526,-0.08669972770991308,-0.0004248736285880899
UAV_0011,telemetry_18,50,50,197,-102.92095449010716,0.04112444925435111,0.008969568886541879,-0.00014672023925196598
UAV_0011,telemetry_19,5,5,197,33510.85495920239,0.5163821429742435,1.4475521663043764,0.28323339798298547
UAV_0011,telemetry_19,20,20,197,33509.208269177056,1.2562057159719153,4.149869676926755,0.2042158501579361
UAV_0011,telemetry_19,50,50,197,33507.11661023405,2.0390661213377013,7.0736613624249,0.1339976756281038
UAV_0011,telemetry_20,5,5,197,-164.8973841769026,0.0,0.0,0.0
UAV_0011,telemetry_20,20,20,197,-164.89738417690256,2.9160058604848984e-14,0.0,0.0
UAV_0011,telemetry_20,50,50,197,-164.8973841769026,0.0,0.0,0.0
UAV_0011,telemetry_21,5,5,197,34967.79606901744,0.7603735369911925,1.7658451188690378,0.44146127971835086
UAV_0011,telemetry_21,20,20,197,34965.91250089064,1.4283054001807864,4.561766557082592,0.23102033885998505
UAV_0011,telemetry_21,50,50,197,34963.74934062002,2.122541978603259,7.357687995296146,0.13890043017868992
UAV_0011,telemetry_22,5,5,197,23252.70356834272,82.21936963438095,221.727532311088,42.43707632208934
UAV_0011,telemetry_22,20,20,197,23192.835677801824,75.03436828315822,237.75251822056453,6.9661040935393945
UAV_0011,telemetry_22,50,50,197,23115.404402704145,99.01525883001237,347.74219423559043,5.103923909010792
UAV_0011,telemetry_23,5,5,197,-17487.56329918863,17.117694883728074,-26.51414158035186,-7.3847697325505575
UAV_0011,telemetry_23,20,20,197,-17464.833219288535,20.180879379563347,-84.94769602779706,-2.8909848126871105
UAV_0011,telemetry_23,50,50,197,-17429.107087265293,34.08069237795855,-129.17351727712594,-2.227398478216802
UAV_0011,telemetry_24,5,5,197,-3734.3084930616546,4.267478228614693,-9.58742589102576,-2.632512214978533
UAV_0011,telemetry_24,20,20,197,-3715.7850733363084,13.70571075112075,-43.64395072883008,-2.283370213369278
UAV_0011,telemetry_24,50,50,197,-3696.571867635528,41.009185807015875,-79.0597754657756,-1.615512380017422
UAV_0011,telemetry_25,5,5,197,-174.1931510696605,0.36624436688309386,-0.6380540082071775,-0.20660796456232333
UAV_0011,telemetry_25,20,20,197,-173.66295857236452,0.5988329783532061,-1.8533949762208124,-0.08431999084470651
UAV_0011,telemetry_25,50,50,197,-172.8587066867815,0.8377158178575775,-2.5218325086283357,-0.05295268318497873
UAV_0011,telemetry_26,5,5,197,-7661.046327887867,9.587553056293862,-24.399297332912283,-5.81277377637025
UAV_0011,telemetry_26,20,20,197,-7618.369086347035,30.38655006442826,-94.72668376307502,-5.00687394230508
UAV_0011,telemetry_26,50,50,197,-7568.828465991729,48.328552529550976,-167.06342409124136,-3.235297548757702
UAV_0011,telemetry_27,5,5,197,969.0302044744709,1.2710574864626038e-13,0.0,0.0
UAV_0011,telemetry_27,20,20,197,969.0302044744709,1.1664023441939594e-13,0.0,0.0
UAV_0011,telemetry_27,50,50,197,969.0302044744708,0.0,0.0,0.0
UAV_0011,telemetry_28,5,5,197,-9917.140848627641,28.750629669471024,-62.33058056484697,-14.22539874004815
UAV_0011,telemetry_28,20,20,197,-9868.166898517258,38.74744503515992,-124.47445970994704,-5.424931289601468
UAV_0011,telemetry_28,50,50,197,-9805.583227885789,62.53946515711304,-193.5621541975761,-3.9078749743493835
UAV_0012,telemetry_01,5,5,170,87.4810489905423,9.546633023172271,-9.220740546539886,-2.296900013840589
UAV_0012,telemetry_01,20,20,170,86.32265519951281,9.864216988317814,-1.9480623344661439,0.03834280135691124
UAV_0012,telemetry_01,50,50,170,85.43234581092905,8.990093502824983,3.8552420039171267,0.077834443202581
UAV_0012,telemetry_02,5,5,170,9.487769379146336,3.012824294254691,-1.7354010270921574,0.016309451431545517
UAV_0012,telemetry_02,20,20,170,8.644947800388973,5.069691752264457,9.888609053338008,0.21020522101492614
UAV_0012,telemetry_02,50,50,170,11.900324424157091,6.994555495237022,0.30142464298454286,-0.1525124242198581
UAV_0012,telemetry_03,5,5,170,30377.82504938608,0.0,0.0,0.0
UAV_0012,telemetry_03,20,20,170,30377.825049386087,7.46497500284134e-12,0.0,0.0
UAV_0012,telemetry_03,50,50,170,30377.82504938608,5.716823839715549e-12,0.0,0.0
UAV_0012,telemetry_04,5,5,170,-125.88807832786465,0.0293567447797392,0.0369808122340487,0.011378711456629276
UAV_0012,telemetry_04,20,20,170,-125.8890739651171,0.021923843607276824,0.0028446778641608716,3.849939966580524e-05
UAV_0012,telemetry_04,50,50,170,-125.90547513651592,0.05989565528268638,0.0412478290302829,0.0005114268193271625
UAV_0012,telemetry_05,5,5,170,-113.5256898306556,0.002745042807208325,-0.00611606517236396,-0.0009626832618010895
UAV_0012,telemetry_05,20,20,170,-113.52619841160124,0.002425689403764222,0.0008275480175257144,2.380847066286893e-05
UAV_0012,telemetry_05,50,50,170,-113.52572443264481,0.00256768929459614,-0.006129726184582296,-1.988176391815294e-05
UAV_0012,telemetry_06,5,5,170,-134.5652411208233,0.4260710736407865,-0.6787941598954035,-0.1557970359612341
UAV_0012,telemetry_06,20,20,170,-134.92148281599344,0.689800619261094,0.15404369311278288,0.054134225034301126
UAV_0012,telemetry_06,50,50,170,-135.6209789453779,0.9820256982384713,3.370175432248118,0.05016545122558094
UAV_0012,telemetry_07,5,5,170,140.5912754437698,0.0,0.0,0.0
UAV_0012,telemetry_07,20,20,170,140.59127544376983,2.9160058604848984e-14,0.0,0.0
UAV_0012,telemetry_07,50,50,170,140.59127544376977,2.8710262101646174e-14,0.0,0.0
UAV_0012,telemetry_08,5,5,170,-4680.605940223165,0.0,0.0,0.0
UAV_0012,telemetry_08,20,20,170,-4680.605940223164,9.331218753551675e-13,0.0,0.0
UAV_0012,telemetry_08,50,50,170,-4680.605940223166,9.187283872526776e-13,0.0,0.0
UAV_0012,telemetry_09,5,5,170,-160.24467689041543,10.812735953565713,0.5249643381215208,-2.112368546598847
UAV_0012,telemetry_09,20,20,170,-157.16366974110926,11.3584911733153,9.957945591863592,0.15461341289471842
UAV_0012,telemetry_09,50,50,170,-153.46880476914905,10.723647816666915,-8.239841167216184,-0.20733457475485825
UAV_0012,telemetry_10,5,5,170,-62.53277394780075,1.2387026543334203,-2.145150076304901,-0.7007541734635503
UAV_0012,telemetry_10,20,20,170,-62.52240937030664,1.0935497404519223,1.1258529984252235,-0.0005759847935296425
UAV_0012,telemetry_10,50,50,170,-62.687213135916615,2.4546981959347196,-0.9140694525780617,-0.010615850518539815
UAV_0012,telemetry_11,5,5,170,63.084863244219946,0.15514632637266504,0.19818160343188396,0.021527543445564845
UAV_0012,telemetry_11,20,20,170,63.05078241861628,0.11719816679835322,0.30822314064743495,0.008476226736976967
UAV_0012,telemetry_11,50,50,170,62.983398443338054,0.5313126735549211,0.5315113083954941,0.009512037760278157
UAV_0012,telemetry_12,5,5,170,630.0830214296452,1.5404687834287087,2.929864436167236,0.2929864436167236
UAV_0012,telemetry_12,20,20,170,631.3748252946825,1.6967556783655693,-2.6635131237883343,-0.13277512790012394
UAV_0012,telemetry_12,50,50,170,633.0315304576789,2.056965473782225,-4.794323622819093,-0.10813287733526439
UAV_0012,telemetry_13,5,5,170,7146.657313726442,2.409886009526581,-0.5520737210308653,-0.6803589546086186
UAV_0012,telemetry_13,20,20,170,7145.498444724738,2.7249675254194723,-4.69427509693287,0.04988860382719101
UAV_0012,telemetry_13,50,50,170,7142.144353314204,4.042021674655354,13.512614683849279,0.20097226749736868
UAV_0012,telemetry_14,5,5,170,-648.8153498138018,0.0,0.0,0.0
UAV_0012,telemetry_14,20,20,170,-648.8153498138018,0.0,0.0,0.0
UAV_0012,telemetry_14,50,50,170,-648.8153498138018,0.0,0.0,0.0
UAV_0012,telemetry_15,5,5,170,49975.55891635244,14.188376438336645,29.728479362755024,6.944868830386258
UAV_0012,telemetry_15,20,20,170,49980.80765824822,20.06280788405644,3.330576526117511,-1.3113623364737823
UAV_0012,telemetry_15,50,50,170,49985.978686691735,19.197185573968067,-8.758182716825104,-0.3888264098806783
UAV_0012,telemetry_16,5,5,170,-701.5364328583291,0.0,0.0,0.0
UAV_0012,telemetry_16,20,20,170,-700.6692791651632,1.0526846574354243,-1.7343073863319205,-0.0651995258019513
UAV_0012,telemetry_16,50,50,170,-699.3858916992775,1.664227059764013,-3.4686147726639547,-0.06828965458786163
UAV_0012,telemetry_17,5,5,170,40.41581228213973,0.0,0.0,0.0
UAV_0012,telemetry_17,20,20,170,40.41581228213974,7.290014651212246e-15,0.0,0.0
UAV_0012,telemetry_17,50,50,170,40.41581228213974,1.498719681461722e-14,0.0,0.0
UAV_0012,telemetry_18,5,5,170,-103.32242629078819,0.0023849668492160895,0.0034595233186252017,0.0009826024561718327
UAV_0012,telemetry_18,20,20,170,-103.32585498684566,0.005438809874390104,0.004960306693718053,4.2344652040477675e-05
UAV_0012,telemetry_18,50,50,170,-103.32645589394797,0.006167961412660227,0.012859221281019018,4.6213750781460655e-05
UAV_0012,telemetry_19,5,5,170,33507.42510599222,0.6445311802919851,-0.549005763772584,-0.14588460409358958
UAV_0012,telemetry_19,20,20,170,33507.19542692782,0.5298061574862711,0.4311491635889979,0.03795578435799273
UAV_0012,telemetry_19,50,50,170,33506.54584981547,0.7435040586138006,1.040692677925108,0.037637962436578534
UAV_0012,telemetry_20,5,5,170,-164.8973841769026,0.0,0.0,0.0
UAV_0012,telemetry_20,20,20,170,-164.89738417690256,2.9160058604848984e-14,0.0,0.0
UAV_0012,telemetry_20,50,50,170,-164.8973841769026,0.0,0.0,0.0
UAV_0012,telemetry_21,5,5,170,34964.14665577177,0.5406774382519288,1.4715375990563189,0.2795921438206278
UAV_0012,telemetry_21,20,20,170,34963.86706362795,0.46997142078647525,1.4715375990563189,0.04005237675644042
UAV_0012,telemetry_21,50,50,170,34963.14306712921,0.8156360149343552,2.9430751981126377,0.046107000402724266
UAV_0012,telemetry_22,5,5,170,23256.636973975044,49.95495040689323,80.12492954736808,6.905312110082013
UAV_0012,telemetry_22,20,20,170,23221.899174974005,70.21165249113281,96.73264221718637,2.911333564510587
UAV_0012,telemetry_22,50,50,170,23166.800902966537,74.79180984260947,133.44442811888803,2.887967241293962
UAV_0012,telemetry_23,5,5,170,-17383.834898476,7.94226536539971,1.342585649843386,0.41128014613859704
UAV_0012,telemetry_23,20,20,170,-17382.670624361865,9.08532818673706,-8.029556846668129,-0.12439274838361598
UAV_0012,telemetry_23,50,50,170,-17378.141137308146,9.395496041043284,-7.522472133201518,-0.244438066035739
UAV_0012,telemetry_24,5,5,170,-3629.9318444684104,1.7674408524074263,0.6578130487719136,0.1058839672387876
UAV_0012,telemetry_24,20,20,170,-3631.868198314888,2.4164117473856344,6.730103702573615,0.12673475059243475
UAV_0012,telemetry_24,50,50,170,-3627.298464521047,52.78551721580335,12.709140784508236,0.34013543028265697
UAV_0012,telemetry_25,5,5,170,-174.15061413578002,0.2812733316913651,0.15191762100172923,0.015191762100175765
UAV_0012,telemetry_25,20,20,170,-174.0503485059189,0.3237926158681773,-0.39498581460441073,-0.020012005413156893
UAV_0012,telemetry_25,50,50,170,-173.59641865436578,0.5117731522688589,-1.5495597342173824,-0.027866761691549533
UAV_0012,telemetry_26,5,5,170,-7442.543444007708,2.4880014905946863,-1.291727505858944,-0.33010814038616443
UAV_0012,telemetry_26,20,20,170,-7446.7056770821455,4.9313546203628915,11.33849699588427,0.5773385260109931
UAV_0012,telemetry_26,50,50,170,-7453.261911800777,7.5252130268907385,19.950013701616626,0.4334222189597439
UAV_0012,telemetry_27,5,5,170,969.0302044744709,1.2710574864626038e-13,0.0,0.0
UAV_0012,telemetry_27,20,20,170,969.0302044744709,1.1664023441939594e-13,0.0,0.0
UAV_0012,telemetry_27,50,50,170,969.0302044744708,0.0,0.0,0.0
UAV_0012,telemetry_28,5,5,170,-9928.315538697352,24.91285668516208,-38.122027103780056,-12.40556024865855
UAV_0012,telemetry_28,20,20,170,-9910.668208889761,26.054867289750053,-72.07166556617449,-3.04565186099212
UAV_0012,telemetry_28,50,50,170,-9868.483262904345,46.51542426048426,-159.94331790716024,-2.7080572824685425
UAV_0013,telemetry_01,5,5,185,88.22740385852467,8.653853412528427,-3.53581688603893,-1.590143480881403
UAV_0013,telemetry_01,20,20,185,85.79723049371084,10.67511524353488,3.6149510782501153,0.047391552147643345
UAV_0013,telemetry_01,50,50,185,85.24005094488827,12.429308503832807,2.9130465344461527,-0.011582007809970691
UAV_0013,telemetry_02,5,5,185,15.276477579717362,5.925552239834838,-1.219727343509767,0.5249782640388101
UAV_0013,telemetry_02,20,20,185,13.084589322514102,7.610968292588777,1.3276322374242184,-0.03980900443140004
UAV_0013,telemetry_02,50,50,185,12.131680670517188,7.649856456377536,10.309574803817496,0.0755330205221195
UAV_0013,telemetry_03,5,5,185,30377.82504938608,0.0,0.0,0.0
UAV_0013,telemetry_03,20,20,185,30377.825049386087,7.46497500284134e-12,0.0,0.0
UAV_0013,telemetry_03,50,50,185,30377.82504938608,0.0,0.0,0.0
UAV_0013,telemetry_04,5,5,185,-125.90571533062241,0.037706738932180454,0.03840315116613624,0.009102969165306262
UAV_0013,telemetry_04,20,20,185,-125.89540337336484,0.03039133477219429,0.011378711456643487,-0.0011688845509478822
UAV_0013,telemetry_04,50,50,185,-125.89368234325703,0.03514493721933391,0.001422338932101752,-0.0002641145090202632
UAV_0013,telemetry_05,5,5,185,-113.52447843267994,0.0014989129470222326,-0.0018046850907040834,-0.0005368122414296294
UAV_0013,telemetry_05,20,20,185,-113.52528861181982,0.0023920581740227956,-4.4465494923429105e-05,-5.990788636722755e-06
UAV_0013,telemetry_05,50,50,185,-113.52581269698938,0.0025654112688446797,-0.0018615658091221121,2.280970651731607e-05
UAV_0013,telemetry_06,5,5,185,-134.1940333920539,0.7558911771067208,1.8322432766179872,0.4061493469632353
UAV_0013,telemetry_06,20,20,185,-134.78465945442784,0.6738737477233363,2.200445274790013,0.026352874842316944
UAV_0013,telemetry_06,50,50,185,-135.41333305661286,0.9272361426985338,2.690128884603837,0.033271657607807224
UAV_0013,telemetry_07,5,5,185,140.5912754437698,0.0,0.0,0.0
UAV_0013,telemetry_07,20,20,185,140.59127544376983,2.9160058604848984e-14,0.0,0.0
UAV_0013,telemetry_07,50,50,185,140.59127544376977,2.8710262101646174e-14,0.0,0.0
UAV_0013,telemetry_08,5,5,185,-4680.605940223165,0.0,0.0,0.0
UAV_0013,telemetry_08,20,20,185,-4680.605940223164,9.331218753551675e-13,0.0,0.0
UAV_0013,telemetry_08,50,50,185,-4680.605940223166,9.187283872526776e-13,0.0,0.0
UAV_0013,telemetry_09,5,5,185,-157.1203976074616,10.979995584602838,-9.096345744836498,-2.7683314184007486
UAV_0013,telemetry_09,20,20,185,-154.09498453050256,9.19347019139438,13.91033650230267,-0.053122392452246606
UAV_0013,telemetry_09,50,50,185,-155.17177138722488,10.716741202650551,1.3672168695381117,0.05347576725039895
UAV_0013,telemetry_10,5,5,185,-61.68417263948013,1.8164578206505588,1.5246809014756053,0.062234367363009115
UAV_0013,telemetry_10,20,20,185,-62.26626560955839,1.3016990999031726,-0.3328014432944215,0.03519930675226788
UAV_0013,telemetry_10,50,50,185,-62.22273724059999,1.2500349406786282,0.37167079575205975,-0.0037040087512915233
UAV_0013,telemetry_11,5,5,185,63.162105993158626,0.13544516463845155,-0.09187934175279366,-0.045191815769106115
UAV_0013,telemetry_11,20,20,185,63.00291969174972,0.13144169112092866,0.17093831023775152,0.013591523539580513
UAV_0013,telemetry_11,50,50,185,62.91226896910176,0.13813573751758992,0.288992580745699,0.006341929304452408
UAV_0013,telemetry_12,5,5,185,630.0297511671694,0.7009139923136477,-0.9322295933259284,-0.21308104990307583
UAV_0013,telemetry_12,20,20,185,631.5412948649193,1.6210013907491811,-1.3317565618942808,-0.14088582575828462
UAV_0013,telemetry_12,50,50,185,632.7065818565767,1.7410299767063528,-5.060674935197994,-0.07666952903024954
UAV_0013,telemetry_13,5,5,185,7150.475684066027,2.4049354400808305,-1.1739727954636692,0.04592832995076605
UAV_0013,telemetry_13,20,20,185,7145.7578873049115,4.160841030053876,7.328025071075899,0.5854476664689576
UAV_0013,telemetry_13,50,50,185,7142.616981406022,4.209467520396368,11.207165864533636,0.19334394453151107
UAV_0013,telemetry_14,5,5,185,-648.8153498138018,0.0,0.0,0.0
UAV_0013,telemetry_14,20,20,185,-648.8153498138018,0.0,0.0,0.0
UAV_0013,telemetry_14,50,50,185,-648.8153498138018,0.0,0.0,0.0
UAV_0013,telemetry_15,5,5,185,50514.199488905935,19.092828998159884,35.58782695500122,8.93704701175011
UAV_0013,telemetry_15,20,20,185,50419.4846770109,71.25216648902871,243.62550515119074,11.591027721713798
UAV_0013,telemetry_15,50,50,185,50287.04060080924,127.89839288991168,420.2694157215592,8.577533999375373
UAV_0013,telemetry_16,5,5,185,-703.270740244661,1.7343073863319205,-1.7343073863319205,-0.6937229545327682
UAV_0013,telemetry_16,20,20,185,-701.8832943355956,2.0750746517930296,-5.2029221589957615,-0.16951876708507604
UAV_0013,telemetry_16,50,50,185,-700.1143008015368,2.752012591804339,-8.671536931659716,-0.12283809819157901
UAV_0013,telemetry_17,5,5,185,40.41581228213973,0.0,0.0,0.0
UAV_0013,telemetry_17,20,20,185,40.41581228213974,7.290014651212246e-15,0.0,0.0
UAV_0013,telemetry_17,50,50,185,40.41581228213974,7.177565525411544e-15,0.0,0.0
UAV_0013,telemetry_18,5,5,185,-103.32592131186303,0.00483797833355334,0.009388055508040338,0.0010101678104959433
UAV_0013,telemetry_18,20,20,185,-103.32844756797604,0.006732059387903877,0.010551217383465428,0.0003226369737398776
UAV_0013,telemetry_18,50,50,185,-103.328277091484,0.006164301628060329,0.01955684347039721,1.2952417765187652e-05
UAV_0013,telemetry_19,5,5,185,33506.14920060431,0.6051883840395919,0.9175484898078139,0.257564505161281
UAV_0013,telemetry_19,20,20,185,33505.8944972701,0.4980461348652558,0.6112420110803214,0.0346475379434237
UAV_0013,telemetry_19,50,50,185,33505.65412793179,0.5231074633922225,0.5746069091983372,0.01522057853484313
UAV_0013,telemetry_20,5,5,185,-164.8973841769026,0.0,0.0,0.0
UAV_0013,telemetry_20,20,20,185,-164.89738417690256,2.9160058604848984e-14,0.0,0.0
UAV_0013,telemetry_20,50,50,185,-164.8973841769026,0.0,0.0,0.0
UAV_0013,telemetry_21,5,5,185,34963.05771794847,0.4835966023344744,1.1772300792508759,0.27959214382208303
UAV_0013,telemetry_21,20,20,185,34962.623614356744,0.5322325684520302,1.6186913589699543,0.056980591241815835
UAV_0013,telemetry_21,50,50,185,34962.3896398785,0.508375287931703,2.2073063985881163,0.017771510499982903
UAV_0013,telemetry_22,5,5,185,23244.60366637393,46.992519083181755,63.51721687755344,18.690960838050888
UAV_0013,telemetry_22,20,20,185,23216.297713990196,69.02621667210254,137.81487882147485,4.552936188060042
UAV_0013,telemetry_22,50,50,185,23179.376146454768,67.37526097892328,211.09276893480273,2.6729389680710085
UAV_0013,telemetry_23,5,5,185,-17565.666179017786,10.626772537888053,-22.342998725252983,-5.515457480071928
UAV_0013,telemetry_23,20,20,185,-17529.052159948475,27.954376533037408,-95.35208699095165,-4.588427818808199
UAV_0013,telemetry_23,50,50,185,-17480.17662291055,47.15999445654071,-168.1424272405202,-3.141095932996291
UAV_0013,telemetry_24,5,5,185,-3631.195654736262,3.2090114345606526,8.263519520465707,1.8073417387456174
UAV_0013,telemetry_24,20,20,185,-3633.259045262628,3.0831725348862475,8.569953011224698,0.2923954505417797
UAV_0013,telemetry_24,50,50,185,-3634.7722761200002,3.4405420958082447,8.4851867932598,0.07979870111689961
UAV_0013,telemetry_25,5,5,185,-174.235688003541,0.3376537872434494,-0.7595881050085325,-0.18533949762208407
UAV_0013,telemetry_25,20,20,185,-173.88171994660698,0.4532701097983378,-0.6380540082071775,-0.04507270168967993
UAV_0013,telemetry_25,50,50,185,-173.4451087038481,0.5196469156689925,-1.4280256374160558,-0.026543455259390517
UAV_0013,telemetry_26,5,5,185,-7451.0401404907,3.9973786978038093,11.051446439025312,2.1815842321192576
UAV_0013,telemetry_26,20,20,185,-7450.738737405998,3.402137109542075,5.310435301868893,0.16014399487857622
UAV_0013,telemetry_26,50,50,185,-7454.700035090636,5.482502310096257,20.811165372188952,0.24461669662793165
UAV_0013,telemetry_27,5,5,185,969.0302044744709,1.2710574864626038e-13,0.0,0.0
UAV_0013,telemetry_27,20,20,185,969.0302044744709,1.1664023441939594e-13,0.0,0.0
UAV_0013,telemetry_27,50,50,185,969.0302044744708,0.0,0.0,0.0
UAV_0013,telemetry_28,5,5,185,-9932.002186957976,34.905688127249235,-48.22380027498548,-14.265067509988876
UAV_0013,telemetry_28,20,20,185,-9912.710731319747,39.19385708373292,28.5958541877917,-2.8092024256328054
UAV_0013,telemetry_28,50,50,185,-9876.93848245173,48.4100427279968,-84.21701177753857,-2.2820795122293305
UAV_0014,telemetry_01,5,5,207,82.74827228750956,19.513965353767052,-33.51028691774292,-5.327632905595953
UAV_0014,telemetry_01,20,20,207,86.75472362936634,12.524884844882267,-12.471436922214693,-0.6501481110340102
UAV_0014,telemetry_01,50,50,207,88.41468317994409,11.705820891728969,-8.456571543637821,-0.06606087053959837
UAV_0014,telemetry_02,5,5,207,16.89603148528077,8.810879486418067,-15.786914483654815,-4.522943813567569
UAV_0014,telemetry_02,20,20,207,14.602032174561277,6.263973385658902,-7.685795720878726,0.22490183646454515
UAV_0014,telemetry_02,50,50,207,13.728116405605265,7.320518297824943,3.376752447726176,0.07226498364058666
UAV_0014,telemetry_03,5,5,207,30377.82504938608,0.0,0.0,0.0
UAV_0014,telemetry_03,20,20,207,30377.825049386087,7.46497500284134e-12,0.0,0.0
UAV_0014,telemetry_03,50,50,207,30377.82504938608,7.275957614183426e-12,0.0,0.0
UAV_0014,telemetry_04,5,5,207,-125.88238897213633,0.027817546161051743,-0.04267016796235623,-0.006400525194352724
UAV_0014,telemetry_04,20,20,207,-125.88423801274803,0.03856528272414751,-0.0014223389320733304,3.2082833054413865e-05
UAV_0014,telemetry_04,50,50,207,-125.89746492224934,0.06491700266069314,0.04409250689442956,0.0002532568974069742
UAV_0014,telemetry_05,5,5,207,-113.52586720713873,0.0026733877739635262,-0.0009058846281817523,-7.042379232302665e-06
UAV_0014,telemetry_05,20,20,207,-113.52593366184809,0.0023670996408730145,0.000634510159045476,1.373147343658379e-05
UAV_0014,telemetry_05,50,50,207,-113.52615043189903,0.0025978882812794798,0.000630941130467022,1.2971876458260997e-05
UAV_0014,telemetry_06,5,5,207,-134.23385932246842,0.5238125795715847,-0.7902566695460678,-0.265506202763504
UAV_0014,telemetry_06,20,20,207,-134.9810964728404,0.839621173514296,1.0444913825696744,0.07003672451036123
UAV_0014,telemetry_06,50,50,207,-135.6634348900651,0.9905174259340369,2.738972006810343,0.04995550713764062
UAV_0014,telemetry_07,5,5,207,140.5912754437698,0.0,0.0,0.0
UAV_0014,telemetry_07,20,20,207,140.59127544376983,2.9160058604848984e-14,0.0,0.0
UAV_0014,telemetry_07,50,50,207,140.59127544376977,2.8710262101646174e-14,0.0,0.0
UAV_0014,telemetry_08,5,5,207,-4680.605940223165,0.0,0.0,0.0
UAV_0014,telemetry_08,20,20,207,-4680.605940223164,9.331218753551675e-13,0.0,0.0
UAV_0014,telemetry_08,50,50,207,-4680.605940223166,9.187283872526776e-13,0.0,0.0
UAV_0014,telemetry_09,5,5,207,-151.10323606074923,13.186149103957197,-3.4287487627793496,-1.4583418390136729
UAV_0014,telemetry_09,20,20,207,-154.60333384213465,8.61010428350538,18.819286416035197,0.3044855340431916
UAV_0014,telemetry_09,50,50,207,-152.71062907971057,9.249121160018385,25.43447472570608,-0.030634248166178577
UAV_0014,telemetry_10,5,5,207,-63.01192002954517,1.0286557512633592,0.2545869911877858,0.27364446878431253
UAV_0014,telemetry_10,20,20,207,-62.38045939272102,1.3793747754597017,-1.5130333532652003,-0.02989999932730684
UAV_0014,telemetry_10,50,50,207,-62.12732053747256,2.6284757660033673,-2.0244566248486606,-0.01384631302904715
UAV_0014,telemetry_11,5,5,207,63.09511954283421,0.09254820648809861,0.042200395339932584,0.03333297049635888
UAV_0014,telemetry_11,20,20,207,63.05038178195167,0.09755461433784675,0.1068364438985796,0.006057144400130219
UAV_0014,telemetry_11,50,50,207,62.841987179594824,0.556185956790227,0.4342901444477647,0.009255307901813753
UAV_0014,telemetry_12,5,5,207,631.0685212854469,0.741490672527944,-0.13317565618945082,-0.1331756561894281
UAV_0014,telemetry_12,20,20,207,631.2949199009688,1.0566957091068796,0.3995269685681251,-0.05747580951332988
UAV_0014,telemetry_12,50,50,207,632.6985913172055,1.589377783770354,-2.263986155220209,-0.08505336025542845
UAV_0014,telemetry_13,5,5,207,7149.969412223293,2.159523739068866,-1.6113523276608248,0.1585819794803683
UAV_0014,telemetry_13,20,20,207,7145.821115677708,3.7962469719935386,8.658470911089353,0.46172219233891304
UAV_0014,telemetry_13,50,50,207,7142.23164039086,4.706378382673585,6.634863333191788,0.24903741262316118
UAV_0014,telemetry_14,5,5,207,-648.8153498138018,0.0,0.0,0.0
UAV_0014,telemetry_14,20,20,207,-648.8153498138018,0.0,0.0,0.0
UAV_0014,telemetry_14,50,50,207,-648.8153498138018,0.0,0.0,0.0
UAV_0014,telemetry_15,5,5,207,49872.163018419415,11.746336235805101,4.934187446102442,3.4971053524241142
UAV_0014,telemetry_15,20,20,207,49878.22898511097,17.520265839884576,-3.6389632415011874,-1.1280461431050952
UAV_0014,telemetry_15,50,50,207,49909.11514820326,34.61340200070433,-94.79807630819414,-2.0063306511774566
UAV_0014,telemetry_16,5,5,207,-701.5364328583291,1.7343073863319205,-3.468614772663841,-0.8671536931659602
UAV_0014,telemetry_16,20,20,207,-700.3224176878967,1.6014256508141664,-5.202922158995875,-0.16430280502092282
UAV_0014,telemetry_16,50,50,207,-699.1777748129176,1.8790462614654013,-3.468614772663841,-0.08011542404088108
UAV_0014,telemetry_17,5,5,207,40.41581228213973,0.0,0.0,0.0
UAV_0014,telemetry_17,20,20,207,40.41581228213974,7.290014651212246e-15,0.0,0.0
UAV_0014,telemetry_17,50,50,207,40.41581228213973,1.522591576628786e-14,0.0,0.0
UAV_0014,telemetry_18,5,5,207,-103.32695583875928,0.005840989909208782,-0.0059009844176216575,5.0750060231052886e-05
UAV_0014,telemetry_18,20,20,207,-103.32670945431255,0.005423367865275124,0.00584269365386092,2.5050930203601843e-06
UAV_0014,telemetry_18,50,50,207,-103.32667323011205,0.006015944936986228,-0.0035582573540295925,-1.914648856615652e-05
UAV_0014,telemetry_19,5,5,207,33507.91290274744,0.37824669788000664,0.6764067739932216,0.13644804543437203
UAV_0014,telemetry_19,20,20,207,33507.475948091116,0.5481104399721851,1.1816997334972257,0.060068640438910914
UAV_0014,telemetry_19,50,50,207,33506.80452229944,0.7854697028470705,2.8154115866709617,0.045669806150287054
UAV_0014,telemetry_20,5,5,207,-164.8973841769026,0.0,0.0,0.0
UAV_0014,telemetry_20,20,20,207,-164.89738417690256,2.9160058604848984e-14,0.0,0.0
UAV_0014,telemetry_20,50,50,207,-164.8973841769026,0.0,0.0,0.0
UAV_0014,telemetry_21,5,5,207,34964.70584005941,0.36640990725678263,0.14715375989908352,0.1177230079229048
UAV_0014,telemetry_21,20,20,207,34964.301167219666,0.5305167225390452,0.7357687995317974,0.05388261734905037
UAV_0014,telemetry_21,50,50,207,34963.502122303384,0.9065757745024776,1.6186913589626784,0.05174583355535644
UAV_0014,telemetry_22,5,5,207,23232.570358772817,29.44248221333258,-58.855402794797556,-13.94173774124356
UAV_0014,telemetry_22,20,20,207,23198.7139339968,55.59990995944828,43.558825335749134,1.6355781927564408
UAV_0014,telemetry_22,50,50,207,23149.68330438141,67.74517923926962,109.84399432493956,3.1678369832039492
UAV_0014,telemetry_23,5,5,207,-17332.559851532344,8.475841261662243,-6.588893690630357,-1.38260247976541
UAV_0014,telemetry_23,20,20,207,-17341.88743461211,10.946469192637158,34.35418690077495,1.0435641322564269
UAV_0014,telemetry_23,50,50,207,-17349.90194210116,12.603259697819672,37.02463840131895,0.5844249977302927
UAV_0014,telemetry_24,5,5,207,-3628.437604986273,1.5390146402657672,0.5159340407112722,-0.30273648694815164
UAV_0014,telemetry_24,20,20,207,-3629.101794951142,3.0722469781126995,4.569445057952635,0.2034005054820357
UAV_0014,telemetry_24,50,50,207,-3627.525973087237,44.10014907547731,13.118905272729535,0.30347383356328467
UAV_0014,telemetry_25,5,5,207,-174.5699067697447,0.2984707680550295,0.030383524200345846,0.033421876620377586
UAV_0014,telemetry_25,20,20,207,-174.16276754546013,0.40839987150341567,-0.7292045808081866,-0.049755876472438086
UAV_0014,telemetry_25,50,50,207,-173.53808228790112,0.6356417977437568,-1.7622444036197749,-0.03878586349780872
UAV_0014,telemetry_26,5,5,207,-7441.969342893992,1.7133095285447506,-0.28705055685804837,0.04305758352847988
UAV_0014,telemetry_26,20,20,207,-7444.079164486897,4.5104162604349165,5.597485858726941,0.47115140272222505
UAV_0014,telemetry_26,50,50,207,-7451.634335143393,8.086256703569374,22.102892878049715,0.4798947736990539
UAV_0014,telemetry_27,5,5,207,969.0302044744709,1.2710574864626038e-13,0.0,0.0
UAV_0014,telemetry_27,20,20,207,969.0302044744709,1.1664023441939594e-13,0.0,0.0
UAV_0014,telemetry_27,50,50,207,969.0302044744708,0.0,0.0,0.0
UAV_0014,telemetry_28,5,5,207,-9941.036523268525,26.89139605572046,-48.36650696383367,-4.7541845345174805
UAV_0014,telemetry_28,20,20,207,-9899.010039633988,37.692534969584806,-134.46445017483347,-4.926347588409204
UAV_0014,telemetry_28,50,50,207,-9862.367370251684,46.73731080511588,-150.32173506828258,-2.64313418450685
UAV_0015,telemetry_01,5,5,202,85.0406758848176,12.95011301621271,15.579261644085847,-0.07948255419818225
UAV_0015,telemetry_01,20,20,202,84.25912978387439,9.120960100884531,8.415584675391159,-0.15455977768471582
UAV_0015,telemetry_01,50,50,202,83.08403212933787,9.567574698643776,3.5873129251950644,0.10404852864270488
UAV_0015,telemetry_02,5,5,202,11.030718227769542,10.281891287957295,9.242684349282989,-0.67397889256205
UAV_0015,telemetry_02,20,20,202,10.731931496594104,9.652862359526724,18.62986680827948,-0.11717879094463678
UAV_0015,telemetry_02,50,50,202,9.396634876551797,7.987966608605622,1.7727296588038612,0.056402141836456594
UAV_0015,telemetry_03,5,5,202,30377.82504938608,0.0,0.0,0.0
UAV_0015,telemetry_03,20,20,202,30377.825049386087,7.46497500284134e-12,0.0,0.0
UAV_0015,telemetry_03,50,50,202,30377.82504938608,7.795668872339385e-12,0.0,0.0
UAV_0015,telemetry_04,5,5,202,-125.8815355687771,0.027296310964798724,0.07253928553599565,0.016356897718901565
UAV_0015,telemetry_04,20,20,202,-125.90329735443792,0.03073908269717127,0.0711169466038939,0.0018586654616178123
UAV_0015,telemetry_04,50,50,202,-125.91009978210226,0.05732963034627285,0.07253928553599565,0.0008828247794871556
UAV_0015,telemetry_05,5,5,202,-113.52437552822262,0.002747293387324199,0.0033659062013526864,0.0005989644750727052
UAV_0015,telemetry_05,20,20,202,-113.52601274850754,0.0027235507170775873,0.0069893580281927825,0.00023038312833247965
UAV_0015,telemetry_05,50,50,202,-113.52536949538147,0.0028834649388528063,0.007238769345477181,-2.4412438497621405e-05
UAV_0015,telemetry_06,5,5,202,-133.89997274861585,0.7418072468293951,-0.7677136900662163,-0.3340118126275001
UAV_0015,telemetry_06,20,20,202,-134.27612740899326,0.9132279303682713,1.1772444839514264,0.072468051704061
UAV_0015,telemetry_06,50,50,202,-134.71935995720102,0.8314233815739525,0.8891953017079572,0.03097857021933354
UAV_0015,telemetry_07,5,5,202,140.5912754437698,0.0,0.0,0.0
UAV_0015,telemetry_07,20,20,202,140.59127544376983,2.9160058604848984e-14,0.0,0.0
UAV_0015,telemetry_07,50,50,202,140.59127544376977,2.8710262101646174e-14,0.0,0.0
UAV_0015,telemetry_08,5,5,202,-4680.605940223165,0.0,0.0,0.0
UAV_0015,telemetry_08,20,20,202,-4680.605940223164,9.331218753551675e-13,0.0,0.0
UAV_0015,telemetry_08,50,50,202,-4680.605940223166,9.187283872526776e-13,0.0,0.0
UAV_0015,telemetry_09,5,5,202,-153.17646503765718,5.907109335327453,-6.098289632474376,0.06381222789436265
UAV_0015,telemetry_09,20,20,202,-151.36036452466197,8.02847291615925,13.179343331352982,0.23488952563795235
UAV_0015,telemetry_09,50,50,202,-153.24198994927826,8.465211731901414,-12.578391905690069,0.0384488028044749
UAV_0015,telemetry_10,5,5,202,-62.438058266675355,2.0219656020538,-4.242171872301256,-0.750418529805659
UAV_0015,telemetry_10,20,20,202,-62.63280270004576,1.3697537594014992,-2.216618790160801,0.054287169277714126
UAV_0015,telemetry_10,50,50,202,-62.67135838211265,2.430509481263401,-3.0075963044333136,0.01622506188903858
UAV_0015,telemetry_11,5,5,202,63.04554743286526,0.09675085590620636,-0.05769167970524336,-0.026495438086851664
UAV_0015,telemetry_11,20,20,202,63.07385909049839,0.09343735994352927,-0.07745642182648282,0.00010844300696476453
UAV_0015,telemetry_11,50,50,202,62.90192179824033,0.6780856493110117,0.2302325366014628,0.014726236877646702
UAV_0015,telemetry_12,5,5,202,631.3082374665879,1.0332920570531963,1.19858090570483,0.3728918373303941
UAV_0015,telemetry_12,20,20,202,631.2416496384931,1.4008287961247885,-1.731283530462406,-0.07990539371365023
UAV_0015,telemetry_12,50,50,202,632.2671021911516,1.6134356348820797,-0.6658782809472541,-0.0680298982253559
UAV_0015,telemetry_13,5,5,202,7149.644596245462,4.286703562124765,-11.061507845357482,-2.0182313832043293
UAV_0015,telemetry_13,20,20,202,7147.207588245024,3.7435545235357717,2.1337105726415757,0.15295327381679333
UAV_0015,telemetry_13,50,50,202,7145.092020453024,4.140445682410264,-2.1721320686283434,0.10007266563266716
UAV_0015,telemetry_14,5,5,202,-648.8153498138018,0.0,0.0,0.0
UAV_0015,telemetry_14,20,20,202,-648.8153498138018,0.0,0.0,0.0
UAV_0015,telemetry_14,50,50,202,-648.8153498138018,0.0,0.0,0.0
UAV_0015,telemetry_15,5,5,202,50064.78136084654,18.90765201898904,-5.982702278401121,-3.675969647344755
UAV_0015,telemetry_15,20,20,202,50060.30050187205,21.2353453560465,8.943214746046579,0.8226273600221317
UAV_0015,telemetry_15,50,50,202,50047.31803792792,22.868347436504912,40.21362768570543,0.864078104193873
UAV_0015,telemetry_16,5,5,202,-701.1895713810628,1.899838554283686,3.4686147726639547,0.867153693165983
UAV_0015,telemetry_16,20,20,202,-701.0161406424295,1.4993169315962875,1.7343073863320342,-0.04955163960948259
UAV_0015,telemetry_16,50,50,202,-700.5305345742566,1.5308970837501612,1.7343073863320342,-0.04055739241986347
UAV_0015,telemetry_17,5,5,202,40.41581228213973,0.0,0.0,0.0
UAV_0015,telemetry_17,20,20,202,40.41581228213974,7.290014651212246e-15,0.0,0.0
UAV_0015,telemetry_17,50,50,202,40.41581228213973,1.1165671561944431e-14,0.0,0.0
UAV_0015,telemetry_18,5,5,202,-103.32816089124148,0.006134611621618304,-0.016573307712036467,-0.00374649184318514
UAV_0015,telemetry_18,20,20,202,-103.32958293198854,0.005549525099233779,-0.0014272054376220922,0.00018323767408415885
UAV_0015,telemetry_18,50,50,202,-103.32789602476703,0.00560985630815156,-0.0052728383669631285,-6.66230679275118e-05
UAV_0015,telemetry_19,5,5,202,33507.501881502816,0.46229408690478374,-0.016584061784669757,-0.11050463365318137
UAV_0015,telemetry_19,20,20,202,33507.0713787227,0.5378464514184073,1.0091639197344193,0.04558782918793714
UAV_0015,telemetry_19,50,50,202,33506.68186636461,0.6080670850561453,1.4254434324247995,0.02880209569540462
UAV_0015,telemetry_20,5,5,202,-164.8973841769026,0.0,0.0,0.0
UAV_0015,telemetry_20,20,20,202,-164.89738417690256,2.9160058604848984e-14,0.0,0.0
UAV_0015,telemetry_20,50,50,202,-164.8973841769026,0.0,0.0,0.0
UAV_0015,telemetry_21,5,5,202,34963.999502011866,0.2548777886826066,-0.5886150396254379,-0.13243838391499593
UAV_0015,telemetry_21,20,20,202,34963.76405599601,0.46875733603839587,-0.29430751981271897,0.019915546453623555
UAV_0015,telemetry_21,50,50,202,34963.45209002501,0.508922642857424,0.7357687995317974,0.020166954658911558
UAV_0015,telemetry_22,5,5,202,23229.68586130911,64.95136096763966,104.89081686201462,30.054132664768986
UAV_0015,telemetry_22,20,20,202,23223.77846877612,48.5645591569525,170.88462247102507,3.0771697139771
UAV_0015,telemetry_22,50,50,202,23187.8839571558,63.7975952168187,199.87527879816844,2.238251387827511
UAV_0015,telemetry_23,5,5,202,-17403.165043113222,5.067310933830728,-9.690104271921882,-2.313649433301907
UAV_0015,telemetry_23,20,20,202,-17409.468207929873,7.985384966749334,6.592906691166718,0.016341080908077992
UAV_0015,telemetry_23,50,50,202,-17400.602771649978,11.068174793943022,-24.672371801454574,-0.5328854209702866
UAV_0015,telemetry_24,5,5,202,-3628.93530401124,2.062358298666271,3.5510435979167596,1.1106903229233467
UAV_0015,telemetry_24,20,20,202,-3629.3555943395877,2.901361243885328,7.091172570240815,0.3030687656397109
UAV_0015,telemetry_24,50,50,202,-3637.339528877053,45.557603564265676,8.018967088501995,0.8224127074336001
UAV_0015,telemetry_25,5,5,202,-174.33291528098204,0.5920500812546023,-0.54690343560614,-0.12761080164143265
UAV_0015,telemetry_25,20,20,202,-174.18707436482038,0.40601350146871407,-1.39764211321571,-0.026088710253225168
UAV_0015,telemetry_25,50,50,202,-173.884454463785,0.43816130107434614,-1.3672585890153641,-0.02091028421797304
UAV_0015,telemetry_26,5,5,202,-7440.56279516539,5.417390105425755,8.180940870446648,2.540397428191409
UAV_0015,telemetry_26,20,20,202,-7443.892581624939,5.650480738675363,13.921952007603977,0.48928091157643266
UAV_0015,telemetry_26,50,50,202,-7448.077778743926,6.403705497799614,16.218356462466545,0.2942733415777679
UAV_0015,telemetry_27,5,5,202,969.0302044744709,1.2710574864626038e-13,0.0,0.0
UAV_0015,telemetry_27,20,20,202,969.0302044744709,1.1664023441939594e-13,0.0,0.0
UAV_0015,telemetry_27,50,50,202,969.0302044744708,0.0,0.0,0.0
UAV_0015,telemetry_28,5,5,202,-9934.110099676633,22.154428620205056,6.0946118341707916,4.385243512510533
UAV_0015,telemetry_28,20,20,202,-9919.789306986542,35.16355283034409,-22.31188861496412,-3.435696504934867
UAV_0015,telemetry_28,50,50,202,-9897.975921181142,39.73710497059351,-45.59264883682408,-1.550342503629463
UAV_0016,telemetry_01,5,5,344,91.57355266729644,8.824903290746567,0.6964518855806716,2.20217930872775
UAV_0016,telemetry_01,20,20,344,84.6656704758733,11.12477245649795,28.455964684371523,0.39800947272449516
UAV_0016,telemetry_01,50,50,344,83.8018778754527,10.825702357117343,-5.131380865060663,-0.01582833876193112
UAV_0016,telemetry_02,5,5,344,12.267461964781035,3.686514229041996,3.6753549260358405,0.5286599201587133
UAV_0016,telemetry_02,20,20,344,13.715125087524996,5.22880367739576,4.295243120954856,-0.1589256468760258
UAV_0016,telemetry_02,50,50,344,12.353909345683372,8.0831017453469,4.820523183122573,0.04642552990631609
UAV_0016,telemetry_03,5,5,344,30377.82504938608,0.0,0.0,0.0
UAV_0016,telemetry_03,20,20,344,30377.825049386087,7.46497500284134e-12,0.0,0.0
UAV_0016,telemetry_03,50,50,344,30377.82504938608,0.0,0.0,0.0
UAV_0016,telemetry_04,5,5,344,-125.87897535869936,0.008569518292680963,0.004267016796219991,0.0017068067184894176
UAV_0016,telemetry_04,20,20,344,-125.89447885305898,0.03415328546503574,0.08107331912843563,0.002898149252580653
UAV_0016,telemetry_04,50,50,344,-125.89541759675416,0.03172434704035259,0.0028446778641608716,9.753181248511094e-05
UAV_0016,telemetry_05,5,5,344,-113.52474980091411,0.0017505813550673978,0.0008240848553242586,0.000522449664298108
UAV_0016,telemetry_05,20,20,344,-113.52521134392062,0.0028529418126481904,-0.001992790154773161,-1.5927158320530827e-05
UAV_0016,telemetry_05,50,50,344,-113.52467172818,0.0025336749485015135,0.0007272924528507474,-3.6012491447448756e-05
UAV_0016,telemetry_06,5,5,344,-143.06043769905645,0.5940051460463541,0.6825513231420359,0.23281888251761984
UAV_0016,telemetry_06,20,20,344,-142.54664562507656,0.7631882263480252,-0.9568242401477391,-0.07557924653286775
UAV_0016,telemetry_06,50,50,344,-142.04515199879077,0.8580654770090852,-0.15028652986615043,-0.03199774021598907
UAV_0016,telemetry_07,5,5,344,140.7631728418209,0.0,0.0,0.0
UAV_0016,telemetry_07,20,20,344,140.70730618745432,0.04205989703421101,0.08594869902555047,0.005880700459642927
UAV_0016,telemetry_07,50,50,344,140.68925696065892,0.03012586412085803,0.08594869902555047,0.0012422837170079563
UAV_0016,telemetry_08,5,5,344,-4680.605940223165,0.0,0.0,0.0
UAV_0016,telemetry_08,20,20,344,-4680.605940223164,9.331218753551675e-13,0.0,0.0
UAV_0016,telemetry_08,50,50,344,-4680.605940223166,9.187283872526776e-13,0.0,0.0
UAV_0016,telemetry_09,5,5,344,-141.82083706047615,8.13207437880975,-8.59321670329038,-2.73745175239421
UAV_0016,telemetry_09,20,20,344,-149.490809513027,10.51845466373961,16.405919123532755,0.39877607473009674
UAV_0016,telemetry_09,50,50,344,-150.72600561362785,10.261960242724921,30.92931672570296,0.12518790198287835
UAV_0016,telemetry_10,5,5,344,-62.20356144057323,1.439826787490264,-2.4515164870427384,-0.30637173917690036
UAV_0016,telemetry_10,20,20,344,-62.35818961169883,1.2560110903462554,-1.9055250005980326,0.05197179853730032
UAV_0016,telemetry_10,50,50,344,-62.35188066975122,1.2319997255977622,-0.5276407797638782,-0.0009901194169381967
UAV_0016,telemetry_11,5,5,344,61.66041293771999,0.16180281550585396,-0.3899530202298749,-0.08851399376998685
UAV_0016,telemetry_11,20,20,344,61.68405050093255,0.11465060292424291,-0.08546915511887931,-0.006559998639833568
UAV_0016,telemetry_11,50,50,344,61.80419342391873,0.1519564256907344,-0.519225117347176,-0.008025994862981738
UAV_0016,telemetry_12,5,5,344,645.9309245161861,1.219121118939512,-0.26635131237890164,0.2530337467598883
UAV_0016,telemetry_12,20,20,344,646.0308062583282,1.1203056426252853,-0.39952696856835246,-0.010914395883190294
UAV_0016,telemetry_12,50,50,344,644.8601922404231,1.6880222817600246,1.731283530462406,0.0765608142088706
UAV_0016,telemetry_13,5,5,344,7140.250189809051,2.818791921520363,-6.876070786344826,-1.5899540394381801
UAV_0016,telemetry_13,20,20,344,7141.750595944717,3.9336493717531327,0.44437969508180686,0.035426589026668044
UAV_0016,telemetry_13,50,50,344,7139.914375959225,3.764495766248211,-0.7155238899167671,0.10552422406785916
UAV_0016,telemetry_14,5,5,344,-648.8153498138018,0.0,0.0,0.0
UAV_0016,telemetry_14,20,20,344,-648.8153498138018,0.0,0.0,0.0
UAV_0016,telemetry_14,50,50,344,-648.8153498138018,0.0,0.0,0.0
UAV_0016,telemetry_15,5,5,344,50300.808217330734,20.809016040323627,48.54006900101376,9.535317239588768
UAV_0016,telemetry_15,20,20,344,50280.22648794619,24.40650599739808,79.50209522528894,2.9260102546909743
UAV_0016,telemetry_15,50,50,344,50231.27441429343,49.004539044481106,194.59201740556455,3.164641520089479
UAV_0016,telemetry_16,5,5,344,-701.8832943355956,1.4510256638667078,-3.468614772663841,-0.8671536931659602
UAV_0016,telemetry_16,20,20,344,-701.3630021196959,1.678646597130242,-3.468614772663841,-0.17212674811715428
UAV_0016,telemetry_16,50,50,344,-699.8368116197239,2.3632028404644427,-5.202922158995875,-0.09918655928553936
UAV_0016,telemetry_17,5,5,344,40.41581228213973,0.0,0.0,0.0
UAV_0016,telemetry_17,20,20,344,40.41581228213974,7.290014651212246e-15,0.0,0.0
UAV_0016,telemetry_17,50,50,344,40.41581228213974,7.177565525411544e-15,0.0,0.0
UAV_0016,telemetry_18,5,5,344,-103.32676701138462,0.0059651436824986834,-0.010546362586055125,-0.002174077214453973
UAV_0016,telemetry_18,20,20,344,-103.30110215357533,0.0412518324826145,-0.09327320901009273,-0.0026467680388791845
UAV_0016,telemetry_18,50,50,344,-103.29050002801867,0.045147521000622914,-0.09765088422368251,-0.0008937769532110696
UAV_0016,telemetry_19,5,5,344,33511.44960794825,0.4558451036205819,-0.5494453154606163,-0.1534220041707158
UAV_0016,telemetry_19,20,20,344,33510.72982061767,0.8135438256709879,1.1321038460009731,0.09983757841187994
UAV_0016,telemetry_19,50,50,344,33509.652862389594,1.2060886976146283,3.662283041019691,0.07469043481605758
UAV_0016,telemetry_20,5,5,344,-164.8973841769026,0.0,0.0,0.0
UAV_0016,telemetry_20,20,20,344,-164.89738417690256,2.9160058604848984e-14,0.0,0.0
UAV_0016,telemetry_20,50,50,344,-164.8973841769026,0.0,0.0,0.0
UAV_0016,telemetry_21,5,5,344,34968.59069932093,0.6013531618019584,1.1772300792436,0.32373827179253567
UAV_0016,telemetry_21,20,20,344,34967.582696065576,0.8650246143663273,2.5016139184008352,0.11252283746207263
UAV_0016,telemetry_21,50,50,344,34966.4422544263,1.2101788962578732,4.4146127971835085,0.07524097169161946
UAV_0016,telemetry_22,5,5,344,23295.825348608214,47.11303963577992,6.555676053878415,11.902194080038317
UAV_0016,telemetry_22,20,20,344,23243.816985247468,69.32612847812851,139.27169572233834,7.271378432088358
UAV_0016,telemetry_22,50,50,344,23184.944100649856,81.5149669593691,228.13752667487643,4.156597676608694
UAV_0016,telemetry_23,5,5,344,-17490.806541662303,12.501045780771888,-30.917405431817315,-6.453044604925163
UAV_0016,telemetry_23,20,20,344,-17479.368444492957,13.58293555033776,-45.1805691825939,-1.6523042602179043
UAV_0016,telemetry_23,50,50,344,-17459.771522303534,21.04655588645801,-78.90205530400635,-1.3431072962450872
UAV_0016,telemetry_24,5,5,344,-3743.710068329424,2.664503643550159,-6.757983305034031,-1.215422250059828
UAV_0016,telemetry_24,20,20,344,-3735.907159110927,8.240552272605068,-27.96084813685411,-1.2803052997425852
UAV_0016,telemetry_24,50,50,344,-3721.2580315557825,14.350309053988964,-44.230427614218115,-0.9556616803715822
UAV_0016,telemetry_25,5,5,344,-174.14453743093995,0.43502586277221256,-0.85073867760957,-0.14887926858167475
UAV_0016,telemetry_25,20,20,344,-173.9986965147783,0.33087291475975417,-0.8811222018098874,-0.02348440817891096
UAV_0016,telemetry_25,50,50,344,-173.53322092402905,0.5276395699259641,-1.5799432584177566,-0.02947748969717626
UAV_0016,telemetry_26,5,5,344,-7678.269361299336,4.311256644650988,-9.185617819451181,-2.267699399176945
UAV_0016,telemetry_26,20,20,344,-7658.563340571049,14.950064159057217,-38.32124934051808,-2.4000016483149276
UAV_0016,telemetry_26,50,50,344,-7628.259413283569,29.138422821998677,-88.9856726259195,-1.9610825390554731
UAV_0016,telemetry_27,5,5,344,969.0302044744709,1.2710574864626038e-13,0.0,0.0
UAV_0016,telemetry_27,20,20,344,969.0302044744709,1.1664023441939594e-13,0.0,0.0
UAV_0016,telemetry_27,50,50,344,969.0302044744708,0.0,0.0,0.0
UAV_0016,telemetry_28,5,5,344,-9902.908738802234,15.634062621142418,-19.059366675355705,-4.088358906841313
UAV_0016,telemetry_28,20,20,344,-9887.341932344072,35.55201586827489,-5.055707754507239,-3.174038831654724
UAV_0016,telemetry_28,50,50,344,-9850.289505400484,41.92090567465683,-97.57774088810947,-2.2292770576896412
UAV_0017,telemetry_01,5,5,312,89.3056202946678,17.641497906271706,-30.120723162337427,-3.801561067579958
UAV_0017,telemetry_01,20,20,312,87.19948308944277,14.212355862438322,3.450814905616042,0.7946572282862142
UAV_0017,telemetry_01,50,50,312,86.42048103371954,12.113164959333837,19.339594462650624,0.0835904835801025
UAV_0017,telemetry_02,5,5,312,8.769982366654052,4.016246669733782,-4.0313998153195225,-1.472095787839929
UAV_0017,telemetry_02,20,20,312,9.647546045139844,5.811986711653346,3.517110567933731,0.02003379619607095
UAV_0017,telemetry_02,50,50,312,12.05672372054642,7.700124829369299,-8.85671724722478,-0.07598309349721487
UAV_0017,telemetry_03,5,5,312,30377.82504938608,0.0,0.0,0.0
UAV_0017,telemetry_03,20,20,312,30377.82504938608,1.2519143667517444e-11,0.0,0.0
UAV_0017,telemetry_03,50,50,312,30377.82504938608,1.0315973923507932e-11,0.0,0.0
UAV_0017,telemetry_04,5,5,312,-125.89433661916578,0.03390719982287329,-0.011378711456643487,-0.001706806718496523
UAV_0017,telemetry_04,20,20,312,-125.91606585626513,0.08101031069015246,-0.017068067184936808,0.0010302578694325578
UAV_0017,telemetry_04,50,50,312,-125.90891671579566,0.08662282228281822,-0.032713795437800286,0.0003507872955778358
UAV_0017,telemetry_05,5,5,312,-113.52540224180056,0.002797723407011708,-0.005306658316442281,-0.0011466340892823724
UAV_0017,telemetry_05,20,20,312,-113.52633424227406,0.0024725549897910747,0.0016198578368857852,5.471670063795878e-05
UAV_0017,telemetry_05,50,50,312,-113.52570847185466,0.0027374200314546023,-0.001740337327674979,-2.929292255153635e-05
UAV_0017,telemetry_06,5,5,312,-143.03138230328233,0.36221145280785705,-0.8015281592860788,-0.11659729942114438
UAV_0017,telemetry_06,20,20,312,-142.38621475444447,0.7447650253774815,-2.7464863333036647,-0.09916933516824786
UAV_0017,telemetry_06,50,50,312,-141.37840580903966,1.0905727689329534,-3.3639134935036736,-0.06154849819359316
UAV_0017,telemetry_07,5,5,312,140.71160362240556,0.04707604124451628,0.08594869902555047,0.025784609707665142
UAV_0017,telemetry_07,20,20,312,140.6858190126979,0.026454451377029148,0.08594869902555047,0.0023264309510675316
UAV_0017,telemetry_07,50,50,312,140.67722414279535,0.024556771150157277,0.08594869902555047,0.0007098764097188322
UAV_0017,telemetry_08,5,5,312,-4680.605940223165,0.0,0.0,0.0
UAV_0017,telemetry_08,20,20,312,-4680.605940223164,9.331218753551675e-13,0.0,0.0
UAV_0017,telemetry_08,50,50,312,-4680.605940223166,9.187283872526776e-13,0.0,0.0
UAV_0017,telemetry_09,5,5,312,-151.13014107498185,9.529539184866715,-17.54722279780836,-4.783455902132625
UAV_0017,telemetry_09,20,20,312,-152.08192816921186,8.636780648055982,2.5940964715065036,0.4748861282051543
UAV_0017,telemetry_09,50,50,312,-152.21595868658423,9.37943203148991,5.751377686014251,0.025474172902728895
UAV_0017,telemetry_10,5,5,312,-62.76598752361686,0.7699731871563911,-0.17685948891129755,-0.09361856243734934
UAV_0017,telemetry_10,20,20,312,-61.59218405547013,2.775363300968087,-0.19915879800194602,-0.0067872462553215385
UAV_0017,telemetry_10,50,50,312,-61.89508859053678,2.6660225184619084,2.9587915402633342,0.007412620547077049
UAV_0017,telemetry_11,5,5,312,61.57099083417687,0.06376198212994626,0.04220039533993969,0.014369501704361198
UAV_0017,telemetry_11,20,20,312,61.47970536759193,0.8443143578337533,0.060896773022200534,-0.01675616970952103
UAV_0017,telemetry_11,50,50,312,61.8280652481483,0.7779232340593519,-0.5154858418107224,-0.021455389421288718
UAV_0017,telemetry_12,5,5,312,646.0108299098998,0.5276849057944291,-0.9322295933259284,-0.17312835304624058
UAV_0017,telemetry_12,20,20,312,644.1530295060574,1.8156955190372654,2.6635131237885616,0.22519703065414343
UAV_0017,telemetry_12,50,50,312,643.224795182417,1.8390565312519824,3.59574271711449,0.07698288351540251
UAV_0017,telemetry_13,5,5,312,7144.81715610279,5.096023991889379,-9.290201585995419,-2.022611363226224
UAV_0017,telemetry_13,20,20,312,7142.721895924229,3.8456727404073514,0.08811979973143025,0.23164485673780386
UAV_0017,telemetry_13,50,50,312,7139.145060765266,4.637761163705689,7.628393608009901,0.219203345003535
UAV_0017,telemetry_14,5,5,312,-648.8153498138018,0.0,0.0,0.0
UAV_0017,telemetry_14,20,20,312,-648.8153498138018,0.0,0.0,0.0
UAV_0017,telemetry_14,50,50,312,-648.8153498138018,0.0,0.0,0.0
UAV_0017,telemetry_15,5,5,312,50330.66005137964,29.142247637031975,71.11397656692134,12.390978224019637
UAV_0017,telemetry_15,20,20,312,50282.810768621086,47.80122886558687,135.87518679698405,7.108105106798259
UAV_0017,telemetry_15,50,50,312,50212.02984970678,70.21452258892154,268.23476503861457,4.583842367243943
UAV_0017,telemetry_16,5,5,312,-702.5770172901284,0.9499192771418198,-1.7343073863319205,-0.3468614772663841
UAV_0017,telemetry_16,20,20,312,-701.7098635969624,1.5815313921458036,0.0,-0.036511734449093065
UAV_0017,telemetry_16,50,50,312,-699.5940085856372,2.4184043089169256,-5.202922158995875,-0.1260860207878313
UAV_0017,telemetry_17,5,5,312,40.41581228213973,0.0,0.0,0.0
UAV_0017,telemetry_17,20,20,312,40.41581228213973,2.2821355643912005e-14,0.0,0.0
UAV_0017,telemetry_17,50,50,312,40.41581228213973,2.0827311460163846e-14,0.0,0.0
UAV_0017,telemetry_18,5,5,312,-103.06493973674223,0.00475075947568637,0.004413468772895612,0.0003370182670352051
UAV_0017,telemetry_18,20,20,312,-103.06191313267848,0.01822558307695011,-0.0003027010965581667,0.0001991097031841333
UAV_0017,telemetry_18,50,50,312,-103.04934943633461,0.035961629608015536,0.01469152431765508,-0.0004276783828043881
UAV_0017,telemetry_19,5,5,312,33510.99111260058,0.36164722762186274,0.947768357800669,0.1723021699945093
UAV_0017,telemetry_19,20,20,312,33510.00881471039,0.8474834655587039,1.7824562135283486,0.12054264266075083
UAV_0017,telemetry_19,50,50,312,33508.37940688411,1.5927605345602387,5.559841165690159,0.10432536941717692
UAV_0017,telemetry_20,5,5,312,-164.8973841769026,0.0,0.0,0.0
UAV_0017,telemetry_20,20,20,312,-164.89738417690256,2.9160058604848984e-14,0.0,0.0
UAV_0017,telemetry_20,50,50,312,-164.8973841769026,0.0,0.0,0.0
UAV_0017,telemetry_21,5,5,312,34968.03151503329,0.5661118175841272,0.8829225594308809,0.14715375990490429
UAV_0017,telemetry_21,20,20,312,34966.92786183399,0.8336586729728297,2.6487676783071947,0.12657436190412205
UAV_0017,telemetry_21,50,50,312,34965.1885043919,1.638591769593851,5.886150396239827,0.10816949611721485
UAV_0017,telemetry_22,5,5,312,23214.331011174032,83.70344316064939,147.72123374733565,26.208136046495202
UAV_0017,telemetry_22,20,20,312,23199.27480850363,67.85428248505195,175.54643655378823,5.523745826581526
UAV_0017,telemetry_22,50,50,312,23142.53033339819,82.54923350262577,275.0470308826116,3.89305547681924
UAV_0017,telemetry_23,5,5,312,-17494.971158584256,10.565277819656739,-29.243168398432317,-5.583761416081325
UAV_0017,telemetry_23,20,20,312,-17477.846365386125,13.315614142834205,-32.998590086888726,-1.7587637037738937
UAV_0017,telemetry_23,50,50,312,-17449.1206695442,27.75942826037756,-112.31670941455377,-1.8209934897313604
UAV_0017,telemetry_24,5,5,312,-3742.360256057399,2.7502498395047006,-6.557031630899928,-1.6000902430540918
UAV_0017,telemetry_24,20,20,312,-3745.9691730976533,77.86883380858796,-27.257747406773888,-2.470035126402849
UAV_0017,telemetry_24,50,50,312,-3708.785305628783,76.81849318630918,-63.60553456521802,-2.3791824875582224
UAV_0017,telemetry_25,5,5,312,-174.4605260826235,0.3656136717933031,-0.8203551534092242,-0.10330398228116167
UAV_0017,telemetry_25,20,20,312,-173.98654310509815,0.4530905262850971,-1.2761080164143266,-0.055101549151295906
UAV_0017,telemetry_25,50,50,312,-173.26827659300207,0.75901394944146,-2.157230218224214,-0.04592617405898365
UAV_0017,telemetry_26,5,5,312,-7670.605111431231,11.081694469933899,-28.99210624263833,-6.071119277542675
UAV_0017,telemetry_26,20,20,312,-7645.832648374405,20.904515733325503,-64.87342584986345,-3.4193548663895745
UAV_0017,telemetry_26,50,50,312,-7603.590288427209,39.959658677417906,-135.63138811531098,-2.70082526341982
UAV_0017,telemetry_27,5,5,312,969.0302044744709,1.2710574864626038e-13,0.0,0.0
UAV_0017,telemetry_27,20,20,312,969.0302044744709,1.1664023441939594e-13,0.0,0.0
UAV_0017,telemetry_27,50,50,312,969.0302044744708,0.0,0.0,0.0
UAV_0017,telemetry_28,5,5,312,-9900.816325396314,31.62738720592412,-36.404740124286036,-7.534145524422274
UAV_0017,telemetry_28,20,20,312,-9880.807427176027,27.449816458866227,-109.86890427204162,-2.502780977966755
UAV_0017,telemetry_28,50,50,312,-9834.335090883618,48.31879830943149,-197.15415849324017,-2.742640959208724
UAV_0018,telemetry_01,5,5,447,83.36730672433458,13.028459194889969,-7.074862058355066,2.131340072068761
UAV_0018,telemetry_01,20,20,447,83.73729520155638,10.07436317881203,-0.573043960479751,0.4375853900505977
UAV_0018,telemetry_01,50,50,447,86.5810703906924,10.645039147252303,-4.917878840609234,-0.1025724697369144
UAV_0018,telemetry_02,5,5,447,10.367722489480874,2.1121530561760102,2.293992317447218,0.9808579768959449
UAV_0018,telemetry_02,20,20,447,11.76705712106519,6.870303184018281,5.550267642622693,0.11044159586631352
UAV_0018,telemetry_02,50,50,447,10.717130884023035,8.2727468996787,12.363742330903111,0.08074306876773502
UAV_0018,telemetry_03,5,5,447,30377.82504938608,0.0,0.0,0.0
UAV_0018,telemetry_03,20,20,447,30377.825049386087,7.46497500284134e-12,0.0,0.0
UAV_0018,telemetry_03,50,50,447,30377.82504938608,0.0,0.0,0.0
UAV_0018,telemetry_04,5,5,447,-125.89262981244731,0.04106842033770246,-0.055471218351030416,-0.01521902657323011
UAV_0018,telemetry_04,20,20,447,-125.89853251901545,0.042057596271619695,-0.03555847330196116,-0.0017827360900565159
UAV_0018,telemetry_04,50,50,447,-125.89777867938143,0.037373598375703795,-0.03555847330196116,-2.930052349885001e-05
UAV_0018,telemetry_05,5,5,447,-113.5241494954491,0.002503706122195453,-4.8314509086822e-05,0.0003460232681291586
UAV_0018,telemetry_05,20,20,447,-113.52441720667544,0.0018242804398279286,0.0016896959520664723,3.09893389629187e-05
UAV_0018,telemetry_05,50,50,447,-113.52533338699654,0.0024726772495845843,-3.5553123410636545e-05,2.783434695112303e-05
UAV_0018,telemetry_06,5,5,447,-142.69098331313552,0.5709888334368357,0.016281040735464103,-0.06161747724512452
UAV_0018,telemetry_06,20,20,447,-141.892773981384,1.0208877558100833,-1.1309061372426754,-0.07147367466434452
UAV_0018,telemetry_06,50,50,447,-141.31165354202412,0.9895382775455139,-2.086477989641594,-0.04090776490262662
UAV_0018,telemetry_07,5,5,447,140.67722414279535,0.0,0.0,0.0
UAV_0018,telemetry_07,20,20,447,140.67722414279532,2.9160058604848984e-14,0.0,0.0
UAV_0018,telemetry_07,50,50,447,140.67722414279535,0.0,0.0,0.0
UAV_0018,telemetry_08,5,5,447,-4680.605940223165,0.0,0.0,0.0
UAV_0018,telemetry_08,20,20,447,-4680.605940223164,9.331218753551675e-13,0.0,0.0
UAV_0018,telemetry_08,50,50,447,-4680.605940223166,9.187283872526776e-13,0.0,0.0
UAV_0018,telemetry_09,5,5,447,-151.75398733779738,5.0187233908661915,0.40887505205796515,-0.6858942167835551
UAV_0018,telemetry_09,20,20,447,-152.53175323518084,7.472602261043611,12.085978606396395,0.17213308590563886
UAV_0018,telemetry_09,50,50,447,-154.17621802025826,8.465250871157071,25.55227621412226,0.10397020251895557
UAV_0018,telemetry_10,5,5,447,-62.30903617290937,1.3388709777943453,0.9023001736100014,0.12913426248487953
UAV_0018,telemetry_10,20,20,447,-62.79863572795208,1.0980235669119867,3.1342054287619447,0.04930695208144315
UAV_0018,telemetry_10,50,50,447,-62.546048379099794,1.0342042955607094,1.0020388510141132,-0.019926555107630826
UAV_0018,telemetry_11,5,5,447,61.53893990100729,0.09885070477752109,0.09187934175279366,0.0009081097731396426
UAV_0018,telemetry_11,20,20,447,61.61487390350821,0.11691280707759553,-0.06623859521712916,-0.010304897147015676
UAV_0018,telemetry_11,50,50,447,61.740892830908805,0.1541566700312191,-0.13407973709274046,-0.007932291734635619
UAV_0018,telemetry_12,5,5,447,644.9986949228602,1.2584923350392287,3.3293914047355884,0.7324661090418431
UAV_0018,telemetry_12,20,20,447,644.8721780494801,1.2146528245555213,2.5303374675988834,0.06979205440904199
UAV_0018,telemetry_12,50,50,447,643.7122180840703,1.756998050846695,2.929864436167236,0.0730627549562604
UAV_0018,telemetry_13,5,5,447,7146.1372209639085,5.835060468732527,-0.6873361624675454,0.8199749870097548
UAV_0018,telemetry_13,20,20,447,7142.222303040547,4.349311784527431,6.5861328203018275,0.3874755977380057
UAV_0018,telemetry_13,50,50,447,7139.680284654465,4.458453889693367,6.421812781197332,0.16823730112570387
UAV_0018,telemetry_14,5,5,447,-648.8153498138018,0.0,0.0,0.0
UAV_0018,telemetry_14,20,20,447,-648.8153498138018,0.0,0.0,0.0
UAV_0018,telemetry_14,50,50,447,-648.8153498138018,0.0,0.0,0.0
UAV_0018,telemetry_15,5,5,447,50330.20363904086,36.217327637827324,71.05229922384024,21.14916094084474
UAV_0018,telemetry_15,20,20,447,50290.57286224722,39.65925238894372,127.548745481683,5.5420107060247785
UAV_0018,telemetry_15,50,50,447,50230.387494099996,61.63673841599209,220.61985618373,4.0342876149187985
UAV_0018,telemetry_16,5,5,447,-701.8832943355956,1.4510256638667078,-3.468614772663841,-0.8671536931659602
UAV_0018,telemetry_16,20,20,447,-701.6231482276457,1.4318059323106145,-3.468614772663841,-0.03520774393305428
UAV_0018,telemetry_16,50,50,447,-700.0449285060837,2.188421670764352,-3.468614772663841,-0.09269071409303536
UAV_0018,telemetry_17,5,5,447,40.41581228213973,0.0,0.0,0.0
UAV_0018,telemetry_17,20,20,447,40.41581228213974,7.290014651212246e-15,0.0,0.0
UAV_0018,telemetry_17,50,50,447,40.41581228213974,7.177565525411544e-15,0.0,0.0
UAV_0018,telemetry_18,5,5,447,-102.89502509148144,0.0030020707734433197,-0.006832391127062465,-0.0017725773573843639
UAV_0018,telemetry_18,20,20,447,-102.88422862711109,0.024476603727654585,-0.007134777059903286,-0.001219756840530107
UAV_0018,telemetry_18,50,50,447,-102.88512353817714,0.02949664873349149,-0.012420012107000389,-1.2238835189961009e-05
UAV_0018,telemetry_19,5,5,447,33510.85385996413,0.38286326160980216,0.29052612711529946,0.12706472794525325
UAV_0018,telemetry_19,20,20,447,33510.162697680644,0.658946531903886,1.3035568554405472,0.08069398939642132
UAV_0018,telemetry_19,50,50,447,33508.867283892876,1.2607401316030529,3.5500034197684727,0.0806657260665322
UAV_0018,telemetry_20,5,5,447,-164.8973841769026,0.0,0.0,0.0
UAV_0018,telemetry_20,20,20,447,-164.89738417690256,2.9160058604848984e-14,0.0,0.0
UAV_0018,telemetry_20,50,50,447,-164.8973841769026,0.0,0.0,0.0
UAV_0018,telemetry_21,5,5,447,34967.88436127339,0.3837300582064608,0.0,0.10300763193445164
UAV_0018,telemetry_21,20,20,447,34966.97936564997,0.7455782009659658,1.9129988787826733,0.1131866890106099
UAV_0018,telemetry_21,50,50,447,34965.64762412281,1.3188665940987532,4.7089203169962275,0.08671649179192482
UAV_0018,telemetry_22,5,5,447,23235.68794694066,74.7100392885893,10.9261267564616,-10.35796816512302
UAV_0018,telemetry_22,20,20,447,23225.28627426851,61.960174132965804,27.825202806448942,3.877104588186883
UAV_0018,telemetry_22,50,50,447,23185.293736706066,70.54110709246254,49.9688196995412,2.9021331679409816
UAV_0018,telemetry_23,5,5,447,-17489.57896595533,12.441441352296536,-27.57149515268975,-6.950515237069704
UAV_0018,telemetry_23,20,20,447,-17476.695140709307,14.190864789906716,-46.58970702308943,-1.9318263093856338
UAV_0018,telemetry_23,50,50,447,-17455.85568936538,21.94007725676375,-83.68157623032675,-1.4015197083256001
UAV_0018,telemetry_24,5,5,447,-3738.3327243078975,3.6184936783515664,-6.320447630334456,-1.7671126638998431
UAV_0018,telemetry_24,20,20,447,-3728.9822688582944,7.974060447348958,-23.3012435501646,-1.27936157727457
UAV_0018,telemetry_24,50,50,447,-3713.858596917564,14.712219870146155,-50.47730019751043,-0.9781415446863159
UAV_0018,telemetry_25,5,5,447,-174.4848329019838,0.38992847036930733,-0.6076704840068317,-0.2066079645623205
UAV_0018,telemetry_25,20,20,447,-174.1217497877897,0.40869421593419103,-1.70147735521914,-0.052108886241337644
UAV_0018,telemetry_25,50,50,447,-173.6401709292143,0.5277595289066941,-2.1268466940238966,-0.03094231842693099
UAV_0018,telemetry_26,5,5,447,-7660.730572275324,12.754141110307081,-27.987429293635614,-7.1906164492879725
UAV_0018,telemetry_26,20,20,447,-7642.890380166611,16.383859611697236,-53.67845413240866,-2.4852535054267584
UAV_0018,telemetry_26,50,50,447,-7609.825026522161,31.62480129345943,-111.8061918961148,-2.1133812954886997
UAV_0018,telemetry_27,5,5,447,969.0302044744709,1.2710574864626038e-13,0.0,0.0
UAV_0018,telemetry_27,20,20,447,969.0302044744709,1.1664023441939594e-13,0.0,0.0
UAV_0018,telemetry_27,50,50,447,969.0302044744708,0.0,0.0,0.0
UAV_0018,telemetry_28,5,5,447,-9909.260097248476,19.165542196930105,30.944954948994564,8.875684168719635
UAV_0018,telemetry_28,20,20,447,-9883.910785975524,35.940781709352436,-62.530987524081866,-3.4872380761556903
UAV_0018,telemetry_28,50,50,447,-9848.32682389918,45.13925997137108,-137.30822753690154,-2.458857443690408
UAV_0019,telemetry_01,5,5,229,84.47211642772216,10.127070624029109,-3.7398895722765957,-2.818762946735197
UAV_0019,telemetry_01,20,20,229,83.73791090461991,9.650330117784142,9.722516122247939,-0.19871305412930243
UAV_0019,telemetry_01,50,50,229,87.21814409861805,10.116539678441915,-0.6844870666340199,-0.2500811168784187
UAV_0019,telemetry_02,5,5,229,9.738632245102274,5.1843258230246585,6.550658521546882,0.11745816924400732
UAV_0019,telemetry_02,20,20,229,12.349317500694257,4.9634314910630115,-8.374581939462699,-0.43335531313879994
UAV_0019,telemetry_02,50,50,229,11.747944503606083,6.415332020074277,-3.750801056810653,-0.004612058738989641
UAV_0019,telemetry_03,5,5,229,30377.82504938608,0.0,0.0,0.0
UAV_0019,telemetry_03,20,20,229,30377.825049386087,1.1714303651535416e-11,0.0,0.0
UAV_0019,telemetry_03,50,50,229,30377.82504938608,6.756246356027467e-12,0.0,0.0
UAV_0019,telemetry_04,5,5,229,-125.88750939229183,0.011840491079890778,-0.008534033592482615,-0.0025602100777419425
UAV_0019,telemetry_04,20,20,229,-125.88118974237048,0.10420321818262537,0.017068067184908386,0.00016406267383004013
UAV_0019,telemetry_04,50,50,229,-125.89473877739734,0.07124700411694306,-0.045514845826531314,0.00023756613038255505
UAV_0019,telemetry_05,5,5,229,-113.52272092984148,0.0007688529409886158,-0.00013269766778023495,-0.00020674652687944218
UAV_0019,telemetry_05,20,20,229,-113.52506906527518,0.002468152799910361,0.007047917115386326,0.0002664554235587658
UAV_0019,telemetry_05,50,50,229,-113.52500795698319,0.0022816683487181418,0.0007691461797776356,2.7955043375207797e-06
UAV_0019,telemetry_06,5,5,229,-143.47021897049143,0.5786044953810494,0.7414135473396186,0.20438968061794754
UAV_0019,telemetry_06,20,20,229,-142.8100853880544,0.8100983675554398,0.07389087718416931,-0.060758697074454006
UAV_0019,telemetry_06,50,50,229,-141.97997774033882,1.1064281834788698,-1.5880276655855141,-0.05708518671417111
UAV_0019,telemetry_07,5,5,229,140.7631728418209,0.0,0.0,0.0
UAV_0019,telemetry_07,20,20,229,140.70300875250302,0.040409841967921606,0.08594869902555047,0.004911354230031455
UAV_0019,telemetry_07,50,50,229,140.68753798667842,0.028213582053755237,0.08594869902555047,0.0010565602377210525
UAV_0019,telemetry_08,5,5,229,-4680.605940223165,0.0,0.0,0.0
UAV_0019,telemetry_08,20,20,229,-4680.605940223164,9.331218753551675e-13,0.0,0.0
UAV_0019,telemetry_08,50,50,229,-4680.605940223166,9.187283872526776e-13,0.0,0.0
UAV_0019,telemetry_09,5,5,229,-159.18281686028496,11.66043143339354,-20.923620899054185,-3.361195425195606
UAV_0019,telemetry_09,20,20,229,-154.56231684533637,9.568119815843659,-12.821359766907221,-0.469776450279918
UAV_0019,telemetry_09,50,50,229,-154.3055122940726,9.873995254221374,-36.652196808891205,-0.05691783570021218
UAV_0019,telemetry_10,5,5,229,-62.22961696791202,0.6413026934861668,-0.36545664371369924,-0.0974452749345481
UAV_0019,telemetry_10,20,20,229,-63.244656976653644,3.770963440480541,1.4308239395254958,0.09373628376114532
UAV_0019,telemetry_10,50,50,229,-62.55123189666983,2.5170086221383765,-2.574561545626665,-0.02937653003853868
UAV_0019,telemetry_11,5,5,229,61.61073399130714,0.05181925473875574,-0.04006366646196824,0.002564074653567161
UAV_0019,telemetry_11,20,20,229,61.50547860022651,0.7139338165203942,-0.14529756370209412,0.00149105689078966
UAV_0019,telemetry_11,50,50,229,61.72587371300484,0.4890124555888402,-0.20619433672429466,-0.011377804960758443
UAV_0019,telemetry_12,5,5,229,646.623437928371,1.0876464891125373,1.9976348428410802,0.4661147966629187
UAV_0019,telemetry_12,20,20,229,645.5114211991893,1.3584569737478718,2.263986155219982,0.10003194025054989
UAV_0019,telemetry_12,50,50,229,644.1170720788862,1.7365002543506867,5.3270262475766685,0.08718289175655906
UAV_0019,telemetry_13,5,5,229,7140.872134737358,2.1811788100766907,5.946946776201912,1.0445767843443718
UAV_0019,telemetry_13,20,20,229,7141.6358744741065,3.9136053745499697,7.509223683213349,0.07040660841034913
UAV_0019,telemetry_13,50,50,229,7139.602464351084,4.03642898324657,4.819356540253466,0.12157048374191719
UAV_0019,telemetry_14,5,5,229,-648.8153498138018,0.0,0.0,0.0
UAV_0019,telemetry_14,20,20,229,-648.8153498138018,0.0,0.0,0.0
UAV_0019,telemetry_14,50,50,229,-648.8153498138018,0.0,0.0,0.0
UAV_0019,telemetry_15,5,5,229,50311.490733151535,16.15304769768964,26.33622549356369,8.061228740066145
UAV_0019,telemetry_15,20,20,229,50273.27545138149,28.877897919553437,89.00040605902177,4.158351393719603
UAV_0019,telemetry_15,50,50,229,50212.75270816763,56.93355523212562,178.80261757804692,3.6738964593418206
UAV_0019,telemetry_16,5,5,229,-703.9644631991939,2.6302073784507094,0.0,-0.3468614772663841
UAV_0019,telemetry_16,20,20,229,-701.796578966279,2.470366927268593,-5.2029221589957615,-0.25427815062761555
UAV_0019,telemetry_16,50,50,229,-699.6633808810907,2.7329874301687025,-5.2029221589957615,-0.1329149862466166
UAV_0019,telemetry_17,5,5,229,40.41581228213973,0.0,0.0,0.0
UAV_0019,telemetry_17,20,20,229,40.41581228213975,2.0425054758234562e-14,0.0,0.0
UAV_0019,telemetry_17,50,50,229,40.41581228213974,1.2390399173444628e-14,0.0,0.0
UAV_0019,telemetry_18,5,5,229,-103.3248992753203,0.007933487678461677,-0.007430177621884582,-0.00036811673480059427
UAV_0019,telemetry_18,20,20,229,-103.32603002019546,0.006155273076907252,-0.0065575429773474525,1.8025488080105365e-05
UAV_0019,telemetry_18,50,50,229,-103.32361562513088,0.018328490321771387,-0.000992120281722464,-9.60099346816335e-05
UAV_0019,telemetry_19,5,5,229,33511.29131964721,0.5508648338729542,1.206586555148533,0.18127863619010895
UAV_0019,telemetry_19,20,20,229,33510.74510583437,0.6960673808176474,2.550194555456983,0.08822176902395405
UAV_0019,telemetry_19,50,50,229,33509.28419682151,1.3903385559585086,4.105207132284704,0.08936028808702237
UAV_0019,telemetry_20,5,5,229,-164.8973841769026,0.0,0.0,0.0
UAV_0019,telemetry_20,20,20,229,-164.89738417690256,2.9160058604848984e-14,0.0,0.0
UAV_0019,telemetry_20,50,50,229,-164.8973841769026,0.0,0.0,0.0
UAV_0019,telemetry_21,5,5,229,34968.296391801116,0.7239007826488529,1.0300763193372404,0.2060152638674481
UAV_0019,telemetry_21,20,20,229,34967.398753865695,0.9864444596293311,3.090228958026273,0.1420642313679439
UAV_0019,telemetry_21,50,50,229,34966.03611004897,1.3734794237769476,4.561766557082592,0.08682955110322146
UAV_0019,telemetry_22,5,5,229,23249.148935104615,40.4253434050315,-65.99380560901409,-10.984399432493593
UAV_0019,telemetry_22,20,20,229,23193.62235892829,62.3370407275488,40.35382815386038,6.980343657232119
UAV_0019,telemetry_22,50,50,229,23152.127843141057,72.19434654996066,118.00216896976417,2.999951514758488
UAV_0019,telemetry_23,5,5,229,-17496.894954721898,4.947115820110117,-7.367893148450094,-1.7966020571046102
UAV_0019,telemetry_23,20,20,229,-17477.99469563936,15.140653611098703,-44.25080908016025,-2.3552928084112987
UAV_0019,telemetry_23,50,50,229,-17453.20283438842,25.166725540574518,-79.23765884441309,-1.6387428132408965
UAV_0019,telemetry_24,5,5,229,-3745.7899410682357,5.096747350615457,-11.096639134392717,-2.004363071736543
UAV_0019,telemetry_24,20,20,229,-3722.6315583602154,55.10833752982507,-35.3920457584868,-1.962714345397804
UAV_0019,telemetry_24,50,50,229,-3713.5155519181653,35.68987330546629,-51.302920249675026,-0.7401243039503613
UAV_0019,telemetry_25,5,5,229,-174.52129313102415,0.3283670473766533,-0.24306819360270993,-0.07595881050084756
UAV_0019,telemetry_25,20,20,229,-174.00629239582838,0.5481878965950704,-1.7622444036197749,-0.05946489736352476
UAV_0019,telemetry_25,50,50,229,-173.42019421400383,0.6414365403980269,-1.610326782618074,-0.03715762757907742
UAV_0019,telemetry_26,5,5,229,-7676.920223682103,11.895293338537485,-25.547499560343567,-4.607161437567811
UAV_0019,telemetry_26,20,20,229,-7652.908444600948,19.16886859801005,-69.8968105948743,-3.049426554769854
UAV_0019,telemetry_26,50,50,229,-7620.224868197119,31.698496583490716,-125.44109334685982,-2.120335293372712
UAV_0019,telemetry_27,5,5,229,969.0302044744709,1.2710574864626038e-13,0.0,0.0
UAV_0019,telemetry_27,20,20,229,969.0302044744709,1.1664023441939594e-13,0.0,0.0
UAV_0019,telemetry_27,50,50,229,969.0302044744708,0.0,0.0,0.0
UAV_0019,telemetry_28,5,5,229,-9894.370638086313,40.70972042058756,43.53915394304022,8.408623499813803
UAV_0019,telemetry_28,20,20,229,-9872.767784557087,25.951661847878707,-45.350603633103674,-1.1420596746810827
UAV_0019,telemetry_28,50,50,229,-9839.56588612083,42.158538642352305,-109.57696582102653,-2.2226629138508773
UAV_0020,telemetry_01,5,5,338,85.08292782702863,6.404675956995217,11.919887601675867,1.921297228165966
UAV_0020,telemetry_01,20,20,338,83.15047602922407,8.979537883716226,22.43407275545337,0.4839951804039422
UAV_0020,telemetry_01,50,50,338,86.11719041928276,12.563270472237456,-16.085171352183025,-0.11604471176047669
UAV_0020,telemetry_02,5,5,338,12.998570892094202,4.791099229954661,1.6417453449382506,0.13678383433387112
UAV_0020,telemetry_02,20,20,338,9.226967810273148,7.332268165384622,-10.6680397053239,0.2966300177498275
UAV_0020,telemetry_02,50,50,338,11.4163715563888,8.161952082994269,0.7407383480368779,-0.04120238913190768
UAV_0020,telemetry_03,5,5,338,30377.82504938608,0.0,0.0,0.0
UAV_0020,telemetry_03,20,20,338,30377.825049386087,7.46497500284134e-12,0.0,0.0
UAV_0020,telemetry_03,50,50,338,30377.82504938608,7.795668872339385e-12,0.0,0.0
UAV_0020,telemetry_04,5,5,338,-125.89831916817562,0.03049582238493794,0.0014223389320733304,-0.007253928553600986
UAV_0020,telemetry_04,20,20,338,-125.90194613245242,0.03040744662728332,0.017068067184936808,-7.80682270985801e-05
UAV_0020,telemetry_04,50,50,338,-125.89199252170114,0.062309540826427104,-0.015645728252863478,-0.0003730553385567915
UAV_0020,telemetry_05,5,5,338,-113.5244966920427,0.0026337893924079547,0.005169063936975249,0.0013027875842979598
UAV_0020,telemetry_05,20,20,338,-113.52521537405764,0.0026994255520093632,0.0006136638618272627,6.746366406350904e-05
UAV_0020,telemetry_05,50,50,338,-113.52572050636309,0.0027047417460025983,-0.0001227135022645598,3.481746562761432e-05
UAV_0020,telemetry_06,5,5,338,-142.3247851353617,1.0629624326288878,-0.1390150401261394,0.08854381384613816
UAV_0020,telemetry_06,20,20,338,-142.3678672739233,0.9183958144063327,-1.2310971571534424,-0.058238855257899486
UAV_0020,telemetry_06,50,50,338,-141.9402520009442,0.8927788502222479,-1.8472719296046307,-0.03325584113827772
UAV_0020,telemetry_07,5,5,338,140.74598310201583,0.03843742671976016,0.0,-0.008594869902555046
UAV_0020,telemetry_07,20,20,338,140.6944138826005,0.035272601836038864,0.08594869902555047,0.0037481387544976894
UAV_0020,telemetry_07,50,50,338,140.6841000387174,0.023554027438540123,0.08594869902555047,0.0007346395402904193
UAV_0020,telemetry_08,5,5,338,-4680.605940223165,0.0,0.0,0.0
UAV_0020,telemetry_08,20,20,338,-4680.605940223164,9.331218753551675e-13,0.0,0.0
UAV_0020,telemetry_08,50,50,338,-4680.605940223166,9.187283872526776e-13,0.0,0.0
UAV_0020,telemetry_09,5,5,338,-154.81626497932274,7.753627600281869,8.97879530169294,3.355070959726987
UAV_0020,telemetry_09,20,20,338,-155.9039399462893,10.305833541866205,12.775249131284426,0.64286619421949
UAV_0020,telemetry_09,50,50,338,-153.1767451231049,9.103195218862,-21.296152629652852,-0.06950895109527827
UAV_0020,telemetry_10,5,5,338,-62.814845187184645,0.9917181232686295,0.3544243546510586,0.2547965018047094
UAV_0020,telemetry_10,20,20,338,-62.65022925076645,1.399201040538349,1.1459107738325827,-0.001542682330811209
UAV_0020,telemetry_10,50,50,338,-62.937877348919926,2.3583374560897283,0.5497355857869266,0.0041281816459597664
UAV_0020,telemetry_11,5,5,338,61.47911149242408,0.07995389211214464,-0.14155828816564053,-0.036805154923065686
UAV_0020,telemetry_11,20,20,338,61.62438234701519,0.11374553502124986,-0.2163437988946484,-0.011276867802032972
UAV_0020,telemetry_11,50,50,338,61.815648682408955,0.5095780901543991,-0.573711703735448,-0.009657844154173229
UAV_0020,telemetry_12,5,5,338,646.3837217472301,0.97863721147322,1.0654052495153792,0.13317565618940536
UAV_0020,telemetry_12,20,20,338,645.4181982398568,1.269955477771409,2.929864436167236,0.13948397674575938
UAV_0020,telemetry_12,50,50,338,644.3168355631703,1.8143277429534346,6.392431497092275,0.07492369689869081
UAV_0020,telemetry_13,5,5,338,7144.6961749516195,2.6117743394264985,2.816123401908044,0.30703964365775394
UAV_0020,telemetry_13,20,20,338,7142.58043249701,2.987077869238054,1.8150569630934115,0.1455690188384782
UAV_0020,telemetry_13,50,50,338,7140.208986438336,3.9411628702500767,6.683767074709067,0.16388967097663912
UAV_0020,telemetry_14,5,5,338,-648.8153498138018,0.0,0.0,0.0
UAV_0020,telemetry_14,20,20,338,-648.8153498138018,0.0,0.0,0.0
UAV_0020,telemetry_14,50,50,338,-648.8153498138018,0.0,0.0,0.0
UAV_0020,telemetry_15,5,5,338,50322.30893912711,21.342526431822634,24.91764660280751,0.9683342862976133
UAV_0020,telemetry_15,20,20,338,50281.941118083705,37.1018766263015,135.9985414831317,5.252127193566817
UAV_0020,telemetry_15,50,50,338,50232.774407277044,54.27877783070208,176.27384651191824,3.3958493695295493
UAV_0020,telemetry_16,5,5,338,-702.5770172901283,1.9774146614635726,-5.2029221589957615,-1.2140151704323443
UAV_0020,telemetry_16,20,20,338,-701.7098635969624,1.5815313921458038,-5.2029221589957615,-0.12779107057182573
UAV_0020,telemetry_16,50,50,338,-700.0449285060837,2.2710117034637336,-5.2029221589957615,-0.10118528088323267
UAV_0020,telemetry_17,5,5,338,40.41581228213973,0.0,0.0,0.0
UAV_0020,telemetry_17,20,20,338,40.41581228213974,7.290014651212246e-15,0.0,0.0
UAV_0020,telemetry_17,50,50,338,40.41581228213973,1.218073261303029e-14,0.0,0.0
UAV_0020,telemetry_18,5,5,338,-103.0494733491394,0.04023113781672894,0.008829523487136726,0.009936843018613218
UAV_0020,telemetry_18,20,20,338,-103.07591209362859,0.041787223416582045,0.09257901088354004,0.002388898639827662
UAV_0020,telemetry_18,50,50,338,-103.09799984149414,0.047382549353734926,0.07782187244863792,0.0014211424485841323
UAV_0020,telemetry_19,5,5,338,33510.95614879449,0.3431669677464413,-0.1173511081651668,-0.05122530674561858
UAV_0020,telemetry_19,20,20,338,33510.37611168608,0.6061905370145242,1.3391416310842033,0.07766594138808607
UAV_0020,telemetry_19,50,50,338,33509.075610602245,1.2608695617354662,3.4508338548912434,0.08107771329999218
UAV_0020,telemetry_20,5,5,338,-164.8973841769026,0.0,0.0,0.0
UAV_0020,telemetry_20,20,20,338,-164.89738417690256,2.9160058604848984e-14,0.0,0.0
UAV_0020,telemetry_20,50,50,338,-164.8973841769026,0.0,0.0,0.0
UAV_0020,telemetry_21,5,5,338,34968.06094578527,1.0384510613948128,1.3243838391572353,0.11772300792508758
UAV_0020,telemetry_21,20,20,338,34967.21481166581,0.9297938495138406,2.795921438213554,0.11606337905375534
UAV_0020,telemetry_21,50,50,338,34965.924273191435,1.4070088174789805,5.0032278368016705,0.08937338560819276
UAV_0020,telemetry_22,5,5,338,23315.40496775579,51.8439156196257,-5.098859153014928,-1.4131123938350356
UAV_0020,telemetry_22,20,20,338,23259.426778340196,63.17173898923193,-24.911569004725607,4.429051983934296
UAV_0020,telemetry_22,50,50,338,23194.663983012404,80.29136896325753,192.73687598394827,3.865640036557705
UAV_0020,telemetry_23,5,5,338,-17496.763608491103,6.690346218046368,-2.5004782956675626,0.40048413640106445
UAV_0020,telemetry_23,20,20,338,-17481.094384816814,15.092770791190803,-36.3269781301351,-2.1393681610688806
UAV_0020,telemetry_23,50,50,338,-17457.76830172332,23.593466552128454,-77.35623484326425,-1.5155325711156953
UAV_0020,telemetry_24,5,5,338,-3742.434424676182,2.8682373470806835,0.9391607428901807,0.4055408298119801
UAV_0020,telemetry_24,20,20,338,-3733.7258838520124,7.481854349645119,-23.61763658153768,-1.1680050810434448
UAV_0020,telemetry_24,50,50,338,-3722.9022267344712,36.888382504766625,-44.20139383100468,-0.7942891028279218
UAV_0020,telemetry_25,5,5,338,-174.39368232938273,0.5189271113984101,-1.1545739196129432,-0.20660796456231195
UAV_0020,telemetry_25,20,20,338,-174.01540745308847,0.49894802934928234,-1.3976421132156815,-0.05983041344413045
UAV_0020,telemetry_25,50,50,338,-173.55813541387334,0.5776702980626274,-2.4002984118269524,-0.030730764476916562
UAV_0020,telemetry_26,5,5,338,-7672.298709716693,8.923071715754029,-22.533468713337243,-4.01870779600913
UAV_0020,telemetry_26,20,20,338,-7653.683481104464,15.790108449317271,-48.798594665826386,-2.488059262749422
UAV_0020,telemetry_26,50,50,338,-7621.955783054972,30.889409360127523,-98.17129044536796,-2.080161999352928
UAV_0020,telemetry_27,5,5,338,969.0302044744709,1.2710574864626038e-13,0.0,0.0
UAV_0020,telemetry_27,20,20,338,969.0302044744709,1.1664023441939594e-13,0.0,0.0
UAV_0020,telemetry_27,50,50,338,969.0302044744708,0.0,0.0,0.0
UAV_0020,telemetry_28,5,5,338,-9926.097999662441,25.929933059885617,-62.84004324552188,-12.954808190993754
UAV_0020,telemetry_28,20,20,338,-9884.312938086741,41.89152914844441,-70.45478683392139,-4.669071856433465
UAV_0020,telemetry_28,50,50,338,-9848.218386897794,47.45598931988625,-157.20782078467892,-2.49250111854849
UAV_0021,telemetry_01,5,5,220,92.58440720816199,13.921819909522885,33.96667302019024,5.8032122066990555
UAV_0021,telemetry_01,20,20,220,88.71486150912507,11.989247646567186,33.2854502117017,0.8017271701474351
UAV_0021,telemetry_01,50,50,220,86.18672513316014,10.391290811494123,26.6776035879291,0.20574144410447906
UAV_0021,telemetry_02,5,5,220,1.9493687142903808,6.390840854531489,-2.8795922209698768,0.22965433915519579
UAV_0021,telemetry_02,20,20,220,8.970693934414005,8.744191693524535,2.840004205874582,-0.51139722600768
UAV_0021,telemetry_02,50,50,220,10.92952998386686,8.620208865048836,-7.166183615281012,-0.1219656523938087
UAV_0021,telemetry_03,5,5,220,30377.82504938608,0.0,0.0,0.0
UAV_0021,telemetry_03,20,20,220,30377.825049386087,7.46497500284134e-12,0.0,0.0
UAV_0021,telemetry_03,50,50,220,30377.82504938608,0.0,0.0,0.0
UAV_0021,telemetry_04,5,5,220,-125.8946210869522,0.02541572817055847,-0.01564572825287769,-0.006827226873980408
UAV_0021,telemetry_04,20,20,220,-125.89995485794752,0.02349534523204792,0.01849040611702435,0.00035398059136700733
UAV_0021,telemetry_04,50,50,220,-125.89775023260279,0.02468084060202736,-0.02275742291325855,-0.00013782856974463295
UAV_0021,telemetry_05,5,5,220,-113.52390042864029,0.0012099290461711314,-0.0018329635667129196,-0.0005469689882261264
UAV_0021,telemetry_05,20,20,220,-113.52583132591613,0.0024037596452170067,0.004500706201000071,0.0001684021223798283
UAV_0021,telemetry_05,50,50,220,-113.52556393979435,0.0024603456444603137,-0.00271973456013086,-1.3853352654430993e-06
UAV_0021,telemetry_06,5,5,220,-142.89487203865392,0.8534421102439642,-0.7213753433574936,-0.2176649907561341
UAV_0021,telemetry_06,20,20,220,-142.38183139732342,0.9599010397598157,-0.8353426285059413,-0.07402176582861611
UAV_0021,telemetry_06,50,50,220,-141.40783692113845,1.2471466719981674,-1.788409705407048,-0.06483561761574327
UAV_0021,telemetry_07,5,5,220,140.71160362240556,0.04707604124451628,0.08594869902555047,0.025784609707665142
UAV_0021,telemetry_07,20,20,220,140.6858190126979,0.026454451377029148,0.08594869902555047,0.0023264309510675316
UAV_0021,telemetry_07,50,50,220,140.67550516881485,0.02740033916952288,0.08594869902555047,0.0008543280047197574
UAV_0021,telemetry_08,5,5,220,-4680.605940223165,0.0,0.0,0.0
UAV_0021,telemetry_08,20,20,220,-4680.605940223164,9.331218753551675e-13,0.0,0.0
UAV_0021,telemetry_08,50,50,220,-4680.605940223166,9.187283872526776e-13,0.0,0.0
UAV_0021,telemetry_09,5,5,220,-154.81869862131487,18.31446537532698,26.069089675089884,9.098005515605067
UAV_0021,telemetry_09,20,20,220,-155.54354763052316,9.946074240903679,9.879341415566842,0.3296313523783271
UAV_0021,telemetry_09,50,50,220,-157.29075158957693,8.800709382183497,4.45190160015909,0.10654580424087735
UAV_0021,telemetry_10,5,5,220,-61.92016392165434,0.8291783797393681,0.1677197819536218,-0.16021224354430003
UAV_0021,telemetry_10,20,20,220,-62.41815493225731,0.945641355416523,-0.7336463748066606,0.006910817679366638
UAV_0021,telemetry_10,50,50,220,-62.31862276580838,1.1910008899312554,0.4293698906826151,-0.007534920612485422
UAV_0021,telemetry_11,5,5,220,61.55389700315309,0.14504517907355896,0.08600333733836862,0.003311929760856458
UAV_0021,telemetry_11,20,20,220,61.65234678620565,0.1563150997517048,-0.2980736784770883,-0.015190053790394318
UAV_0021,telemetry_11,50,50,220,61.830795698449464,0.22648933128456578,-0.48717418417759006,-0.012269646148863101
UAV_0021,telemetry_12,5,5,220,645.2117759727631,1.8294089330327667,2.7966887799780125,0.8123715027555136
UAV_0021,telemetry_12,20,20,220,644.5259213433876,1.4411466374225026,2.530337467599111,0.05236907382486316
UAV_0021,telemetry_12,50,50,220,642.9770884619047,1.846138083235951,3.995269685682615,0.09406390045090815
UAV_0021,telemetry_13,5,5,220,7144.466588161473,2.743595034942377,5.480750896214886,1.0570791252487652
UAV_0021,telemetry_13,20,20,220,7141.532641197443,3.8842443253413097,7.466912059272545,0.3974424237031968
UAV_0021,telemetry_13,50,50,220,7138.748819987813,3.9692979143289704,13.810354526219271,0.18531157011816374
UAV_0021,telemetry_14,5,5,220,-648.8153498138018,0.0,0.0,0.0
UAV_0021,telemetry_14,20,20,220,-648.8153498138018,0.0,0.0,0.0
UAV_0021,telemetry_14,50,50,220,-648.8153498138018,0.0,0.0,0.0
UAV_0021,telemetry_15,5,5,220,50332.880435730374,26.09638283665211,36.63634178729262,8.141409286065027
UAV_0021,telemetry_15,20,20,220,50267.57029714693,49.2907527628893,147.34717260915204,7.628977225167844
UAV_0021,telemetry_15,50,50,220,50197.67013069176,70.44004590135276,226.5408811190573,4.573888103134429
UAV_0021,telemetry_16,5,5,220,-703.270740244661,1.7343073863319205,0.0,-0.17343073863319206
UAV_0021,telemetry_16,20,20,220,-700.8427099037964,2.3471394621173025,0.0,-0.2607981032078127
UAV_0021,telemetry_16,50,50,220,-698.9349717788313,2.580731975606542,-5.202922158995875,-0.13449730751145733
UAV_0021,telemetry_17,5,5,220,40.41581228213973,0.0,0.0,0.0
UAV_0021,telemetry_17,20,20,220,40.41581228213974,7.290014651212246e-15,0.0,0.0
UAV_0021,telemetry_17,50,50,220,40.41581228213974,7.177565525411544e-15,0.0,0.0
UAV_0021,telemetry_18,5,5,220,-103.04822947576267,0.03693420764425558,0.0046213591434991486,0.010324635506418645
UAV_0021,telemetry_18,20,20,220,-103.0537917036088,0.03222720139755069,0.0068703188796206405,0.0016532949111207882
UAV_0021,telemetry_18,50,50,220,-103.04739801932034,0.038056227567559525,0.01643170970579888,-0.00014453806227642159
UAV_0021,telemetry_19,5,5,220,33511.20073268083,0.25181159925527036,0.3503686934709549,0.027199905997258612
UAV_0021,telemetry_19,20,20,220,33509.86643057214,1.0675333145973447,2.7600473593192874,0.1695830577996597
UAV_0021,telemetry_19,50,50,220,33508.1524840199,1.7212924674444146,5.485464095545467,0.11324253932914775
UAV_0021,telemetry_20,5,5,220,-164.8973841769026,0.0,0.0,0.0
UAV_0021,telemetry_20,20,20,220,-164.89738417690256,2.9160058604848984e-14,0.0,0.0
UAV_0021,telemetry_20,50,50,220,-164.8973841769026,0.0,0.0,0.0
UAV_0021,telemetry_21,5,5,220,34968.00208428131,0.43404123395690514,1.0300763193445164,0.16186913589699542
UAV_0021,telemetry_21,20,20,220,34966.70713119413,1.0551091472678582,3.8259977575507946,0.16463518401483032
UAV_0021,telemetry_21,50,50,220,34964.92068454887,1.7028596743052733,5.738996636333468,0.11057907268999999
UAV_0021,telemetry_22,5,5,220,23258.618244960213,59.890892715464574,-68.61607603056837,-25.68368196218544
UAV_0021,telemetry_22,20,20,220,23206.070859346153,73.30912339170587,89.73992109305254,4.61077072367313
UAV_0021,telemetry_22,50,50,220,23133.422314133993,97.81010250921695,226.97207315418564,4.596944631991729
UAV_0021,telemetry_23,5,5,220,-17494.416234864206,9.801226420964673,1.2472662696272891,-2.5047393447977813
UAV_0021,telemetry_23,20,20,220,-17472.21718685786,19.098504498327884,-45.08489348391595,-2.9844170700540555
UAV_0021,telemetry_23,50,50,220,-17442.26714684071,30.28008752723828,-99.7710489715646,-2.0005596833687678
UAV_0021,telemetry_24,5,5,220,-3740.1730366774536,2.750297876266301,-4.460473962265041,-0.729515981843815
UAV_0021,telemetry_24,20,20,220,-3726.018081018324,10.303405229973366,-31.1373951986252,-1.6519936926390875
UAV_0021,telemetry_24,50,50,220,-3705.4830406649,19.455149431080603,-68.44789547227401,-1.307307960820695
UAV_0021,telemetry_25,5,5,220,-174.33899198582213,0.19993190066783964,-0.24306819360270993,-0.006076704840066327
UAV_0021,telemetry_25,20,20,220,-173.88627747523705,0.47363226865190633,-0.6988210566078408,-0.05752309318530787
UAV_0021,telemetry_25,50,50,220,-173.23971608025377,0.6818954415790226,-1.5191762100170365,-0.0411829886003855
UAV_0021,telemetry_26,5,5,220,-7667.504965417169,5.956385515182595,-9.472668376306501,-1.736655868989601
UAV_0021,telemetry_26,20,20,220,-7638.390862687865,22.98794394292461,-65.16047640672059,-3.745578112021629
UAV_0021,telemetry_26,50,50,220,-7596.775708207404,39.95825058057132,-141.3723992524683,-2.6766620160646415
UAV_0021,telemetry_27,5,5,220,969.0302044744709,1.2710574864626038e-13,0.0,0.0
UAV_0021,telemetry_27,20,20,220,969.0302044744709,1.1664023441939594e-13,0.0,0.0
UAV_0021,telemetry_27,50,50,220,969.0302044744708,0.0,0.0,0.0
UAV_0021,telemetry_28,5,5,220,-9904.850198330885,48.78560376500936,-67.02977484405346,-13.749027755877796
UAV_0021,telemetry_28,20,20,220,-9879.985143704578,35.94699697637735,-114.93097261974071,-2.9023517614466736
UAV_0021,telemetry_28,50,50,220,-9824.315792449848,58.10124647504633,-263.7113508161583,-3.4816334978700687
UAV_0022,telemetry_01,5,5,192,90.88630853075483,11.047121809132314,6.717436398196057,-0.44077872506249915
UAV_0022,telemetry_01,20,20,192,88.06001597886672,13.07573793276181,7.602307595939351,0.20013374405699483
UAV_0022,telemetry_01,50,50,192,89.33498092588201,12.018988830352184,-17.48734225298621,-0.09428667743161337
UAV_0022,telemetry_02,5,5,192,9.134990261691367,9.151826722414711,0.2102849061026575,-1.9897344208449712
UAV_0022,telemetry_02,20,20,192,10.455235307876048,8.425198686110097,4.952147988290025,-0.3041344243657007
UAV_0022,telemetry_02,50,50,192,11.515025232378541,8.307281885163395,-8.384545681539196,-0.09503088624524253
UAV_0022,telemetry_03,5,5,192,30377.825049386087,1.791496797849705e-11,0.0,0.0
UAV_0022,telemetry_03,20,20,192,30377.825049386087,1.0457628036216096e-11,0.0,0.0
UAV_0022,telemetry_03,50,50,192,30377.82504938608,8.084809807823562e-12,0.0,0.0
UAV_0022,telemetry_04,5,5,192,-126.02471872434732,0.23089347877079383,-0.008534033592439982,0.04627394479412885
UAV_0022,telemetry_04,20,20,192,-125.93390160622835,0.12185328342003984,0.0028446778641608716,-0.005679068578054435
UAV_0022,telemetry_04,50,50,192,-125.9211471539763,0.10161142310655305,-0.031291456505698534,-0.0017238275037637313
UAV_0022,telemetry_05,5,5,192,-113.52607958064752,0.0021883733970011767,-0.0010614953307026553,-0.00029330736316381947
UAV_0022,telemetry_05,20,20,192,-113.52557849297202,0.002369516437072257,-0.006372290519806256,-8.92651890471231e-05
UAV_0022,telemetry_05,50,50,192,-113.525606417833,0.0025640722610746594,-0.006415863016300705,-4.485277099066651e-06
UAV_0022,telemetry_06,5,5,192,-134.65290826324517,0.582751778488083,1.3989171155039912,0.32436842696108104
UAV_0022,telemetry_06,20,20,192,-134.7327479822366,0.6348464002552467,0.4220546713740987,0.011718771078848032
UAV_0022,telemetry_06,50,50,192,-135.66406108393952,1.0397468867266757,2.430884620584777,0.04932062322575731
UAV_0022,telemetry_07,5,5,192,140.5912754437698,0.0,0.0,0.0
UAV_0022,telemetry_07,20,20,192,140.59127544376983,2.9160058604848984e-14,0.0,0.0
UAV_0022,telemetry_07,50,50,192,140.59127544376977,2.8710262101646174e-14,0.0,0.0
UAV_0022,telemetry_08,5,5,192,-4680.605940223165,0.0,0.0,0.0
UAV_0022,telemetry_08,20,20,192,-4680.605940223164,9.331218753551675e-13,0.0,0.0
UAV_0022,telemetry_08,50,50,192,-4680.605940223166,9.187283872526776e-13,0.0,0.0
UAV_0022,telemetry_09,5,5,192,-150.4179164341734,11.449164177633792,4.176908680801262,2.549939131772473
UAV_0022,telemetry_09,20,20,192,-154.21777749117035,9.75996240154011,20.806379809257123,0.32922626629949464
UAV_0022,telemetry_09,50,50,192,-151.82766166966084,11.049690333265415,-0.24330993483471275,-0.1556746051045131
UAV_0022,telemetry_10,5,5,192,-65.28181012677469,5.1048037453141175,-1.0047185625996917,0.9101296946470839
UAV_0022,telemetry_10,20,20,192,-62.964917397703815,2.8183101263721015,-1.5373791310972393,-0.17725056892930077
UAV_0022,telemetry_10,50,50,192,-62.473402971988655,2.50959660209559,-1.397003264817748,-0.018912040102719716
UAV_0022,telemetry_11,5,5,192,63.882784448331606,1.8091166600959625,0.043802941998428935,-0.3940461256364912
UAV_0022,telemetry_11,20,20,192,63.19211698505241,0.9296075182939689,0.27083038528293457,0.04888735623060972
UAV_0022,telemetry_11,50,50,192,62.89514061713114,0.7850119064075561,0.3322613405246244,0.015388309608086303
UAV_0022,telemetry_12,5,5,192,630.2961024795483,1.4075098146534162,-1.3317565618942808,-0.599290452852415
UAV_0022,telemetry_12,20,20,192,631.4014604259204,1.5485673451427657,-0.6658782809470267,-0.14198727855382748
UAV_0022,telemetry_12,50,50,192,633.2233034025918,2.1344917323856425,-4.261620998061517,-0.10429588363953168
UAV_0022,telemetry_13,5,5,192,7147.1249696588475,2.5968812175071627,-2.5381117212282334,-0.22728103497929625
UAV_0022,telemetry_13,20,20,192,7145.4886094143485,4.042561925315106,3.090428451875596,0.2203577020574525
UAV_0022,telemetry_13,50,50,192,7142.215945825936,4.478546420555089,4.658378929194441,0.22785599879949237
UAV_0022,telemetry_14,5,5,192,-648.8153498138018,0.0,0.0,0.0
UAV_0022,telemetry_14,20,20,192,-648.8153498138018,0.0,0.0,0.0
UAV_0022,telemetry_14,50,50,192,-648.8153498138018,0.0,0.0,0.0
UAV_0022,telemetry_15,5,5,192,50078.47373100947,16.159463885978717,-8.264763972227229,-2.812486844279192
UAV_0022,telemetry_15,20,20,192,50089.17783390035,20.305112129752068,-15.542690455222328,-0.886437904437956
UAV_0022,telemetry_15,50,50,192,50083.54977634465,21.629164729622293,-29.543447333526274,0.16270083274399616
UAV_0022,telemetry_16,5,5,192,-702.2301558128619,1.5512116838872658,3.468614772663841,0.6937229545327682
UAV_0022,telemetry_16,20,20,192,-700.8427099037963,1.899838554283657,-1.7343073863319205,-0.16951876708507715
UAV_0022,telemetry_16,50,50,192,-699.2818332560976,2.250375588146503,-5.202922158995875,-0.11001296793971288
UAV_0022,telemetry_17,5,5,192,40.415812282139726,3.6230712748823524e-14,0.0,0.0
UAV_0022,telemetry_17,20,20,192,40.41581228213973,1.7931065148788005e-14,0.0,0.0
UAV_0022,telemetry_17,50,50,192,40.41581228213974,1.7345370844407032e-14,0.0,0.0
UAV_0022,telemetry_18,5,5,192,-103.33111216186819,0.006986911776531426,-0.0022940390030470326,-0.0012296971334706086
UAV_0022,telemetry_18,20,20,192,-103.32874259687833,0.005880134700357974,-0.010976147703829042,-0.00013237379595547755
UAV_0022,telemetry_18,50,50,192,-103.32862547727012,0.0057953148097724845,-0.005790275290380009,4.5536009129514845e-05
UAV_0022,telemetry_19,5,5,192,33507.337632504656,0.1767772296350238,0.3408131914329715,0.07006677915123874
UAV_0022,telemetry_19,20,20,192,33506.64752117607,0.6068718411891456,1.7689351344524766,0.08830391963057814
UAV_0022,telemetry_19,50,50,192,33505.985107553584,0.7868997679278878,2.9871813504505553,0.045676098938000044
UAV_0022,telemetry_20,5,5,192,-164.8973841769026,0.0,0.0,0.0
UAV_0022,telemetry_20,20,20,192,-164.89738417690256,2.9160058604848984e-14,0.0,0.0
UAV_0022,telemetry_20,50,50,192,-164.8973841769026,0.0,0.0,0.0
UAV_0022,telemetry_21,5,5,192,34963.70519449205,0.6155883433392185,0.0,0.14715375990635948
UAV_0022,telemetry_21,20,20,192,34963.3152370283,0.6063077029073757,1.4715375990563189,0.04835052111195825
UAV_0022,telemetry_21,50,50,192,34962.65157357112,0.8203200926481476,2.3544601584944758,0.04489867901278425
UAV_0022,telemetry_22,5,5,192,23207.62965343007,73.02645469417038,5.535904223273974,21.619162808781766
UAV_0022,telemetry_22,20,20,192,23184.604662311962,75.17261206808071,73.860616873666,4.636511473425333
UAV_0022,telemetry_22,50,50,192,23150.91868511334,72.31459845449713,39.04269294308324,2.684992247879861
UAV_0022,telemetry_23,5,5,192,-17422.456738454082,11.711396137031011,-2.2368235838112014,2.6755571521840467
UAV_0022,telemetry_23,20,20,192,-17420.673305391207,7.5593750920605025,-6.994720100457926,-0.3032654544703886
UAV_0022,telemetry_23,50,50,192,-17412.72684476376,10.087317514784333,-21.150868889035337,-0.4753466561323148
UAV_0022,telemetry_24,5,5,192,-3557.6223565656446,154.37390029653034,0.5557536281062312,-34.29738798355525
UAV_0022,telemetry_24,20,20,192,-3613.9601062941824,78.34594257091634,3.743225173715473,3.8585355769531486
UAV_0022,telemetry_24,50,50,192,-3620.799503913333,71.07145544129608,14.213309578218741,1.0634306182587743
UAV_0022,telemetry_25,5,5,192,-174.2660715277413,0.22736947552086256,0.09115057260100912,-0.03646022904041217
UAV_0022,telemetry_25,20,20,192,-173.9166609994374,0.3392687638196616,-0.6076704840068317,-0.04276538143085647
UAV_0022,telemetry_25,50,50,192,-173.3296513118868,0.606450508014542,-1.7622444036197749,-0.03695482758561543
UAV_0022,telemetry_26,5,5,192,-7443.835171513568,3.0564482272833406,6.028061694015378,1.6505407019326412
UAV_0022,telemetry_26,20,20,192,-7446.798968513123,4.114493057959935,0.4305758352884368,0.34888513169976076
UAV_0022,telemetry_26,50,50,192,-7454.800502785535,8.175929054342287,27.700378736779385,0.49896485511144206
UAV_0022,telemetry_27,5,5,192,969.0302044744709,1.2710574864626038e-13,0.0,0.0
UAV_0022,telemetry_27,20,20,192,969.0302044744709,1.1664023441939594e-13,0.0,0.0
UAV_0022,telemetry_27,50,50,192,969.0302044744708,0.0,0.0,0.0
UAV_0022,telemetry_28,5,5,192,-9923.91641970761,39.37013624254697,-97.82572486405843,-14.874094125351439
UAV_0022,telemetry_28,20,20,192,-9897.899011153486,36.509855971233485,-111.94474448939945,-4.185051979614861
UAV_0022,telemetry_28,50,50,192,-9857.828670507712,49.50055439789885,-209.17439199288492,-2.812960110153678
UAV_0023,telemetry_01,5,5,196,90.01972978665034,12.838501982832538,30.847355451176867,6.140075485572416
UAV_0023,telemetry_01,20,20,196,86.71723031032343,10.261801656646318,12.482494547473735,0.4374613634944575
UAV_0023,telemetry_01,50,50,196,88.43583862959913,10.563634084071808,-11.319886850651415,-0.06875113478288948
UAV_0023,telemetry_02,5,5,196,12.912187354874296,2.839721703981049,1.0529542556405431,0.8499715340233396
UAV_0023,telemetry_02,20,20,196,11.590082997449105,7.69480238034913,19.763106459749398,0.2648028741629792
UAV_0023,telemetry_02,50,50,196,12.509358644240733,7.611348406365814,1.9251037291225153,0.0037250360724481045
UAV_0023,telemetry_03,5,5,196,30377.82504938608,0.0,0.0,0.0
UAV_0023,telemetry_03,20,20,196,30377.825049386087,7.46497500284134e-12,0.0,0.0
UAV_0023,telemetry_03,50,50,196,30377.82504938608,0.0,0.0,0.0
UAV_0023,telemetry_04,5,5,196,-125.90230171718542,0.01599736155650239,0.034136134369859406,0.009245203058503649
UAV_0023,telemetry_04,20,20,196,-125.88509141610727,0.022517069719083047,0.007111694660395074,-0.0013645898325800184
UAV_0023,telemetry_04,50,50,196,-125.88841968920835,0.027433922634660712,-0.06258291301145391,1.8850686446726417e-05
UAV_0023,telemetry_05,5,5,196,-113.52705000937753,0.0025127564755422446,-0.0007940974643219079,-0.0001665789625491243
UAV_0023,telemetry_05,20,20,196,-113.5257662155457,0.002395024289066236,-0.005435452532964291,-6.94374530667119e-05
UAV_0023,telemetry_05,50,50,196,-113.52591304418407,0.002548090697775164,0.0001330024298056287,1.8602623947017496e-05
UAV_0023,telemetry_06,5,5,196,-134.58628123500452,0.6160968751184674,0.8491188937436505,0.25285708649976757
UAV_0023,telemetry_06,20,20,196,-134.708138562971,0.6675745593107075,0.6625131191598825,0.03972423276273673
UAV_0023,telemetry_06,50,50,196,-135.3077317216269,0.8935691690170671,2.5235613140022224,0.03663569438557886
UAV_0023,telemetry_07,5,5,196,140.5912754437698,0.0,0.0,0.0
UAV_0023,telemetry_07,20,20,196,140.59127544376983,2.9160058604848984e-14,0.0,0.0
UAV_0023,telemetry_07,50,50,196,140.59127544376977,2.8710262101646174e-14,0.0,0.0
UAV_0023,telemetry_08,5,5,196,-4680.605940223165,0.0,0.0,0.0
UAV_0023,telemetry_08,20,20,196,-4680.605940223164,9.331218753551675e-13,0.0,0.0
UAV_0023,telemetry_08,50,50,196,-4680.605940223166,9.187283872526776e-13,0.0,0.0
UAV_0023,telemetry_09,5,5,196,-154.76544473157816,9.817525141529202,-19.540296448612935,-3.430164424459093
UAV_0023,telemetry_09,20,20,196,-152.38555992263954,11.498443883415739,-16.588351216745338,-0.6512588885285605
UAV_0023,telemetry_09,50,50,196,-153.59757009754716,11.548605511391266,-4.879266050374213,0.033921614843236025
UAV_0023,telemetry_10,5,5,196,-61.161379591349,0.7395978409031261,0.7105333515933125,0.3273626735567234
UAV_0023,telemetry_10,20,20,196,-62.19628125117159,1.1136880632086108,2.3007412403695255,0.11401306786582698
UAV_0023,telemetry_10,50,50,196,-62.29114771169976,1.1752085025143943,0.19605965824621308,0.003077273578676382
UAV_0023,telemetry_11,5,5,196,63.06883777763515,0.14846201133452072,-0.09027679509431863,-0.024625800318627
UAV_0023,telemetry_11,20,20,196,63.00703289483981,0.1529286550921399,0.2895267629651883,0.012316715746594853
UAV_0023,telemetry_11,50,50,196,62.88629702959001,0.17196767610480537,0.3408082560365031,0.007851773223855784
UAV_0023,telemetry_12,5,5,196,629.6834944610767,2.211678398802269,2.263986155219982,0.8789593308501253
UAV_0023,telemetry_12,20,20,196,631.1550854619699,1.8194959296048878,-5.060674935197994,-0.15590563660671225
UAV_0023,telemetry_12,50,50,196,632.8530750783851,2.035062619022351,-4.261620998061517,-0.10825438213563067
UAV_0023,telemetry_13,5,5,196,7148.221606660323,1.2021762808613643,0.9505576345873124,0.24835395082627656
UAV_0023,telemetry_13,20,20,196,7146.375601582933,3.267231613145293,6.314448483137312,0.24618409087407236
UAV_0023,telemetry_13,50,50,196,7143.020036446755,4.231311950201493,5.834602606034423,0.20169358814360272
UAV_0023,telemetry_14,5,5,196,-648.8153498138018,0.0,0.0,0.0
UAV_0023,telemetry_14,20,20,196,-648.8153498138018,0.0,0.0,0.0
UAV_0023,telemetry_14,50,50,196,-648.8153498138018,0.0,0.0,0.0
UAV_0023,telemetry_15,5,5,196,49880.41544692301,11.376535984766688,4.009027299965965,0.0431741401553154
UAV_0023,telemetry_15,20,20,196,49895.91496323808,15.181938480626554,-29.17338327505422,-1.8258348508256455
UAV_0023,telemetry_15,50,50,196,49913.90254357284,24.31327451428784,-84.74466938676778,-1.1898055563680845
UAV_0023,telemetry_16,5,5,196,-700.4958484265301,1.9774146614636072,-3.468614772663841,-0.5202922158995648
UAV_0023,telemetry_16,20,20,196,-700.5825637958466,1.987396626263992,-5.202922158995875,-0.048247649093444915
UAV_0023,telemetry_16,50,50,196,-699.1430886651909,2.212967570603447,-8.671536931659716,-0.08919295129707185
UAV_0023,telemetry_17,5,5,196,40.41581228213973,0.0,0.0,0.0
UAV_0023,telemetry_17,20,20,196,40.41581228213974,7.290014651212246e-15,0.0,0.0
UAV_0023,telemetry_17,50,50,196,40.41581228213974,7.177565525411544e-15,0.0,0.0
UAV_0023,telemetry_18,5,5,196,-103.3256527765606,0.0048876496510541914,0.007806313722667824,0.0008918467401571207
UAV_0023,telemetry_18,20,20,196,-103.32780357294018,0.0039303965446679376,0.0047465512550530775,0.00016940143990679707
UAV_0023,telemetry_18,50,50,196,-103.32772091892677,0.004720619593526975,0.00787647655516821,-1.8385915202004992e-05
UAV_0023,telemetry_19,5,5,196,33507.8430808567,0.4029628285739127,0.7110144313919591,0.21862641775151131
UAV_0023,telemetry_19,20,20,196,33507.66995911138,0.43427577456341454,0.7584185502491891,0.03876028705605602
UAV_0023,telemetry_19,50,50,196,33506.890537835476,0.847724947386534,2.4546130365342833,0.04982451331078205
UAV_0023,telemetry_20,5,5,196,-164.8973841769026,0.0,0.0,0.0
UAV_0023,telemetry_20,20,20,196,-164.89738417690256,2.9160058604848984e-14,0.0,0.0
UAV_0023,telemetry_20,50,50,196,-164.8973841769026,0.0,0.0,0.0
UAV_0023,telemetry_21,5,5,196,34964.76470156338,0.283055908791969,0.5886150396254379,0.08829225594454329
UAV_0023,telemetry_21,20,20,196,34964.360028723626,0.476174938576703,1.1772300792581518,0.04790795341327623
UAV_0023,telemetry_21,50,50,196,34963.56981303294,0.8113716269997066,2.6487676783144707,0.047541440415281654
UAV_0023,telemetry_22,5,5,196,23194.955346392577,38.52577015238644,89.15719433271443,22.60979830136821
UAV_0023,telemetry_22,20,20,196,23190.810702309627,58.14973812625845,56.524495753419615,4.180407294839879
UAV_0023,telemetry_22,50,50,196,23144.59609976361,73.66252096665954,195.50482809558162,3.0581052669642745
UAV_0023,telemetry_23,5,5,196,-17350.5967041436,9.231817947790544,-3.40377058543163,-0.9901671548810554
UAV_0023,telemetry_23,20,20,196,-17349.813920598193,6.852750977103525,-17.039270194352866,-0.27952202013653543
UAV_0023,telemetry_23,50,50,196,-17351.91690875043,8.02473051631516,13.000159157782036,0.14898779642039192
UAV_0023,telemetry_24,5,5,196,-3626.9003156310514,2.198894732936869,-2.668671501775407,-0.7785583691894317
UAV_0023,telemetry_24,20,20,196,-3629.573131059705,3.5087767202211104,7.031784742984655,0.3231001805657158
UAV_0023,telemetry_24,50,50,196,-3633.185904990979,4.509505301748454,13.579433810320552,0.24590994927200263
UAV_0023,telemetry_25,5,5,196,-174.56990676974473,0.20268338648259196,0.2126846694023925,0.003038352420037427
UAV_0023,telemetry_25,20,20,196,-174.2675907039513,0.3484497275989436,-0.6076704840068032,-0.04397615344786202
UAV_0023,telemetry_25,50,50,196,-173.65779337325046,0.6462684611958734,-1.5799432584177282,-0.04002163036444457
UAV_0023,telemetry_26,5,5,196,-7440.935960889304,4.907641173398097,11.48202227431284,1.8514760917329114
UAV_0023,telemetry_26,20,20,196,-7446.8276735688105,5.706779335887348,15.35720479189331,0.6005399807946273
UAV_0023,telemetry_26,50,50,196,-7452.5557674309075,7.522928907924438,30.283833748498182,0.4019672671830552
UAV_0023,telemetry_27,5,5,196,969.0302044744709,1.2710574864626038e-13,0.0,0.0
UAV_0023,telemetry_27,20,20,196,969.0302044744709,1.1664023441939594e-13,0.0,0.0
UAV_0023,telemetry_27,50,50,196,969.0302044744708,0.0,0.0,0.0
UAV_0023,telemetry_28,5,5,196,-9925.4035780437,29.45148532472016,-16.294297457345237,-10.921032625108273
UAV_0023,telemetry_28,20,20,196,-9907.729962376434,30.146113284313895,-47.09636975069952,-1.900668909846131
UAV_0023,telemetry_28,50,50,196,-9867.61102387154,43.359160726384985,-143.72483982328595,-2.4117376933584582
UAV_0024,telemetry_01,5,5,494,82.80999473031868,8.223334620303241,-19.44349575462104,-4.724336638540608
UAV_0024,telemetry_01,20,20,494,85.85920917415072,10.11958506590209,-21.94236685537004,-0.4657653581537678
UAV_0024,telemetry_01,50,50,494,85.69466282124911,9.36172495930662,-0.6910458998134175,0.018722278594432682
UAV_0024,telemetry_02,5,5,494,15.130459957442255,6.588124216119584,0.32381883900538,0.15019038238649607
UAV_0024,telemetry_02,20,20,494,15.959908443339225,7.019400562749311,11.911269646537413,-0.08373265730917595
UAV_0024,telemetry_02,50,50,494,12.102080820106316,8.467447726589779,1.2734561128501412,0.19936759987989458
UAV_0024,telemetry_03,5,5,494,30377.82504938608,0.0,0.0,0.0
UAV_0024,telemetry_03,20,20,494,30377.825049386087,7.46497500284134e-12,0.0,0.0
UAV_0024,telemetry_03,50,50,494,30377.82504938608,1.3300953487040043e-11,0.0,0.0
UAV_0024,telemetry_04,5,5,494,-125.88921619901032,0.01513304456706001,0.03413613436990204,0.004409250689445798
UAV_0024,telemetry_04,20,20,494,-125.8961145428309,0.033252181171008637,0.04124782903029711,0.000745391154630489
UAV_0024,telemetry_04,50,50,494,-125.88229377021689,0.11065843832695718,0.025602100777419423,3.352736938848038e-05
UAV_0024,telemetry_05,5,5,494,-113.52882521127849,0.0013360353298784028,0.0009676032760097542,2.5627326282062767e-05
UAV_0024,telemetry_05,20,20,494,-113.5270730146108,0.00265979336920059,-0.0033528813367667,-0.000152070399015472
UAV_0024,telemetry_05,50,50,494,-113.52619161676101,0.002738768502348616,-0.004316652889158945,-4.534227737321742e-05
UAV_0024,telemetry_06,5,5,494,-142.68622423968978,0.46262972900805494,-0.0776480404308586,-0.055230299725809576
UAV_0024,telemetry_06,20,20,494,-142.2789477437525,0.5347476635029499,-1.2473781978889633,-0.05041566922953107
UAV_0024,telemetry_06,50,50,494,-141.70174727804664,0.808981270213015,-1.8760768478289265,-0.039049840911556305
UAV_0024,telemetry_07,5,5,494,140.72879336221067,0.04707604124451628,0.0,0.008594869902555046
UAV_0024,telemetry_07,20,20,494,140.6901164476492,0.031487095187570084,0.08594869902555047,0.0030372848527826105
UAV_0024,telemetry_07,50,50,494,140.6823810647369,0.02061891562549892,0.08594869902555047,0.000565424814717907
UAV_0024,telemetry_08,5,5,494,-4680.605940223165,0.0,0.0,0.0
UAV_0024,telemetry_08,20,20,494,-4680.605940223164,9.331218753551675e-13,0.0,0.0
UAV_0024,telemetry_08,50,50,494,-4680.605940223166,9.187283872526776e-13,0.0,0.0
UAV_0024,telemetry_09,5,5,494,-155.14382463170983,7.776060884037909,13.40933112303179,2.2700717965247774
UAV_0024,telemetry_09,20,20,494,-153.60846610584179,9.145817504425613,-6.806134796942757,-0.32954037239126993
UAV_0024,telemetry_09,50,50,494,-154.22488342110515,10.34887329510777,24.40138151644274,0.1126941900514227
UAV_0024,telemetry_10,5,5,494,-62.380476790887016,0.5554291702004319,-1.2476401335950982,-0.22355732182069588
UAV_0024,telemetry_10,20,20,494,-62.426944441713694,0.9897261195002126,-0.724090339226585,-0.029479875174402356
UAV_0024,telemetry_10,50,50,494,-63.552942244615316,4.251062742491515,-1.7512774154205673,0.04583723636502993
UAV_0024,telemetry_11,5,5,494,61.5222734157591,0.08067478016742308,0.11645172384945823,0.006089677302217922
UAV_0024,telemetry_11,20,20,494,61.59078228540909,0.11640165768525383,0.19711323899289823,-0.005928619354839115
UAV_0024,telemetry_11,50,50,494,61.89066835148738,1.182371848050678,-0.5128149307132617,-0.01930855800043126
UAV_0024,telemetry_12,5,5,494,645.7977488599967,1.7981179632299427,0.0,-0.14649322180837315
UAV_0024,telemetry_12,20,20,494,644.8655192666707,1.6364328197214812,2.263986155219982,0.07069324305994018
UAV_0024,telemetry_12,50,50,494,644.1010910001436,1.6984646443961458,2.6635131237883343,0.05350687708700482
UAV_0024,telemetry_13,5,5,494,7144.137624528565,3.2446419240461863,3.83979492870003,0.938709130621828
UAV_0024,telemetry_13,20,20,494,7143.114127694362,3.168361784333155,7.34006789248906,0.18675964464743622
UAV_0024,telemetry_13,50,50,494,7140.446173950065,4.148293882223898,11.482169772401903,0.1897836639453676
UAV_0024,telemetry_14,5,5,494,-648.8153498138018,0.0,0.0,0.0
UAV_0024,telemetry_14,20,20,494,-648.8153498138018,0.0,0.0,0.0
UAV_0024,telemetry_14,50,50,494,-648.8153498138018,0.0,0.0,0.0
UAV_0024,telemetry_15,5,5,494,50330.21597450948,24.385984442397042,17.393010747502558,3.3367442604248936
UAV_0024,telemetry_15,20,20,494,50294.29200603471,35.34264022169004,106.08503009114793,4.343986284196559
UAV_0024,telemetry_15,50,50,494,50241.121818888976,54.35825973326576,170.16778954736947,3.4315881689965875
UAV_0024,telemetry_16,5,5,494,-703.270740244661,1.7343073863319205,-3.468614772663841,-0.3468614772663841
UAV_0024,telemetry_16,20,20,494,-701.7098635969624,1.5815313921458038,-5.2029221589957615,-0.15387088089260648
UAV_0024,telemetry_16,50,50,494,-700.1489869492635,2.216016691267564,-8.671536931659716,-0.0982704785532631
UAV_0024,telemetry_17,5,5,494,40.41581228213973,0.0,0.0,0.0
UAV_0024,telemetry_17,20,20,494,40.41581228213974,7.290014651212246e-15,0.0,0.0
UAV_0024,telemetry_17,50,50,494,40.41581228213974,2.9784734934669865e-14,0.0,0.0
UAV_0024,telemetry_18,5,5,494,-102.94242474062796,0.05352305161652216,0.09871747090558358,0.029676756075376433
UAV_0024,telemetry_18,20,20,494,-102.9484294485811,0.04488229519181536,0.09703315193353035,0.0008378258407144825
UAV_0024,telemetry_18,50,50,494,-102.96194603940883,0.036148468987893284,0.09824864178069959,0.0007943829286510192
UAV_0024,telemetry_19,5,5,494,33510.93903586627,0.31649501485926773,0.012680530584475491,0.013799664747784846
UAV_0024,telemetry_19,20,20,494,33510.300887991405,0.7711007218905779,1.4009656865673605,0.0996561187929325
UAV_0024,telemetry_19,50,50,494,33509.069882861375,1.2948997151215975,3.7086500177974813,0.08103693872088244
UAV_0024,telemetry_20,5,5,494,-164.8973841769026,0.0,0.0,0.0
UAV_0024,telemetry_20,20,20,494,-164.89738417690256,2.9160058604848984e-14,0.0,0.0
UAV_0024,telemetry_20,50,50,494,-164.8973841769026,0.0,0.0,0.0
UAV_0024,telemetry_21,5,5,494,34968.00208428131,0.40833511203440165,-0.14715375990635948,0.05886150396254379
UAV_0024,telemetry_21,20,20,494,34967.20745397781,0.8291349634806848,0.7357687995245215,0.11683787252676071
UAV_0024,telemetry_21,50,50,494,34965.89189936426,1.3623823305359313,3.8259977575507946,0.08600280488907584
UAV_0024,telemetry_22,5,5,494,23275.400775658138,59.16425615649982,-92.07082813443049,-9.760673235769719
UAV_0024,telemetry_22,20,20,494,23238.23737651717,75.49306737184783,17.77316619051271,2.0235515358279783
UAV_0024,telemetry_22,50,50,494,23183.3153793547,81.32461042013452,166.8055351486255,3.6862819164079825
UAV_0024,telemetry_23,5,5,494,-17498.689869304195,8.966113018261769,-19.318259861109254,-2.965918007330765
UAV_0024,telemetry_23,20,20,494,-17484.581608803222,13.603245113567723,-31.864843646275403,-1.6232710909252113
UAV_0024,telemetry_23,50,50,494,-17464.72432514515,21.04797708545759,-77.69405726759942,-1.343446786337791
UAV_0024,telemetry_24,5,5,494,-3740.243696426446,3.0266124012181947,-7.970337992862824,-1.4897077542180797
UAV_0024,telemetry_24,20,20,494,-3730.552034498921,8.503578387467106,-18.103285823506667,-1.2992827534923148
UAV_0024,telemetry_24,50,50,494,-3704.0555202429973,96.3035451816007,-43.47875847574005,-2.254742235228755
UAV_0024,telemetry_25,5,5,494,-174.32076187130193,0.12229132591434655,0.18230114520204665,0.04557528630051024
UAV_0024,telemetry_25,20,20,494,-174.18099765998033,0.41209501580077196,0.0,-0.026134399763301022
UAV_0024,telemetry_25,50,50,494,-173.64077859969828,0.5880409895418981,-1.2761080164143266,-0.03155071840731692
UAV_0024,telemetry_26,5,5,494,-7668.968923257143,3.7736505118248473,-5.166910023441233,-0.760683975673237
UAV_0024,telemetry_26,20,20,494,-7649.054790875134,16.612703867516892,-28.992106242639238,-2.5848578903815778
UAV_0024,telemetry_26,50,50,494,-7618.9905508026295,29.755733077843438,-97.16661349636797,-1.991717346383997
UAV_0024,telemetry_27,5,5,494,969.0302044744709,1.2710574864626038e-13,0.0,0.0
UAV_0024,telemetry_27,20,20,494,969.0302044744709,1.1664023441939594e-13,0.0,0.0
UAV_0024,telemetry_27,50,50,494,969.0302044744708,0.0,0.0,0.0
UAV_0024,telemetry_28,5,5,494,-9911.99163701556,36.54767517791226,-69.4886848722308,-11.289167111715141
UAV_0024,telemetry_28,20,20,494,-9885.601363767826,39.92358935286445,-113.8491291424998,-3.199886404728077
UAV_0024,telemetry_28,50,50,494,-9858.82776674996,41.38667453942912,-150.78414565323874,-1.9680074786092088
UAV_0025,telemetry_01,5,5,193,79.54372029820854,7.619614391768447,-1.8388030753395128,-1.8712225750067375
UAV_0025,telemetry_01,20,20,193,80.75179540038768,9.71497171154993,-5.136897399199114,-0.05405315055249953
UAV_0025,telemetry_01,50,50,193,83.90576046817776,10.265117215815819,-4.068797165354752,-0.12097934684293424
UAV_0025,telemetry_02,5,5,193,10.311033682711429,5.304570004881495,-7.277066725976476,-0.6467586158317429
UAV_0025,telemetry_02,20,20,193,10.71260438360559,6.003090068714575,-3.8904376409066463,0.21281858130123152
UAV_0025,telemetry_02,50,50,193,10.356173307942752,6.957358840058916,-1.0576413127174291,0.07276062661395703
UAV_0025,telemetry_03,5,5,193,30377.82504938608,0.0,0.0,0.0
UAV_0025,telemetry_03,20,20,193,30377.825049386087,7.46497500284134e-12,0.0,0.0
UAV_0025,telemetry_03,50,50,193,30377.82504938608,0.0,0.0,0.0
UAV_0025,telemetry_04,5,5,193,-125.88409577885484,0.029723140447571007,-0.031291456505698534,-0.003982549009813851
UAV_0025,telemetry_04,20,20,193,-125.89255869550068,0.027449667423187423,-0.054048879418957085,0.0009250550197352686
UAV_0025,telemetry_04,50,50,193,-125.88511986288593,0.026977558108474287,-0.015645728252835056,-0.00035010369103638913
UAV_0025,telemetry_05,5,5,193,-113.52642166470505,0.0025125841824743095,0.0008687207284339138,0.00035472401081761975
UAV_0025,telemetry_05,20,20,193,-113.52596490532835,0.0027479775121189943,0.0015969932417334576,6.700267025425582e-05
UAV_0025,telemetry_05,50,50,193,-113.52586256761244,0.0025655668695571685,-0.000131682256508725,1.9861494775620097e-05
UAV_0025,telemetry_06,5,5,193,-133.91650426690111,0.6746399031423393,1.2836974426066377,0.24333893960826175
UAV_0025,telemetry_06,20,20,193,-135.0239281338522,1.1688582758720405,2.443408498073609,0.11472530931228521
UAV_0025,telemetry_06,50,50,193,-135.925108786317,1.2029905162832384,3.6995534102047714,0.06003769459083315
UAV_0025,telemetry_07,5,5,193,140.5912754437698,0.0,0.0,0.0
UAV_0025,telemetry_07,20,20,193,140.59127544376983,2.9160058604848984e-14,0.0,0.0
UAV_0025,telemetry_07,50,50,193,140.59127544376977,2.8710262101646174e-14,0.0,0.0
UAV_0025,telemetry_08,5,5,193,-4680.605940223165,0.0,0.0,0.0
UAV_0025,telemetry_08,20,20,193,-4680.605940223164,9.331218753551675e-13,0.0,0.0
UAV_0025,telemetry_08,50,50,193,-4680.605940223166,9.187283872526776e-13,0.0,0.0
UAV_0025,telemetry_09,5,5,193,-148.4294515469549,7.76340780851194,11.257537814259479,0.7693869525377892
UAV_0025,telemetry_09,20,20,193,-149.89135617427218,7.400712590133957,8.817697560757608,-0.2741445810180918
UAV_0025,telemetry_09,50,50,193,-153.73676480820953,10.687400066593625,32.39983767998788,0.16511470501919806
UAV_0025,telemetry_10,5,5,193,-63.032497330831845,1.280758258002002,1.9168828828387134,0.44016934064334806
UAV_0025,telemetry_10,20,20,193,-63.02238757126626,1.1420989417589302,1.1102173457794393,0.034987300712613675
UAV_0025,telemetry_10,50,50,193,-62.49636960575078,1.414439070901277,-0.878867283882272,-0.010502519027105736
UAV_0025,telemetry_11,5,5,193,63.056017404367324,0.08151522653787381,0.0635676841196684,-0.005662331526624343
UAV_0025,telemetry_11,20,20,193,62.960986387519526,0.11356553706819876,0.2799114830143168,0.012713536823932618
UAV_0025,telemetry_11,50,50,193,62.828380993352596,0.15714915448553207,0.33439806940259587,0.008957049461826218
UAV_0025,telemetry_12,5,5,193,630.0031160359315,1.482981345055921,-2.530337467598997,-0.45279723104404185
UAV_0025,telemetry_12,20,20,193,631.9141867022497,1.9692916520151018,-6.7919584656604,-0.21938937045941423
UAV_0025,telemetry_12,50,50,193,633.5935317267981,2.223733170358239,-8.390066339933583,-0.11623532902275607
UAV_0025,telemetry_13,5,5,193,7147.4835943376365,1.3483882506684701,-1.756063415899007,-0.14207189242260937
UAV_0025,telemetry_13,20,20,193,7145.020686837044,3.5544162605646683,0.9610909614139018,0.26674174984279275
UAV_0025,telemetry_13,50,50,193,7141.200544335323,4.712630174297036,9.771977326929118,0.23910356023319682
UAV_0025,telemetry_14,5,5,193,-648.8153498138018,0.0,0.0,0.0
UAV_0025,telemetry_14,20,20,193,-648.8153498138018,0.0,0.0,0.0
UAV_0025,telemetry_14,50,50,193,-648.8153498138018,0.0,0.0,0.0
UAV_0025,telemetry_15,5,5,193,50601.63329045082,18.382145470705865,38.48666207958013,10.170593873273901
UAV_0025,telemetry_15,20,20,193,50502.96496086459,79.14277084003669,187.1290588933407,12.725056103357781
UAV_0025,telemetry_15,50,50,193,50376.32965683387,124.33283079970013,379.6240466343079,8.248341361539834
UAV_0025,telemetry_16,5,5,193,-703.9644631991938,2.6302073784507094,6.937229545327682,1.3874459090655364
UAV_0025,telemetry_16,20,20,193,-701.1028560117462,2.7493875467871187,0.0,-0.3481654677824279
UAV_0025,telemetry_16,50,50,193,-698.761541040198,2.9523796685653627,-1.7343073863320342,-0.1567330852857976
UAV_0025,telemetry_17,5,5,193,40.41581228213973,0.0,0.0,0.0
UAV_0025,telemetry_17,20,20,193,40.41581228213974,7.290014651212246e-15,0.0,0.0
UAV_0025,telemetry_17,50,50,193,40.41581228213974,7.177565525411544e-15,0.0,0.0
UAV_0025,telemetry_18,5,5,193,-103.32607899291793,0.004485621167160968,0.0004095328869908599,-0.0007414665929402986
UAV_0025,telemetry_18,20,20,193,-103.3291669254123,0.00592413907107191,0.002012270550096673,-8.744991052114136e-05
UAV_0025,telemetry_18,50,50,193,-103.32798799384638,0.006746323096019689,-0.009915192782301574,-0.00010678488673128364
UAV_0025,telemetry_19,5,5,193,33506.36736544725,0.16595574428569249,0.30527342211280484,0.0316208418655151
UAV_0025,telemetry_19,20,20,193,33505.72858904378,0.5910372191762006,1.7214958825716167,0.07580675622507409
UAV_0025,telemetry_19,50,50,193,33505.09934744303,0.7604514983745089,2.21789153253485,0.04123082441394986
UAV_0025,telemetry_20,5,5,193,-164.8973841769026,0.0,0.0,0.0
UAV_0025,telemetry_20,20,20,193,-164.89738417690256,2.9160058604848984e-14,0.0,0.0
UAV_0025,telemetry_20,50,50,193,-164.8973841769026,0.0,0.0,0.0
UAV_0025,telemetry_21,5,5,193,34962.96942569252,0.38933225320033454,-0.29430751981271897,-0.029430751981271895
UAV_0025,telemetry_21,20,20,193,34962.30723377295,0.5876461253202481,1.4715375990563189,0.0759003603723873
UAV_0025,telemetry_21,50,50,193,34961.78042331248,0.7152660114787212,0.7357687995245215,0.031769666484336836
UAV_0025,telemetry_22,5,5,193,23287.754582977443,88.4121881320759,85.80651546073204,37.920943929419444
UAV_0025,telemetry_22,20,20,193,23199.660864982357,85.8379527859175,197.83573513695956,10.330693923897055
UAV_0025,telemetry_22,50,50,193,23145.254581002788,89.46481025717034,226.68070977402022,4.55174658158854
UAV_0025,telemetry_23,5,5,193,-17587.59839210341,12.95482916906884,-31.38032649561501,-7.57522841201826
UAV_0025,telemetry_23,20,20,193,-17552.345928910887,27.9922663203267,-94.49023813421081,-4.4634090849394825
UAV_0025,telemetry_23,50,50,193,-17507.010185999054,44.22861222282126,-153.11514877313675,-2.95092131196792
UAV_0025,telemetry_24,5,5,193,-3631.431686720853,2.2005296246143775,3.3929420728563855,0.3589705909388158
UAV_0025,telemetry_24,20,20,193,-3633.9888637975396,2.742115917012068,6.748644041242187,0.22986314828080434
UAV_0025,telemetry_24,50,50,193,-3637.826716635273,4.509451410247382,9.921589013326411,0.24338436030533253
UAV_0025,telemetry_25,5,5,193,-173.99869651477832,0.13485630609580698,-0.2734517178030842,-0.057728695980651425
UAV_0025,telemetry_25,20,20,193,-173.78145431674585,0.3615881257391636,-0.8203551534092242,-0.043336500306802576
UAV_0025,telemetry_25,50,50,193,-173.12061266538848,0.64553224724847,-1.7926279278201207,-0.040710274946560245
UAV_0025,telemetry_26,5,5,193,-7447.652943919777,4.635888710735524,1.291727505860763,1.2343173944886074
UAV_0025,telemetry_26,20,20,193,-7453.22890098674,6.009954450127261,7.319789199874322,0.7904681687907774
UAV_0025,telemetry_26,50,50,193,-7460.62475858418,7.938657759666144,22.102892878049715,0.4657800188264438
UAV_0025,telemetry_27,5,5,193,969.0302044744709,1.2710574864626038e-13,0.0,0.0
UAV_0025,telemetry_27,20,20,193,969.0302044744709,1.1664023441939594e-13,0.0,0.0
UAV_0025,telemetry_27,50,50,193,969.0302044744708,0.0,0.0,0.0
UAV_0025,telemetry_28,5,5,193,-9923.235609555299,25.84299068121111,-54.4843545177373,-10.775591132849332
UAV_0025,telemetry_28,20,20,193,-9895.927592364838,38.55624946432944,-90.13975299712547,-4.8848757293499885
UAV_0025,telemetry_28,50,50,193,-9843.194100943017,54.06781031812079,-135.2750257935495,-3.1355891733189907
UAV_0026,telemetry_01,5,5,243,88.31755117582719,10.407404129180186,1.2871070973100984,-1.327581524350883
UAV_0026,telemetry_01,20,20,243,84.83899642950313,9.094443666454914,4.4093502855110245,0.15357826901687235
UAV_0026,telemetry_01,50,50,243,85.81017898985515,10.714404954797393,0.9910542268708582,-0.13460874568846118
UAV_0026,telemetry_02,5,5,243,11.172957194302915,6.341857062989581,4.678886984197124,1.957997212999065
UAV_0026,telemetry_02,20,20,243,11.83872393440619,9.001607538985404,9.653872852840378,0.15657356336181347
UAV_0026,telemetry_02,50,50,243,12.42162187911453,8.204639448056506,7.402868218114229,-0.007552434048670167
UAV_0026,telemetry_03,5,5,243,30377.82504938608,0.0,0.0,0.0
UAV_0026,telemetry_03,20,20,243,30377.825049386087,7.46497500284134e-12,0.0,0.0
UAV_0026,telemetry_03,50,50,243,30377.82504938608,0.0,0.0,0.0
UAV_0026,telemetry_04,5,5,243,-125.89888810374846,0.010137595391204627,0.0199127450491261,0.0029869117573682047
UAV_0026,telemetry_04,20,20,243,-125.89355433275314,0.03156680152617709,-0.005689355728293322,0.00015506702642919688
UAV_0026,telemetry_04,50,50,243,-125.89450729983766,0.02675380264588283,0.007111694660395074,0.0001901460545933257
UAV_0026,telemetry_05,5,5,243,-113.52427684619222,0.0029749339323427294,-0.00010733501495963083,0.00033229407187889136
UAV_0026,telemetry_05,20,20,243,-113.52448668642894,0.0025642644313309576,0.0007056901310420471,-1.537786852741987e-05
UAV_0026,telemetry_05,50,50,243,-113.52534953750063,0.002708297098026548,-0.00013899397632144428,3.744147344517125e-05
UAV_0026,telemetry_06,5,5,243,-133.96409500135871,0.6046631292307808,0.3794734879119801,0.1497855747665767
UAV_0026,telemetry_06,20,20,243,-134.50456293438984,0.8672544246153696,1.874824460080049,0.05764844389056879
UAV_0026,telemetry_06,50,50,243,-135.30735600530227,1.0124257236191265,3.5179571866164565,0.0471339211399377
UAV_0026,telemetry_07,5,5,243,140.5912754437698,0.0,0.0,0.0
UAV_0026,telemetry_07,20,20,243,140.59127544376983,2.9160058604848984e-14,0.0,0.0
UAV_0026,telemetry_07,50,50,243,140.59127544376977,2.8710262101646174e-14,0.0,0.0
UAV_0026,telemetry_08,5,5,243,-4680.605940223165,0.0,0.0,0.0
UAV_0026,telemetry_08,20,20,243,-4680.605940223164,9.331218753551675e-13,0.0,0.0
UAV_0026,telemetry_08,50,50,243,-4680.605940223166,9.187283872526776e-13,0.0,0.0
UAV_0026,telemetry_09,5,5,243,-148.8476663073164,12.937895201744135,20.076643565933153,4.679225446248381
UAV_0026,telemetry_09,20,20,243,-153.13756880727487,10.69364079569957,15.209660320021356,-0.12329286744848934
UAV_0026,telemetry_09,50,50,243,-152.16631393955103,8.910212942144543,16.072604487576427,-0.014398176149684479
UAV_0026,telemetry_10,5,5,243,-62.54528857565432,0.5624235820379877,-0.5377742802916217,-0.19349721853407048
UAV_0026,telemetry_10,20,20,243,-62.50529971211697,0.8592357027407673,-1.6764349163892263,-0.04351091633290934
UAV_0026,telemetry_10,50,50,243,-62.461137801125034,0.9806179699709997,0.6995634031795959,-0.011404266789261056
UAV_0026,telemetry_11,5,5,243,63.09896565481456,0.07695988282359072,0.006410186633907244,0.003739275536447906
UAV_0026,telemetry_11,20,20,243,63.043998304428726,0.12758677890739822,0.09989207504518305,0.007488190451298274
UAV_0026,telemetry_11,50,50,243,62.8937969479517,0.17836509498400457,0.49465273525048303,0.009494361104165587
UAV_0026,telemetry_12,5,5,243,630.6689943168785,1.82843919592078,2.929864436167236,0.7324661090417977
UAV_0026,telemetry_12,20,20,243,631.7810110460603,1.52779757492828,-1.5981078742731825,-0.1344773731296222
UAV_0026,telemetry_12,50,50,243,632.7998048159093,1.5785096315234595,-3.5957427171142626,-0.06309296633684487
UAV_0026,telemetry_13,5,5,243,7148.146450276528,4.664284808693354,8.779362325773036,1.6260331857404708
UAV_0026,telemetry_13,20,20,243,7145.246905396811,4.445562823156123,16.328125224638825,0.45070394230958705
UAV_0026,telemetry_13,50,50,243,7142.197688784737,4.609738433627066,15.79888291880252,0.19392340629070356
UAV_0026,telemetry_14,5,5,243,-648.8153498138018,0.0,0.0,0.0
UAV_0026,telemetry_14,20,20,243,-648.8153498138018,0.0,0.0,0.0
UAV_0026,telemetry_14,50,50,243,-648.8153498138018,0.0,0.0,0.0
UAV_0026,telemetry_15,5,5,243,50091.549327741624,14.693389182177306,22.203843507450074,1.8256493550572486
UAV_0026,telemetry_15,20,20,243,50065.49373415906,22.866994296348086,49.03348774561164,2.882372375115736
UAV_0026,telemetry_15,50,50,243,50045.9821066769,26.890210072732295,73.3960382607329,1.2537752530357054
UAV_0026,telemetry_16,5,5,243,-701.5364328583291,1.2263405135372185,3.468614772663841,0.6937229545327682
UAV_0026,telemetry_16,20,20,243,-700.4091330572135,1.6186325600597546,1.7343073863319205,-0.08736736457461837
UAV_0026,telemetry_16,50,50,243,-699.3858916992775,1.905001168568313,-5.202922158995875,-0.07795014231004688
UAV_0026,telemetry_17,5,5,243,40.41581228213973,0.0,0.0,0.0
UAV_0026,telemetry_17,20,20,243,40.41581228213974,7.290014651212246e-15,0.0,0.0
UAV_0026,telemetry_17,50,50,243,40.41581228213974,7.177565525411544e-15,0.0,0.0
UAV_0026,telemetry_18,5,5,243,-103.3309538133456,0.005234266304889,0.009816167913058393,0.002372783171679771
UAV_0026,telemetry_18,20,20,243,-103.3284502125269,0.005320823569731005,0.0071602655773546076,-0.0003896790608992016
UAV_0026,telemetry_18,50,50,243,-103.32778164334546,0.005399951454312176,0.011884206457750679,-4.456517165295168e-05
UAV_0026,telemetry_19,5,5,243,33507.1019591125,0.40731650735576985,-0.7081068404149846,-0.17456519910265342
UAV_0026,telemetry_19,20,20,243,33506.79998426585,0.4588027546222249,-0.023534733059932478,0.02527329482134218
UAV_0026,telemetry_19,50,50,243,33506.34312820654,0.5957984510373354,0.39964893157593906,0.02904469975802131
UAV_0026,telemetry_20,5,5,243,-164.8973841769026,0.0,0.0,0.0
UAV_0026,telemetry_20,20,20,243,-164.89738417690256,2.9160058604848984e-14,0.0,0.0
UAV_0026,telemetry_20,50,50,243,-164.8973841769026,0.0,0.0,0.0
UAV_0026,telemetry_21,5,5,243,34963.67576374007,0.4463394529973964,-0.294307519805443,0.05886150396399899
UAV_0026,telemetry_21,20,20,243,34963.38145622026,0.57806482785165,0.29430751981271897,0.05664866546774961
UAV_0026,telemetry_21,50,50,243,34963.04300257247,0.6521893343617263,2.7959214382062783,0.029882989226532836
UAV_0026,telemetry_22,5,5,243,23246.934573415314,100.21749368845019,46.32677744738612,-1.6024985909483802
UAV_0026,telemetry_22,20,20,243,23210.463162302247,76.49181571074706,-55.79608730298423,4.451178075210739
UAV_0026,telemetry_22,50,50,243,23168.907460205177,76.4822445375386,3.4963605620650924,2.740424743065602
UAV_0026,telemetry_23,5,5,243,-17420.207668733103,7.9253724586456915,16.666048016904824,4.250316094172012
UAV_0026,telemetry_23,20,20,243,-17405.364024230577,11.369207856826984,-17.13942615709675,-1.3278265466709827
UAV_0026,telemetry_23,50,50,243,-17395.86072714274,12.141003849033972,-22.105848144990887,-0.6357562466012057
UAV_0026,telemetry_24,5,5,243,-3630.6609545000974,4.045624591636538,-5.030311055738366,-0.5260631060216838
UAV_0026,telemetry_24,20,20,243,-3631.6370315337226,2.803610193608627,2.9906761141855895,0.12897038360579005
UAV_0026,telemetry_24,50,50,243,-3634.801019508366,4.016766424995923,9.562995002283515,0.22086649020823673
UAV_0026,telemetry_25,5,5,243,-174.35114539550227,0.3413247839016168,0.425369338804785,0.13064915406146724
UAV_0026,telemetry_25,20,20,243,-174.08832791116933,0.3254950367940683,-0.5165199114058225,-0.021131398410012426
UAV_0026,telemetry_25,50,50,243,-173.5836575742016,0.5522925233311984,-1.3064915406146724,-0.03015008535894598
UAV_0026,telemetry_26,5,5,243,-7445.930640578629,5.479959779780403,2.7269802901491857,0.14352527842893323
UAV_0026,telemetry_26,20,20,243,-7448.549976909957,4.3819520583074505,-2.0093538980045196,0.24377714584277207
UAV_0026,telemetry_26,50,50,243,-7453.313580901012,6.413335557774192,11.194971717453882,0.33107646219291925
UAV_0026,telemetry_27,5,5,243,969.0302044744709,1.2710574864626038e-13,0.0,0.0
UAV_0026,telemetry_27,20,20,243,969.0302044744709,1.1664023441939594e-13,0.0,0.0
UAV_0026,telemetry_27,50,50,243,969.0302044744708,0.0,0.0,0.0
UAV_0026,telemetry_28,5,5,243,-9912.080088519715,29.354331834750248,-18.368854265934715,-7.472022153681246
UAV_0026,telemetry_28,20,20,243,-9899.887493739705,30.493506019502792,-128.72814580372142,-3.211147218096
UAV_0026,telemetry_28,50,50,243,-9867.886397980352,39.732033777640105,-79.3558521263094,-1.9549544985471485
UAV_0027,telemetry_01,5,5,320,92.99407918343191,9.38834060907826,12.018629891682778,2.2800134497774396
UAV_0027,telemetry_01,20,20,320,85.71038870625162,9.580188660312938,26.954433516354968,0.826046225359266
UAV_0027,telemetry_01,50,50,320,86.0817663542344,11.102167937166879,13.096683457145403,0.0708239630075724
UAV_0027,telemetry_02,5,5,320,10.295493553555168,7.0306862773423555,9.358420531219615,3.520448795173395
UAV_0027,telemetry_02,20,20,320,10.63337977746693,7.087608193039679,-7.415922967559261,-0.10328540434922118
UAV_0027,telemetry_02,50,50,320,10.426153878309847,7.122366592594394,-14.768970021360353,-0.04976219632383309
UAV_0027,telemetry_03,5,5,320,30377.82504938608,0.0,0.0,0.0
UAV_0027,telemetry_03,20,20,320,30377.82504938608,8.346095778344961e-12,0.0,0.0
UAV_0027,telemetry_03,50,50,320,30377.82504938608,1.1551159992654445e-11,0.0,0.0
UAV_0027,telemetry_04,5,5,320,-125.90457745947677,0.03468874418061065,0.02275742291325855,-0.0035558473301961157
UAV_0027,telemetry_04,20,20,320,-125.91630381314687,0.0965826802047178,-0.024179761845346093,-5.299914257678115e-05
UAV_0027,telemetry_04,50,50,320,-125.90485910953555,0.10997380564117633,-0.005689355728293322,-0.0007767344284729302
UAV_0027,telemetry_05,5,5,320,-113.52658898539153,0.002426908002692634,0.0008520946402512664,0.00017643580215036535
UAV_0027,telemetry_05,20,20,320,-113.52478088119442,0.002437493121476973,-0.00625709475092151,-8.869277403546537e-05
UAV_0027,telemetry_05,50,50,320,-113.52521919103519,0.0026206518901560017,-0.004439285270223081,9.230425784596078e-06
UAV_0027,telemetry_06,5,5,320,-142.42522663282224,0.921132934642696,-1.4527697887059503,-0.31522599639421855
UAV_0027,telemetry_06,20,20,320,-141.92809131590252,0.7858334892146653,-1.541689318876763,-0.04337687342283106
UAV_0027,telemetry_06,50,50,320,-141.14859265711934,1.0268377751812112,-3.700805797953592,-0.05091977053094739
UAV_0027,telemetry_07,5,5,320,140.71160362240556,0.04707604124451628,0.0,0.0
UAV_0027,telemetry_07,20,20,320,140.6858190126979,0.026454451377029148,0.08594869902555047,0.001938692459222943
UAV_0027,telemetry_07,50,50,320,140.67722414279535,0.024556771150157277,0.17189739805110094,0.0007594026708620065
UAV_0027,telemetry_08,5,5,320,-4680.605940223165,0.0,0.0,0.0
UAV_0027,telemetry_08,20,20,320,-4680.605940223164,9.331218753551675e-13,0.0,0.0
UAV_0027,telemetry_08,50,50,320,-4680.605940223166,9.187283872526776e-13,0.0,0.0
UAV_0027,telemetry_09,5,5,320,-150.97771815158305,5.550013742879293,7.290554025813918,2.6534282109901737
UAV_0027,telemetry_09,20,20,320,-154.84824404385415,7.201121936781915,-10.169583628976056,0.2539046208953908
UAV_0027,telemetry_09,50,50,320,-154.01318382059594,9.572719423969296,12.858922410146903,-0.013156017154416205
UAV_0027,telemetry_10,5,5,320,-61.984727336739226,0.8591873959646144,-0.12196957555633503,-0.027518311219653667
UAV_0027,telemetry_10,20,20,320,-62.79976556821053,3.481840853871533,0.11769560307077143,0.025986719253170077
UAV_0027,telemetry_10,50,50,320,-63.09262960876787,3.848162688885507,0.6315975855669222,-0.008117878890894893
UAV_0027,telemetry_11,5,5,320,61.558063624465134,0.14033089928092468,-0.06303350190017198,-0.04770247220072221
UAV_0027,telemetry_11,20,20,320,61.8547247217774,0.947044971400573,-0.3611071803772461,-0.02516583120184577
UAV_0027,telemetry_11,50,50,320,61.87214852632548,1.0142537363373976,-0.6100360946609769,-0.0058311053385174255
UAV_0027,telemetry_12,5,5,320,646.410356878468,1.2292625269673865,0.5327026247575759,0.039952696856789774
UAV_0027,telemetry_12,20,20,320,644.7057084792434,1.9498202967015588,3.9952696856823877,0.12396350553571418
UAV_0027,telemetry_12,50,50,320,642.998396566895,2.311386818278439,7.191485434228525,0.11326165890856303
UAV_0027,telemetry_13,5,5,320,7144.320175721265,3.084457398115472,3.543426187809928,0.02691902963551911
UAV_0027,telemetry_13,20,20,320,7142.604560719866,3.2443995341091916,7.048023789931904,0.18069385113496905
UAV_0027,telemetry_13,50,50,320,7139.433296483721,4.451860651553265,6.635088472839925,0.1947337087845057
UAV_0027,telemetry_14,5,5,320,-648.8153498138018,0.0,0.0,0.0
UAV_0027,telemetry_14,20,20,320,-648.8153498138018,0.0,0.0,0.0
UAV_0027,telemetry_14,50,50,320,-648.8153498138018,0.0,0.0,0.0
UAV_0027,telemetry_15,5,5,320,50326.89773345197,13.377828509364566,2.7754804384239833,0.807973194297665
UAV_0027,telemetry_15,20,20,320,50271.687259797276,40.06976328289839,98.06697549123055,6.224356891005366
UAV_0027,telemetry_15,50,50,320,50205.20216782824,68.09266836843872,234.43558103281975,4.505295197221138
UAV_0027,telemetry_16,5,5,320,-702.2301558128619,0.9499192771418197,0.0,0.17343073863319206
UAV_0027,telemetry_16,20,20,320,-701.1028560117462,2.0959492706851157,-1.7343073863319205,-0.22298237824267883
UAV_0027,telemetry_16,50,50,320,-699.143088665191,2.6427799205254474,-5.202922158995875,-0.1438246749673604
UAV_0027,telemetry_17,5,5,320,40.41581228213973,0.0,0.0,0.0
UAV_0027,telemetry_17,20,20,320,40.41581228213975,2.0425054758234562e-14,0.0,0.0
UAV_0027,telemetry_17,50,50,320,40.41581228213974,2.070326442789916e-14,0.0,0.0
UAV_0027,telemetry_18,5,5,320,-102.98090888069498,0.0032639564091430408,-0.004164235194608068,-0.00045153995243367716
UAV_0027,telemetry_18,20,20,320,-102.97225269541823,0.025175792656876986,0.005811369850547976,-0.001514287714866716
UAV_0027,telemetry_18,50,50,320,-102.95420873059408,0.03946647997003568,0.0033192658576695067,-0.001224231534293694
UAV_0027,telemetry_19,5,5,320,33511.12267046471,0.520279624416124,0.7391575043366174,0.21574581337772542
UAV_0027,telemetry_19,20,20,320,33509.95795744918,0.8755361892110095,2.5419282178554568,0.11404702735682284
UAV_0027,telemetry_19,50,50,320,33508.29987951048,1.63911651269731,5.948790644804831,0.10646665056083476
UAV_0027,telemetry_20,5,5,320,-164.8973841769026,0.0,0.0,0.0
UAV_0027,telemetry_20,20,20,320,-164.89738417690256,2.9160058604848984e-14,0.0,0.0
UAV_0027,telemetry_20,50,50,320,-164.8973841769026,0.0,0.0,0.0
UAV_0027,telemetry_21,5,5,320,34967.64891525754,0.8285161803040669,0.7357687995245215,0.07357687995172454
UAV_0027,telemetry_21,20,20,320,34966.69977350613,0.9740914363021556,3.8259977575507946,0.13509379010914502
UAV_0027,telemetry_21,50,50,320,34965.08843983517,1.6332322189683068,6.474765435865265,0.10541367540347359
UAV_0027,telemetry_22,5,5,320,23261.327924395817,34.580703081878625,-10.052036615943507,6.031221969565013
UAV_0027,telemetry_22,20,20,320,23214.622374554205,58.43671276072318,79.39652109693998,5.025689702655487
UAV_0027,telemetry_22,50,50,320,23169.373641613456,72.06087549082709,104.89081686201098,3.171208823521944
UAV_0027,telemetry_23,5,5,320,-17493.65940468813,10.760661017149047,-1.4558823732186283,-1.0711402418332
UAV_0027,telemetry_23,20,20,320,-17475.663759323288,16.52991575133211,-54.19543342830366,-2.2572369361160214
UAV_0027,telemetry_23,50,50,320,-17448.53995477468,28.155351477745633,-106.02862793496024,-1.8367549453440306
UAV_0027,telemetry_24,5,5,320,-3739.6280106002982,3.5110865812474596,-6.870472576712018,-1.5501240345121914
UAV_0027,telemetry_24,20,20,320,-3741.4185190614235,68.41317572828589,-35.46098403360838,-0.42162790770476294
UAV_0027,telemetry_24,50,50,320,-3711.571190081108,80.8422563264895,-71.28203587895496,-1.7614585093153474
UAV_0027,telemetry_25,5,5,320,-174.3572221003423,0.3193885079069207,0.3038352420034016,0.0030383524200345846
UAV_0027,telemetry_25,20,20,320,-173.94096781879767,0.45720044452336495,-0.8507386776095416,-0.06254893929363455
UAV_0027,telemetry_25,50,50,320,-173.26219988816203,0.7304168472034578,-1.2761080164143266,-0.04405866332782232
UAV_0027,telemetry_26,5,5,320,-7666.098417688564,11.084296592048211,-21.09821592904882,-4.133528018752531
UAV_0027,telemetry_26,20,20,320,-7639.216133038832,21.166379247497307,-77.9342261868942,-3.4420167524573433
UAV_0027,telemetry_26,50,50,320,-7598.52384609867,39.3092172140989,-145.6781576053354,-2.646716405751386
UAV_0027,telemetry_27,5,5,320,969.0302044744709,1.2710574864626038e-13,0.0,0.0
UAV_0027,telemetry_27,20,20,320,969.0302044744709,1.1664023441939594e-13,0.0,0.0
UAV_0027,telemetry_27,50,50,320,969.0302044744708,0.0,0.0,0.0
UAV_0027,telemetry_28,5,5,320,-9926.986945030996,14.060629609693377,-10.678631362219676,-3.335663224061136
UAV_0027,telemetry_28,20,20,320,-9880.150836004881,37.02651303787676,-99.47709060108355,-4.537176211308496
UAV_0027,telemetry_28,50,50,320,-9833.396115260097,51.65619555304986,-173.42827262575884,-3.0181217359779984
UAV_0028,telemetry_01,5,5,200,87.56089126399702,7.315611222353162,-3.9715697308463547,-0.76993655435936
UAV_0028,telemetry_01,20,20,200,84.68584494314923,9.846869745785243,-18.303108462333157,0.24529414066199534
UAV_0028,telemetry_01,50,50,200,85.7393717448103,11.36161185197745,-5.542572011906998,0.0646724134669895
UAV_0028,telemetry_02,5,5,200,11.940935021775962,5.403154914913344,-4.0285081515137415,-0.18147203848571128
UAV_0028,telemetry_02,20,20,200,10.520004572198118,3.8689781052577454,-5.6438048290837495,0.11510218807096861
UAV_0028,telemetry_02,50,50,200,10.670785422662107,6.665411340752762,-11.089062247343566,-0.002538951560116742
UAV_0028,telemetry_03,5,5,200,30377.82504938608,0.0,0.0,0.0
UAV_0028,telemetry_03,20,20,200,30377.825049386087,7.46497500284134e-12,0.0,0.0
UAV_0028,telemetry_03,50,50,200,30377.82504938608,0.0,0.0,0.0
UAV_0028,telemetry_04,5,5,200,-125.8906385379424,0.03713639518456482,0.06969460767184898,0.017494768864565913
UAV_0028,telemetry_04,20,20,200,-125.88736715839858,0.030951033649297206,0.0711169466039081,0.0002866066419525587
UAV_0028,telemetry_04,50,50,200,-125.89208932365311,0.029766918597069057,0.0583158962152055,1.0313237874936162e-05
UAV_0028,telemetry_05,5,5,200,-113.5260566529882,0.002951619072567392,-0.0044897807240431575,-0.0014417025088917512
UAV_0028,telemetry_05,20,20,200,-113.52680720691669,0.0027690210436836903,0.0025010386231230086,4.625559802804419e-05
UAV_0028,telemetry_05,50,50,200,-113.52653603017721,0.002906229080329491,0.0035157878917004837,-7.214192958774699e-06
UAV_0028,telemetry_06,5,5,200,-134.6952389691575,0.7734762351385077,1.029462729583031,0.22993839069519026
UAV_0028,telemetry_06,20,20,200,-134.8232329970935,0.925726708221224,-0.23043934579470715,0.03127767779469667
UAV_0028,telemetry_06,50,50,200,-135.50896538511768,1.0621142337182656,3.9600500619727654,0.04558577142471462
UAV_0028,telemetry_07,5,5,200,140.5912754437698,0.0,0.0,0.0
UAV_0028,telemetry_07,20,20,200,140.59127544376983,2.9160058604848984e-14,0.0,0.0
UAV_0028,telemetry_07,50,50,200,140.59127544376977,2.8710262101646174e-14,0.0,0.0
UAV_0028,telemetry_08,5,5,200,-4680.605940223165,0.0,0.0,0.0
UAV_0028,telemetry_08,20,20,200,-4680.605940223164,9.331218753551675e-13,0.0,0.0
UAV_0028,telemetry_08,50,50,200,-4680.605940223166,9.187283872526776e-13,0.0,0.0
UAV_0028,telemetry_09,5,5,200,-147.281280161941,9.292986189923186,-23.630953479388296,-4.029822897549383
UAV_0028,telemetry_09,20,20,200,-148.536770523461,9.273575557016068,-28.839270921092805,-0.21226382134051058
UAV_0028,telemetry_09,50,50,200,-150.40220468760555,9.823542897583705,-11.761420947162435,0.071718057677437
UAV_0028,telemetry_10,5,5,200,-63.1153902668162,0.33476932706087936,0.7373272019409356,0.11534757355871364
UAV_0028,telemetry_10,20,20,200,-62.36608364274186,1.3342230130234254,-3.489922900871804,-0.1287498176354832
UAV_0028,telemetry_10,50,50,200,-62.370698825886414,1.183685103539641,-0.21081329526146675,-0.00019284231815952486
UAV_0028,telemetry_11,5,5,200,62.98678738872103,0.07671849829441015,0.057157497485746944,-0.004326875977893252
UAV_0028,telemetry_11,20,20,200,62.95727382109404,0.0840275816337349,0.08386660846039007,0.004143727788352404
UAV_0028,telemetry_11,50,50,200,62.86572033049515,0.14506358883183396,0.1533102969944764,0.006325127894907743
UAV_0028,telemetry_12,5,5,200,631.6012239102045,1.4374336521289526,-0.5327026247578033,-0.4527972310440532
UAV_0028,telemetry_12,20,20,200,631.4747070368246,1.5978011903745466,-4.794323622819093,-0.09342322347723846
UAV_0028,telemetry_12,50,50,200,632.9116723671085,2.0434686599984064,-4.527972310440418,-0.09339242655415485
UAV_0028,telemetry_13,5,5,200,7144.393338941712,2.239274484804758,-6.225306343274497,-1.1787769562762151
UAV_0028,telemetry_13,20,20,200,7144.827823113451,3.682982649195672,1.6778195015813253,0.09798049459108014
UAV_0028,telemetry_13,50,50,200,7142.3006903674695,4.27338454581972,2.40209076303654,0.15070156876047508
UAV_0028,telemetry_14,5,5,200,-648.8153498138018,0.0,0.0,0.0
UAV_0028,telemetry_14,20,20,200,-648.8153498138018,0.0,0.0,0.0
UAV_0028,telemetry_14,50,50,200,-648.8153498138018,0.0,0.0,0.0
UAV_0028,telemetry_15,5,5,200,49994.37050599069,23.804202563034227,-13.939079535237397,-1.788642949212226
UAV_0028,telemetry_15,20,20,200,49999.76110577556,17.22035511284084,1.6036109199849307,-0.6410733764557451
UAV_0028,telemetry_15,50,50,200,50010.031616944616,22.86721498871047,-33.367442604248936,-0.7635373711610137
UAV_0028,telemetry_16,5,5,200,-701.8832943355956,1.4510256638667076,1.7343073863319205,0.0
UAV_0028,telemetry_16,20,20,200,-700.8427099037964,1.8146001429043321,1.7343073863319205,-0.08606337405857872
UAV_0028,telemetry_16,50,50,200,-699.5246362901842,2.112783365175571,-6.937229545327796,-0.08261382603799733
UAV_0028,telemetry_17,5,5,200,40.41581228213973,0.0,0.0,0.0
UAV_0028,telemetry_17,20,20,200,40.41581228213974,7.290014651212246e-15,0.0,0.0
UAV_0028,telemetry_17,50,50,200,40.41581228213974,7.177565525411544e-15,0.0,0.0
UAV_0028,telemetry_18,5,5,200,-103.32449952551583,0.0029894698059728685,-0.0021294070899813278,-0.0003086263352159335
UAV_0028,telemetry_18,20,20,200,-103.32607003789285,0.0025477633863298828,0.0047934183898235005,7.004167436053706e-05
UAV_0028,telemetry_18,50,50,200,-103.32667436353246,0.004248345309734738,0.010325848844956909,1.9704411465757662e-05
UAV_0028,telemetry_19,5,5,200,33507.446728831375,0.18740803625544805,0.027761618024669588,-0.02299705783952959
UAV_0028,telemetry_19,20,20,200,33506.967379447655,0.44808755179822807,0.3673683033848647,0.04554127073847633
UAV_0028,telemetry_19,50,50,200,33506.50083797131,0.6451808760229351,1.4618668184702983,0.035090546131948175
UAV_0028,telemetry_20,5,5,200,-164.8973841769026,0.0,0.0,0.0
UAV_0028,telemetry_20,20,20,200,-164.89738417690256,2.9160058604848984e-14,0.0,0.0
UAV_0028,telemetry_20,50,50,200,-164.8973841769026,0.0,0.0,0.0
UAV_0028,telemetry_21,5,5,200,34964.38210178762,0.3975875653216823,-1.0300763193445164,-0.19129988787826732
UAV_0028,telemetry_21,20,20,200,34963.77877137201,0.5369759354993154,0.44146127971907845,0.07191725108202256
UAV_0028,telemetry_21,50,50,200,34963.134237903614,0.7835527063887856,2.2073063985881163,0.043358245895948264
UAV_0028,telemetry_22,5,5,200,23249.731661864964,71.02990138662042,-54.047907021955325,-27.44643041222698
UAV_0028,telemetry_22,20,20,200,23204.730587797356,52.75680294597179,-22.434980273264955,2.673751921054429
UAV_0028,telemetry_22,50,50,200,23160.533676659034,63.98464085447688,126.88875206501689,2.2704097901960996
UAV_0028,telemetry_23,5,5,200,-17385.364550376846,4.258092461084641,1.3994015857533668,0.5471702123777504
UAV_0028,telemetry_23,20,20,200,-17386.889613703628,8.756021707891968,-0.3445678418393072,-0.1240422263604563
UAV_0028,telemetry_23,50,50,200,-17386.107086997974,8.514559433482868,10.944663226015109,-0.01649001344732125
UAV_0028,telemetry_24,5,5,200,-3627.9537176487866,2.648468568476506,0.14050290013256017,-0.5849754642249081
UAV_0028,telemetry_24,20,20,200,-3631.049438333931,3.188031246044077,9.86885728219795,0.2854194496983751
UAV_0028,telemetry_24,50,50,200,-3634.1719920743076,3.853552753383158,8.258037304880872,0.20538508970030317
UAV_0028,telemetry_25,5,5,200,-174.27214823258137,0.13989625122944885,-0.18230114520204665,-0.024306819360273835
UAV_0028,telemetry_25,20,20,200,-174.05794438696898,0.30658529842847765,-0.6076704840068317,-0.03460980388234463
UAV_0028,telemetry_25,50,50,200,-173.5326132535451,0.5440024169736825,-1.7014773552191116,-0.031927138539066834
UAV_0028,telemetry_26,5,5,200,-7441.223011446162,5.671882210911444,-2.296404454862568,0.18658286195750406
UAV_0028,telemetry_26,20,20,200,-7445.772762772358,5.86774635161436,11.62554755273959,0.5145327274804291
UAV_0028,telemetry_26,50,50,200,-7452.386407602362,7.828250295364081,27.700378736776656,0.4298728543311273
UAV_0028,telemetry_27,5,5,200,969.0302044744709,1.2710574864626038e-13,0.0,0.0
UAV_0028,telemetry_27,20,20,200,969.0302044744709,1.1664023441939594e-13,0.0,0.0
UAV_0028,telemetry_27,50,50,200,969.0302044744708,0.0,0.0,0.0
UAV_0028,telemetry_28,5,5,200,-9896.227487710354,35.7496390191624,22.046438636982202,8.171261953649992
UAV_0028,telemetry_28,20,20,200,-9892.777105640225,25.10808555325173,-38.444042049686686,0.22686155996830337
UAV_0028,telemetry_28,50,50,200,-9867.72790565189,37.733795019538405,-84.22316794425569,-1.7696295397182886
UAV_0029,telemetry_01,5,5,223,87.8910913274596,9.494639527593653,16.033593544441885,1.5213225222413969
UAV_0029,telemetry_01,20,20,223,88.02773259055789,9.150306933002813,11.065702059037037,0.22271583640823153
UAV_0029,telemetry_01,50,50,223,86.04031882406012,10.264995459536355,29.477029516874104,0.12900266036611505
UAV_0029,telemetry_02,5,5,223,13.383231928744365,7.534937378787417,-14.242898414361388,-2.323449947998532
UAV_0029,telemetry_02,20,20,223,10.959931468179523,6.806423529348072,-11.668697864276947,-0.01166340759364643
UAV_0029,telemetry_02,50,50,223,10.397008358517077,7.757198491753299,-12.645082581624223,0.04601950992934922
UAV_0029,telemetry_03,5,5,223,30377.82504938608,0.0,0.0,0.0
UAV_0029,telemetry_03,20,20,223,30377.825049386087,7.46497500284134e-12,0.0,0.0
UAV_0029,telemetry_03,50,50,223,30377.82504938608,7.275957614183426e-12,0.0,0.0
UAV_0029,telemetry_04,5,5,223,-125.90998234741865,0.05031341778871475,0.10667541990588347,0.023895294058917216
UAV_0029,telemetry_04,20,20,223,-125.89454997000557,0.03612874984496522,-0.009956372524555945,-0.0007817516987587435
UAV_0029,telemetry_04,50,50,223,-125.88406112050411,0.07135347349736199,-0.02133508398117101,-0.0012788979184162406
UAV_0029,telemetry_05,5,5,223,-113.52606203715898,0.003754078739347206,-0.003476820195601249,-0.0007774347238097334
UAV_0029,telemetry_05,20,20,223,-113.5258312258012,0.003083168994614392,0.002699128843374865,5.022373079929079e-06
UAV_0029,telemetry_05,50,50,223,-113.52601981424623,0.002657732690838141,0.0035818946544878827,1.3124534183333242e-05
UAV_0029,telemetry_06,5,5,223,-134.21432207358583,0.3559102217666318,0.16406279510380273,-0.02104011418127243
UAV_0029,telemetry_06,20,20,223,-134.66292736523627,0.6767852019019956,1.695733011989546,0.06822405803171337
UAV_0029,telemetry_06,50,50,223,-135.12463263274,0.782679048804106,2.6776050071149484,0.036811660126431056
UAV_0029,telemetry_07,5,5,223,140.5912754437698,0.0,0.0,0.0
UAV_0029,telemetry_07,20,20,223,140.59127544376983,2.9160058604848984e-14,0.0,0.0
UAV_0029,telemetry_07,50,50,223,140.59127544376977,2.8710262101646174e-14,0.0,0.0
UAV_0029,telemetry_08,5,5,223,-4680.605940223165,0.0,0.0,0.0
UAV_0029,telemetry_08,20,20,223,-4680.605940223164,9.331218753551675e-13,0.0,0.0
UAV_0029,telemetry_08,50,50,223,-4680.605940223166,9.187283872526776e-13,0.0,0.0
UAV_0029,telemetry_09,5,5,223,-152.0576329412213,4.506201296707065,0.7822433189367644,-0.8214246151998139
UAV_0029,telemetry_09,20,20,223,-155.25270365044915,7.7440344462821615,6.827091198939456,0.3329972206337584
UAV_0029,telemetry_09,50,50,223,-153.75682026520064,9.147596171883595,4.0839421219817496,-0.00046218541873412614
UAV_0029,telemetry_10,5,5,223,-62.552011342750276,0.7185675872927871,0.5413154762111176,0.038206930327838506
UAV_0029,telemetry_10,20,20,223,-62.13234215936647,0.878947234862098,-0.5157741405786567,-0.03319897959657435
UAV_0029,telemetry_10,50,50,223,-62.654285839358145,3.0373675037256973,-1.9916455528472454,0.0429730352117548
UAV_0029,telemetry_11,5,5,223,63.057192605250215,0.06173168372439643,0.14529756370209412,0.032585115389072425
UAV_0029,telemetry_11,20,20,223,63.01688855678945,0.08554827498963002,0.2799114830143239,0.0034272006608525346
UAV_0029,telemetry_11,50,50,223,63.007668451746056,0.5507684895700562,0.385679562473932,-0.0028698345236183864
UAV_0029,telemetry_12,5,5,223,630.322737610786,1.9878446376541585,-0.26635131237890164,0.35957427171142625
UAV_0029,telemetry_12,20,20,223,631.1817205932077,1.558047339145084,-3.5957427171142626,-0.12166046787228314
UAV_0029,telemetry_12,50,50,223,632.4748562148071,1.857683258954899,-6.259255840902824,-0.08798226544317155
UAV_0029,telemetry_13,5,5,223,7147.101893811863,2.7039555686507226,0.10352680116284319,0.6797583264016793
UAV_0029,telemetry_13,20,20,223,7145.769575570361,3.058194670508797,-0.685851593731968,0.03504426777443926
UAV_0029,telemetry_13,50,50,223,7143.419052515545,3.544983517341705,11.726754616061953,0.14268612119804172
UAV_0029,telemetry_14,5,5,223,-648.8153498138018,0.0,0.0,0.0
UAV_0029,telemetry_14,20,20,223,-648.8153498138018,0.0,0.0,0.0
UAV_0029,telemetry_14,50,50,223,-648.8153498138018,0.0,0.0,0.0
UAV_0029,telemetry_15,5,5,223,50037.44596239515,25.679093473060828,40.27530502877926,3.830163005032955
UAV_0029,telemetry_15,20,20,223,50037.378117317756,22.480079906545058,27.939836413534067,-0.5227270760567265
UAV_0029,telemetry_15,50,50,223,50038.92745217584,20.845097330111738,-11.225276439879963,0.02592965851776339
UAV_0029,telemetry_16,5,5,223,-702.9238787673947,1.4510256638667078,-3.468614772663841,-0.6937229545327682
UAV_0029,telemetry_16,20,20,223,-701.5364328583291,1.6880508533300675,-1.7343073863319205,-0.05737558270571793
UAV_0029,telemetry_16,50,50,223,-700.1836730969901,2.2785673716397072,-6.937229545327796,-0.0916913532941888
UAV_0029,telemetry_17,5,5,223,40.41581228213973,0.0,0.0,0.0
UAV_0029,telemetry_17,20,20,223,40.41581228213974,7.290014651212246e-15,0.0,0.0
UAV_0029,telemetry_17,50,50,223,40.41581228213974,1.680225011289375e-14,0.0,0.0
UAV_0029,telemetry_18,5,5,223,-103.33088471485738,0.0018104458454136785,-0.0022353079008610166,-0.00034399845986001767
UAV_0029,telemetry_18,20,20,223,-103.32849717531876,0.004046736255202639,-0.007246770468427144,-0.00016526714477981073
UAV_0029,telemetry_18,50,50,223,-103.32862675810313,0.005328466824899609,-0.004355121820822205,-1.3319956643540005e-06
UAV_0029,telemetry_19,5,5,223,33507.07914990627,0.35424643935084743,0.5181266894796863,0.10426797939435346
UAV_0029,telemetry_19,20,20,223,33506.908301751195,0.37361936820901304,0.7378158124483889,0.03713100719329318
UAV_0029,telemetry_19,50,50,223,33506.45672168574,0.5535261285380175,1.377634509910422,0.02738854089834574
UAV_0029,telemetry_20,5,5,223,-164.8973841769026,0.0,0.0,0.0
UAV_0029,telemetry_20,20,20,223,-164.89738417690256,2.9160058604848984e-14,0.0,0.0
UAV_0029,telemetry_20,50,50,223,-164.8973841769026,0.0,0.0,0.0
UAV_0029,telemetry_21,5,5,223,34964.058363515825,0.3051445312226909,0.14715375989908352,0.0882922559430881
UAV_0029,telemetry_21,20,20,223,34963.778771372,0.497306836599222,0.7357687995245215,0.022792236496911242
UAV_0029,telemetry_21,50,50,223,34963.22547323476,0.7133914868749608,1.4715375990563189,0.03576207341583103
UAV_0029,telemetry_22,5,5,223,23248.653617358326,32.3906128783043,10.9261267564616,6.8616076030572
UAV_0029,telemetry_22,20,20,223,23234.762868208614,52.544830866554214,76.62856898530299,4.445920390154764
UAV_0029,telemetry_22,50,50,223,23191.791140083904,65.48562425743064,146.26441684647216,2.7340168473575526
UAV_0029,telemetry_23,5,5,223,-17400.11195172568,6.1234842660782585,-13.841972365247784,-3.764919341903442
UAV_0029,telemetry_23,20,20,223,-17396.671017383378,6.8763291850889265,-7.664880290874862,-0.31521388280926294
UAV_0029,telemetry_23,50,50,223,-17394.797323124396,8.463450375852547,-31.550807464052923,-0.20751829109423353
UAV_0029,telemetry_24,5,5,223,-3628.2351895064216,1.9325335681231413,0.447080482270394,0.6084123805329
UAV_0029,telemetry_24,20,20,223,-3629.681960289159,2.2906311763328824,3.929895134227536,0.17671087015892056
UAV_0029,telemetry_24,50,50,223,-3626.704844564511,41.78504789212389,4.048719392241765,-0.46549459796712694
UAV_0029,telemetry_25,5,5,223,-174.39368232938273,0.15991088654768515,0.39498581460443916,0.10026562986112708
UAV_0029,telemetry_25,20,20,223,-174.05642521075896,0.35073252657409454,-0.425369338804785,-0.039292978665103125
UAV_0029,telemetry_25,50,50,223,-173.6340942243742,0.5031240805594408,-1.3064915406146724,-0.028062266721217744
UAV_0029,telemetry_26,5,5,223,-7442.170278283792,3.5731741545453337,4.736334188154615,1.5787780627181747
UAV_0029,telemetry_26,20,20,223,-7446.045460801372,4.9634370766754285,13.204325615459311,0.6297846051963016
UAV_0029,telemetry_26,50,50,223,-7450.721514372587,6.166338950083088,15.500730070321879,0.3190499742765486
UAV_0029,telemetry_27,5,5,223,969.0302044744709,1.2710574864626038e-13,0.0,0.0
UAV_0029,telemetry_27,20,20,223,969.0302044744709,1.1664023441939594e-13,0.0,0.0
UAV_0029,telemetry_27,50,50,223,969.0302044744708,0.0,0.0,0.0
UAV_0029,telemetry_28,5,5,223,-9920.409802605722,16.720364362989695,-11.58331692536376,-1.2525692697932755
UAV_0029,telemetry_28,20,20,223,-9907.143701562922,21.92770534873697,-16.24228197456796,-1.2345570425198227
UAV_0029,telemetry_28,50,50,223,-9873.846468800115,37.51221231784591,-103.6028386750877,-2.0562896630161913
UAV_0030,telemetry_01,5,5,218,80.9078839535016,8.716328121406768,-4.985529781298354,-2.299720751326079
UAV_0030,telemetry_01,20,20,218,84.75500505577507,9.954726180292367,-9.615926091244845,-0.5382251681471821
UAV_0030,telemetry_01,50,50,218,83.90462594573548,11.327121397944845,6.484389428469399,0.058954364085242315
UAV_0030,telemetry_02,5,5,218,12.645943310609976,4.570326398747138,-8.008850472419894,-1.8237659223457932
UAV_0030,telemetry_02,20,20,218,9.29992363107148,6.304687984074194,-8.24699295593254,0.2976924376573944
UAV_0030,telemetry_02,50,50,218,11.318175692398283,7.830567868309367,-0.16431154134508574,-0.03276147288540055
UAV_0030,telemetry_03,5,5,218,30377.82504938608,0.0,0.0,0.0
UAV_0030,telemetry_03,20,20,218,30377.825049386087,7.46497500284134e-12,0.0,0.0
UAV_0030,telemetry_03,50,50,218,30377.82504938608,0.0,0.0,0.0
UAV_0030,telemetry_04,5,5,218,-125.8943366191658,0.026083539926174,0.04551484582650289,0.013512219854742113
UAV_0030,telemetry_04,20,20,218,-125.89469220389879,0.03015568630887975,-0.014223389320775937,-0.0008288065205712043
UAV_0030,telemetry_04,50,50,218,-125.89325564157741,0.03196730279974423,0.049781862622737094,-5.013189801422609e-05
UAV_0030,telemetry_05,5,5,218,-113.52522684585958,0.00342802369633963,-0.00906975601728277,-0.0020845955880929522
UAV_0030,telemetry_05,20,20,218,-113.52459545690817,0.00254512321304222,-0.007969383606223346,-9.836736240149557e-05
UAV_0030,telemetry_05,50,50,218,-113.52492709971806,0.0024013793354744797,-0.004412053082447187,1.915222903144505e-05
UAV_0030,telemetry_06,5,5,218,-133.9901446665355,0.45291490874386364,0.6161747724511315,0.17182759914694543
UAV_0030,telemetry_06,20,20,218,-134.66223855197438,1.0180521822280018,2.2931219682074584,0.09928798242866729
UAV_0030,telemetry_06,50,50,218,-135.77284348380766,1.302993731929685,3.719591614186868,0.07042562702915495
UAV_0030,telemetry_07,5,5,218,140.5912754437698,0.0,0.0,0.0
UAV_0030,telemetry_07,20,20,218,140.59127544376983,2.9160058604848984e-14,0.0,0.0
UAV_0030,telemetry_07,50,50,218,140.59127544376977,2.8710262101646174e-14,0.0,0.0
UAV_0030,telemetry_08,5,5,218,-4680.605940223165,0.0,0.0,0.0
UAV_0030,telemetry_08,20,20,218,-4680.605940223164,9.331218753551675e-13,0.0,0.0
UAV_0030,telemetry_08,50,50,218,-4680.605940223166,9.187283872526776e-13,0.0,0.0
UAV_0030,telemetry_09,5,5,218,-152.1307447579674,11.536585933405327,-8.918928073700897,-2.647657940513139
UAV_0030,telemetry_09,20,20,218,-153.17760447157315,10.049719034239736,-24.391850757042903,0.2558765436099926
UAV_0030,telemetry_09,50,50,218,-152.0986050890397,9.65969636278572,-22.486133956867036,-0.05692534418549367
UAV_0030,telemetry_10,5,5,218,-61.69681586635902,1.4258498889787175,-3.711894606280019,-0.7801248294966946
UAV_0030,telemetry_10,20,20,218,-62.59680067511702,1.4174197447370465,-0.24652458939670652,0.07307110928877898
UAV_0030,telemetry_10,50,50,218,-62.60275679035876,1.160272214847258,-0.9623984433244104,0.0027593896482924546
UAV_0030,telemetry_11,5,5,218,63.18475531926513,0.08293374650093828,0.1912372345784803,0.044497378883763615
UAV_0030,telemetry_11,20,20,218,63.014431318579796,0.14098728292739557,0.30875732286693136,0.018561024743931162
UAV_0030,telemetry_11,50,50,218,62.84622267948365,0.19229176580473772,0.6666594099272274,0.010711988752526344
UAV_0030,telemetry_12,5,5,218,630.9619807604953,0.801270457170154,-1.8644591866518567,-0.4527972310440191
UAV_0030,telemetry_12,20,20,218,631.7277407835845,1.5807681414259707,-2.6635131237885616,-0.13127314681528887
UAV_0030,telemetry_12,50,50,218,633.5828776743032,2.069741338409121,-5.992904528523923,-0.10996823931972474
UAV_0030,telemetry_13,5,5,218,7148.414227505341,3.509159315768169,8.357873171861684,1.3368701071424767
UAV_0030,telemetry_13,20,20,218,7144.585935130791,5.4138464895072245,9.88902685609537,0.5522558886791482
UAV_0030,telemetry_13,50,50,218,7141.000421717888,5.4659269159989305,9.298957743105348,0.23103130716295062
UAV_0030,telemetry_14,5,5,218,-648.8153498138018,0.0,0.0,0.0
UAV_0030,telemetry_14,20,20,218,-648.8153498138018,0.0,0.0,0.0
UAV_0030,telemetry_14,50,50,218,-648.8153498138018,0.0,0.0,0.0
UAV_0030,telemetry_15,5,5,218,50820.72354852627,34.94013591866552,69.01694690230943,20.217833060390696
UAV_0030,telemetry_15,20,20,218,50681.218650089264,105.13839724988777,296.2362787952152,17.15144888277694
UAV_0030,telemetry_15,50,50,218,50486.36327042877,185.618664518684,602.4026098257236,12.491052489750578
UAV_0030,telemetry_16,5,5,218,-702.9238787673946,2.849757831425459,-3.468614772663841,-1.2140151704323443
UAV_0030,telemetry_16,20,20,218,-701.8832943355956,2.360590228178335,-6.937229545327796,-0.25297416011157625
UAV_0030,telemetry_16,50,50,218,-699.4552639947308,2.691342920284449,-8.671536931659716,-0.1464063570310477
UAV_0030,telemetry_17,5,5,218,40.41581228213973,0.0,0.0,0.0
UAV_0030,telemetry_17,20,20,218,40.41581228213974,7.290014651212246e-15,0.0,0.0
UAV_0030,telemetry_17,50,50,218,40.41581228213974,7.177565525411544e-15,0.0,0.0
UAV_0030,telemetry_18,5,5,218,-103.32571783851574,0.003218509891903358,0.001438232930496497,-7.572230142471881e-05
UAV_0030,telemetry_18,20,20,218,-103.32900768310256,0.005426494224678058,0.0009051736458332016,0.0003746538909686464
UAV_0030,telemetry_18,50,50,218,-103.32821810897686,0.005700588380065926,0.0034259956193523067,-1.9441254376986918e-05
UAV_0030,telemetry_19,5,5,218,33506.98333974667,1.9049408717332572,4.400662743864814,1.0994432172832602
UAV_0030,telemetry_19,20,20,218,33505.7025441755,1.2285282087848401,4.172917653806508,0.12698965472462667
UAV_0030,telemetry_19,50,50,218,33505.04248504623,1.009592805076104,5.633314287078974,0.044140296589349697
UAV_0030,telemetry_20,5,5,218,-164.8973841769026,0.0,0.0,0.0
UAV_0030,telemetry_20,20,20,218,-164.89738417690256,2.9160058604848984e-14,0.0,0.0
UAV_0030,telemetry_20,50,50,218,-164.8973841769026,0.0,0.0,0.0
UAV_0030,telemetry_21,5,5,218,34963.9406405079,2.06697348614864,4.561766557082592,1.162514703256602
UAV_0030,telemetry_21,20,20,218,34962.55003747679,1.3378901190311145,5.0032278367943945,0.1319958162162428
UAV_0030,telemetry_21,50,50,218,34961.77748023728,1.1100911685142503,6.033304156138911,0.04793008179789494
UAV_0030,telemetry_22,5,5,218,23284.578722133563,58.61248933865508,-92.50787320470045,-30.40376872097695
UAV_0030,telemetry_22,20,20,218,23235.53498116607,60.512948530852476,129.80238586673659,4.832579311962274
UAV_0030,telemetry_22,50,50,218,23158.660210124515,94.63477869302774,288.7411097507065,4.964489217687998
UAV_0030,telemetry_23,5,5,218,-17672.092096390803,19.415597647432882,-50.109703499598254,-12.26242672002336
UAV_0030,telemetry_23,20,20,218,-17617.15453041127,41.116560170755974,-128.4429694567225,-6.811085150622613
UAV_0030,telemetry_23,50,50,218,-17547.18443760915,67.78858778641866,-244.09113087962396,-4.5636988217737295
UAV_0030,telemetry_24,5,5,218,-3632.394708778194,3.2317145796910185,-6.011314489298911,-1.174436496859562
UAV_0030,telemetry_24,20,20,218,-3634.9156338582834,3.590800571349337,-1.306569439265786,0.29754704132080534
UAV_0030,telemetry_24,50,50,218,-3638.112064954344,3.9332254159641082,5.369831246120157,0.19665629201744128
UAV_0030,telemetry_25,5,5,218,-174.1323840212598,0.31104182241118716,-0.18230114520204665,0.012153409680138338
UAV_0030,telemetry_25,20,20,218,-173.7495516163355,0.4450188772214991,-1.488792685816719,-0.05633516592333942
UAV_0030,telemetry_25,50,50,218,-173.10116720990027,0.6660830312286554,-2.0964631698235507,-0.041083777092792484
UAV_0030,telemetry_26,5,5,218,-7449.461362427979,6.231708261725968,16.935982854609392,2.970973263478027
UAV_0030,telemetry_26,20,20,218,-7455.274136204351,5.741407706465362,19.37591258790053,0.7035976055311559
UAV_0030,telemetry_26,50,50,218,-7462.022694796078,7.854946029552588,35.88131960722512,0.42679214367290413
UAV_0030,telemetry_27,5,5,218,969.0302044744709,1.2710574864626038e-13,0.0,0.0
UAV_0030,telemetry_27,20,20,218,969.0302044744709,1.1664023441939594e-13,0.0,0.0
UAV_0030,telemetry_27,50,50,218,969.0302044744708,0.0,0.0,0.0
UAV_0030,telemetry_28,5,5,218,-9938.58682039272,36.39793056521193,-89.39193333541152,-20.216262399996594
UAV_0030,telemetry_28,20,20,218,-9895.491670068983,42.376400259237755,-156.16339123349098,-5.517826960142986
UAV_0030,telemetry_28,50,50,218,-9842.271254046627,60.92839656893085,-238.85896950698407,-3.6345723264412197
UAV_0031,telemetry_01,5,5,183,91.82531118414275,5.828237588154136,-2.092098229635539,0.5519118042666065
UAV_0031,telemetry_01,20,20,183,85.04852212170262,10.437271529875499,-8.543806815720174,0.19453258428467915
UAV_0031,telemetry_01,50,50,183,86.30472574499339,10.73531625517015,-4.182786972656501,-0.016773714022339393
UAV_0031,telemetry_02,5,5,183,13.329423625491312,8.620687477443042,-12.152196863759102,-0.5601391161403138
UAV_0031,telemetry_02,20,20,183,13.10301572844389,6.992664034353683,-16.66602950246866,-0.010304047568050295
UAV_0031,telemetry_02,50,50,183,10.794077382334079,7.9916169240284205,-6.2573527548355825,0.12722674682924512
UAV_0031,telemetry_03,5,5,183,30377.82504938608,0.0,0.0,0.0
UAV_0031,telemetry_03,20,20,183,30377.825049386087,7.46497500284134e-12,0.0,0.0
UAV_0031,telemetry_03,50,50,183,30377.82504938608,0.0,0.0,0.0
UAV_0031,telemetry_04,5,5,183,-125.88494918221406,0.017256670337884437,-0.005689355728293322,-0.0019912745049040837
UAV_0031,telemetry_04,20,20,183,-125.89191864298125,0.022874557996182782,0.031291456505741166,0.0006352400944775805
UAV_0031,telemetry_04,50,50,183,-125.89297117379101,0.030481617215620774,-0.0014223389320591195,0.0001733443558039242
UAV_0031,telemetry_05,5,5,183,-113.52719313016132,0.0028524299979536083,-0.0007692124243021681,-0.0007743716731098971
UAV_0031,telemetry_05,20,20,183,-113.5260979935055,0.002674747963862339,-0.005452780493143905,-0.00021793520479201036
UAV_0031,telemetry_05,50,50,183,-113.52634017343,0.0026077105276683223,-0.002805322007802147,-1.5039945868859216e-05
UAV_0031,telemetry_06,5,5,183,-133.87692881403638,0.7567769948162673,-0.2867967944945349,-0.19712583167441836
UAV_0031,telemetry_06,20,20,183,-134.4865285508059,0.735341286676739,1.0858201782828587,0.052687858431077254
UAV_0031,telemetry_06,50,50,183,-135.0826525953974,0.966407477647664,2.273083764225362,0.043897919585089124
UAV_0031,telemetry_07,5,5,183,140.5912754437698,0.0,0.0,0.0
UAV_0031,telemetry_07,20,20,183,140.59127544376983,2.9160058604848984e-14,0.0,0.0
UAV_0031,telemetry_07,50,50,183,140.59127544376977,2.8710262101646174e-14,0.0,0.0
UAV_0031,telemetry_08,5,5,183,-4680.605940223165,0.0,0.0,0.0
UAV_0031,telemetry_08,20,20,183,-4680.605940223164,9.331218753551675e-13,0.0,0.0
UAV_0031,telemetry_08,50,50,183,-4680.605940223166,9.187283872526776e-13,0.0,0.0
UAV_0031,telemetry_09,5,5,183,-154.98940837544853,8.504326999324789,-22.99967608469919,-4.9886920707914815
UAV_0031,telemetry_09,20,20,183,-153.7156546179952,10.158964756901227,-12.449396907567177,-0.24902030881678214
UAV_0031,telemetry_09,50,50,183,-151.49683000174414,10.88181440263159,-30.518501075673925,-0.13996904789653486
UAV_0031,telemetry_10,5,5,183,-62.771272924086404,1.96398816415891,-2.0214221275190596,-0.40336330476717
UAV_0031,telemetry_10,20,20,183,-62.55815455222752,1.2639701968934938,-1.7622992602722434,-0.05515412327957471
UAV_0031,telemetry_10,50,50,183,-62.423393293879265,1.2053861781782078,-0.0026061560575385556,-0.008843061379809959
UAV_0031,telemetry_11,5,5,183,63.12033294359428,0.05125589044883387,0.12606700380033686,0.025747582979560237
UAV_0031,telemetry_11,20,20,183,63.01477853702246,0.1381933689146655,0.16399394138434076,0.011176859251165494
UAV_0031,telemetry_11,50,50,183,62.94531348119961,0.12087351537548147,0.25747582979560946,0.004612769275725363
UAV_0031,telemetry_12,5,5,183,629.8166701172663,1.5490796318525735,-3.8620940294931643,-0.9189120277069833
UAV_0031,telemetry_12,20,20,183,631.0884976338751,1.439720946220989,-4.527972310440191,-0.12346284517409765
UAV_0031,telemetry_12,50,50,183,632.1206089693434,1.7112540399659548,-7.324661090417976,-0.07324181466206016
UAV_0031,telemetry_13,5,5,183,7147.385325806153,6.2701516958518475,5.665657593601281,0.12416521662653394
UAV_0031,telemetry_13,20,20,183,7146.453440830306,4.425969757597324,6.7662336687762945,0.21032567842714986
UAV_0031,telemetry_13,50,50,183,7144.226840317245,4.175106383565199,0.16354120695541496,0.11297908281127549
UAV_0031,telemetry_14,5,5,183,-648.8153498138018,0.0,0.0,0.0
UAV_0031,telemetry_14,20,20,183,-648.8153498138018,0.0,0.0,0.0
UAV_0031,telemetry_14,50,50,183,-648.8153498138018,0.0,0.0,0.0
UAV_0031,telemetry_15,5,5,183,50006.33591054749,40.834421126062274,50.02032523483649,16.412340992588724
UAV_0031,telemetry_15,20,20,183,49978.16786796456,33.736631904868595,44.531041701055074,2.8827897405955496
UAV_0031,telemetry_15,50,50,183,49953.11453120699,34.25964565681452,103.8029683973291,1.5374199504548791
UAV_0031,telemetry_16,5,5,183,-701.1895713810627,1.4510256638667076,0.0,0.3468614772663841
UAV_0031,telemetry_16,20,20,183,-701.0161406424295,1.3897260189177625,-1.7343073863319205,-0.0625915447698746
UAV_0031,telemetry_16,50,50,183,-700.0449285060837,1.567352120770011,0.0,-0.04688667747922678
UAV_0031,telemetry_17,5,5,183,40.41581228213973,0.0,0.0,0.0
UAV_0031,telemetry_17,20,20,183,40.41581228213974,7.290014651212246e-15,0.0,0.0
UAV_0031,telemetry_17,50,50,183,40.41581228213974,7.177565525411544e-15,0.0,0.0
UAV_0031,telemetry_18,5,5,183,-103.32641747806242,0.003937684911748788,-0.0034623684385337583,-0.00040652568638819273
UAV_0031,telemetry_18,20,20,183,-103.3285795597078,0.005382788977774822,0.002556182453730571,8.809835291305078e-05
UAV_0031,telemetry_18,50,50,183,-103.32711611928602,0.005728586374297987,0.0069381355176005854,-4.143996944761437e-05
UAV_0031,telemetry_19,5,5,183,33507.70696087803,0.269983170705272,0.3131514113774756,0.06738864198123337
UAV_0031,telemetry_19,20,20,183,33507.3646053551,0.4249339936734398,0.5870331844998873,0.032278160355655616
UAV_0031,telemetry_19,50,50,183,33507.001278626754,0.5071435578705203,1.4438720255493536,0.023566050724434417
UAV_0031,telemetry_20,5,5,183,-164.8973841769026,0.0,0.0,0.0
UAV_0031,telemetry_20,20,20,183,-164.89738417690256,2.9160058604848984e-14,0.0,0.0
UAV_0031,telemetry_20,50,50,183,-164.8973841769026,0.0,0.0,0.0
UAV_0031,telemetry_21,5,5,183,34964.23494802772,0.35439318350610477,0.29430751981271897,-0.0294307519805443
UAV_0031,telemetry_21,20,20,183,34964.03629045184,0.4372459818296294,0.5886150396254379,0.03817146403577264
UAV_0031,telemetry_21,50,50,183,34963.69047911606,0.5443430899832131,1.4715375990635948,0.02513449815055523
UAV_0031,telemetry_22,5,5,183,23207.48397173998,61.07533502558878,-34.963605620669114,-21.779412667876386
UAV_0031,telemetry_22,20,20,183,23194.168665266112,55.27112757645081,66.86789574953218,2.0857674756541016
UAV_0031,telemetry_22,50,50,183,23158.226078688065,61.23149440069201,87.4090140516746,1.7335316635526012
UAV_0031,telemetry_23,5,5,183,-17385.64141346185,8.789927992061655,-8.51303190760882,-3.3057962450177003
UAV_0031,telemetry_23,20,20,183,-17381.630001320744,9.245217217471668,-25.034543834517535,-0.5758314562831832
UAV_0031,telemetry_23,50,50,183,-17368.560419083242,14.00646689612386,-27.13327957200454,-0.8127471759284645
UAV_0031,telemetry_24,5,5,183,-3627.526002685342,3.8563570955214406,-5.647830924443497,-1.189923499315546
UAV_0031,telemetry_24,20,20,183,-3629.083436006349,2.7670849014396097,5.446086168836246,0.22096479463912694
UAV_0031,telemetry_24,50,50,183,-3631.6498242940083,3.2395411107383825,3.772967613850142,0.16025450727536936
UAV_0031,telemetry_25,5,5,183,-174.509139721344,0.23238927418388317,-0.2734517178030842,-0.04557528630051877
UAV_0031,telemetry_25,20,20,183,-174.23416882733096,0.2985887656231612,-1.1241903954126258,-0.03885892831938366
UAV_0031,telemetry_25,50,50,183,-173.8984308849172,0.44571074300102104,-1.6710938310187657,-0.022662534521195512
UAV_0031,telemetry_26,5,5,183,-7441.108191223419,5.052008251584868,-8.180940870445738,-2.4399297332908647
UAV_0031,telemetry_26,20,20,183,-7444.488211530421,4.996328047832154,6.889213364587704,0.4626262170110291
UAV_0031,telemetry_26,50,50,183,-7448.766700080384,5.924497790579828,19.08886203104521,0.2954174086231109
UAV_0031,telemetry_27,5,5,183,969.0302044744709,1.2710574864626038e-13,0.0,0.0
UAV_0031,telemetry_27,20,20,183,969.0302044744709,1.1664023441939594e-13,0.0,0.0
UAV_0031,telemetry_27,50,50,183,969.0302044744708,0.0,0.0,0.0
UAV_0031,telemetry_28,5,5,183,-9931.614348212082,24.910649366018255,-22.633330320828463,-4.472757926330269
UAV_0031,telemetry_28,20,20,183,-9912.38080998504,28.156297403279478,-54.3705470869445,-2.958117139142632
UAV_0031,telemetry_28,50,50,183,-9886.763225460345,36.535333204646065,-79.94750682655649,-1.7326783590980734
UAV_0032,telemetry_01,5,5,189,79.33210809197922,5.123181466582943,-5.534370830060595,-0.36025250835969447
UAV_0032,telemetry_01,20,20,189,88.01577074087682,11.759293586711296,-15.564935686418465,-0.7867724058498867
UAV_0032,telemetry_01,50,50,189,87.74899574246915,11.201837575267891,-13.842657482193928,-0.08451881708197864
UAV_0032,telemetry_02,5,5,189,9.49327349116094,7.641331476637213,-5.275177542743791,0.3486363417136632
UAV_0032,telemetry_02,20,20,189,10.107637263823548,5.809693948964154,-1.334322244672789,-0.23117215569923938
UAV_0032,telemetry_02,50,50,189,11.881744190579282,6.912303886994069,-2.527181877566097,-0.0928208279277077
UAV_0032,telemetry_03,5,5,189,30377.82504938608,0.0,0.0,0.0
UAV_0032,telemetry_03,20,20,189,30377.825049386087,7.46497500284134e-12,0.0,0.0
UAV_0032,telemetry_03,50,50,189,30377.82504938608,7.795668872339385e-12,0.0,0.0
UAV_0032,telemetry_04,5,5,189,-125.87897535869936,0.022002622466952962,-0.009956372524555945,-0.003271379543784292
UAV_0032,telemetry_04,20,20,189,-125.90507527810298,0.028916299435391656,0.06684992980768811,0.0022383123194285475
UAV_0032,telemetry_04,50,50,189,-125.88898224260382,0.059698219038844626,0.014223389320790147,-0.000434539927905427
UAV_0032,telemetry_05,5,5,189,-113.52445569945306,0.002961932433002229,-0.006139535291737275,-0.0010500077212839188
UAV_0032,telemetry_05,20,20,189,-113.52537504687004,0.0023493226092916914,-0.003585132878711761,9.481912682537171e-05
UAV_0032,telemetry_05,50,50,189,-113.52486747569338,0.0023995382146051332,-0.00611867331295457,-3.774227235829713e-05
UAV_0032,telemetry_06,5,5,189,-134.0575231274255,0.7371636633011034,0.1878581623326454,0.15128844006523537
UAV_0032,telemetry_06,20,20,189,-134.65535041935553,0.8049016290719709,1.3888980135128577,0.07954357166279541
UAV_0032,telemetry_06,50,50,189,-135.7097481890188,1.1306702433089684,1.4728079926881037,0.06104321310998541
UAV_0032,telemetry_07,5,5,189,140.5912754437698,0.0,0.0,0.0
UAV_0032,telemetry_07,20,20,189,140.59127544376983,2.9160058604848984e-14,0.0,0.0
UAV_0032,telemetry_07,50,50,189,140.59127544376977,2.8710262101646174e-14,0.0,0.0
UAV_0032,telemetry_08,5,5,189,-4680.605940223165,0.0,0.0,0.0
UAV_0032,telemetry_08,20,20,189,-4680.605940223164,9.331218753551675e-13,0.0,0.0
UAV_0032,telemetry_08,50,50,189,-4680.605940223166,9.187283872526776e-13,0.0,0.0
UAV_0032,telemetry_09,5,5,189,-140.68542948211297,9.83086840867374,-1.613404445413579,-1.7223497003720838
UAV_0032,telemetry_09,20,20,189,-148.80806974345842,9.253523767292819,26.590539330223265,0.894200361143819
UAV_0032,telemetry_09,50,50,189,-154.01460417917949,9.99458332717195,41.8565955441467,0.34230996306022926
UAV_0032,telemetry_10,5,5,189,-63.94912096579769,1.3127762029910248,0.1917362612017186,-0.09006237367689067
UAV_0032,telemetry_10,20,20,189,-63.09177551522102,1.4772502869948274,-0.5846429308483323,-0.057017288394470254
UAV_0032,telemetry_10,50,50,189,-62.944910932943,2.74130870142026,-1.2546399178192544,-0.019008789215591654
UAV_0032,telemetry_11,5,5,189,63.12567476578921,0.03838053709332053,0.0021367288779643445,0.00940160706307438
UAV_0032,telemetry_11,20,20,189,62.98758866205028,0.1253132619324031,0.24465545652777365,0.014508067768815877
UAV_0032,telemetry_11,50,50,189,62.96010370004878,0.6017824755496272,0.24786054984473083,0.003434638752484468
UAV_0032,telemetry_12,5,5,189,631.041886154209,1.2000597229306624,1.0654052495153792,-0.10654052495153792
UAV_0032,telemetry_12,20,20,189,632.2204907114854,1.8775679546391388,-3.7289183733037135,-0.22439597407555548
UAV_0032,telemetry_12,50,50,189,633.7027357648736,2.0876154826763047,-2.263986155220209,-0.10120070872497244
UAV_0032,telemetry_13,5,5,189,7144.606449373164,3.136337611061876,2.4098051186392695,0.42289007842573484
UAV_0032,telemetry_13,20,20,189,7144.370336325281,4.02626738934235,0.3532461163631524,0.1743048031908095
UAV_0032,telemetry_13,50,50,189,7141.769732018179,3.97488901111651,-0.6649045301337537,0.1547685488541154
UAV_0032,telemetry_14,5,5,189,-648.8153498138018,0.0,0.0,0.0
UAV_0032,telemetry_14,20,20,189,-648.8153498138018,0.0,0.0,0.0
UAV_0032,telemetry_14,50,50,189,-648.8153498138018,0.0,0.0,0.0
UAV_0032,telemetry_15,5,5,189,50693.65588632059,36.421356284038225,85.05305610215146,19.465369474864566
UAV_0032,telemetry_15,20,20,189,50552.81567340596,106.27053614013775,350.882404760785,17.784314071470124
UAV_0032,telemetry_15,50,50,189,50368.53734130962,175.8429198292051,569.2201992507034,11.783953219413569
UAV_0032,telemetry_16,5,5,189,-703.9644631991939,0.9499192771418197,-1.7343073863319205,-0.3468614772663841
UAV_0032,telemetry_16,20,20,189,-702.3168711821785,2.0655164496560383,-5.2029221589957615,-0.25167016959553545
UAV_0032,telemetry_16,50,50,189,-699.8714977674504,2.8456622656923125,-10.405844317991637,-0.15107004075899905
UAV_0032,telemetry_17,5,5,189,40.41581228213973,0.0,0.0,0.0
UAV_0032,telemetry_17,20,20,189,40.41581228213974,7.290014651212246e-15,0.0,0.0
UAV_0032,telemetry_17,50,50,189,40.41581228213973,1.218073261303029e-14,0.0,0.0
UAV_0032,telemetry_18,5,5,189,-103.32666788780489,0.005089617766225721,0.008076555798325558,0.00143237665124758
UAV_0032,telemetry_18,20,20,189,-103.32627774754403,0.004817883511246928,-0.0010803087218818064,-0.00013338820542144772
UAV_0032,telemetry_18,50,50,189,-103.32753022140389,0.005461161168064877,0.007428114605119163,0.00010340869934586256
UAV_0032,telemetry_19,5,5,189,33506.18807424986,0.10168970462095232,0.10274256215052446,0.020192993223463417
UAV_0032,telemetry_19,20,20,189,33505.677245849685,0.4339977544487626,0.6966044252549182,0.0563248374342209
UAV_0032,telemetry_19,50,50,189,33505.259524780005,0.5379194347637221,1.8659813380800188,0.027115850948720866
UAV_0032,telemetry_20,5,5,189,-164.8973841769026,0.0,0.0,0.0
UAV_0032,telemetry_20,20,20,189,-164.89738417690256,2.9160058604848984e-14,0.0,0.0
UAV_0032,telemetry_20,50,50,189,-164.8973841769026,0.0,0.0,0.0
UAV_0032,telemetry_21,5,5,189,34962.61625666874,0.3387733962229169,0.44146127971907845,0.16186913589699542
UAV_0032,telemetry_21,20,20,189,34962.40288371689,0.3247751367024283,0.588615039618162,0.013387672893462932
UAV_0032,telemetry_21,50,50,189,34961.92169092199,0.625480319879272,1.4715375990563189,0.025183961599209794
UAV_0032,telemetry_22,5,5,189,23287.812855653472,39.43393729181818,72.5494816628925,7.458902532409775
UAV_0032,telemetry_22,20,20,189,23235.236333701396,64.5439738511214,184.4330196490373,8.840140210594795
UAV_0032,telemetry_22,50,50,189,23170.14575457091,81.93519462861538,149.9064590986236,4.483267442848875
UAV_0032,telemetry_23,5,5,189,-17622.989339518674,17.105393821083425,-43.9600652139743,-9.806554502433936
UAV_0032,telemetry_23,20,20,189,-17573.84883925136,40.48829562094698,-130.93329588764755,-6.718945855255193
UAV_0032,telemetry_23,50,50,189,-17506.184640914034,64.3380546887167,-217.69731025134024,-4.27534831672384
UAV_0032,telemetry_24,5,5,189,-3629.651328676375,2.0980202266326584,2.0042218749117637,0.6354708397879222
UAV_0032,telemetry_24,20,20,189,-3633.407632654388,4.405879773921335,9.997278361374356,0.5461949614195412
UAV_0032,telemetry_24,50,50,189,-3643.0309509173558,42.247453466881254,13.267163401078506,0.5147436027924641
UAV_0032,telemetry_25,5,5,189,-174.5577533600646,0.43903929635452255,-0.972272774410925,-0.23699148876266066
UAV_0032,telemetry_25,20,20,189,-173.91514182322737,0.5450769299395892,-2.1268466940238966,-0.07531915735979337
UAV_0032,telemetry_25,50,50,189,-173.34727375592303,0.6236311144520229,-2.1268466940238966,-0.03519090534032315
UAV_0032,telemetry_26,5,5,189,-7448.8585562585795,5.090597016019146,10.907921160597652,2.095469065062025
UAV_0032,telemetry_26,20,20,189,-7454.857912896907,5.718038901558723,23.681670940770346,0.5838133506018199
UAV_0032,telemetry_26,50,50,189,-7459.21534035001,6.202629433163766,21.959367599622965,0.2906343813371859
UAV_0032,telemetry_27,5,5,189,969.0302044744709,1.2710574864626038e-13,0.0,0.0
UAV_0032,telemetry_27,20,20,189,969.0302044744709,1.1664023441939594e-13,0.0,0.0
UAV_0032,telemetry_27,50,50,189,969.0302044744708,0.0,0.0,0.0
UAV_0032,telemetry_28,5,5,189,-9919.575721507359,20.133183688682028,-27.646068059519166,-2.5448651393528054
UAV_0032,telemetry_28,20,20,189,-9900.459031183354,31.035196579739534,-88.66214261222558,-3.541954369642726
UAV_0032,telemetry_28,50,50,189,-9848.42655669046,54.87362839821022,-151.42873304205386,-3.375526833413785
UAV_0033,telemetry_01,5,5,231,83.97936638222676,13.574261664267713,27.856028740653798,4.158631242488667
UAV_0033,telemetry_01,20,20,231,84.75798732053143,11.057125922747412,18.984641583094373,-0.005421566989312958
UAV_0033,telemetry_01,50,50,231,85.43923277491322,10.467509373880898,11.720228338795877,0.024882726318869425
UAV_0033,telemetry_02,5,5,231,9.294801143119212,3.609974711046799,7.4404078074908,1.5589279817553432
UAV_0033,telemetry_02,20,20,231,11.697671825393435,7.082285183929461,-15.9221435693256,-0.16957975822847124
UAV_0033,telemetry_02,50,50,231,12.821471072402995,6.13795592660629,0.8324588432546598,-0.10042784087932356
UAV_0033,telemetry_03,5,5,231,30377.82504938608,0.0,0.0,0.0
UAV_0033,telemetry_03,20,20,231,30377.825049386087,7.46497500284134e-12,0.0,0.0
UAV_0033,telemetry_03,50,50,231,30377.82504938608,6.756246356027467e-12,0.0,0.0
UAV_0033,telemetry_04,5,5,231,-125.91254255749641,0.03766379274634186,0.02417976184531767,-0.001706806718496523
UAV_0033,telemetry_04,20,20,231,-125.9040796408505,0.028692289139778414,0.028446778641566084,-0.000634170666709115
UAV_0033,telemetry_04,50,50,231,-125.89616108263901,0.061237779048118085,0.03982549009820957,-0.0002588155136761723
UAV_0033,telemetry_05,5,5,231,-113.52671190065936,0.0025612332686526665,-0.0016126446627424684,-0.0005007085844724202
UAV_0033,telemetry_05,20,20,231,-113.5266079630394,0.0025894048761774826,-0.0016849594867665019,-8.241104677523267e-05
UAV_0033,telemetry_05,50,50,231,-113.52696541080051,0.0023601771395791444,0.004583656868476282,1.1175433584133978e-05
UAV_0033,telemetry_06,5,5,231,-143.16463635976365,0.8255938193672206,-0.8641475467302939,-0.33826993097369495
UAV_0033,telemetry_06,20,20,231,-142.6336239542366,0.8532330952179051,-2.078963663148272,-0.07031074318323788
UAV_0033,telemetry_06,50,50,231,-141.55399057143325,1.1874634952432883,-3.770939511891129,-0.06241196918031471
UAV_0033,telemetry_07,5,5,231,140.74598310201583,0.03843742671976015,0.08594869902555047,0.017189739805110092
UAV_0033,telemetry_07,20,20,231,140.6944138826005,0.035272601836038864,0.08594869902555047,0.004135877246342278
UAV_0033,telemetry_07,50,50,231,140.67894311677588,0.03243911360172297,0.17189739805110094,0.0013248274855799135
UAV_0033,telemetry_08,5,5,231,-4680.605940223165,0.0,0.0,0.0
UAV_0033,telemetry_08,20,20,231,-4680.605940223164,9.331218753551675e-13,0.0,0.0
UAV_0033,telemetry_08,50,50,231,-4680.605940223166,9.187283872526776e-13,0.0,0.0
UAV_0033,telemetry_09,5,5,231,-155.67280549463072,10.257942166973884,-0.8597247638207364,1.6700605900395544
UAV_0033,telemetry_09,20,20,231,-156.02511596176208,9.249334985281797,-10.759971144614468,-0.24828956351665618
UAV_0033,telemetry_09,50,50,231,-153.96214597149344,9.845796340607768,-0.8078971323272697,-0.10744265458626664
UAV_0033,telemetry_10,5,5,231,-62.59910924052572,1.103670073292436,-1.5848498593352573,-0.2123641768560411
UAV_0033,telemetry_10,20,20,231,-62.13982561129774,0.9969647929267882,0.3147532695936306,-0.05437459951665274
UAV_0033,telemetry_10,50,50,231,-62.72733780544786,2.597785116540971,-0.034890862129287825,0.024673105577588776
UAV_0033,telemetry_11,5,5,231,61.612122865077836,0.1209137708098065,-0.030448386511096714,-0.030715477620845633
UAV_0033,telemetry_11,20,20,231,61.74649640239128,0.12144974823530309,-0.40597848681465365,-0.015239455604677841
UAV_0033,telemetry_11,50,50,231,61.977768325182836,0.5733077389863304,-0.48343490864112937,-0.013083936454055626
UAV_0033,telemetry_12,5,5,231,647.7421134403622,0.5018443251657374,0.5327026247578033,0.10654052495156066
UAV_0033,telemetry_12,20,20,231,645.3449516289527,1.6942782194109784,5.327026247576896,0.20687286141905376
UAV_0033,telemetry_12,50,50,231,643.5843694541285,2.1595769315128135,7.191485434228753,0.12296925295876852
UAV_0033,telemetry_13,5,5,231,7141.6423298184845,3.739949113099221,10.4941669980808,2.1108554494763667
UAV_0033,telemetry_13,20,20,231,7140.668046254466,3.0650215572376913,11.559484026501195,0.24743309220890242
UAV_0033,telemetry_13,50,50,231,7137.988009591326,3.80559977216309,8.738919932840872,0.15806720905377714
UAV_0033,telemetry_14,5,5,231,-648.8153498138018,0.0,0.0,0.0
UAV_0033,telemetry_14,20,20,231,-648.8153498138018,0.0,0.0,0.0
UAV_0033,telemetry_14,50,50,231,-648.8153498138018,0.0,0.0,0.0
UAV_0033,telemetry_15,5,5,231,50322.21025537818,5.405553793783801,7.52463585530495,0.49341874461024415
UAV_0033,telemetry_15,20,20,231,50264.81023604427,44.27880839882824,96.0316231697143,6.9660617219536975
UAV_0033,telemetry_15,50,50,231,50190.83998171951,74.63353424020943,248.9297566557434,4.957069518253896
UAV_0033,telemetry_16,5,5,231,-702.5770172901282,0.9499192771418197,0.0,0.0
UAV_0033,telemetry_16,20,20,231,-700.929425273113,1.8036621279813314,-5.202922158995875,-0.23080632133891382
UAV_0033,telemetry_16,50,50,231,-698.7962271879246,2.404403640035982,-6.937229545327796,-0.1316657852480585
UAV_0033,telemetry_17,5,5,231,40.41581228213973,0.0,0.0,0.0
UAV_0033,telemetry_17,20,20,231,40.41581228213974,7.290014651212246e-15,0.0,0.0
UAV_0033,telemetry_17,50,50,231,40.41581228213973,1.3195793664116147e-14,0.0,0.0
UAV_0033,telemetry_18,5,5,231,-103.28624729091159,0.04727081833091673,-0.08416575495465395,-0.015751990041442808
UAV_0033,telemetry_18,20,20,231,-103.26102761491761,0.03744412979308769,-0.06779153163437002,-0.0023655801724044774
UAV_0033,telemetry_18,50,50,231,-103.24966918963922,0.027879932065022883,-0.08775473148295987,-0.000842002093977848
UAV_0033,telemetry_19,5,5,231,33511.28783867923,0.7058806426317723,1.702993290462473,0.27760950053998384
UAV_0033,telemetry_19,20,20,231,33510.09511998625,0.9600560281853381,4.347956510762742,0.1306261308731446
UAV_0033,telemetry_19,50,50,231,33508.41555485453,1.637396066927264,6.2009274687370635,0.10573408735917206
UAV_0033,telemetry_20,5,5,231,-164.8973841769026,0.0,0.0,0.0
UAV_0033,telemetry_20,20,20,231,-164.89738417690256,2.9160058604848984e-14,0.0,0.0
UAV_0033,telemetry_20,50,50,231,-164.8973841769026,0.0,0.0,0.0
UAV_0033,telemetry_21,5,5,231,34968.11980728923,0.6580916205881653,-0.5886150396254379,-0.08829225594381569
UAV_0033,telemetry_21,20,20,231,34966.88371570602,1.1149801285118477,3.5316902377380757,0.1723801187467932
UAV_0033,telemetry_21,50,50,231,34965.10315521116,1.754862022402899,6.033304156138911,0.11520037204065328
UAV_0033,telemetry_22,5,5,231,23274.118776785377,54.009548890137744,-105.03649855209733,-29.180042524251984
UAV_0033,telemetry_22,20,20,231,23213.7628525827,87.9252334906104,-12.382943657321448,6.324337911423113
UAV_0033,telemetry_22,50,50,231,23144.77965869311,93.43451525582363,159.230087264139,4.8772271095423125
UAV_0033,telemetry_23,5,5,231,-17494.83414202886,6.317613268944105,-13.369199084594584,-1.7484780515216698
UAV_0033,telemetry_23,20,20,231,-17470.522449130847,18.475418462552174,-59.74303192739535,-2.984609759719453
UAV_0033,telemetry_23,50,50,231,-17440.55440958212,29.971516104641854,-98.48513126247781,-1.9618632083407683
UAV_0033,telemetry_24,5,5,231,-3743.6130996681118,6.260853739392953,-10.159045170808895,-1.9911508781684006
UAV_0033,telemetry_24,20,20,231,-3728.7782189310733,10.904612938471475,-40.166566359554054,-1.7555514318407668
UAV_0033,telemetry_24,50,50,231,-3714.687634892931,45.866217870073285,-70.05836275786396,-1.0041309390125095
UAV_0033,telemetry_25,5,5,231,-174.3086084616218,0.32197935393455585,0.7595881050085325,0.1914162024621504
UAV_0033,telemetry_25,20,20,231,-173.91210347080735,0.5142360981051739,-0.6076704840068317,-0.0649019490625341
UAV_0033,telemetry_25,50,50,231,-173.15828823539687,0.7611914070861144,-1.2153409680136633,-0.04710066322975321
UAV_0033,telemetry_26,5,5,231,-7677.523029851506,8.333987812356796,-17.653609246755877,-4.377520992081736
UAV_0033,telemetry_26,20,20,231,-7645.746533207346,23.95130487052306,-78.50832730060938,-3.95180127523789
UAV_0033,telemetry_26,50,50,231,-7602.221057270998,41.872362252942146,-143.38175315047374,-2.8249151860182646
UAV_0033,telemetry_27,5,5,231,969.0302044744709,1.2710574864626038e-13,0.0,0.0
UAV_0033,telemetry_27,20,20,231,969.0302044744709,1.1664023441939594e-13,0.0,0.0
UAV_0033,telemetry_27,50,50,231,969.0302044744708,0.0,0.0,0.0
UAV_0033,telemetry_28,5,5,231,-9893.829604744707,48.16223985504589,-86.20175875000132,-9.26810546406432
UAV_0033,telemetry_28,20,20,231,-9867.826044752244,31.154787006753683,-139.48527145902335,-3.1383613875713863
UAV_0033,telemetry_28,50,50,231,-9822.091968009341,47.30794293461584,-201.58810805187568,-2.736931084034983
UAV_0034,telemetry_01,5,5,459,86.45521550159818,8.534276732916757,-1.983338033014391,-0.7843460580943826
UAV_0034,telemetry_01,20,20,459,89.63342355299527,10.873018462025074,-6.816296587168679,-0.6387327105510192
UAV_0034,telemetry_01,50,50,459,86.25674056863294,13.060837550276661,-15.925773251508701,0.09461861861377144
UAV_0034,telemetry_02,5,5,459,10.385865990586538,7.382826539860188,-12.440592216484566,-1.4693545164579
UAV_0034,telemetry_02,20,20,459,10.401006934504128,5.60813301133209,-5.251984997521065,-0.1600764903176374
UAV_0034,telemetry_02,50,50,459,10.014142541083952,7.595131487535287,-15.380125703012316,0.03852943795805885
UAV_0034,telemetry_03,5,5,459,30377.82504938608,0.0,0.0,0.0
UAV_0034,telemetry_03,20,20,459,30377.825049386087,7.46497500284134e-12,0.0,0.0
UAV_0034,telemetry_03,50,50,459,30377.82504938608,0.0,0.0,0.0
UAV_0034,telemetry_04,5,5,459,-125.88068216541785,0.03805122180148529,-0.009956372524541734,0.0009956372524584367
UAV_0034,telemetry_04,20,20,459,-125.89540337336487,0.039401544897688545,-0.051204201554796214,0.0013228821496094792
UAV_0034,telemetry_04,50,50,459,-125.89254447211137,0.03296462693319005,-0.06684992980768811,-1.3728217303646123e-05
UAV_0034,telemetry_05,5,5,459,-113.52709811303444,0.001910876803011674,0.002724457162614158,0.0006373214990887277
UAV_0034,telemetry_05,20,20,459,-113.52577027176758,0.002721356373275191,0.0036025239286345823,4.440619272987734e-06
UAV_0034,telemetry_05,50,50,459,-113.52586452405136,0.0024121032923665096,0.0001770956610016583,1.2191771605020826e-05
UAV_0034,telemetry_06,5,5,459,-142.3150165109204,0.30879625710459635,-0.3356399167010409,-0.13200166873241984
UAV_0034,telemetry_06,20,20,459,-142.6288022614034,0.7759761252528716,0.6988323638775569,-0.005771341739032865
UAV_0034,telemetry_06,50,50,459,-141.78019684663676,1.0841009048158672,-2.80910572074788,-0.050379003633565546
UAV_0034,telemetry_07,5,5,459,140.71160362240556,0.04707604124451628,0.08594869902555047,0.025784609707665142
UAV_0034,telemetry_07,20,20,459,140.6858190126979,0.026454451377029148,0.08594869902555047,0.0023264309510675316
UAV_0034,telemetry_07,50,50,459,140.68066209075639,0.01701343012076561,0.08594869902555047,0.0003962100891453947
UAV_0034,telemetry_08,5,5,459,-4680.605940223165,0.0,0.0,0.0
UAV_0034,telemetry_08,20,20,459,-4680.605940223164,9.331218753551675e-13,0.0,0.0
UAV_0034,telemetry_08,50,50,459,-4680.605940223166,9.187283872526776e-13,0.0,0.0
UAV_0034,telemetry_09,5,5,459,-150.50012214465156,19.395964146300877,33.709481956404574,6.86578379302544
UAV_0034,telemetry_09,20,20,459,-153.82644326563533,13.68852615987939,18.295394447523478,0.8424063962969295
UAV_0034,telemetry_09,50,50,459,-152.3767773536397,10.857339814698374,32.460648521747544,-0.018775558509696064
UAV_0034,telemetry_10,5,5,459,-62.685018920509876,0.577883036101321,-0.7977960595376103,-0.11563964459427609
UAV_0034,telemetry_10,20,20,459,-62.81879450260002,1.0811444822990814,-2.1705583472588046,-0.015915622045709482
UAV_0034,telemetry_10,50,50,459,-62.58463448662541,1.154309192218402,-2.8141074141293743,-0.017177726168298622
UAV_0034,telemetry_11,5,5,459,61.61255021085342,0.08332472133346311,-0.08333242624090076,-0.005288403972979694
UAV_0034,telemetry_11,20,20,459,61.61936103415195,0.09727643177288188,0.037926937584003895,-0.004355794113083939
UAV_0034,telemetry_11,50,50,459,61.717036252986254,0.14055152749885305,-0.40491012237567503,-0.006830247523539494
UAV_0034,telemetry_12,5,5,459,645.717843466283,2.3066700285140027,5.726553216145021,1.0654052495153565
UAV_0034,telemetry_12,20,20,459,645.1252117962401,1.562952420360598,3.1962157485461375,0.1304720902367046
UAV_0034,telemetry_12,50,50,459,644.1437072101241,1.6194121349024462,4.794323622819093,0.07105472825549408
UAV_0034,telemetry_13,5,5,459,7146.183134892561,3.275984764437931,3.8928027719694,0.867037411416004
UAV_0034,telemetry_13,20,20,459,7143.054783556404,3.460093988730221,-1.3340956313804782,0.16823893970644951
UAV_0034,telemetry_13,50,50,459,7140.411826176231,4.087484679683289,14.70532975320657,0.18595335783687772
UAV_0034,telemetry_14,5,5,459,-648.8153498138018,0.0,0.0,0.0
UAV_0034,telemetry_14,20,20,459,-648.8153498138018,0.0,0.0,0.0
UAV_0034,telemetry_14,50,50,459,-648.8153498138018,0.0,0.0,0.0
UAV_0034,telemetry_15,5,5,459,50315.142031861644,31.886393025289127,61.73902041932888,17.44852035627191
UAV_0034,telemetry_15,20,20,459,50290.46184302968,29.853299319329604,69.75707501923898,3.667575963813092
UAV_0034,telemetry_15,50,50,459,50239.08153238002,50.6648159109796,163.9383778966585,3.1747201754789636
UAV_0034,telemetry_16,5,5,459,-701.5364328583291,1.2263405135372185,0.0,-0.17343073863319206
UAV_0034,telemetry_16,20,20,459,-700.4958484265301,1.530664926587658,-1.7343073863319205,-0.13822299470013966
UAV_0034,telemetry_16,50,50,459,-699.8714977674506,1.5256755908819117,0.0,-0.047469637945220446
UAV_0034,telemetry_17,5,5,459,40.41581228213973,0.0,0.0,0.0
UAV_0034,telemetry_17,20,20,459,40.41581228213974,7.290014651212246e-15,0.0,0.0
UAV_0034,telemetry_17,50,50,459,40.41581228213974,7.177565525411544e-15,0.0,0.0
UAV_0034,telemetry_18,5,5,459,-102.9773812812688,0.007084202631289171,0.0068233876062038235,0.0025731486734727584
UAV_0034,telemetry_18,20,20,459,-102.98556974759158,0.01855158436717511,0.005416733323286849,0.0009306759691183931
UAV_0034,telemetry_18,50,50,459,-103.00408632110889,0.03907467490297658,0.08684719149717068,0.0012074076472358675
UAV_0034,telemetry_19,5,5,459,33510.758437335106,0.5128520034325654,0.7927638441833551,0.24635653769801139
UAV_0034,telemetry_19,20,20,459,33510.16114884773,0.7890151922649536,1.9587105883765616,0.09830205814857772
UAV_0034,telemetry_19,50,50,459,33509.0490563492,1.193911314307634,3.6276173138830927,0.07510633711804304
UAV_0034,telemetry_20,5,5,459,-164.8973841769026,0.0,0.0,0.0
UAV_0034,telemetry_20,20,20,459,-164.89738417690256,2.9160058604848984e-14,0.0,0.0
UAV_0034,telemetry_20,50,50,459,-164.8973841769026,0.0,0.0,0.0
UAV_0034,telemetry_21,5,5,459,34967.531192249604,0.32904581029774327,0.29430751981271897,0.014715375989908352
UAV_0034,telemetry_21,20,20,459,34967.18538091383,0.5654571490682727,0.4414612797118025,0.06428295827448946
UAV_0034,telemetry_21,50,50,459,34966.003736221784,1.2228533643948987,3.090228958018997,0.07893659793075827
UAV_0034,telemetry_22,5,5,459,23315.31755874174,76.27796467948154,-129.80238586674022,-17.161303092145317
UAV_0034,telemetry_22,20,20,459,23234.289402715833,75.32839432661534,21.415208442660514,7.479276062000773
UAV_0034,telemetry_22,50,50,459,23183.94472425587,78.55318621439255,166.80553514861822,3.369314935481066
UAV_0034,telemetry_23,5,5,459,-17497.108603308257,11.464165448755573,-27.735988168595213,-4.601703932747841
UAV_0034,telemetry_23,20,20,459,-17482.00834664352,14.652644403944425,-47.512878934623586,-2.1534341993797192
UAV_0034,telemetry_23,50,50,459,-17462.22844872392,21.205534555074223,-74.29986303540136,-1.3120537337884106
UAV_0034,telemetry_24,5,5,459,-3738.599954113786,5.783640498724474,-12.11089009782927,-2.1978294804347116
UAV_0034,telemetry_24,20,20,459,-3730.5776792970914,7.422975684582622,-21.057400964190492,-1.1089428321327486
UAV_0034,telemetry_24,50,50,459,-3717.1485238669998,13.334746177036418,-44.034468121348254,-0.8799894268749718
UAV_0034,telemetry_25,5,5,459,-174.41798914874303,0.2945791965266323,-0.6684375324075233,-0.13368750648150468
UAV_0034,telemetry_25,20,20,459,-174.02604168655859,0.36830150834110853,-1.1545739196129716,-0.03157145146230964
UAV_0034,telemetry_25,50,50,459,-173.60857206404594,0.5126853049466045,-1.94454554882185,-0.02881218899919987
UAV_0034,telemetry_26,5,5,459,-7666.47158341248,7.653679763820679,-15.787780627179927,-3.9756502124806503
UAV_0034,telemetry_26,20,20,459,-7648.688801415138,14.844040500933142,-46.789240767821866,-2.3704332826836474
UAV_0034,telemetry_26,50,50,459,-7620.953976611537,27.697493663177717,-94.58315848464645,-1.8539055112116307
UAV_0034,telemetry_27,5,5,459,969.0302044744709,1.2710574864626038e-13,0.0,0.0
UAV_0034,telemetry_27,20,20,459,969.0302044744709,1.1664023441939594e-13,0.0,0.0
UAV_0034,telemetry_27,50,50,459,969.0302044744708,0.0,0.0,0.0
UAV_0034,telemetry_28,5,5,459,-9907.62553080176,19.882122532708472,21.040018205832894,0.17665905629128248
UAV_0034,telemetry_28,20,20,459,-9878.613588385002,29.376074090938257,-62.66663136244824,-2.70080318320495
UAV_0034,telemetry_28,50,50,459,-9854.051108916672,34.41878226661399,-73.17717889254709,-1.561965318491513
UAV_0035,telemetry_01,5,5,231,243.56652147763697,7.02003047476684,4.1604935323515235,0.6409507573819184
UAV_0035,telemetry_01,20,20,231,238.0239748015224,12.952066096466625,11.948570599109928,0.729182417142179
UAV_0035,telemetry_01,50,50,231,232.726787862445,12.720007786108475,21.526269184277027,0.3456748718254729
UAV_0035,telemetry_02,5,5,231,17.762731232980677,7.2033314036899885,-9.238725361542343,-2.9053644964071768
UAV_0035,telemetry_02,20,20,231,11.768434348984803,6.560972340241716,14.923916642630786,0.3839516748206058
UAV_0035,telemetry_02,50,50,231,12.544138554950614,7.356739885132263,-4.747606911366226,-0.06689121813475622
UAV_0035,telemetry_03,5,5,231,30377.82504938608,0.0,0.0,0.0
UAV_0035,telemetry_03,20,20,231,30377.825049386087,7.46497500284134e-12,0.0,0.0
UAV_0035,telemetry_03,50,50,231,30377.82504938608,0.0,0.0,0.0
UAV_0035,telemetry_04,5,5,231,-125.9017327816126,0.023297720672137246,-0.0014223389320591195,0.00014223389321159629
UAV_0035,telemetry_04,20,20,231,-125.89284316328708,0.029975070359942388,-0.005689355728293322,-0.0011261074402097535
UAV_0035,telemetry_04,50,50,231,-125.89243068499681,0.031129288113546306,-0.004267016796219991,-0.0002869265716045032
UAV_0035,telemetry_05,5,5,231,-113.5257272810276,0.001526015671594784,0.002874361313544682,0.00030364364635318
UAV_0035,telemetry_05,20,20,231,-113.5259106973238,0.0021744147632645696,0.005338001912988943,9.583268929520983e-05
UAV_0035,telemetry_05,50,50,231,-113.52587779636853,0.0023792825636637874,0.0054740984974728235,6.029525255828958e-06
UAV_0035,telemetry_06,5,5,231,-134.5692487616197,0.9873718898619048,-0.9367860361655858,0.0737656384092901
UAV_0035,telemetry_06,20,20,231,-135.21454154923242,0.8518284153573641,0.3393970799476733,0.07504062563635391
UAV_0035,telemetry_06,50,50,231,-135.73509651705626,0.9800356174970262,2.7001479865949136,0.045646270924131975
UAV_0035,telemetry_07,5,5,231,140.5912754437698,0.0,0.0,0.0
UAV_0035,telemetry_07,20,20,231,140.59127544376983,2.9160058604848984e-14,0.0,0.0
UAV_0035,telemetry_07,50,50,231,140.59127544376977,2.8710262101646174e-14,0.0,0.0
UAV_0035,telemetry_08,5,5,231,-4680.605940223169,1.2862197421537486e-12,0.0,0.0
UAV_0035,telemetry_08,20,20,231,-4680.605940223168,1.5890492941920967e-12,1.8189894035458565e-12,0.0
UAV_0035,telemetry_08,50,50,231,-4680.6059402231695,1.0947912250070085e-12,1.8189894035458565e-12,0.0
UAV_0035,telemetry_09,5,5,231,-154.27700189518706,12.678547975782964,-17.039326336592836,-4.813242401512966
UAV_0035,telemetry_09,20,20,231,-152.65789881410262,10.56736740720769,7.073097129504305,0.31050187131391094
UAV_0035,telemetry_09,50,50,231,-153.2653342516588,10.31223709481324,-26.185121194451824,0.12211198183921071
UAV_0035,telemetry_10,5,5,231,-62.19689917576284,0.7524396208187254,1.051210425587719,0.039413264024872774
UAV_0035,telemetry_10,20,20,231,-62.643526132638726,1.2058684328492804,1.0619403371650407,0.027476836720262965
UAV_0035,telemetry_10,50,50,231,-62.58563537897264,1.2548145369839372,1.3900796605471726,-0.004020185152822808
UAV_0035,telemetry_11,5,5,231,63.1418070688179,0.11918813211434345,-0.14102410594614412,0.000373927553645359
UAV_0035,telemetry_11,20,20,231,63.04674934285911,0.10855094552699604,0.1741434035546945,0.012064083704443587
UAV_0035,telemetry_11,50,50,231,62.89046365090206,0.1814813339544078,0.5801218903693623,0.010211204144067279
UAV_0035,telemetry_12,5,5,231,631.6544941726803,1.9856128589806656,-4.794323622819093,-1.131993077610059
UAV_0035,telemetry_12,20,20,231,631.8675752225834,1.425860317666564,-2.796688779977785,-0.0853125256190871
UAV_0035,telemetry_12,50,50,231,633.1247534170116,1.6995617895328072,-4.261620998061289,-0.08117799662273735
UAV_0035,telemetry_13,5,5,231,7147.489074477739,2.4172442831642456,-2.962764717385653,-0.655977396956132
UAV_0035,telemetry_13,20,20,231,7146.486939356206,3.3312910506272253,4.1514933345779355,0.10239124194938831
UAV_0035,telemetry_13,50,50,231,7142.837440567786,4.778262044979544,13.497421729424786,0.24071056102729152
UAV_0035,telemetry_14,5,5,231,-648.8153498138004,5.684341886080802e-14,1.1368683772161603e-13,0.0
UAV_0035,telemetry_14,20,20,231,-648.8153498138003,1.8257084515129604e-13,1.1368683772161603e-13,0.0
UAV_0035,telemetry_14,50,50,231,-648.8153498138006,1.5407543450668037e-13,2.2737367544323206e-13,0.0
UAV_0035,telemetry_15,5,5,231,50137.869012391886,19.621054781971996,51.19219475328282,10.306284028039954
UAV_0035,telemetry_15,20,20,231,50128.429295034075,19.513217014940736,38.48666207958013,1.8212438305514447
UAV_0035,telemetry_15,50,50,231,50104.27089652453,29.39179953363585,74.32119840687665,1.6310747376221193
UAV_0035,telemetry_16,5,5,231,-701.5364328583291,1.7343073863319205,-1.7343073863319205,0.0
UAV_0035,telemetry_16,20,20,231,-700.6692791651632,1.5409725509745569,-5.202922158995875,-0.10692722231520513
UAV_0035,telemetry_16,50,50,231,-699.0390302220112,2.192625058344671,-3.468614772663841,-0.10443320347948513
UAV_0035,telemetry_17,5,5,231,40.41581228213973,0.0,0.0,0.0
UAV_0035,telemetry_17,20,20,231,40.41581228213974,7.290014651212246e-15,0.0,0.0
UAV_0035,telemetry_17,50,50,231,40.41581228213974,7.177565525411544e-15,0.0,0.0
UAV_0035,telemetry_18,5,5,231,-101.18712442042346,0.07346327695416117,-0.08128364451722803,-0.012934531665341354
UAV_0035,telemetry_18,20,20,231,-101.18080954835733,0.05841607188964261,-0.06554245288407401,-0.0001337681260535635
UAV_0035,telemetry_18,50,50,231,-101.22936341718389,0.08568618520315945,-0.06801591556526887,0.0028231603696498284
UAV_0035,telemetry_19,5,5,231,33506.76127200674,0.4170528376115358,0.37702778667153325,0.05317850853534765
UAV_0035,telemetry_19,20,20,231,33506.5160106212,0.49944382510639845,1.7157246132410364,0.03734637145440447
UAV_0035,telemetry_19,50,50,231,33505.969106831384,0.6456381064706634,2.0108089738714625,0.03388116695223389
UAV_0035,telemetry_20,5,5,231,-164.8973841769026,0.0,0.0,0.0
UAV_0035,telemetry_20,20,20,231,-164.89738417690256,2.9160058604848984e-14,0.0,0.0
UAV_0035,telemetry_20,50,50,231,-164.8973841769026,0.0,0.0,0.0
UAV_0035,telemetry_21,5,5,231,34963.70519449205,0.14715375990635948,-0.29430751981271897,-0.029430751981271895
UAV_0035,telemetry_21,20,20,231,34963.20487170837,0.5970736906048327,1.3243838391572353,0.04381420219763374
UAV_0035,telemetry_21,50,50,231,34962.619199743946,0.7555576398262986,2.2073063985881163,0.037373168602225434
UAV_0035,telemetry_22,5,5,231,23264.824284957886,43.0499377351789,17.04475774007733,11.625398868873527
UAV_0035,telemetry_22,20,20,231,23224.9366382123,72.08715123603903,-118.8762591102859,1.253300675161854
UAV_0035,telemetry_22,50,50,231,23153.170924042075,88.59584140501525,187.34665345076064,4.520903336854336
UAV_0035,telemetry_23,5,5,231,-17442.51011205747,4.21878203903625,-2.952656297264184,0.5152400160237448
UAV_0035,telemetry_23,20,20,231,-17429.694068905974,11.594525954998812,-30.164649078691582,-1.4281265619015022
UAV_0035,telemetry_23,50,50,231,-17415.98140729759,15.822070194680897,-46.29317787908076,-0.9261849836504163
UAV_0035,telemetry_24,5,5,231,-3630.789837332758,4.252550348341072,7.437391335192842,0.9890465385817151
UAV_0035,telemetry_24,20,20,231,-3631.570332896577,3.8862033095582627,4.059639393869929,0.33426885433276476
UAV_0035,telemetry_24,50,50,231,-3635.4169634972072,5.040953032600364,9.586483484583823,0.2545240749070473
UAV_0035,telemetry_25,5,5,231,-174.48483290198374,0.26347964327632006,-0.12153409680135496,-0.060767048400680326
UAV_0035,telemetry_25,20,20,231,-174.09896214463942,0.39301272295363354,-0.6380540082071491,-0.04856794921046952
UAV_0035,telemetry_25,50,50,231,-173.5544893909693,0.5921595373790582,-1.6710938310187373,-0.034684634853047194
UAV_0035,telemetry_26,5,5,231,-7367.980895199207,40.85491461422587,-28.18861687770095,-4.379189221622437
UAV_0035,telemetry_26,20,20,231,-7386.594843110751,30.64528628460711,-36.9939465994712,1.5149064474005527
UAV_0035,telemetry_26,50,50,231,-7418.382049516125,40.66812489812286,52.00279734416745,2.0796102164270938
UAV_0035,telemetry_27,5,5,231,969.0302044744709,1.2710574864626038e-13,0.0,0.0
UAV_0035,telemetry_27,20,20,231,969.0302044744709,1.1664023441939594e-13,0.0,0.0
UAV_0035,telemetry_27,50,50,231,969.0302044744708,0.0,0.0,0.0
UAV_0035,telemetry_28,5,5,231,-9951.182426603827,29.44645856784519,-56.408622217048105,-12.949905477613175
UAV_0035,telemetry_28,20,20,231,-9907.411486252502,33.416412950891136,-119.56038829171302,-3.699468237770612
UAV_0035,telemetry_28,50,50,231,-9854.370672740988,56.38313294189697,-245.3835662036654,-3.338232805396636
UAV_0036,telemetry_01,5,5,324,79.48833029535106,16.042417844506666,3.3948613189845673,1.1351717211012542
UAV_0036,telemetry_01,20,20,324,87.08000659803972,15.165723608899588,7.887609453862169,-0.6016685389421448
UAV_0036,telemetry_01,50,50,324,87.26348277478432,13.95601575543078,-9.142686385810634,-0.12850099797285022
UAV_0036,telemetry_02,5,5,324,8.667858460578922,9.132960647157304,14.465980622382022,4.980838443122758
UAV_0036,telemetry_02,20,20,324,10.284010310296788,6.116907943055235,2.6342892878041546,-0.05043533284990666
UAV_0036,telemetry_02,50,50,324,11.371253767053775,6.284981818893187,-0.02701240688281814,-0.0643212818722264
UAV_0036,telemetry_03,5,5,324,30377.82504938608,0.0,0.0,0.0
UAV_0036,telemetry_03,20,20,324,30377.825049386087,7.46497500284134e-12,0.0,0.0
UAV_0036,telemetry_03,50,50,324,30377.82504938608,0.0,0.0,0.0
UAV_0036,telemetry_04,5,5,324,-125.9017327816126,0.02475033223651097,0.0014223389320591195,-0.0025602100777462056
UAV_0036,telemetry_04,20,20,324,-125.89839028512222,0.03356324938547375,-0.03555847330196116,0.0006705312108370276
UAV_0036,telemetry_04,50,50,324,-125.89820538106105,0.03462088376360581,-0.03982549009819536,4.6443720231723346e-06
UAV_0036,telemetry_05,5,5,324,-113.5253800166355,0.0033588093549000372,0.007909470297491339,0.0012482803827737142
UAV_0036,telemetry_05,20,20,324,-113.52517598054226,0.0028522888044875045,0.006315679673548402,5.814398166223927e-05
UAV_0036,telemetry_05,50,50,324,-113.5254881327385,0.0024923747558802936,0.0034916963428770487,2.2950534411343895e-05
UAV_0036,telemetry_06,5,5,324,-134.38339441968523,1.1013978072858208,-1.6168325838098667,-0.2289364804960826
UAV_0036,telemetry_06,20,20,324,-134.48452473040768,0.9959760223278289,1.1221394230004762,0.06088581913918892
UAV_0036,telemetry_06,50,50,324,-135.14802723588917,1.0059277213490856,2.3832938861271487,0.044992563609348044
UAV_0036,telemetry_07,5,5,324,140.5912754437698,0.0,0.0,0.0
UAV_0036,telemetry_07,20,20,324,140.59127544376983,2.9160058604848984e-14,0.0,0.0
UAV_0036,telemetry_07,50,50,324,140.59127544376977,2.8710262101646174e-14,0.0,0.0
UAV_0036,telemetry_08,5,5,324,-4680.605940223165,0.0,0.0,0.0
UAV_0036,telemetry_08,20,20,324,-4680.605940223164,9.331218753551675e-13,0.0,0.0
UAV_0036,telemetry_08,50,50,324,-4680.605940223166,9.187283872526776e-13,0.0,0.0
UAV_0036,telemetry_09,5,5,324,-146.76327002600087,5.401875855153688,12.811279553728156,2.7253415963839727
UAV_0036,telemetry_09,20,20,324,-148.56987968464568,8.818143797556845,16.71275499708659,-0.01744932438554092
UAV_0036,telemetry_09,50,50,324,-150.22864504953208,8.938740257398411,8.28670127173757,0.08533949444158676
UAV_0036,telemetry_10,5,5,324,-61.659387357720426,1.0820421259819104,-2.379813410914835,-0.600228352643122
UAV_0036,telemetry_10,20,20,324,-62.38924130425128,1.0804592910921504,-0.749671328568553,0.02581173506111915
UAV_0036,telemetry_10,50,50,324,-62.56165993306386,1.0373488085891402,1.2912138309590944,0.014024003964860273
UAV_0036,telemetry_11,5,5,324,63.1184098876041,0.11292617173838498,-0.05982840858321481,-0.0212604523358209
UAV_0036,telemetry_11,20,20,324,63.049553799511465,0.1466368625880063,-0.0085469155118858,0.011812254943825685
UAV_0036,telemetry_11,50,50,324,62.930313644476236,0.16059841372845324,0.3071547762084421,0.007330596064880593
UAV_0036,telemetry_12,5,5,324,629.6834944610767,1.2443196721700582,-3.0630400923566867,-0.479432362281932
UAV_0036,telemetry_12,20,20,324,630.675653099688,1.2733321463699927,-2.929864436167236,-0.11625333596685491
UAV_0036,telemetry_12,50,50,324,632.136590048086,1.877901076275389,-5.992904528523923,-0.10292735588805373
UAV_0036,telemetry_13,5,5,324,7147.165376479368,5.018781328071205,4.694147935614637,1.5787264907822647
UAV_0036,telemetry_13,20,20,324,7145.714234598815,3.9614667896932376,4.6906310288541135,0.13658998480054937
UAV_0036,telemetry_13,50,50,324,7143.505005869654,3.869803003294584,5.134440925435229,0.15064551665541295
UAV_0036,telemetry_14,5,5,324,-648.8153498138018,0.0,0.0,0.0
UAV_0036,telemetry_14,20,20,324,-648.8153498138018,0.0,0.0,0.0
UAV_0036,telemetry_14,50,50,324,-648.8153498138018,0.0,0.0,0.0
UAV_0036,telemetry_15,5,5,324,49899.94249374096,20.74031233954251,-23.560745055125153,-3.9720208941100283
UAV_0036,telemetry_15,20,20,324,49918.63689642737,26.15911247528226,-53.78264316248533,-2.200258059846374
UAV_0036,telemetry_15,50,50,324,49940.608833124854,30.7358787139067,-36.142923042680195,-1.4264392349805697
UAV_0036,telemetry_16,5,5,324,-702.9238787673947,1.4510256638667078,-3.468614772663841,-0.6937229545327682
UAV_0036,telemetry_16,20,20,324,-701.2762867503794,1.9714012223143722,-3.468614772663841,-0.10562323179916276
UAV_0036,telemetry_16,50,50,324,-700.2183592447168,2.0298035495693285,-6.937229545327796,-0.07645110111177605
UAV_0036,telemetry_17,5,5,324,40.41581228213973,0.0,0.0,0.0
UAV_0036,telemetry_17,20,20,324,40.41581228213974,7.290014651212246e-15,0.0,0.0
UAV_0036,telemetry_17,50,50,324,40.41581228213974,7.177565525411544e-15,0.0,0.0
UAV_0036,telemetry_18,5,5,324,-103.32877674782594,0.00408488679822898,0.0003495804618580678,0.0010209884345030672
UAV_0036,telemetry_18,20,20,324,-103.32921715289463,0.005471114691449394,0.01046282307552815,5.939152569021345e-05
UAV_0036,telemetry_18,50,50,324,-103.32872209866048,0.0051347661530000855,-0.0026126188559914,-4.129650522497836e-05
UAV_0036,telemetry_19,5,5,324,33507.9874677177,0.16213266548908684,0.30265726945071947,0.0872969082716736
UAV_0036,telemetry_19,20,20,324,33507.60665027307,0.47595491021656716,1.3666405138064874,0.058139813521443
UAV_0036,telemetry_19,50,50,324,33506.92851704548,0.7532288184565202,2.5586489140769118,0.04477988102230391
UAV_0036,telemetry_20,5,5,324,-164.8973841769026,0.0,0.0,0.0
UAV_0036,telemetry_20,20,20,324,-164.89738417690256,2.9160058604848984e-14,0.0,0.0
UAV_0036,telemetry_20,50,50,324,-164.8973841769026,0.0,0.0,0.0
UAV_0036,telemetry_21,5,5,324,34964.882424571304,0.6823239147742824,0.7357687995317974,0.22073063985953922
UAV_0036,telemetry_21,20,20,324,34964.42624791559,0.5903550780258382,1.6186913589626784,0.06550001944676768
UAV_0036,telemetry_21,50,50,324,34963.805259048786,0.7411189583000675,2.0601526386890328,0.03966968586375517
UAV_0036,telemetry_22,5,5,324,23269.51523537866,27.57015881441821,-8.886583095252718,2.869929294697431
UAV_0036,telemetry_22,20,20,324,23210.142662584058,69.53144847119641,157.6275886731928,7.135226296165818
UAV_0036,telemetry_22,50,50,324,23189.445664873518,63.21151038288814,132.71601966846356,2.0908278134277176
UAV_0036,telemetry_23,5,5,324,-17350.748515473748,9.740832225101116,6.569283212214941,2.494769806503973
UAV_0036,telemetry_23,20,20,324,-17355.537819460013,8.619948064750979,15.03985062456195,0.5787362363381178
UAV_0036,telemetry_23,50,50,324,-17360.879138670076,10.12096385286598,-6.488844544754102,0.2829271190546538
UAV_0036,telemetry_24,5,5,324,-3626.9618588381754,2.4444210968327473,5.00981880817244,0.5518371302538071
UAV_0036,telemetry_24,20,20,324,-3629.022406244818,3.134426140676347,6.44268103471677,0.25477856390881326
UAV_0036,telemetry_24,50,50,324,-3631.9526082517036,4.023993042551943,15.845882763909685,0.2049118608987403
UAV_0036,telemetry_25,5,5,324,-174.326838576142,0.32794507198616246,-0.8203551534091957,-0.17926279278200924
UAV_0036,telemetry_25,20,20,324,-174.329876928562,0.37832320041527007,-1.0330398228115882,-0.019874936882929857
UAV_0036,telemetry_25,50,50,324,-173.84677889377662,0.5467656244824699,-1.8230114520204665,-0.03090730260072163
UAV_0036,telemetry_26,5,5,324,-7437.118188483097,4.402039853192507,-10.477345325310125,-1.535720479189149
UAV_0036,telemetry_26,20,20,324,-7443.304127983381,5.404055014254009,5.884536415585899,0.6820148568952548
UAV_0036,telemetry_26,50,50,324,-7449.6048877064095,8.01630891074314,17.797134525183537,0.4575854663149351
UAV_0036,telemetry_27,5,5,324,969.0302044744709,1.2710574864626038e-13,0.0,0.0
UAV_0036,telemetry_27,20,20,324,969.0302044744709,1.1664023441939594e-13,0.0,0.0
UAV_0036,telemetry_27,50,50,324,969.0302044744708,0.0,0.0,0.0
UAV_0036,telemetry_28,5,5,324,-9919.166437791419,28.795439637610826,-42.06270251528986,-4.922871860990017
UAV_0036,telemetry_28,20,20,324,-9909.370690545957,27.805291639482466,-64.96492232965466,-2.6352468139275187
UAV_0036,telemetry_28,50,50,324,-9880.333898530072,39.275001634383095,-109.33141476477613,-2.06781536014338
UAV_0037,telemetry_01,5,5,324,89.22552145819408,9.920593869926655,20.986445892999626,3.9994381023924674
UAV_0037,telemetry_01,20,20,324,84.51013119308661,9.052409067139736,25.36369654881642,0.3939566640052528
UAV_0037,telemetry_01,50,50,324,86.58391237561882,10.194388892932698,5.311908119906903,-0.02376757070434651
UAV_0037,telemetry_02,5,5,324,8.63320347922575,13.843226999153881,20.853856790908488,1.951161662261662
UAV_0037,telemetry_02,20,20,324,10.060991647548644,9.237093475578536,-3.214534927619729,-0.10849356640627479
UAV_0037,telemetry_02,50,50,324,11.27081335306291,7.322645237183994,-5.543648989728863,-0.03789105624673104
UAV_0037,telemetry_03,5,5,324,30377.82504938608,0.0,0.0,0.0
UAV_0037,telemetry_03,20,20,324,30377.82504938608,1.335375324535194e-11,0.0,0.0
UAV_0037,telemetry_03,50,50,324,30377.82504938608,8.315380130495343e-12,0.0,0.0
UAV_0037,telemetry_04,5,5,324,-125.91453383200133,0.02809974464504882,0.028446778641580295,0.0032713795437828708
UAV_0037,telemetry_04,20,20,324,-125.88612106380253,0.08008357705231026,-0.0696946076718632,-0.0019019540075888024
UAV_0037,telemetry_04,50,50,324,-125.89076592923409,0.05418175563553783,0.008534033592454193,-6.066725355496015e-06
UAV_0037,telemetry_05,5,5,324,-113.52748873178773,0.0024058234866366633,-0.0008474662773778618,-0.00040743487827228365
UAV_0037,telemetry_05,20,20,324,-113.52668287870931,0.0022500511420095832,-0.003710825076865376,-1.5900640696651308e-05
UAV_0037,telemetry_05,50,50,324,-113.52611794510234,0.0026497153751847626,-0.006022012623759565,-3.213973521758239e-05
UAV_0037,telemetry_06,5,5,324,-142.23285987459357,0.4646763615690874,-0.5911270174734682,-0.2005072785964046
UAV_0037,telemetry_06,20,20,324,-141.9930276206822,0.6028167381972953,0.1527913053639054,-0.02814576677756122
UAV_0037,telemetry_06,50,50,324,-141.24805729213577,0.9545041154483079,-2.5323280282444216,-0.04727410437367846
UAV_0037,telemetry_07,5,5,324,140.71160362240556,0.04707604124451628,0.08594869902555047,0.025784609707665142
UAV_0037,telemetry_07,20,20,324,140.6858190126979,0.026454451377029148,0.08594869902555047,0.0023264309510675316
UAV_0037,telemetry_07,50,50,324,140.68066209075639,0.01701343012076561,0.08594869902555047,0.0003962100891453947
UAV_0037,telemetry_08,5,5,324,-4680.605940223165,0.0,0.0,0.0
UAV_0037,telemetry_08,20,20,324,-4680.605940223164,9.331218753551675e-13,0.0,0.0
UAV_0037,telemetry_08,50,50,324,-4680.605940223166,9.187283872526776e-13,0.0,0.0
UAV_0037,telemetry_09,5,5,324,-153.05701491669734,5.558208872829755,13.974065724039349,2.880165068879049
UAV_0037,telemetry_09,20,20,324,-153.7119127354505,8.148693608753529,0.04563457444695018,0.2317435299662974
UAV_0037,telemetry_09,50,50,324,-152.0625962914833,10.47288083818425,16.22666122142084,-0.028622767366464904
UAV_0037,telemetry_10,5,5,324,-62.86759896638377,1.6132673752921982,-2.0283927689422043,-0.06221686963071136
UAV_0037,telemetry_10,20,20,324,-62.29194250458387,2.7271039523016234,-0.49434739783593784,-0.004727277123056737
UAV_0037,telemetry_10,50,50,324,-62.47391100824799,1.8855594004564527,-1.0184678346570095,0.00809291036929103
UAV_0037,telemetry_11,5,5,324,61.55827729735294,0.1648818125943233,0.23236926547943426,0.012606700380032265
UAV_0037,telemetry_11,20,20,324,61.92359092977226,1.1039735200520484,-0.3151675095008599,-0.013782908867638553
UAV_0037,telemetry_11,50,50,324,61.89523400641233,0.6941090868053122,-0.15437866143346923,-0.0005101413354504449
UAV_0037,telemetry_12,5,5,324,645.025330054098,0.527684905794432,-1.0654052495153792,-0.119858090570483
UAV_0037,telemetry_12,20,20,324,645.038647619717,1.5078872114551907,-0.5327026247575759,0.07710169568861694
UAV_0037,telemetry_12,50,50,324,643.4884829816722,2.032537232962016,5.460201903766119,0.10337500515255565
UAV_0037,telemetry_13,5,5,324,7143.347881224507,2.268126053088236,-5.113380302051155,-0.9329692040896589
UAV_0037,telemetry_13,20,20,324,7141.895231531013,3.2505156617209505,5.2978202685826545,0.20307908175397976
UAV_0037,telemetry_13,50,50,324,7138.837836093181,4.286609853001187,10.640979988146682,0.19970529047901128
UAV_0037,telemetry_14,5,5,324,-648.8153498138018,0.0,0.0,0.0
UAV_0037,telemetry_14,20,20,324,-648.8153498138018,0.0,0.0,0.0
UAV_0037,telemetry_14,50,50,324,-648.8153498138018,0.0,0.0,0.0
UAV_0037,telemetry_15,5,5,324,50320.66832180128,16.4489785327983,19.11997635363514,1.0361793636802759
UAV_0037,telemetry_15,20,20,324,50282.69049780209,37.09699029491239,126.4385533063105,5.660264258539585
UAV_0037,telemetry_15,50,50,324,50219.14371445719,62.82624916272138,213.65031641612586,4.1293373614420625
UAV_0037,telemetry_16,5,5,324,-701.8832943355956,0.7756058419436329,1.7343073863319205,0.3468614772663841
UAV_0037,telemetry_16,20,20,324,-701.1895713810627,1.4455603877092722,-3.4686147726639547,-0.10692722231520385
UAV_0037,telemetry_16,50,50,324,-699.6633808810907,2.0079116789034064,-3.4686147726639547,-0.09960295961839238
UAV_0037,telemetry_17,5,5,324,40.41581228213973,0.0,0.0,0.0
UAV_0037,telemetry_17,20,20,324,40.41581228213973,1.6300968317080003e-14,0.0,0.0
UAV_0037,telemetry_17,50,50,324,40.41581228213973,1.0150610510858574e-14,0.0,0.0
UAV_0037,telemetry_18,5,5,324,-102.98237359317741,0.008165300966424987,-0.0212120770304125,-0.005124305049841382
UAV_0037,telemetry_18,20,20,324,-102.9773004961791,0.019377972090798005,-0.022530063040633763,-0.0012866491572783056
UAV_0037,telemetry_18,50,50,324,-102.98210386636791,0.02164803000472317,-0.009065850071522163,0.0002422978468911797
UAV_0037,telemetry_19,5,5,324,33510.68706830618,0.41985073952724894,-0.18247301472729305,0.05427645470990683
UAV_0037,telemetry_19,20,20,324,33509.861687096934,0.9041910929629315,2.247238560812548,0.13488149196177016
UAV_0037,telemetry_19,50,50,324,33508.455578530644,1.4545979007207483,3.6149071104227914,0.09427755231597207
UAV_0037,telemetry_20,5,5,324,-164.8973841769026,0.0,0.0,0.0
UAV_0037,telemetry_20,20,20,324,-164.89738417690256,2.9160058604848984e-14,0.0,0.0
UAV_0037,telemetry_20,50,50,324,-164.8973841769026,0.0,0.0,0.0
UAV_0037,telemetry_21,5,5,324,34968.266961049136,0.6498134090369947,1.7658451188763138,0.3973151517471706
UAV_0037,telemetry_21,20,20,324,34966.95729258597,1.1377464651449853,4.1203052773707896,0.1774696472850556
UAV_0037,telemetry_21,50,50,324,34965.36508890379,1.67465786891458,6.033304156146187,0.10679865196728731
UAV_0037,telemetry_22,5,5,324,23288.92003649813,73.29247131289304,-53.61086195169264,-10.867854080424513
UAV_0037,telemetry_22,20,20,324,23230.93872384385,62.165937564798625,56.524495753419615,5.989379559330446
UAV_0037,telemetry_22,50,50,324,23161.65251203889,86.52829175158399,161.26963092534788,4.660946638358952
UAV_0037,telemetry_23,5,5,324,-17493.802280148233,9.255191244849678,-18.619026006137574,-3.4665736185394054
UAV_0037,telemetry_23,20,20,324,-17478.847989185226,15.119523363472675,-42.48724197179763,-2.025449608463286
UAV_0037,telemetry_23,50,50,324,-17452.311763501246,26.792739253904035,-92.65012412707802,-1.7585550938785643
UAV_0037,telemetry_24,5,5,324,-3739.2194845728495,4.556779255858427,-11.551121413734563,-2.0332840059580577
UAV_0037,telemetry_24,20,20,324,-3710.9395936471024,76.72295456897417,-31.882281440935913,-1.2369866598954486
UAV_0037,telemetry_24,50,50,324,-3703.010456381793,48.776891114949564,-64.92954779598267,-0.6741067546736478
UAV_0037,telemetry_25,5,5,324,-174.3632988051824,0.18026419696575982,-0.2126846694023925,-0.030383524200343005
UAV_0037,telemetry_25,20,20,324,-173.99413898614824,0.4451798890269827,-1.3368750648150183,-0.05763731696049595
UAV_0037,telemetry_25,50,50,324,-173.44146268094406,0.6313608061960425,-1.7622444036197749,-0.038407984373300265
UAV_0037,telemetry_26,5,5,324,-7667.533670472854,4.8508571600891495,-9.329143097877932,-2.0093538980045196
UAV_0037,telemetry_26,20,20,324,-7643.33530852974,19.287834639781437,-58.701838877421324,-3.1642467775129557
UAV_0037,telemetry_26,50,50,324,-7605.734556086938,36.413726459448675,-118.6954052607025,-2.465691917721934
UAV_0037,telemetry_27,5,5,324,969.0302044744709,1.2710574864626038e-13,0.0,0.0
UAV_0037,telemetry_27,20,20,324,969.0302044744709,1.1664023441939594e-13,0.0,0.0
UAV_0037,telemetry_27,50,50,324,969.0302044744708,0.0,0.0,0.0
UAV_0037,telemetry_28,5,5,324,-9912.091838952068,30.396411241951498,-32.05536306237627,-12.756246336312689
UAV_0037,telemetry_28,20,20,324,-9877.532352861686,43.1848856281121,-109.15895956797613,-5.0048660085127965
UAV_0037,telemetry_28,50,50,324,-9834.60201046069,52.99788712111384,-123.14823117008018,-3.0338725379160936
UAV_0038,telemetry_01,5,5,201,89.86209714668475,11.061882088792936,-21.43873741032219,-3.032001006832272
UAV_0038,telemetry_01,20,20,201,91.12834774134967,12.811965432566776,-16.383776459901668,-0.07952457082563623
UAV_0038,telemetry_01,50,50,201,89.17217968629463,12.912918147168693,-19.66722183671355,0.009795089982151405
UAV_0038,telemetry_02,5,5,201,12.952702254446526,7.412242147920661,6.8602890384888155,2.74294894214314
UAV_0038,telemetry_02,20,20,201,12.443573615193483,7.361065419397937,0.7295531943274334,-0.23443211841346376
UAV_0038,telemetry_02,50,50,201,12.749443567697007,7.592929938204735,5.768828943319832,-0.042597579113958554
UAV_0038,telemetry_03,5,5,201,30377.82504938608,0.0,0.0,0.0
UAV_0038,telemetry_03,20,20,201,30377.825049386087,7.46497500284134e-12,0.0,0.0
UAV_0038,telemetry_03,50,50,201,30377.82504938608,1.0315973923507932e-11,0.0,0.0
UAV_0038,telemetry_04,5,5,201,-125.90457745947677,0.018751153269960765,0.0412478290302829,0.010809775883801364
UAV_0038,telemetry_04,20,20,201,-125.8835979602286,0.031149154247197233,0.029869117573639414,-0.001325021005146517
UAV_0038,telemetry_04,50,50,201,-125.8875354786161,0.07314833490378023,0.022757422913286973,0.0007607227389078795
UAV_0038,telemetry_05,5,5,201,-113.52556574995853,0.003012752091598886,0.0026653606417141873,-8.741541356869221e-05
UAV_0038,telemetry_05,20,20,201,-113.52568429660406,0.0025133503983247154,0.0018499747696125723,-3.134455463638626e-05
UAV_0038,telemetry_05,50,50,201,-113.52536517804094,0.0025850610923866656,0.0009228778521759295,-1.537592384969909e-05
UAV_0038,telemetry_06,5,5,201,-142.78691621470006,0.43110853815591593,-0.021290591731030872,0.06587559559132501
UAV_0038,telemetry_06,20,20,201,-142.38759238096821,0.7104924925857812,-1.127148973996043,-0.0664697735383517
UAV_0038,telemetry_06,50,50,201,-141.54577490780056,1.1048761527330586,-2.3557413556516735,-0.05028079718967945
UAV_0038,telemetry_07,5,5,201,140.72879336221067,0.04707604124451628,0.0,0.008594869902555046
UAV_0038,telemetry_07,20,20,201,140.69871131755173,0.03818371155947911,0.08594869902555047,0.00407125416436818
UAV_0038,telemetry_07,50,50,201,140.6823810647369,0.03206516319766111,0.08594869902555047,0.0012175205864363692
UAV_0038,telemetry_08,5,5,201,-4680.605940223165,0.0,0.0,0.0
UAV_0038,telemetry_08,20,20,201,-4680.605940223164,9.331218753551675e-13,0.0,0.0
UAV_0038,telemetry_08,50,50,201,-4680.605940223166,9.187283872526776e-13,0.0,0.0
UAV_0038,telemetry_09,5,5,201,-149.60608977129397,11.390397411107886,25.120328094904067,4.336252197012198
UAV_0038,telemetry_09,20,20,201,-151.48970150202902,7.749961616687653,6.04137408607005,0.2603164458795585
UAV_0038,telemetry_09,50,50,201,-152.26869904936768,8.142539202356138,-1.560688008750418,-0.01983963379218774
UAV_0038,telemetry_10,5,5,201,-62.60112949908306,1.0144205639769444,0.3188556995210803,0.3219963424902204
UAV_0038,telemetry_10,20,20,201,-62.226648524526254,1.3060729559326496,-1.70924357992795,-0.05407185073044159
UAV_0038,telemetry_10,50,50,201,-62.331553352790905,3.278211589201178,1.1076031510122561,0.02564872009539203
UAV_0038,telemetry_11,5,5,201,61.52547850907607,0.08258602232741295,-0.16452812360383717,-0.041879886008250364
UAV_0038,telemetry_11,20,20,201,61.694974527321186,0.16696034617422667,-0.5379214950294227,-0.024475988312707964
UAV_0038,telemetry_11,50,50,201,61.71355151442556,0.8457932724221543,-0.6559757655373701,-0.00291423135883705
UAV_0038,telemetry_12,5,5,201,646.5968027971333,0.9061818112766671,-0.9322295933259284,-0.27966887799775575
UAV_0038,telemetry_12,20,20,201,645.1451881446685,1.6103853029697832,6.7919584656606276,0.15380286308793564
UAV_0038,telemetry_12,50,50,201,643.7681518596698,2.030033667352706,4.794323622819093,0.08947869298450714
UAV_0038,telemetry_13,5,5,201,7141.17479738018,4.149235882996417,-2.839072669581583,0.38512840226248957
UAV_0038,telemetry_13,20,20,201,7141.684739932764,3.4362593396385472,-1.7141572011105382,0.11509969515071107
UAV_0038,telemetry_13,50,50,201,7138.690357734221,4.508947157773191,8.405123570996693,0.1884777678059261
UAV_0038,telemetry_14,5,5,201,-648.8153498138018,0.0,0.0,0.0
UAV_0038,telemetry_14,20,20,201,-648.8153498138018,0.0,0.0,0.0
UAV_0038,telemetry_14,50,50,201,-648.8153498138018,0.0,0.0,0.0
UAV_0038,telemetry_15,5,5,201,50324.085246607705,20.912867148518107,31.763831684264005,10.70101902372844
UAV_0038,telemetry_15,20,20,201,50266.78699488987,49.70577040248629,166.15876224741078,7.928274647885361
UAV_0038,telemetry_15,50,50,201,50190.95100093703,75.7642863756754,240.85002471274493,4.9595988076170245
UAV_0038,telemetry_16,5,5,201,-702.5770172901282,1.9774146614635724,1.7343073863319205,0.5202922158995762
UAV_0038,telemetry_16,20,20,201,-700.8427099037963,2.1352342010855527,-1.7343073863319205,-0.16951876708507785
UAV_0038,telemetry_16,50,50,201,-698.5187380061116,2.7097544162854965,-8.671536931659716,-0.14815523842902967
UAV_0038,telemetry_17,5,5,201,40.41581228213973,0.0,0.0,0.0
UAV_0038,telemetry_17,20,20,201,40.41581228213974,7.290014651212246e-15,0.0,0.0
UAV_0038,telemetry_17,50,50,201,40.41581228213973,2.030122102171715e-14,0.0,0.0
UAV_0038,telemetry_18,5,5,201,-103.32769304247321,0.007018373663796386,-0.015806334134879307,-0.0035274357624430763
UAV_0038,telemetry_18,20,20,201,-103.31963478612006,0.029039058490241243,-0.09813914861346973,-0.001831470728397519
UAV_0038,telemetry_18,50,50,201,-103.31104119842108,0.03555848607948417,-0.005855935126945155,-0.0007019162393307175
UAV_0038,telemetry_19,5,5,201,33511.48344384045,0.2787834956155572,-0.4827889816078823,-0.08784491548067308
UAV_0038,telemetry_19,20,20,201,33510.21949256734,1.0679914712869307,2.2828088976821164,0.17046186534226812
UAV_0038,telemetry_19,50,50,201,33508.44479548715,1.732173007604962,5.458643373203813,0.11439869681055927
UAV_0038,telemetry_20,5,5,201,-164.8973841769026,0.0,0.0,0.0
UAV_0038,telemetry_20,20,20,201,-164.89738417690256,2.9160058604848984e-14,0.0,0.0
UAV_0038,telemetry_20,50,50,201,-164.8973841769026,0.0,0.0,0.0
UAV_0038,telemetry_21,5,5,201,34968.38468405707,0.19186502909988215,0.4414612797118025,0.07357687995245214
UAV_0038,telemetry_21,20,20,201,34967.14123478586,1.1290736284069245,3.384536477838992,0.17581001841428137
UAV_0038,telemetry_21,50,50,201,34965.23559359507,1.8865969839072203,5.886150396239827,0.12327704659399599
UAV_0038,telemetry_22,5,5,201,23250.314388625302,56.656731188461585,46.909504207731516,-2.185225351291956
UAV_0038,telemetry_22,20,20,201,23207.702494275112,66.83278327380103,195.5048280955889,6.406051099997908
UAV_0038,telemetry_22,50,50,201,23143.65208241184,86.36557082981284,232.5079773774596,4.660890674204328
UAV_0038,telemetry_23,5,5,201,-17491.1933953881,6.575456429026631,-11.69762250165877,-3.1216048237343785
UAV_0038,telemetry_23,20,20,201,-17470.484712289348,21.365466809826604,-48.6423819993106,-3.1883972230864672
UAV_0038,telemetry_23,50,50,201,-17441.03136101707,30.48637240984225,-94.71680600673426,-1.9721526680336725
UAV_0038,telemetry_24,5,5,201,-3745.5598609976723,6.828761009017584,-7.792466692139897,-3.275518453993345
UAV_0038,telemetry_24,20,20,201,-3730.7636931333627,12.664698942425744,-31.885211717297807,-1.9965704506499609
UAV_0038,telemetry_24,50,50,201,-3721.5417323757447,59.7720476477516,-67.90630096999303,-0.695646024826146
UAV_0038,telemetry_25,5,5,201,-174.1323840212598,0.2756373488392555,0.030383524200317424,0.03646022904040365
UAV_0038,telemetry_25,20,20,201,-173.9166609994374,0.5117000245479748,-1.0634233470119625,-0.05418775894978134
UAV_0038,telemetry_25,50,50,201,-173.14978084862076,0.7766908578045011,-2.1572302182242424,-0.04839333081397927
UAV_0038,telemetry_26,5,5,201,-7679.762024194996,6.505828467587345,-14.209002564462025,-3.4015490987650994
UAV_0038,telemetry_26,20,20,201,-7646.8014440038,25.526835573212413,-74.92019533988696,-4.251477740047728
UAV_0038,telemetry_26,50,50,201,-7602.8238634404,42.197595606298584,-139.3630453544638,-2.835239357306933
UAV_0038,telemetry_27,5,5,201,969.0302044744709,1.2710574864626038e-13,0.0,0.0
UAV_0038,telemetry_27,20,20,201,969.0302044744709,1.1664023441939594e-13,0.0,0.0
UAV_0038,telemetry_27,50,50,201,969.0302044744708,0.0,0.0,0.0
UAV_0038,telemetry_28,5,5,201,-9909.47630801523,25.37799148168417,-57.163347969591996,-7.882256135638454
UAV_0038,telemetry_28,20,20,201,-9872.265019076305,38.978164282583926,-123.156112413948,-4.196191398628862
UAV_0038,telemetry_28,50,50,201,-9822.78514039333,60.21444536868298,-205.49165718955555,-3.486550952463594
UAV_0039,telemetry_01,5,5,288,85.37896136402507,7.274446593832194,-5.152330378345923,-2.2558941365014986
UAV_0039,telemetry_01,20,20,288,81.97008793077637,12.138483192194238,14.541651252133605,0.49291759863034845
UAV_0039,telemetry_01,50,50,288,85.49994831703835,12.079977905910773,-13.924203460512146,-0.08583043133582277
UAV_0039,telemetry_02,5,5,288,7.24098708578922,5.9900091034409915,9.176549860081396,1.7072632356120803
UAV_0039,telemetry_02,20,20,288,13.200046443420808,7.183494291738946,3.042865706424493,-0.2801582541869656
UAV_0039,telemetry_02,50,50,288,11.107500664137671,7.5809047115868085,14.725145569168141,0.08622216220138337
UAV_0039,telemetry_03,5,5,288,30377.82504938608,0.0,0.0,0.0
UAV_0039,telemetry_03,20,20,288,30377.825049386087,7.46497500284134e-12,0.0,0.0
UAV_0039,telemetry_03,50,50,288,30377.82504938608,5.716823839715549e-12,0.0,0.0
UAV_0039,telemetry_04,5,5,288,-125.8784064231265,0.02912149957345288,0.007111694660395074,0.005404887941899972
UAV_0039,telemetry_04,20,20,288,-125.8835979602286,0.02227161331813339,0.012801050388716817,-0.00010587334907904648
UAV_0039,telemetry_04,50,50,288,-125.8956125705893,0.05733120763667438,0.034136134369873616,0.0001551153201738584
UAV_0039,telemetry_05,5,5,288,-113.52567119450055,0.0024141924927808672,0.003669475065635197,0.00022182462516866507
UAV_0039,telemetry_05,20,20,288,-113.52580913593204,0.0029064346404039823,0.0010999499770321108,1.1401100278613173e-06
UAV_0039,telemetry_05,50,50,288,-113.52544362162526,0.0027413224309805044,-0.0016810028876648175,-2.361733066145732e-05
UAV_0039,telemetry_06,5,5,288,-143.1087798661634,1.0137100618008026,-0.9743576686321376,-0.06825513231420928
UAV_0039,telemetry_06,20,20,288,-142.6310565593514,0.8871497162342221,0.19537248882596714,-0.05121324248013622
UAV_0039,telemetry_06,50,50,288,-141.8690913290526,1.0682082636101171,-1.381383687019536,-0.04668558737437088
UAV_0039,telemetry_07,5,5,288,140.72879336221067,0.04707604124451628,0.08594869902555047,0.025784609707665142
UAV_0039,telemetry_07,20,20,288,140.6944138826005,0.035272601836038864,0.08594869902555047,0.003877384918445886
UAV_0039,telemetry_07,50,50,288,140.68410003871742,0.023554027438540123,0.08594869902555047,0.0007428939171476151
UAV_0039,telemetry_08,5,5,288,-4680.605940223165,0.0,0.0,0.0
UAV_0039,telemetry_08,20,20,288,-4680.605940223164,9.331218753551675e-13,0.0,0.0
UAV_0039,telemetry_08,50,50,288,-4680.605940223166,9.187283872526776e-13,0.0,0.0
UAV_0039,telemetry_09,5,5,288,-156.643002171933,16.54220046929198,4.499823100391438,-3.5849028526599795
UAV_0039,telemetry_09,20,20,288,-155.0374274636569,11.717352288478613,6.481718643845028,-0.28936686275523793
UAV_0039,telemetry_09,50,50,288,-154.06177924229468,9.750712010721129,6.4647056330216515,-0.10408257912443669
UAV_0039,telemetry_10,5,5,288,-62.45803657243653,1.4223973969619441,1.4488498309651803,0.3226235817036816
UAV_0039,telemetry_10,20,20,288,-62.64492525600231,1.0788042800046371,0.12405364824597598,0.018310727831507535
UAV_0039,telemetry_10,50,50,288,-62.84576814719398,1.9924348074736258,0.12234529208839007,0.001570105415713831
UAV_0039,telemetry_11,5,5,288,61.47676109065831,0.2421143416628641,0.26121510533207015,0.01901688701395159
UAV_0039,telemetry_11,20,20,288,61.69668391042357,0.20280600723039255,-0.15010520367753344,-0.02128776390794517
UAV_0039,telemetry_11,50,50,288,61.755634059657424,0.6560206984802398,-0.4001024824002286,-0.0073656949120272765
UAV_0039,telemetry_12,5,5,288,646.170640697327,1.124526282541168,-1.19858090570483,-0.21308104990307583
UAV_0039,telemetry_12,20,20,288,645.6778907694262,1.1505799066553666,1.731283530462406,0.052068677607891564
UAV_0039,telemetry_12,50,50,288,644.3008544844275,1.8535089563283447,5.193850591387445,0.09263781779399503
UAV_0039,telemetry_13,5,5,288,7144.300045146805,2.7505450446207202,-4.117245882622228,-0.9658478417632977
UAV_0039,telemetry_13,20,20,288,7142.753691880372,3.6227777317667655,-3.5752656479007783,0.26139234501975955
UAV_0039,telemetry_13,50,50,288,7139.429411187358,4.3697197942907025,4.6943105549680695,0.21334192626566756
UAV_0039,telemetry_14,5,5,288,-648.8153498138018,0.0,0.0,0.0
UAV_0039,telemetry_14,20,20,288,-648.8153498138018,0.0,0.0,0.0
UAV_0039,telemetry_14,50,50,288,-648.8153498138018,0.0,0.0,0.0
UAV_0039,telemetry_15,5,5,288,50328.64936999535,18.258285439491296,6.352766336858622,3.7129760531912326
UAV_0039,telemetry_15,20,20,288,50282.60414952177,38.38394937182866,102.75445356503042,5.7001458487993855
UAV_0039,telemetry_15,50,50,288,50210.64457658129,69.1142710369136,226.23249440368818,4.593814401536247
UAV_0039,telemetry_16,5,5,288,-702.9238787673946,1.4510256638667076,-1.7343073863319205,-0.17343073863319206
UAV_0039,telemetry_16,20,20,288,-700.929425273113,2.338693448897054,-6.937229545327796,-0.29861382817294396
UAV_0039,telemetry_16,50,50,288,-699.3512055515508,2.292533261871856,-5.202922158995875,-0.09835375861983364
UAV_0039,telemetry_17,5,5,288,40.41581228213973,0.0,0.0,0.0
UAV_0039,telemetry_17,20,20,288,40.41581228213974,7.290014651212246e-15,0.0,0.0
UAV_0039,telemetry_17,50,50,288,40.41581228213973,1.218073261303029e-14,0.0,0.0
UAV_0039,telemetry_18,5,5,288,-103.32792706982518,0.005097986461104671,-0.010312877008246346,-0.001952859555913733
UAV_0039,telemetry_18,20,20,288,-103.32121062768606,0.02711236347793471,0.0045337687604956045,-0.0008802853228350868
UAV_0039,telemetry_18,50,50,288,-103.30264946425646,0.04023953945352629,-0.08661242218896348,-0.0014103171527539466
UAV_0039,telemetry_19,5,5,288,33511.756083136555,0.45290652519142865,0.17129672226292314,0.02174467237564386
UAV_0039,telemetry_19,20,20,288,33510.55293146417,1.0211096937565638,3.7428064545965753,0.1587964031064178
UAV_0039,telemetry_19,50,50,288,33508.97191183374,1.5751725650362818,6.029069597607304,0.1020950562210359
UAV_0039,telemetry_20,5,5,288,-164.8973841769026,0.0,0.0,0.0
UAV_0039,telemetry_20,20,20,288,-164.89738417690256,2.9160058604848984e-14,0.0,0.0
UAV_0039,telemetry_20,50,50,288,-164.8973841769026,0.0,0.0,0.0
UAV_0039,telemetry_21,5,5,288,34968.708422328855,0.46534104756166195,-0.29430751981271897,-0.029430751981271895
UAV_0039,telemetry_21,20,20,288,34967.56798068958,1.0716944117080904,2.6487676782999188,0.1567796073584595
UAV_0039,telemetry_21,50,50,288,34965.79772095792,1.7533604863281076,4.856074076895311,0.1133348934037528
UAV_0039,telemetry_22,5,5,288,23224.70354750816,60.30843677951382,62.351763356866286,2.010407323189065
UAV_0039,telemetry_22,20,20,288,23229.321657083896,52.074527728077776,165.64008162793107,2.2851213673509667
UAV_0039,telemetry_22,50,50,288,23168.298510740617,82.5500010121091,277.2322562339068,4.120185998486359
UAV_0039,telemetry_23,5,5,288,-17495.585184311425,6.182918890700341,-12.494487698495504,-2.704008559088834
UAV_0039,telemetry_23,20,20,288,-17474.68538725237,16.1192017000004,-48.662147691473365,-2.4447306171850993
UAV_0039,telemetry_23,50,50,288,-17448.009212696747,26.865444427645528,-95.14400736052266,-1.7658491512370138
UAV_0039,telemetry_24,5,5,288,-3745.6410628869126,1.4578424459114996,-2.81190657909292,-0.45456823789563716
UAV_0039,telemetry_24,20,20,288,-3732.8870668062796,10.43693369736538,-27.691296936096023,-1.7136383136724327
UAV_0039,telemetry_24,50,50,288,-3709.1354037144197,45.83385556788238,-58.276253324519985,-1.3704817685232202
UAV_0039,telemetry_25,5,5,288,-174.43014255842314,0.2756373488392574,-0.39498581460443916,-0.02734517178030558
UAV_0039,telemetry_25,20,20,288,-173.95464040468784,0.4148301344861226,-0.9115057260102333,-0.05526146243655973
UAV_0039,telemetry_25,50,50,288,-173.38494932593144,0.6395728530247344,-1.7014773552191116,-0.039217725354389776
UAV_0039,telemetry_26,5,5,288,-7678.814757357364,4.560627232290799,-8.037415592017169,-1.7940659803610288
UAV_0039,telemetry_26,20,20,288,-7653.740891215837,20.502180757564858,-64.44285001457683,-3.3975562902673
UAV_0039,telemetry_26,50,50,288,-7615.221576991088,37.37324819912879,-126.58929557428928,-2.5225851313320304
UAV_0039,telemetry_27,5,5,288,969.0302044744709,1.2710574864626038e-13,0.0,0.0
UAV_0039,telemetry_27,20,20,288,969.0302044744709,1.1664023441939594e-13,0.0,0.0
UAV_0039,telemetry_27,50,50,288,969.0302044744708,0.0,0.0,0.0
UAV_0039,telemetry_28,5,5,288,-9893.90210352647,24.950848597153797,63.348056783555876,11.378306124667324
UAV_0039,telemetry_28,20,20,288,-9867.434236502813,29.54389504748475,-27.409483693232687,-2.7355029710267003
UAV_0039,telemetry_28,50,50,288,-9831.589167172951,41.73566044306765,-47.33018784304477,-2.073695603711899
UAV_0040,telemetry_01,5,5,188,83.79490867021195,14.024049176474882,-7.843771874145773,-2.7149040688514816
UAV_0040,telemetry_01,20,20,188,84.86926940660848,11.371490415654838,-34.34709822502519,-0.39786236320745516
UAV_0040,telemetry_01,50,50,188,88.19535071640706,11.53694189644158,-17.43969964076834,-0.21710063365781512
UAV_0040,telemetry_02,5,5,188,8.495996532678657,4.813165791963802,8.437096897815087,2.2169558641259686
UAV_0040,telemetry_02,20,20,188,10.703905761363952,5.756984599655408,3.8506627736529175,0.12995103221132423
UAV_0040,telemetry_02,50,50,188,10.205962305966297,7.211099876657671,-3.86239715223234,-0.003699172104480927
UAV_0040,telemetry_03,5,5,188,30377.82504938608,0.0,0.0,0.0
UAV_0040,telemetry_03,20,20,188,30377.825049386087,7.46497500284134e-12,0.0,0.0
UAV_0040,telemetry_03,50,50,188,30377.82504938608,0.0,0.0,0.0
UAV_0040,telemetry_04,5,5,188,-125.90543086283601,0.009615263663742135,0.008534033592454193,0.0038403151166107818
UAV_0040,telemetry_04,20,20,188,-125.90265730191845,0.033090402693356426,-0.04267016796237044,-0.0008373619427197403
UAV_0040,telemetry_04,50,50,188,-125.89226000432497,0.03379750803232758,0.052626540486869544,-0.00016945127925509882
UAV_0040,telemetry_05,5,5,188,-113.52664904042346,0.00297259376989645,-0.00600004788995534,-0.0012978622520378735
UAV_0040,telemetry_05,20,20,188,-113.52629610459425,0.002824147719143274,-2.1751081391130356e-05,-5.286634078598518e-05
UAV_0040,telemetry_05,50,50,188,-113.52632371212427,0.002676544920404074,-0.0027135598591740973,3.738025599500934e-06
UAV_0040,telemetry_06,5,5,188,-134.12640445361413,0.9401922652572917,-0.35818289618100607,-0.22305025807633
UAV_0040,telemetry_06,20,20,188,-134.53631096382406,0.7264430223659808,1.541689318876763,0.0341835940300792
UAV_0040,telemetry_06,50,50,188,-135.223446026127,0.896558523619506,1.0645295865518278,0.04191641063248432
UAV_0040,telemetry_07,5,5,188,140.5912754437698,0.0,0.0,0.0
UAV_0040,telemetry_07,20,20,188,140.59127544376983,2.9160058604848984e-14,0.0,0.0
UAV_0040,telemetry_07,50,50,188,140.59127544376977,2.8710262101646174e-14,0.0,0.0
UAV_0040,telemetry_08,5,5,188,-4680.605940223165,0.0,0.0,0.0
UAV_0040,telemetry_08,20,20,188,-4680.605940223164,9.331218753551675e-13,0.0,0.0
UAV_0040,telemetry_08,50,50,188,-4680.605940223166,9.187283872526776e-13,0.0,0.0
UAV_0040,telemetry_09,5,5,188,-158.5126394274355,9.355332011428565,10.444393546105971,-0.25482812874237765
UAV_0040,telemetry_09,20,20,188,-152.94269930240918,10.253722499485384,-5.40811756447755,-0.6068314460268122
UAV_0040,telemetry_09,50,50,188,-152.0859317689336,10.24932168444306,-0.23075986176237961,-0.06656882289891544
UAV_0040,telemetry_10,5,5,188,-63.22350219225543,0.788830517101212,1.2971515628644994,0.20665864253937868
UAV_0040,telemetry_10,20,20,188,-62.03258575852061,1.1841044907846254,1.1157095773912715,-0.07819060903949913
UAV_0040,telemetry_10,50,50,188,-62.143539321158045,1.0653878382821131,-0.4222948872086718,-0.002433441193081708
UAV_0040,telemetry_11,5,5,188,63.072683889615504,0.1323331198313627,0.10256298614265091,0.05149516595912189
UAV_0040,telemetry_11,20,20,188,63.01734261167603,0.09245350991980335,0.15010520367751923,0.0041232441092592
UAV_0040,telemetry_11,50,50,188,62.931008081361576,0.13693520021267136,0.30021040735504556,0.005226418314713681
UAV_0040,telemetry_12,5,5,188,630.4026430044999,2.391606388387999,-4.261620998061517,-0.3329391404735588
UAV_0040,telemetry_12,20,20,188,631.8675752225834,2.034444699228688,-4.661147966629642,-0.18524433379731375
UAV_0040,telemetry_12,50,50,188,632.5174724247877,1.8044055262100402,-5.460201903766119,-0.05029019737208269
UAV_0040,telemetry_13,5,5,188,7149.254189819066,6.090998086466923,4.952445991698369,1.471707277867972
UAV_0040,telemetry_13,20,20,188,7145.983290748018,4.523931832942734,5.798535469370108,0.2615178689792458
UAV_0040,telemetry_13,50,50,188,7144.075613560056,4.349946525223307,8.912941304235574,0.13027900866421038
UAV_0040,telemetry_14,5,5,188,-648.8153498138018,0.0,0.0,0.0
UAV_0040,telemetry_14,20,20,188,-648.8153498138018,0.0,0.0,0.0
UAV_0040,telemetry_14,50,50,188,-648.8153498138018,0.0,0.0,0.0
UAV_0040,telemetry_15,5,5,188,49891.09796274382,7.352679178606482,11.410308469108713,2.6336225493563687
UAV_0040,telemetry_15,20,20,188,49913.96483768934,22.16717540041635,-49.588583833305165,-1.99060146732945
UAV_0040,telemetry_15,50,50,188,49935.75729331847,28.629306581393095,-19.49004041209264,-1.3558590302819509
UAV_0040,telemetry_16,5,5,188,-699.4552639947308,1.4510256638667622,-1.7343073863320342,-0.5202922158995988
UAV_0040,telemetry_16,20,20,188,-700.49584842653,1.5306649265876582,-1.7343073863320342,0.015647886192469054
UAV_0040,telemetry_16,50,50,188,-699.6980670288173,1.5033840066474016,-1.7343073863320342,-0.04122363295242844
UAV_0040,telemetry_17,5,5,188,40.41581228213973,0.0,0.0,0.0
UAV_0040,telemetry_17,20,20,188,40.41581228213974,7.290014651212246e-15,0.0,0.0
UAV_0040,telemetry_17,50,50,188,40.41581228213974,7.177565525411544e-15,0.0,0.0
UAV_0040,telemetry_18,5,5,188,-103.32710627788103,0.0061108015817670025,0.012670056081006464,0.0022575638325378123
UAV_0040,telemetry_18,20,20,188,-103.32757589372963,0.005014428826323637,0.011084588847282362,0.00010222247818921572
UAV_0040,telemetry_18,50,50,188,-103.32817550757807,0.004804739356467598,0.01139724232356798,2.2864524725220536e-05
UAV_0040,telemetry_19,5,5,188,33507.73174631437,0.4527749879804719,1.0146250564794173,0.24822519074368757
UAV_0040,telemetry_19,20,20,188,33507.50689902982,0.40295009685046723,1.5503347016128828,0.030936101856464223
UAV_0040,telemetry_19,50,50,188,33506.92394926326,0.6978289868734603,1.3053526894946117,0.03238469008961259
UAV_0040,telemetry_20,5,5,188,-164.8973841769026,0.0,0.0,0.0
UAV_0040,telemetry_20,20,20,188,-164.89738417690256,2.9160058604848984e-14,0.0,0.0
UAV_0040,telemetry_20,50,50,188,-164.8973841769026,0.0,0.0,0.0
UAV_0040,telemetry_21,5,5,188,34964.94128607526,0.49466431882051826,0.7357687995317974,0.14715375990635948
UAV_0040,telemetry_21,20,20,188,34964.36738641163,0.6067304953002369,1.6186913589626784,0.07324495417887827
UAV_0040,telemetry_21,50,50,188,34963.740511394426,0.725522827829641,2.6487676783071947,0.03759222101805047
UAV_0040,telemetry_22,5,5,188,23242.418441022637,54.64195693221464,109.98967601502954,21.86682168192856
UAV_0040,telemetry_22,20,20,188,23207.454835401968,56.16697454785116,108.67854080425604,1.9911291446509345
UAV_0040,telemetry_22,50,50,188,23169.82525485272,62.755431557725366,124.12079995338354,2.5420947744878215
UAV_0040,telemetry_23,5,5,188,-17350.673402962704,12.53896084713865,28.656798285639525,3.9103385136877478
UAV_0040,telemetry_23,20,20,188,-17355.130204207042,8.679307485364834,22.46221467678697,0.8175385720586424
UAV_0040,telemetry_23,50,50,188,-17361.30023210773,9.904085817108388,17.51783303339107,0.41244420544543264
UAV_0040,telemetry_24,5,5,188,-3624.9597510195645,1.1377546209052876,-0.5615218904422363,-0.17187676257085513
UAV_0040,telemetry_24,20,20,188,-3629.785458725471,3.90369778019014,10.342099146392684,0.379211601885006
UAV_0040,telemetry_24,50,50,188,-3632.7579364003923,4.441836160855946,8.240281879779104,0.1899745666865673
UAV_0040,telemetry_25,5,5,188,-174.67928745686592,0.3786377182768812,-0.27345171780305577,-0.1306491540614644
UAV_0040,telemetry_25,20,20,188,-174.240245532171,0.3721565590384769,-0.5772869598064574,-0.037945138117869585
UAV_0040,telemetry_25,50,50,188,-173.82733343828838,0.45964927423780744,-1.5799432584177282,-0.026010922902457743
UAV_0040,telemetry_26,5,5,188,-7440.993371000675,4.604455571519056,8.037415592017169,1.8945336752613002
UAV_0040,telemetry_26,20,20,188,-7444.172455917874,5.442274206765219,16.505407019321865,0.5008276820966231
UAV_0040,telemetry_26,50,50,188,-7449.66229781778,6.630120967485131,17.797134525183537,0.36761768794226163
UAV_0040,telemetry_27,5,5,188,969.0302044744709,1.2710574864626038e-13,0.0,0.0
UAV_0040,telemetry_27,20,20,188,969.0302044744709,1.1664023441939594e-13,0.0,0.0
UAV_0040,telemetry_27,50,50,188,969.0302044744708,0.0,0.0,0.0
UAV_0040,telemetry_28,5,5,188,-9939.249872560129,23.759497934190886,-34.917969856122,-9.54710315334978
UAV_0040,telemetry_28,20,20,188,-9917.660823321748,26.54521897921513,-77.47027511556917,-2.7151956253074014
UAV_0040,telemetry_28,50,50,188,-9885.126490943476,42.745814382581386,-141.06841466032165,-2.1670010891171154
UAV_0041,telemetry_01,5,5,295,88.70362730476202,8.791408615643798,-15.564702759032429,-1.8522493884884539
UAV_0041,telemetry_01,20,20,295,94.5428047341891,15.185363260150348,-30.574994774507914,-0.49387264827511773
UAV_0041,telemetry_01,50,50,295,90.89852787891867,12.763255190251767,1.3648097220170854,0.1752926802262254
UAV_0041,telemetry_02,5,5,295,9.21212689215257,6.157056275962855,0.8438520294425764,-0.08012402273914976
UAV_0041,telemetry_02,20,20,295,9.72830673020027,8.09064704648679,-19.60338965817921,-0.3080166505965115
UAV_0041,telemetry_02,50,50,295,11.61222948296244,8.244200534812318,1.5184459996113642,-0.10024257231175224
UAV_0041,telemetry_03,5,5,295,30377.82504938608,0.0,0.0,0.0
UAV_0041,telemetry_03,20,20,295,30377.825049386087,1.1714303651535416e-11,0.0,0.0
UAV_0041,telemetry_03,50,50,295,30377.82504938608,8.850363813859544e-12,0.0,0.0
UAV_0041,telemetry_04,5,5,295,-125.88836279565108,0.040522932917118386,-0.0071116946604092846,-0.007965098019641913
UAV_0041,telemetry_04,20,20,295,-125.90761247802541,0.09049593585658625,-0.018490406116995928,0.0010074323335571723
UAV_0041,telemetry_04,50,50,295,-125.88990385861905,0.08096521944540619,-0.06400525194352724,-0.0006911107849093155
UAV_0041,telemetry_05,5,5,295,-113.52481419971973,0.001932684942755319,-0.000972495255879835,6.852222739723856e-05
UAV_0041,telemetry_05,20,20,295,-113.52404692165138,0.0025831469887251444,-0.0019017081580443573,-0.00012155978076649455
UAV_0041,telemetry_05,50,50,295,-113.52438462900298,0.0026087399352805675,-0.004415625934456102,-7.548580016576415e-06
UAV_0041,telemetry_06,5,5,295,-142.97402294438342,0.6856210428709177,-1.5830181145899473,-0.24684562530512438
UAV_0041,telemetry_06,20,20,295,-142.67582942137398,0.6598700699729468,-1.0870725660316793,-0.01636202219895837
UAV_0041,telemetry_06,50,50,295,-141.91315033005836,0.8815226713321476,-2.251793172494274,-0.042497590714367595
UAV_0041,telemetry_07,5,5,295,140.71160362240556,0.04707604124451628,0.08594869902555047,0.008594869902555046
UAV_0041,telemetry_07,20,20,295,140.6858190126979,0.026454451377029148,0.08594869902555047,0.002067938623171139
UAV_0041,telemetry_07,50,50,295,140.68066209075639,0.01701343012076561,0.08594869902555047,0.00037970133543100326
UAV_0041,telemetry_08,5,5,295,-4680.605940223165,0.0,0.0,0.0
UAV_0041,telemetry_08,20,20,295,-4680.605940223164,9.331218753551675e-13,0.0,0.0
UAV_0041,telemetry_08,50,50,295,-4680.605940223166,9.187283872526776e-13,0.0,0.0
UAV_0041,telemetry_09,5,5,295,-148.60919987165832,7.871688289322909,5.449235035064589,-0.08520871026651947
UAV_0041,telemetry_09,20,20,295,-155.46440686216542,8.442554594211838,31.835758357325346,0.786689277078628
UAV_0041,telemetry_09,50,50,295,-154.86960652676547,9.91585512518616,34.41621022799541,0.08282585555256687
UAV_0041,telemetry_10,5,5,295,-62.64406891476282,0.6875520502062065,0.490906759519639,0.009076060455700485
UAV_0041,telemetry_10,20,20,295,-63.510942615666764,3.495217023171749,2.4087676809015335,0.0782171965600331
UAV_0041,telemetry_10,50,50,295,-63.178731200399135,3.3821781658860113,1.3208240176071016,-0.012785887370143372
UAV_0041,telemetry_11,5,5,295,61.585413754103186,0.0736642897513769,0.06997787075358275,-0.0018162195462757325
UAV_0041,telemetry_11,20,20,295,61.878201883518486,1.046456632820008,-0.10042625726467946,-0.018193652235538205
UAV_0041,telemetry_11,50,50,295,61.79038894044865,0.9786390462714127,-0.43161923335031815,0.0003966321914513219
UAV_0041,telemetry_12,5,5,295,645.478127285142,0.6881458197356195,0.5327026247575759,0.23971618114094326
UAV_0041,telemetry_12,20,20,295,645.4181982398568,1.2677484571704438,1.3317565618940534,0.037950055410366224
UAV_0041,telemetry_12,50,50,295,644.0105315539347,1.8346524392276669,5.060674935197767,0.08998389715444488
UAV_0041,telemetry_13,5,5,295,7142.40775899095,2.6861311605497167,4.1128527376458806,0.8205701547163698
UAV_0041,telemetry_13,20,20,295,7141.812791806215,3.3653024781088363,8.233785034053653,0.3166754796091871
UAV_0041,telemetry_13,50,50,295,7140.376478310281,3.5633013377992118,8.02000868205414,0.10586790052444413
UAV_0041,telemetry_14,5,5,295,-648.8153498138018,0.0,0.0,0.0
UAV_0041,telemetry_14,20,20,295,-648.8153498138018,0.0,0.0,0.0
UAV_0041,telemetry_14,50,50,295,-648.8153498138018,0.0,0.0,0.0
UAV_0041,telemetry_15,5,5,295,50332.43635886022,33.01445356414189,75.2463585530204,11.854385339254076
UAV_0041,telemetry_15,20,20,295,50289.39790886162,38.63398539491122,109.66231598956801,5.407943639232985
UAV_0041,telemetry_15,50,50,295,50226.98167121531,62.524180600629094,194.22195334709977,4.030084966667893
UAV_0041,telemetry_16,5,5,295,-702.5770172901282,0.9499192771418197,0.0,0.0
UAV_0041,telemetry_16,20,20,295,-701.1028560117462,1.7682058506939675,-3.468614772663841,-0.14735092831241317
UAV_0041,telemetry_16,50,50,295,-699.4899501424575,2.2074129243670364,-5.202922158995875,-0.11234480980368823
UAV_0041,telemetry_17,5,5,295,40.41581228213973,0.0,0.0,0.0
UAV_0041,telemetry_17,20,20,295,40.41581228213975,2.6884245668467125e-14,0.0,0.0
UAV_0041,telemetry_17,50,50,295,40.41581228213974,2.2652014719245168e-14,0.0,0.0
UAV_0041,telemetry_18,5,5,295,-103.15473023144943,0.004338066222926295,0.0026052608044295766,0.0009704029422266558
UAV_0041,telemetry_18,20,20,295,-103.15405191353997,0.0043277211698751995,0.0011334984167774564,-0.0001838519708821403
UAV_0041,telemetry_18,50,50,295,-103.1522366866961,0.014142072705240897,-0.007884909936009876,-0.00013837088976949863
UAV_0041,telemetry_19,5,5,295,33511.16475047996,0.5309575166967858,0.8882527525129262,0.14780347626146978
UAV_0041,telemetry_19,20,20,295,33510.338103226924,0.7468495180592446,1.6255702060589101,0.09601986804768955
UAV_0041,telemetry_19,50,50,295,33508.90219988706,1.403459751310142,4.7907026511165895,0.09070474447173864
UAV_0041,telemetry_20,5,5,295,-164.8973841769026,0.0,0.0,0.0
UAV_0041,telemetry_20,20,20,295,-164.89738417690256,2.9160058604848984e-14,0.0,0.0
UAV_0041,telemetry_20,50,50,295,-164.8973841769026,0.0,0.0,0.0
UAV_0041,telemetry_21,5,5,295,34967.79606901744,0.38089806335290954,0.7357687995317974,0.19129988787899493
UAV_0041,telemetry_21,20,20,295,34967.10444634588,0.7637385344157662,1.6186913589699543,0.09448820372920438
UAV_0041,telemetry_21,50,50,295,34965.76240405554,1.3615646596564592,4.267459037284425,0.08841944766881403
UAV_0041,telemetry_22,5,5,295,23307.50902015312,98.63406772607044,-49.96881969953756,7.254948166290705
UAV_0041,telemetry_22,20,20,295,23239.869011446128,77.22519573935911,16.462030979735573,6.115564000668355
UAV_0041,telemetry_22,50,50,295,23167.62546133242,81.78406427137037,118.43921404002685,3.750661680819125
UAV_0041,telemetry_23,5,5,295,-17491.721158693323,5.21593441179779,-11.494285705415678,-2.1517050824051696
UAV_0041,telemetry_23,20,20,295,-17478.77600344927,11.710960903131486,-31.72525426404536,-1.6343750863023927
UAV_0041,telemetry_23,50,50,295,-17455.742981027797,23.94280245175397,-68.66084219660479,-1.551214241842221
UAV_0041,telemetry_24,5,5,295,-3742.277086559881,2.416856912262593,-2.4424792994996096,-0.8670256925905051
UAV_0041,telemetry_24,20,20,295,-3746.729518989048,63.430087039995804,-19.49976616824597,-0.6645947852036884
UAV_0041,telemetry_24,50,50,295,-3715.860682200921,62.21779251589767,-49.783109232329025,-1.6760100214487799
UAV_0041,telemetry_25,5,5,295,-174.50306301650397,0.17768517711074894,-0.3038352420034016,-0.08203551534091957
UAV_0041,telemetry_25,20,20,295,-174.09288543979935,0.3664764546251795,-0.6684375324074949,-0.04185159122934207
UAV_0041,telemetry_25,50,50,295,-173.53808228790115,0.5799718285039377,-1.5495597342173824,-0.03364145503056264
UAV_0041,telemetry_26,5,5,295,-7672.93022094178,3.2163755511836025,-4.592808909724226,-1.2199648666454777
UAV_0041,telemetry_26,20,20,295,-7653.891592758187,16.4159605736441,-46.50219021096564,-2.6619083030118036
UAV_0041,telemetry_26,50,50,295,-7618.6604426622425,33.39726530264288,-102.47704879823596,-2.2574786074402615
UAV_0041,telemetry_27,5,5,295,969.0302044744709,1.2710574864626038e-13,0.0,0.0
UAV_0041,telemetry_27,20,20,295,969.0302044744709,1.1664023441939594e-13,0.0,0.0
UAV_0041,telemetry_27,50,50,295,969.0302044744708,0.0,0.0,0.0
UAV_0041,telemetry_28,5,5,295,-9890.21912189724,12.687665934364508,-1.8202065701025276,3.046235860275556
UAV_0041,telemetry_28,20,20,295,-9877.110931481284,27.860723374366664,-46.342452393429994,-1.7285859791351164
UAV_0041,telemetry_28,50,50,295,-9842.523194599042,48.463177112907935,-140.31016609835206,-2.4467838981962617
UAV_0042,telemetry_01,5,5,193,91.12376902126832,6.225089515622237,-9.206021302989981,-0.9967429036268769
UAV_0042,telemetry_01,20,20,193,88.51647883643886,10.431907202937204,-28.227471882241204,-0.058227260729263805
UAV_0042,telemetry_01,50,50,193,87.58623809194958,12.148982017365322,-11.544733168057363,-0.042697968018410574
UAV_0042,telemetry_02,5,5,193,6.37339981180825,7.327676309173054,1.8637116856337048,0.29471244116405815
UAV_0042,telemetry_02,20,20,193,10.33480581854031,9.03443336216129,-0.8509431465416402,0.02280554883388627
UAV_0042,telemetry_02,50,50,193,11.119369809549838,7.864533862948305,-11.646694078670027,-0.07812904732457707
UAV_0042,telemetry_03,5,5,193,30377.82504938608,0.0,0.0,0.0
UAV_0042,telemetry_03,20,20,193,30377.825049386087,7.46497500284134e-12,0.0,0.0
UAV_0042,telemetry_03,50,50,193,30377.82504938608,5.716823839715549e-12,0.0,0.0
UAV_0042,telemetry_04,5,5,193,-125.87613068083522,0.030713959366752946,-0.031291456505741166,-0.0061160574079409
UAV_0042,telemetry_04,20,20,193,-125.89028295320936,0.03820014618624426,0.005689355728293322,0.0009656932749367012
UAV_0042,telemetry_04,50,50,193,-125.88564592305076,0.07617256340625793,0.05689355728311796,-0.0004526757269826339
UAV_0042,telemetry_05,5,5,193,-113.52550817178542,0.00295800406540133,-0.0008320584343266546,0.00012595436509883485
UAV_0042,telemetry_05,20,20,193,-113.52563256172354,0.002603998820116776,-0.004245083406502204,3.3620252641466514e-06
UAV_0042,telemetry_05,50,50,193,-113.52562535263839,0.002745213455337165,-0.00011714505048132651,2.482457865766491e-05
UAV_0042,telemetry_06,5,5,193,-142.92067122628092,1.3595542657762394,-2.4133511921004356,-0.5318890769512393
UAV_0042,telemetry_06,20,20,193,-141.73466002808732,1.1179053324822945,-5.642006808724602,-0.13661007899034913
UAV_0042,telemetry_06,50,50,193,-140.51821580759585,1.4563178888260413,-6.461068396495023,-0.08374543978121685
UAV_0042,telemetry_07,5,5,193,140.6944138826005,0.03843742671976015,0.08594869902555047,0.017189739805110092
UAV_0042,telemetry_07,20,20,193,140.68152157774662,0.019218713359880076,0.08594869902555047,0.0012278385575078639
UAV_0042,telemetry_07,50,50,193,140.64284466318514,0.045941512084651595,0.17189739805110094,0.0026661637248742184
UAV_0042,telemetry_08,5,5,193,-4680.605940223165,0.0,0.0,0.0
UAV_0042,telemetry_08,20,20,193,-4680.605940223164,9.331218753551675e-13,0.0,0.0
UAV_0042,telemetry_08,50,50,193,-4680.605940223166,9.187283872526776e-13,0.0,0.0
UAV_0042,telemetry_09,5,5,193,-151.63911636989764,8.028182136318492,-8.08053786151848,-3.0899705865683673
UAV_0042,telemetry_09,20,20,193,-150.59813385139296,10.76094048710105,-19.84808961264983,-0.23691169648445426
UAV_0042,telemetry_09,50,50,193,-152.6558787427147,10.754337310487289,-1.871965734000213,0.05235702457020795
UAV_0042,telemetry_10,5,5,193,-63.39363385185942,1.1295319410649591,-0.06514027978582249,-0.06140581894574382
UAV_0042,telemetry_10,20,20,193,-62.40673971947805,1.2335793877986982,-0.5542139591377264,-0.06145571076974613
UAV_0042,telemetry_10,50,50,193,-62.660706841322735,2.4838679737180183,-3.317494363438904,0.01956278543620071
UAV_0042,telemetry_11,5,5,193,61.54385437742663,0.1004103441931327,-0.18803214126153023,-0.04519181576910682
UAV_0042,telemetry_11,20,20,193,61.74721754838761,0.1596298509808034,-0.4845032730801435,-0.019592839873162703
UAV_0042,telemetry_11,50,50,193,61.86914876250914,0.735745861782004,-0.9166566886499439,-0.005126490219592922
UAV_0042,telemetry_12,5,5,193,646.1173704348513,1.031574197083726,-0.13317565618922345,0.05327026247580306
UAV_0042,telemetry_12,20,20,193,644.0398301982964,2.0902974339258247,4.661147966629869,0.3088073110437421
UAV_0042,telemetry_12,50,50,193,642.0208872504647,2.416645261571689,7.99053937136523,0.12851370884910296
UAV_0042,telemetry_13,5,5,193,7144.912441411971,3.3694033635760974,3.9613136699927054,1.2210267868720621
UAV_0042,telemetry_13,20,20,193,7140.855372826067,4.019314746218405,12.098070720939177,0.3986514748845646
UAV_0042,telemetry_13,50,50,193,7136.232605444148,5.222383711472627,21.19705306724154,0.3034124377991724
UAV_0042,telemetry_14,5,5,193,-648.8153498138018,0.0,0.0,0.0
UAV_0042,telemetry_14,20,20,193,-648.8153498138018,0.0,0.0,0.0
UAV_0042,telemetry_14,50,50,193,-648.8153498138018,0.0,0.0,0.0
UAV_0042,telemetry_15,5,5,193,50310.50389566231,15.692430052656892,14.309143593694898,5.402935253480246
UAV_0042,telemetry_15,20,20,193,50237.234295954884,56.27640286565564,135.81350945390295,9.196741087859014
UAV_0042,telemetry_15,50,50,193,50146.84676645008,87.85340881642756,292.3506061814187,5.844903395260022
UAV_0042,telemetry_16,5,5,193,-701.1895713810627,2.2612601768671943,-3.468614772663841,-1.0405844317991637
UAV_0042,telemetry_16,20,20,193,-699.8888408413138,2.14078748536936,-6.937229545327796,-0.1734307386331947
UAV_0042,telemetry_16,50,50,193,-697.3047228356792,2.913872359672468,-8.671536931659716,-0.1622295696794543
UAV_0042,telemetry_17,5,5,193,40.41581228213973,0.0,0.0,0.0
UAV_0042,telemetry_17,20,20,193,40.41581228213974,7.290014651212246e-15,0.0,0.0
UAV_0042,telemetry_17,50,50,193,40.41581228213974,1.680225011289375e-14,0.0,0.0
UAV_0042,telemetry_18,5,5,193,-103.03512460336663,0.05213331429569355,-0.007549803671679456,-0.001310667827051759
UAV_0042,telemetry_18,20,20,193,-103.0061780932464,0.041873230471010776,-0.10590230193686523,-0.0028211873025395734
UAV_0042,telemetry_18,50,50,193,-102.99125513221733,0.03357072088645134,-0.10096059451824146,-0.000992940262236289
UAV_0042,telemetry_19,5,5,193,33510.724148450325,0.5313540490590694,0.2961101052860613,0.18965954478553612
UAV_0042,telemetry_19,20,20,193,33509.11103998496,1.175376116451785,3.849356848259049,0.18447345446103627
UAV_0042,telemetry_19,50,50,193,33507.03217937355,1.9783852168591962,6.283658705964626,0.13078819525643337
UAV_0042,telemetry_20,5,5,193,-164.8973841769026,0.0,0.0,0.0
UAV_0042,telemetry_20,20,20,193,-164.89738417690256,2.9160058604848984e-14,0.0,0.0
UAV_0042,telemetry_20,50,50,193,-164.8973841769026,0.0,0.0,0.0
UAV_0042,telemetry_21,5,5,193,34967.32517698574,0.5941076784461432,0.8829225594454329,0.2501613918422663
UAV_0042,telemetry_21,20,20,193,34965.86099707468,1.27865213346904,3.5316902377453516,0.1952829971684187
UAV_0042,telemetry_21,50,50,193,34963.68459296566,2.068717374725365,7.210534235397063,0.13502814876558691
UAV_0042,telemetry_22,5,5,193,23255.238429750218,102.85821657673641,262.37272384511743,51.20711406527444
UAV_0042,telemetry_22,20,20,193,23201.21237498178,73.09074161189105,243.87114920417662,7.136102577008421
UAV_0042,telemetry_22,50,50,193,23107.69492766479,102.54344958545389,366.2437688765276,5.543760191482546
UAV_0042,telemetry_23,5,5,193,-17487.305022495315,6.801507429991654,-7.4736976676977065,-1.4115984770865908
UAV_0042,telemetry_23,20,20,193,-17461.985295132992,18.945949851164468,-58.199625583536545,-2.8813780075904836
UAV_0042,telemetry_23,50,50,193,-17426.322406757383,33.70316263079242,-104.58584226665334,-2.1868380359141457
UAV_0042,telemetry_24,5,5,193,-3737.466018752288,5.8302101822965815,-13.266092077758003,-2.806794540042438
UAV_0042,telemetry_24,20,20,193,-3717.132302557441,14.704071327494377,-48.53148657204247,-2.4019209814463105
UAV_0042,telemetry_24,50,50,193,-3686.002006953384,44.742946419121836,-87.25425953854437,-2.13548296247521
UAV_0042,telemetry_25,5,5,193,-174.2053044793406,0.38009776630930653,-0.6684375324074949,-0.07292045808081582
UAV_0042,telemetry_25,20,20,193,-173.69030374414484,0.4824720565011429,-1.6710938310187657,-0.0664097028950314
UAV_0042,telemetry_25,50,50,193,-172.82285412822512,0.859534765925709,-2.673750129630008,-0.05429641551575944
UAV_0042,telemetry_26,5,5,193,-7660.185176217294,17.782254919297504,-44.77988686981553,-10.104179601394298
UAV_0042,telemetry_26,20,20,193,-7620.751605968953,30.09121359549157,-111.51914133925584,-4.966298374869522
UAV_0042,telemetry_26,50,50,193,-7567.473587363361,50.614219411979256,-182.5641541615605,-3.386879540295046
UAV_0042,telemetry_27,5,5,193,969.0302044744709,1.2710574864626038e-13,0.0,0.0
UAV_0042,telemetry_27,20,20,193,969.0302044744709,1.1664023441939594e-13,0.0,0.0
UAV_0042,telemetry_27,50,50,193,969.0302044744708,0.0,0.0,0.0
UAV_0042,telemetry_28,5,5,193,-9883.40012034701,28.601811212565895,-60.631315834612906,-16.01901560481456
UAV_0042,telemetry_28,20,20,193,-9853.722798492152,37.98700975067894,-84.16577185981441,-4.2431608937885485
UAV_0042,telemetry_28,50,50,193,-9797.824591802872,58.98257069939182,-180.63538984880324,-3.6932621913117476
UAV_0043,telemetry_01,5,5,321,85.74572372015953,8.25786015156818,7.137342342407663,-0.70076918211428
UAV_0043,telemetry_01,20,20,321,84.86897237071824,11.954297857505004,4.9757373974286025,-0.5397870185121117
UAV_0043,telemetry_01,50,50,321,84.50726306219622,12.42009906672979,-9.11749517012018,-0.10289409021214393
UAV_0043,telemetry_02,5,5,321,10.052009956195606,8.515031624423797,-11.789291840956116,-2.0202880044726053
UAV_0043,telemetry_02,20,20,321,12.480349350717457,6.800671714277209,-17.297909410741152,-0.28772389573368345
UAV_0043,telemetry_02,50,50,321,11.073136374002429,6.822762314330221,-27.213553004698547,0.019311410673943413
UAV_0043,telemetry_03,5,5,321,30377.82504938608,0.0,0.0,0.0
UAV_0043,telemetry_03,20,20,321,30377.82504938608,9.180705356179459e-12,0.0,0.0
UAV_0043,telemetry_03,50,50,321,30377.82504938608,9.253195881301432e-12,0.0,0.0
UAV_0043,telemetry_04,5,5,321,-125.91197362192356,0.029277388093472124,-0.07822864126430318,-0.018205938330601155
UAV_0043,telemetry_04,20,20,321,-125.93006533274645,0.11855520712984799,-0.05689355728314638,-0.002815155035292846
UAV_0043,telemetry_04,50,50,321,-125.90769568606109,0.10033042572806071,-0.017068067184936808,-0.000955836498779556
UAV_0043,telemetry_05,5,5,321,-113.52665581231591,0.002160976125215455,0.005271237209328206,0.001044532514848129
UAV_0043,telemetry_05,20,20,321,-113.52601064127023,0.0024223246274088215,0.0010050119525004675,-8.535650461037487e-06
UAV_0043,telemetry_05,50,50,321,-113.5259738894663,0.00274832035552194,-0.0008261448457318465,2.558899535430698e-06
UAV_0043,telemetry_06,5,5,321,-143.18893268209197,0.6549889746393044,-0.7439183228373736,-0.10858201782828587
UAV_0043,telemetry_06,20,20,321,-142.6828427927678,0.9876344398353115,-3.3113132080504784,-0.1138806538154803
UAV_0043,telemetry_06,50,50,321,-141.9751685713831,1.0772783758166051,-3.814773083102068,-0.04909251726025781
UAV_0043,telemetry_07,5,5,321,140.7631728418209,0.0,0.0,0.0
UAV_0043,telemetry_07,20,20,321,140.70300875250302,0.040409841967921606,0.08594869902555047,0.005040600393979651
UAV_0043,telemetry_07,50,50,321,140.68753798667842,0.028213582053755237,0.08594869902555047,0.0010648146145782484
UAV_0043,telemetry_08,5,5,321,-4680.605940223165,0.0,0.0,0.0
UAV_0043,telemetry_08,20,20,321,-4680.605940223164,9.331218753551675e-13,0.0,0.0
UAV_0043,telemetry_08,50,50,321,-4680.605940223166,9.187283872526776e-13,0.0,0.0
UAV_0043,telemetry_09,5,5,321,-144.5020426875388,6.552305696962597,1.2847765064601617,-0.21846529482508856
UAV_0043,telemetry_09,20,20,321,-151.7873747962384,9.226325585124256,21.64629566288022,0.7685033068957502
UAV_0043,telemetry_09,50,50,321,-152.26166527899713,11.213734426490516,-12.648691950444118,0.1625024468077918
UAV_0043,telemetry_10,5,5,321,-62.671110465418735,1.5427365942299396,-1.0937021294181406,-0.14561939681698705
UAV_0043,telemetry_10,20,20,321,-61.48110671359952,3.1166400722957035,-1.0602696780535794,-0.019911347421963706
UAV_0043,telemetry_10,50,50,321,-62.27597898607301,2.908205705503299,-2.246020199186191,0.028787135652629015
UAV_0043,telemetry_11,5,5,321,61.61778519660445,0.08503687673878114,-0.11591754162997603,-0.002617492875516092
UAV_0043,telemetry_11,20,20,321,61.48874704312497,1.0294202265721828,-0.2836507585507704,-0.014156728915555054
UAV_0043,telemetry_11,50,50,321,61.66928943242242,0.8637740786302976,-0.5336480372734727,-0.013350206685695908
UAV_0043,telemetry_12,5,5,321,645.8243839912345,1.3659434352256021,3.462567060924812,0.7724188058986329
UAV_0043,telemetry_12,20,20,321,645.4648097195233,1.5300107910840188,6.392431497092048,0.11995822264280008
UAV_0043,telemetry_12,50,50,321,644.11973559201,1.8722084269759849,7.191485434228525,0.08492546046556909
UAV_0043,telemetry_13,5,5,321,7144.301297491365,3.2468871872776734,5.834602294177785,0.8366918971526502
UAV_0043,telemetry_13,20,20,321,7140.793532070822,3.4674411896616464,7.37483604085628,0.26694620019917426
UAV_0043,telemetry_13,50,50,321,7138.807586021145,3.7465020439789147,11.791366791274413,0.14265449600815755
UAV_0043,telemetry_14,5,5,321,-648.8153498138018,0.0,0.0,0.0
UAV_0043,telemetry_14,20,20,321,-648.8153498138018,0.0,0.0,0.0
UAV_0043,telemetry_14,50,50,321,-648.8153498138018,0.0,0.0,0.0
UAV_0043,telemetry_15,5,5,321,50316.89366840501,14.406948096803454,-5.612638219943619,0.9436633490644454
UAV_0043,telemetry_15,20,20,321,50277.898168245054,38.08702047463152,133.7164797893056,5.695879446120446
UAV_0043,telemetry_15,50,50,321,50216.78887349854,61.63849571579848,196.9974337855383,4.064455462053234
UAV_0043,telemetry_16,5,5,321,-700.49584842653,1.55121168388731,-3.4686147726639547,-0.867153693165983
UAV_0043,telemetry_16,20,20,321,-700.8427099037964,1.3075585684997173,0.0,0.010431924128313244
UAV_0043,telemetry_16,50,50,321,-699.2818332560978,2.166999201552115,-5.202922158995875,-0.10268432208150331
UAV_0043,telemetry_17,5,5,321,40.41581228213973,0.0,0.0,0.0
UAV_0043,telemetry_17,20,20,321,40.41581228213973,2.2821355643912005e-14,0.0,0.0
UAV_0043,telemetry_17,50,50,321,40.41581228213973,1.807264820566686e-14,0.0,0.0
UAV_0043,telemetry_18,5,5,321,-103.29225378563027,0.042233693671651786,-0.0726053448067745,-0.02267878902971745
UAV_0043,telemetry_18,20,20,321,-103.28411202572647,0.04458492789942414,-0.07786481774959952,-0.0022138029171011714
UAV_0043,telemetry_18,50,50,321,-103.26433103831083,0.039527720346944295,-0.07730253209649618,-0.0009545825184983926
UAV_0043,telemetry_19,5,5,321,33511.31073509737,0.6980166836534286,1.6897638183436356,0.32260648976225637
UAV_0043,telemetry_19,20,20,321,33510.35939016055,0.9554836933861759,3.132758385159832,0.14792663794518227
UAV_0043,telemetry_19,50,50,321,33509.096664128054,1.4142198040151668,5.336106677685166,0.08994091378429867
UAV_0043,telemetry_20,5,5,321,-164.8973841769026,0.0,0.0,0.0
UAV_0043,telemetry_20,20,20,321,-164.89738417690256,2.9160058604848984e-14,0.0,0.0
UAV_0043,telemetry_20,50,50,321,-164.8973841769026,0.0,0.0,0.0
UAV_0043,telemetry_21,5,5,321,34968.00208428131,0.35132478650381893,0.7357687995390734,0.19129988787899493
UAV_0043,telemetry_21,20,20,321,34967.22216935381,0.6544446934404119,1.4715375990708708,0.09316050063221189
UAV_0043,telemetry_21,50,50,321,34965.8271517099,1.3769275202479951,5.150381596715306,0.09068063389541675
UAV_0043,telemetry_22,5,5,321,23256.695246651077,30.068114995689758,-42.53905350514833,-8.478674363012397
UAV_0043,telemetry_22,20,20,321,23236.576605250186,41.31641901448435,59.001084484880266,1.981270985171251
UAV_0043,telemetry_22,50,50,321,23168.633578627814,74.137686638524,128.92829572622577,4.080682300819273
UAV_0043,telemetry_23,5,5,321,-17493.93393271212,11.047287115938515,-28.176347542077565,-5.099371936879106
UAV_0043,telemetry_23,20,20,321,-17472.853902645045,16.961794244493245,-46.075061832270876,-2.246001592852283
UAV_0043,telemetry_23,50,50,321,-17450.30249329486,22.9720555757224,-85.8610928852795,-1.46371069627181
UAV_0043,telemetry_24,5,5,321,-3743.0464101149314,4.676612826087611,-8.784463849186977,-2.1528960772744083
UAV_0043,telemetry_24,20,20,321,-3748.9861732280087,75.60145783083011,-27.63206136822373,-1.7955678232908934
UAV_0043,telemetry_24,50,50,321,-3728.4896765782496,64.65485201493793,-46.75781815413666,-1.3922810481558336
UAV_0043,telemetry_25,5,5,321,-174.3632988051824,0.14946717611752733,-0.030383524200317424,-0.0060767048400634845
UAV_0043,telemetry_25,20,20,321,-173.92881440911748,0.4697592591640974,-1.1241903954125974,-0.0612696330115154
UAV_0043,telemetry_25,50,50,321,-173.352742790279,0.6282317612328514,-1.488792685816719,-0.03655506356972615
UAV_0043,telemetry_26,5,5,321,-7673.389501832751,10.92895754495885,-22.533468713337243,-4.86550693873969
UAV_0043,telemetry_26,20,20,321,-7650.8345043276495,18.718091814094716,-57.6971619284177,-2.977663915555409
UAV_0043,telemetry_26,50,50,321,-7617.271117967053,32.734553077348444,-105.20402908838423,-2.1913156939748313
UAV_0043,telemetry_27,5,5,321,969.0302044744709,1.2710574864626038e-13,0.0,0.0
UAV_0043,telemetry_27,20,20,321,969.0302044744709,1.1664023441939594e-13,0.0,0.0
UAV_0043,telemetry_27,50,50,321,969.0302044744708,0.0,0.0,0.0
UAV_0043,telemetry_28,5,5,321,-9888.96474002125,18.984742605903463,-0.4275882648471452,2.769560121262657
UAV_0043,telemetry_28,20,20,321,-9875.852055980176,27.777413947280547,-47.125695173417625,-2.084878225202725
UAV_0043,telemetry_28,50,50,321,-9839.082523427149,44.11475809773616,-113.74704696963454,-2.2376567271231216
UAV_0044,telemetry_01,5,5,180,89.031129164688,7.024369301889896,-12.364203177503754,-2.452438608693008
UAV_0044,telemetry_01,20,20,180,88.25043366434551,9.866605704863211,5.973570895198776,0.08230996229162894
UAV_0044,telemetry_01,50,50,180,86.30121007267655,12.002873445183718,-13.624952635709604,0.13319070120991733
UAV_0044,telemetry_02,5,5,180,8.774840655176039,6.759410158211655,-12.781274419819159,-1.5703318863646407
UAV_0044,telemetry_02,20,20,180,10.011461729380606,7.862394418207318,8.812559948553684,-0.0774683227052496
UAV_0044,telemetry_02,50,50,180,11.077002911108247,6.783740229968317,-2.9706081161537155,-0.00735757583848139
UAV_0044,telemetry_03,5,5,180,30377.82504938608,0.0,0.0,0.0
UAV_0044,telemetry_03,20,20,180,30377.82504938608,1.8550124927397645e-11,0.0,0.0
UAV_0044,telemetry_03,50,50,180,30377.82504938608,1.409941299503567e-11,0.0,0.0
UAV_0044,telemetry_04,5,5,180,-125.89405215137938,0.03969064760068854,0.07396162446808319,0.006400525194352724
UAV_0044,telemetry_04,20,20,180,-125.91399134915085,0.15690880357993484,0.04409250689444377,-0.0018710605898007557
UAV_0044,telemetry_04,50,50,180,-125.90006449474264,0.13766633179948587,-0.004267016796234202,-0.0010079913367653445
UAV_0044,telemetry_05,5,5,180,-113.52723758561667,0.0008223812985836217,2.934215999061962e-06,-4.143247329579935e-06
UAV_0044,telemetry_05,20,20,180,-113.52527507593577,0.0028726975067358577,-0.006153708870357377,-0.00022827225417465781
UAV_0044,telemetry_05,50,50,180,-113.52519641490802,0.0027575503790894912,0.00012743148089100487,-1.854557394704163e-06
UAV_0044,telemetry_06,5,5,180,-134.27218238758434,0.5804304484534847,1.0607724233051954,0.2880491822434351
UAV_0044,telemetry_06,20,20,180,-134.6510923010093,0.7446579220389841,1.5028652986613906,0.039531195553323115
UAV_0044,telemetry_06,50,50,180,-135.04498077191099,0.8508399878598328,2.8767346591876617,0.027720858605548584
UAV_0044,telemetry_07,5,5,180,140.5912754437698,0.0,0.0,0.0
UAV_0044,telemetry_07,20,20,180,140.59127544376983,2.9160058604848984e-14,0.0,0.0
UAV_0044,telemetry_07,50,50,180,140.59127544376977,2.8710262101646174e-14,0.0,0.0
UAV_0044,telemetry_08,5,5,180,-4680.605940223165,0.0,0.0,0.0
UAV_0044,telemetry_08,20,20,180,-4680.605940223164,9.331218753551675e-13,0.0,0.0
UAV_0044,telemetry_08,50,50,180,-4680.605940223166,9.187283872526776e-13,0.0,0.0
UAV_0044,telemetry_09,5,5,180,-155.42913463500105,14.750180641909816,-11.126078870544347,-4.0719001857339805
UAV_0044,telemetry_09,20,20,180,-152.75032755549879,8.929561374503555,0.7208424690490176,-0.30067117947759653
UAV_0044,telemetry_09,50,50,180,-151.4394891729334,8.831656055693673,-1.5450956293090883,-0.09959394351974964
UAV_0044,telemetry_10,5,5,180,-62.740336388781415,1.2566431039117176,0.6921127068336261,-0.17173628500285787
UAV_0044,telemetry_10,20,20,180,-64.3664595481275,4.294945855464144,0.15848398027965516,-0.012203305380004078
UAV_0044,telemetry_10,50,50,180,-63.948796800960764,4.11663728988037,1.8771829120473527,-0.0073135334257565555
UAV_0044,telemetry_11,5,5,180,62.995975322896314,0.08479156332747476,0.19924996787086258,0.039369229576627876
UAV_0044,telemetry_11,20,20,180,63.65524723079934,1.6472616545694139,0.1533102969944693,0.006526233253830851
UAV_0044,telemetry_11,50,50,180,63.212315801973375,1.4526561556020556,0.2772405719168347,0.02303178274465347
UAV_0044,telemetry_12,5,5,180,630.2694673483104,1.3678896866547232,0.39952696856835246,-0.05327026247575759
UAV_0044,telemetry_12,20,20,180,631.1817205932078,1.4069293947910013,0.0,-0.08841661986109395
UAV_0044,telemetry_12,50,50,180,632.2644386780278,1.6510208296282853,-1.19858090570483,-0.06229359265023558
UAV_0044,telemetry_13,5,5,180,7147.230447738933,4.24933612432485,10.4180983774786,2.6260439080169817
UAV_0044,telemetry_13,20,20,180,7146.3866050759825,3.7062494093929153,8.45469252391922,0.1973636532561299
UAV_0044,telemetry_13,50,50,180,7143.932155527045,4.0938145602743985,12.546991405747576,0.15070167543594726
UAV_0044,telemetry_14,5,5,180,-648.8153498138018,0.0,0.0,0.0
UAV_0044,telemetry_14,20,20,180,-648.8153498138018,0.0,0.0,0.0
UAV_0044,telemetry_14,50,50,180,-648.8153498138018,0.0,0.0,0.0
UAV_0044,telemetry_15,5,5,180,49891.5667105512,24.67708877854616,-38.363307393439754,-10.768864101115469
UAV_0044,telemetry_15,20,20,180,49902.13203942016,22.519552049365135,-48.046650256401335,-1.706561071583499
UAV_0044,telemetry_15,50,50,180,49923.40578859402,27.28347747055647,-89.24711543132435,-1.2807237353718426
UAV_0044,telemetry_16,5,5,180,-700.8427099037964,0.9499192771418197,0.0,-0.17343073863319206
UAV_0044,telemetry_16,20,20,180,-700.7559945344798,1.0489183317384863,0.0,-0.04563966806136633
UAV_0044,telemetry_16,50,50,180,-699.732753176544,1.6419472454409445,-3.4686147726639547,-0.06762341405529715
UAV_0044,telemetry_17,5,5,180,40.41581228213973,0.0,0.0,0.0
UAV_0044,telemetry_17,20,20,180,40.41581228213973,3.6083731563750244e-14,0.0,0.0
UAV_0044,telemetry_17,50,50,180,40.41581228213973,2.9750121634266985e-14,0.0,0.0
UAV_0044,telemetry_18,5,5,180,-103.32493842083382,0.0021354614696813047,-0.005021176001818617,-0.001022625256491949
UAV_0044,telemetry_18,20,20,180,-103.32663473036618,0.0062717240046470555,-0.00018654962195796543,0.00021323277258403765
UAV_0044,telemetry_18,50,50,180,-103.3276979378125,0.005713148788070869,-0.012510223857404412,3.7616201240890495e-05
UAV_0044,telemetry_19,5,5,180,33508.09727711455,0.5966967035641711,0.8494077107898192,0.27126471998853957
UAV_0044,telemetry_19,20,20,180,33507.63177846683,0.5915393119952286,1.5817753484880086,0.0698319825801243
UAV_0044,telemetry_19,50,50,180,33507.20086007215,0.6458941000743125,2.4786894728822517,0.02954366764895058
UAV_0044,telemetry_20,5,5,180,-164.8973841769026,0.0,0.0,0.0
UAV_0044,telemetry_20,20,20,180,-164.89738417690256,2.9160058604848984e-14,0.0,0.0
UAV_0044,telemetry_20,50,50,180,-164.8973841769026,0.0,0.0,0.0
UAV_0044,telemetry_21,5,5,180,34964.76470156338,0.4924706746683311,1.0300763193372404,0.23544601584799238
UAV_0044,telemetry_21,20,20,180,34964.29380953168,0.666694490566274,1.6186913589699543,0.07545779267380376
UAV_0044,telemetry_21,50,50,180,34963.80525904879,0.7162538802086853,3.2373827179253567,0.03798792860766467
UAV_0044,telemetry_22,5,5,180,23180.32890470793,26.117196470677037,8.303856334907323,-1.3402715487933166
UAV_0044,telemetry_22,20,20,180,23199.49333103876,55.6743958702179,-18.21021126076812,1.5533173286551798
UAV_0044,telemetry_22,50,50,180,23177.348257328766,58.10252568348961,-15.150895768954797,1.2440901534985536
UAV_0044,telemetry_23,5,5,180,-17350.504457945954,3.234442866024321,3.7567181795748184,-0.07866168748114433
UAV_0044,telemetry_23,20,20,180,-17353.295167104166,5.118370755917606,4.345199292227335,0.30451336115082744
UAV_0044,telemetry_23,50,50,180,-17358.90869473717,8.46534898154972,25.65894442208446,0.3298501622241609
UAV_0044,telemetry_24,5,5,180,-3626.158451878531,3.6835121067852112,8.937804662585677,1.5409261189966401
UAV_0044,telemetry_24,20,20,180,-3580.6688858192792,120.49306901189621,4.128776512097829,0.22325709988218764
UAV_0044,telemetry_24,50,50,180,-3613.5297903484543,100.92545759834111,13.268048686098155,1.649648658770678
UAV_0044,telemetry_25,5,5,180,-174.54559995038443,0.09938710383299368,-0.030383524200345846,0.0030383524200345846
UAV_0044,telemetry_25,20,20,180,-174.26303317532125,0.3273741713906343,-0.7595881050085325,-0.040069700336389645
UAV_0044,telemetry_25,50,50,180,-173.885669804753,0.4740592879267059,-1.1849574438133175,-0.025211394870679225
UAV_0044,telemetry_26,5,5,180,-7440.706320443818,2.3787988931518442,-2.152879176433089,0.07176263921455757
UAV_0044,telemetry_26,20,20,180,-7443.734703818666,4.851136531663661,12.056123388028027,0.37834558358773096
UAV_0044,telemetry_26,50,50,180,-7448.65475036321,6.3191777137215706,13.34785089388697,0.30544522519521566
UAV_0044,telemetry_27,5,5,180,969.0302044744709,1.2710574864626038e-13,0.0,0.0
UAV_0044,telemetry_27,20,20,180,969.0302044744709,1.1664023441939594e-13,0.0,0.0
UAV_0044,telemetry_27,50,50,180,969.0302044744708,0.0,0.0,0.0
UAV_0044,telemetry_28,5,5,180,-9915.936650209784,19.98118911989853,-24.86352723911841,-9.618372325739074
UAV_0044,telemetry_28,20,20,180,-9920.920623150738,30.172786986129754,-42.68202659369672,-1.2903998378025927
UAV_0044,telemetry_28,50,50,180,-9896.555358806596,34.80499261095721,-51.7742764001614,-1.6211610705614357
UAV_0045,telemetry_01,5,5,205,84.67859168651583,9.976443711038668,12.510516961723624,1.1894779452140143
UAV_0045,telemetry_01,20,20,205,86.24209310033821,8.203509511183027,-2.6662595536417797,-0.2662555685676408
UAV_0045,telemetry_01,50,50,205,85.8148537800122,9.136820395823783,7.465407485042476,-0.02326756845573862
UAV_0045,telemetry_02,5,5,205,11.024398381372889,6.762529674547082,-18.916911424119444,-4.058806811537638
UAV_0045,telemetry_02,20,20,205,10.839502908555325,6.686350867844925,-14.366370465403755,-0.15178408100470694
UAV_0045,telemetry_02,50,50,205,10.981207202641983,7.279127730148161,-14.883362464986146,-0.008444241328232184
UAV_0045,telemetry_03,5,5,205,30377.82504938608,0.0,0.0,0.0
UAV_0045,telemetry_03,20,20,205,30377.825049386087,7.46497500284134e-12,0.0,0.0
UAV_0045,telemetry_03,50,50,205,30377.82504938608,7.275957614183426e-12,0.0,0.0
UAV_0045,telemetry_04,5,5,205,-125.8963278936707,0.040045850964728666,-0.04978186262272288,-0.015361260466443127
UAV_0045,telemetry_04,20,20,205,-125.90301288665145,0.033543019208201054,-0.03555847330196116,-0.0010180952355927184
UAV_0045,telemetry_04,50,50,205,-125.89123852782073,0.057190253069326576,-0.07680630233221564,-0.0010512655673475119
UAV_0045,telemetry_05,5,5,205,-113.52502557717494,0.0028018389585451383,0.0034249600540761094,0.0004382684964980399
UAV_0045,telemetry_05,20,20,205,-113.52538822921785,0.0019523310178632752,0.001819744721473171,3.572742830308633e-05
UAV_0045,telemetry_05,50,50,205,-113.52541758964654,0.002302833837499517,0.0026252024773327776,-1.047230055610967e-05
UAV_0045,telemetry_06,5,5,205,-142.85103846744295,0.9044752646257683,-2.387051049373838,-0.5171109015144054
UAV_0045,telemetry_06,20,20,205,-142.08971195489607,0.8175272809086335,-2.750243496550297,-0.07421668632787755
UAV_0045,telemetry_06,50,50,205,-141.06796393384622,1.2831343620289488,-4.85550730242511,-0.06964556837413546
UAV_0045,telemetry_07,5,5,205,140.71160362240556,0.04707604124451628,0.08594869902555047,0.017189739805110092
UAV_0045,telemetry_07,20,20,205,140.6858190126979,0.026454451377029148,0.08594869902555047,0.0021971847871193355
UAV_0045,telemetry_07,50,50,205,140.66003440299025,0.042533575301914026,0.17189739805110094,0.0021956642440140624
UAV_0045,telemetry_08,5,5,205,-4680.605940223165,0.0,0.0,0.0
UAV_0045,telemetry_08,20,20,205,-4680.605940223164,9.331218753551675e-13,0.0,0.0
UAV_0045,telemetry_08,50,50,205,-4680.605940223166,9.187283872526776e-13,0.0,0.0
UAV_0045,telemetry_09,5,5,205,-145.50188268832244,11.68084075444607,-5.637710175454345,-3.602308940121168
UAV_0045,telemetry_09,20,20,205,-148.77969489062986,9.414283417603931,4.625270370948442,-0.048150552389916716
UAV_0045,telemetry_09,50,50,205,-150.49547900140385,8.635659431609742,2.634032721141182,0.12581586850991686
UAV_0045,telemetry_10,5,5,205,-62.384239741686656,0.6836857269766412,-1.9274581135949518,-0.39186986980792254
UAV_0045,telemetry_10,20,20,205,-62.672722196330504,0.9489730167944568,0.7269015011777569,0.008202912015981565
UAV_0045,telemetry_10,50,50,205,-62.22624912000768,1.8816849091498162,-0.6391884557316061,-0.026268336139565595
UAV_0045,telemetry_11,5,5,205,61.55432434892869,0.08455701273061746,0.05021312863233618,-0.010363135058164375
UAV_0045,telemetry_11,20,20,205,61.72299238473361,0.15556701115105606,-0.5261694862005868,-0.021959708910359484
UAV_0045,telemetry_11,50,50,205,61.99383526632949,0.6799554841086753,-0.5817244370278445,-0.01938893175884541
UAV_0045,telemetry_12,5,5,205,645.5580326788557,2.2900792283714377,0.13317565618945082,-0.17312835304626334
UAV_0045,telemetry_12,20,20,205,644.9920361400507,1.8561673359102302,0.6658782809472541,0.12426390175268595
UAV_0045,telemetry_12,50,50,205,643.1102641180942,2.3568228996140963,5.859728872334472,0.13078393011907932
UAV_0045,telemetry_13,5,5,205,7145.1372712975035,2.9887562772145553,4.551822199723574,1.0533918542678293
UAV_0045,telemetry_13,20,20,205,7141.121122164484,4.740938260795276,14.529406130700409,0.5247283112247126
UAV_0045,telemetry_13,50,50,205,7137.220642033699,4.963007056005895,16.937244792866295,0.23202105166985965
UAV_0045,telemetry_14,5,5,205,-648.8153498138018,0.0,0.0,0.0
UAV_0045,telemetry_14,20,20,205,-648.8153498138018,0.0,0.0,0.0
UAV_0045,telemetry_14,50,50,205,-648.8153498138018,0.0,0.0,0.0
UAV_0045,telemetry_15,5,5,205,50307.83943444142,30.22760586941096,78.26854836376151,18.657396280565443
UAV_0045,telemetry_15,20,20,205,50251.17029162296,49.64713789395222,130.69428997857176,7.387368986501077
UAV_0045,telemetry_15,50,50,205,50175.083887657245,75.58263173151065,283.03732737690734,4.956598608407595
UAV_0045,telemetry_16,5,5,205,-702.9238787673946,0.7756058419436329,0.0,-0.17343073863319206
UAV_0045,telemetry_16,20,20,205,-700.4091330572134,2.3386934488970605,-6.937229545327796,-0.31426171436541467
UAV_0045,telemetry_16,50,50,205,-698.0678180856653,2.8030640309422594,-8.671536931659716,-0.16672669327426454
UAV_0045,telemetry_17,5,5,205,40.41581228213973,0.0,0.0,0.0
UAV_0045,telemetry_17,20,20,205,40.41581228213974,7.290014651212246e-15,0.0,0.0
UAV_0045,telemetry_17,50,50,205,40.41581228213973,1.0150610510858574e-14,0.0,0.0
UAV_0045,telemetry_18,5,5,205,-103.17346463939732,0.03970556320269469,0.0010499939069887887,0.008425050765168862
UAV_0045,telemetry_18,20,20,205,-103.1592359663309,0.020814917411941074,0.009132350835358238,-0.0008837978372517534
UAV_0045,telemetry_18,50,50,205,-103.13317874137341,0.04392597334118791,-0.08368811348756822,-0.0018615037290907075
UAV_0045,telemetry_19,5,5,205,33511.03791058585,0.40475752495939826,0.971423699746083,0.2120722548897902
UAV_0045,telemetry_19,20,20,205,33509.4890997963,1.1814932371830587,3.4706805799651193,0.18060382957802976
UAV_0045,telemetry_19,50,50,205,33507.6560192876,1.8119028855573485,6.184639795261319,0.11694528793286758
UAV_0045,telemetry_20,5,5,205,-164.8973841769026,0.0,0.0,0.0
UAV_0045,telemetry_20,20,20,205,-164.89738417690256,2.9160058604848984e-14,0.0,0.0
UAV_0045,telemetry_20,50,50,205,-164.8973841769026,0.0,0.0,0.0
UAV_0045,telemetry_21,5,5,205,34967.91379202536,0.8232723543299125,1.9129988787753973,0.2795921438206278
UAV_0045,telemetry_21,20,20,205,34966.2803852904,1.2699095308031314,3.8259977575580706,0.19959803223336392
UAV_0045,telemetry_21,50,50,205,34964.35267103564,1.911034279779578,6.916226715577068,0.12418152108465973
UAV_0045,telemetry_22,5,5,205,23260.6286522834,72.92679024118505,98.62650418831254,23.469320272875848
UAV_0045,telemetry_22,20,20,205,23211.03132089358,63.79618989659389,233.38206751798134,7.238189295173878
UAV_0045,telemetry_22,50,50,205,23135.29869430231,89.29671015263061,282.3311153869181,4.877422984083586
UAV_0045,telemetry_23,5,5,205,-17488.474897599008,15.399221689691203,-17.432933319036238,-6.049964926965549
UAV_0045,telemetry_23,20,20,205,-17464.024553252963,22.38576745355809,-69.91685167403193,-3.4794696781769225
UAV_0045,telemetry_23,50,50,205,-17433.390550447584,32.09168679235954,-102.05296494138383,-2.0964537439563937
UAV_0045,telemetry_24,5,5,205,-3742.0892492113408,7.625620879381919,-17.479408087975116,-4.43151571194021
UAV_0045,telemetry_24,20,20,205,-3723.4418291045586,14.191712642010168,-48.07146900289672,-2.3428719248572722
UAV_0045,telemetry_24,50,50,205,-3694.7421904161606,50.595864314992085,-79.31717723767497,-1.9664205358834157
UAV_0045,telemetry_25,5,5,205,-174.3876056245427,0.18103073846880469,-0.33421876620374746,-0.0668437532407495
UAV_0045,telemetry_25,20,20,205,-173.7586666735956,0.5751451986610235,-1.8230114520204665,-0.08717558522443743
UAV_0045,telemetry_25,50,50,205,-172.94195754309044,0.8443833405424894,-2.612983081229345,-0.05291037239497576
UAV_0045,telemetry_26,5,5,205,-7671.43755804612,12.174040519353388,-29.13563152106599,-6.673925446943758
UAV_0045,telemetry_26,20,20,205,-7632.212099451501,30.050841090506278,-91.42560235920973,-4.999427894025684
UAV_0045,telemetry_26,50,50,205,-7584.558836507536,46.61049672733305,-167.9245757618146,-3.1252465693602134
UAV_0045,telemetry_27,5,5,205,969.0302044744709,1.2710574864626038e-13,0.0,0.0
UAV_0045,telemetry_27,20,20,205,969.0302044744709,1.1664023441939594e-13,0.0,0.0
UAV_0045,telemetry_27,50,50,205,969.0302044744708,0.0,0.0,0.0
UAV_0045,telemetry_28,5,5,205,-9924.693534757937,36.965752277075836,-89.59255349026353,-14.942844262392281
UAV_0045,telemetry_28,20,20,205,-9873.406661112174,43.45183576460154,-169.78371747184065,-5.701656169738043
UAV_0045,telemetry_28,50,50,205,-9811.331498855185,63.0374649189893,-221.79859738032792,-3.818321229075972
UAV_0046,telemetry_01,5,5,204,91.55053707876601,16.879937034857416,-33.438956325355335,-9.307708658206701
UAV_0046,telemetry_01,20,20,204,87.7209351915787,10.774734529169645,-5.308508290358574,0.2946642543848054
UAV_0046,telemetry_01,50,50,204,85.95649664439969,11.734856704124242,14.2883059179577,0.2121428505764109
UAV_0046,telemetry_02,5,5,204,10.361760209559815,6.837521773578125,0.4269570610197668,1.5551245485693574
UAV_0046,telemetry_02,20,20,204,9.732838693336657,6.594704888056688,-7.919271960622725,-0.12770389142051505
UAV_0046,telemetry_02,50,50,204,12.361067392115283,7.0331597122872145,-7.927408098742196,-0.0933141530915334
UAV_0046,telemetry_03,5,5,204,30377.82504938608,0.0,0.0,0.0
UAV_0046,telemetry_03,20,20,204,30377.825049386087,7.46497500284134e-12,0.0,0.0
UAV_0046,telemetry_03,50,50,204,30377.82504938608,5.716823839715549e-12,0.0,0.0
UAV_0046,telemetry_04,5,5,204,-125.87157919625254,0.02799154345518549,0.027024439709478543,0.007822864126428897
UAV_0046,telemetry_04,20,20,204,-125.89206087687447,0.03380262610650588,0.0,0.0011613985565695855
UAV_0046,telemetry_04,50,50,204,-125.89421599959275,0.06714763837234111,-0.01849040611702435,0.0003954543038288396
UAV_0046,telemetry_05,5,5,204,-113.52609819682898,0.0030005512689188197,-0.002519311371415256,-0.00021467738330329666
UAV_0046,telemetry_05,20,20,204,-113.52623900140107,0.0027792180707844,-0.0025884294344251657,-1.9130054165229564e-05
UAV_0046,telemetry_05,50,50,204,-113.52623486223997,0.002654030281939548,-0.001627804893502116,8.644010760651812e-06
UAV_0046,telemetry_06,5,5,204,-143.3266953344693,0.8144862105281573,-2.1015066426281237,-0.3735872654922332
UAV_0046,telemetry_06,20,20,204,-142.75128578324433,0.9259993707167706,-2.497261171275568,-0.10380034490434706
UAV_0046,telemetry_06,50,50,204,-141.46810181961476,1.365861225385673,-5.1410517091707675,-0.07821069780315755
UAV_0046,telemetry_07,5,5,204,140.74598310201583,0.03843742671976015,0.08594869902555047,0.017189739805110092
UAV_0046,telemetry_07,20,20,204,140.6944138826005,0.035272601836038864,0.08594869902555047,0.004135877246342278
UAV_0046,telemetry_07,50,50,204,140.66691029891228,0.04474456649635097,0.17189739805110094,0.0023607517811579768
UAV_0046,telemetry_08,5,5,204,-4680.605940223165,0.0,0.0,0.0
UAV_0046,telemetry_08,20,20,204,-4680.605940223164,9.331218753551675e-13,0.0,0.0
UAV_0046,telemetry_08,50,50,204,-4680.605940223166,9.187283872526776e-13,0.0,0.0
UAV_0046,telemetry_09,5,5,204,-148.94483509249935,4.421576065474455,-5.263410750521814,-0.06097537006949949
UAV_0046,telemetry_09,20,20,204,-149.09008608992278,8.41696185285184,-0.41277000304634726,0.3356250240108994
UAV_0046,telemetry_09,50,50,204,-150.7718056817338,9.581792419198937,-17.10595315751692,0.04473064086082528
UAV_0046,telemetry_10,5,5,204,-63.03537123587894,1.4783387183731784,-3.308218929247033,-0.5998304889143021
UAV_0046,telemetry_10,20,20,204,-62.446288399160075,1.2979576754330127,-1.366063790606205,-0.03411355466619777
UAV_0046,telemetry_10,50,50,204,-62.493474907583206,2.8431269682113918,-4.043030685780295,0.004153835220025259
UAV_0046,telemetry_11,5,5,204,61.58049927768384,0.10450739631551982,0.013888737706814425,0.012339609270288321
UAV_0046,telemetry_11,20,20,204,61.74080736175368,0.15720077487038212,-0.4545890687885219,-0.016966109260016526
UAV_0046,telemetry_11,50,50,204,61.82086319351802,0.7104821459320667,-0.5448658638828263,-0.006500110996109575
UAV_0046,telemetry_12,5,5,204,645.50476241638,0.9159155149304044,-1.5981078742731825,-0.3595742717114717
UAV_0046,telemetry_12,20,20,204,645.291681366477,1.1155670991463138,-0.6658782809472541,0.06128082826159674
UAV_0046,telemetry_12,50,50,204,643.251430313655,2.0466332466509294,3.0630400923566867,0.11829451563946658
UAV_0046,telemetry_13,5,5,204,7140.484816963761,3.2941686634803653,3.787576584794806,1.248505090395065
UAV_0046,telemetry_13,20,20,204,7139.436458619859,3.772233324404761,10.363182080373008,0.374356474228667
UAV_0046,telemetry_13,50,50,204,7136.571788219057,4.61789497585862,12.552559761636076,0.21516331247012682
UAV_0046,telemetry_14,5,5,204,-648.8153498138018,0.0,0.0,0.0
UAV_0046,telemetry_14,20,20,204,-648.8153498138018,0.0,0.0,0.0
UAV_0046,telemetry_14,50,50,204,-648.8153498138018,0.0,0.0,0.0
UAV_0046,telemetry_15,5,5,204,50310.010476917705,39.00625075343048,84.12789595600043,10.195264810502703
UAV_0046,telemetry_15,20,20,204,50246.92072268501,51.5598897478118,175.16365433654573,8.128702825912134
UAV_0046,telemetry_15,50,50,204,50162.79035963528,82.3728628779295,313.25922548426024,5.3961796222882175
UAV_0046,telemetry_16,5,5,204,-701.1895713810627,0.7756058419436328,0.0,0.17343073863319206
UAV_0046,telemetry_16,20,20,204,-699.8888408413138,1.9873966262640106,-1.7343073863319205,-0.18907862482566537
UAV_0046,telemetry_16,50,50,204,-697.7209566083989,2.8030640309422603,-6.937229545327796,-0.14324171450136625
UAV_0046,telemetry_17,5,5,204,40.41581228213973,0.0,0.0,0.0
UAV_0046,telemetry_17,20,20,204,40.41581228213974,7.290014651212246e-15,0.0,0.0
UAV_0046,telemetry_17,50,50,204,40.41581228213973,1.3195793664116147e-14,0.0,0.0
UAV_0046,telemetry_18,5,5,204,-103.24218102567488,0.0013709803117082178,0.0007112119110388448,-4.8257895882386494e-05
UAV_0046,telemetry_18,20,20,204,-103.2503894334347,0.030085491352894844,-0.0035098089641110164,-0.0005098158054665592
UAV_0046,telemetry_18,50,50,204,-103.24103170033273,0.02719162714471341,-0.0920582909554497,-0.0006318899008300824
UAV_0046,telemetry_19,5,5,204,33510.85677932396,0.46153057179851426,0.38262345068505965,-0.010578779607021716
UAV_0046,telemetry_19,20,20,204,33509.711025491044,1.0255318130407343,3.3857495932024904,0.1542263063923167
UAV_0046,telemetry_19,50,50,204,33507.84622235634,1.8279314088705287,6.284828145464417,0.119700333051303
UAV_0046,telemetry_20,5,5,204,-164.8973841769026,0.0,0.0,0.0
UAV_0046,telemetry_20,20,20,204,-164.89738417690256,2.9160058604848984e-14,0.0,0.0
UAV_0046,telemetry_20,50,50,204,-164.8973841769026,0.0,0.0,0.0
UAV_0046,telemetry_21,5,5,204,34968.178668793196,0.3975875653220862,0.5886150396254379,0.10300763193517923
UAV_0046,telemetry_21,20,20,204,34966.61883893819,1.2036535603595155,3.5316902377380757,0.1900828267053764
UAV_0046,telemetry_21,50,50,204,34964.60577550267,1.9813445232715579,6.621919195764349,0.13133252252643868
UAV_0046,telemetry_22,5,5,204,23220.682732861787,51.10475481934197,1.1654535206907894,14.655578022665214
UAV_0046,telemetry_22,20,20,204,23179.054189919676,72.30026579866232,78.95947602668093,7.989819187934101
UAV_0046,telemetry_22,50,50,204,23116.75050152054,88.18596637181976,293.6942872136351,4.295871470986862
UAV_0046,telemetry_23,5,5,204,-17488.870734490047,10.786877549840197,-25.64480013231514,-5.385220269967976
UAV_0046,telemetry_23,20,20,204,-17465.346307619555,18.277793424609015,-66.42858207013705,-2.7701337725612816
UAV_0046,telemetry_23,50,50,204,-17433.49253996649,30.90288034821102,-113.32093850383171,-2.0295321398661654
UAV_0046,telemetry_24,5,5,204,-3742.263935999193,3.589855147542351,-8.925354510705802,-1.7912936083259865
UAV_0046,telemetry_24,20,20,204,-3726.8064482650857,12.248173460777906,-37.28893304423809,-2.0163618034242377
UAV_0046,telemetry_24,50,50,204,-3707.4054858511054,43.89215970409908,-79.49477176213031,-1.2414071212201947
UAV_0046,telemetry_25,5,5,204,-174.44837267294338,0.4647785483677705,-0.5772869598064858,-0.07292045808081866
UAV_0046,telemetry_25,20,20,204,-173.91969935185742,0.5184821768131408,-1.3976421132156815,-0.0694023658049907
UAV_0046,telemetry_25,50,50,204,-173.06227629892382,0.8702658557789115,-3.463721758838858,-0.05532354641789821
UAV_0046,telemetry_26,5,5,204,-7668.2800019206825,5.0697142988888535,-9.61619365473598,-2.282051927019438
UAV_0046,telemetry_26,20,20,204,-7638.433920271394,23.96925411388137,-66.7392544694394,-3.985578276853089
UAV_0046,telemetry_26,50,50,204,-7589.659724902899,45.782084495056544,-155.00730070321424,-3.0811448523534195
UAV_0046,telemetry_27,5,5,204,969.0302044744709,1.2710574864626038e-13,0.0,0.0
UAV_0046,telemetry_27,20,20,204,969.0302044744709,1.1664023441939594e-13,0.0,0.0
UAV_0046,telemetry_27,50,50,204,969.0302044744708,0.0,0.0,0.0
UAV_0046,telemetry_28,5,5,204,-9906.219294386216,23.335753374180214,-2.0592120690889715,-3.2408663256070214
UAV_0046,telemetry_28,20,20,204,-9862.542999753521,36.386065880333966,-143.22290988852,-4.378479197792148
UAV_0046,telemetry_28,50,50,204,-9805.198168953308,59.76468051332405,-153.04689471627535,-3.6269738696152736
UAV_0047,telemetry_01,5,5,269,82.08569470703173,13.132718687677508,-9.550316218713064,-4.726726160259264
UAV_0047,telemetry_01,20,20,269,82.89926159751431,11.011029719702345,-9.080884037367142,-0.631132122918382
UAV_0047,telemetry_01,50,50,269,86.36099634447982,11.498388802762788,13.842663264632279,-0.24532767183673498
UAV_0047,telemetry_02,5,5,269,10.444574105992803,11.380258236376328,3.3530985399251865,3.253787694965362
UAV_0047,telemetry_02,20,20,269,11.36511142410475,7.9644937165120036,0.6673042950695454,0.08032755513490099
UAV_0047,telemetry_02,50,50,269,11.209528325013096,7.49761625964415,-4.180073598144496,-0.006892877397098071
UAV_0047,telemetry_03,5,5,269,30377.825049386076,1.8550124927397645e-11,4.001776687800884e-11,0.0
UAV_0047,telemetry_03,20,20,269,30377.82504938608,9.180705356179459e-12,0.0,0.0
UAV_0047,telemetry_03,50,50,269,30377.82504938608,5.716823839715549e-12,0.0,0.0
UAV_0047,telemetry_04,5,5,269,-126.02234146480575,0.22690639290517772,0.5006350128561223,0.09543328409536542
UAV_0047,telemetry_04,20,20,269,-125.93437404554201,0.12013554461995063,-0.025602100777391,-0.005833494489395997
UAV_0047,telemetry_04,50,50,269,-125.91251354489303,0.0796564191931306,-0.04693718475857622,-0.0013565790284377273
UAV_0047,telemetry_05,5,5,269,-113.52646421182874,0.0022498751592696167,0.005392329284390485,0.0010700293954016616
UAV_0047,telemetry_05,20,20,269,-113.52641970126554,0.002996288194188342,-0.0006837590362067658,-5.0757233910239406e-05
UAV_0047,telemetry_05,50,50,269,-113.52627513931739,0.002529091223357231,0.002645726558441197,-9.909381336044106e-06
UAV_0047,telemetry_06,5,5,269,-134.5682468514206,0.5125074574632988,-0.964338566641004,-0.16731900325095808
UAV_0047,telemetry_06,20,20,269,-134.8042593226979,0.798951418876413,0.25548710077248415,0.04575358521093992
UAV_0047,telemetry_06,50,50,269,-135.48772488889662,0.9270580768844412,0.46714063033397224,0.046154442663775365
UAV_0047,telemetry_07,5,5,269,140.5912754437698,0.0,0.0,0.0
UAV_0047,telemetry_07,20,20,269,140.59127544376983,2.9160058604848984e-14,0.0,0.0
UAV_0047,telemetry_07,50,50,269,140.59127544376977,2.8710262101646174e-14,0.0,0.0
UAV_0047,telemetry_08,5,5,269,-4680.605940223165,0.0,0.0,0.0
UAV_0047,telemetry_08,20,20,269,-4680.605940223164,9.331218753551675e-13,0.0,0.0
UAV_0047,telemetry_08,50,50,269,-4680.605940223166,9.187283872526776e-13,0.0,0.0
UAV_0047,telemetry_09,5,5,269,-149.55702554270573,8.58815527507134,-1.511769532308449,1.6567462489478912
UAV_0047,telemetry_09,20,20,269,-152.11045669280358,7.565679437716291,-3.8802960197305367,0.4026324428429882
UAV_0047,telemetry_09,50,50,269,-151.7243168576766,9.216201806526195,-13.10628178851357,-0.02913166412589639
UAV_0047,telemetry_10,5,5,269,-64.90833315287497,5.651293178651141,11.68317338232481,2.372847486057464
UAV_0047,telemetry_10,20,20,269,-63.097316870772204,2.9970706806953364,-0.14692143986788153,-0.1375219778886715
UAV_0047,telemetry_10,50,50,269,-62.84363775552868,2.084569494653637,0.7228861578841261,-0.02236809877402427
UAV_0047,telemetry_11,5,5,269,64.17724139176042,2.2562644622692742,-5.108262108398044,-1.0214921670137607
UAV_0047,telemetry_11,20,20,269,63.27871184884327,1.167435970788444,0.31249659840339206,0.05970128058346364
UAV_0047,telemetry_11,50,50,269,63.027767399468274,0.7616404654127807,0.3616413625967354,0.016905055031726207
UAV_0047,telemetry_12,5,5,269,630.8554402355437,1.7732877467244241,-3.0630400923566867,-0.43947966542509675
UAV_0047,telemetry_12,20,20,269,631.7543759148224,1.5019170156390007,-5.460201903766347,-0.1290702412241815
UAV_0047,telemetry_12,50,50,269,632.8424210258898,1.7350301378519981,-4.527972310440418,-0.07691893362047263
UAV_0047,telemetry_13,5,5,269,7152.15878805932,7.062493457343955,14.118608068936737,2.765111992983839
UAV_0047,telemetry_13,20,20,269,7146.934372027948,5.342090615190309,22.52383611373807,0.49688736025591357
UAV_0047,telemetry_13,50,50,269,7143.65407725238,5.134718749138209,20.59766198192483,0.21829699974834166
UAV_0047,telemetry_14,5,5,269,-648.8153498138018,0.0,0.0,0.0
UAV_0047,telemetry_14,20,20,269,-648.8153498138018,0.0,0.0,0.0
UAV_0047,telemetry_14,50,50,269,-648.8153498138018,0.0,0.0,0.0
UAV_0047,telemetry_15,5,5,269,50441.0501600175,21.062320500294017,12.21211392909754,5.1562258811740325
UAV_0047,telemetry_15,20,20,269,50402.511072196314,36.97983650194214,103.741291054248,5.606192241977725
UAV_0047,telemetry_15,50,50,269,50329.48818186119,72.94763525391782,234.68229040512233,4.856383662060782
UAV_0047,telemetry_16,5,5,269,-703.9644631991938,1.9774146614635724,3.468614772663841,1.0405844317991524
UAV_0047,telemetry_16,20,20,269,-702.5770172901283,1.8146001429042955,-1.7343073863319205,-0.16691078605299686
UAV_0047,telemetry_16,50,50,269,-700.6692791651632,2.3828620469348905,-5.202922158995875,-0.12483681978927232
UAV_0047,telemetry_17,5,5,269,40.41581228213972,3.8263897345803626e-14,8.526512829121202e-14,0.0
UAV_0047,telemetry_17,20,20,269,40.41581228213973,1.9561161980496004e-14,0.0,0.0
UAV_0047,telemetry_17,50,50,269,40.41581228213973,1.218073261303029e-14,0.0,0.0
UAV_0047,telemetry_18,5,5,269,-103.32612640083434,0.005367686491859197,-0.004631515446504864,0.00020801013914990564
UAV_0047,telemetry_18,20,20,269,-103.32677294754637,0.004582590715533194,-0.003998801937243002,0.00022114495584245683
UAV_0047,telemetry_18,50,50,269,-103.32678206090189,0.005403976534158225,-0.015999181057679834,-6.241975961304343e-06
UAV_0047,telemetry_19,5,5,269,33506.37919800651,0.5236052915164627,1.0144522744813003,0.18682649784896058
UAV_0047,telemetry_19,20,20,269,33506.08523139004,0.5518523919477248,0.8831500595188118,0.047717371270933874
UAV_0047,telemetry_19,50,50,269,33505.5321341561,0.6854172505841037,2.1693430053564953,0.032961886383477856
UAV_0047,telemetry_20,5,5,269,-164.8973841769026,0.0,0.0,0.0
UAV_0047,telemetry_20,20,20,269,-164.89738417690256,2.9160058604848984e-14,0.0,0.0
UAV_0047,telemetry_20,50,50,269,-164.8973841769026,0.0,0.0,0.0
UAV_0047,telemetry_21,5,5,269,34963.11657945243,0.3451061572879283,0.14715375990635948,0.10300763193372404
UAV_0047,telemetry_21,20,20,269,34962.92527956455,0.5054897653188877,1.1772300792436,0.034962848218161605
UAV_0047,telemetry_21,50,50,269,34962.39846910409,0.6612001413468886,0.7357687995317974,0.03634856859330364
UAV_0047,telemetry_22,5,5,269,23273.740004391155,69.92429754683786,136.503743610705,27.359021398175535
UAV_0047,telemetry_22,20,20,269,23240.86693102322,65.90696868581423,48.366321108591364,1.4893488271435555
UAV_0047,telemetry_22,50,50,269,23182.534525495834,75.43996544523846,301.2697350981143,3.5733042791983087
UAV_0047,telemetry_23,5,5,269,-17536.297927633852,8.69036981048229,-5.919418182067602,-2.8052624184347223
UAV_0047,telemetry_23,20,20,269,-17519.613426245684,17.574093031054154,-48.49023566850519,-2.652799437721038
UAV_0047,telemetry_23,50,50,269,-17493.577239570575,27.177466063682047,-93.3611525101478,-1.769563014022902
UAV_0047,telemetry_24,5,5,269,-3567.40575073628,141.28516122033682,-316.8995270090418,-63.26745517159502
UAV_0047,telemetry_24,20,20,269,-3616.25293059062,71.05301963298638,1.5936230459469698,2.7999471466177224
UAV_0047,telemetry_24,50,50,269,-3628.5257098254438,45.457130127634294,8.564835931061225,0.8200727836385769
UAV_0047,telemetry_25,5,5,269,-174.31468516646186,0.37125135749911375,0.24306819360273835,-0.006076704840066327
UAV_0047,telemetry_25,20,20,269,-174.01996498171854,0.31093245742516185,-0.4557528630051024,-0.030749040280946553
UAV_0047,telemetry_25,50,50,269,-173.55509706145335,0.526186471670231,-1.3672585890153641,-0.02936952423303078
UAV_0047,telemetry_26,5,5,269,-7446.131575968431,4.789316175384517,6.315112250870698,0.15787780627160827
UAV_0047,telemetry_26,20,20,269,-7449.777118040525,4.883723787673007,17.940659803612107,0.5479859878661285
UAV_0047,telemetry_26,50,50,269,-7456.120935347081,6.970383491930481,26.408651230917712,0.39000280699806533
UAV_0047,telemetry_27,5,5,269,969.0302044744709,1.2710574864626038e-13,0.0,0.0
UAV_0047,telemetry_27,20,20,269,969.0302044744709,1.1664023441939594e-13,0.0,0.0
UAV_0047,telemetry_27,50,50,269,969.0302044744708,0.0,0.0,0.0
UAV_0047,telemetry_28,5,5,269,-9942.099098333534,21.873841117981026,-47.36684028823038,-11.460768769830974
UAV_0047,telemetry_28,20,20,269,-9914.493839690727,32.70146403376256,-121.6676320071947,-3.6461777653043512
UAV_0047,telemetry_28,50,50,269,-9875.22347784403,43.93233696444628,-106.00151096023728,-2.469901910096044
UAV_0048,telemetry_01,5,5,174,88.9108761971379,11.992379704115017,25.65526684977941,6.912698739809571
UAV_0048,telemetry_01,20,20,174,86.88648516840165,10.093036482121205,34.646552595443,0.9661501056680906
UAV_0048,telemetry_01,50,50,174,86.69981859165384,10.156277651061167,17.881793523325342,0.11590143130023953
UAV_0048,telemetry_02,5,5,174,5.288700360370039,5.629156202882342,0.7568852719539851,0.7263308018267912
UAV_0048,telemetry_02,20,20,174,10.681789413773195,7.455621008830665,10.741430126408265,-0.5031527491569847
UAV_0048,telemetry_02,50,50,174,12.051731478903518,7.186777269257438,-9.49638559103399,-0.1317769953009251
UAV_0048,telemetry_03,5,5,174,30377.82504938608,0.0,0.0,0.0
UAV_0048,telemetry_03,20,20,174,30377.825049386087,7.46497500284134e-12,0.0,0.0
UAV_0048,telemetry_03,50,50,174,30377.82504938608,0.0,0.0,0.0
UAV_0048,telemetry_04,5,5,174,-125.87897535869936,0.027314833265208633,0.005689355728293322,0.006258291301142549
UAV_0048,telemetry_04,20,20,174,-125.8850914161073,0.029777719901761222,0.04693718475857622,0.0010180952355925794
UAV_0048,telemetry_04,50,50,174,-125.88520520322187,0.02987877796395726,0.005689355728293322,0.00014418043148219884
UAV_0048,telemetry_05,5,5,174,-113.52820568538591,0.000989877721969493,-0.0009613487069231041,-0.000373078988781117
UAV_0048,telemetry_05,20,20,174,-113.52609668736245,0.0022985635167076367,-0.007319214027290855,-0.00019911068938323763
UAV_0048,telemetry_05,50,50,174,-113.52560737459712,0.002586515564526778,0.0006445308545863782,-2.608408998781863e-05
UAV_0048,telemetry_06,5,5,174,-133.92502050359354,1.0862901192333787,1.1033536067672571,0.1480322319181539
UAV_0048,telemetry_06,20,20,174,-134.57006281365648,1.050014165524521,1.26240685087555,0.08275646414339098
UAV_0048,telemetry_06,50,50,174,-135.52204031321602,1.1725128285707191,2.273083764225305,0.05483978928895606
UAV_0048,telemetry_07,5,5,174,140.5912754437698,0.0,0.0,0.0
UAV_0048,telemetry_07,20,20,174,140.59127544376983,2.9160058604848984e-14,0.0,0.0
UAV_0048,telemetry_07,50,50,174,140.59127544376977,2.8710262101646174e-14,0.0,0.0
UAV_0048,telemetry_08,5,5,174,-4680.605940223165,0.0,0.0,0.0
UAV_0048,telemetry_08,20,20,174,-4680.605940223164,9.331218753551675e-13,0.0,0.0
UAV_0048,telemetry_08,50,50,174,-4680.605940223166,9.187283872526776e-13,0.0,0.0
UAV_0048,telemetry_09,5,5,174,-158.10882970265166,8.964304609482875,-17.565771999075224,-1.7785526193274108
UAV_0048,telemetry_09,20,20,174,-152.75100874142944,7.223664857720533,-21.328031706926964,-0.41140983372247475
UAV_0048,telemetry_09,50,50,174,-153.7593371792498,9.2696126871195,-6.437615996035163,0.08519157777059487
UAV_0048,telemetry_10,5,5,174,-61.72384475933834,1.4437450138584462,-0.09695664505895252,-0.3503645935873628
UAV_0048,telemetry_10,20,20,174,-62.06103518894675,1.3517401531647126,1.4420069223866108,-0.009111379483679863
UAV_0048,telemetry_10,50,50,174,-62.325364539519015,1.196055693672627,0.6026099811883299,0.009639695739868608
UAV_0048,telemetry_11,5,5,174,63.0800556042445,0.10271825443118486,-0.11217826609351533,-0.012660118601981907
UAV_0048,telemetry_11,20,20,174,62.951344398457664,0.16958067128286108,0.05395240416878977,0.017557726109124122
UAV_0048,telemetry_11,50,50,174,62.8690429439004,0.15589978602764099,0.20352342562681258,0.005990356603354093
UAV_0048,telemetry_12,5,5,174,629.9498457734558,1.4907347691007293,-3.0630400923566867,-0.7591012402796877
UAV_0048,telemetry_12,20,20,174,631.3415313806352,1.5848963273021097,-4.527972310440191,-0.17032465502120406
UAV_0048,telemetry_12,50,50,174,632.8157858946521,2.0926980466785814,-6.658782809470949,-0.10226867197028469
UAV_0048,telemetry_13,5,5,174,7146.182166454487,2.325619889889255,-2.5219272256917975,-0.435639816265757
UAV_0048,telemetry_13,20,20,174,7144.942219742074,3.149136196581253,9.539349550472252,0.2590589392893226
UAV_0048,telemetry_13,50,50,174,7141.935841914719,3.7972589967435155,8.791428907244153,0.18051165003381944
UAV_0048,telemetry_14,5,5,174,-648.8153498138018,0.0,0.0,0.0
UAV_0048,telemetry_14,20,20,174,-648.8153498138018,0.0,0.0,0.0
UAV_0048,telemetry_14,50,50,174,-648.8153498138018,0.0,0.0,0.0
UAV_0048,telemetry_15,5,5,174,50592.61606289308,31.230546639815497,70.49720313615398,16.381502321051084
UAV_0048,telemetry_15,20,20,174,50472.632043539685,92.58546596292808,258.05800343101146,14.999697966432597
UAV_0048,telemetry_15,50,50,174,50319.55072834474,147.78801815168399,467.2675511456473,9.8479984158317
UAV_0048,telemetry_16,5,5,174,-701.8832943355955,2.261260176867155,-5.2029221589957615,-0.6937229545327682
UAV_0048,telemetry_16,20,20,174,-701.4497174890125,2.6075392678757203,-6.937229545327796,-0.12648708005578915
UAV_0048,telemetry_16,50,50,174,-699.628694733364,2.651128491438364,-6.937229545327796,-0.11234480980368809
UAV_0048,telemetry_17,5,5,174,40.41581228213973,0.0,0.0,0.0
UAV_0048,telemetry_17,20,20,174,40.41581228213974,7.290014651212246e-15,0.0,0.0
UAV_0048,telemetry_17,50,50,174,40.41581228213974,7.177565525411544e-15,0.0,0.0
UAV_0048,telemetry_18,5,5,174,-103.32715237027897,0.007664005977815782,0.00826889433430722,0.00024962351216117895
UAV_0048,telemetry_18,20,20,174,-103.32518606667455,0.0068490904322687845,-0.0034400308820323744,-0.00023572552404827003
UAV_0048,telemetry_18,50,50,174,-103.32769734108393,0.006068288724438869,0.004695274800482707,8.959135567668922e-05
UAV_0048,telemetry_19,5,5,174,33506.14540275287,0.3580729650456917,-0.5973937474336708,-0.08902904187852982
UAV_0048,telemetry_19,20,20,174,33505.925086434625,0.33713148373953766,0.33849308631033637,0.03440287648784426
UAV_0048,telemetry_19,50,50,174,33505.45785982501,0.5694861989302612,1.2266446504509076,0.026237840511316786
UAV_0048,telemetry_20,5,5,174,-164.8973841769026,0.0,0.0,0.0
UAV_0048,telemetry_20,20,20,174,-164.89738417690256,2.9160058604848984e-14,0.0,0.0
UAV_0048,telemetry_20,50,50,174,-164.8973841769026,0.0,0.0,0.0
UAV_0048,telemetry_21,5,5,174,34962.91056418856,0.3837300582064608,0.29430751981271897,0.05886150396254379
UAV_0048,telemetry_21,20,20,174,34962.594183604764,0.4465309191311197,1.0300763193372404,0.04016301868094133
UAV_0048,telemetry_21,50,50,174,34962.17479538903,0.5648614310347237,1.1772300792508759,0.021749785017535356
UAV_0048,telemetry_22,5,5,174,23305.848248886137,81.97097173051708,-9.76067323577081,20.118641400894195
UAV_0048,telemetry_22,20,20,174,23233.750380462512,76.1907967492701,76.91993236547569,5.590671775936776
UAV_0048,telemetry_22,50,50,174,23168.598615022194,84.05825345817007,189.09483373180046,3.7390351276895832
UAV_0048,telemetry_23,5,5,174,-17596.5102779355,6.4524067826032425,-13.693733378044271,-3.4118735032974654
UAV_0048,telemetry_23,20,20,174,-17546.713749674083,35.60027548337427,-112.21402579380083,-5.8748994750480135
UAV_0048,telemetry_23,50,50,174,-17489.75766159963,55.22169571039763,-181.77917506048834,-3.67566394333912
UAV_0048,telemetry_24,5,5,174,-3629.1633992036195,3.3085462493294084,2.5046336377322405,0.6309176848530115
UAV_0048,telemetry_24,20,20,174,-3632.618564159341,3.629038194758891,2.854154922429643,0.3803631122692956
UAV_0048,telemetry_24,50,50,174,-3636.286296470513,4.413387432286006,5.842077094971046,0.2311697155465445
UAV_0048,telemetry_25,5,5,174,-174.10807720189956,0.29410874768259476,-0.5772869598064858,-0.1306491540614701
UAV_0048,telemetry_25,20,20,174,-173.79968443126606,0.39434256242532445,-1.2457244922140092,-0.048819241515886284
UAV_0048,telemetry_25,50,50,174,-173.3636808589912,0.482957815784522,-1.488792685816719,-0.02855102929538899
UAV_0048,telemetry_26,5,5,174,-7448.8585562585795,5.502842279740816,12.056123388028936,2.655217650934992
UAV_0048,telemetry_26,20,20,174,-7454.0398188098625,6.153712657210463,23.681670940768527,0.8294250300786175
UAV_0048,telemetry_26,50,50,174,-7458.319742612613,6.633914175265948,21.959367599622055,0.3351289406426889
UAV_0048,telemetry_27,5,5,174,969.0302044744709,1.2710574864626038e-13,0.0,0.0
UAV_0048,telemetry_27,20,20,174,969.0302044744709,1.1664023441939594e-13,0.0,0.0
UAV_0048,telemetry_27,50,50,174,969.0302044744708,0.0,0.0,0.0
UAV_0048,telemetry_28,5,5,174,-9937.924118131616,28.032548287401312,-37.60269099300967,-13.581860661640167
UAV_0048,telemetry_28,20,20,174,-9893.755567477147,40.814640112473754,-114.75004914033525,-5.607928228343888
UAV_0048,telemetry_28,50,50,174,-9859.34944164624,45.39010850585214,-139.67135037751905,-2.256448860276263
UAV_0049,telemetry_01,5,5,256,84.23482780461366,13.945618542288267,-11.934233810574938,-1.198024209215022
UAV_0049,telemetry_01,20,20,256,83.88181799418037,11.350678410082475,-12.101924619096295,0.1929264064293909
UAV_0049,telemetry_01,50,50,256,86.32579150602281,11.67830061933887,-9.584814948978348,-0.10472096046174119
UAV_0049,telemetry_02,5,5,256,13.076691049850211,8.795801256624403,2.7452769945012605,-1.2435775247769372
UAV_0049,telemetry_02,20,20,256,10.247481566557159,7.367553353645796,1.3460159866685988,0.0861164356069452
UAV_0049,telemetry_02,50,50,256,12.179928257569909,7.981173402981754,-8.244444866406363,-0.06585314352084487
UAV_0049,telemetry_03,5,5,256,30377.82504938608,0.0,0.0,0.0
UAV_0049,telemetry_03,20,20,256,30377.825049386087,7.46497500284134e-12,0.0,0.0
UAV_0049,telemetry_03,50,50,256,30377.82504938608,0.0,0.0,0.0
UAV_0049,telemetry_04,5,5,256,-125.87157919625254,0.016235860288670072,0.012801050388702606,0.0027024439709478544
UAV_0049,telemetry_04,20,20,256,-125.87641514862159,0.029712212525652777,-0.04124782903025448,7.586245750220618e-16
UAV_0049,telemetry_04,50,50,256,-125.88392509818297,0.031455742117599376,0.03555847330196116,0.0004902544467927259
UAV_0049,telemetry_05,5,5,256,-113.52620208740291,0.0027173506090260955,-0.001856645860897288,8.543355521482e-05
UAV_0049,telemetry_05,20,20,256,-113.52684724664314,0.00295192901245243,-0.00529811201401742,-5.711516758486268e-05
UAV_0049,telemetry_05,50,50,256,-113.52627183291915,0.0029251563960756427,-0.0034701078362502358,-2.1196824677093678e-05
UAV_0049,telemetry_06,5,5,256,-143.1916879351395,0.8368867829717532,-1.1634682187136605,-0.29994686585782804
UAV_0049,telemetry_06,20,20,256,-142.74527432204968,0.7491803893281015,-0.32436842696102985,-0.043380640002525006
UAV_0049,telemetry_06,50,50,256,-141.81714228522887,1.0926097701048967,-3.234917555368611,-0.05440318256353491
UAV_0049,telemetry_07,5,5,256,140.72879336221067,0.04707604124451628,0.08594869902555047,0.025784609707665142
UAV_0049,telemetry_07,20,20,256,140.69871131755173,0.03818371155947911,0.08594869902555047,0.003942008000419984
UAV_0049,telemetry_07,50,50,256,140.6858190126979,0.026046389106483575,0.08594869902555047,0.0008708367584341488
UAV_0049,telemetry_08,5,5,256,-4680.605940223165,0.0,0.0,0.0
UAV_0049,telemetry_08,20,20,256,-4680.605940223164,9.331218753551675e-13,0.0,0.0
UAV_0049,telemetry_08,50,50,256,-4680.605940223166,9.187283872526776e-13,0.0,0.0
UAV_0049,telemetry_09,5,5,256,-147.80687405553115,12.468757745785,-15.055097524252403,-3.2209759296116287
UAV_0049,telemetry_09,20,20,256,-151.16192184644953,9.600973279622453,5.005200173677565,0.20136956630287653
UAV_0049,telemetry_09,50,50,256,-152.97034089937887,9.316990922022496,8.157857979927911,0.14670449453955808
UAV_0049,telemetry_10,5,5,256,-62.13835804344158,1.561185698453565,-4.107788807650181,-0.941570291780895
UAV_0049,telemetry_10,20,20,256,-62.22517236411335,1.4078701650328267,-2.12519995155931,0.024318823609848748
UAV_0049,telemetry_10,50,50,256,-62.480127036652696,1.3515668439758217,-2.146633300426757,0.015609377229919666
UAV_0049,telemetry_11,5,5,256,61.592037613624896,0.03791866061828858,-0.03846111980350031,-0.009508443506975795
UAV_0049,telemetry_11,20,20,256,61.66118750193825,0.11647435217364227,-0.31623587393984565,-0.005865160113726327
UAV_0049,telemetry_11,50,50,256,61.80567845048891,0.1633043260220875,-0.5656989704430586,-0.008780006211937082
UAV_0049,telemetry_12,5,5,256,645.7977488599967,1.6542753877298324,-3.3293914047355884,-0.4394796654251195
UAV_0049,telemetry_12,20,20,256,645.4115394570474,1.4370114840247281,0.26635131237867427,0.08731516706554253
UAV_0049,telemetry_12,50,50,256,643.957261291459,1.9143234240568419,5.460201903766119,0.10072747950249951
UAV_0049,telemetry_13,5,5,256,7140.412993368753,4.79420095206999,5.236597160006568,2.1662783697071064
UAV_0049,telemetry_13,20,20,256,7139.90632387419,3.852883936549687,4.28786447406128,0.21516302553931368
UAV_0049,telemetry_13,50,50,256,7138.339840281571,4.067873723557762,12.427768471237869,0.1056177225014097
UAV_0049,telemetry_14,5,5,256,-648.8153498138018,0.0,0.0,0.0
UAV_0049,telemetry_14,20,20,256,-648.8153498138018,0.0,0.0,0.0
UAV_0049,telemetry_14,50,50,256,-648.8153498138018,0.0,0.0,0.0
UAV_0049,telemetry_15,5,5,256,50317.68313839639,19.380852583547885,29.358415304290247,8.992556620515824
UAV_0049,telemetry_15,20,20,256,50276.8928275529,34.80966608140614,89.98724354823935,5.068161765007441
UAV_0049,telemetry_15,50,50,256,50213.57671747113,63.84311159406883,192.92672914249852,4.124814849899277
UAV_0049,telemetry_16,5,5,256,-702.230155812862,2.9020513277334157,-1.7343073863319205,-1.0405844317991524
UAV_0049,telemetry_16,20,20,256,-701.2762867503794,1.889394063086974,-3.468614772663841,-0.134311023152021
UAV_0049,telemetry_16,50,50,256,-699.420577847004,2.3838922510673037,-5.202922158995875,-0.11484321180080513
UAV_0049,telemetry_17,5,5,256,40.41581228213973,0.0,0.0,0.0
UAV_0049,telemetry_17,20,20,256,40.41581228213974,7.290014651212246e-15,0.0,0.0
UAV_0049,telemetry_17,50,50,256,40.41581228213974,7.177565525411544e-15,0.0,0.0
UAV_0049,telemetry_18,5,5,256,-103.20612472634284,0.047482527560316526,-0.07984639694494433,-0.02541845139776484
UAV_0049,telemetry_18,20,20,256,-103.22037923026127,0.037307597047714525,0.0038431487746635185,0.0010332721967227262
UAV_0049,telemetry_18,50,50,256,-103.21212654269522,0.04123213233292977,-0.08382424470670458,-0.0006613933745698334
UAV_0049,telemetry_19,5,5,256,33511.13744818994,0.4839578197361897,0.7240127569239121,0.2517550807708176
UAV_0049,telemetry_19,20,20,256,33510.305839956076,0.6900787386781879,1.8649676716377144,0.0882138689916889
UAV_0049,telemetry_19,50,50,256,33508.816088925116,1.4516730893394663,5.2496779815264745,0.09473070353333794
UAV_0049,telemetry_20,5,5,256,-164.8973841769026,0.0,0.0,0.0
UAV_0049,telemetry_20,20,20,256,-164.89738417690256,2.9160058604848984e-14,0.0,0.0
UAV_0049,telemetry_20,50,50,256,-164.8973841769026,0.0,0.0,0.0
UAV_0049,telemetry_21,5,5,256,34967.76663826546,0.24623533733568742,0.5886150396254379,0.11772300792508758
UAV_0049,telemetry_21,20,20,256,34967.133877097855,0.8173676964146495,1.7658451188690378,0.10953550549382995
UAV_0049,telemetry_21,50,50,256,34965.65056719801,1.4737252604863091,4.4146127971835085,0.09501928496780349
UAV_0049,telemetry_22,5,5,256,23277.26550129124,36.147763822983954,32.77838026938116,-1.9375664781444357
UAV_0049,telemetry_22,20,20,256,23226.320614268123,55.725722540635545,93.96469010555302,2.8853737445479273
UAV_0049,telemetry_22,50,50,256,23159.36822313834,75.64129796357398,117.71080558959511,3.1724959990790227
UAV_0049,telemetry_23,5,5,256,-17488.988923740246,15.117290457053869,-33.79365335237526,-7.042148145362807
UAV_0049,telemetry_23,20,20,256,-17479.94086482403,13.78232914531233,-46.452396826494805,-1.7431222660375258
UAV_0049,telemetry_23,50,50,256,-17453.62255854747,25.36009066047347,-84.71938726484223,-1.6350768568356802
UAV_0049,telemetry_24,5,5,256,-3744.1274911939354,2.1846844669757832,3.11723064286889,0.13470538561559806
UAV_0049,telemetry_24,20,20,256,-3732.126891201734,9.727489440924002,-25.36080874102481,-1.5591583724509268
UAV_0049,telemetry_24,50,50,256,-3714.39154059526,17.302189514055726,-56.60691648810962,-1.1562714482937153
UAV_0049,telemetry_25,5,5,256,-174.29037834710158,0.27294485598119955,-0.7292045808081866,-0.15495597342174108
UAV_0049,telemetry_25,20,20,256,-174.02756086276864,0.39298490571795514,-1.1545739196129716,-0.05018992681815709
UAV_0049,telemetry_25,50,50,256,-173.4074331338397,0.6627995680279963,-1.914162024621504,-0.0398348792913283
UAV_0049,telemetry_26,5,5,256,-7672.18388949395,11.594497540077327,-25.547499560344477,-6.946623475958768
UAV_0049,telemetry_26,20,20,256,-7650.124054199427,17.636687631556985,-52.530251904977376,-2.8042465302657313
UAV_0049,telemetry_26,50,50,256,-7615.6234477706885,33.68300698287756,-121.8529613861374,-2.2777272157487416
UAV_0049,telemetry_27,5,5,256,969.0302044744709,1.2710574864626038e-13,0.0,0.0
UAV_0049,telemetry_27,20,20,256,969.0302044744709,1.1664023441939594e-13,0.0,0.0
UAV_0049,telemetry_27,50,50,256,969.0302044744708,0.0,0.0,0.0
UAV_0049,telemetry_28,5,5,256,-9902.536191268815,33.21009013522097,-79.51742613517854,-15.689883865299816
UAV_0049,telemetry_28,20,20,256,-9878.366558626469,31.706743062282698,-73.42253832904134,-3.491915877087855
UAV_0049,telemetry_28,50,50,256,-9838.116021033045,44.02979885473554,-110.23306101889102,-2.5910563396634076
UAV_0050,telemetry_01,5,5,161,93.29246766885566,10.004368656384761,19.431034263896052,3.369865937472473
UAV_0050,telemetry_01,20,20,161,86.5989748538858,9.777714287189474,17.552471908922712,0.7209843256437021
UAV_0050,telemetry_01,50,50,161,87.74454250140181,9.046154730363382,3.8748503146273237,-0.030396400898421567
UAV_0050,telemetry_02,5,5,161,7.6753815874020415,7.892489242752028,-9.513608230231139,-2.9875191361137317
UAV_0050,telemetry_02,20,20,161,7.041199612078289,6.82695211076953,-19.845920525947697,-0.3262716395545974
UAV_0050,telemetry_02,50,50,161,9.174442788533801,7.693447260975187,-12.301348141213854,-0.12595628241761
UAV_0050,telemetry_03,5,5,161,30377.82504938608,0.0,0.0,0.0
UAV_0050,telemetry_03,20,20,161,30377.825049386087,7.46497500284134e-12,0.0,0.0
UAV_0050,telemetry_03,50,50,161,30377.82504938608,0.0,0.0,0.0
UAV_0050,telemetry_04,5,5,161,-125.89661236145712,0.030105240754598722,0.049781862622751305,0.007680630233227248
UAV_0050,telemetry_04,20,20,161,-125.88893173122392,0.03509096895848361,0.015645728252863478,-0.0009047358921337295
UAV_0050,telemetry_04,50,50,161,-125.8898989216977,0.029806214089531897,0.031291456505726956,3.333019922473793e-05
UAV_0050,telemetry_05,5,5,161,-113.52445518361881,0.0018350248737743547,-0.0034922821844389773,-0.0009706313303922797
UAV_0050,telemetry_05,20,20,161,-113.52452602809763,0.002165752876300819,0.0008644818060048465,3.242878267194752e-05
UAV_0050,telemetry_05,50,50,161,-113.52479563979333,0.002268366607183778,-0.0017726133879847339,2.1783317888004614e-05
UAV_0050,telemetry_06,5,5,161,-134.6343729245617,0.9281880662534696,-0.9417955871610957,-0.28779870469364255
UAV_0050,telemetry_06,20,20,161,-134.96663139434077,0.7397123767314953,-0.13150071363287452,0.033545158771623895
UAV_0050,telemetry_06,50,50,161,-135.97199818363524,1.097387948547722,2.7302052925681437,0.05813514770854181
UAV_0050,telemetry_07,5,5,161,140.5912754437698,0.0,0.0,0.0
UAV_0050,telemetry_07,20,20,161,140.59127544376983,2.9160058604848984e-14,0.0,0.0
UAV_0050,telemetry_07,50,50,161,140.59127544376977,2.8710262101646174e-14,0.0,0.0
UAV_0050,telemetry_08,5,5,161,-4680.605940223165,0.0,0.0,0.0
UAV_0050,telemetry_08,20,20,161,-4680.605940223164,9.331218753551675e-13,0.0,0.0
UAV_0050,telemetry_08,50,50,161,-4680.605940223166,9.187283872526776e-13,0.0,0.0
UAV_0050,telemetry_09,5,5,161,-157.75491820442548,13.023028943299687,-32.489335864756214,-6.948979382775212
UAV_0050,telemetry_09,20,20,161,-154.98558455892697,9.80930888490377,-15.555074246298346,-0.46215983224581053
UAV_0050,telemetry_09,50,50,161,-153.85662241268722,10.047062641563807,-26.289469732904735,-0.01605922717607651
UAV_0050,telemetry_10,5,5,161,-62.90467478859439,1.8989230853992478,1.4067838747586023,0.6493566469608382
UAV_0050,telemetry_10,20,20,161,-62.06110710096131,1.4062284852393745,-0.13238588038714028,-0.07258676498597903
UAV_0050,telemetry_10,50,50,161,-62.27170210519045,1.2537273919657013,-1.1073831627011188,0.01337496010556775
UAV_0050,telemetry_11,5,5,161,63.09511954283421,0.1548735117964481,0.39315811354683206,0.06426212100500592
UAV_0050,telemetry_11,20,20,161,62.983795968291886,0.17833965502267593,0.45298652213004686,0.017377389404949314
UAV_0050,telemetry_11,50,50,161,62.8337441828363,0.1856015631766557,0.6153779168558984,0.00918575383968928
UAV_0050,telemetry_12,5,5,161,630.8554402355437,1.5997717038484052,-1.9976348428413075,-0.5992904528524037
UAV_0050,telemetry_12,20,20,161,631.9674569647253,1.9875041598132297,-6.925134121849851,-0.2129809178307491
UAV_0050,telemetry_12,50,50,161,633.748015487978,2.1925361956782443,-6.392431497092275,-0.11191231612556338
UAV_0050,telemetry_13,5,5,161,7147.455012495813,2.8599880209833577,5.799400097663238,1.184422038635148
UAV_0050,telemetry_13,20,20,161,7144.914794640759,3.226116012931404,6.846167685533146,0.35563263502015796
UAV_0050,telemetry_13,50,50,161,7141.073026510341,4.262160848660349,16.95711129405663,0.22645915717676893
UAV_0050,telemetry_14,5,5,161,-648.8153498138018,0.0,0.0,0.0
UAV_0050,telemetry_14,20,20,161,-648.8153498138018,0.0,0.0,0.0
UAV_0050,telemetry_14,50,50,161,-648.8153498138018,0.0,0.0,0.0
UAV_0050,telemetry_15,5,5,161,49883.04290173807,18.346319406550602,-16.159463885967853,-1.3013919389071815
UAV_0050,telemetry_15,20,20,161,49900.09051936434,22.391103035867093,-10.54682566603151,-2.049542747817715
UAV_0050,telemetry_15,50,50,161,49946.43734204556,46.61323167720803,-127.98048688320705,-2.8238834548967127
UAV_0050,telemetry_16,5,5,161,-701.1895713810627,2.2612601768671943,-3.468614772663841,-0.8671536931659602
UAV_0050,telemetry_16,20,20,161,-700.5825637958466,1.7320238996453605,-5.202922158995875,-0.15517487140864825
UAV_0050,telemetry_16,50,50,161,-698.761541040198,2.102298023206707,-8.671536931659716,-0.1149264918673762
UAV_0050,telemetry_17,5,5,161,40.41581228213973,0.0,0.0,0.0
UAV_0050,telemetry_17,20,20,161,40.41581228213974,7.290014651212246e-15,0.0,0.0
UAV_0050,telemetry_17,50,50,161,40.41581228213974,7.177565525411544e-15,0.0,0.0
UAV_0050,telemetry_18,5,5,161,-103.32796898172656,0.006021322136462661,-0.009849720184362809,-0.0010031729619711881
UAV_0050,telemetry_18,20,20,161,-103.32813322060856,0.006924513221235747,0.005432570515537805,-5.080842564146102e-05
UAV_0050,telemetry_18,50,50,161,-103.32752509349264,0.0060680494923234934,-0.002518170234722561,1.5002923382120306e-06
UAV_0050,telemetry_19,5,5,161,33508.012720008715,0.551174216269728,-0.1023325933565502,0.0339852842502296
UAV_0050,telemetry_19,20,20,161,33507.43057270516,0.6464428120933396,1.6962879641578184,0.07136722243024116
UAV_0050,telemetry_19,50,50,161,33506.39783996032,1.047535442001046,3.3350003037412534,0.0638088350337443
UAV_0050,telemetry_20,5,5,161,-164.8973841769026,0.0,0.0,0.0
UAV_0050,telemetry_20,20,20,161,-164.89738417690256,2.9160058604848984e-14,0.0,0.0
UAV_0050,telemetry_20,50,50,161,-164.8973841769026,0.0,0.0,0.0
UAV_0050,telemetry_21,5,5,161,34964.588117051484,0.6067304952971719,1.4715375990563189,0.2501613918400835
UAV_0050,telemetry_21,20,20,161,34964.13194039578,0.6800652503647897,1.1772300792436,0.05443582697284055
UAV_0050,telemetry_21,50,50,161,34963.12835175322,1.0181404819512319,3.678843997644435,0.061066160533319494
UAV_0050,telemetry_22,5,5,161,23263.076104676853,34.553381380955415,47.3465492779942,3.4672242240500055
UAV_0050,telemetry_22,20,20,161,23191.888746816265,54.83093671601457,106.78467883313351,7.040368894951902
UAV_0050,telemetry_22,50,50,161,23130.301812332356,74.11734932844527,167.3882619089636,4.115240166318716
UAV_0050,telemetry_23,5,5,161,-17346.213381822956,10.916185838972012,-2.1292313319245295,-2.1589693230900595
UAV_0050,telemetry_23,20,20,161,-17351.760027609333,11.39514218600624,29.593763416538422,1.053249512012772
UAV_0050,telemetry_23,50,50,161,-17361.420970365478,12.986914213287985,32.351578737198,0.6275465799378496
UAV_0050,telemetry_24,5,5,161,-3627.886708826648,1.6741216797100609,-3.795219954547065,-0.6166997605217148
UAV_0050,telemetry_24,20,20,161,-3630.4789520238774,3.8655902200191385,5.999902330353507,0.3411435583215635
UAV_0050,telemetry_24,50,50,161,-3636.3475004478155,5.861684419276234,9.999030645097264,0.32968808110183073
UAV_0050,telemetry_25,5,5,161,-174.5577533600646,0.2764733754750162,0.30383524200343004,0.036460229040415015
UAV_0050,telemetry_25,20,20,161,-174.09440461600937,0.4504744757105966,-1.063423347011934,-0.062251957478142605
UAV_0050,telemetry_25,50,50,161,-173.35274279027905,0.7486936917107201,-2.1876137424245314,-0.04637700282142811
UAV_0050,telemetry_26,5,5,161,-7443.002724898679,3.849047205502349,4.018707796009949,0.545396058030019
UAV_0050,telemetry_26,20,20,161,-7448.3275127283905,5.324829569770194,11.769072831170888,0.5961155173243098
UAV_0050,telemetry_26,50,50,161,-7456.910324378441,8.88529379419813,31.862611811216993,0.5393311242955041
UAV_0050,telemetry_27,5,5,161,969.0302044744709,1.2710574864626038e-13,0.0,0.0
UAV_0050,telemetry_27,20,20,161,969.0302044744709,1.1664023441939594e-13,0.0,0.0
UAV_0050,telemetry_27,50,50,161,969.0302044744708,0.0,0.0,0.0
UAV_0050,telemetry_28,5,5,161,-9938.487331754119,54.09440194809063,-130.80685937162343,-33.70192556332604
UAV_0050,telemetry_28,20,20,161,-9887.752823741623,49.387143649969566,-210.60711915528555,-6.466633585691751
UAV_0050,telemetry_28,50,50,161,-9845.889764032863,51.869398394560214,-176.99079813237404,-2.8197058903418366
UAV_0051,telemetry_01,5,5,190,89.19414007131294,10.190825785738737,1.8824908611645128,-1.0921411345035608
UAV_0051,telemetry_01,20,20,190,85.367759431203,9.521640958752604,-5.248239656023813,-0.045598383427521
UAV_0051,telemetry_01,50,50,190,86.32134923637933,11.209654094121241,-11.176690927409595,0.00019950467877344463
UAV_0051,telemetry_02,5,5,190,14.578607643566007,6.043036548260147,0.7251157173401985,-0.19518931398311015
UAV_0051,telemetry_02,20,20,190,12.571282211816696,6.1731260674997595,11.959431320572323,-0.11093855667353798
UAV_0051,telemetry_02,50,50,190,10.307169018271999,6.889392274564255,9.024440229595895,0.12982631847292342
UAV_0051,telemetry_03,5,5,190,30377.825049386087,2.300859821966427e-11,0.0,0.0
UAV_0051,telemetry_03,20,20,190,30377.82504938608,1.6524426579640388e-11,0.0,0.0
UAV_0051,telemetry_03,50,50,190,30377.82504938608,1.0289757937229989e-11,0.0,0.0
UAV_0051,telemetry_04,5,5,190,-125.81859186852098,0.1699174754544244,-0.019912745049069258,0.03559663303109062
UAV_0051,telemetry_04,20,20,190,-125.84660734027531,0.11965936945411883,0.03413613436988783,0.006975780028301532
UAV_0051,telemetry_04,50,50,190,-125.87837405326019,0.08222640672032813,-0.05689355728311796,0.0019716073859222015
UAV_0051,telemetry_05,5,5,190,-113.52655255219436,0.0020980921960186173,0.0041879940149556205,0.0007392376361934794
UAV_0051,telemetry_05,20,20,190,-113.52532994142953,0.00277306213233387,0.0014556648791597127,-7.406833350525222e-05
UAV_0051,telemetry_05,50,50,190,-113.525505896956,0.002645830122379353,-0.002785335909933906,-6.1103618884644805e-06
UAV_0051,telemetry_06,5,5,190,-133.93804533618194,0.851209820292101,0.796518608290512,0.09292717096722072
UAV_0051,telemetry_06,20,20,190,-134.87320326827395,1.0661372836804237,2.1503497648346297,0.13718071581427493
UAV_0051,telemetry_06,50,50,190,-135.93119539077657,1.2679666339602997,2.2192310910232322,0.0633285426103623
UAV_0051,telemetry_07,5,5,190,140.5912754437698,0.0,0.0,0.0
UAV_0051,telemetry_07,20,20,190,140.59127544376983,2.9160058604848984e-14,0.0,0.0
UAV_0051,telemetry_07,50,50,190,140.59127544376977,2.8710262101646174e-14,0.0,0.0
UAV_0051,telemetry_08,5,5,190,-4680.605940223165,0.0,0.0,0.0
UAV_0051,telemetry_08,20,20,190,-4680.605940223164,9.331218753551675e-13,0.0,0.0
UAV_0051,telemetry_08,50,50,190,-4680.605940223166,9.187283872526776e-13,0.0,0.0
UAV_0051,telemetry_09,5,5,190,-152.51041107661982,7.586506333924984,-16.28994485098471,-2.824091199567661
UAV_0051,telemetry_09,20,20,190,-150.94550069108342,7.587623569003955,-13.790297990687293,-0.11395165815676617
UAV_0051,telemetry_09,50,50,190,-152.28720620622798,8.677567446124847,11.750713903331729,0.06522672598173083
UAV_0051,telemetry_10,5,5,190,-64.40800814177965,5.834673517128515,-0.5388051414689059,-1.2667315535161137
UAV_0051,telemetry_10,20,20,190,-64.06605444478798,3.9353038586289384,2.4839445457336424,-0.10549038877460105
UAV_0051,telemetry_10,50,50,190,-63.101244375485074,2.6894052214524495,-0.8279417992525637,-0.06080698817496355
UAV_0051,telemetry_11,5,5,190,64.04253864618286,2.213546598418901,0.04166621312045038,0.5002584079831223
UAV_0051,telemetry_11,20,20,190,63.38245398935196,1.3439341147994697,0.12446445714185472,0.0860253737300179
UAV_0051,telemetry_11,50,50,190,63.003036344099,0.8961618002329157,0.5592887838091372,0.02452645215486905
UAV_0051,telemetry_12,5,5,190,631.6278590414424,1.5570734611387882,-3.5957427171143763,-0.49274992790085437
UAV_0051,telemetry_12,20,20,190,632.2937373223896,1.4846170098712117,-2.2639861552200955,-0.16021131571659317
UAV_0051,telemetry_12,50,50,190,633.5589060561889,1.7437305378924457,-4.794323622819206,-0.09366741110235037
UAV_0051,telemetry_13,5,5,190,7144.055702434205,3.5587752449190133,-3.6457842542122307,-0.10624176747105593
UAV_0051,telemetry_13,20,20,190,7143.530249679677,3.3167855149599252,-1.2133485148688123,0.019670516514061705
UAV_0051,telemetry_13,50,50,190,7140.75373113535,4.0432110836779405,1.4236943231508121,0.16792226108895528
UAV_0051,telemetry_14,5,5,190,-648.8153498138018,0.0,0.0,0.0
UAV_0051,telemetry_14,20,20,190,-648.8153498138018,0.0,0.0,0.0
UAV_0051,telemetry_14,50,50,190,-648.8153498138018,0.0,0.0,0.0
UAV_0051,telemetry_15,5,5,190,50541.81860313547,16.940881140859823,30.838671538120252,7.759009758991306
UAV_0051,telemetry_15,20,20,190,50435.49303140634,79.19213217746513,247.3261457357512,13.098412711708555
UAV_0051,telemetry_15,50,50,190,50300.04341827658,130.82232012839526,416.13703373545286,8.745873903486336
UAV_0051,telemetry_16,5,5,190,-703.270740244661,2.452681027074437,-3.468614772663841,-1.2140151704323443
UAV_0051,telemetry_16,20,20,190,-701.1028560117463,2.095949270685111,-3.468614772663841,-0.19951054895397477
UAV_0051,telemetry_16,50,50,190,-699.3512055515508,2.5702450272653583,-8.671536931659716,-0.1298336237835062
UAV_0051,telemetry_17,5,5,190,40.41581228213972,4.1583447479068616e-14,0.0,0.0
UAV_0051,telemetry_17,20,20,190,40.415812282139726,2.965701249833531e-14,0.0,0.0
UAV_0051,telemetry_17,50,50,190,40.415812282139726,1.9286159970631292e-14,0.0,0.0
UAV_0051,telemetry_18,5,5,190,-103.32177948621634,0.0036812356684069983,-0.004604707984512402,-0.0007054541252088598
UAV_0051,telemetry_18,20,20,190,-103.32664580476599,0.005349153066240413,-0.003980907207719042,0.00018390874937567684
UAV_0051,telemetry_18,50,50,190,-103.32741485248542,0.006029250582674921,0.00540898767168585,4.020963142067399e-05
UAV_0051,telemetry_19,5,5,190,33505.86688003097,0.500237235610502,1.0828241175186122,0.296853071753867
UAV_0051,telemetry_19,20,20,190,33505.684604136324,0.3885528513680627,0.647037236194592,0.023237530088823077
UAV_0051,telemetry_19,50,50,190,33505.37172624549,0.4495321736576824,1.2762819843919715,0.019299485426173085
UAV_0051,telemetry_20,5,5,190,-164.8973841769026,0.0,0.0,0.0
UAV_0051,telemetry_20,20,20,190,-164.89738417690256,2.9160058604848984e-14,0.0,0.0
UAV_0051,telemetry_20,50,50,190,-164.8973841769026,0.0,0.0,0.0
UAV_0051,telemetry_21,5,5,190,34962.3808106529,0.23267052377853012,0.4414612797118025,0.10300763193372404
UAV_0051,telemetry_21,20,20,190,34962.27780302096,0.36703146819201643,0.14715375989908352,0.015711153313064382
UAV_0051,telemetry_21,50,50,190,34961.906975546,0.5873297949762595,0.8829225594308809,0.021827513294063253
UAV_0051,telemetry_22,5,5,190,23300.283208324847,72.83307979507151,-73.71493518357966,-10.154013799003224
UAV_0051,telemetry_22,20,20,190,23207.46211948647,77.92958213677635,59.5838112452293,8.97629234651746
UAV_0051,telemetry_22,50,50,190,23146.224821058764,84.44007410297777,246.93046469599358,4.011503610146458
UAV_0051,telemetry_23,5,5,190,-17573.904226153583,9.782306126183242,-26.394214908763388,-5.771609403930052
UAV_0051,telemetry_23,20,20,190,-17536.270969939418,29.627870142764937,-92.26415640537016,-4.782777741162425
UAV_0051,telemetry_23,50,50,190,-17483.005158423835,50.94367691564293,-165.2071612075706,-3.403738145605059
UAV_0051,telemetry_24,5,5,190,-3565.13434478243,152.5169784371484,8.211925578423234,35.994647535497236
UAV_0051,telemetry_24,20,20,190,-3635.470938167803,112.24906759694444,2.220976218127362,3.193534940739728
UAV_0051,telemetry_24,50,50,190,-3638.109851711378,69.9838482231191,8.560378091420262,0.3771434183875009
UAV_0051,telemetry_25,5,5,190,-173.98046640025808,0.2269630954363789,-0.4253693388047566,-0.1124190395412569
UAV_0051,telemetry_25,20,20,190,-173.66447774857457,0.3527630530169591,-1.0330398228115598,-0.043542103102142134
UAV_0051,telemetry_25,50,50,190,-173.15281920104084,0.6097367710434155,-1.8837785004211298,-0.03483199312167794
UAV_0051,telemetry_26,5,5,190,-7446.619561915088,6.187920564519588,-6.315112250871607,0.15787780627197207
UAV_0051,telemetry_26,20,20,190,-7454.298164311034,6.874861625258274,15.787780627179018,0.7089932926901541
UAV_0051,telemetry_26,50,50,190,-7459.723419835648,7.2622303171288785,7.893890313589509,0.33104200234216236
UAV_0051,telemetry_27,5,5,190,969.0302044744709,1.2710574864626038e-13,0.0,0.0
UAV_0051,telemetry_27,20,20,190,969.0302044744709,1.1664023441939594e-13,0.0,0.0
UAV_0051,telemetry_27,50,50,190,969.0302044744708,0.0,0.0,0.0
UAV_0051,telemetry_28,5,5,190,-9926.446273310703,35.253740851191345,-56.25598284158514,-8.112538410493652
UAV_0051,telemetry_28,20,20,190,-9889.993165746806,40.79814290214393,-77.60279020059716,-4.705810565424191
UAV_0051,telemetry_28,50,50,190,-9850.339654420199,50.438409597800586,-209.57044701565974,-2.827158429860526
UAV_0052,telemetry_01,5,5,222,84.41615360105625,5.731443968468266,3.2568102948808075,0.14840550496693225
UAV_0052,telemetry_01,20,20,222,86.06637174832008,9.099166423504792,6.172759228772321,-0.18269585597938923
UAV_0052,telemetry_01,50,50,222,87.5566904053285,12.352438294152117,-17.795685881687035,-0.09125199867579842
UAV_0052,telemetry_02,5,5,222,3.3830501977390393,9.062607122554244,12.524333240618155,3.030209019547573
UAV_0052,telemetry_02,20,20,222,8.037314379981531,9.841138557783648,-17.820930870940302,-0.13768404799016842
UAV_0052,telemetry_02,50,50,222,9.21245363635073,8.178526016919122,9.31665077078727,0.010477235785276713
UAV_0052,telemetry_03,5,5,222,30377.82504938608,0.0,0.0,0.0
UAV_0052,telemetry_03,20,20,222,30377.825049386087,7.46497500284134e-12,0.0,0.0
UAV_0052,telemetry_03,50,50,222,30377.82504938608,0.0,0.0,0.0
UAV_0052,telemetry_04,5,5,222,-125.88011322984501,0.020129990609850417,-0.04409250689444377,-0.012089880922668782
UAV_0052,telemetry_04,20,20,222,-125.89533225641826,0.03281583639177925,0.03698081223403449,0.002540960377908228
UAV_0052,telemetry_04,50,50,222,-125.89280049311914,0.03086426657460513,-0.025602100777419423,0.00010777675077173214
UAV_0052,telemetry_05,5,5,222,-113.52485248648506,0.0027559947682957954,-0.006224544631635354,-0.0016875841612673526
UAV_0052,telemetry_05,20,20,222,-113.52583796117524,0.0020118392832075343,-0.00154411250618125,4.6031185754698604e-05
UAV_0052,telemetry_05,50,50,222,-113.52608456893309,0.0023334704500339977,-0.0070370600544436,1.1473627827051994e-05
UAV_0052,telemetry_06,5,5,222,-134.4988645701324,0.7653024792257928,-0.38824020215412247,0.03669496104232621
UAV_0052,telemetry_06,20,20,222,-135.0001327666234,0.8892874179931715,1.1509443412248288,0.06716282420239457
UAV_0052,telemetry_06,50,50,222,-135.70584073924232,1.0343678924410076,3.057078495027042,0.04716801976436093
UAV_0052,telemetry_07,5,5,222,140.5912754437698,0.0,0.0,0.0
UAV_0052,telemetry_07,20,20,222,140.59127544376983,2.9160058604848984e-14,0.0,0.0
UAV_0052,telemetry_07,50,50,222,140.59127544376977,2.8710262101646174e-14,0.0,0.0
UAV_0052,telemetry_08,5,5,222,-4680.605940223165,0.0,0.0,0.0
UAV_0052,telemetry_08,20,20,222,-4680.605940223164,9.331218753551675e-13,0.0,0.0
UAV_0052,telemetry_08,50,50,222,-4680.605940223166,9.187283872526776e-13,0.0,0.0
UAV_0052,telemetry_09,5,5,222,-154.91840186270792,2.8430176152075455,-2.1342412655848477,-0.5547074073204215
UAV_0052,telemetry_09,20,20,222,-153.61326816522728,7.489412492853765,-1.7737420259337284,-0.2694144516058082
UAV_0052,telemetry_09,50,50,222,-154.6351033965492,8.480618828264651,5.898546536841678,0.11599635620832395
UAV_0052,telemetry_10,5,5,222,-61.935923649027835,0.7295493154175072,0.2564169149292397,-0.1521424027045434
UAV_0052,telemetry_10,20,20,222,-62.572341942054564,1.0924324785541402,2.820178061344926,0.08559754120007268
UAV_0052,telemetry_10,50,50,222,-62.58389926344301,1.2038945053914125,2.000632554918724,0.006248500415903055
UAV_0052,telemetry_11,5,5,222,63.09373066906353,0.12227604863051146,0.06570441299762564,0.026228346977102034
UAV_0052,telemetry_11,20,20,222,62.995467849787794,0.10897307285853644,0.29860786069657763,0.012721971280030046
UAV_0052,telemetry_11,50,50,222,62.885196614217854,0.13680612860585495,0.4449737888376504,0.007185026600505056
UAV_0052,telemetry_12,5,5,222,630.9886158917332,0.802376421060541,0.39952696856835246,0.2929864436167577
UAV_0052,telemetry_12,20,20,222,631.9208454850591,1.3720800861563638,-3.995269685682615,-0.11294897758020006
UAV_0052,telemetry_12,50,50,222,633.2339574550867,1.8020309283798916,-5.3270262475766685,-0.09407669042989408
UAV_0052,telemetry_13,5,5,222,7150.606423209106,3.999113508925627,9.919877527492645,2.465672387730683
UAV_0052,telemetry_13,20,20,222,7146.867168421266,3.8738950664513667,10.553836690858589,0.2813126277905246
UAV_0052,telemetry_13,50,50,222,7142.920178627303,5.061216451251726,18.509921983667482,0.25108037552247586
UAV_0052,telemetry_14,5,5,222,-648.8153498138018,0.0,0.0,0.0
UAV_0052,telemetry_14,20,20,222,-648.8153498138018,0.0,0.0,0.0
UAV_0052,telemetry_14,50,50,222,-648.8153498138018,0.0,0.0,0.0
UAV_0052,telemetry_15,5,5,222,50264.66529428804,25.973097378575684,33.98421603501629,0.5921024935327296
UAV_0052,telemetry_15,20,20,222,50220.88054843822,38.98285384326895,50.82213069482532,5.090560379072067
UAV_0052,telemetry_15,50,50,222,50166.37504681488,56.06495437059381,176.1504918257706,3.4899247176915846
UAV_0052,telemetry_16,5,5,222,-702.5770172901284,0.9499192771418198,0.0,-0.17343073863319206
UAV_0052,telemetry_16,20,20,222,-701.1028560117462,1.6762872894328462,-5.202922158995875,-0.21515843514644434
UAV_0052,telemetry_16,50,50,222,-699.4205778470042,2.33182455727268,-5.202922158995875,-0.1080142463420192
UAV_0052,telemetry_17,5,5,222,40.41581228213973,0.0,0.0,0.0
UAV_0052,telemetry_17,20,20,222,40.41581228213974,7.290014651212246e-15,0.0,0.0
UAV_0052,telemetry_17,50,50,222,40.41581228213974,7.177565525411544e-15,0.0,0.0
UAV_0052,telemetry_18,5,5,222,-103.32858724848306,0.007768302232875241,0.01158399793432352,0.0010065626092327306
UAV_0052,telemetry_18,20,20,222,-103.32861338465898,0.005906302162005615,0.013366580226474412,-2.772245229101044e-05
UAV_0052,telemetry_18,50,50,222,-103.32796496221361,0.005313831641056364,0.0051171773091169825,-3.394464499084303e-05
UAV_0052,telemetry_19,5,5,222,33506.38561665263,0.46252334396348044,0.6069344579955214,0.0706194468322792
UAV_0052,telemetry_19,20,20,222,33506.172436544824,0.4243938682334836,-0.06553191553393845,0.027392670472203517
UAV_0052,telemetry_19,50,50,222,33505.716522929804,0.6065392664419046,1.4962543969013495,0.027765315550031186
UAV_0052,telemetry_20,5,5,222,-164.8973841769026,0.0,0.0,0.0
UAV_0052,telemetry_20,20,20,222,-164.89738417690256,2.9160058604848984e-14,0.0,0.0
UAV_0052,telemetry_20,50,50,222,-164.8973841769026,0.0,0.0,0.0
UAV_0052,telemetry_21,5,5,222,34963.23430246035,0.3808980633502391,0.588615039618162,0.19129988787681212
UAV_0052,telemetry_21,20,20,222,34962.95471031653,0.5626789694842773,1.6186913589554024,0.06240204555390922
UAV_0052,telemetry_21,50,50,222,34962.47204598404,0.655325853055617,0.8829225594308809,0.0315364816547259
UAV_0052,telemetry_22,5,5,222,23200.05420554559,59.65682107367726,108.38717742408335,32.108244494983595
UAV_0052,telemetry_22,20,20,222,23205.90332540255,66.32081687193289,110.5724027753713,3.8228847110496713
UAV_0052,telemetry_22,50,50,222,23167.179675360756,73.72629206318027,198.2727802072186,3.11477596907176
UAV_0052,telemetry_23,5,5,222,-17469.889989910684,8.828561396100696,-21.91979192116196,-5.053739013604718
UAV_0052,telemetry_23,20,20,222,-17461.52046639815,12.83467615726429,-44.72419548696416,-1.7190138353368645
UAV_0052,telemetry_23,50,50,222,-17435.552664296414,24.657227371249263,-93.93766344920004,-1.598188710942121
UAV_0052,telemetry_24,5,5,222,-3628.2983143117076,2.7753561924497188,0.8002337814696148,0.8546598640810771
UAV_0052,telemetry_24,20,20,222,-3630.925856282893,3.576602858807516,-1.3604501030395113,0.2900333231600755
UAV_0052,telemetry_24,50,50,222,-3634.964918334035,5.083151505997919,17.62415177530147,0.2829492517696651
UAV_0052,telemetry_25,5,5,222,-174.0473101534988,0.15699787608001048,0.15191762100172923,5.684341886080802e-15
UAV_0052,telemetry_25,20,20,222,-173.8558939510367,0.27309612374132247,-0.6988210566078124,-0.034130064026547856
UAV_0052,telemetry_25,50,50,222,-173.42991694174793,0.4833863406983201,-1.09380687121228,-0.02814105233018874
UAV_0052,telemetry_26,5,5,222,-7445.729705188829,2.100574704313593,2.583455011719707,0.4305758352866178
UAV_0052,telemetry_26,20,20,222,-7449.037962856615,4.096959045690368,8.037415592017169,0.4132017226347698
UAV_0052,telemetry_26,50,50,222,-7455.96018703524,7.880071032324359,15.787780627179018,0.45225108141678033
UAV_0052,telemetry_27,5,5,222,969.0302044744709,1.2710574864626038e-13,0.0,0.0
UAV_0052,telemetry_27,20,20,222,969.0302044744709,1.1664023441939594e-13,0.0,0.0
UAV_0052,telemetry_27,50,50,222,969.0302044744708,0.0,0.0,0.0
UAV_0052,telemetry_28,5,5,222,-9948.14881089408,35.287416947576,-45.298262106925904,-6.931802556824005
UAV_0052,telemetry_28,20,20,222,-9914.710583174488,35.64074520823324,-93.38061095627381,-3.989788544925158
UAV_0052,telemetry_28,50,50,222,-9872.761173046341,48.70346958261406,-159.74534599963408,-2.8164716892566064
UAV_0053,telemetry_01,5,5,164,93.6935383851326,14.873381520574306,2.716934688841377,3.4205298270321136
UAV_0053,telemetry_01,20,20,164,89.07124832207718,11.921846173316595,-13.809001770695318,0.09697387496159052
UAV_0053,telemetry_01,50,50,164,88.57033961684913,10.511928980265758,-16.062298676979637,0.03376903800417191
UAV_0053,telemetry_02,5,5,164,12.777113149136662,5.210375531143609,5.890705704098593,2.2325414997131063
UAV_0053,telemetry_02,20,20,164,12.247219897370519,6.670865882101679,15.298127569191651,0.07208426917797299
UAV_0053,telemetry_02,50,50,164,12.569479843355987,6.821313803502012,4.014117421699236,-0.03171390050416522
UAV_0053,telemetry_03,5,5,164,30377.825049386087,2.300859821966427e-11,0.0,0.0
UAV_0053,telemetry_03,20,20,164,30377.825049386087,1.237926057690348e-11,0.0,0.0
UAV_0053,telemetry_03,50,50,164,30377.82504938608,9.583002099048969e-12,0.0,0.0
UAV_0053,telemetry_04,5,5,164,-125.95553829479329,0.1413747822694201,-0.031291456505698534,-0.03586349186242899
UAV_0053,telemetry_04,20,20,164,-125.90807246524737,0.07687118086458947,-0.07680630233222985,-0.005370084760670226
UAV_0053,telemetry_04,50,50,164,-125.91002424267963,0.07339619453877541,-0.025602100777405212,0.00011617633542000833
UAV_0053,telemetry_05,5,5,164,-113.52426984646266,0.002599320471213844,-0.006850281492830845,-0.0012030854505354683
UAV_0053,telemetry_05,20,20,164,-113.5260558899096,0.002362216638455985,0.0011282400602397047,0.00015079351724316703
UAV_0053,telemetry_05,50,50,164,-113.52591194620734,0.0023241065811655144,-0.0032287917441635727,1.3594346547224201e-05
UAV_0053,telemetry_06,5,5,164,-134.36761433404928,0.7063102724833076,-0.6387177519310967,-0.15279130536391108
UAV_0053,telemetry_06,20,20,164,-135.06882623464975,1.0865445926804527,-0.631203425437775,0.08756732805997212
UAV_0053,telemetry_06,50,50,164,-135.8228388027431,1.05862613990727,2.058925459166062,0.04798933354522649
UAV_0053,telemetry_07,5,5,164,140.5912754437698,0.0,0.0,0.0
UAV_0053,telemetry_07,20,20,164,140.59127544376983,2.9160058604848984e-14,0.0,0.0
UAV_0053,telemetry_07,50,50,164,140.59127544376977,2.8710262101646174e-14,0.0,0.0
UAV_0053,telemetry_08,5,5,164,-4680.605940223165,0.0,0.0,0.0
UAV_0053,telemetry_08,20,20,164,-4680.605940223164,9.331218753551675e-13,0.0,0.0
UAV_0053,telemetry_08,50,50,164,-4680.605940223166,9.187283872526776e-13,0.0,0.0
UAV_0053,telemetry_09,5,5,164,-149.63657040493177,7.946850830464306,4.999211212072481,1.9262931156592686
UAV_0053,telemetry_09,20,20,164,-151.0636547855579,7.876304021860526,20.43152330060974,-0.014220272494300157
UAV_0053,telemetry_09,50,50,164,-151.85669462373662,9.102493885466215,19.51415426333719,-0.0009838935720469552
UAV_0053,telemetry_10,5,5,164,-65.31863783669161,6.186844298258047,4.543308910430326,-0.41001094077017086
UAV_0053,telemetry_10,20,20,164,-62.78126181393317,3.4100399006648967,1.7731864773466768,-0.1938639837651035
UAV_0053,telemetry_10,50,50,164,-62.708311128846255,2.994259934376779,2.2400748829799326,-0.002893566906346804
UAV_0053,telemetry_11,5,5,164,62.31620299506426,1.8073653942587675,0.05502076860776839,-0.3967765702920317
UAV_0053,telemetry_11,20,20,164,62.77071767210981,0.8772447099580827,0.4428370599596718,-0.034429269134740786
UAV_0053,telemetry_11,50,50,164,62.67096610833125,0.8642710873078226,0.6463604855864915,0.008768945348422095
UAV_0053,telemetry_12,5,5,164,630.8554402355437,1.3535521907090167,-1.464932218083618,-0.5859728872334472
UAV_0053,telemetry_12,20,20,164,632.1539028833906,1.485041359051443,-2.530337467598997,-0.17813495666239246
UAV_0053,telemetry_12,50,50,164,633.5642330824365,1.8243884470736889,-5.460201903766233,-0.0961998269415333
UAV_0053,telemetry_13,5,5,164,7148.955791433468,5.076328066729336,-5.452709952807709,-0.0023791109335434156
UAV_0053,telemetry_13,20,20,164,7144.591345214685,4.812090931835806,4.093820491002589,0.4885517516498392
UAV_0053,telemetry_13,50,50,164,7141.884583226888,4.735678894830049,9.889603947738578,0.19463763373312643
UAV_0053,telemetry_14,5,5,164,-648.8153498138018,0.0,0.0,0.0
UAV_0053,telemetry_14,20,20,164,-648.8153498138018,0.0,0.0,0.0
UAV_0053,telemetry_14,50,50,164,-648.8153498138018,0.0,0.0,0.0
UAV_0053,telemetry_15,5,5,164,49796.96600174085,10.193886025299694,12.952242046012543,1.4555852965997473
UAV_0053,telemetry_15,20,20,164,49820.486656522975,28.23798855572327,-66.73488520849787,-3.961030269817674
UAV_0053,telemetry_15,50,50,164,49866.402354576094,45.95083790277789,-149.07413821528462,-2.8140328501874454
UAV_0053,telemetry_16,5,5,164,-701.5364328583291,1.7343073863319205,0.0,0.17343073863319206
UAV_0053,telemetry_16,20,20,164,-700.49584842653,1.5306649265876582,-1.7343073863320342,-0.07563144993026531
UAV_0053,telemetry_16,50,50,164,-698.7962271879246,1.9848509070525018,-3.4686147726639547,-0.08786047023194342
UAV_0053,telemetry_17,5,5,164,40.41581228213972,4.1583447479068616e-14,0.0,0.0
UAV_0053,telemetry_17,20,20,164,40.41581228213973,2.1191258812204006e-14,0.0,0.0
UAV_0053,telemetry_17,50,50,164,40.41581228213974,1.8826577874814235e-14,0.0,0.0
UAV_0053,telemetry_18,5,5,164,-103.32772841082449,0.0034664286705233804,-0.006703463769710538,-0.0013707654147808058
UAV_0053,telemetry_18,20,20,164,-103.32630685914906,0.006034891380928857,-0.004594165082380641,-4.7733092133435896e-05
UAV_0053,telemetry_18,50,50,164,-103.32730406133325,0.006099677664310538,-0.0025536903741567585,2.4872529912170427e-05
UAV_0053,telemetry_19,5,5,164,33508.28992912544,0.6180462783454376,0.9578452028581523,0.08252102434707922
UAV_0053,telemetry_19,20,20,164,33507.743568815924,0.5760599963921889,1.9722778485884191,0.06794353913273675
UAV_0053,telemetry_19,50,50,164,33506.81860729889,0.9429696164185669,3.5380346592937713,0.05817575186207172
UAV_0053,telemetry_20,5,5,164,-164.8973841769026,0.0,0.0,0.0
UAV_0053,telemetry_20,20,20,164,-164.89738417690256,2.9160058604848984e-14,0.0,0.0
UAV_0053,telemetry_20,50,50,164,-164.8973841769026,0.0,0.0,0.0
UAV_0053,telemetry_21,5,5,164,34965.17673209112,0.3451061572894796,0.0,0.05886150396254379
UAV_0053,telemetry_21,20,20,164,34964.42624791559,0.6037175381558916,0.14715375991363544,0.0628446132533079
UAV_0053,telemetry_21,50,50,164,34963.53449613056,0.9393596628971476,2.795921438213554,0.05633180187132345
UAV_0053,telemetry_22,5,5,164,23199.092706391024,107.03581858348846,42.39337181506198,33.21542533963766
UAV_0053,telemetry_22,20,20,164,23190.155134704244,73.58034807508102,131.84192952794547,4.500030732186644
UAV_0053,telemetry_22,50,50,164,23140.29848990606,76.37068468331046,-13.985442248271283,2.8547385244675727
UAV_0053,telemetry_23,5,5,164,-17315.009056086616,7.177903607337736,-10.102848683873162,-0.9216338291324064
UAV_0053,telemetry_23,20,20,164,-17323.474068626638,9.095893863698587,10.554463802149257,0.907819085736111
UAV_0053,telemetry_23,50,50,164,-17334.23066202564,12.645315490443057,25.680009892046655,0.6003944121579481
UAV_0053,telemetry_24,5,5,164,-3696.905945235479,158.12392812890536,0.29698082041431917,-35.45826688272236
UAV_0053,telemetry_24,20,20,164,-3648.028701474895,78.17571262158825,6.525658796894277,-4.129401907263837
UAV_0053,telemetry_24,50,50,164,-3635.7752642962487,66.92276990451455,15.784285344285763,-1.2093920466073962
UAV_0053,telemetry_25,5,5,164,-174.50306301650397,0.2247148688737653,-0.2126846694023925,-0.0668437532407495
UAV_0053,telemetry_25,20,20,164,-174.0427526248688,0.3653045662124179,-1.39764211321571,-0.0528399184025482
UAV_0053,telemetry_25,50,50,164,-173.4177635320678,0.658980489655142,-1.5495597342174108,-0.03930234693439561
UAV_0053,telemetry_26,5,5,164,-7441.337831668905,4.564239253236512,-0.8611516705723261,-0.6602162807727836
UAV_0053,telemetry_26,20,20,164,-7446.031108273531,5.873951348577492,10.907921160596743,0.6235256080919019
UAV_0053,telemetry_26,50,50,164,-7454.14315701033,9.128906333144858,26.121600674060574,0.5393449082357942
UAV_0053,telemetry_27,5,5,164,969.0302044744709,1.2710574864626038e-13,0.0,0.0
UAV_0053,telemetry_27,20,20,164,969.0302044744709,1.1664023441939594e-13,0.0,0.0
UAV_0053,telemetry_27,50,50,164,969.0302044744708,0.0,0.0,0.0
UAV_0053,telemetry_28,5,5,164,-9946.180014193978,24.449439414383036,-38.619749553108704,-12.786709459419217
UAV_0053,telemetry_28,20,20,164,-9894.085637484613,42.56277607666631,-101.24461744864311,-5.735086222083997
UAV_0053,telemetry_28,50,50,164,-9855.602913558185,49.42834334489098,-179.01560474081634,-2.788760452738176
UAV_0054,telemetry_01,5,5,194,75.87466385554055,13.18587103059519,23.399116144009,6.308391887776397
UAV_0054,telemetry_01,20,20,194,87.1290928969707,14.651179111698593,-40.65285663535684,-0.8636914815993627
UAV_0054,telemetry_01,50,50,194,87.70664324436002,12.478547335144807,-25.530137214119733,-0.0715835152351856
UAV_0054,telemetry_02,5,5,194,7.238096076824997,6.731991998833948,-0.28102337326921045,-0.48225041494710935
UAV_0054,telemetry_02,20,20,194,12.10375268902688,8.586288468966018,5.5967606672122905,-0.23092719635989836
UAV_0054,telemetry_02,50,50,194,12.303214316257028,8.718324646972729,-0.2301243271919695,-0.045732332925496715
UAV_0054,telemetry_03,5,5,194,30377.82504938608,0.0,0.0,0.0
UAV_0054,telemetry_03,20,20,194,30377.825049386087,7.46497500284134e-12,0.0,0.0
UAV_0054,telemetry_03,50,50,194,30377.82504938608,7.795668872339385e-12,0.0,0.0
UAV_0054,telemetry_04,5,5,194,-125.90969787963222,0.025272045138918748,0.04551484582647447,0.005547121835097357
UAV_0054,telemetry_04,20,20,194,-125.90159054771941,0.027873947023906016,0.027024439709478543,-0.0003614665857459774
UAV_0054,telemetry_04,50,50,194,-125.90632476382677,0.07379697939537334,0.07538396340015652,2.694467702043358e-05
UAV_0054,telemetry_05,5,5,194,-113.52585353983338,0.0033930942074879085,0.001910532770239115,0.00038441564852007557
UAV_0054,telemetry_05,20,20,194,-113.52596595388533,0.002561361264215605,0.0062781563687366315,8.08848722509577e-06
UAV_0054,telemetry_05,50,50,194,-113.52650770037332,0.002496139130863428,0.008151977676348565,2.2579598096576844e-05
UAV_0054,telemetry_06,5,5,194,-133.9372939035326,1.0144380965985111,-2.4747181917957164,-0.5616959053746825
UAV_0054,telemetry_06,20,20,194,-134.833878292959,1.0378228530302485,-0.5861174664779014,0.08118485876528073
UAV_0054,telemetry_06,50,50,194,-135.4284368528644,0.931489430618006,0.9706005053854767,0.039305911357402495
UAV_0054,telemetry_07,5,5,194,140.5912754437698,0.0,0.0,0.0
UAV_0054,telemetry_07,20,20,194,140.59127544376983,2.9160058604848984e-14,0.0,0.0
UAV_0054,telemetry_07,50,50,194,140.59127544376977,2.8710262101646174e-14,0.0,0.0
UAV_0054,telemetry_08,5,5,194,-4680.605940223165,0.0,0.0,0.0
UAV_0054,telemetry_08,20,20,194,-4680.605940223164,9.331218753551675e-13,0.0,0.0
UAV_0054,telemetry_08,50,50,194,-4680.605940223166,9.187283872526776e-13,0.0,0.0
UAV_0054,telemetry_09,5,5,194,-151.97365779431829,8.16581043483593,18.92706705256748,2.7906083286851895
UAV_0054,telemetry_09,20,20,194,-152.8998352165691,11.5430693960035,8.958465280375748,0.5372314732993946
UAV_0054,telemetry_09,50,50,194,-152.85365273194265,10.088514697028867,10.978716997525567,0.04471291335559492
UAV_0054,telemetry_10,5,5,194,-62.74555952748094,0.8840208139760017,-1.4664935617657093,-0.4936204363332287
UAV_0054,telemetry_10,20,20,194,-62.391058222448386,0.9226767821746372,-0.9136429765487151,-0.04798424867648164
UAV_0054,telemetry_10,50,50,194,-62.74148765448549,2.645907468246416,-0.051083612336839224,0.002375241690512497
UAV_0054,telemetry_11,5,5,194,63.08400855266876,0.06240976858888042,0.0892084306553258,0.02040576078463232
UAV_0054,telemetry_11,20,20,194,62.99544114067682,0.10241052546239729,0.18108777240811946,0.009253803260991124
UAV_0054,telemetry_11,50,50,194,62.975488997598376,0.49388368347459105,0.37232500698660687,0.003999557123837898
UAV_0054,telemetry_12,5,5,194,631.2283320728742,1.426285786422216,2.2639861552200955,0.17312835304624058
UAV_0054,telemetry_12,20,20,194,631.4347543399678,1.287475450030278,-1.3317565618942808,-0.0651859790821906
UAV_0054,telemetry_12,50,50,194,632.6213494366154,1.714921992057217,-1.4649322180837316,-0.0692385512395128
UAV_0054,telemetry_13,5,5,194,7147.099100671068,2.7196516194409885,2.0812626543884107,-0.003491286604094057
UAV_0054,telemetry_13,20,20,194,7146.1455252328615,3.886800738958195,5.207627183302975,-0.0035510237560061743
UAV_0054,telemetry_13,50,50,194,7142.942433014128,4.15434096574714,5.567864236797504,0.14568938878944576
UAV_0054,telemetry_14,5,5,194,-648.8153498138018,0.0,0.0,0.0
UAV_0054,telemetry_14,20,20,194,-648.8153498138018,0.0,0.0,0.0
UAV_0054,telemetry_14,50,50,194,-648.8153498138018,0.0,0.0,0.0
UAV_0054,telemetry_15,5,5,194,50469.976833920264,14.992581026801671,10.30011629373621,0.9004892089142231
UAV_0054,telemetry_15,20,20,194,50380.951756924005,69.92091380859137,208.83948365617834,11.218134852784189
UAV_0054,telemetry_15,50,50,194,50253.90876565555,121.43892987501157,416.9388391954344,8.152189863678053
UAV_0054,telemetry_16,5,5,194,-703.9644631991939,1.5512116838872656,1.7343073863319205,0.3468614772663841
UAV_0054,telemetry_16,20,20,194,-702.0567250742288,2.1128751116360602,1.7343073863319205,-0.15126289986052985
UAV_0054,telemetry_16,50,50,194,-700.2183592447168,2.3389213738896277,-3.4686147726639547,-0.10676504534346055
UAV_0054,telemetry_17,5,5,194,40.41581228213973,0.0,0.0,0.0
UAV_0054,telemetry_17,20,20,194,40.41581228213974,7.290014651212246e-15,0.0,0.0
UAV_0054,telemetry_17,50,50,194,40.41581228213973,1.0150610510858574e-14,0.0,0.0
UAV_0054,telemetry_18,5,5,194,-103.32882514823075,0.0018047258619678741,0.00018140258652010743,3.0591153115722133e-05
UAV_0054,telemetry_18,20,20,194,-103.32899524229197,0.0038956193700838155,0.010539696316243408,0.00021597373695671966
UAV_0054,telemetry_18,50,50,194,-103.32717525683012,0.0051680882810808074,-0.007834431062420322,-7.522335143531097e-05
UAV_0054,telemetry_19,5,5,194,33506.427696436425,0.2800585705043388,-0.12561455489048967,-0.06373913668794558
UAV_0054,telemetry_19,20,20,194,33505.920322880396,0.5089757917176961,0.9798722200866905,0.056946911713836236
UAV_0054,telemetry_19,50,50,194,33505.73777716632,0.47967609883095225,0.05742740995628992,0.012210415354336259
UAV_0054,telemetry_20,5,5,194,-164.8973841769026,0.0,0.0,0.0
UAV_0054,telemetry_20,20,20,194,-164.89738417690256,2.9160058604848984e-14,0.0,0.0
UAV_0054,telemetry_20,50,50,194,-164.8973841769026,0.0,0.0,0.0
UAV_0054,telemetry_21,5,5,194,34963.02828719649,0.30514453122198915,0.14715375990635948,0.05886150396254379
UAV_0054,telemetry_21,20,20,194,34962.71190661268,0.3725023763530909,1.1772300792508759,0.04171200562757024
UAV_0054,telemetry_21,50,50,194,34962.49264751043,0.4178667638448743,1.0300763193372404,0.014768372542732621
UAV_0054,telemetry_22,5,5,194,23270.418461857193,64.67901184692582,-23.746115484038455,-6.788766758013298
UAV_0054,telemetry_22,20,20,194,23221.447561734738,62.543875344433445,13.5483971780086,4.894795251788624
UAV_0054,telemetry_22,50,50,194,23174.140346513075,73.76625222556613,321.9565350903431,3.308726742547746
UAV_0054,telemetry_23,5,5,194,-17553.00387336345,9.37328479622051,-21.19551519962988,-4.912825159101703
UAV_0054,telemetry_23,20,20,194,-17518.60676701381,26.80291557983756,-84.8573311158325,-4.424421495153217
UAV_0054,telemetry_23,50,50,194,-17469.548535308008,47.479047946840616,-165.787065059616,-3.164752695566583
UAV_0054,telemetry_24,5,5,194,-3630.6150358994846,1.8171595419100386,1.7456927297957918,0.3337999818351364
UAV_0054,telemetry_24,20,20,194,-3631.770208606403,2.761059384946797,7.433420264179404,0.13237495968851362
UAV_0054,telemetry_24,50,50,194,-3626.748413617551,49.38506602184046,6.099672868730522,-0.07863322052522272
UAV_0054,telemetry_25,5,5,194,-174.1749209551403,0.22635215732838104,-0.4557528630051024,-0.10026562986112139
UAV_0054,telemetry_25,20,20,194,-174.03819509623875,0.3099307596001522,-0.6988210566078124,-0.025814573192770255
UAV_0054,telemetry_25,50,50,194,-173.57818853984563,0.5144461673035717,-1.9445455488218215,-0.028464948722624537
UAV_0054,telemetry_26,5,5,194,-7445.84452541157,5.797248770038806,10.190294768452986,2.482987316820254
UAV_0054,telemetry_26,20,20,194,-7449.80582309621,5.706423108798135,14.209002564462025,0.5728061487974696
UAV_0054,telemetry_26,50,50,194,-7453.336544945561,6.122105009524667,21.528791764335438,0.27056496425266374
UAV_0054,telemetry_27,5,5,194,969.0302044744709,1.2710574864626038e-13,0.0,0.0
UAV_0054,telemetry_27,20,20,194,969.0302044744709,1.1664023441939594e-13,0.0,0.0
UAV_0054,telemetry_27,50,50,194,969.0302044744708,0.0,0.0,0.0
UAV_0054,telemetry_28,5,5,194,-9937.866702709016,9.526691493625489,-12.684310982711395,-4.372317533540809
UAV_0054,telemetry_28,20,20,194,-9913.213807181059,29.07116183935092,-86.78348697115325,-3.6237091871563534
UAV_0054,telemetry_28,50,50,194,-9878.99050239573,44.28755929151053,-50.327094447442505,-2.230799264796353
UAV_0055,telemetry_01,5,5,525,87.65547055042474,17.53783117410018,-9.254806140674319,0.2529307468486479
UAV_0055,telemetry_01,20,20,525,84.00992095925452,11.221094512877656,-3.7929293909059254,0.32488950263894845
UAV_0055,telemetry_01,50,50,525,86.22879472513971,11.31369137818778,-5.264195330473285,-0.11958604338546457
UAV_0055,telemetry_02,5,5,525,10.427472551424243,9.280905926963053,13.403381599256427,4.3101978300328145
UAV_0055,telemetry_02,20,20,525,13.256549000853997,7.08687879081089,2.3681267088857467,-0.13159895014988332
UAV_0055,telemetry_02,50,50,525,12.819926092792238,7.177944408060415,11.445997047856814,0.06153058237835068
UAV_0055,telemetry_03,5,5,525,30377.82504938608,0.0,0.0,0.0
UAV_0055,telemetry_03,20,20,525,30377.825049386087,7.46497500284134e-12,0.0,0.0
UAV_0055,telemetry_03,50,50,525,30377.82504938608,0.0,0.0,0.0
UAV_0055,telemetry_04,5,5,525,-125.89234534466088,0.026130034686651715,0.032713795437800286,0.012658816495495273
UAV_0055,telemetry_04,20,20,525,-125.90784883902055,0.023893600738285503,0.04835952369064955,0.0003892717077266361
UAV_0055,telemetry_04,50,50,525,-125.90025354912326,0.029411766998727818,0.04409250689441535,-0.00025462086620843115
UAV_0055,telemetry_05,5,5,525,-113.52587772005741,0.0027952764574868286,-0.0029210281464031596,-0.00012328680982847117
UAV_0055,telemetry_05,20,20,525,-113.52595245965222,0.002914150128753353,0.005142605706581094,8.224658152650926e-05
UAV_0055,telemetry_05,50,50,525,-113.52589681361698,0.002710236483917766,-0.0010609008786985896,1.9713819591076395e-05
UAV_0055,telemetry_06,5,5,525,-142.96851243828831,1.0597889095189372,-0.8303330775104314,0.11384204637358834
UAV_0055,telemetry_06,20,20,525,-142.67081987037847,0.8342945032085386,-1.325026238319765,-0.025318948715794362
UAV_0055,telemetry_06,50,50,525,-141.85323610015175,1.0376392050557146,-2.359498518898363,-0.049748509844403724
UAV_0055,telemetry_07,5,5,525,140.71160362240556,0.04707604124451628,0.08594869902555047,0.008594869902555046
UAV_0055,telemetry_07,20,20,525,140.6901164476492,0.031487095187570084,0.08594869902555047,0.0025203001969898256
UAV_0055,telemetry_07,50,50,525,140.6823810647369,0.02061891562549892,0.08594869902555047,0.0005324073072891242
UAV_0055,telemetry_08,5,5,525,-4680.605940223165,0.0,0.0,0.0
UAV_0055,telemetry_08,20,20,525,-4680.605940223164,9.331218753551675e-13,0.0,0.0
UAV_0055,telemetry_08,50,50,525,-4680.605940223166,9.187283872526776e-13,0.0,0.0
UAV_0055,telemetry_09,5,5,525,-161.21141481269822,12.581141779132727,-0.7566807564293754,-0.28500512306878534
UAV_0055,telemetry_09,20,20,525,-155.12697042694896,11.018988824598502,-17.511928209777892,0.17485007281301054
UAV_0055,telemetry_09,50,50,525,-154.29696401877396,9.412095638038922,-28.39583212260402,-0.03602655312447446
UAV_0055,telemetry_10,5,5,525,-62.35509669752918,0.8890997058382908,-1.378244987050067,-0.09508437386411757
UAV_0055,telemetry_10,20,20,525,-62.255350816700876,1.1443883233942858,-0.3907962680625232,-0.007461241151823411
UAV_0055,telemetry_10,50,50,525,-62.304086970571696,1.07312376721102,0.02448823017737567,0.005261529622170069
UAV_0055,telemetry_11,5,5,525,61.589580375415224,0.10312968469076787,-0.11110990165453671,-0.014048992372664059
UAV_0055,telemetry_11,20,20,525,61.60985259064497,0.1056741049916299,-0.3012787717940313,-0.008352119740117467
UAV_0055,telemetry_11,50,50,525,61.7070897800593,0.14606580400293967,-0.3231802427932422,-0.00722237446660732
UAV_0055,telemetry_12,5,5,525,644.9187895291465,0.41047493993430567,0.9322295933259284,0.14649322180835042
UAV_0055,telemetry_12,20,20,525,644.812249004195,1.1313538188828103,1.8644591866518567,0.07489879009750709
UAV_0055,telemetry_12,50,50,525,644.0584747901629,1.482056023573167,3.462567060925039,0.056678791875478696
UAV_0055,telemetry_13,5,5,525,7144.26201494376,4.640949791781394,6.066061822006304,0.18377831315274307
UAV_0055,telemetry_13,20,20,525,7143.282670627775,3.302790816595923,2.153924028540132,0.13313788561515133
UAV_0055,telemetry_13,50,50,525,7141.415424162417,3.793573473240447,13.444383812173328,0.12892040661989468
UAV_0055,telemetry_14,5,5,525,-648.8153498138018,0.0,0.0,0.0
UAV_0055,telemetry_14,20,20,525,-648.8153498138018,0.0,0.0,0.0
UAV_0055,telemetry_14,50,50,525,-648.8153498138018,0.0,0.0,0.0
UAV_0055,telemetry_15,5,5,525,50313.69878203366,24.430667307632767,12.212113929090265,-3.3552474633484963
UAV_0055,telemetry_15,20,20,525,50300.4165662022,26.510410623473092,45.6412338764203,2.1160893548213533
UAV_0055,telemetry_15,50,50,525,50251.672345195606,47.92128110405275,140.50098752768827,2.954307712137942
UAV_0055,telemetry_16,5,5,525,-702.230155812862,1.5512116838872656,0.0,0.17343073863319206
UAV_0055,telemetry_16,20,20,525,-701.6231482276457,1.538402119575414,-3.468614772663841,-0.12127111799163096
UAV_0055,telemetry_16,50,50,525,-700.3224176878969,2.050563957044459,-6.937229545327796,-0.08203086557200363
UAV_0055,telemetry_17,5,5,525,40.41581228213973,0.0,0.0,0.0
UAV_0055,telemetry_17,20,20,525,40.41581228213974,7.290014651212246e-15,0.0,0.0
UAV_0055,telemetry_17,50,50,525,40.41581228213974,7.177565525411544e-15,0.0,0.0
UAV_0055,telemetry_18,5,5,525,-102.99915859367074,0.0386285489030424,0.006044645620548295,0.010284194997784369
UAV_0055,telemetry_18,20,20,525,-102.99075922254681,0.026239342373304084,0.005142483575966139,-0.0008077497664743947
UAV_0055,telemetry_18,50,50,525,-102.98424040390216,0.024670824859712313,-0.0035772407925946936,-0.0004127427510289052
UAV_0055,telemetry_19,5,5,525,33511.148531291125,0.670563512899973,1.3098275791635388,0.27326404702762375
UAV_0055,telemetry_19,20,20,525,33510.325072700616,0.7527777945235323,2.9071189488022355,0.0911115262286549
UAV_0055,telemetry_19,50,50,525,33509.21750508088,1.1260081642800903,4.256096849610913,0.07104839900079826
UAV_0055,telemetry_20,5,5,525,-164.8973841769026,0.0,0.0,0.0
UAV_0055,telemetry_20,20,20,525,-164.89738417690256,2.9160058604848984e-14,0.0,0.0
UAV_0055,telemetry_20,50,50,525,-164.8973841769026,0.0,0.0,0.0
UAV_0055,telemetry_21,5,5,525,34967.884361273376,0.505489765321067,1.0300763193445164,0.23544601585017516
UAV_0055,telemetry_21,20,20,525,34967.192738601814,0.7163038873016289,2.6487676783071947,0.10599496390214176
UAV_0055,telemetry_21,50,50,525,34966.12440230491,1.1453248464137553,3.384536477838992,0.07240035649436091
UAV_0055,telemetry_22,5,5,525,23224.82009286024,78.10545530857192,143.64214642492152,41.92719040678785
UAV_0055,telemetry_22,20,20,525,23239.759750178568,62.75478086873739,83.62129010944045,2.206803767041558
UAV_0055,telemetry_22,50,50,525,23192.522462168145,74.88869006440372,115.67126192838987,2.894934778548458
UAV_0055,telemetry_23,5,5,525,-17497.541687486817,4.102972765555246,6.303644005678507,1.6986789632803265
UAV_0055,telemetry_23,20,20,525,-17487.33586840221,9.714698590794574,-12.573276559192891,-1.2996042399176815
UAV_0055,telemetry_23,50,50,525,-17466.072115289335,20.81355989764093,-60.95488938100607,-1.3496676006002253
UAV_0055,telemetry_24,5,5,525,-3742.9829527037846,5.3197618266415345,-12.022548023401214,-2.439199577920681
UAV_0055,telemetry_24,20,20,525,-3734.3585998598014,7.611266543884545,-31.908832571792118,-1.1841422365285619
UAV_0055,telemetry_24,50,50,525,-3720.52518827443,13.731561556575693,-50.196591002066725,-0.9164733835749276
UAV_0055,telemetry_25,5,5,525,-174.52736983586425,0.14022580704826312,-0.06076704840069169,-0.006076704840069169
UAV_0055,telemetry_25,20,20,525,-174.2204962414408,0.3024729249435318,-0.30383524200343004,-0.03764815630237759
UAV_0055,telemetry_25,50,50,525,-173.7756814471478,0.505366217380638,-1.5799432584177566,-0.028836991876098075
UAV_0055,telemetry_26,5,5,525,-7668.825397978713,8.475650753651047,-21.528791764335438,-3.3584915152364374
UAV_0055,telemetry_26,20,20,525,-7655.00391366601,13.02635533555198,-37.89067350522964,-1.9450373070695461
UAV_0055,telemetry_26,50,50,525,-7627.429837174251,27.462054791872326,-96.8795629395081,-1.8512452107327098
UAV_0055,telemetry_27,5,5,525,969.0302044744709,1.2710574864626038e-13,0.0,0.0
UAV_0055,telemetry_27,20,20,525,969.0302044744709,1.1664023441939594e-13,0.0,0.0
UAV_0055,telemetry_27,50,50,525,969.0302044744708,0.0,0.0,0.0
UAV_0055,telemetry_28,5,5,525,-9885.59055493298,34.67931893788724,-79.26113315225302,-15.06952104430311
UAV_0055,telemetry_28,20,20,525,-9880.852541381511,31.8823236331539,-19.754007993033156,-1.7702265412576783
UAV_0055,telemetry_28,50,50,525,-9854.053760111115,38.348942441436314,-82.54933623293073,-1.8691555979319316
UAV_0056,telemetry_01,5,5,195,84.83033010455867,2.810600780332085,-1.2423840230530203,-0.8884491952598637
UAV_0056,telemetry_01,20,20,195,82.91968530863247,7.19605486486599,4.418854628413229,0.07699534535608675
UAV_0056,telemetry_01,50,50,195,83.76620325263958,10.087240554185467,11.339253516462719,-0.05992606474181647
UAV_0056,telemetry_02,5,5,195,6.745691607253858,6.97455020514956,3.327098207338702,2.225587658818251
UAV_0056,telemetry_02,20,20,195,8.83890943551866,6.564476450104991,-0.16181742552864975,-0.2693167478060067
UAV_0056,telemetry_02,50,50,195,10.657917005176726,7.030670610228947,11.21745773212721,-0.06800246517358721
UAV_0056,telemetry_03,5,5,195,30377.82504938607,2.2791871899501835e-11,-5.093170329928398e-11,0.0
UAV_0056,telemetry_03,20,20,195,30377.82504938608,1.1684534089682947e-11,-5.093170329928398e-11,0.0
UAV_0056,telemetry_03,50,50,195,30377.82504938608,7.275957614183426e-12,-5.093170329928398e-11,0.0
UAV_0056,telemetry_04,5,5,195,-125.9894510789582,0.24200648414596304,-0.5438445677017683,-0.11644954377357805
UAV_0056,telemetry_04,20,20,195,-125.93290755900753,0.11805212375700765,-0.505441416535632,-0.005854932404446355
UAV_0056,telemetry_04,50,50,195,-125.90265330044208,0.08127548199786017,-0.5566456180904709,-0.0020661723389773104
UAV_0056,telemetry_05,5,5,195,-113.52610975334296,0.003043116733066931,0.008028971647803473,0.0016180223301205388
UAV_0056,telemetry_05,20,20,195,-113.52668846454253,0.0025927416929864815,0.0037395466754475137,-4.429165804461184e-05
UAV_0056,telemetry_05,50,50,195,-113.52606546671281,0.0027204495146886097,0.0054422864042038555,-3.48268222223724e-05
UAV_0056,telemetry_06,5,5,195,-134.16472751873002,0.7622775087164487,-0.528507630029253,-0.29218206181474216
UAV_0056,telemetry_06,20,20,195,-134.74038754750478,0.7462796942358748,1.5166415638990998,0.05937353739128716
UAV_0056,telemetry_06,50,50,195,-135.14121424653524,0.8703562973635923,0.8528760569903397,0.029983756382980627
UAV_0056,telemetry_07,5,5,195,140.5912754437698,0.0,0.0,0.0
UAV_0056,telemetry_07,20,20,195,140.59127544376983,2.9160058604848984e-14,0.0,0.0
UAV_0056,telemetry_07,50,50,195,140.59127544376977,2.8710262101646174e-14,0.0,0.0
UAV_0056,telemetry_08,5,5,195,-4680.605940223165,0.0,0.0,0.0
UAV_0056,telemetry_08,20,20,195,-4680.605940223164,9.331218753551675e-13,0.0,0.0
UAV_0056,telemetry_08,50,50,195,-4680.605940223166,9.187283872526776e-13,0.0,0.0
UAV_0056,telemetry_09,5,5,195,-157.9480955521996,8.338398426971263,-7.453607011431416,-1.7853107026128299
UAV_0056,telemetry_09,20,20,195,-153.7842391952907,10.65902357891952,-10.262891050274192,-0.019159652126175968
UAV_0056,telemetry_09,50,50,195,-155.6870176502397,9.753807516086637,-23.66641450220291,0.08971233450461541
UAV_0056,telemetry_10,5,5,195,-65.53252180993164,6.425369143765118,-13.889704430316499,-2.782094312980979
UAV_0056,telemetry_10,20,20,195,-63.01153366540984,3.450112194093642,-14.77568269240286,-0.26716520284352113
UAV_0056,telemetry_10,50,50,195,-62.789263321899085,2.3038039624370916,-13.907033413470273,-0.028165004237891606
UAV_0056,telemetry_11,5,5,195,62.408593662109716,1.43587532606177,-3.156991378364097,-0.6339089321044369
UAV_0056,telemetry_11,20,20,195,62.8143279360997,0.7082387231869688,-2.979642881492431,-0.03611316468252816
UAV_0056,telemetry_11,50,50,195,62.86803919210453,0.45288865745299,-2.884024264203198,-0.003743473512215875
UAV_0056,telemetry_12,5,5,195,630.1629268233589,1.4324897556183287,-1.4649322180835043,-0.6658782809470722
UAV_0056,telemetry_12,20,20,195,631.1217915479226,1.510670377602461,-4.39479665425074,-0.15640629696832697
UAV_0056,telemetry_12,50,50,195,632.3709792029792,1.5673005708671939,-5.59337755995557,-0.0801356133353946
UAV_0056,telemetry_13,5,5,195,7149.440343155662,3.8660930349232925,8.02848297923083,1.6549883340569067
UAV_0056,telemetry_13,20,20,195,7147.149151150881,3.342309201529819,4.099972703908861,0.1944045850609942
UAV_0056,telemetry_13,50,50,195,7144.822224786169,3.744768621596039,9.453982325873767,0.15408767856482403
UAV_0056,telemetry_14,5,5,195,-648.8153498138018,0.0,0.0,0.0
UAV_0056,telemetry_14,20,20,195,-648.8153498138018,0.0,0.0,0.0
UAV_0056,telemetry_14,50,50,195,-648.8153498138018,0.0,0.0,0.0
UAV_0056,telemetry_15,5,5,195,49844.55623965849,20.713240886455225,29.9751887350576,8.523808813137293
UAV_0056,telemetry_15,20,20,195,49856.06523187652,20.23386962278844,-27.076353610471415,-1.6286528487502094
UAV_0056,telemetry_15,50,50,195,49882.12144223251,29.460301265363903,-67.47501332541287,-1.510178260101239
UAV_0056,telemetry_16,5,5,195,-701.8832943355956,2.261260176867203,0.0,0.17343073863319206
UAV_0056,telemetry_16,20,20,195,-701.1895713810628,1.5512116838872776,-3.468614772663841,-0.0991032792189656
UAV_0056,telemetry_16,50,50,195,-699.6980670288173,1.9001616286086591,-5.202922158995875,-0.09119167289476582
UAV_0056,telemetry_17,5,5,195,40.415812282139754,4.7664655742347644e-14,1.0658141036401503e-13,0.0
UAV_0056,telemetry_17,20,20,195,40.41581228213975,2.5515051279242863e-14,1.0658141036401503e-13,0.0
UAV_0056,telemetry_17,50,50,195,40.41581228213974,1.5888218580782548e-14,1.0658141036401503e-13,0.0
UAV_0056,telemetry_18,5,5,195,-103.32548863780471,0.0040260467232621075,-0.0013210602199364985,-8.842601046694653e-05
UAV_0056,telemetry_18,20,20,195,-103.32752907069694,0.0037509043954857767,0.00156853841906468,0.00026880165620935616
UAV_0056,telemetry_18,50,50,195,-103.32740469431543,0.004248538358607767,0.00465665948885885,3.2649366351067564e-05
UAV_0056,telemetry_19,5,5,195,33508.07512484581,0.3388565433707827,-0.033761495833459776,0.04226123618718702
UAV_0056,telemetry_19,20,20,195,33507.844689361584,0.3399230636793999,0.5970945155131631,0.034451337875657205
UAV_0056,telemetry_19,50,50,195,33507.307935695586,0.5825269620996585,2.037260313605657,0.03162670918779952
UAV_0056,telemetry_20,5,5,195,-164.8973841769026,0.0,0.0,0.0
UAV_0056,telemetry_20,20,20,195,-164.89738417690256,2.9160058604848984e-14,0.0,0.0
UAV_0056,telemetry_20,50,50,195,-164.8973841769026,0.0,0.0,0.0
UAV_0056,telemetry_21,5,5,195,34965.08843983516,0.5941076784443409,0.588615039618162,0.10300763193372404
UAV_0056,telemetry_21,20,20,195,34964.588117051484,0.5788529193250632,0.8829225594308809,0.06439360019938974
UAV_0056,telemetry_21,50,50,195,34963.999502011866,0.7312502175956423,2.3544601584944758,0.03879347620096826
UAV_0056,telemetry_22,5,5,195,23175.841908653274,71.02565841578678,145.82737177621675,40.80544139312515
UAV_0056,telemetry_22,20,20,195,23174.421512174933,55.40112209401669,-3.7877239422377897,2.558630525354703
UAV_0056,telemetry_22,50,50,195,23168.08581547309,63.77417511569674,65.26539715858235,1.4903394294995538
UAV_0056,telemetry_23,5,5,195,-17338.037226173183,4.927758653928918,4.58182824735195,1.5258615758957603
UAV_0056,telemetry_23,20,20,195,-17340.42207508609,7.990092937627047,22.562153527367627,0.5371816112108622
UAV_0056,telemetry_23,50,50,195,-17345.479811017034,9.616462348201038,13.49406179363723,0.30960737764885427
UAV_0056,telemetry_24,5,5,195,-3560.257403782541,151.17214303950902,338.0826361417503,67.41939877189493
UAV_0056,telemetry_24,20,20,195,-3613.079521260917,76.15650355397655,345.30370846440246,5.14101059637478
UAV_0056,telemetry_24,50,50,195,-3625.3879861171135,48.55786133412149,344.02945355609063,0.9425077232833938
UAV_0056,telemetry_25,5,5,195,-174.29645505194165,0.3517147206751275,-0.7292045808081866,-0.1792627927820149
UAV_0056,telemetry_25,20,20,195,-174.2554372942712,0.31733198935963264,-1.063423347011934,-0.022410704692131352
UAV_0056,telemetry_25,50,50,195,-173.86622434926483,0.46701719511196915,-1.4280256374160274,-0.02654783223766654
UAV_0056,telemetry_26,5,5,195,-7442.342508617907,2.4995659688707055,1.8658286195750406,0.028705055685622937
UAV_0056,telemetry_26,20,20,195,-7442.916609731622,3.5908201642109163,6.028061694015378,0.13618714389274253
UAV_0056,telemetry_26,50,50,195,-7449.128383782024,7.311464709690779,17.5100839683264,0.4034697166763441
UAV_0056,telemetry_27,5,5,195,969.0302044744709,1.2710574864626038e-13,0.0,0.0
UAV_0056,telemetry_27,20,20,195,969.0302044744709,1.1664023441939594e-13,0.0,0.0
UAV_0056,telemetry_27,50,50,195,969.0302044744708,0.0,0.0,0.0
UAV_0056,telemetry_28,5,5,195,-9940.165672856663,20.169712177113496,-6.002784986019833,1.2736087112056338
UAV_0056,telemetry_28,20,20,195,-9915.820051239098,32.46032189863281,-18.336440585861055,-2.2225426634538428
UAV_0056,telemetry_28,50,50,195,-9889.4758372842,37.91519052576137,-60.5425857241371,-1.7142200878755856
UAV_0057,telemetry_01,5,5,215,92.26138696286606,13.69358569349489,-22.878629771256954,-4.488238859026448
UAV_0057,telemetry_01,20,20,215,87.35657098437107,10.030094563113419,0.34470967349989223,0.213346870643049
UAV_0057,telemetry_01,50,50,215,85.71819805001599,11.399902546163618,6.881973788717602,0.18011785721320323
UAV_0057,telemetry_02,5,5,215,9.670682278090789,3.2808270503825683,-5.169600779353571,-0.7205979352835119
UAV_0057,telemetry_02,20,20,215,12.529265949689266,7.06364451762012,-17.64270810233179,-0.6909476277888617
UAV_0057,telemetry_02,50,50,215,11.796342227843587,7.3505068884294475,-21.660344890184735,-0.044023188548465826
UAV_0057,telemetry_03,5,5,215,30377.82504938608,0.0,0.0,0.0
UAV_0057,telemetry_03,20,20,215,30377.825049386087,7.46497500284134e-12,0.0,0.0
UAV_0057,telemetry_03,50,50,215,30377.82504938608,6.236535097871508e-12,0.0,0.0
UAV_0057,telemetry_04,5,5,215,-125.92904168910852,0.029892813822962792,-0.008534033592482615,0.00554712183510162
UAV_0057,telemetry_04,20,20,215,-125.91033793215169,0.03719405214356076,-0.06827226873976144,-0.003104548811897957
UAV_0057,telemetry_04,50,50,215,-125.90603632459188,0.07263573513144668,-0.009956372524541734,-0.0002642333316032357
UAV_0057,telemetry_05,5,5,215,-113.5263668384091,0.0027346184411115564,-0.004407014250574548,-0.0003318645583604507
UAV_0057,telemetry_05,20,20,215,-113.52565837451004,0.002757681894074563,0.0027635115616391204,-4.1645463806142207e-05
UAV_0057,telemetry_05,50,50,215,-113.52555681045416,0.0027167375790294376,0.001767307224881165,5.294226163768922e-06
UAV_0057,telemetry_06,5,5,215,-143.16513731486322,1.1260747483390166,2.394565375867103,0.5252514218821489
UAV_0057,telemetry_06,20,20,215,-142.8112125370284,1.0326930845371527,1.2298447694045649,-0.03242460131209664
UAV_0057,telemetry_06,50,50,215,-141.9246472495931,1.2758426465189172,-2.27057898872755,-0.058910214854166254
UAV_0057,telemetry_07,5,5,215,140.72879336221067,0.04707604124451628,0.08594869902555047,0.017189739805110092
UAV_0057,telemetry_07,20,20,215,140.6944138826005,0.035272601836038864,0.08594869902555047,0.0037481387544976894
UAV_0057,telemetry_07,50,50,215,140.6823810647369,0.026956579646387674,0.08594869902555047,0.0009038542658629317
UAV_0057,telemetry_08,5,5,215,-4680.605940223165,0.0,0.0,0.0
UAV_0057,telemetry_08,20,20,215,-4680.605940223164,9.331218753551675e-13,0.0,0.0
UAV_0057,telemetry_08,50,50,215,-4680.605940223166,9.187283872526776e-13,0.0,0.0
UAV_0057,telemetry_09,5,5,215,-152.09492205536395,9.464559052406557,-18.56420784717983,-5.329376119308063
UAV_0057,telemetry_09,20,20,215,-151.76043942754882,8.076832100828845,-0.35730034320221193,-0.015654881128099936
UAV_0057,telemetry_09,50,50,215,-152.14789858517818,9.958810427649931,11.951836018026171,0.03972354249718738
UAV_0057,telemetry_10,5,5,215,-62.334479617665785,1.5131092826125239,1.8275875087205264,0.36884153627416794
UAV_0057,telemetry_10,20,20,215,-62.737252447062005,1.207416558861328,0.5660258795432895,0.0011814207689088603
UAV_0057,telemetry_10,50,50,215,-62.14210560638617,2.7795832581305038,-0.19840525740431758,-0.023086454499125973
UAV_0057,telemetry_11,5,5,215,61.59064873985422,0.11336877144698762,0.15063938589702985,0.04812981797631934
UAV_0057,telemetry_11,20,20,215,61.69614972820408,0.10231837343509896,-0.08707170177734014,-0.007203828788590779
UAV_0057,telemetry_11,50,50,215,61.77176063069342,0.5901917819307264,-0.1912372345784803,-0.005825340152447704
UAV_0057,telemetry_12,5,5,215,647.0762351594151,1.78773127828175,1.19858090570483,0.1864459186652084
UAV_0057,telemetry_12,20,20,215,645.3715867601906,1.6000925946099258,6.658782809470949,0.170625051238174
UAV_0057,telemetry_12,50,50,215,644.0558112770391,1.7374900570025642,6.259255840902597,0.07911881000602637
UAV_0057,telemetry_13,5,5,215,7143.20913264073,3.2375849391331086,-1.0460574894304955,0.4495407838706342
UAV_0057,telemetry_13,20,20,215,7141.218215622791,3.1076745419367446,5.261117171276055,0.26146418929498955
UAV_0057,telemetry_13,50,50,215,7138.367826697461,4.0401969857706925,16.374497074460123,0.18535973544939624
UAV_0057,telemetry_14,5,5,215,-648.8153498138018,0.0,0.0,0.0
UAV_0057,telemetry_14,20,20,215,-648.8153498138018,0.0,0.0,0.0
UAV_0057,telemetry_14,50,50,215,-648.8153498138018,0.0,0.0,0.0
UAV_0057,telemetry_15,5,5,215,50319.052375412684,16.133052874825985,20.353523215162568,6.772172269772272
UAV_0057,telemetry_15,20,20,215,50273.88605707794,33.42849166862351,73.51939294688782,5.061623039162871
UAV_0057,telemetry_15,50,50,215,50205.08868151697,66.75463445013214,178.7409402349731,4.346720008602204
UAV_0057,telemetry_16,5,5,215,-702.5770172901282,0.9499192771418197,0.0,0.17343073863319206
UAV_0057,telemetry_16,20,20,215,-700.5825637958466,1.732023899645349,-3.468614772663841,-0.1682147765690376
UAV_0057,telemetry_16,50,50,215,-699.0737163697378,2.2731730284387126,-5.202922158995875,-0.1046830436791968
UAV_0057,telemetry_17,5,5,215,40.41581228213973,0.0,0.0,0.0
UAV_0057,telemetry_17,20,20,215,40.41581228213974,7.290014651212246e-15,0.0,0.0
UAV_0057,telemetry_17,50,50,215,40.41581228213974,1.3234776891332901e-14,0.0,0.0
UAV_0057,telemetry_18,5,5,215,-103.32830582981583,0.0025754430366616786,-0.003950299081864728,-0.0007129417111300995
UAV_0057,telemetry_18,20,20,215,-103.32831436591928,0.004573093118091628,0.006494888300281332,-0.00010466994385673605
UAV_0057,telemetry_18,50,50,215,-103.32507298027993,0.017867136446933163,0.0005314212374685212,-0.00024791569767896704
UAV_0057,telemetry_19,5,5,215,33511.63932618468,0.5171130129189133,1.0200559550066828,0.17020532074966468
UAV_0057,telemetry_19,20,20,215,33510.31612101926,1.1224801094388348,2.4757671761035454,0.16839711349925243
UAV_0057,telemetry_19,50,50,215,33508.714140413445,1.6424160584513012,5.222236311070446,0.1054585447376675
UAV_0057,telemetry_20,5,5,215,-164.8973841769026,0.0,0.0,0.0
UAV_0057,telemetry_20,20,20,215,-164.89738417690256,2.9160058604848984e-14,0.0,0.0
UAV_0057,telemetry_20,50,50,215,-164.8973841769026,0.0,0.0,0.0
UAV_0057,telemetry_21,5,5,215,34968.41411480905,0.658091620590199,1.3243838391572353,0.23544601585090277
UAV_0057,telemetry_21,20,20,215,34967.28103085777,1.034051757303748,2.795921438213554,0.1577753846810794
UAV_0057,telemetry_21,50,50,215,34965.644681047605,1.6412461336759505,5.444689116520749,0.10731448507526334
UAV_0057,telemetry_22,5,5,215,23237.028218489453,31.19452880413564,64.39130701806789,14.233101121414439
UAV_0057,telemetry_22,20,20,215,23214.928306103386,58.282372644402734,90.32264785340521,4.972455641466176
UAV_0057,telemetry_22,50,50,215,23155.746576322803,70.8785206702471,211.23845062488908,3.635074714898721
UAV_0057,telemetry_23,5,5,215,-17487.648088973445,6.674096790337172,3.140182377454039,1.490287404220362
UAV_0057,telemetry_23,20,20,215,-17471.703202320794,18.188406462403712,-35.61000728575527,-2.6382340933001247
UAV_0057,telemetry_23,50,50,215,-17446.360745416594,26.325702432596483,-82.28741048125084,-1.6982153325675138
UAV_0057,telemetry_24,5,5,215,-3746.499982978724,3.568010129326012,-7.715038984021248,-2.053807444375161
UAV_0057,telemetry_24,20,20,215,-3732.4697208018833,10.60957445591485,-29.171394847443935,-1.7185329897138928
UAV_0057,telemetry_24,50,50,215,-3718.0455441163526,38.863317916424684,-62.15128001687708,-1.0590535574658422
UAV_0057,telemetry_25,5,5,215,-174.24176470838103,0.5441111510403397,-0.1519176210017008,-0.14280256374159989
UAV_0057,telemetry_25,20,20,215,-173.85285559861669,0.4745443917075715,-1.1545739196129716,-0.054324827480009
UAV_0057,telemetry_25,50,50,215,-173.24396977364185,0.6553372558495082,-2.3699148876266065,-0.03943365628268027
UAV_0057,telemetry_26,5,5,215,-7680.795406199683,9.147977442534978,-23.25109510548191,-5.195615079126219
UAV_0057,telemetry_26,20,20,215,-7651.8678863323385,22.411552591686714,-80.66120647704247,-3.689247138081826
UAV_0057,telemetry_26,50,50,215,-7611.9348481150655,38.03532386814201,-137.6407420133164,-2.5513177548984207
UAV_0057,telemetry_27,5,5,215,969.0302044744709,1.2710574864626038e-13,0.0,0.0
UAV_0057,telemetry_27,20,20,215,969.0302044744709,1.1664023441939594e-13,0.0,0.0
UAV_0057,telemetry_27,50,50,215,969.0302044744708,0.0,0.0,0.0
UAV_0057,telemetry_28,5,5,215,-9898.02136809605,26.26665809250392,28.70974035199106,11.280765174093721
UAV_0057,telemetry_28,20,20,215,-9855.579862443605,38.60553370003757,-76.38503367149315,-5.343892728740353
UAV_0057,telemetry_28,50,50,215,-9818.456839266804,46.219037269867364,-99.16766491870112,-2.657523009762654
UAV_0058,telemetry_01,5,5,178,91.64215657621162,15.191714765836386,-9.874203551100337,-5.859354845201916
UAV_0058,telemetry_01,20,20,178,85.1072177408341,14.263415777584456,-14.146251224943455,0.3840728387205184
UAV_0058,telemetry_01,50,50,178,84.69488081738336,13.137624472681843,-9.68003922072647,0.1267777587634114
UAV_0058,telemetry_02,5,5,178,12.745904354221718,5.58568901174585,-11.186635249135312,-2.427068463427632
UAV_0058,telemetry_02,20,20,178,10.717180529326914,7.9300770230786135,4.6159029556626,0.30647461824552724
UAV_0058,telemetry_02,50,50,178,11.738298723140225,8.462485564278099,2.2643700521390535,-0.0684938476348606
UAV_0058,telemetry_03,5,5,178,30377.825049386087,2.129072510928313e-11,0.0,0.0
UAV_0058,telemetry_03,20,20,178,30377.825049386087,1.1714303651535416e-11,0.0,0.0
UAV_0058,telemetry_03,50,50,178,30377.82504938608,9.929069645577485e-12,0.0,0.0
UAV_0058,telemetry_04,5,5,178,-125.98535226879922,0.1804624217954679,-0.0412478290302829,-0.050343777185770475
UAV_0058,telemetry_04,20,20,178,-125.91175676057885,0.0957907136314687,-0.014223389320804358,-0.006412460905268828
UAV_0058,telemetry_04,50,50,178,-125.9127577400685,0.0945024275288419,0.032713795437786075,0.0004420990680442846
UAV_0058,telemetry_05,5,5,178,-113.52805669973512,0.002165654829221339,0.004473476903058327,0.0007143255806269621
UAV_0058,telemetry_05,20,20,178,-113.5263675062931,0.002597196784434425,0.003517649223581998,-0.00010596887232738799
UAV_0058,telemetry_05,50,50,178,-113.52580403497346,0.0024977299177361386,0.0016960805671573098,-2.7277549285693105e-05
UAV_0058,telemetry_06,5,5,178,-134.18927431860817,0.7594885539581374,-1.461536502948121,-0.19261723577841963
UAV_0058,telemetry_06,20,20,178,-134.74257922606535,0.870972673849288,1.754595236187214,0.07330329075162474
UAV_0058,telemetry_06,50,50,178,-135.35790237484724,0.9763919560103647,0.6838037108909418,0.03830183616626762
UAV_0058,telemetry_07,5,5,178,140.5912754437698,0.0,0.0,0.0
UAV_0058,telemetry_07,20,20,178,140.59127544376983,2.9160058604848984e-14,0.0,0.0
UAV_0058,telemetry_07,50,50,178,140.59127544376977,2.8710262101646174e-14,0.0,0.0
UAV_0058,telemetry_08,5,5,178,-4680.605940223165,0.0,0.0,0.0
UAV_0058,telemetry_08,20,20,178,-4680.605940223164,9.331218753551675e-13,0.0,0.0
UAV_0058,telemetry_08,50,50,178,-4680.605940223166,9.187283872526776e-13,0.0,0.0
UAV_0058,telemetry_09,5,5,178,-150.93189286402924,11.34045309197386,2.710287587706773,-2.35294436425049
UAV_0058,telemetry_09,20,20,178,-149.35718201251393,8.213812481230477,-2.219799264622509,-0.5136435469780384
UAV_0058,telemetry_09,50,50,178,-151.39451847730305,10.199028621063176,11.586953332973536,0.15292346774608512
UAV_0058,telemetry_10,5,5,178,-59.680361405970096,5.7355186998939285,-1.1806057838798552,0.9634861715677439
UAV_0058,telemetry_10,20,20,178,-61.52204724234914,3.1616490276124916,1.1781653472905305,0.1483142500720765
UAV_0058,telemetry_10,50,50,178,-61.80797392738029,3.00082406324021,1.0306976323171924,0.009807618237624155
UAV_0058,telemetry_11,5,5,178,64.09704260736868,2.1423529621800967,-0.05395240416878977,0.4784190426046294
UAV_0058,telemetry_11,20,20,178,63.26947934269007,1.1025913121706388,0.22435653218704488,0.06905318663841474
UAV_0058,telemetry_11,50,50,178,62.94351950899798,0.9478408310057893,0.3600388159382675,0.026529032543951298
UAV_0058,telemetry_12,5,5,178,630.8554402355437,1.076171374696781,-0.39952696856835246,-0.06658782809472541
UAV_0058,telemetry_12,20,20,178,631.5279772993002,1.0356156614999055,-0.9322295933259284,-0.045159564617612724
UAV_0058,telemetry_12,50,50,178,632.9356439852226,1.7377504376815744,-4.661147966629869,-0.07814037661361503
UAV_0058,telemetry_13,5,5,178,7146.953013942855,1.3432064873004235,-0.14786748590995558,-0.27533517066622154
UAV_0058,telemetry_13,20,20,178,7146.252185636964,2.69442712697781,3.4452803199010305,0.17569662547370843
UAV_0058,telemetry_13,50,50,178,7143.18302327786,5.176504647851713,16.458950462996654,0.22388094872622966
UAV_0058,telemetry_14,5,5,178,-648.8153498138018,0.0,0.0,0.0
UAV_0058,telemetry_14,20,20,178,-648.8153498138018,0.0,0.0,0.0
UAV_0058,telemetry_14,50,50,178,-648.8153498138018,0.0,0.0,0.0
UAV_0058,telemetry_15,5,5,178,49897.857799544974,17.731705164996757,21.155328675151395,0.27754804384239834
UAV_0058,telemetry_15,20,20,178,49929.211476897784,27.49817619261268,-53.905997848640254,-3.338784713880115
UAV_0058,telemetry_15,50,50,178,49954.40112058356,31.559506709627822,-81.72247957602667,-1.652111672453881
UAV_0058,telemetry_16,5,5,178,-700.4958484265301,0.9499192771418197,0.0,0.0
UAV_0058,telemetry_16,20,20,178,-700.5825637958466,1.5384021195754294,0.0,-0.037815724965134065
UAV_0058,telemetry_16,50,50,178,-699.4552639947309,1.8868702214468716,-1.7343073863320342,-0.0712877369844019
UAV_0058,telemetry_17,5,5,178,40.41581228213972,4.1583447479068616e-14,0.0,0.0
UAV_0058,telemetry_17,20,20,178,40.41581228213973,2.1191258812204006e-14,0.0,0.0
UAV_0058,telemetry_17,50,50,178,40.415812282139726,1.8606376406409512e-14,0.0,0.0
UAV_0058,telemetry_18,5,5,178,-103.32984164966267,0.005731002284947606,0.012945360602387268,0.0022905344054748866
UAV_0058,telemetry_18,20,20,178,-103.32871839163833,0.0065609405119013454,0.001930549850911234,-2.2070915936371207e-06
UAV_0058,telemetry_18,50,50,178,-103.32656496456937,0.006542125361627478,0.004899856720868456,-0.000109482736509956
UAV_0058,telemetry_19,5,5,178,33507.89833275169,0.3767894007514332,1.0233097449599882,0.23152655696321744
UAV_0058,telemetry_19,20,20,178,33507.54379089688,0.44652821618366356,0.9601627027877839,0.05082219540221613
UAV_0058,telemetry_19,50,50,178,33506.87360798005,0.7515672229042316,2.3380626375146676,0.04145998762620411
UAV_0058,telemetry_20,5,5,178,-164.8973841769026,0.0,0.0,0.0
UAV_0058,telemetry_20,20,20,178,-164.89738417690256,2.9160058604848984e-14,0.0,0.0
UAV_0058,telemetry_20,50,50,178,-164.8973841769026,0.0,0.0,0.0
UAV_0058,telemetry_21,5,5,178,34964.76470156338,0.7883377283030932,1.6186913589699543,0.19129988787826732
UAV_0058,telemetry_21,20,20,178,34964.27909415569,0.6613738934237894,1.4715375990563189,0.06682772254388052
UAV_0058,telemetry_21,50,50,178,34963.54332535616,0.847813557156182,2.9430751981199137,0.04832578938767544
UAV_0058,telemetry_22,5,5,178,23225.16972891644,55.79003909300741,-96.00423376675826,-9.906354925856068
UAV_0058,telemetry_22,20,20,178,23204.264406389084,56.70171759271505,-53.61086195169628,2.4868850313650306
UAV_0058,telemetry_22,50,50,178,23167.30204798043,69.72896845139029,53.028135191347246,2.3741323553296656
UAV_0058,telemetry_23,5,5,178,-17354.925230245917,18.166459243903056,39.968572137102456,9.076143982801295
UAV_0058,telemetry_23,20,20,178,-17360.369707647656,11.91120103312282,28.487781768450077,1.272021638293228
UAV_0058,telemetry_23,50,50,178,-17368.415121913476,11.438851168004668,36.17246204024195,0.5630547946578202
UAV_0058,telemetry_24,5,5,178,-3696.6285280961297,154.11581222605645,-6.268352122685883,-35.685123117972125
UAV_0058,telemetry_24,20,20,178,-3647.470943435819,76.5060249805767,4.644286743925932,-4.1221352491967584
UAV_0058,telemetry_24,50,50,178,-3632.842436589762,70.23507910989748,5.352545158374596,-1.3446725577227627
UAV_0058,telemetry_25,5,5,178,-174.49698631166387,0.3474897658960839,-0.3646022904040649,-0.12761080164142696
UAV_0058,telemetry_25,20,20,178,-174.21593871281075,0.36953621306474854,-1.215340968013635,-0.043884774427710584
UAV_0058,telemetry_25,50,50,178,-173.70033030713094,0.5863019295593583,-2.0660796456231765,-0.03520695426066913
UAV_0058,telemetry_26,5,5,178,-7440.046104163045,3.7599788107984695,3.014030847007234,0.37316572391528097
UAV_0058,telemetry_26,20,20,178,-7445.492888479423,4.783251127391447,14.496053121318255,0.5750723374042249
UAV_0058,telemetry_26,50,50,178,-7451.642946660099,6.938041516674372,22.102892878049715,0.4049445982889976
UAV_0058,telemetry_27,5,5,178,969.0302044744709,1.2710574864626038e-13,0.0,0.0
UAV_0058,telemetry_27,20,20,178,969.0302044744709,1.1664023441939594e-13,0.0,0.0
UAV_0058,telemetry_27,50,50,178,969.0302044744708,0.0,0.0,0.0
UAV_0058,telemetry_28,5,5,178,-9939.056512371812,32.71073930950739,-28.82466616336751,-6.038066694992267
UAV_0058,telemetry_28,20,20,178,-9915.217762785982,32.91498825440649,-64.86964690638342,-1.7036653838206235
UAV_0058,telemetry_28,50,50,178,-9874.071830475801,47.26049434390433,-120.64600239610081,-2.550936458564921
UAV_0059,telemetry_01,5,5,299,93.3740591515897,13.613766628251591,-23.160041707675248,-4.4454465963177565
UAV_0059,telemetry_01,20,20,299,90.97131103251029,10.53764265028983,10.900722236479567,0.1894666978180599
UAV_0059,telemetry_01,50,50,299,87.60396151342931,11.290749746296207,-4.39032703171037,0.13266520124840914
UAV_0059,telemetry_02,5,5,299,15.654955050585176,4.895786613926538,-3.5135376364879995,-0.7093466116675913
UAV_0059,telemetry_02,20,20,299,10.642802360315693,8.559367981608396,2.779441219706605,0.20599305497860024
UAV_0059,telemetry_02,50,50,299,13.262215378985802,7.274893839608765,10.148628634448677,-0.13187983057183747
UAV_0059,telemetry_03,5,5,299,30377.82504938608,0.0,0.0,0.0
UAV_0059,telemetry_03,20,20,299,30377.825049386087,7.46497500284134e-12,0.0,0.0
UAV_0059,telemetry_03,50,50,299,30377.82504938608,0.0,0.0,0.0
UAV_0059,telemetry_04,5,5,299,-125.89462108695223,0.04048797136129785,0.029869117573639414,-0.0008534033592496826
UAV_0059,telemetry_04,20,20,299,-125.88594481946654,0.036302287562170986,0.0213350839811568,-0.002357018801730334
UAV_0059,telemetry_04,50,50,299,-125.88759473262773,0.0366506711182049,-0.04551484582650289,6.727509474649482e-05
UAV_0059,telemetry_05,5,5,299,-113.52679885739303,0.0025915686768357457,-7.107587943266935e-05,-0.00027818293499422
UAV_0059,telemetry_05,20,20,299,-113.52618758014671,0.002528770389738942,-0.0021276459507930667,-7.52767011166147e-06
UAV_0059,telemetry_05,50,50,299,-113.52543492138929,0.0024560967408519038,-0.0011698277161400483,-3.488000222939079e-05
UAV_0059,telemetry_06,5,5,299,-143.83341141766795,0.6667109442128145,-1.3538311565441177,-0.20626826224127512
UAV_0059,telemetry_06,20,20,299,-142.72360801399398,1.1223579130089834,-1.5141367884013448,-0.11412077327109613
UAV_0059,telemetry_06,50,50,299,-142.10391403196843,1.1444126025716925,-3.4102518402124247,-0.049791328575602097
UAV_0059,telemetry_07,5,5,299,140.7631728418209,0.0,0.0,0.0
UAV_0059,telemetry_07,20,20,299,140.71590105735686,0.04386974462615321,0.08594869902555047,0.005492961967798338
UAV_0059,telemetry_07,50,50,299,140.69269490861996,0.03335565307706638,0.08594869902555047,0.0014651518921522408
UAV_0059,telemetry_08,5,5,299,-4680.605940223165,0.0,0.0,0.0
UAV_0059,telemetry_08,20,20,299,-4680.605940223164,9.331218753551675e-13,0.0,0.0
UAV_0059,telemetry_08,50,50,299,-4680.605940223166,9.187283872526776e-13,0.0,0.0
UAV_0059,telemetry_09,5,5,299,-145.95483979279373,5.393365156123181,8.411126046379593,2.0670916689335543
UAV_0059,telemetry_09,20,20,299,-152.80580470516682,8.490971544256421,21.901805525663036,0.32459985001877567
UAV_0059,telemetry_09,50,50,299,-152.99847477130427,9.296550442933848,15.472355543503511,0.009872743162645987
UAV_0059,telemetry_10,5,5,299,-61.77976910843297,1.11036273555774,-0.2753248701035744,0.014904585061553632
UAV_0059,telemetry_10,20,20,299,-62.01938191103339,1.017790010404562,1.5578633443969636,0.023762118508805156
UAV_0059,telemetry_10,50,50,299,-62.29821598855564,1.0353710857075384,0.8661701624097518,0.009001074771313837
UAV_0059,telemetry_11,5,5,299,61.624302219682264,0.06451010608106185,0.07264878185105061,0.007905896848497917
UAV_0059,telemetry_11,20,20,299,61.65053056665937,0.11898796053273208,-0.22595907884552702,-0.009483541779449794
UAV_0059,telemetry_11,50,50,299,61.76957841609558,0.15020190881787884,-0.32050933169578144,-0.007680937517645895
UAV_0059,telemetry_12,5,5,299,646.1173704348513,1.7158483023408806,-0.13317565618945082,0.2663513123788334
UAV_0059,telemetry_12,20,20,299,645.7577961631398,1.6701399924102118,-1.8644591866518567,0.08531252561909179
UAV_0059,telemetry_12,50,50,299,644.5006179687117,1.8851189603932028,2.263986155220209,0.07765435741215469
UAV_0059,telemetry_13,5,5,299,7143.408262738392,2.8053559763874314,0.11401859271791182,-0.09332453511096901
UAV_0059,telemetry_13,20,20,299,7142.183765957326,2.86859811158061,3.7105600765189592,0.226163258684672
UAV_0059,telemetry_13,50,50,299,7139.558815366497,3.183006704216348,11.698201582084039,0.14316455874002107
UAV_0059,telemetry_14,5,5,299,-648.8153498138018,0.0,0.0,0.0
UAV_0059,telemetry_14,20,20,299,-648.8153498138018,0.0,0.0,0.0
UAV_0059,telemetry_14,50,50,299,-648.8153498138018,0.0,0.0,0.0
UAV_0059,telemetry_15,5,5,299,50318.46027291915,11.779161522719864,-19.55171775517374,-1.603610919982748
UAV_0059,telemetry_15,20,20,299,50286.64401549327,35.573566662453416,78.20687102068041,5.059999951187069
UAV_0059,telemetry_15,50,50,299,50234.67283589692,52.90573118012622,133.77815713237942,3.3764472915227346
UAV_0059,telemetry_16,5,5,299,-701.5364328583291,2.1240840768266174,-1.7343073863319205,0.1734307386332034
UAV_0059,telemetry_16,20,20,299,-701.1895713810627,1.3315524701640136,-1.7343073863319205,-0.020863848256623154
UAV_0059,telemetry_16,50,50,299,-699.9408700629037,1.8487477013588542,-5.202922158995875,-0.07361957884837737
UAV_0059,telemetry_17,5,5,299,40.41581228213973,0.0,0.0,0.0
UAV_0059,telemetry_17,20,20,299,40.41581228213974,7.290014651212246e-15,0.0,0.0
UAV_0059,telemetry_17,50,50,299,40.41581228213974,7.177565525411544e-15,0.0,0.0
UAV_0059,telemetry_18,5,5,299,-103.32552991183638,0.0025512492961282524,-0.00021455120753444135,0.0004382360153584841
UAV_0059,telemetry_18,20,20,299,-103.32206531331974,0.021079411581106603,-0.09114247104287188,-0.0013326177242797593
UAV_0059,telemetry_18,50,50,299,-103.31380033723711,0.03242800794039972,0.00666386732449098,-0.00031086395039465754
UAV_0059,telemetry_19,5,5,299,33511.44722778523,0.3864395880421269,0.9489443387865322,0.193899477236846
UAV_0059,telemetry_19,20,20,299,33510.675970111246,0.7344104564946631,1.9592694207603927,0.10362975053427172
UAV_0059,telemetry_19,50,50,299,33509.47364031436,1.2507401860452594,4.774812449373712,0.08025046698119927
UAV_0059,telemetry_20,5,5,299,-164.8973841769026,0.0,0.0,0.0
UAV_0059,telemetry_20,20,20,299,-164.89738417690256,2.9160058604848984e-14,0.0,0.0
UAV_0059,telemetry_20,50,50,299,-164.8973841769026,0.0,0.0,0.0
UAV_0059,telemetry_21,5,5,299,34968.472976313,0.5264732964717729,0.8829225594381569,0.19129988787826732
UAV_0059,telemetry_21,20,20,299,34967.75928057746,0.7200727853694655,2.3544601584944758,0.10013094189114755
UAV_0059,telemetry_21,50,50,299,34966.50111593026,1.2845780001847864,3.8259977575580706,0.08295726969009853
UAV_0059,telemetry_22,5,5,299,23257.88983650978,83.52983371912752,214.2977661166915,39.377760830280025
UAV_0059,telemetry_22,20,20,299,23224.06983215629,73.77137810966029,279.5631632752775,5.73405322881098
UAV_0059,telemetry_22,50,50,299,23168.90163293758,72.1390721727924,231.34252385677246,3.0565942347886317
UAV_0059,telemetry_23,5,5,299,-17492.833025592532,8.319029166746914,-6.356371714558918,0.8076518751877302
UAV_0059,telemetry_23,20,20,299,-17477.460340853962,13.336407504045932,-40.969330446714594,-1.897677729026948
UAV_0059,telemetry_23,50,50,299,-17457.111987179807,22.09833060330568,-85.89311037694642,-1.4226274460620105
UAV_0059,telemetry_24,5,5,299,-3746.5366129589224,2.352100755445791,-4.790999201874456,-1.2830807330083644
UAV_0059,telemetry_24,20,20,299,-3737.3291053024645,7.419348780699505,-24.5551734965793,-1.1754039835419536
UAV_0059,telemetry_24,50,50,299,-3721.983005566685,14.753523982911926,-47.73986054183479,-0.9849331350375171
UAV_0059,telemetry_25,5,5,299,-174.41191244390296,0.1313889826087919,-0.030383524200345846,-0.021268466940242092
UAV_0059,telemetry_25,20,20,299,-174.11567308294963,0.2725574062240502,-0.09115057260103754,-0.03447273535211648
UAV_0059,telemetry_25,50,50,299,-173.65597036179847,0.5007910296079857,-1.1849574438133175,-0.029681748683397062
UAV_0059,telemetry_26,5,5,299,-7681.7426730373145,3.5398699446316373,-7.319789199873412,-1.951943786633001
UAV_0059,telemetry_26,20,20,299,-7659.101560365156,18.151880666414108,-48.22449355210938,-2.9383833130380084
UAV_0059,telemetry_26,50,50,299,-7628.615355974072,29.5812351583121,-93.14790570035711,-1.9681950522530018
UAV_0059,telemetry_27,5,5,299,969.0302044744709,1.2710574864626038e-13,0.0,0.0
UAV_0059,telemetry_27,20,20,299,969.0302044744709,1.1664023441939594e-13,0.0,0.0
UAV_0059,telemetry_27,50,50,299,969.0302044744708,0.0,0.0,0.0
UAV_0059,telemetry_28,5,5,299,-9907.641003412555,30.101498810056704,55.327897225810375,10.33274453936574
UAV_0059,telemetry_28,20,20,299,-9883.97833258442,39.076537445591455,-21.903376216734614,-3.273787645391287
UAV_0059,telemetry_28,50,50,299,-9851.65583490217,40.90870045077272,-95.0175667108997,-2.034075651358903
UAV_0060,telemetry_01,5,5,190,89.54274414394672,19.941878915838906,43.950741927890135,11.65458094219724
UAV_0060,telemetry_01,20,20,190,84.12953170005312,13.821889200836226,50.553786962552806,0.8179539620474169
UAV_0060,telemetry_01,50,50,190,86.59802375186824,12.407474810920663,34.265837191217514,-0.00525366041084178
UAV_0060,telemetry_02,5,5,190,12.11802451283746,6.278267499527763,6.405086618188083,1.1849340497255567
UAV_0060,telemetry_02,20,20,190,10.454609443542338,8.112906401036598,1.8660112731593266,0.2640284013044455
UAV_0060,telemetry_02,50,50,190,10.260065332178701,8.325040033493769,-7.2319935651878495,-0.016574063263895697
UAV_0060,telemetry_03,5,5,190,30377.82504938608,0.0,0.0,0.0
UAV_0060,telemetry_03,20,20,190,30377.825049386087,7.46497500284134e-12,0.0,0.0
UAV_0060,telemetry_03,50,50,190,30377.82504938608,0.0,0.0,0.0
UAV_0060,telemetry_04,5,5,190,-125.89035407015596,0.0229697829383297,0.03413613436990204,0.003555847330198958
UAV_0060,telemetry_04,20,20,190,-125.89405215137938,0.02141528291960062,0.001422338932101752,-0.00027377350873062007
UAV_0060,telemetry_04,50,50,190,-125.89504778863186,0.03097884074208793,-0.005689355728293322,0.0002198563756235831
UAV_0060,telemetry_05,5,5,190,-113.52606847943848,0.0032305818181717046,0.0045347940294391265,0.0014401779079307175
UAV_0060,telemetry_05,20,20,190,-113.52510329501858,0.002846379204929044,0.0017290520016786104,-6.052328367215473e-05
UAV_0060,telemetry_05,50,50,190,-113.525311892326,0.002755535533266343,-0.0008970251892606029,3.4193139444704546e-06
UAV_0060,telemetry_06,5,5,190,-143.03989853997476,0.4606681538750524,-1.1121203210094563,-0.19938012962242055
UAV_0060,telemetry_06,20,20,190,-141.9816935115548,1.1040239251448654,-3.7859681648777723,-0.13779937652932772
UAV_0060,telemetry_06,50,50,190,-140.85430658388648,1.3455901256328775,-3.5855861250562953,-0.06837255306232855
UAV_0060,telemetry_07,5,5,190,140.72879336221067,0.04707604124451628,0.08594869902555047,0.008594869902555046
UAV_0060,telemetry_07,20,20,190,140.6901164476492,0.031487095187570084,0.08594869902555047,0.0030372848527826105
UAV_0060,telemetry_07,50,50,190,140.66175337697075,0.044912716530837934,0.17189739805110094,0.0023153527084434004
UAV_0060,telemetry_08,5,5,190,-4680.605940223165,0.0,0.0,0.0
UAV_0060,telemetry_08,20,20,190,-4680.605940223164,9.331218753551675e-13,0.0,0.0
UAV_0060,telemetry_08,50,50,190,-4680.605940223166,9.187283872526776e-13,0.0,0.0
UAV_0060,telemetry_09,5,5,190,-151.97151151838014,11.488347058454995,-8.557044415026866,-4.620492594532794
UAV_0060,telemetry_09,20,20,190,-150.70096326915058,9.407056648030201,4.31847960431611,0.05967322900468501
UAV_0060,telemetry_09,50,50,190,-151.96223616952508,9.536674226389774,-12.775632891671137,-0.008174195670122009
UAV_0060,telemetry_10,5,5,190,-63.325155403761286,0.5299273389941952,-1.1635056562672759,-0.27590925556092644
UAV_0060,telemetry_10,20,20,190,-62.74046524068759,1.150710878650854,-3.0180202029257472,-0.09396211914719078
UAV_0060,telemetry_10,50,50,190,-62.62163509821048,1.173703687928401,-3.782500185102421,-0.0037270035171477127
UAV_0060,telemetry_11,5,5,190,61.57900356746926,0.16712537642291828,-0.0213672887797145,0.007211459963156841
UAV_0060,telemetry_11,20,20,190,61.71906614542032,0.1549810217124635,-0.21100197669971976,-0.018179064374955613
UAV_0060,telemetry_11,50,50,190,61.91278198549725,0.2058230901510882,-0.6308692012211949,-0.012009442334479474
UAV_0060,telemetry_12,5,5,190,645.4248570226664,1.8342499283524856,3.462567060924812,1.0654052495153337
UAV_0060,telemetry_12,20,20,190,644.685732130815,1.8447668552586152,5.59337755995557,0.1571072214745859
UAV_0060,telemetry_12,50,50,190,642.633495268936,2.508912912714422,9.588647245638185,0.13932124109208774
UAV_0060,telemetry_13,5,5,190,7144.648476261546,2.5999815363885057,5.188507052542263,0.8724023395325275
UAV_0060,telemetry_13,20,20,190,7140.460531894639,4.436417218212172,12.252283520879246,0.4910178811290259
UAV_0060,telemetry_13,50,50,190,7136.67849039979,4.968463051667956,17.499237652070406,0.235877909265657
UAV_0060,telemetry_14,5,5,190,-648.8153498138018,0.0,0.0,0.0
UAV_0060,telemetry_14,20,20,190,-648.8153498138018,0.0,0.0,0.0
UAV_0060,telemetry_14,50,50,190,-648.8153498138018,0.0,0.0,0.0
UAV_0060,telemetry_15,5,5,190,50317.79415761393,20.773612202434403,32.19557308579533,8.974053417593677
UAV_0060,telemetry_15,20,20,190,50252.24656125964,52.53639762752554,159.12754513671098,8.667799903552465
UAV_0060,telemetry_15,50,50,190,50163.197430099586,86.27065478673794,259.66161435100366,5.661494376067612
UAV_0060,telemetry_16,5,5,190,-701.8832943355956,0.7756058419436328,0.0,-0.17343073863319206
UAV_0060,telemetry_16,20,20,190,-699.9755562106304,1.770442671133782,-3.4686147726639547,-0.22689434979079834
UAV_0060,telemetry_16,50,50,190,-697.7556427561256,2.5433558659485582,-1.7343073863319205,-0.1406600324376788
UAV_0060,telemetry_17,5,5,190,40.41581228213973,0.0,0.0,0.0
UAV_0060,telemetry_17,20,20,190,40.41581228213974,7.290014651212246e-15,0.0,0.0
UAV_0060,telemetry_17,50,50,190,40.41581228213974,7.177565525411544e-15,0.0,0.0
UAV_0060,telemetry_18,5,5,190,-103.16808315038868,0.035521578955351615,0.0005431667678834629,-0.0005216033364902728
UAV_0060,telemetry_18,20,20,190,-103.14485329592462,0.03951273901707368,0.00506143950794069,-0.0010634353182708157
UAV_0060,telemetry_18,50,50,190,-103.13660499527498,0.04032165708873285,-0.08578245935487416,-0.00069928653987272
UAV_0060,telemetry_19,5,5,190,33511.07282010242,0.35513138755959595,0.4769331648203661,0.15921319697226863
UAV_0060,telemetry_19,20,20,190,33509.40282990522,1.4463573457414498,3.0248226926487405,0.22486612512160567
UAV_0060,telemetry_19,50,50,190,33507.44123393631,1.9551908467798857,6.592369740232243,0.1240788110138011
UAV_0060,telemetry_20,5,5,190,-164.8973841769026,0.0,0.0,0.0
UAV_0060,telemetry_20,20,20,190,-164.89738417690256,2.9160058604848984e-14,0.0,0.0
UAV_0060,telemetry_20,50,50,190,-164.8973841769026,0.0,0.0,0.0
UAV_0060,telemetry_21,5,5,190,34967.7077767615,0.5737109739525248,-0.4414612797263544,0.0294307519805443
UAV_0060,telemetry_21,20,20,190,34966.258312226426,1.2534465634930299,3.5316902377453516,0.19461914562023155
UAV_0060,telemetry_21,50,50,190,34964.22906187732,1.9919152807789724,6.769072955670708,0.12949530871722703
UAV_0060,telemetry_22,5,5,190,23239.621352572987,42.014154897379846,-50.40586476979661,-19.34652844343691
UAV_0060,telemetry_22,20,20,190,23185.158252734287,66.22162459989694,98.77218587840252,7.661432942161222
UAV_0060,telemetry_22,50,50,190,23103.784831102876,95.11368768892972,169.42780557016886,5.227968457803446
UAV_0060,telemetry_23,5,5,190,-17485.63652287154,13.170950170600742,-24.85243566619829,-7.463325447028183
UAV_0060,telemetry_23,20,20,190,-17465.399732161197,20.120798883163268,-68.96063589902042,-3.1475974526333377
UAV_0060,telemetry_23,50,50,190,-17431.343808719103,32.276364312196606,-114.04647528450732,-2.116486401588178
UAV_0060,telemetry_24,5,5,190,-3741.350617495249,8.410033224913777,-15.27843739378477,-4.291231698643832
UAV_0060,telemetry_24,20,20,190,-3722.3811472658626,15.161922090944273,-51.33307628182774,-2.4810261930702944
UAV_0060,telemetry_24,50,50,190,-3698.0393971532694,23.60086587382101,-83.70086774251422,-1.5659000612332952
UAV_0060,telemetry_25,5,5,190,-174.15669084062012,0.3864803387370854,-0.5772869598064858,-0.054690343560613995
UAV_0060,telemetry_25,20,20,190,-173.65384351510446,0.4846624508085847,-1.3672585890153641,-0.06663815044540987
UAV_0060,telemetry_25,50,50,190,-172.8659987325896,0.7966175553621018,-2.4002984118269524,-0.05062413074206181
UAV_0060,telemetry_26,5,5,190,-7670.94957209946,14.075944878168434,-21.815842321192576,-6.688277974786797
UAV_0060,telemetry_26,20,20,190,-7631.379652836613,30.762805060532994,-93.2914309787866,-5.097629400319156
UAV_0060,telemetry_26,50,50,190,-7581.639532344292,48.1698299491077,-169.64687910296198,-3.2187499284211905
UAV_0060,telemetry_27,5,5,190,969.0302044744709,1.2710574864626038e-13,0.0,0.0
UAV_0060,telemetry_27,20,20,190,969.0302044744709,1.1664023441939594e-13,0.0,0.0
UAV_0060,telemetry_27,50,50,190,969.0302044744708,0.0,0.0,0.0
UAV_0060,telemetry_28,5,5,190,-9925.701517524707,25.91259927151988,52.480917611772384,10.038378966806885
UAV_0060,telemetry_28,20,20,190,-9862.586173639096,54.730641037942675,-50.54018856509356,-6.949610841892217
UAV_0060,telemetry_28,50,50,190,-9811.769258530192,60.300948577261316,-180.97449845087976,-3.492455036535317
UAV_0061,telemetry_01,5,5,199,95.54507387288155,14.86320058015332,8.023436980661799,1.3166825786786318
UAV_0061,telemetry_01,20,20,199,89.55574042489427,11.758584205932708,11.146598475451896,0.5212624767760635
UAV_0061,telemetry_01,50,50,199,88.20038964753999,12.40769415524783,-20.33937058964659,0.12134492916835159
UAV_0061,telemetry_02,5,5,199,7.509084449673047,6.417657210881664,-17.411341144801636,-3.0277560626496447
UAV_0061,telemetry_02,20,20,199,10.511152316097931,6.875966421746986,-15.794135398568708,-0.4766756037591858
UAV_0061,telemetry_02,50,50,199,9.965013221718879,6.501390264808957,-7.913727206292769,0.006661748536815997
UAV_0061,telemetry_03,5,5,199,30377.82504938608,0.0,0.0,0.0
UAV_0061,telemetry_03,20,20,199,30377.825049386087,7.46497500284134e-12,0.0,0.0
UAV_0061,telemetry_03,50,50,199,30377.82504938608,7.275957614183426e-12,0.0,0.0
UAV_0061,telemetry_04,5,5,199,-125.90372405611751,0.03191558689707215,-0.05547121835104463,-0.01635689771889872
UAV_0061,telemetry_04,20,20,199,-125.90116384603975,0.023514937099875313,-0.04551484582647447,-0.0005924629837376567
UAV_0061,telemetry_04,50,50,199,-125.88360790820182,0.07272873678784508,-0.06542759087560057,-0.0013179882324953884
UAV_0061,telemetry_05,5,5,199,-113.52407901562863,0.0022418187084178916,-0.0027899277794460886,-0.0009842252046468047
UAV_0061,telemetry_05,20,20,199,-113.52542936531225,0.002569858979527862,-0.0026234871184129815,9.538756346013802e-05
UAV_0061,telemetry_05,50,50,199,-113.52504737041794,0.0023786114630368993,-0.0018429964245996189,-6.011913913280874e-06
UAV_0061,telemetry_06,5,5,199,-134.7310572587756,0.7529251613194508,0.5184885280382332,0.2490999232531294
UAV_0061,telemetry_06,20,20,199,-135.18485995958386,1.1104570413159818,3.221141290130902,0.12774072545144435
UAV_0061,telemetry_06,50,50,199,-135.6546431280679,0.9788824673060258,1.3325405648130868,0.0406991438653691
UAV_0061,telemetry_07,5,5,199,140.5912754437698,0.0,0.0,0.0
UAV_0061,telemetry_07,20,20,199,140.59127544376983,2.9160058604848984e-14,0.0,0.0
UAV_0061,telemetry_07,50,50,199,140.59127544376977,2.8710262101646174e-14,0.0,0.0
UAV_0061,telemetry_08,5,5,199,-4680.605940223165,0.0,0.0,0.0
UAV_0061,telemetry_08,20,20,199,-4680.605940223164,9.331218753551675e-13,0.0,0.0
UAV_0061,telemetry_08,50,50,199,-4680.605940223166,9.187283872526776e-13,0.0,0.0
UAV_0061,telemetry_09,5,5,199,-147.4946517549484,8.567959661271663,21.516376911475618,4.921099239568482
UAV_0061,telemetry_09,20,20,199,-152.70882963046046,11.802535495622022,28.09187488785139,0.4096160869982996
UAV_0061,telemetry_09,50,50,199,-153.03005357961604,10.611892003261321,21.56038287853525,0.028101808547385396
UAV_0061,telemetry_10,5,5,199,-62.26646417419622,1.1362400549352976,0.44968442780901086,-0.13331445867328712
UAV_0061,telemetry_10,20,20,199,-62.67873512253486,1.0418709764532779,1.2385505969113026,0.024915805378220596
UAV_0061,telemetry_10,50,50,199,-62.73236320844159,2.6345778279550696,1.184845060895121,0.025453064145997642
UAV_0061,telemetry_11,5,5,199,63.06862410474736,0.109622209086484,0.02724329319415375,0.024679218540578772
UAV_0061,telemetry_11,20,20,199,63.0240198894197,0.12799317867075444,0.16132303028688,0.007424731210185652
UAV_0061,telemetry_11,50,50,199,62.823303802966066,0.5440775020953433,0.32104351391528496,0.014430831669474228
UAV_0061,telemetry_12,5,5,199,629.3638728862222,0.9002910761791281,1.731283530462406,0.2130810499030531
UAV_0061,telemetry_12,20,20,199,631.1018151994942,1.3435325982297992,-0.39952696856823877,-0.11825597741330864
UAV_0061,telemetry_12,50,50,199,632.639994028482,1.7962348583362817,-5.460201903766347,-0.09655155136364366
UAV_0061,telemetry_13,5,5,199,7148.219408302914,3.531621558580694,1.4418590458553808,0.9525682250260615
UAV_0061,telemetry_13,20,20,199,7146.159127922093,3.399033237781595,0.2393782375884257,0.24103897661577314
UAV_0061,telemetry_13,50,50,199,7143.01775762293,4.355539590454637,17.838727404832753,0.18837815100711922
UAV_0061,telemetry_14,5,5,199,-648.8153498138018,0.0,0.0,0.0
UAV_0061,telemetry_14,20,20,199,-648.8153498138018,0.0,0.0,0.0
UAV_0061,telemetry_14,50,50,199,-648.8153498138018,0.0,0.0,0.0
UAV_0061,telemetry_15,5,5,199,50467.559082071675,26.824383424855775,-20.600232587465143,-0.12335468615201535
UAV_0061,telemetry_15,20,20,199,50386.35469217748,60.13846282486746,143.70820936765813,9.480688735720342
UAV_0061,telemetry_15,50,50,199,50276.47033775283,103.60874954316209,293.3374436706363,6.814959908447819
UAV_0061,telemetry_16,5,5,199,-701.8832943355953,3.7598888172846237,-5.2029221589957615,-1.56087664769874
UAV_0061,telemetry_16,20,20,199,-701.3630021196959,2.633215049391607,-5.2029221589957615,-0.16169482398884208
UAV_0061,telemetry_16,50,50,199,-700.3571038356234,2.255552317085903,-10.405844317991637,-0.07328645858209434
UAV_0061,telemetry_17,5,5,199,40.41581228213973,0.0,0.0,0.0
UAV_0061,telemetry_17,20,20,199,40.41581228213974,7.290014651212246e-15,0.0,0.0
UAV_0061,telemetry_17,50,50,199,40.41581228213974,1.498719681461722e-14,0.0,0.0
UAV_0061,telemetry_18,5,5,199,-103.32879230064634,0.002947542844914374,-0.00442067608740615,-0.0005191178347132563
UAV_0061,telemetry_18,20,20,199,-103.32696631270237,0.006093037574912627,-0.0018400862891496672,-0.0003673565440099946
UAV_0061,telemetry_18,50,50,199,-103.3270180644429,0.005760047332880423,0.0028731543212501265,1.7445222107389995e-05
UAV_0061,telemetry_19,5,5,199,33506.15505172372,0.4059712213666917,-0.5631886024857522,-0.0615106051445764
UAV_0061,telemetry_19,20,20,199,33506.04152051299,0.42242578714731494,0.355500436584407,0.02943711415293939
UAV_0061,telemetry_19,50,50,199,33505.63203912619,0.5509754710635582,0.001668862794758752,0.02437647559791324
UAV_0061,telemetry_20,5,5,199,-164.8973841769026,0.0,0.0,0.0
UAV_0061,telemetry_20,20,20,199,-164.89738417690256,2.9160058604848984e-14,0.0,0.0
UAV_0061,telemetry_20,50,50,199,-164.8973841769026,0.0,0.0,0.0
UAV_0061,telemetry_21,5,5,199,34962.79284118064,0.5033433022659571,1.1772300792436,0.19129988787681212
UAV_0061,telemetry_21,20,20,199,34962.43231446887,0.4944914901940538,1.0300763193445164,0.04370356027277176
UAV_0061,telemetry_21,50,50,199,34962.23954304339,0.5375707540188959,1.4715375990563189,0.015376066341188063
UAV_0061,telemetry_22,5,5,199,23231.142678209973,44.11226180093939,56.378814063336904,12.645170699476875
UAV_0061,telemetry_22,20,20,199,23212.04380863968,69.07707208980628,98.18945911805349,5.67391845598617
UAV_0061,telemetry_22,50,50,199,23182.540352763437,66.44569552617259,111.1551295357167,2.0089662462062297
UAV_0061,telemetry_23,5,5,199,-17546.865209684678,5.53882508056872,-8.544326323313726,-1.9347559722329606
UAV_0061,telemetry_23,20,20,199,-17516.895141577712,23.22219644121467,-72.71675979852807,-3.6496240034137712
UAV_0061,telemetry_23,50,50,199,-17476.20127381458,39.29480891323063,-138.43390270886448,-2.61939293379802
UAV_0061,telemetry_24,5,5,199,-3629.418812240805,2.386756752667465,-6.0964257939626805,-1.2553577492491967
UAV_0061,telemetry_24,20,20,199,-3632.61643471976,4.1697934621606745,1.7298295874247742,0.3936037682292446
UAV_0061,telemetry_24,50,50,199,-3628.100670138841,50.72382162215443,4.440664753765759,-0.4925428600511679
UAV_0061,telemetry_25,5,5,199,-174.33899198582213,0.17794476114558927,0.21268466940236408,0.06380540082071207
UAV_0061,telemetry_25,20,20,199,-173.87868159418696,0.3787050809775751,-0.6684375324075233,-0.0505554428987625
UAV_0061,telemetry_25,50,50,199,-173.42748625981187,0.5156255039617604,-1.2761080164143266,-0.028073938663287504
UAV_0061,telemetry_26,5,5,199,-7444.150927126111,2.590223727212955,3.875182517581379,0.358813196072515
UAV_0061,telemetry_26,20,20,199,-7450.3512191542395,7.094273180185968,7.032738643017183,0.7625185093072809
UAV_0061,telemetry_26,50,50,199,-7455.400438449369,6.932834001351682,17.510083968327308,0.3360455726729799
UAV_0061,telemetry_27,5,5,199,969.0302044744709,1.2710574864626038e-13,0.0,0.0
UAV_0061,telemetry_27,20,20,199,969.0302044744709,1.1664023441939594e-13,0.0,0.0
UAV_0061,telemetry_27,50,50,199,969.0302044744708,0.0,0.0,0.0
UAV_0061,telemetry_28,5,5,199,-9918.082170519492,43.910998454375935,-31.950783713367855,-13.637704815190773
UAV_0061,telemetry_28,20,20,199,-9899.161321682328,29.739581199970626,-18.18796476341595,-2.4587217773603998
UAV_0061,telemetry_28,50,50,199,-9867.730987188,40.85847550377667,-90.0398909626474,-2.066496515420736
UAV_0062,telemetry_01,5,5,246,85.30185730867235,9.231631645642802,-13.683083782180546,-1.549480523479069
UAV_0062,telemetry_01,20,20,246,83.12516274283287,10.489927831345282,-29.579619576705525,0.20252062744043817
UAV_0062,telemetry_01,50,50,246,84.29701944360944,11.160337948360372,-24.571910907593463,0.0200643301344509
UAV_0062,telemetry_02,5,5,246,9.90429085046144,6.168233719417541,13.006310118249953,3.338211204389533
UAV_0062,telemetry_02,20,20,246,10.358251279410002,7.802583425735502,16.788918047579696,-0.05065968662547605
UAV_0062,telemetry_02,50,50,246,9.376019497603316,7.532019105743688,18.12140415994969,0.11781633170999783
UAV_0062,telemetry_03,5,5,246,30377.82504938608,0.0,0.0,0.0
UAV_0062,telemetry_03,20,20,246,30377.825049386087,7.46497500284134e-12,0.0,0.0
UAV_0062,telemetry_03,50,50,246,30377.82504938608,9.667188214858613e-12,0.0,0.0
UAV_0062,telemetry_04,5,5,246,-125.88978513458315,0.027348141793179404,0.0625829130114397,0.015076792680029882
UAV_0062,telemetry_04,20,20,246,-125.88651375503937,0.038064511091101774,0.06542759087560057,0.00035505001913459667
UAV_0062,telemetry_04,50,50,246,-125.89581266122266,0.10908477233915184,0.028446778641551873,-0.000253979791485212
UAV_0062,telemetry_05,5,5,246,-113.52568766027377,0.002000759788705383,-0.0033638631157089094,-0.0006715932688308613
UAV_0062,telemetry_05,20,20,246,-113.5264273513039,0.0021373552133003106,0.00015138889452259718,-8.860263582262707e-06
UAV_0062,telemetry_05,50,50,246,-113.52678140272639,0.002498425101880352,0.0009853758864011297,2.064699420662557e-06
UAV_0062,telemetry_06,5,5,246,-143.53434122323432,0.3504486619564434,-0.5523029972580389,-0.10206960153408318
UAV_0062,telemetry_06,20,20,246,-142.87214120101166,0.7870468392667134,-2.131563948601354,-0.08069426175988997
UAV_0062,telemetry_06,50,50,246,-141.6177120600965,1.322914220382723,-3.378942146490317,-0.07754201596018738
UAV_0062,telemetry_07,5,5,246,140.71160362240556,0.04707604124451628,0.08594869902555047,0.008594869902555046
UAV_0062,telemetry_07,20,20,246,140.6901164476492,0.031487095187570084,0.08594869902555047,0.002649546360938022
UAV_0062,telemetry_07,50,50,246,140.67206722085382,0.03646494474907701,0.17189739805110094,0.001580713168152981
UAV_0062,telemetry_08,5,5,246,-4680.605940223165,0.0,0.0,0.0
UAV_0062,telemetry_08,20,20,246,-4680.605940223164,9.331218753551675e-13,0.0,0.0
UAV_0062,telemetry_08,50,50,246,-4680.605940223166,9.187283872526776e-13,0.0,0.0
UAV_0062,telemetry_09,5,5,246,-150.77774934085954,12.447126643692238,26.812420453794232,4.611547958661907
UAV_0062,telemetry_09,20,20,246,-152.2644046742676,12.199587092465745,24.64729583025104,0.5805866328029927
UAV_0062,telemetry_09,50,50,246,-153.9170942462533,10.119390792174093,16.504501372184677,0.14796051466791663
UAV_0062,telemetry_10,5,5,246,-63.00652425386704,1.2043149463092393,-1.096039619292533,-0.10744970555886865
UAV_0062,telemetry_10,20,20,246,-62.69410736922731,1.3060467991926996,-1.279057016995175,-0.0789436174117651
UAV_0062,telemetry_10,50,50,246,-62.526793189729105,2.6329161752562875,-1.9757569569571203,-0.03648574847022918
UAV_0062,telemetry_11,5,5,246,61.546845797855795,0.07385153706509925,-0.13354555487324404,-0.012606700380033687
UAV_0062,telemetry_11,20,20,246,61.70360157016599,0.1289922110773193,-0.4252090467164109,-0.01444581345000285
UAV_0062,telemetry_11,50,50,246,62.02284809693255,0.9006433229955827,-0.6880266987069419,-0.01543323793659622
UAV_0062,telemetry_12,5,5,246,646.197275828565,1.5201871361162151,2.5303374675988834,0.6525607153281499
UAV_0062,telemetry_12,20,20,246,645.0719415337643,1.414208775167344,3.7289183733037135,0.17873574909632733
UAV_0062,telemetry_12,50,50,246,643.2594208530262,2.1990588950966115,3.8620940294931643,0.11978454819130893
UAV_0062,telemetry_13,5,5,246,7145.078025908139,0.7453139458059562,1.2447365523876215,0.22842016811555368
UAV_0062,telemetry_13,20,20,246,7141.86791999384,3.0174926499341685,4.239376850283406,0.34978880636238097
UAV_0062,telemetry_13,50,50,246,7138.266888638654,4.293492477043432,6.741658246060979,0.2057345386752518
UAV_0062,telemetry_14,5,5,246,-648.8153498138018,0.0,0.0,0.0
UAV_0062,telemetry_14,20,20,246,-648.8153498138018,0.0,0.0,0.0
UAV_0062,telemetry_14,50,50,246,-648.8153498138018,0.0,0.0,0.0
UAV_0062,telemetry_15,5,5,246,50326.19461174092,20.787625425427525,43.790913584132795,6.593307974850177
UAV_0062,telemetry_15,20,20,246,50269.85852657507,43.10569825202964,113.05456985876663,6.650301549769013
UAV_0062,telemetry_15,50,50,246,50190.63768003421,76.13112766093698,231.96848730977945,4.9729916021136376
UAV_0062,telemetry_16,5,5,246,-701.5364328583291,1.7343073863319205,3.468614772663841,0.5202922158995762
UAV_0062,telemetry_16,20,20,246,-700.9294252731129,1.889394063087,-1.7343073863320342,-0.14213496624825975
UAV_0062,telemetry_16,50,50,246,-698.865599483378,2.507381513001931,-3.4686147726639547,-0.13832819057370374
UAV_0062,telemetry_17,5,5,246,40.41581228213973,0.0,0.0,0.0
UAV_0062,telemetry_17,20,20,246,40.41581228213974,7.290014651212246e-15,0.0,0.0
UAV_0062,telemetry_17,50,50,246,40.41581228213974,2.062847815906981e-14,0.0,0.0
UAV_0062,telemetry_18,5,5,246,-103.17122980071663,0.04005342279030456,-0.0035745361912375984,0.007479685926023194
UAV_0062,telemetry_18,20,20,246,-103.15679591500466,0.0209362990109745,0.0012774587587500719,-0.0009147254587830495
UAV_0062,telemetry_18,50,50,246,-103.15376003114879,0.01870592945573395,0.0019392252818448696,-0.00018809236961355797
UAV_0062,telemetry_19,5,5,246,33511.4457602036,0.3639350223383471,0.8337795169354649,0.22670083638440702
UAV_0062,telemetry_19,20,20,246,33510.0550506368,1.1102466902968686,3.464242095084046,0.1788276275661113
UAV_0062,telemetry_19,50,50,246,33508.1845575109,1.795431649436161,5.923769317021652,0.11864227582169484
UAV_0062,telemetry_20,5,5,246,-164.8973841769026,0.0,0.0,0.0
UAV_0062,telemetry_20,20,20,246,-164.89738417690256,2.9160058604848984e-14,0.0,0.0
UAV_0062,telemetry_20,50,50,246,-164.8973841769026,0.0,0.0,0.0
UAV_0062,telemetry_21,5,5,246,34968.09037653725,0.5139859866434664,0.29430751981271897,0.07357687995317974
UAV_0062,telemetry_21,20,20,246,34966.77335038609,1.0983740175359382,3.2373827179253567,0.1729333283705068
UAV_0062,telemetry_21,50,50,246,34964.95011530085,1.8045150541352406,4.7089203169889515,0.11866281345020525
UAV_0062,telemetry_22,5,5,246,23259.638016790817,80.88387288894387,58.27267603444852,24.372546751408663
UAV_0062,telemetry_22,20,20,246,23204.21341779755,79.02955936567677,270.093853419683,8.475278774747485
UAV_0062,telemetry_22,50,50,246,23129.51513120589,97.0234520464305,269.80249003951394,5.150367161855088
UAV_0062,telemetry_23,5,5,246,-17496.487629558418,5.916562141815995,-11.625208848076,-2.1660317595960805
UAV_0062,telemetry_23,20,20,246,-17472.597572643648,17.285795595798827,-61.714124456473655,-2.8095771125820885
UAV_0062,telemetry_23,50,50,246,-17440.771201975997,30.663218186319682,-107.17603303705619,-2.011723173765097
UAV_0062,telemetry_24,5,5,246,-3745.205849028172,2.402877176634001,-4.749860176421862,-1.3300587493878537
UAV_0062,telemetry_24,20,20,246,-3728.1539276792523,13.219675967491277,-45.18187927281406,-2.1846488167338896
UAV_0062,telemetry_24,50,50,246,-3719.294268896015,67.85587655526886,-73.01789409329831,-1.0283873985719425
UAV_0062,telemetry_25,5,5,246,-174.770438029467,0.45807634384006046,0.15191762100172923,-0.0881122201809859
UAV_0062,telemetry_25,20,20,246,-173.98958145751817,0.6277206532017588,-1.5495597342174108,-0.08658162159345355
UAV_0062,telemetry_25,50,50,246,-173.21783994282956,0.8240843330905461,-3.0991194684347647,-0.05144846165073823
UAV_0062,telemetry_26,5,5,246,-7673.87748777941,9.176306382686729,-23.39462038390957,-5.037737272854156
UAV_0062,telemetry_26,20,20,246,-7642.065109815645,26.2283117381499,-88.12452095534536,-4.327664842732506
UAV_0062,telemetry_26,50,50,246,-7597.062758764264,43.984762330709266,-160.60478656194027,-2.9566276276055117
UAV_0062,telemetry_27,5,5,246,969.0302044744709,1.2710574864626038e-13,0.0,0.0
UAV_0062,telemetry_27,20,20,246,969.0302044744709,1.1664023441939594e-13,0.0,0.0
UAV_0062,telemetry_27,50,50,246,969.0302044744708,0.0,0.0,0.0
UAV_0062,telemetry_28,5,5,246,-9881.05335468419,20.978553759247106,9.187121129609295,-3.1026448931477715
UAV_0062,telemetry_28,20,20,246,-9858.128524426646,27.71009541551151,-61.89695253031459,-3.6077882902220413
UAV_0062,telemetry_28,50,50,246,-9817.551253679248,49.63897573412042,-85.31427367110518,-2.924001770757875
UAV_0063,telemetry_01,5,5,231,88.66726618129887,3.7968334102953243,-4.5666271641770635,-0.857539992400308
UAV_0063,telemetry_01,20,20,231,91.84426420964476,7.847956673659997,-11.629834611129255,-0.35816370897575683
UAV_0063,telemetry_01,50,50,231,88.83512793951333,8.7074570935614,2.2314014395538777,0.13373319071743042
UAV_0063,telemetry_02,5,5,231,8.960811230823543,6.533600899850899,6.271508341089524,0.5715952235846867
UAV_0063,telemetry_02,20,20,231,10.179729556554875,6.121970644041751,1.9770589442826596,-0.038280856637738114
UAV_0063,telemetry_02,50,50,231,10.020211139987296,6.457997642804636,-1.7604332204573687,-0.030737504015295552
UAV_0063,telemetry_03,5,5,231,30377.82504938608,0.0,0.0,0.0
UAV_0063,telemetry_03,20,20,231,30377.825049386087,1.0457628036216096e-11,0.0,0.0
UAV_0063,telemetry_03,50,50,231,30377.82504938608,9.667188214858613e-12,0.0,0.0
UAV_0063,telemetry_04,5,5,231,-125.89120747351521,0.02938085427092495,-0.04409250689444377,-0.012516582602293625
UAV_0063,telemetry_04,20,20,231,-125.91057217419602,0.08261306169904806,-0.028446778641566084,0.0005869888774818454
UAV_0063,telemetry_04,50,50,231,-125.89583184796494,0.08307496561217806,-0.05689355728314638,-0.0009485076279691618
UAV_0063,telemetry_05,5,5,231,-113.52553225312428,0.003459552492142444,0.005260067291260384,0.0015963163073095643
UAV_0063,telemetry_05,20,20,231,-113.5261750173889,0.0029027230004320167,0.0008582938257575279,-5.586793073405474e-05
UAV_0063,telemetry_05,50,50,231,-113.52625949344066,0.0025515513874882537,0.004281399659419094,-1.8994239848661663e-06
UAV_0063,telemetry_06,5,5,231,-134.68121222636995,0.6833708578677566,0.146529366619518,-0.03919973654006981
UAV_0063,telemetry_06,20,20,231,-135.2449745715303,0.7098979144919845,1.650647053029786,0.058328311525678224
UAV_0063,telemetry_06,50,50,231,-135.5814535880231,0.9505509190226963,2.1879213973011815,0.033209113393697316
UAV_0063,telemetry_07,5,5,231,140.5912754437698,0.0,0.0,0.0
UAV_0063,telemetry_07,20,20,231,140.59127544376983,2.9160058604848984e-14,0.0,0.0
UAV_0063,telemetry_07,50,50,231,140.59127544376977,2.8710262101646174e-14,0.0,0.0
UAV_0063,telemetry_08,5,5,231,-4680.605940223165,0.0,0.0,0.0
UAV_0063,telemetry_08,20,20,231,-4680.605940223164,9.331218753551675e-13,0.0,0.0
UAV_0063,telemetry_08,50,50,231,-4680.605940223166,9.187283872526776e-13,0.0,0.0
UAV_0063,telemetry_09,5,5,231,-157.4055201659813,8.130785748196399,-15.909798447782435,-3.5385335594830054
UAV_0063,telemetry_09,20,20,231,-152.57274195939448,11.345163351273614,1.0709733218549218,0.12046451866291874
UAV_0063,telemetry_09,50,50,231,-154.43663633115656,10.395017025281701,-11.914782170553138,0.07944332781462712
UAV_0063,telemetry_10,5,5,231,-62.600159221200386,1.7127373914210327,2.58731531539361,0.7315425666298054
UAV_0063,telemetry_10,20,20,231,-62.878239368579855,3.1765899521099232,0.37667421586714056,0.009094679861056248
UAV_0063,telemetry_10,50,50,231,-63.04416079362419,2.8723987029532663,1.1936668456845752,0.012679817259930958
UAV_0063,telemetry_11,5,5,231,63.1106108271995,0.06918288770116593,0.02243565321870733,0.023717690545488068
UAV_0063,telemetry_11,20,20,231,62.803100499245396,1.1081314901105128,0.23984781655234855,0.020544702787566746
UAV_0063,telemetry_11,50,50,231,62.75986808560035,0.8796241567518335,0.36377809147471396,0.008304324928066646
UAV_0063,telemetry_12,5,5,231,630.9886158917332,1.272507158390573,0.7990539371363639,0.06658782809467993
UAV_0063,telemetry_12,20,20,231,631.4081192087299,1.4731767414721681,-2.530337467598997,-0.06658782809470704
UAV_0063,telemetry_12,50,50,231,632.5787332266349,1.7789449483936575,-1.9976348428414212,-0.07656720919836398
UAV_0063,telemetry_13,5,5,231,7147.233017847024,3.7282819531266336,-6.135797449620441,-0.3811136542686654
UAV_0063,telemetry_13,20,20,231,7144.519221035135,3.906204405832254,-5.119810672579661,0.1330232011872904
UAV_0063,telemetry_13,50,50,231,7142.971105835838,3.792250638056495,7.1516961450788585,0.11909504412564091
UAV_0063,telemetry_14,5,5,231,-648.8153498138018,0.0,0.0,0.0
UAV_0063,telemetry_14,20,20,231,-648.8153498138018,0.0,0.0,0.0
UAV_0063,telemetry_14,50,50,231,-648.8153498138018,0.0,0.0,0.0
UAV_0063,telemetry_15,5,5,231,49984.87219515695,34.24138673102834,84.00454126985278,16.43084419551378
UAV_0063,telemetry_15,20,20,231,49998.68175227173,23.508230195742854,-5.427606190707593,-1.3696080078298165
UAV_0063,telemetry_15,50,50,231,49993.59953920224,21.0704893692903,29.173383275061497,0.2155375098378437
UAV_0063,telemetry_16,5,5,231,-702.230155812862,1.5512116838872656,0.0,-0.3468614772663841
UAV_0063,telemetry_16,20,20,231,-701.5364328583291,1.3782877501761206,-3.468614772663841,-0.09910327921896689
UAV_0063,telemetry_16,50,50,231,-700.0102423583569,1.9394894074467077,-5.202922158995875,-0.08994247189620755
UAV_0063,telemetry_17,5,5,231,40.41581228213973,0.0,0.0,0.0
UAV_0063,telemetry_17,20,20,231,40.41581228213975,2.417824331426461e-14,0.0,0.0
UAV_0063,telemetry_17,50,50,231,40.41581228213974,1.9942785408477145e-14,0.0,0.0
UAV_0063,telemetry_18,5,5,231,-103.32551145947843,0.0044912127196539186,0.008930237422489995,0.0025956179330506755
UAV_0063,telemetry_18,20,20,231,-103.32617005866659,0.006446380353179144,0.002181722938985331,5.424979472979287e-05
UAV_0063,telemetry_18,50,50,231,-103.32748585152598,0.005566628771265844,0.01648935995586953,0.00010886042735901184
UAV_0063,telemetry_19,5,5,231,33507.89058707172,0.3955376659476634,0.02543636007612804,0.01958698614835157
UAV_0063,telemetry_19,20,20,231,33507.17010377993,0.6289823187959569,2.163184092431038,0.08015141965370823
UAV_0063,telemetry_19,50,50,231,33506.66046116173,0.7207945759062238,2.4986228269699495,0.035154809715788944
UAV_0063,telemetry_20,5,5,231,-164.8973841769026,0.0,0.0,0.0
UAV_0063,telemetry_20,20,20,231,-164.89738417690256,2.9160058604848984e-14,0.0,0.0
UAV_0063,telemetry_20,50,50,231,-164.8973841769026,0.0,0.0,0.0
UAV_0063,telemetry_21,5,5,231,34963.99950201186,0.49902267896965025,0.588615039618162,0.0882922559430881
UAV_0063,telemetry_21,20,20,231,34963.82291749997,0.45443697407213457,0.8829225594308809,0.015711153313091735
UAV_0063,telemetry_21,50,50,231,34963.20192863317,0.733717800803497,3.090228958018997,0.03656762100904413
UAV_0063,telemetry_22,5,5,231,23237.931444967984,71.87811168765984,-176.12916331412998,-32.63269857929299
UAV_0063,telemetry_22,20,20,231,23224.86379736726,61.627331705176424,-63.37153518746709,0.6335510492166208
UAV_0063,telemetry_22,50,50,231,23179.24211929989,74.36582771836845,75.31743377452949,3.2704402652444498
UAV_0063,telemetry_23,5,5,231,-17383.390605552115,6.099849377112276,9.206255399130896,3.1004240552974807
UAV_0063,telemetry_23,20,20,231,-17386.88837862075,6.285252207213904,1.6971101104354602,0.13978142427114565
UAV_0063,telemetry_23,50,50,231,-17380.972169759087,8.731753737014898,-11.830752252539241,-0.3384503966051919
UAV_0063,telemetry_24,5,5,231,-3627.296901149267,2.182942669793884,0.9236685307378139,0.24247368994874705
UAV_0063,telemetry_24,20,20,231,-3614.656574087769,66.66762244474553,6.224688918481661,-0.5177391196835244
UAV_0063,telemetry_24,50,50,231,-3621.1305286088127,57.220979704626096,9.878188224179212,0.04164116966842326
UAV_0063,telemetry_25,5,5,231,-174.32683857614197,0.37520884555402756,0.030383524200345846,-0.04253693388047566
UAV_0063,telemetry_25,20,20,231,-174.1247881402097,0.29197402744324114,-0.54690343560614,-0.03168567523749833
UAV_0063,telemetry_25,50,50,231,-173.64199394066634,0.47770035859264975,-1.0026562986112708,-0.02704243078287255
UAV_0063,telemetry_26,5,5,231,-7439.873873828929,3.033786261240586,2.0093538980045196,0.12917275058580344
UAV_0063,telemetry_26,20,20,231,-7444.681970656299,5.368790585168718,20.237064258476494,0.6884896814860221
UAV_0063,telemetry_26,50,50,231,-7451.020046951718,7.655588808257043,19.662963144759487,0.40763935861870243
UAV_0063,telemetry_27,5,5,231,969.0302044744709,1.2710574864626038e-13,0.0,0.0
UAV_0063,telemetry_27,20,20,231,969.0302044744709,1.1664023441939594e-13,0.0,0.0
UAV_0063,telemetry_27,50,50,231,969.0302044744708,0.0,0.0,0.0
UAV_0063,telemetry_28,5,5,231,-9950.392186313848,29.53061357359722,12.10237825690092,5.912694764419212
UAV_0063,telemetry_28,20,20,231,-9918.191518232832,31.018134922838133,-76.72048470333903,-3.1746370265529342
UAV_0063,telemetry_28,50,50,231,-9880.531876984149,41.13444174402202,-120.21301018367558,-2.24022493910914
UAV_0064,telemetry_01,5,5,195,81.25205198863937,8.095508782366506,-8.727708099610012,-1.1239113999475407
UAV_0064,telemetry_01,20,20,195,86.44705848221304,11.957737738611664,-18.664683274628473,-0.05680941256142309
UAV_0064,telemetry_01,50,50,195,86.38127062709673,10.015580679158806,-10.433248009949622,-0.04144098294179553
UAV_0064,telemetry_02,5,5,195,16.310701998689858,10.661389571365811,-11.966584160124121,-0.9018265587455442
UAV_0064,telemetry_02,20,20,195,12.516235321459657,9.438021254539741,9.597325808435226,0.39839529280424096
UAV_0064,telemetry_02,50,50,195,13.116526608859797,8.06115235562839,-9.73156491743675,0.008661422586439461
UAV_0064,telemetry_03,5,5,195,30377.82504938608,0.0,0.0,0.0
UAV_0064,telemetry_03,20,20,195,30377.825049386087,7.46497500284134e-12,0.0,0.0
UAV_0064,telemetry_03,50,50,195,30377.82504938608,0.0,0.0,0.0
UAV_0064,telemetry_04,5,5,195,-125.89006960236956,0.024791167658162028,-0.011378711456615065,0.0028446778641594505
UAV_0064,telemetry_04,20,20,195,-125.88701157366555,0.024991255341332917,0.032713795437800286,-3.101340528601247e-05
UAV_0064,telemetry_04,50,50,195,-125.88477850154224,0.026417116519711296,0.049781862622737094,-0.00018181350478717567
UAV_0064,telemetry_05,5,5,195,-113.52076901849333,0.0007869187159311578,-0.0008962142556896424,-0.0002671868227025698
UAV_0064,telemetry_05,20,20,195,-113.52340876445416,0.0026657475445554407,0.006997327638202933,0.00028593460974230195
UAV_0064,telemetry_05,50,50,195,-113.52390437831627,0.00262418301933715,0.002788780682834613,2.8135480907587984e-05
UAV_0064,telemetry_06,5,5,195,-134.9346955067442,0.5093990756141324,1.2699211773688432,0.3213626963637523
UAV_0064,telemetry_06,20,20,195,-135.20583745437767,0.8231481003022962,1.9675011534974658,0.08587048390697158
UAV_0064,telemetry_06,50,50,195,-135.9869516933569,0.9621913833419578,2.66257635412839,0.05001901357042913
UAV_0064,telemetry_07,5,5,195,140.5912754437698,0.0,0.0,0.0
UAV_0064,telemetry_07,20,20,195,140.59127544376983,2.9160058604848984e-14,0.0,0.0
UAV_0064,telemetry_07,50,50,195,140.59127544376977,2.8710262101646174e-14,0.0,0.0
UAV_0064,telemetry_08,5,5,195,-4680.605940223165,0.0,0.0,0.0
UAV_0064,telemetry_08,20,20,195,-4680.605940223164,9.331218753551675e-13,0.0,0.0
UAV_0064,telemetry_08,50,50,195,-4680.605940223166,9.187283872526776e-13,0.0,0.0
UAV_0064,telemetry_09,5,5,195,-160.5566600454054,8.053725218815435,16.89945785309928,4.479470351779005
UAV_0064,telemetry_09,20,20,195,-154.14786076146976,9.874725963460705,-21.899826099407136,-0.6607942918312959
UAV_0064,telemetry_09,50,50,195,-151.08729441401806,9.6612668940453,7.064710385933552,-0.20414366995653024
UAV_0064,telemetry_10,5,5,195,-62.97655188771969,0.8778274033827342,0.8628506024993285,0.16858278806257304
UAV_0064,telemetry_10,20,20,195,-62.4774441028387,1.1901181327210562,0.2331898357946045,-0.04402543906275776
UAV_0064,telemetry_10,50,50,195,-62.46572054066167,1.0975126011085188,0.1606090888697267,-0.0023587980321226622
UAV_0064,telemetry_11,5,5,195,63.079628258468915,0.05715575013402406,-0.10416553280113305,-0.02003183323098696
UAV_0064,telemetry_11,20,20,195,62.96397780794867,0.13910832464607945,0.2542707364786523,0.017103470402171646
UAV_0064,telemetry_11,50,50,195,62.826981435937526,0.17546415814739333,0.347752624889921,0.009289306954699717
UAV_0064,telemetry_12,5,5,195,630.4825483982135,0.8863937975221271,0.13317565618945082,-0.039952696856812506
UAV_0064,telemetry_12,20,20,195,632.1805380146286,1.8414241954424313,-4.794323622819093,-0.24502318097406817
UAV_0064,telemetry_12,50,50,195,633.6148398317886,2.0030885062870434,-3.329391404735361,-0.10798579257692718
UAV_0064,telemetry_13,5,5,195,7150.437069322463,4.233547216995496,11.587276610182926,2.111526247779966
UAV_0064,telemetry_13,20,20,195,7145.407111766736,5.560327897722173,11.487463342416959,0.6464784895349215
UAV_0064,telemetry_13,50,50,195,7141.6745907021095,5.576681185238716,19.97152235401427,0.26156250611699833
UAV_0064,telemetry_14,5,5,195,-648.8153498138018,0.0,0.0,0.0
UAV_0064,telemetry_14,20,20,195,-648.8153498138018,0.0,0.0,0.0
UAV_0064,telemetry_14,50,50,195,-648.8153498138018,0.0,0.0,0.0
UAV_0064,telemetry_15,5,5,195,50759.107882793105,53.27549158710588,132.2979008985567,33.60798424224922
UAV_0064,telemetry_15,20,20,195,50619.319268577936,110.01085287517353,342.0625447008788,18.221852215774305
UAV_0064,telemetry_15,50,50,195,50449.51229148756,166.00913411762994,607.5218293010475,11.0867104771802
UAV_0064,telemetry_16,5,5,195,-703.270740244661,2.1240840768265707,0.0,0.0
UAV_0064,telemetry_16,20,20,195,-701.796578966279,1.8893940630869759,-3.468614772663841,-0.15256689037656873
UAV_0064,telemetry_16,50,50,195,-699.628694733364,2.433838128044177,-6.937229545327796,-0.13149922511491788
UAV_0064,telemetry_17,5,5,195,40.41581228213973,0.0,0.0,0.0
UAV_0064,telemetry_17,20,20,195,40.41581228213974,7.290014651212246e-15,0.0,0.0
UAV_0064,telemetry_17,50,50,195,40.41581228213974,7.177565525411544e-15,0.0,0.0
UAV_0064,telemetry_18,5,5,195,-103.32865768298002,0.0029428987560500236,0.0029251658014999293,-1.152107347479614e-06
UAV_0064,telemetry_18,20,20,195,-103.32766703041167,0.006186164107728046,0.006888018325369671,3.4848162815180326e-05
UAV_0064,telemetry_18,50,50,195,-103.32773151745567,0.005151435885465465,-0.0028235162121887925,1.2582799587524126e-05
UAV_0064,telemetry_19,5,5,195,33505.98045136393,0.6199079056492119,1.5675051445577992,0.2518578646428068
UAV_0064,telemetry_19,20,20,195,33505.57488285341,0.5815882916160815,1.362800174028962,0.05263653459060562
UAV_0064,telemetry_19,50,50,195,33505.13983223027,0.6256702348669144,1.459746375825489,0.029321398499634832
UAV_0064,telemetry_20,5,5,195,-164.8973841769026,0.0,0.0,0.0
UAV_0064,telemetry_20,20,20,195,-164.89738417690256,2.9160058604848984e-14,0.0,0.0
UAV_0064,telemetry_20,50,50,195,-164.8973841769026,0.0,0.0,0.0
UAV_0064,telemetry_21,5,5,195,34963.05771794847,0.5160881875866734,1.0300763193372404,0.2795921438199002
UAV_0064,telemetry_21,20,20,195,34962.226299205,0.6571817861201136,1.6186913589626784,0.07424073150122465
UAV_0064,telemetry_21,50,50,195,34961.71861873332,0.6391853035399109,1.7658451188690378,0.03266707476807198
UAV_0064,telemetry_22,5,5,195,23216.603645539377,79.15629075651687,144.22487318527055,28.14570252464073
UAV_0064,telemetry_22,20,20,195,23206.486052162894,60.31726583829856,80.27061123746171,-0.012596537112480483
UAV_0064,telemetry_22,50,50,195,23161.27082601086,73.38407380817492,229.74002526582626,2.5154838189493898
UAV_0064,telemetry_23,5,5,195,-17645.10279038376,19.17003757128021,-37.62622038495829,-11.400767990953682
UAV_0064,telemetry_23,20,20,195,-17596.446994404585,40.14483659357641,-102.61348577228637,-6.53674348876465
UAV_0064,telemetry_23,50,50,195,-17533.951929811676,60.34403171351496,-206.51217936565445,-3.9931002205575847
UAV_0064,telemetry_24,5,5,195,-3630.399441779345,2.822334035958233,7.184235174795049,1.70256116141627
UAV_0064,telemetry_24,20,20,195,-3634.6984568331304,5.021283030137513,9.964036519649198,0.6093076577900515
UAV_0064,telemetry_24,50,50,195,-3637.913988246351,4.858108821430516,12.627150048332169,0.22756255593768704
UAV_0064,telemetry_25,5,5,195,-174.2053044793406,0.25870638638303634,-0.27345171780305577,-0.06684375324074665
UAV_0064,telemetry_25,20,20,195,-173.78753102158595,0.44978365458586433,-0.7899716292088499,-0.04854510445543173
UAV_0064,telemetry_25,50,50,195,-173.17044164507703,0.632237501143295,-1.5191762100170365,-0.03557753842138387
UAV_0064,telemetry_26,5,5,195,-7448.686325924466,4.324138201538479,8.611516705734175,2.482987316819981
UAV_0064,telemetry_26,20,20,195,-7454.850736632987,5.603753107087245,23.10756982705334,0.683417735556549
UAV_0064,telemetry_26,50,50,195,-7460.3750245997135,6.92054194749862,16.648932297752253,0.3416349604667777
UAV_0064,telemetry_27,5,5,195,969.0302044744709,1.2710574864626038e-13,0.0,0.0
UAV_0064,telemetry_27,20,20,195,969.0302044744709,1.1664023441939594e-13,0.0,0.0
UAV_0064,telemetry_27,50,50,195,969.0302044744708,0.0,0.0,0.0
UAV_0064,telemetry_28,5,5,195,-9927.54853371769,26.5200348646031,-56.601618453405536,-8.13313711132123
UAV_0064,telemetry_28,20,20,195,-9890.468787630834,41.71328160687389,-156.69733754368826,-5.775479219562376
UAV_0064,telemetry_28,50,50,195,-9850.46175661472,48.14856569518528,-161.95496789268873,-2.590167103447514
UAV_0065,telemetry_01,5,5,234,89.06124854555989,11.658675670612409,10.667242481276816,1.2954051779808808
UAV_0065,telemetry_01,20,20,234,86.33176681795544,10.28889896753261,29.64108743653331,0.36496842769680354
UAV_0065,telemetry_01,50,50,234,85.96393274038954,10.24834496347606,45.305284542698374,0.1085673146496993
UAV_0065,telemetry_02,5,5,234,8.301330798782534,4.758496017009396,-0.8029457677137906,0.3311311919924016
UAV_0065,telemetry_02,20,20,234,9.416627926493499,7.910530363732636,-7.403307262418881,-0.01521786017742075
UAV_0065,telemetry_02,50,50,234,10.181713596218419,8.23134731985458,-3.8607981729616103,-0.019261358913140104
UAV_0065,telemetry_03,5,5,234,30377.82504938607,2.4404303740081994e-11,0.0,0.0
UAV_0065,telemetry_03,20,20,234,30377.82504938608,1.2519143667517444e-11,0.0,0.0
UAV_0065,telemetry_03,50,50,234,30377.82504938608,7.795668872339385e-12,0.0,0.0
UAV_0065,telemetry_04,5,5,234,-125.97151002940215,0.15730415757230892,-0.025602100777405212,-0.0034136134369873615
UAV_0065,telemetry_04,20,20,234,-125.91633241569585,0.08388008646231683,-0.08249565806053738,-0.0037423102078510562
UAV_0065,telemetry_04,50,50,234,-125.9046426170458,0.05824363665651334,-0.11663179243042521,-0.0007515053488606334
UAV_0065,telemetry_05,5,5,234,-113.5267373836175,0.0013575997607093379,0.0009111245906012755,-0.00015888393690346447
UAV_0065,telemetry_05,20,20,234,-113.52548637043768,0.0026288992085627197,-0.0016804448386835702,-0.00018935284473648204
UAV_0065,telemetry_05,50,50,234,-113.52521468318673,0.00243488738016705,0.0035277358881984355,-1.0664064762647835e-05
UAV_0065,telemetry_06,5,5,234,-134.37763343604038,0.44417181147575835,0.45461675284508374,0.06712798334020817
UAV_0065,telemetry_06,20,20,234,-134.79943762986468,0.8369582995475134,1.1860111981935688,0.03527401885203871
UAV_0065,telemetry_06,50,50,234,-135.5419532784233,1.0207311305163993,1.2173208919157332,0.043051227286575434
UAV_0065,telemetry_07,5,5,234,140.5912754437698,0.0,0.0,0.0
UAV_0065,telemetry_07,20,20,234,140.59127544376983,2.9160058604848984e-14,0.0,0.0
UAV_0065,telemetry_07,50,50,234,140.59127544376977,2.8710262101646174e-14,0.0,0.0
UAV_0065,telemetry_08,5,5,234,-4680.605940223165,0.0,0.0,0.0
UAV_0065,telemetry_08,20,20,234,-4680.605940223164,9.331218753551675e-13,0.0,0.0
UAV_0065,telemetry_08,50,50,234,-4680.605940223166,9.187283872526776e-13,0.0,0.0
UAV_0065,telemetry_09,5,5,234,-159.39574160870333,7.990714330267799,9.960178907098594,2.9133966660040898
UAV_0065,telemetry_09,20,20,234,-154.76363944077335,10.104128241920979,-23.25231449863665,-0.7939595297544674
UAV_0065,telemetry_09,50,50,234,-153.70374902900465,9.874589554084606,-2.554590410932718,-0.06943330055825417
UAV_0065,telemetry_10,5,5,234,-58.292599732149334,8.25348584700628,-1.5178098269972722,-0.12419577449790183
UAV_0065,telemetry_10,20,20,234,-61.64926756547747,4.399744365574849,0.5809549140217243,0.23395925649413887
UAV_0065,telemetry_10,50,50,234,-62.11106275968342,2.8939422627007234,1.2380735553746547,0.03600772502026856
UAV_0065,telemetry_11,5,5,234,62.167415789180815,2.1069804149425764,0.1650623058233336,0.0011752008828857185
UAV_0065,telemetry_11,20,20,234,62.80419317827788,1.0482577443191887,0.29166349184317397,-0.04467370914480472
UAV_0065,telemetry_11,50,50,234,62.79240487156373,0.6608483284314004,0.5283062150785511,-0.0011144355566180151
UAV_0065,telemetry_12,5,5,234,630.322737610786,2.045016167092411,-4.794323622818979,-0.7857363715175666
UAV_0065,telemetry_12,20,20,234,631.9341630506781,1.9180117451652028,-5.060674935197881,-0.13738120322697875
UAV_0065,telemetry_12,50,50,234,633.0182128920599,2.0178728702501436,-3.4625670609249255,-0.08282790391190183
UAV_0065,telemetry_13,5,5,234,7148.862743497212,2.146230699558791,2.4989721850352,0.6395672479412496
UAV_0065,telemetry_13,20,20,234,7145.541429958728,3.774771045549433,12.243406871778461,0.43693679136513175
UAV_0065,telemetry_13,50,50,234,7142.033375748971,4.524077833678839,14.556308824183361,0.2137475643070668
UAV_0065,telemetry_14,5,5,234,-648.8153498138018,0.0,0.0,0.0
UAV_0065,telemetry_14,20,20,234,-648.8153498138018,0.0,0.0,0.0
UAV_0065,telemetry_14,50,50,234,-648.8153498138018,0.0,0.0,0.0
UAV_0065,telemetry_15,5,5,234,49886.25012357803,15.728968075575557,-33.614151976544235,-9.411962553433842
UAV_0065,telemetry_15,20,20,234,49910.78537065377,28.6535927589544,-78.20687102067313,-3.5731122436277123
UAV_0065,telemetry_15,50,50,234,49938.06525949638,33.99346614914254,-101.64426138965791,-1.955552353600349
UAV_0065,telemetry_16,5,5,234,-701.5364328583291,1.2263405135372185,3.468614772663841,0.6937229545327682
UAV_0065,telemetry_16,20,20,234,-700.8427099037964,1.4234894673903709,0.0,-0.10431924128312527
UAV_0065,telemetry_16,50,50,234,-698.9696579265579,2.2501027988142535,-5.202922158995875,-0.12208857759244425
UAV_0065,telemetry_17,5,5,234,40.41581228213972,3.8263897345803626e-14,0.0,0.0
UAV_0065,telemetry_17,20,20,234,40.41581228213973,1.9561161980496004e-14,0.0,0.0
UAV_0065,telemetry_17,50,50,234,40.41581228213973,1.218073261303029e-14,0.0,0.0
UAV_0065,telemetry_18,5,5,234,-103.32765945255592,0.005789207621023762,-0.008372245547860757,-0.0030779557960798343
UAV_0065,telemetry_18,20,20,234,-103.32811817395297,0.005610674933399686,-0.0002170854932757038,-6.726709648585281e-05
UAV_0065,telemetry_18,50,50,234,-103.32866833464178,0.005172875542838961,-0.004258181713396425,3.522320478721161e-05
UAV_0065,telemetry_19,5,5,234,33508.07658929133,0.5137503739697636,0.4592308182618581,0.10653706642042379
UAV_0065,telemetry_19,20,20,234,33507.508509972075,0.5784991351660241,-0.4406085367954802,0.055824253837461146
UAV_0065,telemetry_19,50,50,234,33506.83478740902,0.812280411045934,2.5097434804338263,0.0471928958646295
UAV_0065,telemetry_20,5,5,234,-164.8973841769026,0.0,0.0,0.0
UAV_0065,telemetry_20,20,20,234,-164.89738417690256,2.9160058604848984e-14,0.0,0.0
UAV_0065,telemetry_20,50,50,234,-164.8973841769026,0.0,0.0,0.0
UAV_0065,telemetry_21,5,5,234,34964.76470156338,0.49247067466941813,0.14715375989908352,-1.4551915228366853e-12
UAV_0065,telemetry_21,20,20,234,34964.43360560358,0.5108164642089712,0.5886150396254379,0.03286065164830052
UAV_0065,telemetry_21,50,50,234,34963.57275610814,0.9231731074714359,2.6487676783071947,0.055293069448494166
UAV_0065,telemetry_22,5,5,234,23270.68068889935,79.38560090184727,-56.08745068315693,-10.853285911416242
UAV_0065,telemetry_22,20,20,234,23219.910619904334,65.67927256165007,95.27582531633016,4.385566547119053
UAV_0065,telemetry_22,50,50,234,23164.333055136474,77.12769527762818,184.57870133912365,3.7458347724800887
UAV_0065,telemetry_23,5,5,234,-17345.00130379659,6.806023609947932,-9.376392555685015,-0.6559291113480867
UAV_0065,telemetry_23,20,20,234,-17354.8749222626,9.291191411704272,3.6471648064543842,0.9531642717850698
UAV_0065,telemetry_23,50,50,234,-17360.11371858731,10.393990112852629,36.61718731738438,0.46879309963408383
UAV_0065,telemetry_24,5,5,234,-3693.999246394167,153.88068626537267,2.6250614188197687,0.06677072462189244
UAV_0065,telemetry_24,20,20,234,-3647.1545234600017,75.89517473265886,7.549518417282798,-3.3995365914758207
UAV_0065,telemetry_24,50,50,234,-3640.7882382093653,47.62848541247715,9.912622319073762,-0.4736573828085823
UAV_0065,telemetry_25,5,5,234,-174.30860846162176,0.1779447611455973,0.030383524200345846,0.04253693388048134
UAV_0065,telemetry_25,20,20,234,-173.8984308849172,0.45632818769830724,-1.2457244922139807,-0.05194897295607203
UAV_0065,telemetry_25,50,50,234,-173.5149908095089,0.5302894523999343,-0.9722727744108965,-0.028707141520571907
UAV_0065,telemetry_26,5,5,234,-7439.672938439129,5.062191709311703,-0.28705055685713887,0.15787780627188114
UAV_0065,telemetry_26,20,20,234,-7443.79211393004,5.554046660131504,3.444606682293852,0.6606479357456393
UAV_0065,telemetry_26,50,50,234,-7452.377796085656,8.991212950397,24.112246776056963,0.5576155211104664
UAV_0065,telemetry_27,5,5,234,969.0302044744709,1.2710574864626038e-13,0.0,0.0
UAV_0065,telemetry_27,20,20,234,969.0302044744709,1.1664023441939594e-13,0.0,0.0
UAV_0065,telemetry_27,50,50,234,969.0302044744708,0.0,0.0,0.0
UAV_0065,telemetry_28,5,5,234,-9966.318684964253,31.93769287035069,-81.83606926090397,-16.048531394552448
UAV_0065,telemetry_28,20,20,234,-9918.974597532975,41.40992452111274,-162.3758724670024,-5.228721861374694
UAV_0065,telemetry_28,50,50,234,-9875.29588979875,49.79532392139904,-195.31274628386382,-2.9319507569471015
UAV_0066,telemetry_01,5,5,165,91.0281727441201,10.759605017422096,1.1098628723194963,-1.2159866408857156
UAV_0066,telemetry_01,20,20,165,87.45071024856983,13.820928132256237,24.116890227903397,0.13948352833258573
UAV_0066,telemetry_01,50,50,165,85.9446827530183,13.536114540660508,24.238603425646517,0.045381519187243126
UAV_0066,telemetry_02,5,5,165,12.178460750673699,2.2618111878056184,2.7182537009394103,0.630342526531728
UAV_0066,telemetry_02,20,20,165,11.103777719792628,8.705841054386092,3.290387727666829,0.40576057449038005
UAV_0066,telemetry_02,50,50,165,12.16454003222738,7.685496922279417,1.220970655188598,-0.042491968164324996
UAV_0066,telemetry_03,5,5,165,30377.82504938607,2.4404303740081994e-11,-5.4569682106375694e-11,0.0
UAV_0066,telemetry_03,20,20,165,30377.82504938608,1.2519143667517444e-11,-5.4569682106375694e-11,0.0
UAV_0066,telemetry_03,50,50,165,30377.82504938608,1.0663583467603889e-11,-5.4569682106375694e-11,0.0
UAV_0066,telemetry_04,5,5,165,-125.97604742248647,0.19566613637507624,-0.4540688624298781,-0.0849821828644565
UAV_0066,telemetry_04,20,20,165,-125.91625777587464,0.10104181286653144,-0.4498018456336439,-0.007005370502425846
UAV_0066,telemetry_04,50,50,165,-125.91403547587521,0.09314625687593067,-0.3459711035919213,-0.0007787605602091859
UAV_0066,telemetry_05,5,5,165,-113.52676365861046,0.001976346770012155,-0.0028010991517817274,-0.0007366505074003271
UAV_0066,telemetry_05,20,20,165,-113.52621208055493,0.0023047695905953685,-0.007897049235509712,-1.527973619695707e-05
UAV_0066,telemetry_05,50,50,165,-113.52554090549073,0.0027048400548249866,-0.007233090055564162,-4.4330648647737476e-05
UAV_0066,telemetry_06,5,5,165,-134.45853768461834,0.8851101895072935,-0.8541284447392172,-0.13563359320418727
UAV_0066,telemetry_06,20,20,165,-135.07026648056092,1.1914947985646271,1.7220331547161436,0.09488673405401701
UAV_0066,telemetry_06,50,50,165,-135.94103915848282,1.376199177840593,2.9168110671519116,0.0698080630534865
UAV_0066,telemetry_07,5,5,165,140.5912754437698,0.0,0.0,0.0
UAV_0066,telemetry_07,20,20,165,140.59127544376983,2.9160058604848984e-14,0.0,0.0
UAV_0066,telemetry_07,50,50,165,140.59127544376977,2.8710262101646174e-14,0.0,0.0
UAV_0066,telemetry_08,5,5,165,-4680.605940223165,0.0,0.0,0.0
UAV_0066,telemetry_08,20,20,165,-4680.605940223164,9.331218753551675e-13,0.0,0.0
UAV_0066,telemetry_08,50,50,165,-4680.605940223166,9.187283872526776e-13,0.0,0.0
UAV_0066,telemetry_09,5,5,165,-156.74741270566452,7.9052107538929395,21.487426168096505,4.587060123259548
UAV_0066,telemetry_09,20,20,165,-155.1439179340861,8.180564804058353,18.33153516383919,-0.1019375501657893
UAV_0066,telemetry_09,50,50,165,-153.64327663536656,11.064234439742386,-24.677979245606878,-0.09072330117383906
UAV_0066,telemetry_10,5,5,165,-58.94698435197007,6.533822457511579,16.508852514850503,3.1912786788327283
UAV_0066,telemetry_10,20,20,165,-61.58489899059502,3.4762327142025615,16.130105213306862,0.24320944286919693
UAV_0066,telemetry_10,50,50,165,-61.60025800806627,3.137478417874896,12.737958904339493,0.018155110412038974
UAV_0066,telemetry_11,5,5,165,63.80001147838247,1.7760789173497467,3.995608395334159,0.7958097493059746
UAV_0066,telemetry_11,20,20,165,63.12577787190945,0.9097019133864372,4.162273247815968,0.06557883855324838
UAV_0066,telemetry_11,50,50,165,62.81479832611385,0.8481475908126072,4.358318122369887,0.018733511085814617
UAV_0066,telemetry_12,5,5,165,630.2694673483104,1.2808424472343118,-0.7990539371365912,-0.2663513123788562
UAV_0066,telemetry_12,20,20,165,631.6678117382992,1.6071359814720296,-3.063040092356573,-0.1105458078444457
UAV_0066,telemetry_12,50,50,165,633.7506790011017,2.362945746906595,-7.058309778039188,-0.12518191932330808
UAV_0066,telemetry_13,5,5,165,7143.937671144764,2.85909592434536,-0.19811013874732453,-0.37452764791351
UAV_0066,telemetry_13,20,20,165,7144.377783849266,2.963059413062944,0.08837148030852404,0.16236375602852707
UAV_0066,telemetry_13,50,50,165,7140.585546497082,4.502961890893159,8.561995953772566,0.2399900081886477
UAV_0066,telemetry_14,5,5,165,-648.8153498138018,0.0,0.0,0.0
UAV_0066,telemetry_14,20,20,165,-648.8153498138018,0.0,0.0,0.0
UAV_0066,telemetry_14,50,50,165,-648.8153498138018,0.0,0.0,0.0
UAV_0066,telemetry_15,5,5,165,50124.29999691512,8.786586419099557,15.2959810829052,3.9165112853406754
UAV_0066,telemetry_15,20,20,165,50111.97377990133,13.031811442425987,50.760453351751494,1.5506055040906566
UAV_0066,telemetry_15,50,50,165,50092.85688741485,23.82213715544795,81.47577020371682,1.090769365485571
UAV_0066,telemetry_16,5,5,165,-702.2301558128618,1.5512116838872656,1.7343073863319205,0.6937229545327682
UAV_0066,telemetry_16,20,20,165,-700.4091330572135,1.8036621279813223,-3.4686147726639547,-0.1760387196652721
UAV_0066,telemetry_16,50,50,165,-698.4146795629317,2.3504406444268082,-3.4686147726639547,-0.12142233705987987
UAV_0066,telemetry_17,5,5,165,40.415812282139754,3.8428474007872526e-14,8.526512829121202e-14,0.0
UAV_0066,telemetry_17,20,20,165,40.41581228213974,1.9287565821124877e-14,8.526512829121202e-14,0.0
UAV_0066,telemetry_17,50,50,165,40.41581228213974,2.014838656935143e-14,8.526512829121202e-14,0.0
UAV_0066,telemetry_18,5,5,165,-103.32988983100354,0.00706790831485213,0.001562523583146458,0.0011963105751306101
UAV_0066,telemetry_18,20,20,165,-103.32639854778184,0.00600448641835002,-0.00476152969842758,-0.00032792449385752855
UAV_0066,telemetry_18,50,50,165,-103.32649242153742,0.005851669483765965,0.007843921180850089,-7.893551114384885e-06
UAV_0066,telemetry_19,5,5,165,33507.01150412492,0.5132782035380387,0.5513482104288414,0.042962822796835096
UAV_0066,telemetry_19,20,20,165,33506.52809818455,0.5534596228367684,-0.07331288266868796,0.04941400757317232
UAV_0066,telemetry_19,50,50,165,33505.685446169206,0.9222340965534461,2.6812098442896968,0.05491258682934738
UAV_0066,telemetry_20,5,5,165,-164.8973841769026,0.0,0.0,0.0
UAV_0066,telemetry_20,20,20,165,-164.89738417690256,2.9160058604848984e-14,0.0,0.0
UAV_0066,telemetry_20,50,50,165,-164.8973841769026,0.0,0.0,0.0
UAV_0066,telemetry_21,5,5,165,34963.646332988086,0.41097808533354596,-1.0300763193372404,-0.23544601584872
UAV_0066,telemetry_21,20,20,165,34963.22694477237,0.5903068128827059,0.29430751981271897,0.059857281285015995
UAV_0066,telemetry_21,50,50,165,34962.46321675844,0.8383311112184999,1.0300763193445164,0.04803607490225843
UAV_0066,telemetry_22,5,5,165,23221.032368917997,60.44661438916991,117.71080558959511,19.972959710808574
UAV_0066,telemetry_22,20,20,165,23190.584895689994,79.87181873439363,98.48082249822619,5.521445589369653
UAV_0066,telemetry_22,50,50,165,23131.77902466983,90.78055235267209,234.54752103866485,4.357935718499148
UAV_0066,telemetry_23,5,5,165,-17424.611314672416,9.07673399142419,-18.442651777131687,-4.357182208043014
UAV_0066,telemetry_23,20,20,165,-17420.735133167327,9.826134832623493,-10.35275334051039,-0.8410948240069416
UAV_0066,telemetry_23,50,50,165,-17408.76057297176,13.162610917573957,-17.850127406221873,-0.6572449934601491
UAV_0066,telemetry_24,5,5,165,-3698.575373130644,156.81310902112298,-351.6840485618145,-70.75273445862858
UAV_0066,telemetry_24,20,20,165,-3649.4779857167086,77.66981963597206,-339.88365456561087,-4.639405445731957
UAV_0066,telemetry_24,50,50,165,-3637.1163341684164,68.58739415292742,-331.62188111083697,-0.6293857208599616
UAV_0066,telemetry_25,5,5,165,-174.37545221486255,0.271418591327216,-0.5165199114057941,-0.09115057260102333
UAV_0066,telemetry_25,20,20,165,-173.88020077039698,0.5265442090257275,-1.3368750648150183,-0.06995063992589869
UAV_0066,telemetry_25,50,50,165,-173.25794619477398,0.7467606303029389,-2.0356961214228306,-0.04513102300548131
UAV_0066,telemetry_26,5,5,165,-7445.959345634316,5.44583401671321,7.893890313589509,0.6171586972443037
UAV_0066,telemetry_26,20,20,165,-7450.8535576287395,5.779201583962773,9.042092541020793,0.6308637426280865
UAV_0066,telemetry_26,50,50,165,-7457.926483349716,7.655823836048444,24.399297332914102,0.4542015089699818
UAV_0066,telemetry_27,5,5,165,969.0302044744709,1.2710574864626038e-13,0.0,0.0
UAV_0066,telemetry_27,20,20,165,969.0302044744709,1.1664023441939594e-13,0.0,0.0
UAV_0066,telemetry_27,50,50,165,969.0302044744708,0.0,0.0,0.0
UAV_0066,telemetry_28,5,5,165,-9926.030276443184,29.3750793881584,13.55547760148329,1.630048950793571
UAV_0066,telemetry_28,20,20,165,-9892.471912096662,35.0529615296649,-95.25663150610308,-3.5387209319143773
UAV_0066,telemetry_28,50,50,165,-9842.17338800508,55.91680028522216,-149.768016637252,-3.2126237104635704
UAV_0067,telemetry_01,5,5,263,86.95936578255981,10.900895903750069,-29.986558594590164,-6.294684815145082
UAV_0067,telemetry_01,20,20,263,88.71018936776346,10.742025228991693,-5.784850105767902,0.14615265689913534
UAV_0067,telemetry_01,50,50,263,87.13380899816917,10.506852538659905,-14.453309741501187,0.05022386650186551
UAV_0067,telemetry_02,5,5,263,4.104899886496194,5.421061771840386,8.633219225887379,0.6452585695638134
UAV_0067,telemetry_02,20,20,263,10.489020678188478,7.913949221310993,-12.627969915158012,-0.6057489665856608
UAV_0067,telemetry_02,50,50,263,11.834343147343615,9.36051178113031,-13.626677474246804,-0.0748662156494889
UAV_0067,telemetry_03,5,5,263,30377.82504938608,0.0,0.0,0.0
UAV_0067,telemetry_03,20,20,263,30377.825049386087,7.46497500284134e-12,0.0,0.0
UAV_0067,telemetry_03,50,50,263,30377.82504938608,7.275957614183426e-12,0.0,0.0
UAV_0067,telemetry_04,5,5,263,-125.89775023260279,0.03333253639175998,0.031291456505712745,-0.001422338932081857
UAV_0067,telemetry_04,20,20,263,-125.89782134954937,0.03377324015152936,0.031291456505712745,-0.001301493594240436
UAV_0067,telemetry_04,50,50,263,-125.9054792677843,0.06857399027957478,0.08107331912843563,-0.00017070214328992136
UAV_0067,telemetry_05,5,5,263,-113.52535133502488,0.0031125421454767602,0.0009983156695909656,0.0009950656159844584
UAV_0067,telemetry_05,20,20,263,-113.52470306657946,0.0027402460946562325,-0.004487063229504429,-4.614812530546783e-05
UAV_0067,telemetry_05,50,50,263,-113.5251387606017,0.0025184935358089694,-0.00083914606716462,1.962703320885362e-05
UAV_0067,telemetry_06,5,5,263,-134.02546200105405,0.7641769973742587,-0.24546799878135062,0.08303330775104314
UAV_0067,telemetry_06,20,20,263,-134.29078034565526,0.667925332907905,1.8535338683490181,0.04093801306974005
UAV_0067,telemetry_06,50,50,263,-134.94373774629113,0.798420465844866,2.0251109899461994,0.03484536625668177
UAV_0067,telemetry_07,5,5,263,140.5912754437698,0.0,0.0,0.0
UAV_0067,telemetry_07,20,20,263,140.59127544376983,2.9160058604848984e-14,0.0,0.0
UAV_0067,telemetry_07,50,50,263,140.59127544376977,2.8710262101646174e-14,0.0,0.0
UAV_0067,telemetry_08,5,5,263,-4680.605940223165,0.0,0.0,0.0
UAV_0067,telemetry_08,20,20,263,-4680.605940223164,9.331218753551675e-13,0.0,0.0
UAV_0067,telemetry_08,50,50,263,-4680.605940223166,9.187283872526776e-13,0.0,0.0
UAV_0067,telemetry_09,5,5,263,-157.3519564493177,10.381864382482338,10.460717015275947,2.6592170231280305
UAV_0067,telemetry_09,20,20,263,-155.86252434949083,10.34670012509768,1.165674108237198,-0.2992254087311901
UAV_0067,telemetry_09,50,50,263,-155.8415123567478,9.653949680003988,-1.0829207201553572,0.028090332170818633
UAV_0067,telemetry_10,5,5,263,-62.09893588844518,1.2619181797132408,-1.1274911718451648,-0.4334338714884097
UAV_0067,telemetry_10,20,20,263,-62.60327292485599,1.7460038854791737,-1.1689782949261485,0.00604999384156026
UAV_0067,telemetry_10,50,50,263,-62.33000004431495,2.119694367264652,-1.1202011275429342,0.0022246683433972364
UAV_0067,telemetry_11,5,5,263,63.16691363313407,0.10995294658990346,-0.036324390925521755,0.01784168613106516
UAV_0067,telemetry_11,20,20,263,63.04031244711423,0.12685563665355246,0.1704041280182551,0.014218083135376695
UAV_0067,telemetry_11,50,50,263,62.91047706084865,0.4845786803651617,0.18162195462761588,0.0034001815386518765
UAV_0067,telemetry_12,5,5,263,630.5091835294513,1.4990397624371972,-1.0654052495153792,-0.013317565618945083
UAV_0067,telemetry_12,20,20,263,631.1883793760173,1.4491722229250987,-4.9274992790085435,-0.06088029997230926
UAV_0067,telemetry_12,50,50,263,632.1232724824671,1.5411124493980826,-3.462567060925039,-0.052528443694591434
UAV_0067,telemetry_13,5,5,263,7143.714845846861,1.8649508253344491,4.737572699464181,1.0424804554308138
UAV_0067,telemetry_13,20,20,263,7145.399701007409,2.5018329326878015,-0.8295242735594002,-0.08975048919716065
UAV_0067,telemetry_13,50,50,263,7143.553593574851,4.116047091611534,-2.095916001752812,0.12358897899443952
UAV_0067,telemetry_14,5,5,263,-648.8153498138018,0.0,0.0,0.0
UAV_0067,telemetry_14,20,20,263,-648.8153498138018,0.0,0.0,0.0
UAV_0067,telemetry_14,50,50,263,-648.8153498138018,0.0,0.0,0.0
UAV_0067,telemetry_15,5,5,263,49947.27368681767,15.720609841295149,-31.208735596577753,-3.5341117582691366
UAV_0067,telemetry_15,20,20,263,49969.9524458668,22.0162925925801,-33.305765261167835,-1.5403568628728965
UAV_0067,telemetry_15,50,50,263,49980.15511195848,23.307584143274333,-68.3384961284828,-0.7031542897378432
UAV_0067,telemetry_16,5,5,263,-702.2301558128619,0.9499192771418197,0.0,0.17343073863319206
UAV_0067,telemetry_16,20,20,263,-700.7559945344798,1.7320238996453534,-1.7343073863319205,-0.11083919386331952
UAV_0067,telemetry_16,50,50,263,-699.9755562106304,1.8623112107092572,-1.7343073863319205,-0.05321596253858913
UAV_0067,telemetry_17,5,5,263,40.41581228213973,0.0,0.0,0.0
UAV_0067,telemetry_17,20,20,263,40.41581228213974,7.290014651212246e-15,0.0,0.0
UAV_0067,telemetry_17,50,50,263,40.41581228213974,1.3234776891332901e-14,0.0,0.0
UAV_0067,telemetry_18,5,5,263,-103.32623893675154,0.005518548973115457,-0.0007349336406718976,-0.0010198616139632578
UAV_0067,telemetry_18,20,20,263,-103.32691808680447,0.004804843220612796,0.0048164570809206,0.00017504752353746304
UAV_0067,telemetry_18,50,50,263,-103.32659242385618,0.005489991907765991,0.007093491697688137,-2.304198796279558e-05
UAV_0067,telemetry_19,5,5,263,33507.636913704184,0.3168171869736769,-0.13893910836486612,-0.08639487776890746
UAV_0067,telemetry_19,20,20,263,33507.22599299,0.44209675021399464,0.29409233885235153,0.039252274894572205
UAV_0067,telemetry_19,50,50,263,33506.92573989197,0.5712624912546149,0.24367054476897465,0.022509127603851146
UAV_0067,telemetry_20,5,5,263,-164.8973841769026,0.0,0.0,0.0
UAV_0067,telemetry_20,20,20,263,-164.89738417690256,2.9160058604848984e-14,0.0,0.0
UAV_0067,telemetry_20,50,50,263,-164.8973841769026,0.0,0.0,0.0
UAV_0067,telemetry_21,5,5,263,34964.29380953168,0.4535583490763781,0.7357687995317974,0.17658451188763138
UAV_0067,telemetry_21,20,20,263,34964.08779426781,0.4663196838625194,0.5886150396327139,0.021685817249626302
UAV_0067,telemetry_21,50,50,263,34963.74934062002,0.565056986323514,1.6186913589699543,0.022661325715191617
UAV_0067,telemetry_22,5,5,263,23220.216551453508,54.92647949310371,79.83356616719902,22.04163971003145
UAV_0067,telemetry_22,20,20,263,23221.076073425018,49.98378129628464,79.25083940685363,1.1654535206890826
UAV_0067,telemetry_22,50,50,263,23183.790301664372,65.4223138018514,158.50167881370726,2.315516898847943
UAV_0067,telemetry_23,5,5,263,-17376.22799548176,5.331898802562575,-0.18691477699758252,-1.5301432690499497
UAV_0067,telemetry_23,20,20,263,-17374.988324357393,9.23109008832047,11.176481506561686,-0.21641631090716879
UAV_0067,telemetry_23,50,50,263,-17376.966502856998,8.668415050131328,-0.2829072068743699,0.10386640168038294
UAV_0067,telemetry_24,5,5,263,-3626.544398490064,1.1552681604991863,2.196627718243235,0.24746667827757846
UAV_0067,telemetry_24,20,20,263,-3628.7573160213915,3.4391341624718588,7.74370536419201,0.1510398465618751
UAV_0067,telemetry_24,50,50,263,-3638.2592646009552,48.39133174731119,12.370352894356984,0.03264320971801188
UAV_0067,telemetry_25,5,5,263,-174.44837267294335,0.2323892741838971,-0.5165199114058225,-0.10634233470120194
UAV_0067,telemetry_25,20,20,263,-174.36633715760243,0.3082960591353505,-0.85073867760957,-0.014666332734300165
UAV_0067,telemetry_25,50,50,263,-174.0072039015544,0.4504614555167911,-0.85073867760957,-0.022258393527030306
UAV_0067,telemetry_26,5,5,263,-7439.070132269728,3.0554371069284234,-2.152879176433089,-0.3731657239149172
UAV_0067,telemetry_26,20,20,263,-7444.6747943923765,5.341940883995129,11.194971717452972,0.6650723992159916
UAV_0067,telemetry_26,50,50,263,-7449.151347826573,6.240644501669982,19.37591258790235,0.3062791535836913
UAV_0067,telemetry_27,5,5,263,969.0302044744709,1.2710574864626038e-13,0.0,0.0
UAV_0067,telemetry_27,20,20,263,969.0302044744709,1.1664023441939594e-13,0.0,0.0
UAV_0067,telemetry_27,50,50,263,969.0302044744708,0.0,0.0,0.0
UAV_0067,telemetry_28,5,5,263,-9940.740664733654,21.80222544075782,39.44372124714573,6.6667219391933035
UAV_0067,telemetry_28,20,20,263,-9927.109907169837,23.93082457970495,-6.177364817533089,-2.2929561620010057
UAV_0067,telemetry_28,50,50,263,-9897.704609842891,36.38517598664189,-13.424239283020142,-1.7739788906336058
UAV_0068,telemetry_01,5,5,201,216.9475369994685,14.174277522125049,13.483859607653812,1.3019367130824435
UAV_0068,telemetry_01,20,20,201,205.7919707102257,14.006892749521022,6.963159737873184,1.062701733145802
UAV_0068,telemetry_01,50,50,201,202.73124491518095,11.951382548693207,18.483591361941535,0.2786395732846825
UAV_0068,telemetry_02,5,5,201,13.866304415385239,6.246346372001938,1.8102435584997547,1.597670901695902
UAV_0068,telemetry_02,20,20,201,10.372048612376643,6.6854593055666225,0.36308340206492673,0.4853251018795135
UAV_0068,telemetry_02,50,50,201,10.665123448195295,7.209993973094079,-6.825516430736409,0.022491997015822166
UAV_0068,telemetry_03,5,5,201,30377.82504938608,0.0,0.0,0.0
UAV_0068,telemetry_03,20,20,201,30377.82504938608,8.346095778344961e-12,0.0,0.0
UAV_0068,telemetry_03,50,50,201,30377.82504938608,8.941450575203039e-12,0.0,0.0
UAV_0068,telemetry_04,5,5,201,-125.8872249245054,0.027462561942703252,0.031291456505741166,0.011378711456629276
UAV_0068,telemetry_04,20,20,201,-125.91064001600178,0.11462116002632496,0.025602100777419423,0.0020471398371681385
UAV_0068,telemetry_04,50,50,201,-125.89616659901583,0.09050708830675103,0.012801050388716817,-0.0009696033034199975
UAV_0068,telemetry_05,5,5,201,-113.52502356679425,0.0034054816947149745,-0.0008931234664544263,-0.0003591870154053822
UAV_0068,telemetry_05,20,20,201,-113.52576639351564,0.0025929007073586014,0.006757218903061357,7.020197546665514e-05
UAV_0068,telemetry_05,50,50,201,-113.52598136495614,0.002369441005428599,0.005174209916305017,2.098310796515359e-05
UAV_0068,telemetry_06,5,5,201,-134.76862889124212,0.34376275718782884,-0.6299510376888975,-0.11797492594491814
UAV_0068,telemetry_06,20,20,201,-135.11741887930643,0.9027493845463639,-0.4583739160917162,0.06053458558254782
UAV_0068,telemetry_06,50,50,201,-136.04937069876135,1.187621135017119,1.7633619504293279,0.057644356043781174
UAV_0068,telemetry_07,5,5,201,140.5912754437698,0.0,0.0,0.0
UAV_0068,telemetry_07,20,20,201,140.59127544376983,2.9160058604848984e-14,0.0,0.0
UAV_0068,telemetry_07,50,50,201,140.59127544376977,2.8710262101646174e-14,0.0,0.0
UAV_0068,telemetry_08,5,5,201,-4680.605940223146,7.876455163427077e-13,0.0,0.0
UAV_0068,telemetry_08,20,20,201,-4680.605940223148,1.1236275315629286e-12,0.0,0.0
UAV_0068,telemetry_08,50,50,201,-4680.605940223148,1.0312700569808673e-12,9.094947017729282e-13,0.0
UAV_0068,telemetry_09,5,5,201,-148.4216234549523,8.150206901271012,-2.496747595910847,-1.2469772215151096
UAV_0068,telemetry_09,20,20,201,-148.40036552241895,7.373423150748635,11.331979055705546,0.08829302832844899
UAV_0068,telemetry_09,50,50,201,-153.33513638740763,10.773695719684827,20.185003306997686,0.3114739851129101
UAV_0068,telemetry_10,5,5,201,-63.44007577935986,1.1346481926363592,2.4664459555292524,0.5361852147306039
UAV_0068,telemetry_10,20,20,201,-62.29024591204751,3.2703954538731197,1.0235918479371264,-0.07726974624659552
UAV_0068,telemetry_10,50,50,201,-62.17872251428737,3.1127840035883136,1.313941888669106,-0.022504188218244073
UAV_0068,telemetry_11,5,5,201,63.048859362626125,0.17433967864744562,0.2537365542591701,0.06511681255619521
UAV_0068,telemetry_11,20,20,201,63.14715745990554,0.8456318446147638,0.39208974910784633,-0.0015815023347336954
UAV_0068,telemetry_11,50,50,201,62.74962817389275,0.9516491658428674,0.6923001564628919,0.02678963650848126
UAV_0068,telemetry_12,5,5,201,630.8820753667817,1.7353764050406684,-3.1962157485461375,-0.6392431497092275
UAV_0068,telemetry_12,20,20,201,632.200514363057,1.454701226245453,-1.4649322180835043,-0.1135497700141329
UAV_0068,telemetry_12,50,50,201,634.1741775877841,2.081738241163002,-6.1260801847133735,-0.10925200049652052
UAV_0068,telemetry_13,5,5,201,7144.126627663587,2.8017978761700024,1.80520171471926,-0.0624187275136137
UAV_0068,telemetry_13,20,20,201,7142.989524578651,3.4133486424071657,8.901396555034808,0.24617887900569763
UAV_0068,telemetry_13,50,50,201,7139.560617728234,4.453352528003865,6.191941943383426,0.21211928004024064
UAV_0068,telemetry_14,5,5,201,-648.8153498138005,0.0,0.0,0.0
UAV_0068,telemetry_14,20,20,201,-648.8153498138005,6.900529327445883e-14,1.1368683772161603e-13,0.0
UAV_0068,telemetry_14,50,50,201,-648.8153498138006,8.281305771159664e-14,1.1368683772161603e-13,0.0
UAV_0068,telemetry_15,5,5,201,50855.31220252343,50.07234367337717,108.55212381418823,24.36255051511689
UAV_0068,telemetry_15,20,20,201,50701.636934514645,115.64891690284968,406.88543227400805,19.059597480941246
UAV_0068,telemetry_15,50,50,201,50508.866865823555,186.80631269133593,685.6670229786469,12.54877300543908
UAV_0068,telemetry_16,5,5,201,-702.9238787673946,1.4510256638667078,-1.7343073863319205,-0.17343073863319206
UAV_0068,telemetry_16,20,20,201,-700.8427099037964,2.1352342010855527,-5.2029221589957615,-0.28166195146443646
UAV_0068,telemetry_16,50,50,201,-698.7268548924715,2.7341102219790097,-6.937229545327796,-0.13966067163883256
UAV_0068,telemetry_17,5,5,201,40.41581228213973,0.0,0.0,0.0
UAV_0068,telemetry_17,20,20,201,40.41581228213973,2.2821355643912005e-14,0.0,0.0
UAV_0068,telemetry_17,50,50,201,40.41581228213974,1.9604085126880037e-14,0.0,0.0
UAV_0068,telemetry_18,5,5,201,-101.69986609521071,0.13465888698342368,0.10329794345859966,0.02765585658110581
UAV_0068,telemetry_18,20,20,201,-101.70228516694951,0.09970009689897996,0.29997603617056257,0.0025279642933195446
UAV_0068,telemetry_18,50,50,201,-101.75090973102662,0.10001621729054522,0.3356909716284662,0.0036077330495311124
UAV_0068,telemetry_19,5,5,201,33507.75546329963,2.599638139792915,5.401288420347555,1.387583651670866
UAV_0068,telemetry_19,20,20,201,33505.77261724522,1.7176252299453099,6.742364517638634,0.19431011411500898
UAV_0068,telemetry_19,50,50,201,33504.89446984449,1.345382676323484,8.237646930007031,0.05868634944026778
UAV_0068,telemetry_20,5,5,201,-164.8973841769026,0.0,0.0,0.0
UAV_0068,telemetry_20,20,20,201,-164.89738417690256,2.9160058604848984e-14,0.0,0.0
UAV_0068,telemetry_20,50,50,201,-164.8973841769026,0.0,0.0,0.0
UAV_0068,telemetry_21,5,5,201,34963.88177900393,3.2464000494081082,6.32761167595163,1.8099912468424009
UAV_0068,telemetry_21,20,20,201,34962.32194914894,1.7776810193140289,6.621919195764349,0.16242234552009083
UAV_0068,telemetry_21,50,50,201,34961.527318845445,1.3378297050848225,7.651995515108865,0.053759702538522136
UAV_0068,telemetry_22,5,5,201,23266.01887481659,39.1543223134815,-14.422487318526692,5.288245350126454
UAV_0068,telemetry_22,20,20,201,23225.439240043102,54.70131217784727,142.33101121414802,3.329538596652664
UAV_0068,telemetry_22,50,50,201,23146.877475030353,90.28672518617499,274.4643041222698,4.394746141223443
UAV_0068,telemetry_23,5,5,201,-17683.670450311638,19.385391212468274,-50.74098415896515,-12.07805447024839
UAV_0068,telemetry_23,20,20,201,-17621.703066305334,44.80127961343763,-154.15838145001908,-7.343900027909503
UAV_0068,telemetry_23,50,50,201,-17551.77038251219,68.4007987748098,-243.99600064852348,-4.5689336196440955
UAV_0068,telemetry_24,5,5,201,-3633.0244310179733,1.4419754625546053,-0.3588100751226193,-0.44685647739024714
UAV_0068,telemetry_24,20,20,201,-3651.6803445760183,70.99471275151974,8.315166481223514,1.4774208435505463
UAV_0068,telemetry_24,50,50,201,-3640.4400637918284,62.80439002201778,16.847301604126187,-0.7927929759047216
UAV_0068,telemetry_25,5,5,201,-173.79208855021596,0.2822562350887166,-0.030383524200345846,0.06380540082071207
UAV_0068,telemetry_25,20,20,201,-173.46698484127234,0.4189355740206582,-0.8507386776095416,-0.041988659759569
UAV_0068,telemetry_25,50,50,201,-172.88544418807777,0.6424285309258079,-1.7318608794194574,-0.03611882473486886
UAV_0068,telemetry_26,5,5,201,-6940.960622266617,14.969379176103399,11.905519803047355,5.273340617951635
UAV_0068,telemetry_26,20,20,201,-6965.860114141664,22.238304667547517,32.4047011926541,2.966879065169928
UAV_0068,telemetry_26,50,50,201,-6985.3621466139375,27.827587553871304,79.52683978903133,1.4666041981327747
UAV_0068,telemetry_27,5,5,201,969.0302044744709,1.2710574864626038e-13,0.0,0.0
UAV_0068,telemetry_27,20,20,201,969.0302044744709,1.1664023441939594e-13,0.0,0.0
UAV_0068,telemetry_27,50,50,201,969.0302044744708,0.0,0.0,0.0
UAV_0068,telemetry_28,5,5,201,-9932.964606170204,21.17112340585464,-29.171170356772564,-10.819747311632455
UAV_0068,telemetry_28,20,20,201,-9889.823494132736,35.597842972455986,-93.9456269161401,-4.110972782892121
UAV_0068,telemetry_28,50,50,201,-9835.340508085359,55.631665702834894,-191.0328566092594,-3.3061707132926172
UAV_0069,telemetry_01,5,5,170,88.66544316675166,18.512513245519482,4.824493643812474,-2.9565296668645544
UAV_0069,telemetry_01,20,20,170,87.89387174522639,12.32489558934911,-5.194690319465209,0.18806238651055607
UAV_0069,telemetry_01,50,50,170,88.6707223010846,11.84018257569448,-10.959628869947878,-0.04935366317286307
UAV_0069,telemetry_02,5,5,170,10.04712566657444,7.065081895606855,1.4476814382422045,-0.7017210034435074
UAV_0069,telemetry_02,20,20,170,8.862526351532464,6.216240643540559,0.055551955012358434,0.09640190429569397
UAV_0069,telemetry_02,50,50,170,10.811777423030255,7.8501700848751765,-2.6828842879182204,-0.14739873665344547
UAV_0069,telemetry_03,5,5,170,30377.82504938608,0.0,0.0,0.0
UAV_0069,telemetry_03,20,20,170,30377.825049386087,7.46497500284134e-12,0.0,0.0
UAV_0069,telemetry_03,50,50,170,30377.82504938608,0.0,0.0,0.0
UAV_0069,telemetry_04,5,5,170,-125.908844476273,0.020650872290253704,0.027024439709478543,0.000284467786413245
UAV_0069,telemetry_04,20,20,170,-125.90123496298636,0.024918720920425564,-0.005689355728321743,-0.0014512134818276796
UAV_0069,telemetry_04,50,50,170,-125.89800625361056,0.02644531139715764,0.01564572825287769,-0.00025660155427694977
UAV_0069,telemetry_05,5,5,170,-113.52392932203381,0.0019105106726183955,-0.0027703059399755148,-0.0003783165512786013
UAV_0069,telemetry_05,20,20,170,-113.52477860575864,0.00226780105206326,-0.0044964767632933444,7.28677003911977e-05
UAV_0069,telemetry_05,50,50,170,-113.52449864180939,0.0022537832433395773,0.0025284954589608333,-1.0201384897326636e-05
UAV_0069,telemetry_06,5,5,170,-134.29472536706425,0.7590366629806381,0.24797277427910558,0.20276157654439544
UAV_0069,telemetry_06,20,20,170,-134.74827759032274,0.869719177386668,1.7207807669672661,0.042410745730832165
UAV_0069,telemetry_06,50,50,170,-135.26998475487554,1.0053988762285924,2.820377210487834,0.044004785997082574
UAV_0069,telemetry_07,5,5,170,140.5912754437698,0.0,0.0,0.0
UAV_0069,telemetry_07,20,20,170,140.59127544376983,2.9160058604848984e-14,0.0,0.0
UAV_0069,telemetry_07,50,50,170,140.59127544376977,2.8710262101646174e-14,0.0,0.0
UAV_0069,telemetry_08,5,5,170,-4680.605940223165,0.0,0.0,0.0
UAV_0069,telemetry_08,20,20,170,-4680.605940223164,9.331218753551675e-13,0.0,0.0
UAV_0069,telemetry_08,50,50,170,-4680.605940223166,9.187283872526776e-13,0.0,0.0
UAV_0069,telemetry_09,5,5,170,-157.1495696054745,9.417135689840464,13.693341902522064,2.4615987426042665
UAV_0069,telemetry_09,20,20,170,-151.98168089802954,9.6377873600765,8.002260280133555,-0.21584436558927494
UAV_0069,telemetry_09,50,50,170,-152.58853979775066,8.51171441434457,5.903596474961887,0.00970264057665117
UAV_0069,telemetry_10,5,5,170,-62.00254277533378,1.2778662438912185,0.20265405920355306,-0.2201005787404867
UAV_0069,telemetry_10,20,20,170,-62.453417978482854,0.9931357630501166,2.1909815733462565,0.06035764171421739
UAV_0069,telemetry_10,50,50,170,-62.12173732215726,1.2777810187318688,0.22364029180108957,-0.010845512236257694
UAV_0069,telemetry_11,5,5,170,63.14426430702756,0.10497231091729671,0.17307503911571587,0.052349857510310474
UAV_0069,telemetry_11,20,20,170,63.03021640316581,0.14297512486552738,0.43535850888677174,0.018444950562402133
UAV_0069,telemetry_11,50,50,170,62.9304525318533,0.140280542945631,0.4471105177156218,0.00599589722085293
UAV_0069,telemetry_12,5,5,170,630.4559132669754,1.9631555335077293,-3.0630400923564594,-0.3063040092356232
UAV_0069,telemetry_12,20,20,170,631.5612712133477,1.698405309968599,-1.9976348428413075,-0.16021131571660033
UAV_0069,telemetry_12,50,50,170,632.5707426872635,1.8230448008916322,-4.527972310440191,-0.08536031975108702
UAV_0069,telemetry_13,5,5,170,7149.421738161797,3.0636141061898257,5.571228690308089,0.7700219995383122
UAV_0069,telemetry_13,20,20,170,7146.128653870217,3.2889597018750645,7.734233847301766,0.275923720738716
UAV_0069,telemetry_13,50,50,170,7143.380260819179,3.96160679308281,16.768665331629563,0.1645368646129671
UAV_0069,telemetry_14,5,5,170,-648.8153498138018,0.0,0.0,0.0
UAV_0069,telemetry_14,20,20,170,-648.8153498138018,0.0,0.0,0.0
UAV_0069,telemetry_14,50,50,170,-648.8153498138018,0.0,0.0,0.0
UAV_0069,telemetry_15,5,5,170,49913.41282546881,16.40857293429438,14.309143593694898,0.4440768701497291
UAV_0069,telemetry_15,20,20,170,49914.174540655804,21.842574218480397,-20.230168529007642,-0.5582958896953888
UAV_0069,telemetry_15,50,50,170,49924.95635699897,21.60072453854756,-29.851834048902674,-0.5734141845374078
UAV_0069,telemetry_16,5,5,170,-701.1895713810627,2.2612601768671943,-1.7343073863319205,-0.8671536931659716
UAV_0069,telemetry_16,20,20,170,-700.1489869492636,2.222422218648517,-1.7343073863319205,-0.1460469377963738
UAV_0069,telemetry_16,50,50,170,-699.5246362901839,1.898545707210322,-1.7343073863319205,-0.0527995622057369
UAV_0069,telemetry_17,5,5,170,40.41581228213973,0.0,0.0,0.0
UAV_0069,telemetry_17,20,20,170,40.41581228213974,7.290014651212246e-15,0.0,0.0
UAV_0069,telemetry_17,50,50,170,40.41581228213974,7.177565525411544e-15,0.0,0.0
UAV_0069,telemetry_18,5,5,170,-103.32403507966663,0.0067501361182584485,-0.002062663960629152,0.000894401820411872
UAV_0069,telemetry_18,20,20,170,-103.32670953848893,0.007129359807425243,0.003674121158695698,0.00029666110206717024
UAV_0069,telemetry_18,50,50,170,-103.32610223263691,0.006299195916810826,-0.00691102977290825,1.7513277435608978e-05
UAV_0069,telemetry_19,5,5,170,33507.94027032938,0.3871433901229619,-0.49598801931279013,-0.023458938970725284
UAV_0069,telemetry_19,20,20,170,33507.56591560371,0.4992394819012288,0.8191154299929622,0.05868112621655494
UAV_0069,telemetry_19,50,50,170,33506.98652896798,0.6960884488541972,2.0579952174593927,0.037749066389034656
UAV_0069,telemetry_20,5,5,170,-164.8973841769026,0.0,0.0,0.0
UAV_0069,telemetry_20,20,20,170,-164.89738417690256,2.9160058604848984e-14,0.0,0.0
UAV_0069,telemetry_20,50,50,170,-164.8973841769026,0.0,0.0,0.0
UAV_0069,telemetry_21,5,5,170,34964.55868629951,0.5244127277158356,-0.7357687995245215,-0.07357687995172454
UAV_0069,telemetry_21,20,20,170,34964.2643787797,0.49982138961231604,0.8829225594454329,0.04823987918751751
UAV_0069,telemetry_21,50,50,170,34963.755226770416,0.6490376584051741,1.3243838391572353,0.030038445779706376
UAV_0069,telemetry_22,5,5,170,23247.371618485566,42.90067297735725,29.42770139739514,4.967745631936123
UAV_0069,telemetry_22,20,20,170,23191.54639484456,52.03174492374823,123.8294365732072,4.215348993439523
UAV_0069,telemetry_22,50,50,170,23165.469372319145,61.97856495193652,159.81281402448803,1.9775073957707996
UAV_0069,telemetry_23,5,5,170,-17360.9544052436,6.074957973875646,14.261363341498509,1.9212363441121851
UAV_0069,telemetry_23,20,20,170,-17359.435911807508,6.765484505064662,4.5397992361213255,-0.5404683226740806
UAV_0069,telemetry_23,50,50,170,-17357.18409335208,8.856805072653165,-1.6553218496555928,-0.20354429638985602
UAV_0069,telemetry_24,5,5,170,-3627.6626026246568,1.9378919114273188,1.0272719701679307,0.5276659051614387
UAV_0069,telemetry_24,20,20,170,-3630.2155011248274,3.5534766641514928,6.2198967152689875,0.2906995716533186
UAV_0069,telemetry_24,50,50,170,-3633.2289077823975,3.6715822698682787,6.1410066580879175,0.16490665404078547
UAV_0069,telemetry_25,5,5,170,-174.56383006490464,0.23079481779591704,-0.030383524200317424,0.009115057260106595
UAV_0069,telemetry_25,20,20,170,-174.1825168361904,0.475717834484127,-2.005312597222513,-0.060058860994508814
UAV_0069,telemetry_25,50,50,170,-173.75198229827154,0.5444119610824175,-1.5191762100170365,-0.029541685378559814
UAV_0069,telemetry_26,5,5,170,-7438.869196879928,6.243432096904525,-5.88453641558408,-0.6171586972441219
UAV_0069,telemetry_26,20,20,170,-7445.794291564123,6.288492812017916,6.6021628077296555,0.6844968729883312
UAV_0069,telemetry_26,50,50,170,-7451.203759308108,7.08260204174719,7.6068397567314605,0.3581963647435791
UAV_0069,telemetry_27,5,5,170,969.0302044744709,1.2710574864626038e-13,0.0,0.0
UAV_0069,telemetry_27,20,20,170,969.0302044744709,1.1664023441939594e-13,0.0,0.0
UAV_0069,telemetry_27,50,50,170,969.0302044744708,0.0,0.0,0.0
UAV_0069,telemetry_28,5,5,170,-9934.443402834326,28.82473314076227,8.229612894994716,0.9205982953484636
UAV_0069,telemetry_28,20,20,170,-9903.920624744758,28.6966865589174,-24.20601159888247,-2.7584692337415575
UAV_0069,telemetry_28,50,50,170,-9875.746921735015,36.990562353959646,-91.47811065430142,-1.9077125157202008
UAV_0070,telemetry_01,5,5,172,84.35868564359521,9.224379033286606,-18.016520316382113,-2.75758763710745
UAV_0070,telemetry_01,20,20,172,85.82835080234445,9.670973150314003,-15.860826746212311,-0.19741988240079256
UAV_0070,telemetry_01,50,50,172,85.95747110918008,10.27688965657157,3.1945849676152562,0.006224326918923549
UAV_0070,telemetry_02,5,5,172,5.996022122690013,2.953204171561012,4.500318567131872,1.379583286223291
UAV_0070,telemetry_02,20,20,172,9.90402422576011,6.911959908116056,-6.622905410935793,-0.3217014685538773
UAV_0070,telemetry_02,50,50,172,11.974401816703413,7.653629694423353,6.1398148492764815,-0.14024846257028678
UAV_0070,telemetry_03,5,5,172,30377.82504938608,0.0,0.0,0.0
UAV_0070,telemetry_03,20,20,172,30377.825049386087,7.46497500284134e-12,0.0,0.0
UAV_0070,telemetry_03,50,50,172,30377.82504938608,0.0,0.0,0.0
UAV_0070,telemetry_04,5,5,172,-125.89945703932126,0.03456312871059271,-0.01991274504908347,0.0022757422913272764
UAV_0070,telemetry_04,20,20,172,-125.89014071931615,0.028007230026488025,0.008534033592482615,-0.0015560174031383032
UAV_0070,telemetry_04,50,50,172,-125.89086611217152,0.03135203858158969,0.022757422913286973,9.50730272970228e-05
UAV_0070,telemetry_05,5,5,172,-113.52723481321227,0.002336140341024564,0.00014487840944354957,0.0001242290108365296
UAV_0070,telemetry_05,20,20,172,-113.52607782581654,0.002541864225482813,-0.0035383213818960257,1.566288353889551e-05
UAV_0070,telemetry_05,50,50,172,-113.52590267687239,0.002400919749878484,-0.0053394754933577815,-2.159111679976054e-05
UAV_0070,telemetry_06,5,5,172,-134.16648086157844,0.25626160912667373,-0.46964540583167036,-0.050596465054928784
UAV_0070,telemetry_06,20,20,172,-135.0960030488005,0.7530518022432184,2.2643170499831626,0.11347951307787085
UAV_0070,telemetry_06,50,50,172,-135.87864520083338,1.051114007154671,2.1015066426281237,0.04967393789681088
UAV_0070,telemetry_07,5,5,172,140.5912754437698,0.0,0.0,0.0
UAV_0070,telemetry_07,20,20,172,140.59127544376983,2.9160058604848984e-14,0.0,0.0
UAV_0070,telemetry_07,50,50,172,140.59127544376977,2.8710262101646174e-14,0.0,0.0
UAV_0070,telemetry_08,5,5,172,-4680.605940223165,0.0,0.0,0.0
UAV_0070,telemetry_08,20,20,172,-4680.605940223164,9.331218753551675e-13,0.0,0.0
UAV_0070,telemetry_08,50,50,172,-4680.605940223166,9.187283872526776e-13,0.0,0.0
UAV_0070,telemetry_09,5,5,172,-151.09850059546906,6.623623151299557,3.8170378973040044,2.203470626053047
UAV_0070,telemetry_09,20,20,172,-154.78543146992828,7.097453508254798,7.816080605676376,0.4318403583730079
UAV_0070,telemetry_09,50,50,172,-153.7003158194784,8.970644048283805,9.864441959010321,-0.03621489100883067
UAV_0070,telemetry_10,5,5,172,-62.20145972385258,1.807397045135399,-1.0929761973984427,0.012596655531337575
UAV_0070,telemetry_10,20,20,172,-62.36115639299446,1.1702434006032738,-1.6936643098160928,-0.01179022233948724
UAV_0070,telemetry_10,50,50,172,-62.04451120323613,1.3534113155611063,-3.7498153947423987,-0.020290340556784973
UAV_0070,telemetry_11,5,5,172,63.09138026729776,0.17388332806068832,0.4465763354961254,0.10170829459146162
UAV_0070,telemetry_11,20,20,172,62.98083125697368,0.1289621688553396,0.31303078062288137,0.012453675247983997
UAV_0070,telemetry_11,50,50,172,62.84552824259832,0.1623785689690361,0.7414449206562495,0.008104948662338225
UAV_0070,telemetry_12,5,5,172,630.988615891733,1.7607413336941984,-3.995269685682615,-0.9854998558017087
UAV_0070,telemetry_12,20,20,172,632.1605616662001,1.5474216204261533,-2.5303374675988834,-0.1798372018918803
UAV_0070,telemetry_12,50,50,172,633.54558849057,1.7763773936572211,-5.859728872334472,-0.0865881577337212
UAV_0070,telemetry_13,5,5,172,7147.784049456366,2.770267322967264,5.664749270430548,0.8044960156688831
UAV_0070,telemetry_13,20,20,172,7144.022748572568,3.511562238364527,8.86530945755112,0.3219757558156791
UAV_0070,telemetry_13,50,50,172,7140.174338786618,4.6556408025040605,16.142880566988424,0.23437179598347527
UAV_0070,telemetry_14,5,5,172,-648.8153498138018,0.0,0.0,0.0
UAV_0070,telemetry_14,20,20,172,-648.8153498138018,0.0,0.0,0.0
UAV_0070,telemetry_14,50,50,172,-648.8153498138018,0.0,0.0,0.0
UAV_0070,telemetry_15,5,5,172,50042.392485309865,8.965624461216382,-4.317414015342365,-1.0115084264514735
UAV_0070,telemetry_15,20,20,172,50038.11207770037,17.495497465751647,19.18165369671624,0.1768702154082471
UAV_0070,telemetry_15,50,50,172,50036.27655997043,16.2360182357577,28.618287187375245,0.14450120377862155
UAV_0070,telemetry_16,5,5,172,-701.8832943355956,0.7756058419436329,0.0,0.17343073863319206
UAV_0070,telemetry_16,20,20,172,-700.4091330572134,1.6186325600597462,-3.4686147726639547,-0.1864706437935855
UAV_0070,telemetry_16,50,50,172,-698.9002856311047,2.166715915165971,-5.202922158995875,-0.09810391842012292
UAV_0070,telemetry_17,5,5,172,40.41581228213973,0.0,0.0,0.0
UAV_0070,telemetry_17,20,20,172,40.41581228213974,7.290014651212246e-15,0.0,0.0
UAV_0070,telemetry_17,50,50,172,40.41581228213974,7.177565525411544e-15,0.0,0.0
UAV_0070,telemetry_18,5,5,172,-103.32860646272013,0.0024084091150963277,-0.004062525455125865,-0.0012382156148674993
UAV_0070,telemetry_18,20,20,172,-103.32809446857841,0.005038767649027771,0.0003969459118167151,-0.00026671965866340627
UAV_0070,telemetry_18,50,50,172,-103.32893149188,0.005331383023394206,-0.011776448643004755,-2.3579037078802423e-05
UAV_0070,telemetry_19,5,5,172,33507.067526631734,0.43202067958138896,0.38542986075481167,0.19015473028630367
UAV_0070,telemetry_19,20,20,172,33506.71300107135,0.5761453418579161,1.5190143067520694,0.0712072658474221
UAV_0070,telemetry_19,50,50,172,33505.99254337981,0.745032132305217,2.210729175938468,0.04139166309619103
UAV_0070,telemetry_20,5,5,172,-164.8973841769026,0.0,0.0,0.0
UAV_0070,telemetry_20,20,20,172,-164.89738417690256,2.9160058604848984e-14,0.0,0.0
UAV_0070,telemetry_20,50,50,172,-164.8973841769026,0.0,0.0,0.0
UAV_0070,telemetry_21,5,5,172,34964.2643787797,0.48135252246559374,1.0300763193445164,0.22073063985953922
UAV_0070,telemetry_21,20,20,172,34963.64633298809,0.6084187268704745,0.8829225594381569,0.07147468338308889
UAV_0070,telemetry_21,50,50,172,34962.81049963182,0.8898228339178155,2.6487676783071947,0.05248778528602635
UAV_0070,telemetry_22,5,5,172,23248.478799330223,56.1839905071321,-6.847039434043836,12.426648164347352
UAV_0070,telemetry_22,20,20,172,23191.568247098076,71.18890594756837,51.57131829049831,7.197661306202929
UAV_0070,telemetry_22,50,50,172,23141.533870637995,73.50583593273109,189.24051542187954,3.4115258991295416
UAV_0070,telemetry_23,5,5,172,-17400.080491090615,9.711714943806905,19.694752873649122,5.496612980198916
UAV_0070,telemetry_23,20,20,172,-17395.677234528353,8.22939687363229,-2.2541762141045183,-0.37074338127974643
UAV_0070,telemetry_23,50,50,172,-17389.818508009073,8.65738712233016,-3.211222777605144,-0.3086002546651044
UAV_0070,telemetry_24,5,5,172,-3626.661753513571,2.3043509052230107,4.840577964068416,1.0858154080761324
UAV_0070,telemetry_24,20,20,172,-3630.951844315284,3.9833946058123635,12.949263969142066,0.5677089948385154
UAV_0070,telemetry_24,50,50,172,-3635.503346372072,5.216822837673353,18.926704494415844,0.2969921330318283
UAV_0070,telemetry_25,5,5,172,-174.45444937778342,0.2746307574716076,-0.4253693388047566,-0.12761080164142982
UAV_0070,telemetry_25,20,20,172,-173.92577605669752,0.5292593450006171,-1.5799432584177566,-0.06816874903294601
UAV_0070,telemetry_25,50,50,172,-173.35213511979507,0.6578359127663813,-2.49144898442799,-0.03912143183231435
UAV_0070,telemetry_26,5,5,172,-7445.356539464914,4.280086480892044,7.6068397567314605,1.0764395882167264
UAV_0070,telemetry_26,20,20,172,-7448.987729009165,4.694811401915872,15.50073007032006,0.5697845639884109
UAV_0070,telemetry_26,50,50,172,-7456.3218707368815,7.643255650457436,16.648932297752253,0.4330776204521154
UAV_0070,telemetry_27,5,5,172,969.0302044744709,1.2710574864626038e-13,0.0,0.0
UAV_0070,telemetry_27,20,20,172,969.0302044744709,1.1664023441939594e-13,0.0,0.0
UAV_0070,telemetry_27,50,50,172,969.0302044744708,0.0,0.0,0.0
UAV_0070,telemetry_28,5,5,172,-9928.405461521892,26.103534359513375,-64.75775417821205,-12.101851878324851
UAV_0070,telemetry_28,20,20,172,-9903.91520786476,29.278572822743765,-117.59676371941532,-2.915154352413544
UAV_0070,telemetry_28,50,50,172,-9856.861634400102,50.440011183435544,-163.61479275584134,-2.9765966203408856
UAV_0071,telemetry_01,5,5,409,85.80421468824571,15.396966822122359,-33.87434184645049,-8.728355210528065
UAV_0071,telemetry_01,20,20,409,85.1601190789898,11.756565163148842,-17.17287116512628,-0.13662733436650717
UAV_0071,telemetry_01,50,50,409,85.50995435630446,10.93033068817847,-36.56350743123235,-0.04176737998746129
UAV_0071,telemetry_02,5,5,409,12.31783314431828,8.098126339955305,12.14132776290514,3.3828893145742898
UAV_0071,telemetry_02,20,20,409,12.354557136628348,6.540861689994014,-3.8461766995963593,-0.08386121593348306
UAV_0071,telemetry_02,50,50,409,12.002859124888372,7.056554351936468,-8.82412886387645,0.01562366611013262
UAV_0071,telemetry_03,5,5,409,30377.82504938608,0.0,0.0,0.0
UAV_0071,telemetry_03,20,20,409,30377.825049386087,7.46497500284134e-12,0.0,0.0
UAV_0071,telemetry_03,50,50,409,30377.82504938608,0.0,0.0,0.0
UAV_0071,telemetry_04,5,5,409,-125.87357047075746,0.037636926495157784,-0.005689355728321743,0.004693718475857622
UAV_0071,telemetry_04,20,20,409,-125.89440773611241,0.03761025338117284,-0.032713795437800286,0.0022532843081871285
UAV_0071,telemetry_04,50,50,409,-125.88810677464328,0.03236230457458241,0.014223389320775937,-6.208432601490986e-05
UAV_0071,telemetry_05,5,5,409,-113.52379608274998,0.0020037976123903184,-0.004332362868879613,-0.0006028865664120531
UAV_0071,telemetry_05,20,20,409,-113.52631109741385,0.0025339921296229882,-0.0008322191857814687,0.00020035834972747437
UAV_0071,telemetry_05,50,50,409,-113.52592952028296,0.002754160953514753,0.0036852478319957527,-8.946562269034184e-06
UAV_0071,telemetry_06,5,5,409,-142.27193437235877,0.5822669726655022,0.05886222419758269,-0.10169388520941994
UAV_0071,telemetry_06,20,20,409,-142.00035408901317,0.7011837845610306,0.34315424319430576,-0.03867806525220308
UAV_0071,telemetry_06,50,50,409,-141.43594050222342,0.9463080770994409,-1.5454464821233955,-0.04173876100894458
UAV_0071,telemetry_07,5,5,409,140.69441388260046,0.03843742671976016,0.0,0.0
UAV_0071,telemetry_07,20,20,409,140.68152157774662,0.01921871335988008,0.0,0.0009693462296114715
UAV_0071,telemetry_07,50,50,409,140.67894311677586,0.012154981583025668,0.0,0.00018572347928690378
UAV_0071,telemetry_08,5,5,409,-4680.605940223165,0.0,0.0,0.0
UAV_0071,telemetry_08,20,20,409,-4680.605940223164,9.331218753551675e-13,0.0,0.0
UAV_0071,telemetry_08,50,50,409,-4680.605940223166,9.187283872526776e-13,0.0,0.0
UAV_0071,telemetry_09,5,5,409,-150.36669120578088,11.116975474835485,-27.252349718111873,-4.812808831071484
UAV_0071,telemetry_09,20,20,409,-152.40639785222476,8.539034821243128,-3.9036258422288483,0.3889941356698576
UAV_0071,telemetry_09,50,50,409,-152.7165429471809,9.549359971921689,-10.13181963202689,0.03904817393664583
UAV_0071,telemetry_10,5,5,409,-60.749099610948505,1.2023917277730527,3.107611872559687,0.6901543445596424
UAV_0071,telemetry_10,20,20,409,-61.895063762672805,1.101993059313063,3.8786234740621737,0.0813095562345504
UAV_0071,telemetry_10,50,50,409,-62.13048006572379,0.999839960991509,2.8115071514985175,0.01792046478023171
UAV_0071,telemetry_11,5,5,409,61.570670324845175,0.12181556735560674,0.01655964880428229,0.02596125586735738
UAV_0071,telemetry_11,20,20,409,61.62040268947997,0.16223484716061318,-0.24145036321082358,-0.014271099716559559
UAV_0071,telemetry_11,50,50,409,61.74192914441463,0.18830377468229706,-0.3434791671339852,-0.008889305152501817
UAV_0071,telemetry_12,5,5,409,645.2916813664767,1.5992172863290475,2.3971618114094326,0.4527972310440191
UAV_0071,telemetry_12,20,20,409,644.4193808184361,1.5391199342842323,2.1308104990307584,0.06879073368581475
UAV_0071,telemetry_12,50,50,409,643.1049370918466,1.8933342774926092,5.3270262475766685,0.0901245869232886
UAV_0071,telemetry_13,5,5,409,7144.148081055117,3.085317486321825,4.832966071447117,1.6762168720615591
UAV_0071,telemetry_13,20,20,409,7142.325729578348,3.3100283249814084,1.0551279071632962,0.1356732974504899
UAV_0071,telemetry_13,50,50,409,7139.669239165349,3.781723043494633,10.868367840203973,0.14113491289624652
UAV_0071,telemetry_14,5,5,409,-648.8153498138018,0.0,0.0,0.0
UAV_0071,telemetry_14,20,20,409,-648.8153498138018,0.0,0.0,0.0
UAV_0071,telemetry_14,50,50,409,-648.8153498138018,0.0,0.0,0.0
UAV_0071,telemetry_15,5,5,409,50311.91013908445,22.478849014978582,62.047407134698005,12.970745248933236
UAV_0071,telemetry_15,20,20,409,50270.11448754883,38.79561016258277,124.83494238632557,5.902614480281374
UAV_0071,telemetry_15,50,50,409,50218.591085463224,54.95853421187544,203.65858683776605,3.5359731849256124
UAV_0071,telemetry_16,5,5,409,-702.9238787673946,1.8998385542836393,0.0,0.0
UAV_0071,telemetry_16,20,20,409,-701.6231482276457,1.6380762910280895,-1.7343073863319205,-0.10040726973500592
UAV_0071,telemetry_16,50,50,409,-699.8021254719971,2.1022980232067043,-5.202922158995875,-0.10676504534346107
UAV_0071,telemetry_17,5,5,409,40.41581228213973,0.0,0.0,0.0
UAV_0071,telemetry_17,20,20,409,40.41581228213974,7.290014651212246e-15,0.0,0.0
UAV_0071,telemetry_17,50,50,409,40.41581228213974,7.177565525411544e-15,0.0,0.0
UAV_0071,telemetry_18,5,5,409,-102.87727916428878,0.03426080578493983,-0.002992803696557189,3.656427744687107e-05
UAV_0071,telemetry_18,20,20,409,-102.87916534057517,0.03197078407372777,-0.0028812486325762166,-0.0005829225858940411
UAV_0071,telemetry_18,50,50,409,-102.87177480055098,0.036662343014775146,0.0006827167093632625,-0.00016651895165684295
UAV_0071,telemetry_19,5,5,409,33510.657065874504,0.2259873429174575,0.5281579653237714,0.09337606971821515
UAV_0071,telemetry_19,20,20,409,33509.81280405188,0.7166161684098104,1.744570043607382,0.10764816252743284
UAV_0071,telemetry_19,50,50,409,33508.43574631272,1.324924324543833,4.181782651176036,0.08576616623781746
UAV_0071,telemetry_20,5,5,409,-164.8973841769026,0.0,0.0,0.0
UAV_0071,telemetry_20,20,20,409,-164.89738417690256,2.9160058604848984e-14,0.0,0.0
UAV_0071,telemetry_20,50,50,409,-164.8973841769026,0.0,0.0,0.0
UAV_0071,telemetry_21,5,5,409,34967.560623001584,0.6695091794945953,1.7658451188690378,0.35316902377380754
UAV_0071,telemetry_21,20,20,409,34966.72920425811,0.8873968306280801,2.795921438213554,0.13199581621630296
UAV_0071,telemetry_21,50,50,409,34965.265024347056,1.49684662626909,6.033304156146187,0.09814961465034944
UAV_0071,telemetry_22,5,5,409,23172.72432048543,55.81922801566877,-0.7284084504317434,-11.610830699865256
UAV_0071,telemetry_22,20,20,409,23182.281039355083,63.39560995589814,34.08951548015102,2.453586359345179
UAV_0071,telemetry_22,50,50,409,23146.379243650255,76.51645190058848,314.9638139662093,2.9248965878468347
UAV_0071,telemetry_23,5,5,409,-17482.96313864216,6.216494806803524,-8.855990093841683,-2.577871711222542
UAV_0071,telemetry_23,20,20,409,-17474.87320713735,10.54174045845632,-16.854558032857312,-1.4360265337207239
UAV_0071,telemetry_23,50,50,409,-17452.080612369464,23.028506823034707,-67.449268371176,-1.4991609242034587
UAV_0071,telemetry_24,5,5,409,-3736.369672057557,3.0580959088165613,-7.0470392452011765,-1.3362113099911768
UAV_0071,telemetry_24,20,20,409,-3725.3997535157696,8.501999819745128,-29.703878451618948,-1.3802533909057422
UAV_0071,telemetry_24,50,50,409,-3708.624322955642,16.28972714247615,-54.896604071701404,-1.0967192806285815
UAV_0071,telemetry_25,5,5,409,-174.1931510696605,0.15282640849560727,-0.30383524200343004,-0.07292045808082151
UAV_0071,telemetry_25,20,20,409,-173.8391830127265,0.43109623229060745,-0.8203551534092242,-0.05567266802724118
UAV_0071,telemetry_25,50,50,409,-173.43477830561994,0.530208443031824,-1.6103267826181025,-0.03046960477310573
UAV_0071,telemetry_26,5,5,409,-7654.157114523279,10.036307200811864,-20.093538980046105,-4.521046270510396
UAV_0071,telemetry_26,20,20,409,-7636.891023528284,15.306389157900133,-43.63168464238515,-2.265972779285745
UAV_0071,telemetry_26,50,50,409,-7602.298560921349,33.38412105357758,-115.9684249705524,-2.2493736505407482
UAV_0071,telemetry_27,5,5,409,969.0302044744709,1.2710574864626038e-13,0.0,0.0
UAV_0071,telemetry_27,20,20,409,969.0302044744709,1.1664023441939594e-13,0.0,0.0
UAV_0071,telemetry_27,50,50,409,969.0302044744708,0.0,0.0,0.0
UAV_0071,telemetry_28,5,5,409,-9902.137297654634,26.80959855256913,-4.663995607079414,-4.768160672235718
UAV_0071,telemetry_28,20,20,409,-9874.288439988446,29.419123115655946,-57.48939824272202,-2.092749093833152
UAV_0071,telemetry_28,50,50,409,-9840.106456867326,43.155527809118276,-136.8557039199368,-2.1582772229007854
UAV_0072,telemetry_01,5,5,232,52.521178386334086,14.636547855506468,3.2865110801306017,-1.0760378444794647
UAV_0072,telemetry_01,20,20,232,43.0072102639417,16.38795244877776,10.95467501342214,1.2336187154814842
UAV_0072,telemetry_01,50,50,232,38.04200668762687,16.72984510413418,19.05343882999808,0.2900468907735369
UAV_0072,telemetry_02,5,5,232,15.047370605809913,4.172345093028102,6.885617204361026,0.5933885183073819
UAV_0072,telemetry_02,20,20,232,12.65527690130325,6.7712021172655446,8.808372566046422,0.22342903713596754
UAV_0072,telemetry_02,50,50,232,11.684041778232409,7.615486186629275,18.326499856375904,0.10324559111590839
UAV_0072,telemetry_03,5,5,232,30377.82504938608,0.0,0.0,0.0
UAV_0072,telemetry_03,20,20,232,30377.825049386087,7.46497500284134e-12,0.0,0.0
UAV_0072,telemetry_03,50,50,232,30377.82504938608,7.795668872339385e-12,0.0,0.0
UAV_0072,telemetry_04,5,5,232,-125.90742213734093,0.012626012251343363,-0.0028446778641608716,-0.003982549009818115
UAV_0072,telemetry_04,20,20,232,-125.901306079933,0.030034775971102556,-0.03982549009820957,-0.0009945678246872358
UAV_0072,telemetry_04,50,50,232,-125.88707823189323,0.05330926021859712,-0.0412478290302829,-0.0010832646591259346
UAV_0072,telemetry_05,5,5,232,-113.5250006816555,0.0019953750912101603,0.0015889940674043146,7.941363791559297e-05
UAV_0072,telemetry_05,20,20,232,-113.52528732464529,0.002298395062226345,0.002550419733694298,6.148303322599157e-05
UAV_0072,telemetry_05,50,50,232,-113.52564629322677,0.0024816818113251385,0.0030985342015554806,2.7207830322654012e-05
UAV_0072,telemetry_06,5,5,232,-142.38239497181038,1.0076187573029656,-1.5016129109125131,-0.15454464821235092
UAV_0072,telemetry_06,20,20,232,-142.33474161796534,0.7209195466191363,-1.3450644423019753,0.014426941880194642
UAV_0072,telemetry_06,50,50,232,-141.3482483120465,1.1283346713817834,-2.4584371510602523,-0.05697555392347637
UAV_0072,telemetry_07,5,5,232,140.71160362240556,0.04707604124451628,0.08594869902555047,0.017189739805110092
UAV_0072,telemetry_07,20,20,232,140.6858190126979,0.026454451377029148,0.08594869902555047,0.0021971847871193355
UAV_0072,telemetry_07,50,50,232,140.67894311677586,0.021195779814488815,0.08594869902555047,0.0005819335684322985
UAV_0072,telemetry_08,5,5,232,-4680.605940223138,1.203148399811012e-12,-1.8189894035458565e-12,0.0
UAV_0072,telemetry_08,20,20,232,-4680.605940223138,1.9349627043809614e-12,0.0,0.0
UAV_0072,telemetry_08,50,50,232,-4680.60594022314,1.7334532541653105e-12,4.547473508864641e-12,0.0
UAV_0072,telemetry_09,5,5,232,-148.8249404836647,8.218601358338251,10.19123029266558,2.1685802425346026
UAV_0072,telemetry_09,20,20,232,-150.06177007372838,7.703735362622185,-5.016105513439555,0.0682466198183554
UAV_0072,telemetry_09,50,50,232,-152.1218064983824,9.351306571521729,0.805605987971461,0.1379996633282465
UAV_0072,telemetry_10,5,5,232,-63.190851192635435,0.5789826981361436,0.09564125397068324,0.09554113384576723
UAV_0072,telemetry_10,20,20,232,-62.8589694173751,0.8868443572259844,1.8804747958975412,-0.01985038127749389
UAV_0072,telemetry_10,50,50,232,-62.3555257298632,2.1296880547282053,0.44905773077833544,-0.03676950807280098
UAV_0072,telemetry_11,5,5,232,61.58584109987877,0.037898713232425614,-0.04700803531538611,-0.010683644389860802
UAV_0072,telemetry_11,20,20,232,61.69695100153331,0.10124364527947112,-0.2938002207211312,-0.013187472928445043
UAV_0072,telemetry_11,50,50,232,61.773564247012146,0.5670343314281003,-0.5117465662742688,-0.003824763268476243
UAV_0072,telemetry_12,5,5,232,645.3982218914284,1.1784352540280079,1.5981078742731825,0.21308104990309856
UAV_0072,telemetry_12,20,20,232,644.6657557823867,1.8157083716534086,5.193850591387445,0.1532020706539933
UAV_0072,telemetry_12,50,50,232,643.2887194973879,2.0176576098116863,4.527972310440191,0.09682014092234374
UAV_0072,telemetry_13,5,5,232,7142.887896459052,2.9648598982986716,0.31401954762532114,-0.5711662529864953
UAV_0072,telemetry_13,20,20,232,7140.821040654178,3.01373631963693,5.712423806858169,0.17453769688628726
UAV_0072,telemetry_13,50,50,232,7138.005356428547,3.946134108396419,10.588812963501368,0.15065074818199628
UAV_0072,telemetry_14,5,5,232,-648.8153498138023,1.2710574864626038e-13,0.0,0.0
UAV_0072,telemetry_14,20,20,232,-648.8153498138023,9.75882216242726e-14,0.0,0.0
UAV_0072,telemetry_14,50,50,232,-648.8153498138023,1.1368683772161603e-13,1.1368683772161603e-13,0.0
UAV_0072,telemetry_15,5,5,232,50305.31066337529,25.451280985111644,37.684856619584025,1.5851077170598729
UAV_0072,telemetry_15,20,20,232,50267.15089121401,33.32163107458452,99.48555438198673,4.824744942596201
UAV_0072,telemetry_15,50,50,232,50193.05419833595,68.36695889817915,228.51455609749246,4.458352297448751
UAV_0072,telemetry_16,5,5,232,-701.1895713810627,1.4510256638667078,1.7343073863319205,0.0
UAV_0072,telemetry_16,20,20,232,-700.7559945344798,1.73202389964535,-1.7343073863320342,-0.11866313695955502
UAV_0072,telemetry_16,50,50,232,-698.5534241538381,2.478572815139096,-1.7343073863320342,-0.13474714771116958
UAV_0072,telemetry_17,5,5,232,40.41581228213973,0.0,0.0,0.0
UAV_0072,telemetry_17,20,20,232,40.41581228213974,7.290014651212246e-15,0.0,0.0
UAV_0072,telemetry_17,50,50,232,40.41581228213973,1.1165671561944431e-14,0.0,0.0
UAV_0072,telemetry_18,5,5,232,-100.43008576737387,0.08986176437572004,0.18748303816039424,0.02414357016190678
UAV_0072,telemetry_18,20,20,232,-100.4972182685269,0.11710490285009313,0.1631116892753539,0.00635782387629429
UAV_0072,telemetry_18,50,50,232,-100.54065891257831,0.10433980506707527,0.22268237243804379,0.0029544394757407824
UAV_0072,telemetry_19,5,5,232,33510.81083405922,0.2979565917036845,0.7168879591408768,0.15209285002711112
UAV_0072,telemetry_19,20,20,232,33509.82490700456,0.9253618675281164,3.1165829496021615,0.1326713193994658
UAV_0072,telemetry_19,50,50,232,33508.16297095985,1.6166032644722623,4.5486952750361525,0.10520559918461136
UAV_0072,telemetry_20,5,5,232,-164.8973841769026,0.0,0.0,0.0
UAV_0072,telemetry_20,20,20,232,-164.89738417690256,2.9160058604848984e-14,0.0,0.0
UAV_0072,telemetry_20,50,50,232,-164.8973841769026,0.0,0.0,0.0
UAV_0072,telemetry_21,5,5,232,34968.00208428131,0.3190217493501754,-0.4414612797263544,-0.14715375990781468
UAV_0072,telemetry_21,20,20,232,34966.47168517829,1.176842768798521,3.090228958026273,0.18167404042524823
UAV_0072,telemetry_21,50,50,232,34964.87359534571,1.6561813835147818,5.591842876427108,0.10631108368722794
UAV_0072,telemetry_22,5,5,232,23205.386155402746,60.107831036939956,46.909504207731516,10.27055915107194
UAV_0072,telemetry_22,20,20,232,23195.99697047669,45.522856117955314,-54.33927040212802,0.7296133365892281
UAV_0072,telemetry_22,50,50,232,23143.853123144163,75.06699552758857,130.67647600725104,3.4486441247044226
UAV_0072,telemetry_23,5,5,232,-17487.361760956504,9.729052815300383,7.268150838517613,-0.7006004996386764
UAV_0072,telemetry_23,20,20,232,-17469.00378336422,14.228780400633568,-46.96467368467347,-2.1280090071686133
UAV_0072,telemetry_23,50,50,232,-17441.773544924232,26.832932464754624,-76.03214903398839,-1.7531254450918416
UAV_0072,telemetry_24,5,5,232,-3737.302417418414,4.3266392592245255,-6.662101476447788,-2.0165658483868354
UAV_0072,telemetry_24,20,20,232,-3725.15518860366,10.032728584573283,-32.81045918928612,-1.6081766740265078
UAV_0072,telemetry_24,50,50,232,-3710.6409199617437,35.066911012791955,-65.60562435382599,-0.8620406535026637
UAV_0072,telemetry_25,5,5,232,-174.0898470873793,0.17506816850029802,-0.24306819360273835,-0.06684375324075234
UAV_0072,telemetry_25,20,20,232,-173.795126902636,0.41735529329938975,-1.276108016414355,-0.04546106252532287
UAV_0072,telemetry_25,50,50,232,-173.17773369088508,0.6448734936244829,-2.552216032828653,-0.03919584046300908
UAV_0072,telemetry_26,5,5,232,-7835.165231318245,18.615130641635886,25.412300867473277,9.468771411980379
UAV_0072,telemetry_26,20,20,232,-7813.6912335394445,25.037125427141326,-30.12073163869627,-2.838477986334902
UAV_0072,telemetry_26,50,50,232,-7799.78386265462,26.883358426917177,8.991791026367537,-0.9204836429069765
UAV_0072,telemetry_27,5,5,232,969.0302044744709,1.2710574864626038e-13,0.0,0.0
UAV_0072,telemetry_27,20,20,232,969.0302044744709,1.1664023441939594e-13,0.0,0.0
UAV_0072,telemetry_27,50,50,232,969.0302044744708,0.0,0.0,0.0
UAV_0072,telemetry_28,5,5,232,-9900.675485636952,44.174931985699466,-87.29097817098591,-25.847285331425883
UAV_0072,telemetry_28,20,20,232,-9863.616979636705,38.14817600668007,-124.16789528462687,-4.043224875196449
UAV_0072,telemetry_28,50,50,232,-9827.093147811585,42.813251182956414,-185.5498126660932,-2.3073133782729918
UAV_0073,telemetry_01,5,5,215,89.00379135709343,8.480696297874841,-18.273010425255308,-2.963284489797431
UAV_0073,telemetry_01,20,20,215,86.9480265980461,9.292341610719676,-9.058272553544114,-0.011481354545880888
UAV_0073,telemetry_01,50,50,215,87.87413755521877,9.288208927274576,-14.383101799090923,-0.042915774986009965
UAV_0073,telemetry_02,5,5,215,16.927448982282367,7.096501390542709,-19.758476401739077,-3.980007650355742
UAV_0073,telemetry_02,20,20,215,12.383566093007397,7.888401867468342,-8.021386479977059,0.08537787231185691
UAV_0073,telemetry_02,50,50,215,12.635013906059253,7.607704591537272,-9.070344494001489,-0.01767166245508607
UAV_0073,telemetry_03,5,5,215,30377.82504938608,0.0,0.0,0.0
UAV_0073,telemetry_03,20,20,215,30377.825049386087,7.46497500284134e-12,0.0,0.0
UAV_0073,telemetry_03,50,50,215,30377.82504938608,0.0,0.0,0.0
UAV_0073,telemetry_04,5,5,215,-125.88779386007823,0.023957018351568007,-0.051204201554824635,-0.010098606417757594
UAV_0073,telemetry_04,20,20,215,-125.89291428023371,0.022698394152391624,-0.012801050388731028,-0.00011763705453313933
UAV_0073,telemetry_04,50,50,215,-125.8941374917153,0.030574460768011073,0.02133508398117101,-0.0002352920826416241
UAV_0073,telemetry_05,5,5,215,-113.52809138388906,0.0026862823919078134,-0.002843575056132863,-0.000486972956143461
UAV_0073,telemetry_05,20,20,215,-113.52578669327491,0.0030436130670295648,-0.0002586785267197911,-0.0001818436962251008
UAV_0073,telemetry_05,50,50,215,-113.52588173630718,0.0027874522672926127,-0.005372471778642307,3.3373471736154682e-06
UAV_0073,telemetry_06,5,5,215,-142.7142777252648,0.6828865130820843,-1.1346633004893079,-0.27314576803169643
UAV_0073,telemetry_06,20,20,215,-142.02734304500163,0.8149427121347054,-1.9386962352731416,-0.09820226583132609
UAV_0073,telemetry_06,50,50,215,-140.9226619072206,1.3256637624681744,-3.327594248786056,-0.07470846236766975
UAV_0073,telemetry_07,5,5,215,140.6944138826005,0.03843742671976015,0.08594869902555047,0.017189739805110092
UAV_0073,telemetry_07,20,20,215,140.68152157774662,0.019218713359880076,0.08594869902555047,0.0012278385575078639
UAV_0073,telemetry_07,50,50,215,140.6548774810487,0.04185470943726735,0.17189739805110094,0.0021997914324426602
UAV_0073,telemetry_08,5,5,215,-4680.605940223165,0.0,0.0,0.0
UAV_0073,telemetry_08,20,20,215,-4680.605940223164,9.331218753551675e-13,0.0,0.0
UAV_0073,telemetry_08,50,50,215,-4680.605940223166,9.187283872526776e-13,0.0,0.0
UAV_0073,telemetry_09,5,5,215,-152.3230559039891,6.496984156754323,-7.91312595188532,-3.1395838859891994
UAV_0073,telemetry_09,20,20,215,-152.3812813833626,9.635510741365342,12.559806800591787,0.7584630654119485
UAV_0073,telemetry_09,50,50,215,-151.2515491818146,8.97332261814117,-5.236203322638573,0.016514286467601356
UAV_0073,telemetry_10,5,5,215,-62.331809360626345,0.8305382086219532,0.3310744121032201,-0.08266472329369563
UAV_0073,telemetry_10,20,20,215,-62.21936037460979,1.1936673514884781,-2.019205003218758,-0.004083365822645732
UAV_0073,telemetry_10,50,50,215,-62.285162515622034,1.1991062561838615,-3.4307953715366963,-0.007117918544744941
UAV_0073,telemetry_11,5,5,215,61.60421696822933,0.0547603218005457,-0.038461119803493204,-0.012179354604440107
UAV_0073,telemetry_11,20,20,215,61.70923719258165,0.12206194445707838,-0.18429286572507664,-0.014018066033641865
UAV_0073,telemetry_11,50,50,215,61.89591251100566,0.20123099732376393,-0.4214697711799573,-0.011882803313224374
UAV_0073,telemetry_12,5,5,215,646.0374650411377,0.8078835304513615,0.7990539371367049,0.05327026247580306
UAV_0073,telemetry_12,20,20,215,643.9865599358205,2.0999211578759116,6.259255840902824,0.29699172650963873
UAV_0073,telemetry_12,50,50,215,642.4443858371471,2.078022776758654,5.460201903766347,0.10712246899538996
UAV_0073,telemetry_13,5,5,215,7144.367104472891,4.653575879736385,3.648637039495952,0.7309675825896192
UAV_0073,telemetry_13,20,20,215,7140.115746606134,4.585762013951256,7.0803068648729095,0.36724741565969754
UAV_0073,telemetry_13,50,50,215,7136.76253671777,4.811585274475936,6.732474460204685,0.2319410974858119
UAV_0073,telemetry_14,5,5,215,-648.8153498138018,0.0,0.0,0.0
UAV_0073,telemetry_14,20,20,215,-648.8153498138018,0.0,0.0,0.0
UAV_0073,telemetry_14,50,50,215,-648.8153498138018,0.0,0.0,0.0
UAV_0073,telemetry_15,5,5,215,50321.260424294815,22.489770155729634,62.35579385008896,13.396318916161544
UAV_0073,telemetry_15,20,20,215,50248.996165279525,59.09412484442171,190.70634479176078,8.943353867882356
UAV_0073,telemetry_15,50,50,215,50165.50292918378,83.85377063370447,286.8613226476373,5.443492734203794
UAV_0073,telemetry_16,5,5,215,-700.4958484265301,2.3268175258309576,-1.7343073863319205,-0.6937229545327795
UAV_0073,telemetry_16,20,20,215,-699.8888408413138,1.8211314182828855,-5.202922158995875,-0.16821477656904016
UAV_0073,telemetry_16,50,50,215,-697.6515843129456,2.635103828320748,-8.671536931659716,-0.14640635703104735
UAV_0073,telemetry_17,5,5,215,40.41581228213973,0.0,0.0,0.0
UAV_0073,telemetry_17,20,20,215,40.41581228213974,7.290014651212246e-15,0.0,0.0
UAV_0073,telemetry_17,50,50,215,40.41581228213974,7.177565525411544e-15,0.0,0.0
UAV_0073,telemetry_18,5,5,215,-103.10362598267602,0.04677748165537997,-0.08110754977306556,-0.024633370205555137
UAV_0073,telemetry_18,20,20,215,-103.0938290934924,0.04189289499005666,-0.08108018608810141,-0.0025440770087929725
UAV_0073,telemetry_18,50,50,215,-103.0855221681397,0.03543864556682914,-0.08436930359911798,-0.0006156256133432355
UAV_0073,telemetry_19,5,5,215,33510.64231685958,0.3753067134783702,0.8828816747918609,0.20846023922931636
UAV_0073,telemetry_19,20,20,215,33509.338976127365,1.0685433802798656,3.250914147211006,0.1724287027925683
UAV_0073,telemetry_19,50,50,215,33507.390486819044,1.8691069593566803,5.803216260705085,0.1238773416199311
UAV_0073,telemetry_20,5,5,215,-164.8973841769026,0.0,0.0,0.0
UAV_0073,telemetry_20,20,20,215,-164.89738417690256,2.9160058604848984e-14,0.0,0.0
UAV_0073,telemetry_20,50,50,215,-164.8973841769026,0.0,0.0,0.0
UAV_0073,telemetry_21,5,5,215,34967.82549976942,0.579344932096559,-0.14715375991363544,0.10300763193299645
UAV_0073,telemetry_21,20,20,215,34966.206808410454,1.2531964948003216,3.8259977575507946,0.19295951674869144
UAV_0073,telemetry_21,50,50,215,34964.17314344855,2.022852781585177,5.591842876427108,0.13166463425344643
UAV_0073,telemetry_22,5,5,215,23212.67023990705,21.64871089463182,-5.535904223270336,-6.657653236935585
UAV_0073,telemetry_22,20,20,215,23182.266471186078,49.09078418652345,47.346549277986924,4.7137337226814475
UAV_0073,telemetry_22,50,50,215,23106.689724003194,82.87359525817682,153.83986473094774,4.160011490042627
UAV_0073,telemetry_23,5,5,215,-17488.444748097765,14.535532324859716,-20.4294178990167,-7.3397858781798275
UAV_0073,telemetry_23,20,20,215,-17464.3664802277,21.515267824702615,-67.92435681780262,-3.382915407582041
UAV_0073,telemetry_23,50,50,215,-17429.81626258645,33.531099062502754,-113.6145167772047,-2.202530746759695
UAV_0073,telemetry_24,5,5,215,-3741.454630114633,4.797296598874431,-11.885096554477968,-2.6627412969323814
UAV_0073,telemetry_24,20,20,215,-3720.6278156159133,15.478959649253152,-48.14089216212278,-2.541191972324305
UAV_0073,telemetry_24,50,50,215,-3696.906265295204,23.30537478459499,-80.97887408453835,-1.5498764746932245
UAV_0073,telemetry_25,5,5,215,-174.36937551002248,0.36116796937472306,-0.3646022904040933,-0.16407103068184198
UAV_0073,telemetry_25,20,20,215,-173.7753776119058,0.4971334717550701,-1.063423347011934,-0.07102434341267691
UAV_0073,telemetry_25,50,50,215,-172.93101947437833,0.8408802130532196,-2.6433666054296907,-0.052102090406645055
UAV_0073,telemetry_26,5,5,215,-7666.528993523852,12.318783928282143,-23.538145662339957,-7.004033587330468
UAV_0073,telemetry_26,20,20,215,-7627.475765263346,30.435749181747095,-99.31949267279924,-5.089859610810208
UAV_0073,telemetry_26,50,50,215,-7578.668559080816,47.492375790172275,-164.33644380109308,-3.173903878637922
UAV_0073,telemetry_27,5,5,215,969.0302044744709,1.2710574864626038e-13,0.0,0.0
UAV_0073,telemetry_27,20,20,215,969.0302044744709,1.1664023441939594e-13,0.0,0.0
UAV_0073,telemetry_27,50,50,215,969.0302044744708,0.0,0.0,0.0
UAV_0073,telemetry_28,5,5,215,-9902.291547922727,19.097836462987747,-22.23927110400291,-5.174142491268867
UAV_0073,telemetry_28,20,20,215,-9860.042278023519,41.255823621608364,-105.08828032027486,-6.096454257895469
UAV_0073,telemetry_28,50,50,215,-9805.863531343266,54.31322142127212,-178.26474891784164,-3.3375907108808534
UAV_0074,telemetry_01,5,5,193,84.68737796991466,6.643465777591826,-2.2070894804502075,0.430493912971599
UAV_0074,telemetry_01,20,20,193,86.55559692985392,9.017817387987046,-7.545316213559275,-0.2773885429749509
UAV_0074,telemetry_01,50,50,193,85.04246664234358,10.111995524134098,-11.587175130089449,0.04625358231581266
UAV_0074,telemetry_02,5,5,193,11.386025434253282,6.34273133430516,9.79332276014036,3.0393361460096866
UAV_0074,telemetry_02,20,20,193,12.23923408968992,5.966368516530811,4.556745455347022,-0.16585828457022728
UAV_0074,telemetry_02,50,50,193,10.385448259122565,6.804961223250194,12.761173462774266,0.1459840053739989
UAV_0074,telemetry_03,5,5,193,30377.82504938608,0.0,0.0,0.0
UAV_0074,telemetry_03,20,20,193,30377.825049386087,7.46497500284134e-12,0.0,0.0
UAV_0074,telemetry_03,50,50,193,30377.82504938608,5.716823839715549e-12,0.0,0.0
UAV_0074,telemetry_04,5,5,193,-125.88295790770917,0.01875115326995721,-0.03840315116612203,-0.0045514845826517105
UAV_0074,telemetry_04,20,20,193,-125.90052379352035,0.027818024614908548,-0.008534033592482615,0.0013870478157185099
UAV_0074,telemetry_04,50,50,193,-125.9056599552795,0.060925075150432856,-0.008534033592482615,1.8459114777974933e-05
UAV_0074,telemetry_05,5,5,193,-113.52551921869426,0.0021509523100385133,-0.0018529167075769237,-0.00029937591295379205
UAV_0074,telemetry_05,20,20,193,-113.52578175745502,0.002196292537630812,-0.004445151931804503,-5.899544159384239e-06
UAV_0074,telemetry_05,50,50,193,-113.52570662614644,0.002357777421377035,-0.0010727709565259147,1.3682065288623092e-05
UAV_0074,telemetry_06,5,5,193,-133.5295164524958,0.638602693791308,1.3337929525619643,0.16118230328142716
UAV_0074,telemetry_06,20,20,193,-133.98112747474357,0.764685092854549,0.5272552422803756,0.07154429803364207
UAV_0074,telemetry_06,50,50,193,-135.01858043816446,1.1780117113506514,3.197345922902059,0.06504652392236233
UAV_0074,telemetry_07,5,5,193,140.5912754437698,0.0,0.0,0.0
UAV_0074,telemetry_07,20,20,193,140.59127544376983,2.9160058604848984e-14,0.0,0.0
UAV_0074,telemetry_07,50,50,193,140.59127544376977,2.8710262101646174e-14,0.0,0.0
UAV_0074,telemetry_08,5,5,193,-4680.605940223165,0.0,0.0,0.0
UAV_0074,telemetry_08,20,20,193,-4680.605940223164,9.331218753551675e-13,0.0,0.0
UAV_0074,telemetry_08,50,50,193,-4680.605940223166,9.187283872526776e-13,0.0,0.0
UAV_0074,telemetry_09,5,5,193,-154.9183418242083,8.726862608778804,-2.883963486458157,-1.753232302224805
UAV_0074,telemetry_09,20,20,193,-153.09187032784135,9.144690593462517,-17.787257575666445,-0.12391921019624325
UAV_0074,telemetry_09,50,50,193,-152.77008327295164,9.435095898273936,-11.930920655881948,-0.06199134707835389
UAV_0074,telemetry_10,5,5,193,-62.20306348669048,1.3411691412477662,3.2042850184073544,0.7661450966586336
UAV_0074,telemetry_10,20,20,193,-62.33918868833973,1.1805512661474316,1.3243184688334466,-0.03510937400035012
UAV_0074,telemetry_10,50,50,193,-62.63894746364361,2.6782788893921214,2.43426000675246,-0.008041389266439
UAV_0074,telemetry_11,5,5,193,63.116914177389525,0.10054509931897664,0.14690011036056916,0.02970053140380884
UAV_0074,telemetry_11,20,20,193,63.021642778542954,0.12451051535062443,0.2980736784770812,0.011593360726063538
UAV_0074,telemetry_11,50,50,193,63.020590569671555,0.7021176631925992,0.22702744328451985,0.004981731797691017
UAV_0074,telemetry_12,5,5,193,630.6423591856407,2.468963169326279,-0.39952696856835246,-1.1368683772161604e-14
UAV_0074,telemetry_12,20,20,193,630.9020517152101,1.5060134144707917,-1.731283530462406,-0.02753631988878665
UAV_0074,telemetry_12,50,50,193,632.3470075848653,1.8720150869200332,-4.39479665425074,-0.0849382504445553
UAV_0074,telemetry_13,5,5,193,7148.465934977932,5.166979372421583,-0.7832421048760807,-0.8746604254727572
UAV_0074,telemetry_13,20,20,193,7147.639282855294,4.1501695129335365,0.48029037097876426,0.14349487603451147
UAV_0074,telemetry_13,50,50,193,7144.60342507516,4.6748327666276515,5.169599555556488,0.18185419871780636
UAV_0074,telemetry_14,5,5,193,-648.8153498138018,0.0,0.0,0.0
UAV_0074,telemetry_14,20,20,193,-648.8153498138018,0.0,0.0,0.0
UAV_0074,telemetry_14,50,50,193,-648.8153498138018,0.0,0.0,0.0
UAV_0074,telemetry_15,5,5,193,50349.82936960773,8.545105965849055,8.75818271683238,1.2335468615259741
UAV_0074,telemetry_15,20,20,193,50300.69411424604,41.33778320500099,98.1286528343262,6.458823542579894
UAV_0074,telemetry_15,50,50,193,50224.98085820592,72.87907900112805,204.707101670072,4.778594686507581
UAV_0074,telemetry_16,5,5,193,-702.5770172901283,1.9774146614635724,1.7343073863319205,-0.17343073863319206
UAV_0074,telemetry_16,20,20,193,-701.796578966279,1.517681953101911,-1.7343073863319205,-0.103015250767084
UAV_0074,telemetry_16,50,50,193,-700.3224176878969,2.080283824704993,-3.4686147726639547,-0.10001935995124493
UAV_0074,telemetry_17,5,5,193,40.41581228213973,0.0,0.0,0.0
UAV_0074,telemetry_17,20,20,193,40.41581228213974,7.290014651212246e-15,0.0,0.0
UAV_0074,telemetry_17,50,50,193,40.41581228213974,1.2390399173444628e-14,0.0,0.0
UAV_0074,telemetry_18,5,5,193,-103.32302129228592,0.004766477939188762,-0.0019327907231172503,3.867094770271251e-06
UAV_0074,telemetry_18,20,20,193,-103.32623776540838,0.005231957789297187,0.007038046183197366,0.00025555955979652645
UAV_0074,telemetry_18,50,50,193,-103.32696243394452,0.005243587073357567,0.0033109459409388364,1.660902329759932e-05
UAV_0074,telemetry_19,5,5,193,33506.61242084813,0.29807251660620854,-0.1887494747134042,0.03977187669734121
UAV_0074,telemetry_19,20,20,193,33506.402290410144,0.3465766918115915,0.35825337171263527,0.022108269843459524
UAV_0074,telemetry_19,50,50,193,33505.94868679694,0.5655193840827636,0.8583761800618959,0.027775311147022894
UAV_0074,telemetry_20,5,5,193,-164.8973841769026,0.0,0.0,0.0
UAV_0074,telemetry_20,20,20,193,-164.89738417690256,2.9160058604848984e-14,0.0,0.0
UAV_0074,telemetry_20,50,50,193,-164.8973841769026,0.0,0.0,0.0
UAV_0074,telemetry_21,5,5,193,34963.35202546827,0.3975875653216823,-0.29430751981271897,-0.029430751981271895
UAV_0074,telemetry_21,20,20,193,34963.07243332446,0.45818342637129855,-0.44146127971907845,0.0055320962371796555
UAV_0074,telemetry_21,50,50,193,34962.78106887985,0.49214751936744905,0.8829225594381569,0.018428667747173617
UAV_0074,telemetry_22,5,5,193,23266.5433289009,75.82962173346561,-106.20195207278812,-15.063486754905535
UAV_0074,telemetry_22,20,20,193,23249.003253414532,49.13932844305936,18.50157464093718,3.04814291106529
UAV_0074,telemetry_22,50,50,193,23179.38197372237,72.7731295571578,71.09266476203265,3.7149635456686285
UAV_0074,telemetry_23,5,5,193,-17515.386536270427,10.610717199071216,-22.300636306234082,-5.148841566504052
UAV_0074,telemetry_23,20,20,193,-17489.902747665772,18.76510830086253,-60.11848311578433,-2.712423466067929
UAV_0074,telemetry_23,50,50,193,-17462.059073478507,28.18473499266074,-88.73163415740419,-1.7783496399798495
UAV_0074,telemetry_24,5,5,193,-3629.646242506533,2.3032445400027783,0.8008327150405421,-0.09708427554460286
UAV_0074,telemetry_24,20,20,193,-3631.4406705785614,2.8063547259986326,3.1525796580626775,0.19118525939896833
UAV_0074,telemetry_24,50,50,193,-3639.9797791984665,42.87446011192916,11.29629398981524,0.2343591414141845
UAV_0074,telemetry_25,5,5,193,-174.36937551002248,0.36812996901616135,-0.4861363872054483,-0.03646022904040933
UAV_0074,telemetry_25,20,20,193,-174.15213331199004,0.3830423921653347,-0.6684375324075233,-0.03159429621734762
UAV_0074,telemetry_25,50,50,193,-173.68270786309478,0.5166475574997783,-1.823011452020495,-0.029518341494420126
UAV_0074,telemetry_26,5,5,193,-7443.4333007339665,5.4543382653218595,-0.28705055685713887,0.8467991427306515
UAV_0074,telemetry_26,20,20,193,-7448.334688992314,5.550175347445597,2.2964044548616585,0.6260076241849757
UAV_0074,telemetry_26,50,50,193,-7454.051300832136,6.457022423883679,9.759718933166369,0.3298703674162023
UAV_0074,telemetry_27,5,5,193,969.0302044744709,1.2710574864626038e-13,0.0,0.0
UAV_0074,telemetry_27,20,20,193,969.0302044744709,1.1664023441939594e-13,0.0,0.0
UAV_0074,telemetry_27,50,50,193,969.0302044744708,0.0,0.0,0.0
UAV_0074,telemetry_28,5,5,193,-9936.089450915935,10.87179837186171,11.825529698367973,4.86270243072413
UAV_0074,telemetry_28,20,20,193,-9910.562645519862,35.05808047589676,16.53706800580221,-2.05178044489472
UAV_0074,telemetry_28,50,50,193,-9876.113720110572,43.27213880660839,-129.56499124884795,-2.2822620735956196
UAV_0075,telemetry_01,5,5,259,92.0366794680186,8.408759381885869,7.440303569108778,3.0417794894517156
UAV_0075,telemetry_01,20,20,259,87.43829456500855,8.988413162927806,-3.211584273396099,0.3332285942988863
UAV_0075,telemetry_01,50,50,259,85.29922844121761,9.86590641030387,-4.372327545827289,0.09452398116249947
UAV_0075,telemetry_02,5,5,259,6.538335028205788,8.308380854155258,17.954603537334684,3.7537617317529284
UAV_0075,telemetry_02,20,20,259,9.398551421048724,8.82958194094908,0.31714703143943623,-0.10123416205098504
UAV_0075,telemetry_02,50,50,259,10.847823532706553,7.536932466626991,15.327394233867867,-0.11975437876789399
UAV_0075,telemetry_03,5,5,259,30377.82504938608,0.0,0.0,0.0
UAV_0075,telemetry_03,20,20,259,30377.825049386087,7.46497500284134e-12,0.0,0.0
UAV_0075,telemetry_03,50,50,259,30377.82504938608,0.0,0.0,0.0
UAV_0075,telemetry_04,5,5,259,-125.88238897213634,0.03388332571336739,0.06684992980765969,0.018063704437392403
UAV_0075,telemetry_04,20,20,259,-125.88736715839862,0.023851675065819918,0.03982549009818115,0.0005967406948117111
UAV_0075,telemetry_04,50,50,259,-125.89024028304141,0.02617027910471718,0.07538396340015652,6.461141079201105e-05
UAV_0075,telemetry_05,5,5,259,-113.52528131371086,0.002525426118580009,0.005344733718459338,0.001252167526239134
UAV_0075,telemetry_05,20,20,259,-113.52582125712915,0.0022000917116363743,0.0018550226328528652,-1.622838824637273e-06
UAV_0075,telemetry_05,50,50,259,-113.5260408601392,0.002359434951324649,0.006266211761754903,2.0448210480375704e-05
UAV_0075,telemetry_06,5,5,259,-143.20796897587502,0.5258877415376702,-0.6524940171688627,-0.050846942604721335
UAV_0075,telemetry_06,20,20,259,-142.18883844522028,0.9942542591172822,-2.0388872551839654,-0.136987678604863
UAV_0075,telemetry_06,50,50,259,-141.16590065580897,1.2787037102651735,-3.7534060834067873,-0.06844736556459075
UAV_0075,telemetry_07,5,5,259,140.72879336221067,0.04707604124451628,0.08594869902555047,0.017189739805110092
UAV_0075,telemetry_07,20,20,259,140.6901164476492,0.031487095187570084,0.08594869902555047,0.0031665310167308066
UAV_0075,telemetry_07,50,50,259,140.67378619483435,0.03455443992392251,0.17189739805110094,0.0014362615731520559
UAV_0075,telemetry_08,5,5,259,-4680.605940223165,0.0,0.0,0.0
UAV_0075,telemetry_08,20,20,259,-4680.605940223164,9.331218753551675e-13,0.0,0.0
UAV_0075,telemetry_08,50,50,259,-4680.605940223166,9.187283872526776e-13,0.0,0.0
UAV_0075,telemetry_09,5,5,259,-150.84488768262477,6.497079971806781,-6.336188665749432,0.20198512741296212
UAV_0075,telemetry_09,20,20,259,-153.27187892343116,10.709808462475443,-3.4437358473424524,0.21061857471830986
UAV_0075,telemetry_09,50,50,259,-154.30941173846813,9.256598979313747,6.131869927262898,0.0644485864577799
UAV_0075,telemetry_10,5,5,259,-63.20167555330704,0.8199337822349654,0.7394246038153156,0.31362933661301823
UAV_0075,telemetry_10,20,20,259,-62.98807691100143,1.3683262962309712,0.9487238350457474,0.012991274311250953
UAV_0075,telemetry_10,50,50,259,-62.614037774537664,1.2765410575248872,-1.3764555223874027,-0.012731565363396233
UAV_0075,telemetry_11,5,5,259,61.65656682573964,0.08471008346334477,0.1063022616791045,0.009615279950873657
UAV_0075,telemetry_11,20,20,259,61.70613893570859,0.09957088395612071,-0.09241352397228297,-0.00794847076974868
UAV_0075,telemetry_11,50,50,259,61.881115663525705,0.18912525027457835,-0.2670911097464881,-0.011447633980513905
UAV_0075,telemetry_12,5,5,259,646.6500730596089,1.2492983932313142,-0.26635131237867427,0.27966887799780127
UAV_0075,telemetry_12,20,20,259,644.6124855199108,1.504912827604389,3.3293914047355884,0.19746044662070314
UAV_0075,telemetry_12,50,50,259,643.0223681850092,1.8618482027311254,3.7289183733037135,0.09812471877889169
UAV_0075,telemetry_13,5,5,259,7142.3878224126365,3.8929836954890193,6.739359196098121,0.8097910085625699
UAV_0075,telemetry_13,20,20,259,7141.909417349462,2.771106216451918,4.217882984014977,0.16557361583940072
UAV_0075,telemetry_13,50,50,259,7139.201435316503,3.872882680372491,8.794185055592607,0.13953767428410388
UAV_0075,telemetry_14,5,5,259,-648.8153498138018,0.0,0.0,0.0
UAV_0075,telemetry_14,20,20,259,-648.8153498138018,0.0,0.0,0.0
UAV_0075,telemetry_14,50,50,259,-648.8153498138018,0.0,0.0,0.0
UAV_0075,telemetry_15,5,5,259,50320.01454196467,14.737491060324936,24.547582544350007,6.463785554391507
UAV_0075,telemetry_15,20,20,259,50262.71320637969,45.99543103709199,132.48293292778544,6.997039515318652
UAV_0075,telemetry_15,50,50,259,50190.953468030755,71.19810277258098,223.76540068063332,4.620964279278369
UAV_0075,telemetry_16,5,5,259,-702.5770172901284,0.9499192771418198,-1.7343073863319205,-0.5202922158995762
UAV_0075,telemetry_16,20,20,259,-700.7559945344799,1.6380762910281192,-3.468614772663841,-0.22037439721060023
UAV_0075,telemetry_16,50,50,259,-698.3453072674783,2.832690025531467,-10.405844317991637,-0.16905853513824054
UAV_0075,telemetry_17,5,5,259,40.41581228213973,0.0,0.0,0.0
UAV_0075,telemetry_17,20,20,259,40.41581228213974,7.290014651212246e-15,0.0,0.0
UAV_0075,telemetry_17,50,50,259,40.41581228213974,7.177565525411544e-15,0.0,0.0
UAV_0075,telemetry_18,5,5,259,-103.04788444160116,0.044033712975099164,-0.09779921142637704,-0.019679074832268384
UAV_0075,telemetry_18,20,20,259,-103.0197560682868,0.04467763208495165,-0.09323883207790118,-0.004651078226913945
UAV_0075,telemetry_18,50,50,259,-103.00598601249033,0.041146604430390386,-0.09149866152434072,-0.0009332237798245503
UAV_0075,telemetry_19,5,5,259,33510.884009750356,0.39529626547993946,0.939066730090417,0.2020521227233985
UAV_0075,telemetry_19,20,20,259,33509.63639437562,1.0071424300354068,3.197106424449885,0.16364050294022375
UAV_0075,telemetry_19,50,50,259,33508.01153284871,1.601107341448208,6.0107611496932805,0.1062818203315228
UAV_0075,telemetry_20,5,5,259,-164.8973841769026,0.0,0.0,0.0
UAV_0075,telemetry_20,20,20,259,-164.89738417690256,2.9160058604848984e-14,0.0,0.0
UAV_0075,telemetry_20,50,50,259,-164.8973841769026,0.0,0.0,0.0
UAV_0075,telemetry_21,5,5,259,34967.67834600951,0.7716808271550921,0.8829225594308809,0.16186913589626784
UAV_0075,telemetry_21,20,20,259,34966.45696980229,1.054785046770689,2.5016139183935593,0.15600511388509308
UAV_0075,telemetry_21,50,50,259,34964.77058771377,1.7146915258177677,5.444689116520749,0.11288972236533555
UAV_0075,telemetry_22,5,5,259,23284.054268049258,40.19489569186421,53.028135191350884,16.02498590947398
UAV_0075,telemetry_22,20,20,259,23196.098947659753,73.4273944030128,87.55469574176459,6.788438152697612
UAV_0075,telemetry_22,50,50,259,23132.128660726034,85.51882764942442,269.2197632791649,3.7268279464554697
UAV_0075,telemetry_23,5,5,259,-17492.52204458799,8.16378971472505,-2.9970544911666366,0.9533279316205153
UAV_0075,telemetry_23,20,20,259,-17473.30945535763,17.249537907566346,-42.240105419798056,-2.525274468633635
UAV_0075,telemetry_23,50,50,259,-17441.76511785279,30.113401260999403,-97.4296335463223,-1.956684891470198
UAV_0075,telemetry_24,5,5,259,-3737.491322108696,9.054760214341004,-24.893175407380113,-5.211877186524271
UAV_0075,telemetry_24,20,20,259,-3723.1853956185973,11.955064099996395,-44.27790176700046,-1.909618464450581
UAV_0075,telemetry_24,50,50,259,-3702.912747850557,19.771249489744857,-76.1054298119675,-1.3202138053693442
UAV_0075,telemetry_25,5,5,259,-174.36329880518238,0.4234116070895043,-0.7899716292088783,-0.2339531363426289
UAV_0075,telemetry_25,20,20,259,-173.87108571313686,0.5369515705482005,-1.94454554882185,-0.0676661644221135
UAV_0075,telemetry_25,50,50,259,-173.14188113232868,0.7612357094325529,-2.5218325086283073,-0.04631718411832083
UAV_0075,telemetry_26,5,5,259,-7663.457552565473,15.508502407643716,-40.47412851695117,-8.252703509662116
UAV_0075,telemetry_26,20,20,259,-7633.209600136582,23.9158295073294,-79.08242841432457,-3.911117794059153
UAV_0075,telemetry_26,50,50,259,-7591.453790883261,40.412053231935815,-149.84039067977483,-2.7210049520267843
UAV_0075,telemetry_27,5,5,259,969.0302044744709,1.2710574864626038e-13,0.0,0.0
UAV_0075,telemetry_27,20,20,259,969.0302044744709,1.1664023441939594e-13,0.0,0.0
UAV_0075,telemetry_27,50,50,259,969.0302044744708,0.0,0.0,0.0
UAV_0075,telemetry_28,5,5,259,-9918.596430429876,25.202770353712904,-66.57761923466569,-15.798131701855528
UAV_0075,telemetry_28,20,20,259,-9869.037622980473,40.00007621038279,-112.11683053126035,-5.412509563188553
UAV_0075,telemetry_28,50,50,259,-9825.546981409096,51.68239876892166,-241.9385202683079,-2.7213099877943456
UAV_0076,telemetry_01,5,5,153,272.7308051007627,22.491687758277656,-20.934250715135875,-2.1873978625020696
UAV_0076,telemetry_01,20,20,153,277.67262832431294,15.973617022134407,-27.457847064544012,-0.7054257663101215
UAV_0076,telemetry_01,50,50,153,266.72689866573023,18.19309431620934,-11.79082931043422,0.5907962939445361
UAV_0076,telemetry_02,5,5,153,16.218760419487843,7.943396625809355,17.601613770785576,4.491156652413896
UAV_0076,telemetry_02,20,20,153,14.966415726638264,7.319869135288358,20.863307892431756,0.22521324724657132
UAV_0076,telemetry_02,50,50,153,13.748283091285982,6.815359937197291,11.773048556357908,0.11464297023932174
UAV_0076,telemetry_03,5,5,153,30377.82504938608,0.0,0.0,0.0
UAV_0076,telemetry_03,20,20,153,30377.825049386087,1.1714303651535416e-11,0.0,0.0
UAV_0076,telemetry_03,50,50,153,30377.82504938608,6.756246356027467e-12,0.0,0.0
UAV_0076,telemetry_04,5,5,153,-125.88438024664124,0.04997047321108184,-0.13085518175118693,-0.026171036350237386
UAV_0076,telemetry_04,20,20,153,-125.87307223057186,0.09402058750162572,-0.07396162446805477,0.00031333599692721936
UAV_0076,telemetry_04,50,50,153,-125.8880781592409,0.06298182324872646,-0.06969460767183477,0.0007278121567654031
UAV_0076,telemetry_05,5,5,153,-113.5258905386427,0.00318817489882139,0.002658479716060924,-0.0001044160712680764
UAV_0076,telemetry_05,20,20,153,-113.52561139876566,0.002570944975413581,0.005424730882737094,4.4375995525426426e-05
UAV_0076,telemetry_05,50,50,153,-113.52559360850495,0.0027229959467365925,0.00010684525794601996,9.482753810214551e-06
UAV_0076,telemetry_06,5,5,153,-133.6843115782579,0.449417384918488,0.39825930414531285,0.16356184000432564
UAV_0076,telemetry_06,20,20,153,-134.32503315058722,0.63905791274358,-0.19662487657484462,0.044466356599867154
UAV_0076,telemetry_06,50,50,153,-135.0439287662019,0.9675586511958705,1.874824460080049,0.04358808517057498
UAV_0076,telemetry_07,5,5,153,140.5912754437698,0.0,0.0,0.0
UAV_0076,telemetry_07,20,20,153,140.59127544376983,2.9160058604848984e-14,0.0,0.0
UAV_0076,telemetry_07,50,50,153,140.59127544376977,2.8710262101646174e-14,0.0,0.0
UAV_0076,telemetry_08,5,5,153,-4680.605940223141,1.1138989715542165e-12,2.7284841053187847e-12,0.0
UAV_0076,telemetry_08,20,20,153,-4680.605940223142,1.1236275315629286e-12,2.7284841053187847e-12,0.0
UAV_0076,telemetry_08,50,50,153,-4680.605940223143,1.475696300674118e-12,5.4569682106375694e-12,0.0
UAV_0076,telemetry_09,5,5,153,-148.30559791909428,3.4805617819011205,-5.308339643190493,-1.8467433595821832
UAV_0076,telemetry_09,20,20,153,-149.3364367074099,9.99471453559586,-34.12396580113138,-0.2305553139694485
UAV_0076,telemetry_09,50,50,153,-152.31685055016075,9.61452620738787,11.81370444846823,0.08527299490280696
UAV_0076,telemetry_10,5,5,153,-62.885180792163716,0.8599825786634631,-0.9266677530258605,-0.30196688762752333
UAV_0076,telemetry_10,20,20,153,-61.78671355216316,4.197376961586929,0.01800265559163705,0.004003245171559072
UAV_0076,telemetry_10,50,50,153,-62.05669884572944,2.837437189469138,-0.1668137463315844,0.01508445363321861
UAV_0076,telemetry_11,5,5,153,63.058474642576996,0.0758457867665368,-0.0806615151434329,-0.01885663234809982
UAV_0076,telemetry_11,20,20,153,63.208976801391714,0.9155666622002331,0.036324390925521755,0.0025725644709778997
UAV_0076,telemetry_11,50,50,153,63.01962743896449,0.5951008044159798,0.32264606057376,0.010294518683894057
UAV_0076,telemetry_12,5,5,153,630.9619807604953,1.0876464891125768,-1.19858090570483,-0.3862094029493278
UAV_0076,telemetry_12,20,20,153,631.7743522632508,1.24638095340379,-0.7990539371364775,-0.0688908657581344
UAV_0076,telemetry_12,50,50,153,632.7491980665573,1.697799621305903,-3.1962157485461375,-0.06532481766986323
UAV_0076,telemetry_13,5,5,153,7145.087411428867,2.22751767306134,1.920218424954328,0.819161821903981
UAV_0076,telemetry_13,20,20,153,7145.291423199989,2.5931773835778227,3.683457682066546,0.1563419562878939
UAV_0076,telemetry_13,50,50,153,7143.333487603394,2.96063423758149,7.497047409758125,0.11082529184975426
UAV_0076,telemetry_14,5,5,153,-648.8153498138021,9.845568954283847e-14,1.1368683772161603e-13,0.0
UAV_0076,telemetry_14,20,20,153,-648.8153498138021,1.4045344144536608e-13,2.2737367544323206e-13,0.0
UAV_0076,telemetry_14,50,50,153,-648.8153498138022,1.1134252743303483e-13,2.2737367544323206e-13,0.0
UAV_0076,telemetry_15,5,5,153,49766.966142068566,3.220419730631214,2.775480438438535,0.807973194301303
UAV_0076,telemetry_15,20,20,153,49791.078899344226,23.72197764411107,-88.87705137287412,-3.356035820364704
UAV_0076,telemetry_15,50,50,153,49819.13530593618,31.323727986777477,-48.231682285630086,-1.695322833821601
UAV_0076,telemetry_16,5,5,153,-701.1895713810627,0.7756058419436328,1.7343073863319205,0.3468614772663841
UAV_0076,telemetry_16,20,20,153,-701.1895713810627,0.9073000714521477,1.7343073863319205,0.002607981032078076
UAV_0076,telemetry_16,50,50,153,-699.906183915177,1.8344148156940627,-1.7343073863320342,-0.08736078983252017
UAV_0076,telemetry_17,5,5,153,40.41581228213973,0.0,0.0,0.0
UAV_0076,telemetry_17,20,20,153,40.41581228213975,2.1625678250890194e-14,0.0,0.0
UAV_0076,telemetry_17,50,50,153,40.41581228213974,1.3234776891332901e-14,0.0,0.0
UAV_0076,telemetry_18,5,5,153,-103.58231447729773,0.11674944540248744,0.020419945800512096,-0.005983740532022353
UAV_0076,telemetry_18,20,20,153,-103.6867535382768,0.12881402634442615,0.4112383117598739,0.01580832437397386
UAV_0076,telemetry_18,50,50,153,-103.80747662424461,0.15959430124591673,0.5675932692331997,0.008747890985504814
UAV_0076,telemetry_19,5,5,153,33508.282915667594,0.536369970636894,1.2052405113063287,0.23160747688671107
UAV_0076,telemetry_19,20,20,153,33508.022253893825,0.5171575197602992,1.9626305642450461,0.05273685590513388
UAV_0076,telemetry_19,50,50,153,33507.49170289415,0.6513600088489705,3.09843441897101,0.034725866579894175
UAV_0076,telemetry_20,5,5,153,-164.8973841769026,0.0,0.0,0.0
UAV_0076,telemetry_20,20,20,153,-164.89738417690256,2.9160058604848984e-14,0.0,0.0
UAV_0076,telemetry_20,50,50,153,-164.8973841769026,0.0,0.0,0.0
UAV_0076,telemetry_21,5,5,153,34965.41217810697,0.322397734887657,0.294307519805443,0.0588615039610886
UAV_0076,telemetry_21,20,20,153,34964.786774627355,0.6498572546153816,1.9129988787753973,0.07269174455522487
UAV_0076,telemetry_21,50,50,153,34964.11722501979,0.7893741122689154,2.5016139184008352,0.04212872588529445
UAV_0076,telemetry_22,5,5,153,23249.527707498844,79.86144817654746,215.46321963738956,41.98546308282348
UAV_0076,telemetry_22,20,20,153,23229.831542999196,54.52248920162416,176.2748450042236,4.021033716587938
UAV_0076,telemetry_22,50,50,153,23179.970527750313,69.71986742644728,210.21867879429192,3.2216395223853493
UAV_0076,telemetry_23,5,5,153,-17309.97488982629,12.033401837157003,27.47341408259672,7.083050945015202
UAV_0076,telemetry_23,20,20,153,-17313.46735523876,8.40349899836661,11.509421842052689,0.5364392862386778
UAV_0076,telemetry_23,50,50,153,-17320.70245281935,10.963834886890519,29.64122739310187,0.4445049285301379
UAV_0076,telemetry_24,5,5,153,-3627.0713737520273,3.299102200016372,4.372242425675267,1.2147093109299476
UAV_0076,telemetry_24,20,20,153,-3643.363965921704,64.04161497602676,3.8105253107883073,0.5301823164033529
UAV_0076,telemetry_24,50,50,153,-3637.6474658308593,40.22265927946566,14.329017546423984,-0.19658268600824935
UAV_0076,telemetry_25,5,5,153,-174.7886681439872,0.24249783334793912,-0.30383524200343004,-0.06076704840068601
UAV_0076,telemetry_25,20,20,153,-174.3876056245427,0.36844659462144375,-0.45575286300513085,-0.0309317983212496
UAV_0076,telemetry_25,50,50,153,-173.86440133781278,0.5376371926687193,-1.2761080164143266,-0.030561521316904962
UAV_0076,telemetry_26,5,5,153,-7553.654424717954,23.171457358197962,24.787498470157516,3.829526299150257
UAV_0076,telemetry_26,20,20,153,-7553.261588954924,24.492396630014156,33.27912881447992,1.2580383546745018
UAV_0076,telemetry_26,50,50,153,-7584.133836756493,39.16007850313121,99.89959226677183,2.1151141560675364
UAV_0076,telemetry_27,5,5,153,969.0302044744709,1.2710574864626038e-13,0.0,0.0
UAV_0076,telemetry_27,20,20,153,969.0302044744709,1.1664023441939594e-13,0.0,0.0
UAV_0076,telemetry_27,50,50,153,969.0302044744708,0.0,0.0,0.0
UAV_0076,telemetry_28,5,5,153,-9920.89025504108,24.51389557365324,-51.215391143745364,-13.17931443593534
UAV_0076,telemetry_28,20,20,153,-9905.143636793773,21.688409983712603,-40.40473697356538,-1.5072650264838017
UAV_0076,telemetry_28,50,50,153,-9884.58812612153,29.96017039761969,-65.99136843487031,-1.3611606368523541
UAV_0077,telemetry_01,5,5,255,89.91422133625085,8.336481073252052,-18.542635519699175,-4.742105127841808
UAV_0077,telemetry_01,20,20,255,88.80388560282876,8.251269634138565,-22.36533460125571,0.1397401951735472
UAV_0077,telemetry_01,50,50,255,89.34355883783212,11.027142650666892,5.8568111544229,-0.035463646597512576
UAV_0077,telemetry_02,5,5,255,9.748099318837735,5.53888797507982,-6.940497436914221,-0.7270926033711242
UAV_0077,telemetry_02,20,20,255,11.20939698569271,7.744188992752745,-12.059120298649702,-0.0874470948395322
UAV_0077,telemetry_02,50,50,255,11.380959749321732,6.5400673221662835,-5.225416935212815,0.060222154808362516
UAV_0077,telemetry_03,5,5,255,30377.82504938608,0.0,0.0,0.0
UAV_0077,telemetry_03,20,20,255,30377.825049386087,7.46497500284134e-12,0.0,0.0
UAV_0077,telemetry_03,50,50,255,30377.82504938608,6.756246356027467e-12,0.0,0.0
UAV_0077,telemetry_04,5,5,255,-125.90201724939902,0.03367971250977916,0.015645728252849267,0.010809775883794259
UAV_0077,telemetry_04,20,20,255,-125.89945703932126,0.029262291451833594,0.03555847330196116,0.0002973009196372672
UAV_0077,telemetry_04,50,50,255,-125.90490023645381,0.06402668090198943,0.028446778641551873,8.524610112075351e-05
UAV_0077,telemetry_05,5,5,255,-113.5268457097657,0.0023727596941704693,-0.00523675764611653,-0.0013154422891915375
UAV_0077,telemetry_05,20,20,255,-113.52608084528504,0.002421834973202268,6.70623860798969e-05,-4.492503177207904e-05
UAV_0077,telemetry_05,50,50,255,-113.5262892052292,0.002324330181813807,0.00013632005625652255,2.373488318897018e-05
UAV_0077,telemetry_06,5,5,255,-143.01234600949925,0.6992444305800212,0.061366999695337654,-0.14490126254593746
UAV_0077,telemetry_06,20,20,255,-142.46511518262423,0.6185413608965101,-0.19662487657484462,-0.04563117137082189
UAV_0077,telemetry_06,50,50,255,-141.80782452037715,1.0971965798033043,-2.692633660101592,-0.04852679281589984
UAV_0077,telemetry_07,5,5,255,140.7631728418209,0.0,0.0,0.0
UAV_0077,telemetry_07,20,20,255,140.70300875250302,0.040409841967921606,0.08594869902555047,0.00542833888582424
UAV_0077,telemetry_07,50,50,255,140.68753798667842,0.028213582053755237,0.08594869902555047,0.0010895777451498355
UAV_0077,telemetry_08,5,5,255,-4680.605940223165,0.0,0.0,0.0
UAV_0077,telemetry_08,20,20,255,-4680.605940223164,9.331218753551675e-13,0.0,0.0
UAV_0077,telemetry_08,50,50,255,-4680.605940223166,9.187283872526776e-13,0.0,0.0
UAV_0077,telemetry_09,5,5,255,-157.59890192130558,13.083959090370586,-2.9773199177675167,-0.82545103278118
UAV_0077,telemetry_09,20,20,255,-152.6251851574269,12.406106724828794,-17.127319611958683,-0.04073067059700955
UAV_0077,telemetry_09,50,50,255,-152.421127447257,10.097933660243102,-22.073665400667437,-0.036699855318613
UAV_0077,telemetry_10,5,5,255,-61.47247496245918,1.5794744651193664,-2.0954495071597563,-0.4570372350799161
UAV_0077,telemetry_10,20,20,255,-62.153680915262065,1.2970521324013815,-0.9296526313353013,0.03473705212057231
UAV_0077,telemetry_10,50,50,255,-62.016544224312284,2.2529826371286754,1.194023416782649,0.012861608761282589
UAV_0077,telemetry_11,5,5,255,61.64994296621793,0.0929016445871893,-0.13461391931222266,-0.008653751955784373
UAV_0077,telemetry_11,20,20,255,61.667784652349,0.09938787747847846,-0.14155828816563343,-0.006238284385838208
UAV_0077,telemetry_11,50,50,255,61.725883831885774,0.5311014274020651,-0.5090756551767939,-0.006198085680730457
UAV_0077,telemetry_12,5,5,255,645.7178434662829,1.428149806977706,-3.7289183733037135,-0.7324661090417977
UAV_0077,telemetry_12,20,20,255,645.25172866962,1.509495888926212,2.5303374675988834,0.09412414798349428
UAV_0077,telemetry_12,50,50,255,644.5059449949592,1.520877464862322,-1.7312835304626333,0.048007186123119806
UAV_0077,telemetry_13,5,5,255,7142.06432659236,2.66596976782542,-2.041331003756568,-0.6451787850551227
UAV_0077,telemetry_13,20,20,255,7141.150268515547,2.2042464498270387,7.090747739120161,0.19159573778689448
UAV_0077,telemetry_13,50,50,255,7138.6861317496005,3.5545081041366138,1.9739806051229607,0.1324644000723623
UAV_0077,telemetry_14,5,5,255,-648.8153498138018,0.0,0.0,0.0
UAV_0077,telemetry_14,20,20,255,-648.8153498138018,0.0,0.0,0.0
UAV_0077,telemetry_14,50,50,255,-648.8153498138018,0.0,0.0,0.0
UAV_0077,telemetry_15,5,5,255,50335.865619135264,30.153989321462575,35.15608555345534,11.60150823264048
UAV_0077,telemetry_15,20,20,255,50291.58437067368,38.48374808415882,123.35468615248828,5.618898702130504
UAV_0077,telemetry_15,50,50,255,50224.50840975797,63.46776036953496,211.79999612383108,3.997823199650863
UAV_0077,telemetry_16,5,5,255,-702.5770172901283,1.5512116838872656,-3.468614772663841,-0.5202922158995762
UAV_0077,telemetry_16,20,20,255,-701.1895713810628,1.8319651332302196,-6.937229545327796,-0.17212674811715506
UAV_0077,telemetry_16,50,50,255,-699.5593224379107,2.1884216707643542,-6.937229545327796,-0.10168496128265632
UAV_0077,telemetry_17,5,5,255,40.41581228213973,0.0,0.0,0.0
UAV_0077,telemetry_17,20,20,255,40.41581228213974,7.290014651212246e-15,0.0,0.0
UAV_0077,telemetry_17,50,50,255,40.41581228213974,1.680225011289375e-14,0.0,0.0
UAV_0077,telemetry_18,5,5,255,-103.23719751443107,0.005067325684047571,0.0076862391537559915,0.0012105820905475185
UAV_0077,telemetry_18,20,20,255,-103.24519434532189,0.019105381212795352,0.00012965507769990836,0.0005447960616279309
UAV_0077,telemetry_18,50,50,255,-103.24267961921245,0.02223673172673983,0.004839135146113449,-0.000255933178891884
UAV_0077,telemetry_19,5,5,255,33511.25991653319,0.42132486915477885,-0.567656131577678,-0.1325111900900083
UAV_0077,telemetry_19,20,20,255,33510.376563987506,0.759483263271201,2.1005126099917106,0.10834786694338112
UAV_0077,telemetry_19,50,50,255,33509.06608930838,1.2892158107553704,3.9673574016269413,0.0822316467868626
UAV_0077,telemetry_20,5,5,255,-164.8973841769026,0.0,0.0,0.0
UAV_0077,telemetry_20,20,20,255,-164.89738417690256,2.9160058604848984e-14,0.0,0.0
UAV_0077,telemetry_20,50,50,255,-164.8973841769026,0.0,0.0,0.0
UAV_0077,telemetry_21,5,5,255,34968.266961049136,0.6498134090369947,-1.0300763193445164,-0.10300763193445164
UAV_0077,telemetry_21,20,20,255,34967.332534673726,0.7978579756992854,1.6186913589626784,0.0999096580413087
UAV_0077,telemetry_21,50,50,255,34965.99196392099,1.3766450564547488,3.090228958018997,0.08738778145284799
UAV_0077,telemetry_22,5,5,255,23248.770162710396,51.937759795015346,8.886583095252718,-10.255990982063668
UAV_0077,telemetry_22,20,20,255,23235.928321729298,57.53593905498914,39.77110139351498,4.317983387131881
UAV_0077,telemetry_22,50,50,255,23186.04545422691,72.17318384531521,140.4371492430255,3.201933144427499
UAV_0077,telemetry_23,5,5,255,-17488.132301015707,9.93719293339049,-24.746001733554294,-5.509868066865602
UAV_0077,telemetry_23,20,20,255,-17478.566481773116,10.905314931080401,-33.25279756531381,-1.4736084087197054
UAV_0077,telemetry_23,50,50,255,-17454.483500885344,22.957841484877033,-68.3698341627387,-1.4970216870444895
UAV_0077,telemetry_24,5,5,255,-3745.21435517688,3.6718756047629277,-2.360720502419099,-1.2538560738832074
UAV_0077,telemetry_24,20,20,255,-3734.451651452193,8.58902507862221,-21.102604033354055,-1.3584814439424162
UAV_0077,telemetry_24,50,50,255,-3724.1496193724283,47.90471084077477,-49.085635056832416,-0.926294146888154
UAV_0077,telemetry_25,5,5,255,-174.40583573906287,0.2033654413092467,-0.425369338804785,-0.0972272774410925
UAV_0077,telemetry_25,20,20,255,-173.96375546194793,0.37335574269475397,-0.5165199114057941,-0.050098547798005405
UAV_0077,telemetry_25,50,50,255,-173.4584774544963,0.5414363568044609,-2.0660796456231765,-0.03159740617559599
UAV_0077,telemetry_26,5,5,255,-7678.039720853849,9.139754641051356,-19.806488423187147,-4.650219021096109
UAV_0077,telemetry_26,20,20,255,-7654.781449484447,16.91695122092131,-57.69716192841861,-2.6517644111529513
UAV_0077,telemetry_26,50,50,255,-7621.014257228479,32.656894497948095,-117.26015247641226,-2.1956852030516205
UAV_0077,telemetry_27,5,5,255,969.0302044744709,1.2710574864626038e-13,0.0,0.0
UAV_0077,telemetry_27,20,20,255,969.0302044744709,1.1664023441939594e-13,0.0,0.0
UAV_0077,telemetry_27,50,50,255,969.0302044744708,0.0,0.0,0.0
UAV_0077,telemetry_28,5,5,255,-9891.683042965244,32.86272452178237,-10.436032448624246,-7.566632791370284
UAV_0077,telemetry_28,20,20,255,-9870.572158225013,27.688664610281517,-82.95301045275482,-1.7906479386995227
UAV_0077,telemetry_28,50,50,255,-9837.6062826164,43.72938905528775,-72.08012520473494,-2.2720232618839087
UAV_0078,telemetry_01,5,5,221,15.018802912065741,4.421095957432736,4.01386406432556,1.5074146899833207
UAV_0078,telemetry_01,20,20,221,20.256003558315008,17.07286361493903,-14.519109060235749,0.2675174683204102
UAV_0078,telemetry_01,50,50,221,10.625935492663334,16.41256041002382,35.816858504919935,0.5400984329776279
UAV_0078,telemetry_02,5,5,221,10.450479514866373,4.939644999505763,1.663089675433712,0.4175944280300777
UAV_0078,telemetry_02,20,20,221,10.799319254084633,5.734992149970625,3.720454601722807,0.049034983981596385
UAV_0078,telemetry_02,50,50,221,9.537699849383994,6.404119882758109,5.307720740950192,0.07083423722590852
UAV_0078,telemetry_03,5,5,221,30377.82504938608,0.0,0.0,0.0
UAV_0078,telemetry_03,20,20,221,30377.825049386087,7.46497500284134e-12,0.0,0.0
UAV_0078,telemetry_03,50,50,221,30377.82504938608,0.0,0.0,0.0
UAV_0078,telemetry_04,5,5,221,-125.89746576481636,0.011044899124647468,0.005689355728321743,0.0022757422913258552
UAV_0078,telemetry_04,20,20,221,-125.89028295320938,0.03229441403296832,-0.018490406116995928,-0.0009122218865131056
UAV_0078,telemetry_04,50,50,221,-125.8942797256085,0.031148314666967068,0.012801050388702606,0.00019561002167946156
UAV_0078,telemetry_05,5,5,221,-113.52620245184741,0.0028668929434454574,-0.00358437836290193,-0.00020685796543062906
UAV_0078,telemetry_05,20,20,221,-113.52597509734312,0.0022504183754697665,-0.0018110784244385059,-1.6819564360533908e-05
UAV_0078,telemetry_05,50,50,221,-113.52651544451064,0.0023860489793805654,0.00014003598781187065,3.0043470458109573e-05
UAV_0078,telemetry_06,5,5,221,-134.09058616399608,0.6114811880405701,1.0332198928296634,0.2792824680012302
UAV_0078,telemetry_06,20,20,221,-134.56411397184928,0.681379034548834,1.7721286646714702,0.0778514357344153
UAV_0078,telemetry_06,50,50,221,-135.48281552892095,1.017445586252328,3.1146883314756906,0.05750958529010791
UAV_0078,telemetry_07,5,5,221,140.5912754437698,0.0,0.0,0.0
UAV_0078,telemetry_07,20,20,221,140.59127544376983,2.9160058604848984e-14,0.0,0.0
UAV_0078,telemetry_07,50,50,221,140.59127544376977,2.8710262101646174e-14,0.0,0.0
UAV_0078,telemetry_08,5,5,221,-4680.6059402231795,1.2862197421537486e-12,-9.094947017729282e-13,0.0
UAV_0078,telemetry_08,20,20,221,-4680.6059402231795,2.054987763027258e-12,-9.094947017729282e-13,0.0
UAV_0078,telemetry_08,50,50,221,-4680.605940223181,1.814343190584745e-12,5.4569682106375694e-12,0.0
UAV_0078,telemetry_09,5,5,221,-152.29305465421072,8.153785968903998,16.234026279364002,1.6336606289850635
UAV_0078,telemetry_09,20,20,221,-154.34640956137383,10.400661933782722,22.71704244744174,0.35681886994091977
UAV_0078,telemetry_09,50,50,221,-153.2457175552017,11.478686447321541,12.870850501269786,0.008348945367820517
UAV_0078,telemetry_10,5,5,221,-62.342369405801286,1.6365765977363176,1.7012856938063692,0.041844858985665215
UAV_0078,telemetry_10,20,20,221,-62.48171869728644,1.1391811106044443,1.6214819176691506,0.026421431820448097
UAV_0078,telemetry_10,50,50,221,-62.397440393122494,1.0927159614222126,0.7199335159494922,-0.0031966717330000646
UAV_0078,telemetry_11,5,5,221,63.14565318079825,0.13685650467101868,0.30875732286694557,0.04001024824002499
UAV_0078,telemetry_11,20,20,221,63.04568097842012,0.13081309506869007,0.2334376299184342,0.007646035272547272
UAV_0078,telemetry_11,50,50,221,62.92570899374421,0.14434575207537137,0.5614255126871228,0.0070009549747147804
UAV_0078,telemetry_12,5,5,221,630.0563862984072,0.7208728273859609,0.3995269685681251,0.026635131237844688
UAV_0078,telemetry_12,20,20,221,630.955321977686,1.2261261389102278,-2.263986155220209,-0.09282243104330595
UAV_0078,telemetry_12,50,50,221,632.211168415552,1.674011500912947,-4.3947966542509675,-0.07642651942952018
UAV_0078,telemetry_13,5,5,221,7145.7070407593765,3.2240470300277653,1.5894966115529314,-0.3558232836004208
UAV_0078,telemetry_13,20,20,221,7146.105638089815,2.836375258587566,3.3712087751328,0.15809353245480096
UAV_0078,telemetry_13,50,50,221,7143.248471144154,4.134757458392726,9.076204132336898,0.16754208489547667
UAV_0078,telemetry_14,5,5,221,-648.8153498137979,1.503935499763765e-13,1.1368683772161603e-13,0.0
UAV_0078,telemetry_14,20,20,221,-648.8153498137979,1.5864787085874028e-13,2.2737367544323206e-13,0.0
UAV_0078,telemetry_14,50,50,221,-648.8153498137981,2.0543391267557383e-13,5.684341886080801e-13,0.0
UAV_0078,telemetry_15,5,5,221,50065.3981342773,25.204950158962156,33.552474633477686,6.173902041932161
UAV_0078,telemetry_15,20,20,221,50063.71742667847,22.078674107165234,33.05905588886526,-0.39978975538366573
UAV_0078,telemetry_15,50,50,221,50063.920345137194,21.010440899023802,47.18316745332413,0.044863788375453066
UAV_0078,telemetry_16,5,5,221,-701.1895713810627,0.7756058419436329,0.0,0.0
UAV_0078,telemetry_16,20,20,221,-700.9294252731129,1.6186325600597433,0.0,-0.043031687029289105
UAV_0078,telemetry_16,50,50,221,-699.5940085856373,1.939489407446708,-1.7343073863319205,-0.09543895628986461
UAV_0078,telemetry_17,5,5,221,40.41581228213973,0.0,0.0,0.0
UAV_0078,telemetry_17,20,20,221,40.41581228213974,7.290014651212246e-15,0.0,0.0
UAV_0078,telemetry_17,50,50,221,40.41581228213974,7.177565525411544e-15,0.0,0.0
UAV_0078,telemetry_18,5,5,221,-96.90073308114997,0.1388603345917864,0.16320855558358005,0.05014411977482212
UAV_0078,telemetry_18,20,20,221,-97.19860311183979,0.2519916852000622,0.5230016048490569,0.024943916582610904
UAV_0078,telemetry_18,50,50,221,-97.3732184640219,0.2739330802286155,0.8365059142944347,0.012334091636671493
UAV_0078,telemetry_19,5,5,221,33507.29576868356,0.6681463395548805,-0.04282157748093596,-0.15420679492963246
UAV_0078,telemetry_19,20,20,221,33506.90262399694,0.5108543239996849,0.3021691521280445,0.04898573108683988
UAV_0078,telemetry_19,50,50,221,33506.36272390542,0.6840369412979361,0.6854363231614116,0.034112223603546134
UAV_0078,telemetry_20,5,5,221,-164.8973841769026,0.0,0.0,0.0
UAV_0078,telemetry_20,20,20,221,-164.89738417690256,2.9160058604848984e-14,0.0,0.0
UAV_0078,telemetry_20,50,50,221,-164.8973841769026,0.0,0.0,0.0
UAV_0078,telemetry_21,5,5,221,34964.35267103564,0.4835966023315961,0.4414612797118025,-1.4551915228366853e-12
UAV_0078,telemetry_21,20,20,221,34963.78612906,0.5797873866022878,1.3243838391499594,0.05543160429548781
UAV_0078,telemetry_21,50,50,221,34963.134237903614,0.7652919501764525,1.9129988787753973,0.04197326933211427
UAV_0078,telemetry_22,5,5,221,23260.01678918504,51.62495393700323,20.978163372401468,-9.716968728744906
UAV_0078,telemetry_22,20,20,221,23206.653586106495,58.78783534669051,105.76490700252907,4.7435272713307945
UAV_0078,telemetry_22,50,50,221,23172.808815865683,68.20623628278949,193.61096612446636,2.824965594191167
UAV_0078,telemetry_23,5,5,221,-17409.12561693421,4.773744767588518,-9.798726547611295,-1.8661550487180647
UAV_0078,telemetry_23,20,20,221,-17406.36711056656,5.265019424365029,-0.26037756530058687,-0.029740599072126377
UAV_0078,telemetry_23,50,50,221,-17404.130457801366,8.008344589342178,-3.515453863386938,-0.17459881992530793
UAV_0078,telemetry_24,5,5,221,-3630.8590944499288,2.969773919384346,-2.904837800214864,-0.45075316828138057
UAV_0078,telemetry_24,20,20,221,-3631.12315887433,2.7275694697536066,0.04286396668112502,0.09200198919196143
UAV_0078,telemetry_24,50,50,221,-3633.392588160608,3.2574355558435593,1.2556109501238097,0.13339498505099728
UAV_0078,telemetry_25,5,5,221,-174.84943519238786,0.28936219489581966,-0.33421876620374746,-0.1306491540614644
UAV_0078,telemetry_25,20,20,221,-174.35114539550224,0.46158963559181465,-1.2457244922139523,-0.06574720499893295
UAV_0078,telemetry_25,50,50,221,-173.74651326391543,0.6419324337913066,-1.8230114520204381,-0.0379469426615447
UAV_0078,telemetry_26,5,5,221,-7355.865573025525,30.753726276162105,54.726471547683104,9.793466335382528
UAV_0078,telemetry_26,20,20,221,-7395.20012622428,45.233541899608255,95.42046039812521,4.929343412350329
UAV_0078,telemetry_26,50,50,221,-7453.426929730474,68.39833965547996,252.11717950319598,3.709226131316692
UAV_0078,telemetry_27,5,5,221,969.0302044744709,1.2710574864626038e-13,0.0,0.0
UAV_0078,telemetry_27,20,20,221,969.0302044744709,1.1664023441939594e-13,0.0,0.0
UAV_0078,telemetry_27,50,50,221,969.0302044744708,0.0,0.0,0.0
UAV_0078,telemetry_28,5,5,221,-9931.90139879614,32.43700042368619,-35.877683535602046,-4.918351819472264
UAV_0078,telemetry_28,20,20,221,-9920.026085787245,31.429529229567613,-98.75494336001793,-1.939998048694511
UAV_0078,telemetry_28,50,50,221,-9883.571742515722,41.607308740640285,-132.7882137392662,-2.1589946727636833
UAV_0079,telemetry_01,5,5,166,80.98708940679349,6.7770034883256915,16.761118879020515,2.532746378869052
UAV_0079,telemetry_01,20,20,166,83.52514438998321,8.925598297233085,13.482919703354838,-0.20556700517190846
UAV_0079,telemetry_01,50,50,166,83.78440071110668,9.071164326566915,18.351171735287068,0.023046713419252633
UAV_0079,telemetry_02,5,5,166,17.254940573908048,5.884727117923799,-7.0588685877704815,-1.1924652699935905
UAV_0079,telemetry_02,20,20,166,13.152444401491787,5.868000150191864,-5.061217679669815,0.07665919464555049
UAV_0079,telemetry_02,50,50,166,12.996562893352817,6.568456494890418,3.576336331413372,0.013984911789985227
UAV_0079,telemetry_03,5,5,166,30377.825049386098,2.4940726144999804e-11,-4.729372449219227e-11,0.0
UAV_0079,telemetry_03,20,20,166,30377.825049386087,1.42862147608116e-11,0.0,0.0
UAV_0079,telemetry_03,50,50,166,30377.82504938608,1.2054612727809998e-11,0.0,0.0
UAV_0079,telemetry_04,5,5,166,-125.72416230954187,0.2339896147174142,-0.4662129380214708,-0.09025567584693021
UAV_0079,telemetry_04,20,20,166,-125.85470883657055,0.13398993419125282,-0.012801050388702606,0.008133194098181026
UAV_0079,telemetry_04,50,50,166,-125.88635786703772,0.09862687312702108,-0.032713795437800286,0.0021583517975463733
UAV_0079,telemetry_05,5,5,166,-113.52584623531145,0.0021375582832467406,0.004543347856937885,0.0012688132010595155
UAV_0079,telemetry_05,20,20,166,-113.52589233664352,0.00276404704582462,0.001182561287663475,4.157509753461051e-05
UAV_0079,telemetry_05,50,50,166,-113.52639821178965,0.002688690444907327,-0.0008259399605208273,1.7474354264463873e-05
UAV_0079,telemetry_06,5,5,166,-134.132165437259,0.6418486602111997,1.7658667259270828,0.36757580429759
UAV_0079,telemetry_06,20,20,166,-135.20464768601627,1.1195613771778097,1.8360004398646765,0.12663900089039604
UAV_0079,telemetry_06,50,50,166,-135.80968873137982,1.1061619017226334,4.5749724466750195,0.05115316869917901
UAV_0079,telemetry_07,5,5,166,140.5912754437698,0.0,0.0,0.0
UAV_0079,telemetry_07,20,20,166,140.59127544376983,2.9160058604848984e-14,0.0,0.0
UAV_0079,telemetry_07,50,50,166,140.59127544376977,2.8710262101646174e-14,0.0,0.0
UAV_0079,telemetry_08,5,5,166,-4680.605940223165,0.0,0.0,0.0
UAV_0079,telemetry_08,20,20,166,-4680.605940223164,9.331218753551675e-13,0.0,0.0
UAV_0079,telemetry_08,50,50,166,-4680.605940223166,9.187283872526776e-13,0.0,0.0
UAV_0079,telemetry_09,5,5,166,-147.60888683747206,6.180594147014397,8.909400596414855,1.914462099261749
UAV_0079,telemetry_09,20,20,166,-152.88032879823405,8.533778086180924,8.215095823139961,-0.03252645748191102
UAV_0079,telemetry_09,50,50,166,-153.88148139475362,9.606292934280308,38.246778118126116,0.04890816893026337
UAV_0079,telemetry_10,5,5,166,-62.36291802066326,9.493174702315471,13.229196522843253,2.5307143950764535
UAV_0079,telemetry_10,20,20,166,-62.5054401452446,4.443633758065246,-0.4972115134737791,0.020207469746994076
UAV_0079,telemetry_10,50,50,166,-62.05745094304579,3.936608045199835,-0.1762796140739269,-0.036505641355059265
UAV_0079,telemetry_11,5,5,166,63.030607323399956,2.9828036748772866,4.508108766336875,0.8968141132919392
UAV_0079,telemetry_11,20,20,166,62.994777661072575,1.3721016393862433,0.2761722074778632,0.022665581187179776
UAV_0079,telemetry_11,50,50,166,62.7518020450295,1.0742158043044068,0.4877083663970794,0.016946081629763826
UAV_0079,telemetry_12,5,5,166,630.4292781357376,0.7615505246722127,-1.0654052495152655,-0.35957427171142625
UAV_0079,telemetry_12,20,20,166,631.3615077290635,1.4327829614708345,-4.794323622818979,-0.1638160703202196
UAV_0079,telemetry_12,50,50,166,633.3298439275433,2.0852214433518435,-5.060674935197881,-0.11854392022968956
UAV_0079,telemetry_13,5,5,166,7149.648688011877,4.304634115272967,1.2385151471944482,1.1131998316923273
UAV_0079,telemetry_13,20,20,166,7145.951671280498,3.418446413839366,5.574760630966011,0.3495271141537071
UAV_0079,telemetry_13,50,50,166,7142.688763501397,4.542590358812663,16.43742990271039,0.23187531130546712
UAV_0079,telemetry_14,5,5,166,-648.8153498138018,0.0,0.0,0.0
UAV_0079,telemetry_14,20,20,166,-648.8153498138018,0.0,0.0,0.0
UAV_0079,telemetry_14,50,50,166,-648.8153498138018,0.0,0.0,0.0
UAV_0079,telemetry_15,5,5,166,49912.48766532267,16.049530266736767,7.0312171106779715,0.27138030953283304
UAV_0079,telemetry_15,20,20,166,49947.119493459984,29.676084225849966,-40.46033705802256,-3.7746533962665674
UAV_0079,telemetry_15,50,50,166,49981.509546412424,37.85750367620634,-121.19597914483165,-2.241086613799085
UAV_0079,telemetry_16,5,5,166,-701.5364328583291,1.2263405135372185,0.0,-0.17343073863319206
UAV_0079,telemetry_16,20,20,166,-699.9755562106304,2.0978366634770205,-5.202922158995875,-0.2529741601115796
UAV_0079,telemetry_16,50,50,166,-698.5187380061116,2.265599370451316,-3.4686147726639547,-0.08786047023194306
UAV_0079,telemetry_17,5,5,166,40.41581228213977,4.4938668397781776e-14,-7.815970093361102e-14,0.0
UAV_0079,telemetry_17,20,20,166,40.41581228213975,2.5928277367159365e-14,0.0,0.0
UAV_0079,telemetry_17,50,50,166,40.41581228213974,2.1865084197602072e-14,0.0,0.0
UAV_0079,telemetry_18,5,5,166,-103.32686416864547,0.006188755207829821,0.001714584669201713,0.0017339412649150176
UAV_0079,telemetry_18,20,20,166,-103.32698616473837,0.004588084504380412,0.009332259643201724,0.00010576895462383944
UAV_0079,telemetry_18,50,50,166,-103.32697210199707,0.005058277768919145,-0.002020506641244424,5.291611083707705e-06
UAV_0079,telemetry_19,5,5,166,33507.801783668576,0.41371145241122614,0.6490666345052887,0.22490437656233553
UAV_0079,telemetry_19,20,20,166,33507.11484073891,0.5772538213724969,0.8087827467388706,0.05725951466956211
UAV_0079,telemetry_19,50,50,166,33506.35337854384,0.8146719925222154,2.8561495075846324,0.04608130762852497
UAV_0079,telemetry_20,5,5,166,-164.8973841769026,0.0,0.0,0.0
UAV_0079,telemetry_20,20,20,166,-164.89738417690256,2.9160058604848984e-14,0.0,0.0
UAV_0079,telemetry_20,50,50,166,-164.8973841769026,0.0,0.0,0.0
UAV_0079,telemetry_21,5,5,166,34964.64697855546,0.2231697264987582,0.29430751981271897,0.10300763193445164
UAV_0079,telemetry_21,20,20,166,34964.087794267805,0.5616653153236262,0.8829225594454329,0.06151691015649594
UAV_0079,telemetry_21,50,50,166,34963.18132710679,0.943958827439046,3.090228958026273,0.05770264602125205
UAV_0079,telemetry_22,5,5,166,23197.402798786025,51.20173620128842,130.53079431717197,23.979206188176978
UAV_0079,telemetry_22,20,20,166,23159.795070490287,60.17335061060326,137.52351544130943,4.263215834467835
UAV_0079,telemetry_22,50,50,166,23129.249990529926,69.69158845026331,250.57250694814502,2.3595117199260933
UAV_0079,telemetry_23,5,5,166,-17354.431933401338,8.807237297947356,11.386422110041167,1.6432846435356623
UAV_0079,telemetry_23,20,20,166,-17365.28487622671,10.920130700419952,28.062270137190353,1.2424246393212515
UAV_0079,telemetry_23,50,50,166,-17374.07771758939,12.138211014354246,23.341157504903094,0.5776795723445882
UAV_0079,telemetry_24,5,5,166,-3647.4464929226915,220.0363112141098,-260.3647101983033,-51.914797236472666
UAV_0079,telemetry_24,20,20,166,-3634.680612477577,101.27765886196731,-1.714622105858325,-1.6720403426561605
UAV_0079,telemetry_24,50,50,166,-3643.7299625533833,81.56711556733754,13.306133667279028,0.5070826078673115
UAV_0079,telemetry_25,5,5,166,-174.33899198582213,0.18803449734155298,-0.39498581460441073,-0.060767048400674636
UAV_0079,telemetry_25,20,20,166,-173.96983216678797,0.3767756887146447,-1.3064915406146724,-0.053342503013380886
UAV_0079,telemetry_25,50,50,166,-173.35031210834302,0.6190054054576294,-1.7622444036197749,-0.03818038150293982
UAV_0079,telemetry_26,5,5,166,-7443.490710845338,7.0587593824776205,13.204325615456582,4.047412851694389
UAV_0079,telemetry_26,20,20,166,-7448.463861742899,5.722071384587548,18.801811474183523,0.5247845330825018
UAV_0079,telemetry_26,50,50,166,-7454.840689863497,7.43370802334323,27.843904015207045,0.41888016193766053
UAV_0079,telemetry_27,5,5,166,969.0302044744709,1.2710574864626038e-13,0.0,0.0
UAV_0079,telemetry_27,20,20,166,969.0302044744709,1.1664023441939594e-13,0.0,0.0
UAV_0079,telemetry_27,50,50,166,969.0302044744708,0.0,0.0,0.0
UAV_0079,telemetry_28,5,5,166,-9929.637316278197,21.815622355181038,45.02563553383516,8.498020852030095
UAV_0079,telemetry_28,20,20,166,-9900.437950243537,30.826550446325953,-14.282277470128975,-2.8211484784779897
UAV_0079,telemetry_28,50,50,166,-9850.725529721853,51.902791176100855,-100.66854166274243,-3.020203732002742
UAV_0080,telemetry_01,5,5,147,86.56656152115404,6.295049501357649,-15.55822329472035,-3.147861357810129
UAV_0080,telemetry_01,20,20,147,86.06923791754812,14.308528745357188,-21.69195539831935,0.07091252023220483
UAV_0080,telemetry_01,50,50,147,86.8354327398701,12.644210214206675,-13.318308525375983,-0.03379387429138279
UAV_0080,telemetry_02,5,5,147,16.359727973165356,12.829187018816285,-25.97548536583534,-2.7820746232720124
UAV_0080,telemetry_02,20,20,147,12.165955454579935,9.407315361863077,-10.736669595571904,0.29076381206006846
UAV_0080,telemetry_02,50,50,147,11.381400471674272,7.9258264478756315,-7.167573211382485,0.08765959427478462
UAV_0080,telemetry_03,5,5,147,30377.82504938608,0.0,0.0,0.0
UAV_0080,telemetry_03,20,20,147,30377.825049386087,7.46497500284134e-12,0.0,0.0
UAV_0080,telemetry_03,50,50,147,30377.82504938608,5.19711258155959e-12,0.0,0.0
UAV_0080,telemetry_04,5,5,147,-125.88210450434993,0.04874909773414514,0.0014223389320875413,-0.011663179243039678
UAV_0080,telemetry_04,20,20,147,-125.89618565977749,0.035500334456466436,0.049781862622751305,0.0012041756673088785
UAV_0080,telemetry_04,50,50,147,-125.8832957523838,0.06758183875635185,0.04267016796237044,2.8284473053313425e-05
UAV_0080,telemetry_05,5,5,147,-113.52546639089807,0.0024449626312136475,0.0028813276284296307,0.0012017269555542498
UAV_0080,telemetry_05,20,20,147,-113.52624754063417,0.0025569318848041615,0.003782512441532049,2.6691037654445967e-05
UAV_0080,telemetry_05,50,50,147,-113.52629828464606,0.002456964773954367,0.00114936966156165,2.8454877647355563e-05
UAV_0080,telemetry_06,5,5,147,-134.63086623886483,0.4938157112080278,-1.29246415684878,-0.22693266009786156
UAV_0080,telemetry_06,20,20,147,-134.8993155528382,0.7529811884264971,0.5548077727558507,0.018978853442682474
UAV_0080,telemetry_06,50,50,147,-135.70448816047355,1.0308202455230857,2.0777112753993947,0.05033047172896304
UAV_0080,telemetry_07,5,5,147,140.5912754437698,0.0,0.0,0.0
UAV_0080,telemetry_07,20,20,147,140.59127544376983,2.9160058604848984e-14,0.0,0.0
UAV_0080,telemetry_07,50,50,147,140.59127544376977,2.8710262101646174e-14,0.0,0.0
UAV_0080,telemetry_08,5,5,147,-4680.605940223165,0.0,0.0,0.0
UAV_0080,telemetry_08,20,20,147,-4680.605940223164,9.331218753551675e-13,0.0,0.0
UAV_0080,telemetry_08,50,50,147,-4680.605940223166,9.187283872526776e-13,0.0,0.0
UAV_0080,telemetry_09,5,5,147,-155.79878597743098,13.394790999894871,21.322600278326007,7.155998648896457
UAV_0080,telemetry_09,20,20,147,-155.8486341213357,9.458136926002876,8.253678182553955,-0.18169253705980154
UAV_0080,telemetry_09,50,50,147,-155.25053848416303,9.34346510898278,10.632400318499435,-0.11843149552371554
UAV_0080,telemetry_10,5,5,147,-63.03851609164216,1.3377524656499458,-2.140681388433393,-0.6048763433304145
UAV_0080,telemetry_10,20,20,147,-62.54490280289436,1.3652793121335685,-3.3959901606759075,-0.12013490195623627
UAV_0080,telemetry_10,50,50,147,-62.2367894980828,2.3824782035485614,-1.2137270178019435,-0.004804988507585732
UAV_0080,telemetry_11,5,5,147,63.101102383692535,0.1304562226066679,0.033119297608557474,0.031249659840337073
UAV_0080,telemetry_11,20,20,147,62.98836322626853,0.14373806864954353,0.48557163751911503,0.012835233976193414
UAV_0080,telemetry_11,50,50,147,62.927088722649,0.560079482935509,0.4668752598368471,0.008559642105875129
UAV_0080,telemetry_12,5,5,147,631.2816023353499,1.8563559126707982,-4.261620998061289,-0.9322295933259056
UAV_0080,telemetry_12,20,20,147,631.9141867022496,1.658459813045282,-4.261620998061289,-0.07760235605022416
UAV_0080,telemetry_12,50,50,147,633.6308209105313,2.12682509160128,-5.726553216145021,-0.09967230623617275
UAV_0080,telemetry_13,5,5,147,7148.551387914855,3.135748395448068,0.9351769669419809,0.3180921785366081
UAV_0080,telemetry_13,20,20,147,7145.4569558374515,3.5199289500232536,8.902927960421039,0.31850358087631525
UAV_0080,telemetry_13,50,50,147,7141.890876923276,4.639416528704629,11.667400258816997,0.22118816595410856
UAV_0080,telemetry_14,5,5,147,-648.8153498138018,0.0,0.0,0.0
UAV_0080,telemetry_14,20,20,147,-648.8153498138018,0.0,0.0,0.0
UAV_0080,telemetry_14,50,50,147,-648.8153498138018,0.0,0.0,0.0
UAV_0080,telemetry_15,5,5,147,49890.14813166044,20.38632594952595,-46.68974870871898,-12.501997441555432
UAV_0080,telemetry_15,20,20,147,49920.82335823942,27.28626023262297,-103.3712269957905,-4.0717712437021785
UAV_0080,telemetry_15,50,50,147,49958.59271281902,39.46976932935087,-121.99778460482048,-2.3311814409962044
UAV_0080,telemetry_16,5,5,147,-702.5770172901283,1.9774146614635726,-1.7343073863319205,-0.5202922158995762
UAV_0080,telemetry_16,20,20,147,-700.929425273113,1.8893940630869912,-6.937229545327796,-0.19168660585774175
UAV_0080,telemetry_16,50,50,147,-699.4552639947308,2.0728938055239152,-5.2029221589957615,-0.09660487722185232
UAV_0080,telemetry_17,5,5,147,40.41581228213973,0.0,0.0,0.0
UAV_0080,telemetry_17,20,20,147,40.41581228213974,7.290014651212246e-15,0.0,0.0
UAV_0080,telemetry_17,50,50,147,40.41581228213974,1.498719681461722e-14,0.0,0.0
UAV_0080,telemetry_18,5,5,147,-103.33169098917838,0.007782870973830352,-0.01976334691769921,-0.004452487842767994
UAV_0080,telemetry_18,20,20,147,-103.3300684098152,0.005730295473986227,-0.012270261374183633,-9.372486606265613e-05
UAV_0080,telemetry_18,50,50,147,-103.3284808760218,0.006145756421649703,-0.008222215966029012,-9.305861841394118e-05
UAV_0080,telemetry_19,5,5,147,33508.17492604845,0.19532247139543388,-0.12283539825875778,-0.018676976553251734
UAV_0080,telemetry_19,20,20,147,33507.36569686829,0.6635318265447271,1.6780168152035912,0.08633541793537197
UAV_0080,telemetry_19,50,50,147,33506.52465073376,0.8922026192441146,2.5223039756237995,0.05339200419233392
UAV_0080,telemetry_20,5,5,147,-164.8973841769026,0.0,0.0,0.0
UAV_0080,telemetry_20,20,20,147,-164.89738417690256,2.9160058604848984e-14,0.0,0.0
UAV_0080,telemetry_20,50,50,147,-164.8973841769026,0.0,0.0,0.0
UAV_0080,telemetry_21,5,5,147,34964.64697855545,0.4722695832485194,0.7357687995245215,0.20601526386817567
UAV_0080,telemetry_21,20,20,147,34964.087794267805,0.7278260949217132,2.5016139184008352,0.08231759200749447
UAV_0080,telemetry_21,50,50,147,34963.098921001234,1.035698296421247,3.678843997644435,0.060557393632337746
UAV_0080,telemetry_22,5,5,147,23263.921058479355,52.99234304868342,115.23421685813082,17.83143886654252
UAV_0080,telemetry_22,20,20,147,23204.147861037018,62.902266122384674,106.05627038270177,6.081827188227224
UAV_0080,telemetry_22,50,50,147,23148.95198229718,79.57594239133947,212.69526752575257,3.84302352255778
UAV_0080,telemetry_23,5,5,147,-17347.40169307207,10.037752491096219,9.767305522083916,4.0308103680970815
UAV_0080,telemetry_23,20,20,147,-17356.40472217654,11.266883876138637,27.960651679433795,1.392144012776875
UAV_0080,telemetry_23,50,50,147,-17363.905507591102,10.724124172105295,26.904606713011162,0.5372042170591244
UAV_0080,telemetry_24,5,5,147,-3626.889014475204,2.874495156381719,-4.486022732300171,-1.3733987791053095
UAV_0080,telemetry_24,20,20,147,-3630.965467700459,3.8520749895143633,1.483532898503654,0.39890645651154505
UAV_0080,telemetry_24,50,50,147,-3639.8714503024994,35.235545891921035,16.334597637710885,0.2549103900170238
UAV_0080,telemetry_25,5,5,147,-174.33899198582213,0.2398182170279723,-0.1519176210017008,0.015191762100170082
UAV_0080,telemetry_25,20,20,147,-174.07465532527917,0.44196224975110254,-0.6076704840068317,-0.04112055906813074
UAV_0080,telemetry_25,50,50,147,-173.49979904740866,0.6429306920101617,-1.7318608794194574,-0.0382854289815679
UAV_0080,telemetry_26,5,5,147,-7438.869196879928,7.342689280571891,-11.912598109599458,-2.726980290149277
UAV_0080,telemetry_26,20,20,147,-7446.504741692345,6.92553401338709,11.051446439025312,0.8257559628105352
UAV_0080,telemetry_26,50,50,147,-7453.7958258365325,8.592065124723932,8.611516705734175,0.48234142310323874
UAV_0080,telemetry_27,5,5,147,969.0302044744709,1.2710574864626038e-13,0.0,0.0
UAV_0080,telemetry_27,20,20,147,969.0302044744709,1.1664023441939594e-13,0.0,0.0
UAV_0080,telemetry_27,50,50,147,969.0302044744708,0.0,0.0,0.0
UAV_0080,telemetry_28,5,5,147,-9935.133884776504,21.909330221391592,40.49712332018498,5.837015045071712
UAV_0080,telemetry_28,20,20,147,-9897.948641265379,33.929738325620455,-35.74889259762131,-4.17274613608216
UAV_0080,telemetry_28,50,50,147,-9853.919012658025,54.76612981345515,-80.05295231506716,-2.8945572156368904
UAV_0081,telemetry_01,5,5,347,86.64637620190874,11.89152735271323,27.161455239587895,6.993520285574226
UAV_0081,telemetry_01,20,20,347,84.19767210394465,11.99023330194238,25.040530726220197,0.8912798383301368
UAV_0081,telemetry_01,50,50,347,84.77860271890127,12.901918558150538,2.241246645489497,0.04392997661063666
UAV_0081,telemetry_02,5,5,347,11.643501170950351,8.033109810792766,-15.598337782654106,-1.7076689597436363
UAV_0081,telemetry_02,20,20,347,11.810608519232876,6.590626252189345,2.4241542043319226,0.10562176661073579
UAV_0081,telemetry_02,50,50,347,10.683778692206495,7.511672117575376,-11.935725518055673,0.08903104205303954
UAV_0081,telemetry_03,5,5,347,30377.82504938608,0.0,0.0,0.0
UAV_0081,telemetry_03,20,20,347,30377.825049386087,7.46497500284134e-12,0.0,0.0
UAV_0081,telemetry_03,50,50,347,30377.82504938608,0.0,0.0,0.0
UAV_0081,telemetry_04,5,5,347,-125.92790381796286,0.03700815479765456,0.04267016796235623,0.01038307420417368
UAV_0081,telemetry_04,20,20,347,-125.89618565977749,0.04349342118884072,0.001422338932101752,-0.002006246493668018
UAV_0081,telemetry_04,50,50,347,-125.90193190906308,0.03617353744382604,0.06827226873977565,1.3864816480747573e-05
UAV_0081,telemetry_05,5,5,347,-113.52531414208059,0.003204710439554532,-0.00459195334107676,-0.0007365825115755343
UAV_0081,telemetry_05,20,20,347,-113.52636170070187,0.0027850404294102026,-0.005469171173359655,0.00013010058056229048
UAV_0081,telemetry_05,50,50,347,-113.52577842401581,0.0025653257688127255,-0.002742199351317254,-2.0203251186653864e-05
UAV_0081,telemetry_06,5,5,347,-142.77589520250987,0.7782456784066324,-0.10770534640411711,0.14314791969748625
UAV_0081,telemetry_06,20,20,347,-142.70958127120647,0.7607427548396029,-0.4971979363071739,-0.00449258793227539
UAV_0081,telemetry_06,50,50,347,-141.88334350163487,1.1142268757695124,-1.5091272374058633,-0.042276881804960316
UAV_0081,telemetry_07,5,5,347,140.71160362240556,0.04707604124451628,0.0,0.0
UAV_0081,telemetry_07,20,20,347,140.69441388260046,0.035272601836038864,0.0,0.002972661770808512
UAV_0081,telemetry_07,50,50,347,140.6841000387174,0.023554027438540126,0.0,0.000685113279147245
UAV_0081,telemetry_08,5,5,347,-4680.605940223165,0.0,0.0,0.0
UAV_0081,telemetry_08,20,20,347,-4680.605940223164,9.331218753551675e-13,0.0,0.0
UAV_0081,telemetry_08,50,50,347,-4680.605940223166,9.187283872526776e-13,0.0,0.0
UAV_0081,telemetry_09,5,5,347,-151.2870409001189,14.334571509845759,-5.881969722368865,-4.3888868759860316
UAV_0081,telemetry_09,20,20,347,-151.82627476512144,10.863339218307573,0.29325812932486883,0.2664803552661195
UAV_0081,telemetry_09,50,50,347,-153.66502268797808,11.378108531493574,-2.640683097552369,-0.00045400626720347
UAV_0081,telemetry_10,5,5,347,-63.129975225952705,0.7745348892538755,-1.4234574460322236,-0.12238561271423407
UAV_0081,telemetry_10,20,20,347,-62.64442493763043,1.003751885628603,-3.48123911671982,-0.07177768313647111
UAV_0081,telemetry_10,50,50,347,-62.41769571046961,1.2049457132815,0.42651223589562903,-0.024456743980162222
UAV_0081,telemetry_11,5,5,347,61.6220586543604,0.11912706642103262,0.06570441299763274,0.004754221753485411
UAV_0081,telemetry_11,20,20,347,61.67467560298046,0.10350738267939617,-0.031516750950089545,-0.006192497338453095
UAV_0081,telemetry_11,50,50,347,61.789845289503134,0.16963138979118164,-0.45619161544699693,-0.00833573077176334
UAV_0081,telemetry_12,5,5,347,645.1851408415254,2.361756777012884,-0.6658782809470267,0.21308104990307583
UAV_0081,telemetry_12,20,20,347,644.332816641913,1.719869360341974,-1.9976348428413075,0.11234818514626431
UAV_0081,telemetry_12,50,50,347,643.552407296643,1.7779680450372006,-0.13317565618945082,0.06324005109518223
UAV_0081,telemetry_13,5,5,347,7139.875431245098,3.495150158031993,2.1601794187645282,-0.48400446630967053
UAV_0081,telemetry_13,20,20,347,7141.184530003952,3.9329968666482187,-6.592649695157888,-0.07521254655638948
UAV_0081,telemetry_13,50,50,347,7138.924668171093,4.035091332347596,6.789289133152124,0.11803742462416822
UAV_0081,telemetry_14,5,5,347,-648.8153498138018,0.0,0.0,0.0
UAV_0081,telemetry_14,20,20,347,-648.8153498138018,0.0,0.0,0.0
UAV_0081,telemetry_14,50,50,347,-648.8153498138018,0.0,0.0,0.0
UAV_0081,telemetry_15,5,5,347,50321.64282382188,26.3800492783449,20.168491185933817,2.7138030953552517
UAV_0081,telemetry_15,20,20,347,50283.99188974099,33.35613472537704,116.20011435565539,4.492197403348361
UAV_0081,telemetry_15,50,50,347,50223.834893171574,58.57897895969685,207.2358727362007,3.8383772720709777
UAV_0081,telemetry_16,5,5,347,-701.5364328583291,1.7343073863319205,1.7343073863319205,0.3468614772663841
UAV_0081,telemetry_16,20,20,347,-701.1895713810627,1.4455603877092467,1.7343073863319205,-0.044335677545327294
UAV_0081,telemetry_16,50,50,347,-699.9408700629037,1.914002236696303,-3.4686147726639547,-0.09194119349390115
UAV_0081,telemetry_17,5,5,347,40.41581228213973,0.0,0.0,0.0
UAV_0081,telemetry_17,20,20,347,40.41581228213974,7.290014651212246e-15,0.0,0.0
UAV_0081,telemetry_17,50,50,347,40.41581228213974,7.177565525411544e-15,0.0,0.0
UAV_0081,telemetry_18,5,5,347,-103.06789957649707,0.005253260846663279,-0.007280307715205936,-0.0006517120852606694
UAV_0081,telemetry_18,20,20,347,-103.07091769210508,0.018951347575490066,-0.0106012661158843,-0.0003796577571042168
UAV_0081,telemetry_18,50,50,347,-103.06894275169756,0.012413810302645264,-0.0017641922232343177,-0.00011572537291471588
UAV_0081,telemetry_19,5,5,347,33511.04153695768,0.39958069628046816,0.7660114585014526,0.07750548852563952
UAV_0081,telemetry_19,20,20,347,33510.238628849176,0.7947861009429874,2.8004192393200356,0.11334577731150719
UAV_0081,telemetry_19,50,50,347,33508.868414867866,1.3591543570053213,4.371498645035899,0.0886205368223707
UAV_0081,telemetry_20,5,5,347,-164.8973841769026,0.0,0.0,0.0
UAV_0081,telemetry_20,20,20,347,-164.89738417690256,2.9160058604848984e-14,0.0,0.0
UAV_0081,telemetry_20,50,50,347,-164.8973841769026,0.0,0.0,0.0
UAV_0081,telemetry_21,5,5,347,34967.94322277734,0.38089806335262844,0.7357687995317974,0.10300763193372404
UAV_0081,telemetry_21,20,20,347,34967.17802322583,0.798036511354627,1.7658451188763138,0.10710138314972212
UAV_0081,telemetry_21,50,50,347,34965.75651790514,1.3926667529855705,4.7089203169889515,0.0890130090532603
UAV_0081,telemetry_22,5,5,347,23251.77120552617,79.05607217259916,8.740901405162731,9.585855207666828
UAV_0081,telemetry_22,20,20,347,23229.073998210748,65.37214082464325,83.76697179951952,2.679228676320688
UAV_0081,telemetry_22,50,50,347,23174.562823414322,77.36395460159278,206.28527316195687,3.514779764467886
UAV_0081,telemetry_23,5,5,347,-17493.40769628411,15.876294465203138,-29.927460755192442,-8.444425055718966
UAV_0081,telemetry_23,20,20,347,-17476.83581660681,15.336167751290317,-58.974607664207724,-2.0955980066130353
UAV_0081,telemetry_23,50,50,347,-17452.247561903,25.010927632502185,-93.77574962190556,-1.6187334154567368
UAV_0081,telemetry_24,5,5,347,-3741.219887411056,4.2223721936810685,-1.821480296309801,-0.9656481918022564
UAV_0081,telemetry_24,20,20,347,-3730.73043655438,8.808476138911459,-13.345022347968097,-1.2882192243494268
UAV_0081,telemetry_24,50,50,347,-3714.391331053964,15.780916459893042,-45.257502245934575,-1.043235762948093
UAV_0081,telemetry_25,5,5,347,-174.5152164261841,0.35911731848204337,-0.2734517178030842,-0.15191762100170933
UAV_0081,telemetry_25,20,20,347,-174.1688442503002,0.4657810376389639,-1.09380687121228,-0.04669467929736573
UAV_0081,telemetry_25,50,50,347,-173.52471353725298,0.6816939976850527,-1.7014773552191116,-0.04027403611170304
UAV_0081,telemetry_26,5,5,347,-7668.538347421856,5.634715423273309,-13.060800337028923,-2.8274479850490932
UAV_0081,telemetry_26,20,20,347,-7648.681625151216,15.801775006714944,-39.90002740323416,-2.5207571269328644
UAV_0081,telemetry_26,50,50,347,-7614.93165592866,32.18475630215368,-107.78748410010485,-2.1738445496378715
UAV_0081,telemetry_27,5,5,347,969.0302044744709,1.2710574864626038e-13,0.0,0.0
UAV_0081,telemetry_27,20,20,347,969.0302044744709,1.1664023441939594e-13,0.0,0.0
UAV_0081,telemetry_27,50,50,347,969.0302044744708,0.0,0.0,0.0
UAV_0081,telemetry_28,5,5,347,-9900.533120656732,27.366778160491386,-39.67691516075138,-8.569096964745222
UAV_0081,telemetry_28,20,20,347,-9876.453332288496,29.23751371663842,-64.25609463779074,-3.1658853877884425
UAV_0081,telemetry_28,50,50,347,-9841.114813116177,41.40524924472896,-120.04679093389132,-2.3614600800876233
UAV_0082,telemetry_01,5,5,285,77.40083174056767,6.722828741067776,8.007818783324012,0.6300410556860541
UAV_0082,telemetry_01,20,20,285,87.07555134084313,13.119054540865784,0.720221311508908,-0.702359740477381
UAV_0082,telemetry_01,50,50,285,87.0934932135604,10.420745334945742,-9.596468105070656,-0.07274636753058412
UAV_0082,telemetry_02,5,5,285,7.83587840902711,5.060782784564178,1.6086384314856712,0.5152090246597152
UAV_0082,telemetry_02,20,20,285,6.955054693361149,6.420541234052291,14.751199463951208,0.1567180349740884
UAV_0082,telemetry_02,50,50,285,9.68776809461963,8.498154618279209,-11.935386723538512,-0.18709467275410052
UAV_0082,telemetry_03,5,5,285,30377.825049386076,1.6770253673335696e-11,3.637978807091713e-11,0.0
UAV_0082,telemetry_03,20,20,285,30377.82504938608,8.346095778344961e-12,0.0,0.0
UAV_0082,telemetry_03,50,50,285,30377.82504938608,5.19711258155959e-12,0.0,0.0
UAV_0082,telemetry_04,5,5,285,-126.00477704915417,0.19396541747513507,0.46543947508516226,0.0901009832596685
UAV_0082,telemetry_04,20,20,285,-125.92372465032797,0.10389567298655665,0.008534033592482615,-0.005361670282627112
UAV_0082,telemetry_04,50,50,285,-125.90660387364623,0.07270482770686701,0.007111694660395074,-0.0012130448403090363
UAV_0082,telemetry_05,5,5,285,-113.5255316929595,0.0032666403817371795,-0.006229573519874521,-0.001876663983564697
UAV_0082,telemetry_05,20,20,285,-113.52583502070675,0.0027619332983800267,-0.008105309118676018,-5.1130068397001164e-05
UAV_0082,telemetry_05,50,50,285,-113.52583312516397,0.002515055872344527,-0.0009655873238330059,3.145900165000281e-06
UAV_0082,telemetry_06,5,5,285,-142.88034434076687,0.5253882290696675,0.7389087718418637,0.023544889679033076
UAV_0082,telemetry_06,20,20,285,-142.60463117784994,0.7114537467405483,1.311249973082056,-0.04052933917273498
UAV_0082,telemetry_06,50,50,285,-141.90779011049312,1.0694952363345895,-2.27057898872755,-0.045312922290659405
UAV_0082,telemetry_07,5,5,285,140.71160362240556,0.04707604124451628,0.0,0.0
UAV_0082,telemetry_07,20,20,285,140.69011644764916,0.031487095187570084,0.08594869902555047,0.0025203001969898256
UAV_0082,telemetry_07,50,50,285,140.6823810647369,0.02061891562549892,0.08594869902555047,0.0005324073072891242
UAV_0082,telemetry_08,5,5,285,-4680.605940223165,0.0,0.0,0.0
UAV_0082,telemetry_08,20,20,285,-4680.605940223164,9.331218753551675e-13,0.0,0.0
UAV_0082,telemetry_08,50,50,285,-4680.605940223166,9.187283872526776e-13,0.0,0.0
UAV_0082,telemetry_09,5,5,285,-146.64280531838003,8.403576079201937,-2.4540134011592443,-2.0934584372696294
UAV_0082,telemetry_09,20,20,285,-154.28574887754962,9.777186395609517,15.298618335840416,0.9312997701133894
UAV_0082,telemetry_09,50,50,285,-154.05899633850723,10.598281360137038,-7.366281104105553,0.007220301808674394
UAV_0082,telemetry_10,5,5,285,-60.06272252182025,7.035005732758144,-14.834307580162921,-2.823168391231919
UAV_0082,telemetry_10,20,20,285,-61.735812921045465,3.4944369989262647,-0.9270544436074459,0.07397216511271291
UAV_0082,telemetry_10,50,50,285,-62.176977353378355,2.331738124730394,-0.3607837135805596,0.028444992192087
UAV_0082,telemetry_11,5,5,285,62.32193675175338,1.5899085623628686,-3.5757785443523815,-0.7253585892627925
UAV_0082,telemetry_11,20,20,285,61.81695317549573,0.7957254414632796,-0.18482704794458016,0.021510366591816335
UAV_0082,telemetry_11,50,50,285,61.82481211293248,0.5014178455580217,-0.2809798474533096,-0.0006028719667880269
UAV_0082,telemetry_12,5,5,285,645.5047624163799,1.5746296723760598,0.0,-0.2796688779977785
UAV_0082,telemetry_12,20,20,285,645.2450698868105,1.063190654869264,-0.39952696856835246,0.02032681068154143
UAV_0082,telemetry_12,50,50,285,643.8400667140122,1.7756131302334475,5.726553216145021,0.08349937780865613
UAV_0082,telemetry_13,5,5,285,7141.818940102077,4.685044508936484,9.200754012139441,2.3070840886023687
UAV_0082,telemetry_13,20,20,285,7141.146012448842,3.347140228488707,1.5575626889476553,0.09222180567901792
UAV_0082,telemetry_13,50,50,285,7139.418775792218,3.624636352832293,6.09379756855742,0.1193505832777768
UAV_0082,telemetry_14,5,5,285,-648.8153498138018,0.0,0.0,0.0
UAV_0082,telemetry_14,20,20,285,-648.8153498138018,0.0,0.0,0.0
UAV_0082,telemetry_14,50,50,285,-648.8153498138018,0.0,0.0,0.0
UAV_0082,telemetry_15,5,5,285,50320.68065726989,18.562369971807275,41.87891594877874,10.491316057271614
UAV_0082,telemetry_15,20,20,285,50287.32246626711,34.69197555999901,81.29073817449535,4.578360187886328
UAV_0082,telemetry_15,50,50,285,50226.459880892886,60.373650850767575,177.07565197191434,3.9141256382902467
UAV_0082,telemetry_16,5,5,285,-701.1895713810627,1.4510256638667078,-3.468614772663841,-0.6937229545327682
UAV_0082,telemetry_16,20,20,285,-701.1895713810627,1.8319651332302094,-1.7343073863319205,-0.07563144993026377
UAV_0082,telemetry_16,50,50,285,-699.6286947333641,2.109585039937634,-5.202922158995875,-0.08819359049822553
UAV_0082,telemetry_17,5,5,285,40.415812282139754,4.451537480371452e-14,-9.947598300641403e-14,0.0
UAV_0082,telemetry_17,20,20,285,40.41581228213975,2.417824331426461e-14,0.0,0.0
UAV_0082,telemetry_17,50,50,285,40.41581228213974,1.498719681461722e-14,0.0,0.0
UAV_0082,telemetry_18,5,5,285,-103.15643288490458,0.004367225751215291,-0.0034212888330813485,0.0004189831321113502
UAV_0082,telemetry_18,20,20,285,-103.14771574964672,0.02789516651047826,0.00793932225498395,-0.0009366301488797542
UAV_0082,telemetry_18,50,50,285,-103.14036124674391,0.032714337254816296,-0.004866662203539818,-0.0005620157010835209
UAV_0082,telemetry_19,5,5,285,33511.16272461868,0.691306826014548,0.22134365660895128,0.16033983278248343
UAV_0082,telemetry_19,20,20,285,33510.22800535816,0.8484055524383566,1.6217773290190962,0.10802521387611198
UAV_0082,telemetry_19,50,50,285,33508.87793966357,1.356574157947976,4.67967712389509,0.0867446686168204
UAV_0082,telemetry_20,5,5,285,-164.8973841769026,0.0,0.0,0.0
UAV_0082,telemetry_20,20,20,285,-164.89738417690256,2.9160058604848984e-14,0.0,0.0
UAV_0082,telemetry_20,50,50,285,-164.8973841769026,0.0,0.0,0.0
UAV_0082,telemetry_21,5,5,285,34968.00208428131,0.28305590879159076,0.29430751981271897,0.0294307519805443
UAV_0082,telemetry_21,20,20,285,34967.14123478586,0.6671644300281213,2.2073063985881163,0.10079479343923074
UAV_0082,telemetry_21,50,50,285,34965.75946098034,1.3842481554815755,4.4146127971835085,0.0890483400880776
UAV_0082,telemetry_22,5,5,285,23249.061526090565,76.81075917000523,39.334056323259574,13.854328727191751
UAV_0082,telemetry_22,20,20,285,23218.70146187662,69.90143424921135,-44.72427885643992,3.7421573384229023
UAV_0082,telemetry_22,50,50,285,23172.281448147573,77.99904271464757,40.79087322412306,3.0093185151438777
UAV_0082,telemetry_23,5,5,285,-17496.717191475625,4.291472542275055,-7.459918770175136,-1.5161652822025644
UAV_0082,telemetry_23,20,20,285,-17477.66946648529,14.07023202471569,-46.98887171822207,-2.1490566296720734
UAV_0082,telemetry_23,50,50,285,-17455.441331098573,22.559753895847667,-81.82181679304267,-1.445995452871827
UAV_0082,telemetry_24,5,5,285,-3813.7661721400227,155.34383648188094,340.599984239625,67.28888684778494
UAV_0082,telemetry_24,20,20,285,-3748.01238084672,81.42890618191008,-34.90249037087506,-4.516732884700061
UAV_0082,telemetry_24,50,50,285,-3721.966563105412,55.46534767320354,-57.46340244303019,-1.7291262910688854
UAV_0082,telemetry_25,5,5,285,-174.19315106966047,0.3241225727627758,0.12153409680135496,0.08203551534091673
UAV_0082,telemetry_25,20,20,285,-173.89083500386707,0.3832199350406764,-0.45575286300515927,-0.044844254139300946
UAV_0082,telemetry_25,50,50,285,-173.37583426867133,0.5741043979509949,-1.4280256374160558,-0.03515734850687265
UAV_0082,telemetry_26,5,5,285,-7672.097774326891,7.77795782282427,-18.514760917327294,-4.707629132467628
UAV_0082,telemetry_26,20,20,285,-7649.7508884755125,16.343390590312463,-53.67845413240957,-2.6076276901924778
UAV_0082,telemetry_26,50,50,285,-7616.1889373676995,31.56682617344816,-99.0324421159412,-2.10179589366209
UAV_0082,telemetry_27,5,5,285,969.0302044744709,1.2710574864626038e-13,0.0,0.0
UAV_0082,telemetry_27,20,20,285,969.0302044744709,1.1664023441939594e-13,0.0,0.0
UAV_0082,telemetry_27,50,50,285,969.0302044744708,0.0,0.0,0.0
UAV_0082,telemetry_28,5,5,285,-9901.893841423787,35.61330133140752,-94.74017190247832,-16.090509983211085
UAV_0082,telemetry_28,20,20,285,-9871.880692613082,35.60371822440592,-76.87425413953315,-3.9028777655773634
UAV_0082,telemetry_28,50,50,285,-9841.833700294403,37.76304869647005,-171.3954156270247,-2.089806748687016
UAV_0083,telemetry_01,5,5,181,86.57942403792595,11.9008434503832,-9.558826050035321,0.5783766167949083
UAV_0083,telemetry_01,20,20,181,86.45241161786488,11.995628365846377,-9.954014143245558,0.4108911684843023
UAV_0083,telemetry_01,50,50,181,88.08601418379129,10.959486146210077,-19.49331897946884,-0.08810358111210667
UAV_0083,telemetry_02,5,5,181,10.179302498446027,5.823126207893747,4.911692920012941,-0.40734132805484935
UAV_0083,telemetry_02,20,20,181,10.960097266519119,7.050734959352138,11.689759007927416,0.0007486947690657267
UAV_0083,telemetry_02,50,50,181,9.781157158067689,8.342854129143573,-4.301981792149464,0.10469642250127469
UAV_0083,telemetry_03,5,5,181,30377.82504938608,0.0,0.0,0.0
UAV_0083,telemetry_03,20,20,181,30377.825049386087,7.46497500284134e-12,0.0,0.0
UAV_0083,telemetry_03,50,50,181,30377.82504938608,0.0,0.0,0.0
UAV_0083,telemetry_04,5,5,181,-125.89689682924354,0.029960414121476753,-0.04267016796235623,-0.007680630233224406
UAV_0083,telemetry_04,20,20,181,-125.89149194130164,0.036143261558043725,0.004267016796248413,-0.001289729888786621
UAV_0083,telemetry_04,50,50,181,-125.89038251693464,0.03401847979972468,-0.02133508398117101,-0.00032093976671487053
UAV_0083,telemetry_05,5,5,181,-113.5265607953119,0.0019921244077650588,0.0035920102661179953,0.00063196638743932
UAV_0083,telemetry_05,20,20,181,-113.52572693074141,0.002724178667100909,-0.0008276220287370961,-0.00019333214549183472
UAV_0083,telemetry_05,50,50,181,-113.52625960562006,0.0026462617438543375,-0.00061911107431456,8.012062583616182e-06
UAV_0083,telemetry_06,5,5,181,-134.21231825318762,0.7427838782624435,-1.403926666499558,-0.17370618077029007
UAV_0083,telemetry_06,20,20,181,-134.61182994508175,1.074517466743379,0.934281260667774,0.07971400939403553
UAV_0083,telemetry_06,50,50,181,-135.28927152620835,1.1403181874504211,1.5053700741590887,0.04753997742231315
UAV_0083,telemetry_07,5,5,181,140.5912754437698,0.0,0.0,0.0
UAV_0083,telemetry_07,20,20,181,140.59127544376983,2.9160058604848984e-14,0.0,0.0
UAV_0083,telemetry_07,50,50,181,140.59127544376977,2.8710262101646174e-14,0.0,0.0
UAV_0083,telemetry_08,5,5,181,-4680.605940223165,0.0,0.0,0.0
UAV_0083,telemetry_08,20,20,181,-4680.605940223164,9.331218753551675e-13,0.0,0.0
UAV_0083,telemetry_08,50,50,181,-4680.605940223166,9.187283872526776e-13,0.0,0.0
UAV_0083,telemetry_09,5,5,181,-157.543861172368,11.183147298857502,14.069750741334616,3.2787548620241465
UAV_0083,telemetry_09,20,20,181,-153.36241286072578,8.551516496287917,-4.469088220910578,-0.49539995315643054
UAV_0083,telemetry_09,50,50,181,-151.0347990454186,9.015653901008669,1.6556232240263569,-0.11780996999873324
UAV_0083,telemetry_10,5,5,181,-61.940829807137575,1.051849513267309,-2.796996796817993,-0.6595934145556533
UAV_0083,telemetry_10,20,20,181,-61.93260821816157,0.9737056157084862,-0.3873227547913345,0.028340272068224266
UAV_0083,telemetry_10,50,50,181,-62.060956423214435,1.0966939513528688,1.18200933872523,0.01316509351425963
UAV_0083,telemetry_11,5,5,181,63.08475640777605,0.12961543819542587,0.01655964880428229,-0.011645172384945824
UAV_0083,telemetry_11,20,20,181,63.03320782359498,0.11236828206481823,0.18429286572507664,0.011688549587732805
UAV_0083,telemetry_11,50,50,181,62.93600802693604,0.13596732546252477,0.1746775857742051,0.006061512496601413
UAV_0083,telemetry_12,5,5,181,630.6423591856408,1.9468258600339068,-1.0654052495153792,-0.7058309778039302
UAV_0083,telemetry_12,20,20,181,630.8687578011628,1.826779241701233,-4.661147966629642,-0.11575267560523805
UAV_0083,telemetry_12,50,50,181,632.3869602817222,2.234821003229728,-3.0630400923566867,-0.10191694754817798
UAV_0083,telemetry_13,5,5,181,7147.533100189069,3.9396806430249938,-3.0592497769721376,0.08840898479520547
UAV_0083,telemetry_13,20,20,181,7144.792284111982,4.217210546130966,4.403215084308613,0.39441450823463886
UAV_0083,telemetry_13,50,50,181,7142.715677285767,3.942940597315747,1.2525810502147579,0.1547446853396965
UAV_0083,telemetry_14,5,5,181,-648.8153498138018,0.0,0.0,0.0
UAV_0083,telemetry_14,20,20,181,-648.8153498138018,0.0,0.0,0.0
UAV_0083,telemetry_14,50,50,181,-648.8153498138018,0.0,0.0,0.0
UAV_0083,telemetry_15,5,5,181,50185.08918625106,20.912921719078362,-0.061677343081100844,3.743814724727417
UAV_0083,telemetry_15,20,20,181,50146.33422772911,28.88924858887009,51.68561349789525,3.3737506662707366
UAV_0083,telemetry_15,50,50,181,50103.19894430187,44.29207794138044,176.458878541147,2.7193829327790073
UAV_0083,telemetry_16,5,5,181,-702.9238787673947,1.8998385542836393,-5.2029221589957615,-1.0405844317991524
UAV_0083,telemetry_16,20,20,181,-701.5364328583292,1.9491932291517804,-3.468614772663841,-0.18516665327754467
UAV_0083,telemetry_16,50,50,181,-700.1489869492635,2.188141157827122,-6.937229545327796,-0.10110200081666246
UAV_0083,telemetry_17,5,5,181,40.41581228213973,0.0,0.0,0.0
UAV_0083,telemetry_17,20,20,181,40.41581228213974,7.290014651212246e-15,0.0,0.0
UAV_0083,telemetry_17,50,50,181,40.41581228213974,7.177565525411544e-15,0.0,0.0
UAV_0083,telemetry_18,5,5,181,-103.32520401290131,0.005795801479831634,-0.007559172068738462,-0.0010983268582776874
UAV_0083,telemetry_18,20,20,181,-103.32447132256273,0.005540468688686671,-0.01493381042899955,-2.6348862897385973e-05
UAV_0083,telemetry_18,50,50,181,-103.32492399960749,0.004885565425120785,-0.010399024269219126,1.2019313520162834e-05
UAV_0083,telemetry_19,5,5,181,33506.73522176841,0.30111227197904716,0.29486363233445445,0.07705685656619607
UAV_0083,telemetry_19,20,20,181,33506.49509387388,0.4065666691192116,0.4388614077033708,0.022169273651071082
UAV_0083,telemetry_19,50,50,181,33506.086748542286,0.5868834688313636,0.9825973904589773,0.028901344055525042
UAV_0083,telemetry_20,5,5,181,-164.8973841769026,0.0,0.0,0.0
UAV_0083,telemetry_20,20,20,181,-164.89738417690256,2.9160058604848984e-14,0.0,0.0
UAV_0083,telemetry_20,50,50,181,-164.8973841769026,0.0,0.0,0.0
UAV_0083,telemetry_21,5,5,181,34963.970071259886,0.4813525224655937,0.0,-0.10300763193445164
UAV_0083,telemetry_21,20,20,181,34963.307879340304,0.6460315569838916,1.3243838391572353,0.05155913692958022
UAV_0083,telemetry_21,50,50,181,34962.907621113365,0.6057026258384794,1.3243838391572353,0.024781187802651983
UAV_0083,telemetry_22,5,5,181,23258.647381298233,50.60368369457386,52.882453501264536,22.289298583177878
UAV_0083,telemetry_22,20,20,181,23213.944954695304,74.93334517242367,-55.504723922815174,3.266884516405089
UAV_0083,telemetry_22,50,50,181,23170.166150007524,79.25162508722495,219.8336703399691,2.6592487367385327
UAV_0083,telemetry_23,5,5,181,-17455.306021760687,9.029339738903689,-17.86789514180782,-3.9168544950440265
UAV_0083,telemetry_23,20,20,181,-17438.10506039027,15.412222044420494,-52.3043977027628,-2.0518851694683145
UAV_0083,telemetry_23,50,50,181,-17417.38190582264,21.6674654496973,-83.89444916368302,-1.35412396238557
UAV_0083,telemetry_24,5,5,181,-3626.473195864894,3.683069549880054,1.6791181176845384,0.42981225400762924
UAV_0083,telemetry_24,20,20,181,-3630.8761850498427,4.197591423311803,10.425364016090953,0.48143365824143747
UAV_0083,telemetry_24,50,50,181,-3634.1544999699195,4.522224049470293,8.753581116677196,0.21806607584631593
UAV_0083,telemetry_25,5,5,181,-174.36937551002245,0.2249201817250607,0.30383524200343004,0.06988210566078693
UAV_0083,telemetry_25,20,20,181,-174.01084992445846,0.3416804714409762,-0.9722727744108965,-0.04358779261221831
UAV_0083,telemetry_25,50,50,181,-173.55327405000128,0.5331301005931062,-1.2457244922139807,-0.0319913342204505
UAV_0083,telemetry_26,5,5,181,-7439.902578884615,3.5774953245292376,-5.88453641558408,-1.3491376172315541
UAV_0083,telemetry_26,20,20,181,-7446.174633551958,5.380329270080431,5.884536415585899,0.6764033422498883
UAV_0083,telemetry_26,50,50,181,-7452.5385443974965,7.533773421401136,21.385266485906868,0.4098792489183055
UAV_0083,telemetry_27,5,5,181,969.0302044744709,1.2710574864626038e-13,0.0,0.0
UAV_0083,telemetry_27,20,20,181,969.0302044744709,1.1664023441939594e-13,0.0,0.0
UAV_0083,telemetry_27,50,50,181,969.0302044744708,0.0,0.0,0.0
UAV_0083,telemetry_28,5,5,181,-9955.103537654579,21.53679844494276,-31.342910908071644,-7.5802937206441126
UAV_0083,telemetry_28,20,20,181,-9912.955326269739,35.58954811817555,-86.31937861555707,-5.261032487797473
UAV_0083,telemetry_28,50,50,181,-9873.698502719932,44.80113761520487,-187.610182990893,-2.542320435090688
UAV_0084,telemetry_01,5,5,226,88.39490363705103,11.29638906898014,-16.976112995952292,-1.8166847705276736
UAV_0084,telemetry_01,20,20,226,85.73234043883453,8.389005638658917,9.227540936762253,0.12650382319008227
UAV_0084,telemetry_01,50,50,226,86.39352448191221,10.633328791192802,-17.189998852688092,-0.12147944287479828
UAV_0084,telemetry_02,5,5,226,10.203896203517568,7.633149922569542,7.88404220745805,1.8961720055481748
UAV_0084,telemetry_02,20,20,226,15.230491493213972,8.98505919971249,-9.486604291037157,-0.4677812108383994
UAV_0084,telemetry_02,50,50,226,12.70991728089567,8.613771772076145,3.4121881003776764,0.07772199374595944
UAV_0084,telemetry_03,5,5,226,30377.82504938608,0.0,0.0,0.0
UAV_0084,telemetry_03,20,20,226,30377.825049386087,7.46497500284134e-12,0.0,0.0
UAV_0084,telemetry_03,50,50,226,30377.82504938608,0.0,0.0,0.0
UAV_0084,telemetry_04,5,5,226,-125.9196542521568,0.016690527696635697,0.01849040611701014,0.0008534033592439982
UAV_0084,telemetry_04,20,20,226,-125.90066602741354,0.030888273276663908,0.04693718475857622,0.00024703781451760416
UAV_0084,telemetry_04,50,50,226,-125.89945703932128,0.027075571095603792,-0.0071116946604092846,-5.737165440380403e-06
UAV_0084,telemetry_05,5,5,226,-113.52531926012455,0.0004766644363235897,8.800151152854596e-05,0.00010931779509206762
UAV_0084,telemetry_05,20,20,226,-113.52526130043091,0.0021834538807786945,0.002719261914265303,2.921534616669654e-06
UAV_0084,telemetry_05,50,50,226,-113.52520913781603,0.002171198533137077,-2.639389634850886e-05,-2.0396074959216513e-05
UAV_0084,telemetry_06,5,5,226,-141.38098572780237,0.34255884247910745,-0.8027805470348994,-0.12486305856377271
UAV_0084,telemetry_06,20,20,226,-141.95126048925687,0.7498022574355224,-0.8378474040036963,-0.014852565385830905
UAV_0084,telemetry_06,50,50,226,-141.1585616636005,1.0602995983582943,-2.7051575375904804,-0.05428236398070115
UAV_0084,telemetry_07,5,5,226,140.72879336221067,0.04707604124451628,0.08594869902555047,0.025784609707665142
UAV_0084,telemetry_07,20,20,226,140.6901164476492,0.031487095187570084,0.08594869902555047,0.0032957771806790027
UAV_0084,telemetry_07,50,50,226,140.67550516881485,0.03243911360172297,0.08594869902555047,0.0012587924707223477
UAV_0084,telemetry_08,5,5,226,-4680.605940223165,0.0,0.0,0.0
UAV_0084,telemetry_08,20,20,226,-4680.605940223164,9.331218753551675e-13,0.0,0.0
UAV_0084,telemetry_08,50,50,226,-4680.605940223166,9.187283872526776e-13,0.0,0.0
UAV_0084,telemetry_09,5,5,226,-153.12936658321604,7.263677140118615,-3.851364514228692,-2.2310347921760125
UAV_0084,telemetry_09,20,20,226,-153.59324620689452,9.594759892265165,-11.223049408564634,-0.2626387128392392
UAV_0084,telemetry_09,50,50,226,-152.51133445362825,8.74149007607766,-12.70173197564364,-0.04499869826206255
UAV_0084,telemetry_10,5,5,226,-61.90141359997458,0.8379089412946186,1.368542975508312,0.13645344261585138
UAV_0084,telemetry_10,20,20,226,-62.34627453603632,0.917459362671325,1.947557365121476,0.053683145310947304
UAV_0084,telemetry_10,50,50,226,-62.544972526716485,1.0129755696102738,0.9130515522776861,0.004603223577551726
UAV_0084,telemetry_11,5,5,226,61.61618264994597,0.0900730068866476,0.02670911097465023,0.01618572125063622
UAV_0084,telemetry_11,20,20,226,61.66108066549435,0.12559475170184953,-0.2168779811141448,-0.008147282949184216
UAV_0084,telemetry_11,50,50,226,61.84183190310419,0.20320547748550016,-0.7494576539486388,-0.011741722775063053
UAV_0084,telemetry_12,5,5,226,645.7977488599967,0.949197753050007,1.0654052495151518,0.07990539371362501
UAV_0084,telemetry_12,20,20,226,644.2595700310088,1.6082826968988015,3.8620940294931643,0.1909518619197156
UAV_0084,telemetry_12,50,50,226,642.7746614644968,1.9374328238049001,5.992904528523923,0.09527894845455825
UAV_0084,telemetry_13,5,5,226,7143.68701563458,2.7625321954929554,5.752946762039755,1.3837648915480714
UAV_0084,telemetry_13,20,20,226,7142.588796858096,4.0212258722237495,3.1868006403128675,0.2711189535863103
UAV_0084,telemetry_13,50,50,226,7138.807729931383,4.955463888246373,10.842847774373695,0.24339424963102582
UAV_0084,telemetry_14,5,5,226,-648.8153498138018,0.0,0.0,0.0
UAV_0084,telemetry_14,20,20,226,-648.8153498138018,0.0,0.0,0.0
UAV_0084,telemetry_14,50,50,226,-648.8153498138018,0.0,0.0,0.0
UAV_0084,telemetry_15,5,5,226,50315.24071561057,26.073815023181766,32.257250428869156,9.87454262650499
UAV_0084,telemetry_15,20,20,226,50263.85732109375,39.963151469697465,130.4475806062619,5.982609530511706
UAV_0084,telemetry_15,50,50,226,50189.877815167514,72.38451700682408,231.72177793746232,4.743596311327092
UAV_0084,telemetry_16,5,5,226,-701.1895713810627,1.4510256638667076,0.0,0.0
UAV_0084,telemetry_16,20,20,226,-699.8888408413138,2.2135003752491995,-5.202922158995875,-0.17343073863319683
UAV_0084,telemetry_16,50,50,226,-698.3453072674783,2.4112868538513053,-3.4686147726639547,-0.10659848521031942
UAV_0084,telemetry_17,5,5,226,40.41581228213973,0.0,0.0,0.0
UAV_0084,telemetry_17,20,20,226,40.41581228213974,7.290014651212246e-15,0.0,0.0
UAV_0084,telemetry_17,50,50,226,40.41581228213974,7.177565525411544e-15,0.0,0.0
UAV_0084,telemetry_18,5,5,226,-103.0655541933395,0.0043738235977442575,-0.005163440274500886,-0.00019409300674055885
UAV_0084,telemetry_18,20,20,226,-103.06268283997824,0.020698267413935625,-0.010958003997004084,-0.00012281698485980185
UAV_0084,telemetry_18,50,50,226,-103.04783794384718,0.03523935635229177,-0.006117656048047593,-0.0009812986567372636
UAV_0084,telemetry_19,5,5,226,33510.8420057124,0.6028762718947265,1.6493954247271176,0.3047588431974873
UAV_0084,telemetry_19,20,20,226,33509.848058104486,0.856387835854331,2.773677559402131,0.11860933208116965
UAV_0084,telemetry_19,50,50,226,33508.05640309932,1.6551965190074502,5.053305115048715,0.10637316539041629
UAV_0084,telemetry_20,5,5,226,-164.8973841769026,0.0,0.0,0.0
UAV_0084,telemetry_20,20,20,226,-164.89738417690256,2.9160058604848984e-14,0.0,0.0
UAV_0084,telemetry_20,50,50,226,-164.8973841769026,0.0,0.0,0.0
UAV_0084,telemetry_21,5,5,226,34967.825499769424,0.8767697140263166,2.060152638681757,0.4856074076895311
UAV_0084,telemetry_21,20,20,226,34966.71448888212,1.0366660957344032,3.2373827179253567,0.15766474275625025
UAV_0084,telemetry_21,50,50,226,34964.85005074413,1.815764909933392,5.444689116520749,0.11980753897746757
UAV_0084,telemetry_22,5,5,226,23214.418420188085,33.92610351173812,84.20401686978585,20.86161802033421
UAV_0084,telemetry_22,20,20,226,23214.083352300884,47.76572910555436,36.711785901708936,1.3941628206137424
UAV_0084,telemetry_22,50,50,226,23145.548858016766,82.3376296633973,179.04279711585696,4.18117293602154
UAV_0084,telemetry_23,5,5,226,-17490.409354748503,7.569508261271363,-15.096316731454863,-3.9453797325702906
UAV_0084,telemetry_23,20,20,226,-17470.409012737255,15.646658406085226,-45.50421972963886,-2.322359531603726
UAV_0084,telemetry_23,50,50,226,-17442.077268672405,27.4852725407447,-81.91816083143203,-1.7990510803819573
UAV_0084,telemetry_24,5,5,226,-3737.998680669328,4.4656360047462025,-11.837271153721758,-2.673872786433867
UAV_0084,telemetry_24,20,20,226,-3724.961952125888,11.289951238479858,-34.18253661067456,-1.8437038023906283
UAV_0084,telemetry_24,50,50,226,-3703.9986109824927,19.833044429302525,-66.27356014668294,-1.3243790574101468
UAV_0084,telemetry_25,5,5,226,-174.34506869066217,0.4897311399410314,-0.9115057260102617,-0.1367258589015421
UAV_0084,telemetry_25,20,20,226,-173.93489111395758,0.4833197504448343,-1.0026562986112708,-0.06245756027348272
UAV_0084,telemetry_25,50,50,226,-173.18381039572512,0.7700911888279085,-2.7649007022310457,-0.048227005639485
UAV_0084,telemetry_26,5,5,226,-7663.371437398416,13.866577250265237,-37.603622948372504,-7.764717563003797
UAV_0084,telemetry_26,20,20,226,-7636.962786167498,23.620881956633905,-88.26804623377393,-3.804606929540847
UAV_0084,telemetry_26,50,50,226,-7593.632504609813,41.429435152440966,-151.70621929935078,-2.7761476052181213
UAV_0084,telemetry_27,5,5,226,969.0302044744709,1.2710574864626038e-13,0.0,0.0
UAV_0084,telemetry_27,20,20,226,969.0302044744709,1.1664023441939594e-13,0.0,0.0
UAV_0084,telemetry_27,50,50,226,969.0302044744708,0.0,0.0,0.0
UAV_0084,telemetry_28,5,5,226,-9910.5068614542,17.955366916113743,-40.02347209196705,-7.295835996985443
UAV_0084,telemetry_28,20,20,226,-9872.010459795316,34.67726779453393,-106.11365704915079,-5.0072021616918825
UAV_0084,telemetry_28,50,50,226,-9824.667402691332,50.46174678742481,-157.56077141210335,-2.9850906500156142
UAV_0085,telemetry_01,5,5,266,78.30874026601789,15.585364406611408,-9.051573740177005,-2.9479706438366904
UAV_0085,telemetry_01,20,20,266,74.36244339968228,16.199324691437834,-15.916502948048873,0.4295803288532685
UAV_0085,telemetry_01,50,50,266,62.907669132428374,18.05827226516664,20.45925307711216,0.7458546064432084
UAV_0085,telemetry_02,5,5,266,5.4236905157033535,5.2503350477592,0.5742475055458147,-0.32776379264915806
UAV_0085,telemetry_02,20,20,266,10.71719265270238,7.733047926040353,12.743616201197142,0.06326457226301889
UAV_0085,telemetry_02,50,50,266,11.083639919583973,7.695430255912415,-1.8366162390733418,-0.0032546557874096197
UAV_0085,telemetry_03,5,5,266,30377.82504938608,0.0,0.0,0.0
UAV_0085,telemetry_03,20,20,266,30377.82504938608,1.0849924511848451e-11,0.0,0.0
UAV_0085,telemetry_03,50,50,266,30377.82504938608,9.194630762043553e-12,0.0,0.0
UAV_0085,telemetry_04,5,5,266,-125.8693034539612,0.03406791245779285,0.08391799699262492,0.01578796214606939
UAV_0085,telemetry_04,20,20,266,-125.91960012485488,0.07680380114443454,0.10098606417757594,0.004342595695914566
UAV_0085,telemetry_04,50,50,266,-125.91180612859316,0.08487095725542655,0.05547121835105884,-0.00046859596451729934
UAV_0085,telemetry_05,5,5,266,-113.52591107369514,0.0026754517469284138,-0.0017266783005567277,-0.0007163418488019601
UAV_0085,telemetry_05,20,20,266,-113.52658796547485,0.0027674307981805646,-7.367158445958921e-05,-2.8514975645750274e-05
UAV_0085,telemetry_05,50,50,266,-113.52591494307063,0.0028390606271553077,0.000949048060590485,-4.007272990019765e-05
UAV_0085,telemetry_06,5,5,266,-142.9111530793894,0.8446009568850492,-0.18535338683489044,-0.24935040080289922
UAV_0085,telemetry_06,20,20,266,-142.47482118767806,0.8655747779624231,-1.7145188282228219,-0.04137022808984134
UAV_0085,telemetry_06,50,50,266,-141.80729851752264,0.9762342460329706,-0.7852471185505294,-0.0387529964492034
UAV_0085,telemetry_07,5,5,266,140.74598310201583,0.03843742671976016,0.0,0.0
UAV_0085,telemetry_07,20,20,266,140.703008752503,0.040409841967921606,0.08594869902555047,0.004394369574238671
UAV_0085,telemetry_07,50,50,266,140.68753798667842,0.028213582053755237,0.08594869902555047,0.0010235427302922697
UAV_0085,telemetry_08,5,5,266,-4680.605940223135,2.3629365490281234e-12,2.7284841053187847e-12,0.0
UAV_0085,telemetry_08,20,20,266,-4680.605940223135,1.6951000658011132e-12,-9.094947017729282e-13,0.0
UAV_0085,telemetry_08,50,50,266,-4680.605940223136,1.7767361417200381e-12,2.7284841053187847e-12,0.0
UAV_0085,telemetry_09,5,5,266,-154.12775335228224,8.50196125582032,-18.88554666794505,-2.666985512166599
UAV_0085,telemetry_09,20,20,266,-153.9609967130064,10.367433243541328,-6.637909321345546,0.14315275035633473
UAV_0085,telemetry_09,50,50,266,-154.37045802884214,9.313640114470475,-0.03737789164381411,-0.01653192675787244
UAV_0085,telemetry_10,5,5,266,-62.64461996328869,1.1760742311800019,-1.6098220786132345,-0.05239900359803542
UAV_0085,telemetry_10,20,20,266,-63.37137695320197,3.4009184888845603,-0.5321865737361264,0.09968004616646318
UAV_0085,telemetry_10,50,50,266,-62.44672382113656,3.1816006696145536,-0.6935024174308424,-0.04192153939323243
UAV_0085,telemetry_11,5,5,266,61.608276753097485,0.0695422368644665,0.048610581973861144,0.028739003408723107
UAV_0085,telemetry_11,20,20,266,61.90994978998632,0.9722359954551024,-0.2120703411387055,-0.03244989504072097
UAV_0085,telemetry_11,50,50,266,61.82799460589328,0.8495401523533136,-0.35095771820687816,-0.0005439058634799723
UAV_0085,telemetry_12,5,5,266,647.3425864717939,0.817702866960784,0.26635131237867427,0.13317565618940536
UAV_0085,telemetry_12,20,20,266,645.6445968553787,1.703550112890214,2.796688779977785,0.15630616489600563
UAV_0085,telemetry_12,50,50,266,644.5032814818354,1.8482053608358875,3.995269685682615,0.07925949977487136
UAV_0085,telemetry_13,5,5,266,7145.110963526373,4.560571523416706,6.404086546761391,2.1603925318674557
UAV_0085,telemetry_13,20,20,266,7142.738001348416,3.885604427339755,7.0027892268080905,0.2291326237451016
UAV_0085,telemetry_13,50,50,266,7139.7123538784845,4.825448416873761,16.1023004604358,0.1939630716620383
UAV_0085,telemetry_14,5,5,266,-648.815349813799,1.7053025658242404e-13,2.2737367544323206e-13,0.0
UAV_0085,telemetry_14,20,20,266,-648.8153498137988,1.768936738734508e-13,2.2737367544323206e-13,0.0
UAV_0085,telemetry_14,50,50,266,-648.815349813799,1.268460839243006e-13,2.2737367544323206e-13,0.0
UAV_0085,telemetry_15,5,5,266,50308.419201466335,13.149676081161058,2.775480438438535,2.769312704125332
UAV_0085,telemetry_15,20,20,266,50276.49500869007,31.938160820266678,63.40430868238764,4.366755889798558
UAV_0085,telemetry_15,50,50,266,50211.90032728631,62.703769773093796,168.1941145689343,4.118094759073928
UAV_0085,telemetry_16,5,5,266,-701.8832943355955,2.5723935629347663,1.7343073863319205,-0.3468614772663955
UAV_0085,telemetry_16,20,20,266,-700.7559945344798,1.8211314182828642,-1.7343073863319205,-0.08475938354253619
UAV_0085,telemetry_16,50,50,266,-699.316519403824,2.1892629939212487,-6.937229545327796,-0.09793735828698098
UAV_0085,telemetry_17,5,5,266,40.41581228213973,0.0,0.0,0.0
UAV_0085,telemetry_17,20,20,266,40.41581228213975,2.5515051279242863e-14,0.0,0.0
UAV_0085,telemetry_17,50,50,266,40.41581228213974,2.062847815906981e-14,0.0,0.0
UAV_0085,telemetry_18,5,5,266,-98.85387027972652,0.04422029039659004,0.046453480427956606,0.005118733620237492
UAV_0085,telemetry_18,20,20,266,-98.95279558480476,0.1129369984830943,0.04359069353188261,0.008266947646911441
UAV_0085,telemetry_18,50,50,266,-99.03539510620126,0.17714877797656692,0.43005126416332473,0.004626228581603296
UAV_0085,telemetry_19,5,5,266,33511.4090301453,0.5646010614108465,0.8521060345156002,0.22778204699570778
UAV_0085,telemetry_19,20,20,266,33510.51113959697,0.8569363345220835,2.50200622741977,0.12157371801107442
UAV_0085,telemetry_19,50,50,266,33509.159299835825,1.4069004457124359,4.8996339111618,0.08998348084551869
UAV_0085,telemetry_20,5,5,266,-164.8973841769026,0.0,0.0,0.0
UAV_0085,telemetry_20,20,20,266,-164.89738417690256,2.9160058604848984e-14,0.0,0.0
UAV_0085,telemetry_20,50,50,266,-164.8973841769026,0.0,0.0,0.0
UAV_0085,telemetry_21,5,5,266,34968.50240706499,0.5564669581202606,0.4414612797118025,0.23544601584872
UAV_0085,telemetry_21,20,20,266,34967.56798068958,0.8417874751984403,2.2073063985881163,0.12048905604326164
UAV_0085,telemetry_21,50,50,266,34966.00079314659,1.5612967364580268,5.0032278368089464,0.10261545744799899
UAV_0085,telemetry_22,5,5,266,23257.88983650978,48.65347523990792,-41.08223660428848,3.918837463316959
UAV_0085,telemetry_22,20,20,266,23208.991777232375,64.62440040132259,76.48288729522028,5.881049340161178
UAV_0085,telemetry_22,50,50,266,23142.518678862973,81.00537207807638,151.65463937965978,4.02010809892462
UAV_0085,telemetry_23,5,5,266,-17496.248046558394,6.307992385113275,-10.132261473645485,-1.8031902653219731
UAV_0085,telemetry_23,20,20,266,-17478.624228213797,15.063118488834952,-55.868784864855115,-2.0492007150915232
UAV_0085,telemetry_23,50,50,266,-17453.470969745984,25.45049221489288,-90.18379104623091,-1.6175126090952419
UAV_0085,telemetry_24,5,5,266,-3746.911851494813,3.350625678976768,-3.584173769807421,-1.104213258949494
UAV_0085,telemetry_24,20,20,266,-3746.983041266371,54.484704036135156,-33.91613692048986,-0.27835141447179085
UAV_0085,telemetry_24,50,50,266,-3727.511014413868,54.55248608400258,-49.7777481346011,-1.2635485911192421
UAV_0085,telemetry_25,5,5,266,-174.42406585358307,0.3420002739427368,0.6380540082071491,0.06380540082071207
UAV_0085,telemetry_25,20,20,266,-174.0427526248688,0.38725586539544776,0.24306819360270993,-0.036802900365977484
UAV_0085,telemetry_25,50,50,266,-173.50587575224876,0.5758816021724273,-1.488792685816719,-0.03487722189719829
UAV_0085,telemetry_26,5,5,266,-7989.091402713816,37.58344629978751,19.84920191340825,10.012803023878496
UAV_0085,telemetry_26,20,20,266,-7979.550215183919,33.587205628899675,-45.86146591034867,0.05301748872431396
UAV_0085,telemetry_26,50,50,266,-7960.048398616648,49.01271829882054,31.52216817147564,-0.7921962335920767
UAV_0085,telemetry_27,5,5,266,969.0302044744709,1.2710574864626038e-13,0.0,0.0
UAV_0085,telemetry_27,20,20,266,969.0302044744709,1.1664023441939594e-13,0.0,0.0
UAV_0085,telemetry_27,50,50,266,969.0302044744708,0.0,0.0,0.0
UAV_0085,telemetry_28,5,5,266,-9906.38877514523,36.79119146838128,-26.11653313968418,-1.946759452997685
UAV_0085,telemetry_28,20,20,266,-9873.980126690214,39.34263440605443,-104.19635248044142,-3.7947877161318044
UAV_0085,telemetry_28,50,50,266,-9837.569112333096,45.57586246024265,-108.63925179489888,-2.3546604625890466
UAV_0086,telemetry_01,5,5,341,88.6949346905744,10.548886338781367,-0.9049211930515355,-0.5905180710490654
UAV_0086,telemetry_01,20,20,341,88.74699332386939,9.063597463123655,2.5867650220673397,-0.013449332341901654
UAV_0086,telemetry_01,50,50,341,88.23672992198516,10.346098499337767,11.70348733016354,0.06311533335328325
UAV_0086,telemetry_02,5,5,341,8.585538424266819,7.724772660244773,4.41893410732753,0.26015147053785004
UAV_0086,telemetry_02,20,20,341,11.95754370306621,7.838239290652521,-3.5484162905813394,0.12077772436104303
UAV_0086,telemetry_02,50,50,341,10.6631523228656,7.660024169444458,-12.256240352774496,0.027232654285854013
UAV_0086,telemetry_03,5,5,341,30377.82504938608,0.0,0.0,0.0
UAV_0086,telemetry_03,20,20,341,30377.825049386087,7.46497500284134e-12,0.0,0.0
UAV_0086,telemetry_03,50,50,341,30377.82504938608,0.0,0.0,0.0
UAV_0086,telemetry_04,5,5,341,-125.89490555473863,0.021790121028793717,0.01564572825287769,0.006969460767187741
UAV_0086,telemetry_04,20,20,341,-125.89718129702996,0.02365849010243616,0.01564572825287769,-0.0003336614637657354
UAV_0086,telemetry_04,50,50,341,-125.89610031944157,0.028388315587530875,-0.004267016796248413,-0.00024847390323666247
UAV_0086,telemetry_05,5,5,341,-113.52638505877994,0.003167351258143044,-0.007876973031642365,-0.00173508856339879
UAV_0086,telemetry_05,20,20,341,-113.5263947159327,0.002341472473248579,-0.0027799540486057595,3.52312623393877e-05
UAV_0086,telemetry_05,50,50,341,-113.52589659075302,0.0026686557718674253,-0.005304237692186575,-5.377720451660263e-06
UAV_0086,telemetry_06,5,5,341,-134.55321819843397,0.5889292633695044,0.7138610168641151,0.0016281040735464103
UAV_0086,telemetry_06,20,20,341,-134.56367563613716,0.7389470100154031,1.0870725660317362,0.03533522577209783
UAV_0086,telemetry_06,50,50,341,-135.22630147019447,0.900172928091793,1.343812054553041,0.037978530690253774
UAV_0086,telemetry_07,5,5,341,140.5912754437698,0.0,0.0,0.0
UAV_0086,telemetry_07,20,20,341,140.59127544376983,2.9160058604848984e-14,0.0,0.0
UAV_0086,telemetry_07,50,50,341,140.59127544376977,2.8710262101646174e-14,0.0,0.0
UAV_0086,telemetry_08,5,5,341,-4680.605940223165,0.0,0.0,0.0
UAV_0086,telemetry_08,20,20,341,-4680.605940223164,9.331218753551675e-13,0.0,0.0
UAV_0086,telemetry_08,50,50,341,-4680.605940223166,9.187283872526776e-13,0.0,0.0
UAV_0086,telemetry_09,5,5,341,-150.5865328436789,7.952946389018326,-1.5909664370360588,-1.1320015287571379
UAV_0086,telemetry_09,20,20,341,-153.08095825291508,6.547688969633593,-11.153445973868514,-0.10896455344068762
UAV_0086,telemetry_09,50,50,341,-152.29002359238058,7.793989762212859,-8.077488001623777,-0.01964337345195552
UAV_0086,telemetry_10,5,5,341,-63.462355944583024,0.5392372086691302,1.2681852669875227,0.26550859945536587
UAV_0086,telemetry_10,20,20,341,-62.91116760616451,1.2207511534009086,-1.1529519448810746,-0.04059830929815186
UAV_0086,telemetry_10,50,50,341,-62.51494868768942,1.1632299804184727,-2.3038309626305207,-0.01777462095040573
UAV_0086,telemetry_11,5,5,341,63.10751257032645,0.12631382146344178,-0.10469971502062236,-0.020298924340732327
UAV_0086,telemetry_11,20,20,341,63.00449552929723,0.12390189930269033,0.11164408387403313,0.005187190499813416
UAV_0086,telemetry_11,50,50,341,62.93005723701088,0.13534743799683818,0.40971776235111435,0.005702577956511886
UAV_0086,telemetry_12,5,5,341,628.6447243427995,1.29940136763859,0.13317565618945082,-0.10654052495151518
UAV_0086,telemetry_12,20,20,341,630.8421226699248,1.8106631544836114,-5.460201903766119,-0.20667259727440507
UAV_0086,telemetry_12,50,50,341,632.3842967685983,1.9781779787086193,-4.527972310440191,-0.09387844575561419
UAV_0086,telemetry_13,5,5,341,7146.8821196308145,2.442316958615425,5.373117461766924,0.7012736911811771
UAV_0086,telemetry_13,20,20,341,7146.18563873031,2.258872008692068,5.471759617382304,0.09452324111815821
UAV_0086,telemetry_13,50,50,341,7144.155852061023,3.8377835977356005,7.35050218714332,0.1472193654648798
UAV_0086,telemetry_14,5,5,341,-648.8153498138018,0.0,0.0,0.0
UAV_0086,telemetry_14,20,20,341,-648.8153498138018,0.0,0.0,0.0
UAV_0086,telemetry_14,50,50,341,-648.8153498138018,0.0,0.0,0.0
UAV_0086,telemetry_15,5,5,341,50436.91777803139,16.89827511780089,41.20046517493756,9.467472162205377
UAV_0086,telemetry_15,20,20,341,50401.30528013917,34.90450428315411,117.31030653102061,5.559957421641724
UAV_0086,telemetry_15,50,50,341,50324.01246734287,74.71734804269285,240.41828331122088,5.000727895890713
UAV_0086,telemetry_16,5,5,341,-702.230155812862,0.9499192771418197,0.0,0.0
UAV_0086,telemetry_16,20,20,341,-701.6231482276457,1.9873966262639835,0.0,-0.15256689037656984
UAV_0086,telemetry_16,50,50,341,-700.3571038356234,2.0562437864503575,-1.7343073863319205,-0.08028198417402144
UAV_0086,telemetry_17,5,5,341,40.41581228213973,0.0,0.0,0.0
UAV_0086,telemetry_17,20,20,341,40.41581228213974,7.290014651212246e-15,0.0,0.0
UAV_0086,telemetry_17,50,50,341,40.41581228213974,7.177565525411544e-15,0.0,0.0
UAV_0086,telemetry_18,5,5,341,-103.33213579203002,0.0076008415647212686,-0.000936411715102281,0.0009551040752754147
UAV_0086,telemetry_18,20,20,341,-103.32791508673672,0.005920111978170677,-0.009570492164016287,-0.00037217076204753603
UAV_0086,telemetry_18,50,50,341,-103.32666834430366,0.005969190500372515,-0.007191732578462506,-0.00012628582161806063
UAV_0086,telemetry_19,5,5,341,33506.42045738051,0.2592453708454963,0.04490183692541905,0.0739024078087823
UAV_0086,telemetry_19,20,20,341,33506.14037141031,0.4280409413566411,0.8989329729811288,0.0378146131450741
UAV_0086,telemetry_19,50,50,341,33505.71731984383,0.509995593069239,0.7641259734300547,0.024130892686884124
UAV_0086,telemetry_20,5,5,341,-164.8973841769026,0.0,0.0,0.0
UAV_0086,telemetry_20,20,20,341,-164.89738417690256,2.9160058604848984e-14,0.0,0.0
UAV_0086,telemetry_20,50,50,341,-164.8973841769026,0.0,0.0,0.0
UAV_0086,telemetry_21,5,5,341,34962.91056418856,0.3543931835074643,0.7357687995317974,0.11772300792508758
UAV_0086,telemetry_21,20,20,341,34962.69719123669,0.4086838482066594,1.7658451188690378,0.030647813153331285
UAV_0086,telemetry_21,50,50,341,34962.3690383521,0.570962161240145,1.3243838391499594,0.021057296735593027
UAV_0086,telemetry_22,5,5,341,23288.308173399768,54.29976966737136,-31.75860843877672,-13.577533516027689
UAV_0086,telemetry_22,20,20,341,23229.693145393616,59.05925985183763,-30.884518298258627,6.356212627073642
UAV_0086,telemetry_22,50,50,341,23192.094157999287,64.70356145913658,27.388157736193534,2.126092226379647
UAV_0086,telemetry_23,5,5,341,-17539.664283203652,3.869898390912735,-3.732705664860987,-1.0217068695670606
UAV_0086,telemetry_23,20,20,341,-17521.02715343909,16.85462540179365,-50.35989210952175,-2.499482330547326
UAV_0086,telemetry_23,50,50,341,-17495.091021589524,26.965756193008357,-87.2259414642649,-1.7600338036335434
UAV_0086,telemetry_24,5,5,341,-3631.305101136187,2.8131935874392675,-0.9380062863710918,-0.11718579409498489
UAV_0086,telemetry_24,20,20,341,-3631.6959374351377,3.0814130860206017,8.836323212824027,0.12140449855449066
UAV_0086,telemetry_24,50,50,341,-3633.8654577536718,3.6602591172475547,11.256439994848733,0.12949988704452858
UAV_0086,telemetry_25,5,5,341,-174.15061413578002,0.33518412054085334,0.09115057260100912,-0.04861363872055051
UAV_0086,telemetry_25,20,20,341,-173.85285559861666,0.32625915882590234,-0.54690343560614,-0.03394730598624573
UAV_0086,telemetry_25,50,50,341,-173.60431837065786,0.40136351717854374,-1.3672585890153641,-0.020071363381709246
UAV_0086,telemetry_26,5,5,341,-7448.083519755062,4.110690258472601,9.61619365473598,1.3347850893886062
UAV_0086,telemetry_26,20,20,341,-7450.588035863647,3.9980092435601144,9.185617819449362,0.3739211201173882
UAV_0086,telemetry_26,50,50,341,-7453.907775553708,5.51952415200875,10.907921160596743,0.25972389520254713
UAV_0086,telemetry_27,5,5,341,969.0302044744709,1.2710574864626038e-13,0.0,0.0
UAV_0086,telemetry_27,20,20,341,969.0302044744709,1.1664023441939594e-13,0.0,0.0
UAV_0086,telemetry_27,50,50,341,969.0302044744708,0.0,0.0,0.0
UAV_0086,telemetry_28,5,5,341,-9928.525506007809,35.626232522129605,54.25892750071034,3.4937017684762397
UAV_0086,telemetry_28,20,20,341,-9900.481019981613,30.354162746379703,-16.234808225446614,-3.2807268321655982
UAV_0086,telemetry_28,50,50,341,-9875.719446923269,35.1499170799478,-66.60096933520072,-1.7056672001969908
UAV_0087,telemetry_01,5,5,172,97.97820226073036,17.464021081237536,40.35383592905379,7.3152271911550715
UAV_0087,telemetry_01,20,20,172,89.11244928237636,15.016385245413758,30.61706985071676,0.5448453743378475
UAV_0087,telemetry_01,50,50,172,87.29525985227156,12.612505781434697,40.870330379543546,0.14645857141437965
UAV_0087,telemetry_02,5,5,172,9.171778541297838,6.487949208487278,-13.286543260914177,-1.4899348027050463
UAV_0087,telemetry_02,20,20,172,10.246535381668226,6.705562644559128,2.3456741768355016,0.20743782864144
UAV_0087,telemetry_02,50,50,172,10.268518264652286,7.581959495925336,-8.699906484148913,-0.028633801638594237
UAV_0087,telemetry_03,5,5,172,30377.82504938608,0.0,0.0,0.0
UAV_0087,telemetry_03,20,20,172,30377.825049386087,7.46497500284134e-12,0.0,0.0
UAV_0087,telemetry_03,50,50,172,30377.82504938608,0.0,0.0,0.0
UAV_0087,telemetry_04,5,5,172,-125.89661236145712,0.030222610559378013,-0.011378711456615065,-0.0007111694660366652
UAV_0087,telemetry_04,20,20,172,-125.90023932573392,0.030237491844063002,0.049781862622765516,0.00029195378079573033
UAV_0087,telemetry_04,50,50,172,-125.89797780683192,0.03260692652819783,-0.007111694660395074,-8.086671287298763e-05
UAV_0087,telemetry_05,5,5,172,-113.52851720288481,0.003527340451424149,0.008052870603791007,0.0016032567076948111
UAV_0087,telemetry_05,20,20,172,-113.52741242378963,0.0027162118336689807,0.007035174805906763,2.4262510510561184e-06
UAV_0087,telemetry_05,50,50,172,-113.52670030129062,0.00254260363483347,0.005321125847956409,-4.980417486356779e-05
UAV_0087,telemetry_06,5,5,172,-134.23185550207023,0.7398907130974854,-0.9493099136544743,-0.08891953017080709
UAV_0087,telemetry_06,20,20,172,-134.9919296268682,0.8347289673156681,1.9349390720264523,0.07887782870154592
UAV_0087,telemetry_06,50,50,172,-135.5964822410097,0.9027242739738706,1.6882186854962242,0.03848688284589909
UAV_0087,telemetry_07,5,5,172,140.5912754437698,0.0,0.0,0.0
UAV_0087,telemetry_07,20,20,172,140.59127544376983,2.9160058604848984e-14,0.0,0.0
UAV_0087,telemetry_07,50,50,172,140.59127544376977,2.8710262101646174e-14,0.0,0.0
UAV_0087,telemetry_08,5,5,172,-4680.605940223165,0.0,0.0,0.0
UAV_0087,telemetry_08,20,20,172,-4680.605940223164,9.331218753551675e-13,0.0,0.0
UAV_0087,telemetry_08,50,50,172,-4680.605940223166,9.187283872526776e-13,0.0,0.0
UAV_0087,telemetry_09,5,5,172,-152.4412474876744,9.158085668766663,-0.4993183717797933,-0.0169040895520709
UAV_0087,telemetry_09,20,20,172,-153.1458850840865,10.06889545125124,-13.450575845572814,-0.28479906391408194
UAV_0087,telemetry_09,50,50,172,-153.02631222160244,10.631221966958327,-26.07395568089811,-0.022378793711426776
UAV_0087,telemetry_10,5,5,172,-62.495932420170334,1.0332153211542823,2.723874552938746,0.5974977070983336
UAV_0087,telemetry_10,20,20,172,-62.20999162810913,1.3555683919223926,1.751770475324058,-0.07239707396960746
UAV_0087,telemetry_10,50,50,172,-62.069045083806934,1.2230152887674501,-1.088079283892185,-0.013872060872893532
UAV_0087,telemetry_11,5,5,172,63.10152972946812,0.11687584690910631,0.11431499497149389,0.03803377402789891
UAV_0087,telemetry_11,20,20,172,62.99512063134513,0.13903140183048157,0.20138669674884113,0.00819588148193454
UAV_0087,telemetry_11,50,50,172,62.88005778126633,0.1509509599089043,0.3867479269128964,0.007107637512571671
UAV_0087,telemetry_12,5,5,172,631.5213185164909,1.0761713746968036,0.26635131237867427,-0.23971618114098875
UAV_0087,telemetry_12,20,20,172,631.6877880867277,1.3298451709618133,-2.1308104990307584,-0.09081978959684522
UAV_0087,telemetry_12,50,50,172,633.1540520613731,1.8233564879695068,-2.530337467599111,-0.08578878404711009
UAV_0087,telemetry_13,5,5,172,7147.65987491197,0.8646464362901068,-0.6186864068640716,-0.10600364795591304
UAV_0087,telemetry_13,20,20,172,7145.159279059844,3.9506850531985878,2.6647689359142532,0.3888058756453657
UAV_0087,telemetry_13,50,50,172,7142.314426403056,4.28546036206022,7.769037995264625,0.19334433214995542
UAV_0087,telemetry_14,5,5,172,-648.8153498138018,0.0,0.0,0.0
UAV_0087,telemetry_14,20,20,172,-648.8153498138018,0.0,0.0,0.0
UAV_0087,telemetry_14,50,50,172,-648.8153498138018,0.0,0.0,0.0
UAV_0087,telemetry_15,5,5,172,50382.863754559374,36.63772794377927,98.3136848635404,16.578869818896056
UAV_0087,telemetry_15,20,20,172,50302.50742813248,63.08493153013464,215.9323781099447,10.084894828156902
UAV_0087,telemetry_15,50,50,172,50190.66851870573,104.93779036880719,380.8575934958353,6.9328443399707
UAV_0087,telemetry_16,5,5,172,-701.1895713810627,1.4510256638667076,-1.7343073863319205,0.0
UAV_0087,telemetry_16,20,20,172,-700.7559945344798,1.1903119424635458,-1.7343073863319205,-0.03781572496513287
UAV_0087,telemetry_16,50,50,172,-699.5593224379109,1.8543836349788954,-3.4686147726639547,-0.06187708946192779
UAV_0087,telemetry_17,5,5,172,40.41581228213973,0.0,0.0,0.0
UAV_0087,telemetry_17,20,20,172,40.41581228213974,7.290014651212246e-15,0.0,0.0
UAV_0087,telemetry_17,50,50,172,40.41581228213974,7.177565525411544e-15,0.0,0.0
UAV_0087,telemetry_18,5,5,172,-103.32902139805097,0.0075015744953567665,0.0026287042040706865,0.0020121828383352636
UAV_0087,telemetry_18,20,20,172,-103.32723196829711,0.005874294909756068,-0.004395720363604028,-0.0002203004061906514
UAV_0087,telemetry_18,50,50,172,-103.32780615127507,0.005885424861397101,-0.013510231688982799,1.803944487587442e-05
UAV_0087,telemetry_19,5,5,172,33506.51403135087,0.3702278341016652,0.3532339308076189,0.14879447954444913
UAV_0087,telemetry_19,20,20,172,33506.08957323149,0.4569817337155049,1.1881811482599005,0.05467809372223433
UAV_0087,telemetry_19,50,50,172,33505.80113825742,0.5553008848861857,0.19981859037216054,0.020127719533301294
UAV_0087,telemetry_20,5,5,172,-164.8973841769026,0.0,0.0,0.0
UAV_0087,telemetry_20,20,20,172,-164.89738417690256,2.9160058604848984e-14,0.0,0.0
UAV_0087,telemetry_20,50,50,172,-164.8973841769026,0.0,0.0,0.0
UAV_0087,telemetry_21,5,5,172,34963.08714870045,0.3513247865025999,-0.8829225594381569,-0.19129988787826732
UAV_0087,telemetry_21,20,20,172,34962.78548349264,0.49125419522945385,1.0300763193372404,0.04746538571395961
UAV_0087,telemetry_21,50,50,172,34962.501476736026,0.5138053977786204,0.44146127971907845,0.020357742246764385
UAV_0087,telemetry_22,5,5,172,23308.324837617605,76.59691961076331,108.241495733997,25.10095520184077
UAV_0087,telemetry_22,20,20,172,23213.23839849839,77.28972582770209,271.2593069403774,8.946827403184184
UAV_0087,telemetry_22,50,50,172,23170.104963697682,74.73573739048781,298.2104196063119,3.24294787427023
UAV_0087,telemetry_23,5,5,172,-17509.851088708492,17.874695638161384,-40.69378129937104,-7.9438440676553
UAV_0087,telemetry_23,20,20,172,-17485.647881207835,21.202195896197907,-65.31583860879255,-3.2546381633168493
UAV_0087,telemetry_23,50,50,172,-17447.546593066058,36.51331217130477,-122.46835440024006,-2.4239893515546953
UAV_0087,telemetry_24,5,5,172,-3630.520293994523,2.063600743519512,4.039755966454322,0.7696838682490579
UAV_0087,telemetry_24,20,20,172,-3632.6630536335715,2.530694044990281,5.581441596260902,0.25338624315105074
UAV_0087,telemetry_24,50,50,172,-3635.3771053433793,3.5912504597935313,8.98577929970088,0.1705478650134878
UAV_0087,telemetry_25,5,5,172,-174.12630731641974,0.31909933762772374,-0.5772869598064858,-0.14280256374160274
UAV_0087,telemetry_25,20,20,172,-173.88931582765707,0.3326011813063747,-1.063423347011934,-0.03001800811973565
UAV_0087,telemetry_25,50,50,172,-173.46820018224034,0.46351252591264314,-1.2761080164143266,-0.025749763198646834
UAV_0087,telemetry_26,5,5,172,-7445.184309130799,3.8892437470493157,3.8751825175804697,1.6505407019323683
UAV_0087,telemetry_26,20,20,172,-7448.341865256234,6.380935053396211,18.084185082041586,0.5592090171568328
UAV_0087,telemetry_26,50,50,172,-7454.866524413612,7.704067047148654,19.519437866330918,0.4229395323575769
UAV_0087,telemetry_27,5,5,172,969.0302044744709,1.2710574864626038e-13,0.0,0.0
UAV_0087,telemetry_27,20,20,172,969.0302044744709,1.1664023441939594e-13,0.0,0.0
UAV_0087,telemetry_27,50,50,172,969.0302044744708,0.0,0.0,0.0
UAV_0087,telemetry_28,5,5,172,-9937.101028319066,32.349389477580694,-40.868870414444245,-10.604009612334995
UAV_0087,telemetry_28,20,20,172,-9908.242871169858,41.141544002391534,-110.7304935771408,-3.4979097750123334
UAV_0087,telemetry_28,50,50,172,-9868.884983899072,46.39288787209925,-128.12368816905655,-2.425811766181809
UAV_0088,telemetry_01,5,5,322,82.00767491946723,5.940552085961964,-4.86825858670548,-2.37134009353005
UAV_0088,telemetry_01,20,20,322,84.92702531870428,11.262659325013809,-1.6240578879691014,-0.36826209768262524
UAV_0088,telemetry_01,50,50,322,86.51667290063537,10.634322082490435,-5.418482696288919,-0.08207123549431725
UAV_0088,telemetry_02,5,5,322,12.51890832336728,4.776105685287417,7.761072807949617,0.5036624835061065
UAV_0088,telemetry_02,20,20,322,11.04162997094094,8.596825448378954,4.1953499988023,0.3911219208254567
UAV_0088,telemetry_02,50,50,322,11.772784797462458,8.061407340780915,3.690720820551526,-0.08396862567455485
UAV_0088,telemetry_03,5,5,322,30377.82504938609,2.2791871899501835e-11,5.093170329928398e-11,0.0
UAV_0088,telemetry_03,20,20,322,30377.825049386087,1.237926057690348e-11,5.093170329928398e-11,0.0
UAV_0088,telemetry_03,50,50,322,30377.82504938608,7.275957614183426e-12,5.093170329928398e-11,0.0
UAV_0088,telemetry_04,5,5,322,-125.79799660664587,0.16403918877525714,0.4148501327919121,0.08908608396632048
UAV_0088,telemetry_04,20,20,322,-125.87103390244845,0.09422940908224454,0.4319181999768773,0.007896316417996409
UAV_0088,telemetry_04,50,50,322,-125.88401989522639,0.06638703013250723,0.34657786405215063,0.001194471744185278
UAV_0088,telemetry_05,5,5,322,-113.52410895614598,0.0016078384457307309,0.0034222311524274573,0.0005197505417456228
UAV_0088,telemetry_05,20,20,322,-113.5254926579942,0.0027423414342801745,0.006040718461861161,7.956245019013073e-05
UAV_0088,telemetry_05,50,50,322,-113.5258781135322,0.002817222061474456,0.004400051141004724,2.4585892974366586e-05
UAV_0088,telemetry_06,5,5,322,-142.39967792274498,1.1525340755707587,-1.4840794824281147,-0.5224961688346127
UAV_0088,telemetry_06,20,20,322,-142.06284823768254,0.8927765544969356,-1.3776265237729604,-0.056104146215252934
UAV_0088,telemetry_06,50,50,322,-141.35636378465927,1.0133621494933887,-3.1823172699154725,-0.04349126191603966
UAV_0088,telemetry_07,5,5,322,140.6944138826005,0.03843742671976015,0.08594869902555047,0.017189739805110092
UAV_0088,telemetry_07,20,20,322,140.69011644764916,0.031487095187570084,0.08594869902555047,0.0022618078690934333
UAV_0088,telemetry_07,50,50,322,140.6823810647369,0.02061891562549892,0.08594869902555047,0.0005158985535747327
UAV_0088,telemetry_08,5,5,322,-4680.605940223165,0.0,0.0,0.0
UAV_0088,telemetry_08,20,20,322,-4680.605940223164,9.331218753551675e-13,0.0,0.0
UAV_0088,telemetry_08,50,50,322,-4680.605940223166,9.187283872526776e-13,0.0,0.0
UAV_0088,telemetry_09,5,5,322,-151.7020068983959,7.9436095468430095,4.655748625487917,0.44436954965793235
UAV_0088,telemetry_09,20,20,322,-153.28311185743928,8.057307007953623,-2.933055322511791,0.18035859266379722
UAV_0088,telemetry_09,50,50,322,-151.859064381849,8.983627717926446,8.116801144042398,-0.03570623141442418
UAV_0088,telemetry_10,5,5,322,-65.2528306101151,5.968120717332531,-13.252122123225583,-2.65672498664649
UAV_0088,telemetry_10,20,20,322,-63.20060386011903,3.1752582409973993,-15.120973073781798,-0.21778966678744893
UAV_0088,telemetry_10,50,50,322,-62.83521001502141,2.180939516451743,-14.710152957926447,-0.03014974871977755
UAV_0088,telemetry_11,5,5,322,60.51759423893312,2.2470584405373764,-5.008972964203579,-1.0086321252502266
UAV_0088,telemetry_11,20,20,322,61.38995916538979,1.1588755644434607,-5.4673013085285405,-0.09071702939908287
UAV_0088,telemetry_11,50,50,322,61.67201644968703,0.7657206395332711,-5.576274481305113,-0.021409896985555944
UAV_0088,telemetry_12,5,5,322,645.3715867601904,0.5539210850343436,0.9322295933259284,0.119858090570483
UAV_0088,telemetry_12,20,20,322,644.2529112481994,1.0059182465265863,2.263986155220209,0.10814263810870321
UAV_0088,telemetry_12,50,50,322,643.2221316692933,1.612944260830789,6.925134121849851,0.0671154147278726
UAV_0088,telemetry_13,5,5,322,7144.434113901002,4.3941237252075025,-5.495943091531444,-1.331029255818703
UAV_0088,telemetry_13,20,20,322,7140.218793849832,4.920909723397963,9.216790854797182,0.3411172800873623
UAV_0088,telemetry_13,50,50,322,7139.154412214335,3.8016709280490293,11.068568176859117,0.06916467606201808
UAV_0088,telemetry_14,5,5,322,-648.8153498138018,0.0,0.0,0.0
UAV_0088,telemetry_14,20,20,322,-648.8153498138018,0.0,0.0,0.0
UAV_0088,telemetry_14,50,50,322,-648.8153498138018,0.0,0.0,0.0
UAV_0088,telemetry_15,5,5,322,50321.69216569634,15.223600084279147,33.24408791809401,6.64264984931142
UAV_0088,telemetry_15,20,20,322,50276.04168021847,34.14596537261004,122.42952600634453,5.0055569430880205
UAV_0088,telemetry_15,50,50,322,50219.741984685024,56.82262675596439,205.13884307160333,3.7141459235630183
UAV_0088,telemetry_16,5,5,322,-702.5770172901284,1.9774146614635724,-3.468614772663841,-0.8671536931659602
UAV_0088,telemetry_16,20,20,322,-701.3630021196959,2.0209665541304775,-3.468614772663841,-0.1251830895397485
UAV_0088,telemetry_16,50,50,322,-699.3858916992775,2.4416441572914356,-3.468614772663841,-0.1182576945301982
UAV_0088,telemetry_17,5,5,322,40.41581228213971,5.0867118742119833e-14,-1.1368683772161603e-13,0.0
UAV_0088,telemetry_17,20,20,322,40.41581228213973,2.6081549307328006e-14,-1.1368683772161603e-13,0.0
UAV_0088,telemetry_17,50,50,322,40.41581228213973,1.6240976817373718e-14,-1.1368683772161603e-13,0.0
UAV_0088,telemetry_18,5,5,322,-102.96012807997313,0.04077142865056141,-0.089060971189312,-0.017316449969949587
UAV_0088,telemetry_18,20,20,322,-102.95706200523962,0.039108781520680744,-0.0836742914838311,-0.001691297626889938
UAV_0088,telemetry_18,50,50,322,-102.9481116451677,0.0416297588314584,-0.001244570887550367,-0.0005767135677576164
UAV_0088,telemetry_19,5,5,322,33510.58030131698,0.6998223221190933,-0.181072880011925,0.06400890693475958
UAV_0088,telemetry_19,20,20,322,33509.97140878461,0.8365725995137994,1.7407091517961817,0.10567514737247388
UAV_0088,telemetry_19,50,50,322,33508.66204207035,1.3820103321526471,3.7304234817856923,0.08768335909497214
UAV_0088,telemetry_20,5,5,322,-164.8973841769026,0.0,0.0,0.0
UAV_0088,telemetry_20,20,20,322,-164.89738417690256,2.9160058604848984e-14,0.0,0.0
UAV_0088,telemetry_20,50,50,322,-164.8973841769026,0.0,0.0,0.0
UAV_0088,telemetry_21,5,5,322,34967.79606901744,0.6363443119240991,0.7357687995317974,0.3090228958026273
UAV_0088,telemetry_21,20,20,322,34966.913146458006,0.7983220853521624,2.795921438213554,0.12347638801141678
UAV_0088,telemetry_21,50,50,322,34965.403348881366,1.5042711133133273,4.267459037269873,0.09836866706608957
UAV_0088,telemetry_22,5,5,322,23240.757669755658,17.81443456159456,30.301791537909594,4.865768448874951
UAV_0088,telemetry_22,20,20,322,23212.291467512827,61.04868119002736,137.08647037104674,7.143879569486753
UAV_0088,telemetry_22,50,50,322,23155.784453562224,71.42777288272849,121.49852953182926,3.3490349249379743
UAV_0088,telemetry_23,5,5,322,-17493.44888174948,11.339800453495924,-28.185191596778168,-6.302346183546615
UAV_0088,telemetry_23,20,20,322,-17477.110236656437,14.426385253771107,-56.253138935451716,-2.186167993997203
UAV_0088,telemetry_23,50,50,322,-17454.011976709484,23.87313910588428,-89.70952477640458,-1.540002804040863
UAV_0088,telemetry_24,5,5,322,-3671.3745502836077,138.73673414380644,301.182883428487,60.49801274148344
UAV_0088,telemetry_24,20,20,322,-3710.2707980344967,67.98910954755732,292.2159374845851,3.3072041174731606
UAV_0088,telemetry_24,50,50,322,-3704.088011248047,43.168285279601015,261.83344428956025,-0.28665749518384914
UAV_0088,telemetry_25,5,5,322,-174.48483290198376,0.20085325071254462,0.2126846694023925,0.0425369338804785
UAV_0088,telemetry_25,20,20,322,-174.05034850591886,0.4397359476086101,-1.0026562986112424,-0.06259462880370933
UAV_0088,telemetry_25,50,50,322,-173.48643029676055,0.6283277183376574,-1.5495597342173824,-0.03694315564354562
UAV_0088,telemetry_26,5,5,322,-7661.30467338904,10.083812735592561,-23.538145662339957,-5.66924849794159
UAV_0088,telemetry_26,20,20,322,-7641.117842978015,18.593352950138094,-72.0496897713083,-2.927807766206401
UAV_0088,telemetry_26,50,50,322,-7606.532556635002,33.79200517114008,-121.42238555085078,-2.261565545740782
UAV_0088,telemetry_27,5,5,322,969.0302044744709,1.2710574864626038e-13,0.0,0.0
UAV_0088,telemetry_27,20,20,322,969.0302044744709,1.1664023441939594e-13,0.0,0.0
UAV_0088,telemetry_27,50,50,322,969.0302044744708,0.0,0.0,0.0
UAV_0088,telemetry_28,5,5,322,-9888.31805286129,26.84382646535897,-40.67360521807677,-2.567589648291323
UAV_0088,telemetry_28,20,20,322,-9875.03255469137,28.09535036332517,-78.99117339068107,-2.821533848852853
UAV_0088,telemetry_28,50,50,322,-9841.357128006015,42.95769425848737,-116.90072083270024,-2.396691347479962
UAV_0089,telemetry_01,5,5,207,74.2318006542651,7.137822426777536,-13.59490182457408,-2.191587532172373
UAV_0089,telemetry_01,20,20,207,73.39514003921451,15.519311783452148,-24.66682338089592,0.4814323513674949
UAV_0089,telemetry_01,50,50,207,64.43695869291979,17.30015113383785,9.963202102870753,0.6463065335948113
UAV_0089,telemetry_02,5,5,207,9.490518666810095,7.694476076792385,-0.7259155046075811,1.909140872526604
UAV_0089,telemetry_02,20,20,207,8.825111552055406,7.5508763974000646,-4.859013978522013,0.041130364973993534
UAV_0089,telemetry_02,50,50,207,10.669088373348936,7.909783601234198,-5.075561626762779,-0.05562390858260329
UAV_0089,telemetry_03,5,5,207,30377.82504938608,0.0,0.0,0.0
UAV_0089,telemetry_03,20,20,207,30377.82504938608,9.180705356179459e-12,0.0,0.0
UAV_0089,telemetry_03,50,50,207,30377.82504938608,5.716823839715549e-12,0.0,0.0
UAV_0089,telemetry_04,5,5,207,-125.90087937825335,0.029886045383216233,-0.02133508398118522,-0.00782286412643458
UAV_0089,telemetry_04,20,20,207,-125.87013053555397,0.08222177069513772,-0.08818501378885912,-0.0009583670559075713
UAV_0089,telemetry_04,50,50,207,-125.88866518150954,0.05937335365551208,-0.012801050388702606,0.0007772461885947023
UAV_0089,telemetry_05,5,5,207,-113.52692644696212,0.002786967009231128,0.006254698839356365,0.0017038648522117229
UAV_0089,telemetry_05,20,20,207,-113.52662792427773,0.0022273994058034383,0.0026839660069128968,7.989702098891364e-07
UAV_0089,telemetry_05,50,50,207,-113.52648943511078,0.002495838631921226,0.005279085496496805,4.2038863837290626e-07
UAV_0089,telemetry_06,5,5,207,-142.6286144032411,0.8925387122746452,1.0557628723095718,0.04082784061362758
UAV_0089,telemetry_06,20,20,207,-142.0272804256142,0.8566429797665901,-1.0282103418342103,-0.09125575122717608
UAV_0089,telemetry_06,50,50,207,-140.94748423240347,1.2225262728152402,-2.926830169143045,-0.07056424665754348
UAV_0089,telemetry_07,5,5,207,140.71160362240556,0.04707604124451628,0.08594869902555047,0.017189739805110092
UAV_0089,telemetry_07,20,20,207,140.6858190126979,0.026454451377029148,0.08594869902555047,0.0021971847871193355
UAV_0089,telemetry_07,50,50,207,140.6548774810487,0.04531373088522589,0.17189739805110094,0.0025217121298732933
UAV_0089,telemetry_08,5,5,207,-4680.60594022317,2.490753820462333e-12,-1.8189894035458565e-12,0.0
UAV_0089,telemetry_08,20,20,207,-4680.605940223171,1.8778715501276165e-12,0.0,0.0
UAV_0089,telemetry_08,50,50,207,-4680.605940223172,1.8557403768143687e-12,9.094947017729282e-13,0.0
UAV_0089,telemetry_09,5,5,207,-151.5985094463012,7.869226489008956,12.807991275420875,0.7587245413187134
UAV_0089,telemetry_09,20,20,207,-148.20715370673892,8.112594848313249,9.395436332004834,-0.35048359130486445
UAV_0089,telemetry_09,50,50,207,-152.15580333058742,10.007640866785314,9.83901137822366,0.16287588331427508
UAV_0089,telemetry_10,5,5,207,-61.9673457457439,0.7674409892298658,1.115100844099878,0.2477788829336518
UAV_0089,telemetry_10,20,20,207,-62.858761147106314,2.8088747326617303,0.565432481829788,-0.005259946709880185
UAV_0089,telemetry_10,50,50,207,-62.36401459349136,2.127823335364685,3.1931383558357993,-0.019505200528458833
UAV_0089,telemetry_11,5,5,207,61.62729364011143,0.12030881784930647,0.24358709208879503,0.03926239313273285
UAV_0089,telemetry_11,20,20,207,61.50840114128355,0.9306229088950807,-0.15544702587245496,-0.028427698900018686
UAV_0089,telemetry_11,50,50,207,61.848473031562804,0.650221664628658,-0.3739275536450819,-0.02002529033494146
UAV_0089,telemetry_12,5,5,207,647.6622080466484,1.237172458126974,-3.1962157485461375,-0.6259255840902824
UAV_0089,telemetry_12,20,20,207,645.1784820587158,1.9368872772514,2.39716181140966,0.2189888421701234
UAV_0089,telemetry_12,50,50,207,642.8066236219823,2.525542319614523,5.327026247576896,0.13634757097789255
UAV_0089,telemetry_13,5,5,207,7144.994619516324,5.715907051312766,-1.3712601033248575,0.04990696690074401
UAV_0089,telemetry_13,20,20,207,7141.0295312870785,4.109620984487544,11.562615478779662,0.25377475700861124
UAV_0089,telemetry_13,50,50,207,7137.220682840345,4.984937873758166,16.241858607375434,0.25264715534829546
UAV_0089,telemetry_14,5,5,207,-648.8153498138022,1.3923737144427707e-13,0.0,0.0
UAV_0089,telemetry_14,20,20,207,-648.8153498138021,2.2737367544323206e-13,0.0,0.0
UAV_0089,telemetry_14,50,50,207,-648.8153498138023,1.3971016523754748e-13,3.410605131648481e-13,0.0
UAV_0089,telemetry_15,5,5,207,50317.86817042561,35.042030098650905,86.53331233598146,13.760215240312391
UAV_0089,telemetry_15,20,20,207,50246.07882695201,57.616655786040994,163.01321775052202,8.957544294184082
UAV_0089,telemetry_15,50,50,207,50157.129613087745,87.7418877982248,317.5766394996099,5.7688410891431285
UAV_0089,telemetry_16,5,5,207,-702.230155812862,2.6302073784507543,1.7343073863319205,-1.1368683772161604e-14
UAV_0089,telemetry_16,20,20,207,-699.8888408413138,2.283899464718758,-5.202922158995875,-0.26731805578800866
UAV_0089,telemetry_16,50,50,207,-697.616898165219,2.948426655009785,-10.405844317991637,-0.15881508695006075
UAV_0089,telemetry_17,5,5,207,40.41581228213973,0.0,0.0,0.0
UAV_0089,telemetry_17,20,20,207,40.41581228213973,1.7931065148788005e-14,0.0,0.0
UAV_0089,telemetry_17,50,50,207,40.41581228213973,1.1165671561944431e-14,0.0,0.0
UAV_0089,telemetry_18,5,5,207,-103.93442662267447,0.1549370985747442,-0.01675075726663522,0.015397273120592558
UAV_0089,telemetry_18,20,20,207,-103.99517712626718,0.12887123802021647,-0.1328122642140812,0.0089889757993996
UAV_0089,telemetry_18,50,50,207,-104.0983703118386,0.16188249466592142,0.013678709627569674,0.00724777392922478
UAV_0089,telemetry_19,5,5,207,33511.06686782981,0.599952836554705,1.0242957300361013,0.31660098103020573
UAV_0089,telemetry_19,20,20,207,33509.65060805417,1.082616510926589,2.4361413014339632,0.1701384112653012
UAV_0089,telemetry_19,50,50,207,33507.5818087706,2.0057105545727043,6.4244223320056335,0.13312636183179746
UAV_0089,telemetry_20,5,5,207,-164.8973841769026,0.0,0.0,0.0
UAV_0089,telemetry_20,20,20,207,-164.89738417690256,2.9160058604848984e-14,0.0,0.0
UAV_0089,telemetry_20,50,50,207,-164.8973841769026,0.0,0.0,0.0
UAV_0089,telemetry_21,5,5,207,34967.76663826546,0.6031509331113267,1.1772300792436,0.35316902377307996
UAV_0089,telemetry_21,20,20,207,34966.29510066639,1.2407665840698163,3.5316902377380757,0.1982703291363933
UAV_0089,telemetry_21,50,50,207,34964.18197267415,2.0182313316895097,6.474765435865265,0.13266096943454347
UAV_0089,telemetry_22,5,5,207,23264.620330591766,29.08202095771341,15.879304219382902,1.107180844654431
UAV_0089,telemetry_22,20,20,207,23190.002168929648,70.84323279674227,174.3809830330938,9.40731298598287
UAV_0089,telemetry_22,50,50,207,23105.308661581177,96.72494571244953,249.5527351175333,5.353223231440528
UAV_0089,telemetry_23,5,5,207,-17486.64566017858,10.928441515928084,-28.195516082156246,-5.108975633162845
UAV_0089,telemetry_23,20,20,207,-17461.304917637863,20.66057267197394,-69.13404323635041,-3.2923976724399235
UAV_0089,telemetry_23,50,50,207,-17429.668867945715,31.042417697040104,-114.05227210670637,-2.0424879689327167
UAV_0089,telemetry_24,5,5,207,-3738.5715898519547,5.945618509839761,-11.897257993244239,-3.117519553862485
UAV_0089,telemetry_24,20,20,207,-3738.339351989107,71.5731138298348,-37.48436732390837,-3.188686080286061
UAV_0089,telemetry_24,50,50,207,-3704.2808481356815,53.353413189250034,-87.02191319707026,-2.09239185897525
UAV_0089,telemetry_25,5,5,207,-174.3572221003423,0.35237029388271845,0.54690343560614,0.054690343560613995
UAV_0089,telemetry_25,20,20,207,-173.75714749738557,0.4591913536607053,-1.0026562986112424,-0.06353126376026237
UAV_0089,telemetry_25,50,50,207,-172.96565669196673,0.7936121255720898,-2.5522160328286247,-0.05010472931995737
UAV_0089,telemetry_26,5,5,207,-7777.895232218037,20.2221806156681,-21.285266293499262,-8.846780355536975
UAV_0089,telemetry_26,20,20,207,-7743.08025108135,37.21756939259538,-73.58381936202386,-4.447565167807472
UAV_0089,telemetry_26,50,50,207,-7713.305474199472,39.03239798431849,-82.5741203316602,-1.9096380827722175
UAV_0089,telemetry_27,5,5,207,969.0302044744709,1.2710574864626038e-13,0.0,0.0
UAV_0089,telemetry_27,20,20,207,969.0302044744709,1.1664023441939594e-13,0.0,0.0
UAV_0089,telemetry_27,50,50,207,969.0302044744708,0.0,0.0,0.0
UAV_0089,telemetry_28,5,5,207,-9887.923512565927,20.087708992825732,34.66009047178159,8.00120671626155
UAV_0089,telemetry_28,20,20,207,-9859.169871744629,36.40009297008518,-71.2486972514107,-4.615866463740036
UAV_0089,telemetry_28,50,50,207,-9804.88098667733,55.653240495361885,-133.18680647636393,-3.342752041416488
UAV_0090,telemetry_01,5,5,181,88.86329409905537,14.918939857255284,-13.046110136231363,-3.0958477632566073
UAV_0090,telemetry_01,20,20,181,91.0358835837146,12.707047927361815,7.53387719126458,-0.09018678087621622
UAV_0090,telemetry_01,50,50,181,89.92866985821477,12.030170470775289,7.862997038240181,0.07921215675031111
UAV_0090,telemetry_02,5,5,181,10.70670795395099,8.475300925128213,16.578696111574235,2.7000287218501233
UAV_0090,telemetry_02,20,20,181,10.927908977638264,8.231045430240668,10.427835220420103,-0.3948917841674922
UAV_0090,telemetry_02,50,50,181,9.985519273475061,7.596977123389546,7.971786041417705,0.01882699909406147
UAV_0090,telemetry_03,5,5,181,30377.825049386087,1.9591115441051456e-11,0.0,0.0
UAV_0090,telemetry_03,20,20,181,30377.825049386087,1.1072347264455779e-11,0.0,0.0
UAV_0090,telemetry_03,50,50,181,30377.82504938608,8.460286333294116e-12,0.0,0.0
UAV_0090,telemetry_04,5,5,181,-125.80667331752981,0.18624420459589855,0.024179761845346093,-0.00213350839811568
UAV_0090,telemetry_04,20,20,181,-125.88138152902889,0.10267022653274863,0.0369808122340487,0.005985041911686215
UAV_0090,telemetry_04,50,50,181,-125.88300283447109,0.09647062698379273,0.08249565806055159,4.002426023197611e-05
UAV_0090,telemetry_05,5,5,181,-113.52482260836325,0.0018283247516130902,-0.00015693448629860995,-3.519085444168013e-05
UAV_0090,telemetry_05,20,20,181,-113.52538645914635,0.0026596664924742443,0.003439854570004286,0.0001234869974894616
UAV_0090,telemetry_05,50,50,181,-113.5254422061882,0.0024651734435924347,0.0014592462218416813,-7.557971840928395e-06
UAV_0090,telemetry_06,5,5,181,-134.4663024886614,0.573846881807794,0.5748459767380041,0.24584371510603092
UAV_0090,telemetry_06,20,20,181,-134.77069533102775,0.8969986761414889,3.010740148318291,0.06963370048290053
UAV_0090,telemetry_06,50,50,181,-135.63295177225723,1.1229527355838511,1.7758858279182164,0.05608429887240956
UAV_0090,telemetry_07,5,5,181,140.5912754437698,0.0,0.0,0.0
UAV_0090,telemetry_07,20,20,181,140.59127544376983,2.9160058604848984e-14,0.0,0.0
UAV_0090,telemetry_07,50,50,181,140.59127544376977,2.8710262101646174e-14,0.0,0.0
UAV_0090,telemetry_08,5,5,181,-4680.605940223165,0.0,0.0,0.0
UAV_0090,telemetry_08,20,20,181,-4680.605940223164,9.331218753551675e-13,0.0,0.0
UAV_0090,telemetry_08,50,50,181,-4680.605940223166,9.187283872526776e-13,0.0,0.0
UAV_0090,telemetry_09,5,5,181,-155.9360587378197,7.152011590632988,-6.957782532834756,-2.839286852846567
UAV_0090,telemetry_09,20,20,181,-151.89195370284844,8.599880295344374,-28.978531375157132,-0.584316417068133
UAV_0090,telemetry_09,50,50,181,-152.3268358795482,8.70323214916983,-8.781300632233211,-0.03540062440370969
UAV_0090,telemetry_10,5,5,181,-59.06957636596333,5.747115682972242,1.3480948204743868,0.16597508546050505
UAV_0090,telemetry_10,20,20,181,-61.588231922437515,3.113547795428267,0.4455334231839032,0.15724984284516916
UAV_0090,telemetry_10,50,50,181,-62.27916059228928,3.060672512565994,-0.0972879071874786,0.058568721107483165
UAV_0090,telemetry_11,5,5,181,63.717115587967534,1.470627595025243,0.03899530202298962,-0.010309716836213312
UAV_0090,telemetry_11,20,20,181,63.13900117935449,0.7660487036107188,0.2585441942346023,0.049544876847122374
UAV_0090,telemetry_11,50,50,181,62.81179836233955,0.9234728783253868,0.365380638133189,0.02657082573096531
UAV_0090,telemetry_12,5,5,181,630.4559132669756,1.4576499912864604,0.7990539371364775,-0.23971618114094326
UAV_0090,telemetry_12,20,20,181,631.468048254015,1.289739184679183,0.0,-0.08150750687081494
UAV_0090,telemetry_12,50,50,181,633.1833507057348,2.0410370259676585,-3.462567060924812,-0.11358780337269954
UAV_0090,telemetry_13,5,5,181,7148.641825029408,2.9056259823537656,-1.0414925916975335,0.5246825280306439
UAV_0090,telemetry_13,20,20,181,7145.098456716211,4.3438265639020495,5.995937643953766,0.45483443137331037
UAV_0090,telemetry_13,50,50,181,7141.951067591179,4.865657031882883,10.729648211164204,0.20324073459613948
UAV_0090,telemetry_14,5,5,181,-648.8153498138018,0.0,0.0,0.0
UAV_0090,telemetry_14,20,20,181,-648.8153498138018,0.0,0.0,0.0
UAV_0090,telemetry_14,50,50,181,-648.8153498138018,0.0,0.0,0.0
UAV_0090,telemetry_15,5,5,181,50065.484482557615,15.684161491852045,-8.449796001441428,0.4009027299965965
UAV_0090,telemetry_15,20,20,181,50065.37037947292,17.568278471989867,-17.33133340443601,-0.3516536034191228
UAV_0090,telemetry_15,50,50,181,50057.639124518304,18.617615206953452,-6.846185081456497,0.5963317970572501
UAV_0090,telemetry_16,5,5,181,-700.4958484265301,0.9499192771418197,0.0,-0.17343073863319206
UAV_0090,telemetry_16,20,20,181,-700.3224176878969,1.4993169315963002,0.0,-0.05998356373779797
UAV_0090,telemetry_16,50,50,181,-698.7962271879248,2.21850830929758,-3.4686147726639547,-0.10584896461118477
UAV_0090,telemetry_17,5,5,181,40.41581228213972,3.8263897345803626e-14,0.0,0.0
UAV_0090,telemetry_17,20,20,181,40.41581228213973,1.9561161980496004e-14,0.0,0.0
UAV_0090,telemetry_17,50,50,181,40.41581228213973,1.7958263207116314e-14,0.0,0.0
UAV_0090,telemetry_18,5,5,181,-103.33014087588819,0.009084692831514718,0.003123101810587059,-0.00190168610528616
UAV_0090,telemetry_18,20,20,181,-103.32913598293621,0.007124961609403999,-0.0027391354616526087,-5.85225546210371e-05
UAV_0090,telemetry_18,50,50,181,-103.32647672800476,0.012628434103058953,0.0005604471048457071,-0.00016206214730691456
UAV_0090,telemetry_19,5,5,181,33506.962763781834,0.5203789876807844,0.6944015840053908,0.18621748625373585
UAV_0090,telemetry_19,20,20,181,33506.775207743536,0.46444000758127124,1.767143554323411,0.040694603754443386
UAV_0090,telemetry_19,50,50,181,33506.128150688426,0.7172796662535319,2.7225671520864125,0.04213159188612859
UAV_0090,telemetry_20,5,5,181,-164.8973841769026,0.0,0.0,0.0
UAV_0090,telemetry_20,20,20,181,-164.89738417690256,2.9160058604848984e-14,0.0,0.0
UAV_0090,telemetry_20,50,50,181,-164.8973841769026,0.0,0.0,0.0
UAV_0090,telemetry_21,5,5,181,34963.76405599601,0.36935300600121207,0.0,0.0
UAV_0090,telemetry_21,20,20,181,34963.42560234822,0.4747967158891008,1.0300763193445164,0.056206097768608056
UAV_0090,telemetry_21,50,50,181,34962.86347498539,0.668776100255194,1.4715375990563189,0.03794553136583807
UAV_0090,telemetry_22,5,5,181,23218.730598214635,29.187827419352967,-27.533839426279883,0.49531774629249414
UAV_0090,telemetry_22,20,20,181,23210.82736652746,56.205492441442765,-53.17381688144087,0.5547953084857464
UAV_0090,telemetry_22,50,50,181,23158.38632854716,68.70475578541827,87.55469574176459,2.71051889792182
UAV_0090,telemetry_23,5,5,181,-17411.514846631748,5.77342166681962,-8.604730505234329,-2.366621146970283
UAV_0090,telemetry_23,20,20,181,-17405.323712110556,6.9917670260345535,-19.290831776190316,-0.4364253244726159
UAV_0090,telemetry_23,50,50,181,-17398.445917349054,9.571267518150082,-22.994365356291382,-0.43409742564500936
UAV_0090,telemetry_24,5,5,181,-3563.92294109034,139.18663347096665,0.868188715942324,0.11033910733244738
UAV_0090,telemetry_24,20,20,181,-3613.797148914053,70.41231752284014,8.64147490470532,3.9355989511424965
UAV_0090,telemetry_24,50,50,181,-3632.992221082553,56.93702338648559,17.930720554602885,1.513583348584344
UAV_0090,telemetry_25,5,5,181,-174.27214823258137,0.07864580241168355,-0.21268466940236408,-0.03949858146044107
UAV_0090,telemetry_25,20,20,181,-173.96679381436792,0.34350642981773305,-0.8203551534091957,-0.03853910174885409
UAV_0090,telemetry_25,50,50,181,-173.3794802915753,0.6275500438793944,-2.0964631698235223,-0.03746839303668467
UAV_0090,telemetry_26,5,5,181,-7438.955312046985,3.2205358317314627,2.8705055685786647,0.28705055685786646
UAV_0090,telemetry_26,20,20,181,-7448.506919326428,7.257608523284602,20.380589536905063,1.0358640207812435
UAV_0090,telemetry_26,50,50,181,-7455.8999064183,9.05802157904262,23.39462038391048,0.5397722103852519
UAV_0090,telemetry_27,5,5,181,969.0302044744709,1.2710574864626038e-13,0.0,0.0
UAV_0090,telemetry_27,20,20,181,969.0302044744709,1.1664023441939594e-13,0.0,0.0
UAV_0090,telemetry_27,50,50,181,969.0302044744708,0.0,0.0,0.0
UAV_0090,telemetry_28,5,5,181,-9919.258500632171,26.073251026268554,-2.5109845852057333,-1.7115571212492795
UAV_0090,telemetry_28,20,20,181,-9897.212040180644,28.588581168991702,-37.618627516068955,-1.7679778743981616
UAV_0090,telemetry_28,50,50,181,-9850.63064229734,48.06849370421538,-131.07128487641967,-2.888318276727894
UAV_0091,telemetry_01,5,5,156,86.71344323034114,11.911505115099775,-1.4915023981159834,-1.8998057325020739
UAV_0091,telemetry_01,20,20,156,86.00379211341699,10.758988283830224,11.085621353195364,0.30899735837397896
UAV_0091,telemetry_01,50,50,156,88.27087607742298,12.965055376877825,3.271620139335596,-0.08098310495349255
UAV_0091,telemetry_02,5,5,156,12.07411129370351,5.247078377992253,-4.931270627703977,-0.43659316971687756
UAV_0091,telemetry_02,20,20,156,8.200418158553441,6.475241823606819,19.96021896519119,0.5101851799614
UAV_0091,telemetry_02,50,50,156,10.270537643471194,6.173960759879574,-2.7189915443538,-0.08115627398093032
UAV_0091,telemetry_03,5,5,156,30377.82504938608,0.0,0.0,0.0
UAV_0091,telemetry_03,20,20,156,30377.825049386087,7.46497500284134e-12,0.0,0.0
UAV_0091,telemetry_03,50,50,156,30377.82504938608,0.0,0.0,0.0
UAV_0091,telemetry_04,5,5,156,-125.91424936421488,0.05204283536550931,-0.09387436951718087,-0.02019721283551377
UAV_0091,telemetry_04,20,20,156,-125.90436410863694,0.0381136411731421,-0.12943284281914202,-0.0008223899539608172
UAV_0091,telemetry_04,50,50,156,-125.89996908133683,0.03210391296331056,-0.12943284281914202,-0.000258855440699859
UAV_0091,telemetry_05,5,5,156,-113.527468505288,0.0011485801696824191,-0.0026139778575640094,-0.0007044289383458136
UAV_0091,telemetry_05,20,20,156,-113.52617775357103,0.002516528513306405,-0.00526531343925285,-0.00020048968312534428
UAV_0091,telemetry_05,50,50,156,-113.52649260624003,0.002704574199444219,0.0019263351853595623,2.0232939116895745e-05
UAV_0091,telemetry_06,5,5,156,-134.08232040485342,0.4975976248930587,-0.3356399167010409,0.055230299725803886
UAV_0091,telemetry_06,20,20,156,-134.93281692512085,0.8684933142970092,1.7245379302139554,0.09880680187251749
UAV_0091,telemetry_06,50,50,156,-135.8193822125562,1.167519629117494,1.1697301574580479,0.05984326627908522
UAV_0091,telemetry_07,5,5,156,140.5912754437698,0.0,0.0,0.0
UAV_0091,telemetry_07,20,20,156,140.59127544376983,2.9160058604848984e-14,0.0,0.0
UAV_0091,telemetry_07,50,50,156,140.59127544376977,2.8710262101646174e-14,0.0,0.0
UAV_0091,telemetry_08,5,5,156,-4680.605940223165,0.0,0.0,0.0
UAV_0091,telemetry_08,20,20,156,-4680.605940223164,9.331218753551675e-13,0.0,0.0
UAV_0091,telemetry_08,50,50,156,-4680.605940223166,9.187283872526776e-13,0.0,0.0
UAV_0091,telemetry_09,5,5,156,-155.6024575506482,11.801579639047537,-14.082749328038688,-1.3943847715494997
UAV_0091,telemetry_09,20,20,156,-153.92223467717452,8.563871946942461,0.9019467191827459,-0.03845183476096717
UAV_0091,telemetry_09,50,50,156,-152.46028799127964,7.755954577200444,13.344917796956565,-0.0879796899588597
UAV_0091,telemetry_10,5,5,156,-61.97454096989213,0.7997698809782886,1.947628715466493,0.31275737298703066
UAV_0091,telemetry_10,20,20,156,-62.13433912455258,0.8151338559646469,1.3076422576362319,0.02842316150202701
UAV_0091,telemetry_10,50,50,156,-62.254616833262844,1.2350727746958334,0.8209533892534182,0.016393648732515944
UAV_0091,telemetry_11,5,5,156,63.16199915671473,0.12150126944883607,-0.3151675095008599,-0.062178810348983406
UAV_0091,telemetry_11,20,20,156,63.01771653922968,0.16657710563291275,0.17734849687165877,0.015962810625209475
UAV_0091,telemetry_11,50,50,156,62.83323136790558,0.2083142654391419,0.4583283443249613,0.011427549242080951
UAV_0091,telemetry_12,5,5,156,631.8942103538213,1.0028047323702545,1.9976348428413075,0.2263986155219982
UAV_0091,telemetry_12,20,20,156,632.6799467253388,1.47344601302648,-0.6658782809470267,-0.08531252561908376
UAV_0091,telemetry_12,50,50,156,634.025020852852,1.8124834469271252,-3.3293914047355884,-0.09028446166061056
UAV_0091,telemetry_13,5,5,156,7149.3186043672595,2.374507713831511,3.085101279743867,0.32988590690256386
UAV_0091,telemetry_13,20,20,156,7145.660618224711,3.7229633800765307,9.988915234514934,0.46820947508191524
UAV_0091,telemetry_13,50,50,156,7141.5516634976575,5.555293555535499,16.4716855657407,0.30682353261359246
UAV_0091,telemetry_14,5,5,156,-648.8153498138018,0.0,0.0,0.0
UAV_0091,telemetry_14,20,20,156,-648.8153498138018,0.0,0.0,0.0
UAV_0091,telemetry_14,50,50,156,-648.8153498138018,0.0,0.0,0.0
UAV_0091,telemetry_15,5,5,156,49960.151916052,9.359178629293346,-13.44566079062497,-1.3630692819860997
UAV_0091,telemetry_15,20,20,156,49978.28813878356,25.687466877118407,-77.28171087453666,-2.664971334257657
UAV_0091,telemetry_15,50,50,156,50013.31901933059,36.10184495778465,-105.77664337577153,-1.998645047082262
UAV_0091,telemetry_16,5,5,156,-701.8832943355956,0.7756058419436329,1.7343073863319205,0.3468614772663841
UAV_0091,telemetry_16,20,20,156,-700.3224176878969,1.8746740186572244,1.7343073863319205,-0.13039905160390747
UAV_0091,telemetry_16,50,50,156,-698.5534241538383,2.2171244227495306,-5.202922158995875,-0.11675865333192838
UAV_0091,telemetry_17,5,5,156,40.41581228213973,0.0,0.0,0.0
UAV_0091,telemetry_17,20,20,156,40.41581228213974,7.290014651212246e-15,0.0,0.0
UAV_0091,telemetry_17,50,50,156,40.41581228213974,7.177565525411544e-15,0.0,0.0
UAV_0091,telemetry_18,5,5,156,-103.32431778475218,0.010299884332623487,0.000683314968000559,0.0021147190242231774
UAV_0091,telemetry_18,20,20,156,-103.32654388288665,0.0068976356180923265,0.0065223409100667595,6.014940434766486e-05
UAV_0091,telemetry_18,50,50,156,-103.32669882524564,0.005823054234875997,0.012442763861002959,-1.068669225849637e-05
UAV_0091,telemetry_19,5,5,156,33507.94579394938,0.416050139881047,-0.438203851612343,-0.0661878783503198
UAV_0091,telemetry_19,20,20,156,33507.03116476436,0.7957428006298045,3.0297267259811633,0.10124341097182338
UAV_0091,telemetry_19,50,50,156,33506.091026918024,1.0006162365289997,3.0083349207707215,0.05567363983610648
UAV_0091,telemetry_20,5,5,156,-164.8973841769026,0.0,0.0,0.0
UAV_0091,telemetry_20,20,20,156,-164.89738417690256,2.9160058604848984e-14,0.0,0.0
UAV_0091,telemetry_20,50,50,156,-164.8973841769026,0.0,0.0,0.0
UAV_0091,telemetry_21,5,5,156,34964.470394043565,0.3190217493498398,0.4414612797263544,0.05886150396399899
UAV_0091,telemetry_21,20,20,156,34963.71255218004,0.6342363889710305,1.7658451188763138,0.08884546556747457
UAV_0091,telemetry_21,50,50,156,34962.86347498539,0.9221145734190975,2.6487676783071947,0.05580890255639123
UAV_0091,telemetry_22,5,5,156,23220.187415115495,123.82210942436933,135.19260839992785,50.44956927682615
UAV_0091,telemetry_22,20,20,156,23173.42359259785,82.45463091967638,316.5663125571591,6.98571087739323
UAV_0091,telemetry_22,50,50,156,23139.736158582327,74.28590597636308,203.22595767014718,2.4517476423166955
UAV_0091,telemetry_23,5,5,156,-17374.5043226842,6.841753171978254,-7.915090411381243,-1.2010844435910257
UAV_0091,telemetry_23,20,20,156,-17378.854690038985,8.707307821336602,9.73038037805236,0.35205265698655547
UAV_0091,telemetry_23,50,50,156,-17383.70477147468,9.709339606245665,11.1376895876856,0.2867648877686064
UAV_0091,telemetry_24,5,5,156,-3625.698754195809,1.938321084703658,-4.779550134325746,-1.0018626097693868
UAV_0091,telemetry_24,20,20,156,-3630.4259042985223,4.514577748798188,5.48092855374307,0.5064046965227391
UAV_0091,telemetry_24,50,50,156,-3636.1564334713858,6.207971310519443,15.432300188910176,0.36683061196831196
UAV_0091,telemetry_25,5,5,156,-174.50306301650397,0.3108933891779915,-0.39498581460441073,-0.14280256374159422
UAV_0091,telemetry_25,20,20,156,-174.03059921518866,0.5223543658492019,-1.2761080164142982,-0.07125279096305522
UAV_0091,telemetry_25,50,50,156,-173.31932091365871,0.729498022475724,-1.9749290730221674,-0.04466852230096721
UAV_0091,telemetry_26,5,5,156,-7443.605531068082,5.618240147176464,13.204325615459311,3.1575561254358946
UAV_0091,telemetry_26,20,20,156,-7446.906612471945,5.498190579379487,17.22303341146835,0.5706478739338363
UAV_0091,telemetry_26,50,50,156,-7456.376410342686,9.552477768488393,26.55217650934719,0.592413078411189
UAV_0091,telemetry_27,5,5,156,969.0302044744709,1.2710574864626038e-13,0.0,0.0
UAV_0091,telemetry_27,20,20,156,969.0302044744709,1.1664023441939594e-13,0.0,0.0
UAV_0091,telemetry_27,50,50,156,969.0302044744708,0.0,0.0,0.0
UAV_0091,telemetry_28,5,5,156,-9932.999805587588,21.514895430722177,9.417016259194497,-3.8641707802638847
UAV_0091,telemetry_28,20,20,156,-9896.004813223819,37.97874142813961,-77.78748354656454,-4.782960201271218
UAV_0091,telemetry_28,50,50,156,-9848.100951784374,55.1271901042915,-131.60366699063343,-3.3582045026980274
UAV_0092,telemetry_01,5,5,158,89.01459896757332,18.53338696981531,-17.312244051142642,-7.20836239011652
UAV_0092,telemetry_01,20,20,158,88.27341094021224,11.285521972252953,7.180035619433156,0.22341227813784945
UAV_0092,telemetry_01,50,50,158,85.19522365121382,10.64792058002282,4.580417833159146,0.14260734454615226
UAV_0092,telemetry_02,5,5,158,16.347991882325772,5.550722400272037,-0.1224499170388782,1.4518776399577058
UAV_0092,telemetry_02,20,20,158,14.183174899216942,7.736564422117851,-3.732766580265263,0.4237289876280576
UAV_0092,telemetry_02,50,50,158,12.358449495620194,8.559957234407358,8.14515549950102,0.2102621791485668
UAV_0092,telemetry_03,5,5,158,30377.82504938608,0.0,0.0,0.0
UAV_0092,telemetry_03,20,20,158,30377.825049386087,7.46497500284134e-12,0.0,0.0
UAV_0092,telemetry_03,50,50,158,30377.82504938608,6.756246356027467e-12,0.0,0.0
UAV_0092,telemetry_04,5,5,158,-125.91168915413716,0.04433957693802164,0.08534033592469825,0.016072429932485477
UAV_0092,telemetry_04,20,20,158,-125.89526113947166,0.030149330048846228,0.03698081223402028,-0.001295077027629643
UAV_0092,telemetry_04,50,50,158,-125.89375614834502,0.054218149756804924,0.0028446778641608716,-2.7262564893864484e-05
UAV_0092,telemetry_05,5,5,158,-113.52489705012385,0.0022081352456183208,0.0009188820327779013,0.00019174748031360877
UAV_0092,telemetry_05,20,20,158,-113.52551427039592,0.0025012667754561444,0.00022352421865434735,2.938227913214699e-05
UAV_0092,telemetry_05,50,50,158,-113.52595759562111,0.002623779966062887,-0.000721921693084937,6.817089343718319e-06
UAV_0092,telemetry_06,5,5,158,-134.04800498053396,0.6192051247452611,0.37571632466534766,-0.044960720184951695
UAV_0092,telemetry_06,20,20,158,-134.60062107472928,0.6985545052450849,1.2148161164179214,0.04543530922663539
UAV_0092,telemetry_06,50,50,158,-135.29701128249647,0.996319566902842,2.7001479865949136,0.04743768154904269
UAV_0092,telemetry_07,5,5,158,140.5912754437698,0.0,0.0,0.0
UAV_0092,telemetry_07,20,20,158,140.59127544376983,2.9160058604848984e-14,0.0,0.0
UAV_0092,telemetry_07,50,50,158,140.59127544376977,2.8710262101646174e-14,0.0,0.0
UAV_0092,telemetry_08,5,5,158,-4680.605940223165,0.0,0.0,0.0
UAV_0092,telemetry_08,20,20,158,-4680.605940223164,9.331218753551675e-13,0.0,0.0
UAV_0092,telemetry_08,50,50,158,-4680.605940223166,9.187283872526776e-13,0.0,0.0
UAV_0092,telemetry_09,5,5,158,-149.21405230810183,7.956440703227556,20.48805582993714,4.4191209466138535
UAV_0092,telemetry_09,20,20,158,-152.7505207042574,6.611870147986813,13.921611088796567,0.2878182959478095
UAV_0092,telemetry_09,50,50,158,-153.2242156641786,10.247842909393844,15.274119904043374,0.03264685153651338
UAV_0092,telemetry_10,5,5,158,-62.071404890842416,0.9684310082594303,-0.485821147512425,-0.2203126622710201
UAV_0092,telemetry_10,20,20,158,-62.5374826773123,1.2174082779256665,3.046498161548705,0.02590734962270894
UAV_0092,telemetry_10,50,50,158,-61.694203641839856,2.9259484950965446,1.6200998116787773,-0.020073636124158783
UAV_0092,telemetry_11,5,5,158,63.119585088487,0.04804433813042446,0.006410186633921455,-0.0008012733292368068
UAV_0092,telemetry_11,20,20,158,62.99995498043154,0.10497975390308453,0.400636664619725,0.012031149161587769
UAV_0092,telemetry_11,50,50,158,62.8404297194402,0.6815716075797967,0.30822314064744916,0.0036915239108704714
UAV_0092,telemetry_12,5,5,158,631.0152510229711,1.554793703750466,-3.3293914047355884,-0.46611479666298694
UAV_0092,telemetry_12,20,20,158,631.8276225257266,1.5030508487155794,-3.8620940294931643,-0.10974475126586536
UAV_0092,telemetry_12,50,50,158,632.4988278329213,1.3849980773640558,-3.3293914047355884,-0.042686554865036176
UAV_0092,telemetry_13,5,5,158,7149.635345593063,1.9769132763545492,-2.4567475309295332,-0.6793229512198196
UAV_0092,telemetry_13,20,20,158,7146.554275667523,3.720842793609536,-3.680313093384939,0.2482556549781902
UAV_0092,telemetry_13,50,50,158,7143.653074087134,4.530277007264037,10.963569711801938,0.16232022448321146
UAV_0092,telemetry_14,5,5,158,-648.8153498138018,0.0,0.0,0.0
UAV_0092,telemetry_14,20,20,158,-648.8153498138018,0.0,0.0,0.0
UAV_0092,telemetry_14,50,50,158,-648.8153498138018,0.0,0.0,0.0
UAV_0092,telemetry_15,5,5,158,49873.68028105908,13.092648708512387,28.864996559685096,4.002859565648396
UAV_0092,telemetry_15,20,20,158,49885.297208627504,20.71818086423839,-24.115841142811405,-1.9572122289722838
UAV_0092,telemetry_15,50,50,158,49893.091374472046,22.58183831792828,-7.3396038260762,-0.7421953815232617
UAV_0092,telemetry_16,5,5,158,-701.5364328583291,0.0,0.0,0.0
UAV_0092,telemetry_16,20,20,158,-701.0161406424295,1.3897260189177754,-1.7343073863319205,-0.06259154476987484
UAV_0092,telemetry_16,50,50,158,-699.8021254719971,1.8868702214468707,-5.202922158995875,-0.08011542404088116
UAV_0092,telemetry_17,5,5,158,40.41581228213973,0.0,0.0,0.0
UAV_0092,telemetry_17,20,20,158,40.41581228213974,7.290014651212246e-15,0.0,0.0
UAV_0092,telemetry_17,50,50,158,40.41581228213974,1.5888218580782548e-14,0.0,0.0
UAV_0092,telemetry_18,5,5,158,-103.32633867411946,0.006542449748648047,-0.007350723535665793,-0.00256851340935782
UAV_0092,telemetry_18,20,20,158,-103.3268049754108,0.004423519708501142,-0.002058760751083355,0.0001514584248720351
UAV_0092,telemetry_18,50,50,158,-103.32737232063009,0.005392402706510819,-0.0034509409535274926,4.1042110864811076e-05
UAV_0092,telemetry_19,5,5,158,33508.28660585052,0.6742961159464328,1.3890716761161457,0.18815845334465847
UAV_0092,telemetry_19,20,20,158,33507.794339976135,0.5619995533361342,1.5905067711573793,0.05826300545457179
UAV_0092,telemetry_19,50,50,158,33507.24245503414,0.7218362133113428,2.5516160204279004,0.03837774996591524
UAV_0092,telemetry_20,5,5,158,-164.8973841769026,0.0,0.0,0.0
UAV_0092,telemetry_20,20,20,158,-164.89738417690256,2.9160058604848984e-14,0.0,0.0
UAV_0092,telemetry_20,50,50,158,-164.8973841769026,0.0,0.0,0.0
UAV_0092,telemetry_21,5,5,158,34965.08843983516,0.4946643188205182,0.8829225594381569,0.14715375990635948
UAV_0092,telemetry_21,20,20,158,34964.55132861152,0.5544664712680517,1.0300763193445164,0.055210320445944386
UAV_0092,telemetry_21,50,50,158,34963.98184356067,0.7001545486182377,2.3544601585017517,0.0387510789592119
UAV_0092,telemetry_22,5,5,158,23229.36536159092,68.0081544626797,135.04692670983786,21.429776611668785
UAV_0092,telemetry_22,20,20,158,23203.64525920622,79.81277842496287,32.34133519912211,1.7603386777249344
UAV_0092,telemetry_22,50,50,158,23174.56573704812,73.6482416263784,255.38000272098725,2.0911985759523146
UAV_0092,telemetry_23,5,5,158,-17346.219844719708,8.037474053672943,15.054891810526897,4.093528622946178
UAV_0092,telemetry_23,20,20,158,-17343.48357268713,7.6137008867791485,12.4049491794176,-0.21558446352034952
UAV_0092,telemetry_23,50,50,158,-17347.713812142545,9.192253529148616,16.253528525594447,0.23580843433895554
UAV_0092,telemetry_24,5,5,158,-3625.1039424529636,2.7299233778351395,0.26594818663306796,-0.5723873872670537
UAV_0092,telemetry_24,20,20,158,-3627.8511079186887,3.066333022787416,5.254644270870813,0.3674099728627466
UAV_0092,telemetry_24,50,50,158,-3625.500975585483,43.305708544492305,11.420370472359991,0.3541151171898955
UAV_0092,telemetry_25,5,5,158,-174.45444937778342,0.18406498450808031,0.030383524200345846,0.05772869598064858
UAV_0092,telemetry_25,20,20,158,-174.24784141322112,0.3252150313770769,-0.24306819360273835,-0.024946472501333042
UAV_0092,telemetry_25,50,50,158,-173.8291564497404,0.5012441507081533,-1.3672585890153641,-0.028151265279499942
UAV_0092,telemetry_26,5,5,158,-7437.261713761525,7.94681723451533,3.1575561254358036,1.2199648666455687
UAV_0092,telemetry_26,20,20,158,-7442.5147389520225,6.18125900529996,7.893890313588599,0.569352909015653
UAV_0092,telemetry_26,50,50,158,-7448.91883687552,7.296468102138191,21.959367599621146,0.38510261621953346
UAV_0092,telemetry_27,5,5,158,969.0302044744709,1.2710574864626038e-13,0.0,0.0
UAV_0092,telemetry_27,20,20,158,969.0302044744709,1.1664023441939594e-13,0.0,0.0
UAV_0092,telemetry_27,50,50,158,969.0302044744708,0.0,0.0,0.0
UAV_0092,telemetry_28,5,5,158,-9938.346692797893,12.181165642544588,17.748408470724826,4.804877598515486
UAV_0092,telemetry_28,20,20,158,-9912.23589759739,23.0954331140341,-79.49729478007976,-2.9025415758612194
UAV_0092,telemetry_28,50,50,158,-9880.53195921013,41.365276931743686,-55.90282007266069,-2.3295264979305523
UAV_0093,telemetry_01,5,5,171,87.02091881477239,10.774613600860656,7.896773101249195,2.7386423602260237
UAV_0093,telemetry_01,20,20,171,88.05048580213298,9.179635469080576,-1.994975049730968,-0.2750504331905798
UAV_0093,telemetry_01,50,50,171,86.5618886372526,10.833661337648813,21.29777787383007,0.050199573749276735
UAV_0093,telemetry_02,5,5,171,15.979455699120228,6.090903325238126,1.7110393498920864,0.5966088551518837
UAV_0093,telemetry_02,20,20,171,9.83087131683464,7.59003285817698,7.849237273008271,0.5523494154621819
UAV_0093,telemetry_02,50,50,171,10.297883042234965,7.92673928836957,3.383459529732061,-0.029077397590562423
UAV_0093,telemetry_03,5,5,171,30377.82504938608,0.0,0.0,0.0
UAV_0093,telemetry_03,20,20,171,30377.825049386087,7.46497500284134e-12,0.0,0.0
UAV_0093,telemetry_03,50,50,171,30377.82504938608,6.756246356027467e-12,0.0,0.0
UAV_0093,telemetry_04,5,5,171,-125.90031044268054,0.024129509428332023,-0.05547121835108726,-0.011947647029464293
UAV_0093,telemetry_04,20,20,171,-125.89469220389881,0.023499876595381015,-0.011378711456643487,-0.0013378541383684878
UAV_0093,telemetry_04,50,50,171,-125.88534657210113,0.05798584002076254,-0.06116057407939479,-0.000926893953482024
UAV_0093,telemetry_05,5,5,171,-113.52584656846093,0.002874819790996386,0.0007592005057546203,0.0005853412490139931
UAV_0093,telemetry_05,20,20,171,-113.52609555909223,0.00296895529743656,0.0017245577793971734,8.323702089709851e-05
UAV_0093,telemetry_05,50,50,171,-113.52635728169811,0.002784631226649006,0.0026477037569918593,2.697437053666595e-05
UAV_0093,telemetry_06,5,5,171,-134.29372345686514,0.9066584103910095,2.457184763311318,0.4534896038710599
UAV_0093,telemetry_06,20,20,171,-134.7249831781935,0.8286760666962018,1.4753127681858587,0.01859842889339567
UAV_0093,telemetry_06,50,50,171,-135.57997577047942,1.1197900018775382,3.7897253281244048,0.054448587257432166
UAV_0093,telemetry_07,5,5,171,140.5912754437698,0.0,0.0,0.0
UAV_0093,telemetry_07,20,20,171,140.59127544376983,2.9160058604848984e-14,0.0,0.0
UAV_0093,telemetry_07,50,50,171,140.59127544376977,2.8710262101646174e-14,0.0,0.0
UAV_0093,telemetry_08,5,5,171,-4680.605940223165,0.0,0.0,0.0
UAV_0093,telemetry_08,20,20,171,-4680.605940223164,9.331218753551675e-13,0.0,0.0
UAV_0093,telemetry_08,50,50,171,-4680.605940223166,9.187283872526776e-13,0.0,0.0
UAV_0093,telemetry_09,5,5,171,-152.98889071266618,13.085585990166473,7.033563880255883,-0.6569313090866018
UAV_0093,telemetry_09,20,20,171,-150.3402546566218,8.291497411488859,-4.600774485924717,-0.18597684296486708
UAV_0093,telemetry_09,50,50,171,-151.86437074474225,8.720892882027355,-17.788603801599407,0.08095277221821154
UAV_0093,telemetry_10,5,5,171,-62.3414785236116,2.322538799089987,3.1795288582514303,0.43048368829097045
UAV_0093,telemetry_10,20,20,171,-61.921580226776975,1.6232819129724052,-0.7342540843047516,-0.004684452853349893
UAV_0093,telemetry_10,50,50,171,-61.76897841755172,1.9150188996026483,1.7957387850571607,-0.0026850831207066994
UAV_0093,telemetry_11,5,5,171,63.081337641571295,0.1148365051927386,0.18055359018862305,0.030234713623302413
UAV_0093,telemetry_11,20,20,171,62.97783983654453,0.11700140993408216,0.18375868350558022,0.012256067990848179
UAV_0093,telemetry_11,50,50,171,62.78565288571647,0.6088068103995875,0.38087192249848556,0.014033794548216787
UAV_0093,telemetry_12,5,5,171,630.6956294481164,1.3980272691344335,-1.731283530462406,2.2737367544323207e-14
UAV_0093,telemetry_12,20,20,171,631.847598874155,1.5369350195355502,-4.261620998061517,-0.08721503499322442
UAV_0093,telemetry_12,50,50,171,633.0581655889167,1.766653855375889,-5.992904528523923,-0.08161925089774721
UAV_0093,telemetry_13,5,5,171,7149.282111355737,5.70585952937769,8.485893120321634,2.0438062794751204
UAV_0093,telemetry_13,20,20,171,7146.107066606843,3.974657486300752,2.531380452317535,0.2941837148979011
UAV_0093,telemetry_13,50,50,171,7142.1147898793615,4.683900821982674,8.735249099710927,0.21706639516482476
UAV_0093,telemetry_14,5,5,171,-648.8153498138018,0.0,0.0,0.0
UAV_0093,telemetry_14,20,20,171,-648.8153498138018,0.0,0.0,0.0
UAV_0093,telemetry_14,50,50,171,-648.8153498138018,0.0,0.0,0.0
UAV_0093,telemetry_15,5,5,171,49881.89570315684,17.857822357012278,-23.314035682822578,-7.814519367760658
UAV_0093,telemetry_15,20,20,171,49915.04419119317,30.04000127387956,-54.39941659325268,-3.4139105001836434
UAV_0093,telemetry_15,50,50,171,49951.95376361029,39.80849190741631,-126.00681190476462,-2.4185278132413375
UAV_0093,telemetry_16,5,5,171,-701.5364328583291,0.0,0.0,0.0
UAV_0093,telemetry_16,20,20,171,-700.6692791651632,1.5409725509745433,-1.7343073863319205,-0.09649529818688958
UAV_0093,telemetry_16,50,50,171,-699.143088665191,1.9473857409223911,-5.202922158995875,-0.09635503702214085
UAV_0093,telemetry_17,5,5,171,40.41581228213973,0.0,0.0,0.0
UAV_0093,telemetry_17,20,20,171,40.41581228213974,7.290014651212246e-15,0.0,0.0
UAV_0093,telemetry_17,50,50,171,40.41581228213973,1.6240976817373718e-14,0.0,0.0
UAV_0093,telemetry_18,5,5,171,-103.3270566350546,0.008991130218825322,0.008815663591278167,0.001339698790425814
UAV_0093,telemetry_18,20,20,171,-103.32702359691595,0.0059928355339836405,0.01322327435985926,0.00013358460837900295
UAV_0093,telemetry_18,50,50,171,-103.32683273723724,0.006353104903067844,0.004142051624597798,-1.2653835675421248e-05
UAV_0093,telemetry_19,5,5,171,33507.65568104408,0.20244861550367213,0.4839034239121247,0.10419653770004515
UAV_0093,telemetry_19,20,20,171,33507.25741611861,0.4017246804481301,1.3631729158587405,0.04040758749389696
UAV_0093,telemetry_19,50,50,171,33506.55123459144,0.7657962743419146,2.933620928750315,0.047116106001896835
UAV_0093,telemetry_20,5,5,171,-164.8973841769026,0.0,0.0,0.0
UAV_0093,telemetry_20,20,20,171,-164.89738417690256,2.9160058604848984e-14,0.0,0.0
UAV_0093,telemetry_20,50,50,171,-164.8973841769026,0.0,0.0,0.0
UAV_0093,telemetry_21,5,5,171,34964.38210178762,0.4109780853369328,0.2943075198199949,0.07357687995536252
UAV_0093,telemetry_21,20,20,171,34964.00685969986,0.5474332225503447,0.2943075198199949,0.05609545584394302
UAV_0093,telemetry_21,50,50,171,34963.19898555798,0.8869974238992533,2.9430751981199137,0.051625708037077764
UAV_0093,telemetry_22,5,5,171,23225.053183564374,21.982155400068716,-23.16338872369306,-6.555676053875504
UAV_0093,telemetry_22,20,20,171,23188.894988084994,80.32340470675877,46.763822517648805,2.022237114563973
UAV_0093,telemetry_22,50,50,171,23141.903902130816,75.49325801268992,168.8450788098271,2.8447699094197145
UAV_0093,telemetry_23,5,5,171,-17347.297744256495,1.405507565817295,0.1623223628193955,0.19767795729603677
UAV_0093,telemetry_23,20,20,171,-17356.03822033373,8.327946210724372,13.51334215236784,0.8888187830109333
UAV_0093,telemetry_23,50,50,171,-17365.517716538237,11.330574179917473,34.94575675858505,0.6156865840806716
UAV_0093,telemetry_24,5,5,171,-3627.8925131946467,3.0781984461547296,6.975967840297926,1.4746441707673057
UAV_0093,telemetry_24,20,20,171,-3631.4322569103992,2.9991584651867034,8.923482747049547,0.33236251155353064
UAV_0093,telemetry_24,50,50,171,-3640.0540402206266,35.846956459020724,13.168773516686088,0.6509710073362955
UAV_0093,telemetry_25,5,5,171,-174.5881368842649,0.24739727441871054,0.3038352420034016,0.08203551534091957
UAV_0093,telemetry_25,20,20,171,-174.0412334486588,0.47973772361298483,-0.7292045808081866,-0.06145239105181791
UAV_0093,telemetry_25,50,50,171,-173.45361609062417,0.6647296467991473,-2.157230218224214,-0.03992533684236901
UAV_0093,telemetry_26,5,5,171,-7442.342508617907,12.456803578474368,33.01081403864828,6.372522362243399
UAV_0093,telemetry_26,20,20,171,-7446.655443234695,7.051640541432313,28.84858096421067,0.6279500715622447
UAV_0093,telemetry_26,50,50,171,-7455.274136204349,9.58623313107394,41.9093813012405,0.5438109048947141
UAV_0093,telemetry_27,5,5,171,969.0302044744709,1.2710574864626038e-13,0.0,0.0
UAV_0093,telemetry_27,20,20,171,969.0302044744709,1.1664023441939594e-13,0.0,0.0
UAV_0093,telemetry_27,50,50,171,969.0302044744708,0.0,0.0,0.0
UAV_0093,telemetry_28,5,5,171,-9937.41394587114,25.528282872244453,-13.605922636914329,-4.448968101578248
UAV_0093,telemetry_28,20,20,171,-9907.496190631684,34.58331463144626,-90.66689764080911,-3.741146600594532
UAV_0093,telemetry_28,50,50,171,-9858.210511685907,53.14679878849045,-94.90371670451168,-3.027869043488784
UAV_0094,telemetry_01,5,5,392,88.48230494289993,5.1115880453427485,3.0427583236654954,-0.4060618783494377
UAV_0094,telemetry_01,20,20,392,86.17403139278125,15.469195778697223,18.28641148113573,0.04762590568338096
UAV_0094,telemetry_01,50,50,392,83.69319244904943,13.624355150966576,8.728071601170498,0.10206913934894701
UAV_0094,telemetry_02,5,5,392,13.698777618244936,4.202818676643298,-2.1886097798502977,-1.4011758096659932
UAV_0094,telemetry_02,20,20,392,11.555658091581613,6.151036698097654,1.4969482586688834,0.1887319669044222
UAV_0094,telemetry_02,50,50,392,10.58143359852669,7.797910887578212,9.304026296553436,0.11752614583508016
UAV_0094,telemetry_03,5,5,392,30377.82504938607,2.6043964795965355e-11,0.0,0.0
UAV_0094,telemetry_03,20,20,392,30377.82504938608,1.335375324535194e-11,0.0,0.0
UAV_0094,telemetry_03,50,50,392,30377.82504938608,8.315380130495343e-12,0.0,0.0
UAV_0094,telemetry_04,5,5,392,-125.7942741287197,0.2072888480709922,0.01706806718496523,0.05244922140757922
UAV_0094,telemetry_04,20,20,392,-125.87828173182636,0.11027770673423637,0.06969460767183477,0.0070558775548433626
UAV_0094,telemetry_04,50,50,392,-125.88919476926888,0.07371333605121662,0.07396162446808319,0.0010308734468941782
UAV_0094,telemetry_05,5,5,392,-113.52695078185766,0.0028547976437568235,0.004417659741804414,0.0013502227764135455
UAV_0094,telemetry_05,20,20,392,-113.5263830910707,0.0029464845136534415,-0.002726067634256424,-0.00010836405541869041
UAV_0094,telemetry_05,50,50,392,-113.52670312876539,0.0027296288774295327,0.0016792097070634782,1.093460555195548e-05
UAV_0094,telemetry_06,5,5,392,-142.96149906689456,0.434533792644459,-0.9292717096723209,-0.24784753550424626
UAV_0094,telemetry_06,20,20,392,-142.8916158305068,0.7190855063730045,-1.2987260955932243,-0.030224918769694773
UAV_0094,telemetry_06,50,50,392,-142.29450239959368,0.9236381538573898,-1.0344722805785977,-0.033260592093003014
UAV_0094,telemetry_07,5,5,392,140.7631728418209,0.0,0.0,0.0
UAV_0094,telemetry_07,20,20,392,140.72019849230816,0.04409075229504858,0.08594869902555047,0.00542833888582424
UAV_0094,telemetry_07,50,50,392,140.69441388260046,0.03472851880864477,0.08594869902555047,0.0015848403565815788
UAV_0094,telemetry_08,5,5,392,-4680.605940223165,0.0,0.0,0.0
UAV_0094,telemetry_08,20,20,392,-4680.605940223164,9.331218753551675e-13,0.0,0.0
UAV_0094,telemetry_08,50,50,392,-4680.605940223166,9.187283872526776e-13,0.0,0.0
UAV_0094,telemetry_09,5,5,392,-149.14158666333316,10.013398094315924,-18.11210284842278,-3.2523016809988095
UAV_0094,telemetry_09,20,20,392,-152.8073746783226,8.545378065398506,-16.9391033635778,0.2837019103818372
UAV_0094,telemetry_09,50,50,392,-153.6538443353651,8.88329828098322,3.9000708977141016,0.09195383633285738
UAV_0094,telemetry_10,5,5,392,-58.273068364916945,8.524671068740888,0.43586407615317313,1.8349125299755549
UAV_0094,telemetry_10,20,20,392,-61.378108642504664,4.4377307044588905,-0.8936128711336764,0.24831967135194644
UAV_0094,telemetry_10,50,50,392,-61.86687987769963,2.936681515436294,-1.1571328288796252,0.03003637826746373
UAV_0094,telemetry_11,5,5,392,62.29949814952963,1.4573713980441414,-0.11004153721555099,0.2977479713495043
UAV_0094,telemetry_11,20,20,392,61.83994898279364,0.7276918903814783,-0.27510384303887037,0.03548028093587212
UAV_0094,telemetry_11,50,50,392,61.80051721068942,0.4646145009371324,-0.11645172384945823,0.003356470854737628
UAV_0094,telemetry_12,5,5,392,646.9696946344635,1.4787895864533334,-0.6658782809472541,0.039952696856789774
UAV_0094,telemetry_12,20,20,392,646.044123823947,1.265980070446244,2.1308104990307584,0.061180696189277094
UAV_0094,telemetry_12,50,50,392,645.099908421564,1.5455497171912715,-1.0654052495153792,0.06281158679915877
UAV_0094,telemetry_13,5,5,392,7145.520097031275,1.83007416362585,-1.0447668926972256,-0.022293865869869478
UAV_0094,telemetry_13,20,20,392,7143.337609730828,2.983667038328506,5.784663760731746,0.3077900169204748
UAV_0094,telemetry_13,50,50,392,7141.56104701563,3.425246244712193,5.685330007710945,0.09774973927548039
UAV_0094,telemetry_14,5,5,392,-648.8153498138018,0.0,0.0,0.0
UAV_0094,telemetry_14,20,20,392,-648.8153498138018,0.0,0.0,0.0
UAV_0094,telemetry_14,50,50,392,-648.8153498138018,0.0,0.0,0.0
UAV_0094,telemetry_15,5,5,392,50330.20363904086,17.80236137501365,2.7138030953574344,4.089207845955388
UAV_0094,telemetry_15,20,20,392,50299.614760742195,26.976113188436567,67.78340004078927,3.8275660642735985
UAV_0094,telemetry_15,50,50,392,50256.76319309311,44.36044487307094,160.11438262593583,2.7394750862209283
UAV_0094,telemetry_16,5,5,392,-702.5770172901282,1.9774146614635724,1.7343073863319205,0.6937229545327682
UAV_0094,telemetry_16,20,20,392,-702.2301558128619,1.4234894673903475,-1.7343073863319205,-0.06259154476987382
UAV_0094,telemetry_16,50,50,392,-700.9467683469765,2.061312473089316,-1.7343073863319205,-0.0705382163852656
UAV_0094,telemetry_17,5,5,392,40.415812282139754,5.0867118742119833e-14,0.0,0.0
UAV_0094,telemetry_17,20,20,392,40.41581228213975,2.6884245668467125e-14,0.0,0.0
UAV_0094,telemetry_17,50,50,392,40.41581228213974,1.680225011289375e-14,0.0,0.0
UAV_0094,telemetry_18,5,5,392,-103.30667268778109,0.044958391308215405,-0.009587232940560853,-0.011880536140654385
UAV_0094,telemetry_18,20,20,392,-103.30440114248825,0.041228950429515826,-0.007563662467376275,-8.806331842905985e-05
UAV_0094,telemetry_18,50,50,392,-103.28842945242846,0.043901226291968555,-0.01135758097925077,-0.001002631803374299
UAV_0094,telemetry_19,5,5,392,33511.42673242459,0.32116215294653977,-0.009920737982611172,-0.0005174607220396865
UAV_0094,telemetry_19,20,20,392,33510.92799619819,0.44533769358548964,1.2094358911199379,0.043035913078872404
UAV_0094,telemetry_19,50,50,392,33510.06231079803,0.9060959229486034,2.0635782703975565,0.053740350528893616
UAV_0094,telemetry_20,5,5,392,-164.8973841769026,0.0,0.0,0.0
UAV_0094,telemetry_20,20,20,392,-164.89738417690256,2.9160058604848984e-14,0.0,0.0
UAV_0094,telemetry_20,50,50,392,-164.8973841769026,0.0,0.0,0.0
UAV_0094,telemetry_21,5,5,392,34968.355253305075,0.5564669581210302,0.8829225594381569,0.27959214382208303
UAV_0094,telemetry_21,20,20,392,34967.92114971336,0.6906662523573627,2.3544601584944758,0.07977282773855748
UAV_0094,telemetry_21,50,50,392,34966.913146458006,1.0367047978900192,3.678843997651711,0.06366652469399554
UAV_0094,telemetry_22,5,5,392,23220.682732861787,51.388232739629586,-7.5754478844792175,-3.8459966182737846
UAV_0094,telemetry_22,20,20,392,23211.66503624546,57.66185746756343,117.71080558959511,2.9618292480670134
UAV_0094,telemetry_22,50,50,392,23179.440246398408,61.911197691407224,146.2644168464758,2.0128417639160876
UAV_0094,telemetry_23,5,5,392,-17491.004654791894,6.138149581727998,13.741228785973362,2.2339345785203477
UAV_0094,telemetry_23,20,20,392,-17483.72216125407,8.816529023507128,-9.300802417754312,-0.9556583059883828
UAV_0094,telemetry_23,50,50,392,-17467.586353641,16.254559262468053,-27.20110547970762,-0.9681109474325333
UAV_0094,telemetry_24,5,5,392,-3684.7933936409404,132.67277020244552,2.805199324129717,30.08995946887476
UAV_0094,telemetry_24,20,20,392,-3724.3137783153807,65.32886736591756,-10.214380916200298,3.053532100004742
UAV_0094,telemetry_24,50,50,392,-3721.6139009470335,41.03238978368971,-24.643116781762274,-0.06343049957952103
UAV_0094,telemetry_25,5,5,392,-174.3997590342228,0.36687397774305847,0.54690343560614,0.16710938310187656
UAV_0094,telemetry_25,20,20,392,-174.11719225915962,0.39355630927561136,-1.0330398228116167,-0.044638651343959806
UAV_0094,telemetry_25,50,50,392,-173.7683894013397,0.4533651186006546,-1.3672585890153641,-0.02406316756956672
UAV_0094,telemetry_26,5,5,392,-7678.64252702325,5.614022042046816,-8.611516705734175,-3.014030847007052
UAV_0094,telemetry_26,20,20,392,-7665.316204921129,11.21377062557713,-35.02016793665098,-1.7573753076801635
UAV_0094,telemetry_26,50,50,392,-7641.6359692331425,22.349243952656135,-63.0075972302875,-1.4917945074213368
UAV_0094,telemetry_27,5,5,392,969.0302044744709,1.2710574864626038e-13,0.0,0.0
UAV_0094,telemetry_27,20,20,392,969.0302044744709,1.1664023441939594e-13,0.0,0.0
UAV_0094,telemetry_27,50,50,392,969.0302044744708,0.0,0.0,0.0
UAV_0094,telemetry_28,5,5,392,-9889.46062532493,18.045973975351583,-19.06660667293545,-4.20891487701374
UAV_0094,telemetry_28,20,20,392,-9879.60342154193,24.694209389826494,-32.18944648108118,-1.998095735174766
UAV_0094,telemetry_28,50,50,392,-9858.416386874362,33.82029187996362,-27.729068237624233,-1.3657932402609367
UAV_0095,telemetry_01,5,5,166,90.07651018973424,7.336957220817629,8.504284210659762,3.0990747703309554
UAV_0095,telemetry_01,20,20,166,89.48095097560653,10.742910155773393,1.9176045040339602,0.3635900465192724
UAV_0095,telemetry_01,50,50,166,87.74704557559316,10.911928385916687,8.38643037390733,0.05804529775145377
UAV_0095,telemetry_02,5,5,166,14.822274832383078,10.434038341672228,7.439397155058323,2.078782965228915
UAV_0095,telemetry_02,20,20,166,12.429515510715166,8.028528305424786,4.11338175687456,0.024592413217213602
UAV_0095,telemetry_02,50,50,166,11.44706383536939,7.704479067811147,4.664463518629287,0.04334593231055798
UAV_0095,telemetry_03,5,5,166,30377.82504938608,0.0,0.0,0.0
UAV_0095,telemetry_03,20,20,166,30377.825049386087,7.46497500284134e-12,0.0,0.0
UAV_0095,telemetry_03,50,50,166,30377.82504938608,9.929069645577485e-12,5.093170329928398e-11,0.0
UAV_0095,telemetry_04,5,5,166,-125.90941341184582,0.02100058266382274,0.008534033592496826,0.003982549009823799
UAV_0095,telemetry_04,20,20,166,-125.89874586985522,0.030121152149360012,0.01706806718495102,-0.0004833813513531283
UAV_0095,telemetry_04,50,50,166,-125.8840494523371,0.09113843533694627,-0.4226811320169901,-0.00112441962071481
UAV_0095,telemetry_05,5,5,166,-113.52693008668936,0.0035212609606290325,0.0011200091813492463,-0.0002302649461682904
UAV_0095,telemetry_05,20,20,166,-113.52599715363708,0.002481927754946027,-0.005102855909427717,-5.256179915563666e-05
UAV_0095,telemetry_05,50,50,166,-113.52554044800509,0.002631790345117593,-0.00519887420040277,-2.484238458893004e-05
UAV_0095,telemetry_06,5,5,166,-134.38564871763325,0.41523160870564185,-1.0582676478074404,-0.17370618077029007
UAV_0095,telemetry_06,20,20,166,-134.75071974643305,0.7863128750229393,1.514136788401288,0.0790209587299903
UAV_0095,telemetry_06,50,50,166,-135.46443047676735,0.907834365721831,1.3074928098353666,0.045501457013000596
UAV_0095,telemetry_07,5,5,166,140.5912754437698,0.0,0.0,0.0
UAV_0095,telemetry_07,20,20,166,140.59127544376983,2.9160058604848984e-14,0.0,0.0
UAV_0095,telemetry_07,50,50,166,140.59127544376977,2.8710262101646174e-14,0.0,0.0
UAV_0095,telemetry_08,5,5,166,-4680.605940223165,0.0,0.0,0.0
UAV_0095,telemetry_08,20,20,166,-4680.605940223164,9.331218753551675e-13,0.0,0.0
UAV_0095,telemetry_08,50,50,166,-4680.605940223166,9.187283872526776e-13,0.0,0.0
UAV_0095,telemetry_09,5,5,166,-151.19882220674225,7.17269101488902,-5.217032079467032,-2.9672787318559557
UAV_0095,telemetry_09,20,20,166,-151.6190057466664,8.47530144115782,-3.3716179884650046,0.16765277921352506
UAV_0095,telemetry_09,50,50,166,-152.4651154120899,9.508950398098344,-9.210162983186905,-0.02861337902844261
UAV_0095,telemetry_10,5,5,166,-61.9405087787737,1.324770305474832,-0.8634073783041245,0.1502072550745268
UAV_0095,telemetry_10,20,20,166,-62.36882607762984,1.6653824006159688,-1.2942278276754848,0.032887120088774445
UAV_0095,telemetry_10,50,50,166,-62.624295175286186,3.5632246440417448,17.954477665059173,0.03747976214679371
UAV_0095,telemetry_11,5,5,166,63.03881673689965,0.040379370694186185,-0.03739275536450748,-0.015918630140889435
UAV_0095,telemetry_11,20,20,166,62.99496037667927,0.11788920615495414,-0.022435653218700224,0.009979969766888242
UAV_0095,telemetry_11,50,50,166,62.88162887665509,0.85519371936897,4.714689008905715,0.012673281426271934
UAV_0095,telemetry_12,5,5,166,630.562453791927,1.3626935057213556,-1.9976348428413075,-0.6259255840902597
UAV_0095,telemetry_12,20,20,166,631.3015786837783,1.5968661714020824,-1.464932218083618,-0.1048382797220469
UAV_0095,telemetry_12,50,50,166,632.514808911664,1.8679522608143913,-2.929864436167236,-0.07342087436786308
UAV_0095,telemetry_13,5,5,166,7147.859595177984,2.627560035388131,-2.6338908601719595,-0.4911940773985407
UAV_0095,telemetry_13,20,20,166,7145.382935058637,2.7652096136256272,5.934731176518653,0.2555106633890845
UAV_0095,telemetry_13,50,50,166,7143.159325573137,3.8553197979634852,9.60667437407119,0.16150332017727034
UAV_0095,telemetry_14,5,5,166,-648.8153498138018,0.0,0.0,0.0
UAV_0095,telemetry_14,20,20,166,-648.8153498138018,0.0,0.0,0.0
UAV_0095,telemetry_14,50,50,166,-648.8153498138018,0.0,0.0,0.0
UAV_0095,telemetry_15,5,5,166,50332.92977760483,31.831024846615495,82.2775756637202,16.696056770741414
UAV_0095,telemetry_15,20,20,166,50267.66281316154,56.0968570626659,193.17343851481564,9.086510227338268
UAV_0095,telemetry_15,50,50,166,50169.341727016836,96.16349507362825,363.89632414987136,6.447727232462353
UAV_0095,telemetry_16,5,5,166,-702.5770172901284,0.9499192771418198,0.0,-0.17343073863319206
UAV_0095,telemetry_16,20,20,166,-701.7098635969624,2.0209665541304687,-1.7343073863319205,-0.15126289986052951
UAV_0095,telemetry_16,50,50,166,-700.0796146538103,2.3072128844037025,-3.468614772663841,-0.09610519682242849
UAV_0095,telemetry_17,5,5,166,40.41581228213973,0.0,0.0,0.0
UAV_0095,telemetry_17,20,20,166,40.41581228213974,7.290014651212246e-15,0.0,0.0
UAV_0095,telemetry_17,50,50,166,40.41581228213973,1.9392714151518524e-14,9.237055564881302e-14,0.0
UAV_0095,telemetry_18,5,5,166,-103.32410167250274,0.004985050254460085,-0.004380905166613047,-0.00013137482452236783
UAV_0095,telemetry_18,20,20,166,-103.32704952432357,0.006518660906818872,-0.002172802457593548,0.00018872275969575132
UAV_0095,telemetry_18,50,50,166,-103.32714072682028,0.005589365750342615,0.002515609434766475,2.1695445830786224e-05
UAV_0095,telemetry_19,5,5,166,33506.25773846275,0.366331703064146,-0.910773066978436,-0.15258995317853988
UAV_0095,telemetry_19,20,20,166,33506.25753153519,0.4274191674667826,-0.2190764739207225,0.0090373134419617
UAV_0095,telemetry_19,50,50,166,33505.95098772096,0.520351698224312,-0.33536648573499406,0.014642786160220784
UAV_0095,telemetry_20,5,5,166,-164.8973841769026,0.0,0.0,0.0
UAV_0095,telemetry_20,20,20,166,-164.89738417690256,2.9160058604848984e-14,0.0,0.0
UAV_0095,telemetry_20,50,50,166,-164.8973841769026,0.0,0.0,0.0
UAV_0095,telemetry_21,5,5,166,34962.91056418856,0.30514453122198915,-0.29430751981271897,0.014715375990635948
UAV_0095,telemetry_21,20,20,166,34962.969425692514,0.44531690995110007,0.294307519805443,0.006638515484333301
UAV_0095,telemetry_21,50,50,166,34962.61625666875,0.5931026398306782,1.0300763193372404,0.022823848475202555
UAV_0095,telemetry_22,5,5,166,23208.47460723257,38.46777370811921,-1.0197718306044408,3.656610421161895
UAV_0095,telemetry_22,20,20,166,23211.14786624565,59.77451713491153,20.395436612056073,0.6441759544333763
UAV_0095,telemetry_22,50,50,166,23175.970108540558,73.58855394765405,158.06463374345185,2.664299501696203
UAV_0095,telemetry_23,5,5,166,-17503.608988780434,9.147087580661465,-16.496892012470198,-4.785708121781863
UAV_0095,telemetry_23,20,20,166,-17478.713876749593,20.528422721350573,-63.762374778380035,-3.258037051932186
UAV_0095,telemetry_23,50,50,166,-17441.241003088428,35.9853145296367,-114.4538232322011,-2.362570433856189
UAV_0095,telemetry_24,5,5,166,-3630.1469478964455,4.381738151501734,3.8947230497637975,0.41913747366984355
UAV_0095,telemetry_24,20,20,166,-3631.498864583529,3.4713694884386173,5.057073182439126,0.15291010622678233
UAV_0095,telemetry_24,50,50,166,-3634.9676075697416,56.40513921125021,303.09860359125605,0.597237817250282
UAV_0095,telemetry_25,5,5,166,-174.27822493742144,0.3643490063926963,-0.8811222018098874,-0.194454554882185
UAV_0095,telemetry_25,20,20,166,-174.0868087349593,0.3121800598182041,-1.1241903954126258,-0.02896714938799443
UAV_0095,telemetry_25,50,50,166,-173.61464876888596,0.5127734916758552,-1.64071030681842,-0.028727567419193994
UAV_0095,telemetry_26,5,5,166,-7446.7056770821455,2.6619973532186867,2.0093538980045196,0.8755041984162745
UAV_0095,telemetry_26,20,20,166,-7449.195840662888,4.20209770349278,9.903244211593119,0.32125921344573466
UAV_0095,telemetry_26,50,50,166,-7452.937544671528,5.193455035074188,20.95469065061843,0.2637625897119942
UAV_0095,telemetry_27,5,5,166,969.0302044744709,1.2710574864626038e-13,0.0,0.0
UAV_0095,telemetry_27,20,20,166,969.0302044744709,1.1664023441939594e-13,0.0,0.0
UAV_0095,telemetry_27,50,50,166,969.0302044744708,0.0,0.0,0.0
UAV_0095,telemetry_28,5,5,166,-9923.517090570193,21.924286760082676,-25.918023007745433,-6.082413407035347
UAV_0095,telemetry_28,20,20,166,-9908.605777977722,26.163755696397015,-54.92753020360942,-2.5764124817378056
UAV_0095,telemetry_28,50,50,166,-9879.548069262166,38.11659262031015,-74.88537881318007,-1.8355412099546202
UAV_0096,telemetry_01,5,5,491,86.11036421130822,8.47682258950749,-3.8054332651405076,1.4506236120447227
UAV_0096,telemetry_01,20,20,491,87.94142238870539,8.007383269809667,0.03143915311923706,0.20783275956707836
UAV_0096,telemetry_01,50,50,491,87.95166513797629,9.219096128393891,-6.010215737886838,-0.02042391702449171
UAV_0096,telemetry_02,5,5,491,9.968870341829268,8.740411408487924,4.448758874139443,1.0484300437610297
UAV_0096,telemetry_02,20,20,491,15.745410345637286,9.753759781870071,5.38966494709573,-0.6507911136625184
UAV_0096,telemetry_02,50,50,491,13.921073584905292,8.619471612253486,5.558907290591067,0.11134009370456786
UAV_0096,telemetry_03,5,5,491,30377.82504938608,0.0,0.0,0.0
UAV_0096,telemetry_03,20,20,491,30377.825049386087,7.46497500284134e-12,0.0,0.0
UAV_0096,telemetry_03,50,50,491,30377.82504938608,0.0,0.0,0.0
UAV_0096,telemetry_04,5,5,491,-125.88864726343748,0.03989654366065314,0.029869117573639414,0.011378711456623591
UAV_0096,telemetry_04,20,20,491,-125.88608705335973,0.03244875914849642,0.1080977588379568,0.0010223729466669756
UAV_0096,telemetry_04,50,50,491,-125.8922884511036,0.03408403894850841,0.06542759087560057,0.0003559774556537918
UAV_0096,telemetry_05,5,5,491,-113.52567006974009,0.0028820180681524655,-0.004502725198520352,-0.0005558356628213801
UAV_0096,telemetry_05,20,20,491,-113.52566373733323,0.002567010492806374,-0.0007495176939613657,1.9874907069725524e-05
UAV_0096,telemetry_05,50,50,491,-113.52592427116642,0.002561254848766159,0.0034449896091217624,1.0767399400133438e-05
UAV_0096,telemetry_06,5,5,491,-142.3242841802621,0.7760788293937366,-0.12899593813511956,-0.2289364804960826
UAV_0096,telemetry_06,20,20,491,-142.35452934439766,0.8578029237965991,-1.2699211773688148,-0.051239608538004786
UAV_0096,telemetry_06,50,50,491,-141.79505016533855,0.9586832881027568,-1.4339839724726744,-0.03458881470149542
UAV_0096,telemetry_07,5,5,491,140.69441388260046,0.03843742671976016,0.0,0.008594869902555046
UAV_0096,telemetry_07,20,20,491,140.6858190126979,0.026454451377029148,0.0,0.0015509539673783544
UAV_0096,telemetry_07,50,50,491,140.68066209075639,0.017013430120765605,0.0,0.00034668382800222036
UAV_0096,telemetry_08,5,5,491,-4680.605940223165,0.0,0.0,0.0
UAV_0096,telemetry_08,20,20,491,-4680.605940223164,9.331218753551675e-13,0.0,0.0
UAV_0096,telemetry_08,50,50,491,-4680.605940223166,9.187283872526776e-13,0.0,0.0
UAV_0096,telemetry_09,5,5,491,-152.38361194660325,10.873422449531436,-11.974429942989303,-3.511316656564921
UAV_0096,telemetry_09,20,20,491,-156.1237171660445,10.891180866671448,-21.082144367717092,0.19722457528761334
UAV_0096,telemetry_09,50,50,491,-154.1703924266846,9.546059794014905,-7.729073223150522,-0.1533974605366388
UAV_0096,telemetry_10,5,5,491,-62.98214470548252,0.4202939544182018,-0.187298695499436,-0.03679149087961804
UAV_0096,telemetry_10,20,20,491,-62.57800591204568,0.9391318341432449,0.8208870821141829,-0.03304762202149158
UAV_0096,telemetry_10,50,50,491,-62.27116695665708,1.1363528197330315,-0.15586167965694386,-0.01242368638088059
UAV_0096,telemetry_11,5,5,491,61.53370491525626,0.11745548304393795,0.17628013243268015,0.008653751955786503
UAV_0096,telemetry_11,20,20,491,61.6338640814112,0.14261669096402224,-0.2644201986490202,-0.009230508096531807
UAV_0096,telemetry_11,50,50,491,61.72989936083164,0.1635823193307192,-0.13514810153171908,-0.006547265614994614
UAV_0096,telemetry_12,5,5,491,647.1295054218909,1.088461510949713,1.8644591866518567,0.4527972310440191
UAV_0096,telemetry_12,20,20,491,645.7644549459494,1.6443284072702666,4.9274992790085435,0.1575077497638778
UAV_0096,telemetry_12,50,50,491,644.8069219779474,1.5909256162851206,3.5957427171142626,0.06967980551452267
UAV_0096,telemetry_13,5,5,491,7140.844666815273,4.543900450345389,-8.707838443836408,-1.538246204594543
UAV_0096,telemetry_13,20,20,491,7141.766167971009,3.424218951351106,-2.2619831547663125,0.0516333419352218
UAV_0096,telemetry_13,50,50,491,7140.649281772468,3.074065006333378,0.3087063345246861,0.048888741296650155
UAV_0096,telemetry_14,5,5,491,-648.8153498138018,0.0,0.0,0.0
UAV_0096,telemetry_14,20,20,491,-648.8153498138018,0.0,0.0,0.0
UAV_0096,telemetry_14,50,50,491,-648.8153498138018,0.0,0.0,0.0
UAV_0096,telemetry_15,5,5,491,50323.98656285878,3.7715581820777277,0.6784507738266257,-0.3392253869213164
UAV_0096,telemetry_15,20,20,491,50291.20813888091,34.1348486768897,106.76348086498183,4.38822702501964
UAV_0096,telemetry_15,50,50,491,50253.99634748272,44.65168534262812,123.72475021094579,2.742297583601587
UAV_0096,telemetry_16,5,5,491,-700.8427099037965,1.5512116838872656,-3.468614772663841,-0.5202922158995762
UAV_0096,telemetry_16,20,20,491,-701.1895713810627,1.2068219119180716,-3.468614772663841,0.052159620641561516
UAV_0096,telemetry_16,50,50,491,-700.1836730969903,1.7268586444500007,-5.202922158995875,-0.051383801074036874
UAV_0096,telemetry_17,5,5,491,40.41581228213973,0.0,0.0,0.0
UAV_0096,telemetry_17,20,20,491,40.41581228213974,7.290014651212246e-15,0.0,0.0
UAV_0096,telemetry_17,50,50,491,40.41581228213974,7.177565525411544e-15,0.0,0.0
UAV_0096,telemetry_18,5,5,491,-102.99464964002027,0.03315637629215355,-0.07947401783422947,-0.016491532941400065
UAV_0096,telemetry_18,20,20,491,-102.99813549306202,0.034708371209065066,-0.07204750641533053,-0.0015617323317364705
UAV_0096,telemetry_18,50,50,491,-103.00899546987291,0.04102228872973491,0.021459715466576768,0.0004297543785123103
UAV_0096,telemetry_19,5,5,491,33510.94108774145,0.3599104233719034,0.14660732848278712,0.09313475864764768
UAV_0096,telemetry_19,20,20,491,33510.368783881415,0.5552224236405429,0.8368433972573257,0.0742773738009446
UAV_0096,telemetry_19,50,50,491,33509.45797339887,1.0147878697808805,3.10908036348701,0.0631810379088551
UAV_0096,telemetry_20,5,5,491,-164.8973841769026,0.0,0.0,0.0
UAV_0096,telemetry_20,20,20,491,-164.89738417690256,2.9160058604848984e-14,0.0,0.0
UAV_0096,telemetry_20,50,50,491,-164.8973841769026,0.0,0.0,0.0
UAV_0096,telemetry_21,5,5,491,34967.94322277735,0.12311766866871336,0.0,0.0
UAV_0096,telemetry_21,20,20,491,34967.28838854576,0.6174831056787112,1.6186913589699543,0.07778127309318637
UAV_0096,telemetry_21,50,50,491,34966.23035301204,1.0704124014904233,2.5016139184008352,0.06690284748083057
UAV_0096,telemetry_22,5,5,491,23264.154149183487,15.517117520206446,14.276805628440343,0.5244540843101276
UAV_0096,telemetry_22,20,20,491,23208.04484624682,71.57390157156522,130.53079431717197,7.3019387264747975
UAV_0096,telemetry_22,50,50,491,23183.842747072806,66.32321199844138,100.52036615943143,1.7394078997914044
UAV_0096,telemetry_23,5,5,491,-17488.644251390277,5.585183305923174,-4.231435380897892,0.19204065049852942
UAV_0096,telemetry_23,20,20,491,-17480.891438763978,10.87832768044555,-17.83572449208441,-1.3467443421483696
UAV_0096,telemetry_23,50,50,491,-17466.227510805453,15.877311908070137,-29.817694087883865,-0.944060112631984
UAV_0096,telemetry_24,5,5,491,-3738.9194991327436,2.1050060849697685,-4.672711127275306,-1.2584588545320003
UAV_0096,telemetry_24,20,20,491,-3733.3893765064577,6.690529930207124,-15.315409519380864,-0.9321052579273515
UAV_0096,telemetry_24,50,50,491,-3720.8269933364495,12.682210829196507,-38.499324579172026,-0.8388944242931814
UAV_0096,telemetry_25,5,5,491,-174.39368232938276,0.3748396059905403,-0.8811222018099159,-0.13368750648150468
UAV_0096,telemetry_25,20,20,491,-174.2037853031306,0.349285356355682,-0.7595881050085325,-0.03447273535211573
UAV_0096,telemetry_25,50,50,491,-173.76352803746767,0.5112667211945261,-2.0053125972225416,-0.028367196207790265
UAV_0096,telemetry_26,5,5,491,-7666.557698579536,3.902198675252903,-4.01870779600813,-1.162554755273868
UAV_0096,telemetry_26,20,20,491,-7652.685980419383,12.58027602534869,-35.594269050365256,-2.0250013907656057
UAV_0096,telemetry_26,50,50,491,-7627.929305143181,24.34557748820987,-77.7907009084629,-1.646112611109277
UAV_0096,telemetry_27,5,5,491,969.0302044744709,1.2710574864626038e-13,0.0,0.0
UAV_0096,telemetry_27,20,20,491,969.0302044744709,1.1664023441939594e-13,0.0,0.0
UAV_0096,telemetry_27,50,50,491,969.0302044744708,0.0,0.0,0.0
UAV_0096,telemetry_28,5,5,491,-9909.09534723029,21.12268460582076,-43.14127824297066,-7.760579862244958
UAV_0096,telemetry_28,20,20,491,-9888.925906492746,25.414182927586673,-60.217959601735856,-1.9680330553430887
UAV_0096,telemetry_28,50,50,491,-9862.402737313789,38.47453983333501,-116.02193137308859,-1.9086113613666587
UAV_0097,telemetry_01,5,5,275,90.1057570238676,1.8358694797683734,-2.917663174206737,-0.9704652352454829
UAV_0097,telemetry_01,20,20,275,89.0436355022949,8.602014316712305,7.080313844343294,0.023767719563665416
UAV_0097,telemetry_01,50,50,275,88.16175776279636,10.465213281449943,18.17709967814517,0.09843303970655187
UAV_0097,telemetry_02,5,5,275,10.895192331366891,7.137310054706219,1.1781644105743982,2.0490209776419506
UAV_0097,telemetry_02,20,20,275,9.584877830757128,5.722562684360667,2.751436458876265,-0.06151860323500077
UAV_0097,telemetry_02,50,50,275,10.375248803140728,7.17711027421121,16.348706570867982,-0.027673460305173852
UAV_0097,telemetry_03,5,5,275,30377.82504938608,0.0,0.0,0.0
UAV_0097,telemetry_03,20,20,275,30377.82504938608,1.2519143667517444e-11,0.0,0.0
UAV_0097,telemetry_03,50,50,275,30377.82504938608,1.0315973923507932e-11,0.0,0.0
UAV_0097,telemetry_04,5,5,275,-125.87442387411667,0.025135590348648592,-0.055471218351030416,-0.007680630233218721
UAV_0097,telemetry_04,20,20,275,-125.9114404612476,0.0933855115772261,-0.04409250689442956,0.005219384532427097
UAV_0097,telemetry_04,50,50,275,-125.89352947459936,0.07793793550833653,-0.024179761845331882,-0.0007259204019742572
UAV_0097,telemetry_05,5,5,275,-113.52585056291191,0.002666332298967678,0.00541856784069239,0.000827746908768745
UAV_0097,telemetry_05,20,20,275,-113.52591497109134,0.002914078707537046,0.0017072054849336382,1.6439343183083794e-05
UAV_0097,telemetry_05,50,50,275,-113.52599442960822,0.002949426917382,0.005522335309393611,3.5608028142638436e-05
UAV_0097,telemetry_06,5,5,275,-143.52181734574546,0.6258640338780485,-1.2511353611355958,-0.21127781323680778
UAV_0097,telemetry_06,20,20,275,-142.7874797891871,0.7503352699544827,-2.202950050287825,-0.06995950962659754
UAV_0097,telemetry_06,50,50,275,-141.89832205911154,1.0750766171497714,-3.6619817777382195,-0.054180128246098275
UAV_0097,telemetry_07,5,5,275,140.71160362240556,0.04707604124451628,0.08594869902555047,0.025784609707665142
UAV_0097,telemetry_07,20,20,275,140.6901164476492,0.031487095187570084,0.08594869902555047,0.0022618078690934333
UAV_0097,telemetry_07,50,50,275,140.6823810647369,0.02061891562549892,0.08594869902555047,0.0005158985535747327
UAV_0097,telemetry_08,5,5,275,-4680.605940223165,0.0,0.0,0.0
UAV_0097,telemetry_08,20,20,275,-4680.605940223164,9.331218753551675e-13,0.0,0.0
UAV_0097,telemetry_08,50,50,275,-4680.605940223166,9.187283872526776e-13,0.0,0.0
UAV_0097,telemetry_09,5,5,275,-155.32447088068938,12.254032641617291,-14.957179855778719,-3.5133350781903148
UAV_0097,telemetry_09,20,20,275,-152.91069269822904,9.670183242518663,-16.608235144572376,-0.26653172768484673
UAV_0097,telemetry_09,50,50,275,-152.72523724371098,8.954595648254534,-0.37421033077234256,0.010705977056473727
UAV_0097,telemetry_10,5,5,275,-61.87767576933692,1.1588784691050489,0.10952385270576315,-0.24331420069449408
UAV_0097,telemetry_10,20,20,275,-61.47797312241941,4.212984833103615,0.2158114023012132,-0.15618348933043041
UAV_0097,telemetry_10,50,50,275,-62.15020853598741,3.693517275751622,0.08631136310942367,0.0072346149089560375
UAV_0097,telemetry_11,5,5,275,61.52002985043723,0.08480838825230667,0.03044838651108961,0.002296983543818243
UAV_0097,telemetry_11,20,20,275,61.86067044975507,1.0232413580551427,-0.0934818884112687,-0.05463776286172091
UAV_0097,telemetry_11,50,50,275,61.80298313451214,0.9203979045332257,-0.39262393132734275,-0.0009658510020605324
UAV_0097,telemetry_12,5,5,275,646.5701676658953,0.7509973513716147,-1.3317565618942808,-0.3329391404735588
UAV_0097,telemetry_12,20,20,275,645.3782455429999,1.1237997169011682,-0.26635131237890164,0.10644039287921434
UAV_0097,telemetry_12,50,50,275,643.5497437835194,2.2133045405147516,6.925134121849851,0.12543132391353112
UAV_0097,telemetry_13,5,5,275,7143.357218240822,2.615470222846529,4.69050575475012,1.476888782453352
UAV_0097,telemetry_13,20,20,275,7141.066044108031,2.7167273497131643,1.6419483940808277,0.17591631808208785
UAV_0097,telemetry_13,50,50,275,7139.165167292804,3.6748791618181067,13.818186384712135,0.15020390312931473
UAV_0097,telemetry_14,5,5,275,-648.8153498138018,0.0,0.0,0.0
UAV_0097,telemetry_14,20,20,275,-648.8153498138018,0.0,0.0,0.0
UAV_0097,telemetry_14,50,50,275,-648.8153498138018,0.0,0.0,0.0
UAV_0097,telemetry_15,5,5,275,50330.10495529194,26.508646528076234,-0.4934187446197029,6.284921259467228
UAV_0097,telemetry_15,20,20,275,50283.64958048691,35.25300351108946,98.56039423585025,5.156411376943102
UAV_0097,telemetry_15,50,50,275,50211.945968520195,68.21263870341824,195.39382286556065,4.4656765744921385
UAV_0097,telemetry_16,5,5,275,-702.2301558128618,2.9020513277334152,1.7343073863319205,0.6937229545327682
UAV_0097,telemetry_16,20,20,275,-701.0161406424295,2.4591269804429583,0.0,-0.2164624256624839
UAV_0097,telemetry_16,50,50,275,-699.2818332560978,2.604408911695214,-5.202922158995875,-0.13216546564748216
UAV_0097,telemetry_17,5,5,275,40.41581228213973,0.0,0.0,0.0
UAV_0097,telemetry_17,20,20,275,40.41581228213973,2.6081549307328006e-14,0.0,0.0
UAV_0097,telemetry_17,50,50,275,40.41581228213974,2.172325512771138e-14,0.0,0.0
UAV_0097,telemetry_18,5,5,275,-103.22520091353218,0.04228153945024262,-0.08318981319244756,-0.01689132562893576
UAV_0097,telemetry_18,20,20,275,-103.1879998712938,0.04450430109808651,0.0017567494612933388,-0.002716522952376972
UAV_0097,telemetry_18,50,50,275,-103.17212553147108,0.04023126438736957,-0.15796907824800144,-0.0010362345379895902
UAV_0097,telemetry_19,5,5,275,33511.0807987259,0.5240706202874406,0.9722398284720839,0.2315774606759078
UAV_0097,telemetry_19,20,20,275,33510.23051280999,0.7827612254871857,2.287394772087282,0.11098433104404984
UAV_0097,telemetry_19,50,50,275,33508.64150443173,1.5277448515419547,4.413980743629509,0.09896865730190411
UAV_0097,telemetry_20,5,5,275,-164.8973841769026,0.0,0.0,0.0
UAV_0097,telemetry_20,20,20,275,-164.89738417690256,2.9160058604848984e-14,0.0,0.0
UAV_0097,telemetry_20,50,50,275,-164.8973841769026,0.0,0.0,0.0
UAV_0097,telemetry_21,5,5,275,34968.237530297156,0.6775467924483622,-1.1772300792508759,-0.17658451188763138
UAV_0097,telemetry_21,20,20,275,34966.913146458,1.01906390260904,2.795921438213554,0.14582605680901686
UAV_0097,telemetry_21,50,50,275,34965.45632423493,1.5232586555281424,5.2975353566143895,0.09896222845055681
UAV_0097,telemetry_22,5,5,275,23258.967881016426,86.58049262368075,218.52253512919197,50.65352364294667
UAV_0097,telemetry_22,20,20,275,23207.41113089494,75.73722657569924,160.9782675451679,6.275485254446966
UAV_0097,telemetry_22,50,50,275,23148.832523311306,83.20475999400765,319.62562804896515,3.948774788297583
UAV_0097,telemetry_23,5,5,275,-17490.848480116892,10.47654662262745,-27.571086684933107,-5.0047825541943896
UAV_0097,telemetry_23,20,20,275,-17474.787712272613,13.675396786634263,-54.62124214598953,-1.9836049410701082
UAV_0097,telemetry_23,50,50,275,-17449.239619111286,24.612667224654935,-100.71619364966682,-1.5946859577066526
UAV_0097,telemetry_24,5,5,275,-3745.5236544008962,5.25298428240918,-11.170354616957411,-2.533014154384682
UAV_0097,telemetry_24,20,20,275,-3714.704830433229,83.8036905940663,-29.393985963968134,-5.218759792703689
UAV_0097,telemetry_24,50,50,275,-3711.4554259374763,65.42286763123982,-61.15337453358961,-0.6329902616348695
UAV_0097,telemetry_25,5,5,275,-174.3025317567817,0.21203259427728793,0.4861363872054767,0.06684375324075234
UAV_0097,telemetry_25,20,20,275,-173.93641029016763,0.4082660084278634,-0.39498581460441073,-0.05704335332951232
UAV_0097,telemetry_25,50,50,275,-173.3405893805989,0.6198631028771906,-1.4280256374160274,-0.03790317287878335
UAV_0097,telemetry_26,5,5,275,-7674.508999004497,9.017797294916342,-24.686347889769422,-4.521046270509942
UAV_0097,telemetry_26,20,20,275,-7649.040438347291,20.72175188494867,-66.30867863415187,-3.4073764408966585
UAV_0097,telemetry_26,50,50,275,-7610.763681843086,36.717055057406846,-124.86699223314281,-2.461984037779804
UAV_0097,telemetry_27,5,5,275,969.0302044744709,1.2710574864626038e-13,0.0,0.0
UAV_0097,telemetry_27,20,20,275,969.0302044744709,1.1664023441939594e-13,0.0,0.0
UAV_0097,telemetry_27,50,50,275,969.0302044744708,0.0,0.0,0.0
UAV_0097,telemetry_28,5,5,275,-9897.963064471634,16.345924447822387,18.29810374394401,1.2868976745559848
UAV_0097,telemetry_28,20,20,275,-9871.6040138719,28.690219047181962,-18.063651508195107,-2.5405905707251093
UAV_0097,telemetry_28,50,50,275,-9830.336256410474,46.00077718349375,-107.14023826547054,-2.610106110215183
UAV_0098,telemetry_01,5,5,307,88.5757814517327,14.286976684507405,10.25746178484198,-0.31774781582118833
UAV_0098,telemetry_01,20,20,307,89.82686038148267,12.005376678674658,12.915698794857803,-0.41232323876518207
UAV_0098,telemetry_01,50,50,307,89.03163375703019,10.41013976873184,15.225105865092914,0.028284531215979354
UAV_0098,telemetry_02,5,5,307,15.486041122086993,3.669716829914409,-0.16965554250384152,0.006953246614360964
UAV_0098,telemetry_02,20,20,307,10.595288725352109,6.815052215829741,-3.3321226169375002,0.25931293080321643
UAV_0098,telemetry_02,50,50,307,11.133867385816409,6.918749854659357,-0.38304040450407584,-0.043983763301141635
UAV_0098,telemetry_03,5,5,307,30377.82504938608,0.0,0.0,0.0
UAV_0098,telemetry_03,20,20,307,30377.825049386087,7.46497500284134e-12,0.0,0.0
UAV_0098,telemetry_03,50,50,307,30377.82504938608,5.716823839715549e-12,0.0,0.0
UAV_0098,telemetry_04,5,5,307,-125.9145338320013,0.0364518579933215,-0.011378711456643487,-0.004267016796238465
UAV_0098,telemetry_04,20,20,307,-125.90592868146223,0.039754510416903976,-0.011378711456643487,-0.001710015001799868
UAV_0098,telemetry_04,50,50,307,-125.89043128590426,0.06472433069029991,-0.03555847330196116,-0.001239549417324557
UAV_0098,telemetry_05,5,5,307,-113.52425981905849,0.0022454437203663913,-0.001863855231235334,0.0001924169030459666
UAV_0098,telemetry_05,20,20,307,-113.5250579247888,0.0023324261237417307,0.0009145448711223025,-4.731473904821174e-05
UAV_0098,telemetry_05,50,50,307,-113.5258038444934,0.0025115562714437046,0.003542621948042779,3.7332032487956994e-05
UAV_0098,telemetry_06,5,5,307,-142.99681640141313,0.544741884155913,-0.8190615877705056,-0.18610481948425103
UAV_0098,telemetry_06,20,20,307,-142.15427254335108,0.7714358484737135,-1.5592227473612468,-0.09496771551748011
UAV_0098,telemetry_06,50,50,307,-141.74062139377205,0.8322866915109831,-1.8385052153625168,-0.030101688309778805
UAV_0098,telemetry_07,5,5,307,140.71160362240556,0.04707604124451628,0.08594869902555047,0.008594869902555046
UAV_0098,telemetry_07,20,20,307,140.6858190126979,0.026454451377029148,0.08594869902555047,0.002067938623171139
UAV_0098,telemetry_07,50,50,307,140.68066209075639,0.01701343012076561,0.08594869902555047,0.00037970133543100326
UAV_0098,telemetry_08,5,5,307,-4680.605940223165,0.0,0.0,0.0
UAV_0098,telemetry_08,20,20,307,-4680.605940223164,9.331218753551675e-13,0.0,0.0
UAV_0098,telemetry_08,50,50,307,-4680.605940223166,9.187283872526776e-13,0.0,0.0
UAV_0098,telemetry_09,5,5,307,-152.51300229074718,7.920674164950584,11.673207271016821,2.6046317834036614
UAV_0098,telemetry_09,20,20,307,-152.79285760742945,7.893597047025918,4.764458731705929,-0.08675585369048787
UAV_0098,telemetry_09,50,50,307,-151.9433630477865,8.127772382716866,15.582367858230754,-0.11397094119023699
UAV_0098,telemetry_10,5,5,307,-62.29988516228908,1.1103150346451969,-1.6196342047076797,-0.28333164610268113
UAV_0098,telemetry_10,20,20,307,-62.157517838080125,1.1830347912123964,1.2167438345407007,-0.006467235041884707
UAV_0098,telemetry_10,50,50,307,-62.50622216697368,1.858461991841054,-0.3060027041008624,0.01784277425074177
UAV_0098,telemetry_11,5,5,307,61.53701684501713,0.07385308258557749,0.11591754162997603,0.020993361226074824
UAV_0098,telemetry_11,20,20,307,61.622592836579884,0.10641538143791342,-0.2857874874287347,-0.010851530230271307
UAV_0098,telemetry_11,50,50,307,61.85677665284801,0.6070832190817339,-0.5234985751031118,-0.01785745113491779
UAV_0098,telemetry_12,5,5,307,645.6113029413315,0.28871794261355976,0.13317565618945082,-0.013317565618945083
UAV_0098,telemetry_12,20,20,307,644.712367262053,1.2667171982681842,3.0630400923566867,0.08300948795566161
UAV_0098,telemetry_12,50,50,307,643.4591843373104,1.7929997701693383,2.929864436167236,0.0804617577995337
UAV_0098,telemetry_13,5,5,307,7143.4768065398475,2.0657662411132955,-0.7598690316808643,0.005932336243859027
UAV_0098,telemetry_13,20,20,307,7142.415752490585,3.4745637026028113,5.942671430519113,0.20362252464830025
UAV_0098,telemetry_13,50,50,307,7139.750828166894,4.482407267348503,11.506819393291153,0.20397303036916167
UAV_0098,telemetry_14,5,5,307,-648.8153498138018,0.0,0.0,0.0
UAV_0098,telemetry_14,20,20,307,-648.8153498138018,0.0,0.0,0.0
UAV_0098,telemetry_14,50,50,307,-648.8153498138018,0.0,0.0,0.0
UAV_0098,telemetry_15,5,5,307,50327.09510094983,20.479060642756444,16.467850601358805,8.480634672984888
UAV_0098,telemetry_15,20,20,307,50277.56819445959,37.3716699695117,54.21438456402393,5.442909591623689
UAV_0098,telemetry_15,50,50,307,50225.077074861125,56.07634357987762,188.85602449947328,3.5791132655618276
UAV_0098,telemetry_16,5,5,307,-702.2301558128618,1.9774146614635724,-1.7343073863319205,-0.6937229545327682
UAV_0098,telemetry_16,20,20,307,-700.929425273113,1.971401222314388,-1.7343073863319205,-0.13691900418410188
UAV_0098,telemetry_16,50,50,307,-699.4899501424574,1.9091855134241298,-5.202922158995875,-0.084695827702262
UAV_0098,telemetry_17,5,5,307,40.41581228213973,0.0,0.0,0.0
UAV_0098,telemetry_17,20,20,307,40.41581228213974,7.290014651212246e-15,0.0,0.0
UAV_0098,telemetry_17,50,50,307,40.41581228213973,1.522591576628786e-14,0.0,0.0
UAV_0098,telemetry_18,5,5,307,-103.0674634135705,0.004681594665022139,-0.004403946176978479,-0.0004903034055317335
UAV_0098,telemetry_18,20,20,307,-103.0415597301708,0.040118367912809864,-0.015512151435359556,-0.0031383407892036316
UAV_0098,telemetry_18,50,50,307,-103.0253358054669,0.043590075586990705,-0.09088325069822645,-0.001056040603816848
UAV_0098,telemetry_19,5,5,307,33510.88716745068,0.6264329681415717,0.300766630047292,0.2208782209592755
UAV_0098,telemetry_19,20,20,307,33510.131021927446,0.7904875173170097,1.56496187295852,0.10673522569937303
UAV_0098,telemetry_19,50,50,307,33508.74105516576,1.3723967866168671,4.593081656450522,0.08715342608781744
UAV_0098,telemetry_20,5,5,307,-164.8973841769026,0.0,0.0,0.0
UAV_0098,telemetry_20,20,20,307,-164.89738417690256,2.9160058604848984e-14,0.0,0.0
UAV_0098,telemetry_20,50,50,307,-164.8973841769026,0.0,0.0,0.0
UAV_0098,telemetry_21,5,5,307,34967.70777676148,0.3355622015097873,0.29430751981271897,0.11772300792436
UAV_0098,telemetry_21,20,20,307,34966.83956957805,0.7018381053877271,1.7658451188690378,0.09891388071859579
UAV_0098,telemetry_21,50,50,307,34965.600534919635,1.2667858160278749,4.267459037269873,0.08247676761684337
UAV_0098,telemetry_22,5,5,307,23221.935595396528,29.348443349692,9.032264785339066,-3.146724505860766
UAV_0098,telemetry_22,20,20,307,23201.28521582682,49.666153403715256,139.126014032252,4.237584619820927
UAV_0098,telemetry_22,50,50,307,23165.85979924857,73.10239937330122,166.95121683870093,3.0580213207323172
UAV_0098,telemetry_23,5,5,307,-17497.03000754509,4.656515788949863,-11.752529496359784,-2.9264657347939647
UAV_0098,telemetry_23,20,20,307,-17475.550886821817,17.217469005584874,-44.518780138409056,-2.4410937173089273
UAV_0098,telemetry_23,50,50,307,-17454.043868475,22.79836701965122,-82.45638449268517,-1.439650111575314
UAV_0098,telemetry_24,5,5,307,-3739.3103399132574,2.9875247849557875,-1.6307765385540733,0.1569289075866891
UAV_0098,telemetry_24,20,20,307,-3728.030229228698,8.630100775087733,-23.449636629241013,-1.3665513658131365
UAV_0098,telemetry_24,50,50,307,-3716.7586220936996,33.62268890665605,-54.69681393282872,-0.5856912013069715
UAV_0098,telemetry_25,5,5,307,-174.22961129870092,0.43629725134602754,-0.30383524200343004,-0.10330398228116451
UAV_0098,telemetry_25,20,20,307,-173.95008287605773,0.3658527999788916,-0.24306819360276677,-0.041531764658812434
UAV_0098,telemetry_25,50,50,307,-173.48096126240446,0.5327465408651011,-1.2153409680136633,-0.030971498282105343
UAV_0098,telemetry_26,5,5,307,-7670.260650763003,5.035262796378482,-13.921952007603068,-2.927915679949547
UAV_0098,telemetry_26,20,20,307,-7643.787413156792,19.36991185440554,-58.558313598990026,-3.231908694486595
UAV_0098,telemetry_26,50,50,307,-7610.637379598068,32.743871526257884,-114.24612162940412,-2.198752129769545
UAV_0098,telemetry_27,5,5,307,969.0302044744709,1.2710574864626038e-13,0.0,0.0
UAV_0098,telemetry_27,20,20,307,969.0302044744709,1.1664023441939594e-13,0.0,0.0
UAV_0098,telemetry_27,50,50,307,969.0302044744708,0.0,0.0,0.0
UAV_0098,telemetry_28,5,5,307,-9899.629585685716,21.24582410130285,-45.315278291731374,-8.996116755263756
UAV_0098,telemetry_28,20,20,307,-9875.326166555456,30.915918577796344,-81.86039674343374,-3.53178434758828
UAV_0098,telemetry_28,50,50,307,-9841.367319597754,43.416622843743575,-103.6460235600407,-2.2807706096074614
UAV_0099,telemetry_01,5,5,145,87.14829060921048,20.963975947332347,34.33128244432845,3.801150544646744
UAV_0099,telemetry_01,20,20,145,85.57536463582304,13.41902734430707,20.845075703334118,0.420228798897726
UAV_0099,telemetry_01,50,50,145,86.39497695915057,10.821940034154405,15.243375679235328,-0.015980129058975508
UAV_0099,telemetry_02,5,5,145,10.970177224410351,8.80617184747932,14.301121537672602,2.548756160427001
UAV_0099,telemetry_02,20,20,145,10.67834604261709,7.9731011837463015,7.929739336830178,0.0020464165642295885
UAV_0099,telemetry_02,50,50,145,11.162899137270916,7.363044757417631,19.97368643982641,-0.03819598467484213
UAV_0099,telemetry_03,5,5,145,30377.82504938608,0.0,0.0,0.0
UAV_0099,telemetry_03,20,20,145,30377.825049386087,7.46497500284134e-12,0.0,0.0
UAV_0099,telemetry_03,50,50,145,30377.82504938608,0.0,0.0,0.0
UAV_0099,telemetry_04,5,5,145,-125.9071376695545,0.0376261746233399,0.07965098019637651,0.020623914515135768
UAV_0099,telemetry_04,20,20,145,-125.89540337336487,0.025777318091383686,-0.007111694660380863,-0.0014362414930677414
UAV_0099,telemetry_04,50,50,145,-125.89001270881226,0.030011509672238847,0.05973823514730725,-0.00019806880686804035
UAV_0099,telemetry_05,5,5,145,-113.5264066523143,0.0018068854305792383,0.000849810516356797,8.595143037695152e-05
UAV_0099,telemetry_05,20,20,145,-113.52535101418216,0.0024831642706817435,0.0034128868214367003,-3.70833923091974e-05
UAV_0099,telemetry_05,50,50,145,-113.5256425879965,0.0024684626879112985,0.0017986158194389645,1.5867636024407067e-05
UAV_0099,telemetry_06,5,5,145,-134.5271685332572,0.890759586830313,-1.7132664404739444,-0.3504180921378747
UAV_0099,telemetry_06,20,20,145,-134.5949853298593,1.014467788377709,-0.8353426285058845,0.058254863221608735
UAV_0099,telemetry_06,50,50,145,-135.24513738193767,1.0362006826242673,1.2786878916110709,0.04451536328342253
UAV_0099,telemetry_07,5,5,145,140.5912754437698,0.0,0.0,0.0
UAV_0099,telemetry_07,20,20,145,140.59127544376983,2.9160058604848984e-14,0.0,0.0
UAV_0099,telemetry_07,50,50,145,140.59127544376977,2.8710262101646174e-14,0.0,0.0
UAV_0099,telemetry_08,5,5,145,-4680.605940223165,0.0,0.0,0.0
UAV_0099,telemetry_08,20,20,145,-4680.605940223164,9.331218753551675e-13,0.0,0.0
UAV_0099,telemetry_08,50,50,145,-4680.605940223166,9.187283872526776e-13,0.0,0.0
UAV_0099,telemetry_09,5,5,145,-147.22052348318655,5.279581207102345,9.32649930527458,2.6617354183858426
UAV_0099,telemetry_09,20,20,145,-154.25237623977813,9.050236270972444,14.047599817959423,0.2821248713845641
UAV_0099,telemetry_09,50,50,145,-153.9135704153499,9.829293443990943,-5.379674523562073,0.00518507437348939
UAV_0099,telemetry_10,5,5,145,-62.23765063270166,1.1420928735417517,-1.9448413115159795,-0.4190313519717961
UAV_0099,telemetry_10,20,20,145,-62.427783858522254,1.2398534074939866,-2.213524996397389,-0.013434348902628712
UAV_0099,telemetry_10,50,50,145,-62.49701440744604,1.2485728404738314,-1.3180494750610947,-0.0026304678313147788
UAV_0099,telemetry_11,5,5,145,63.12417905557463,0.08245929227009827,-0.027777475413635955,0.0052884039729789835
UAV_0099,telemetry_11,20,20,145,63.07222983472892,0.08698213232191433,0.08066151514344,0.008732875186793776
UAV_0099,telemetry_11,50,50,145,62.94797370865267,0.1486719055909343,0.13514810153172618,0.007522029529662178
UAV_0099,telemetry_12,5,5,145,631.1484266791604,1.2794570034029882,-3.462567060925039,-0.7324661090418203
UAV_0099,telemetry_12,20,20,145,631.2349908556837,1.4810130113262348,-5.193850591387445,-0.11405043037575327
UAV_0099,telemetry_12,50,50,145,632.1792062580666,1.678873706384875,-4.527972310440418,-0.07067102888592025
UAV_0099,telemetry_13,5,5,145,7146.7692561263775,3.9841550886370745,7.85062132798339,0.9343897212559569
UAV_0099,telemetry_13,20,20,145,7146.353453389294,3.395970427633073,8.466813608094526,0.07655493031524496
UAV_0099,telemetry_13,50,50,145,7144.3003285634695,3.930160876431084,7.19687864657044,0.13897691595633957
UAV_0099,telemetry_14,5,5,145,-648.8153498138018,0.0,0.0,0.0
UAV_0099,telemetry_14,20,20,145,-648.8153498138018,0.0,0.0,0.0
UAV_0099,telemetry_14,50,50,145,-648.8153498138018,0.0,0.0,0.0
UAV_0099,telemetry_15,5,5,145,49991.039929464576,24.33605388506525,-11.348631126027612,-7.154571796844539
UAV_0099,telemetry_15,20,20,145,49997.69799864966,19.3153018760798,-23.437390368970227,-1.0889992838041453
UAV_0099,telemetry_15,50,50,145,49999.50699512208,20.44234176713628,0.18503202922875062,-0.2554878426473174
UAV_0099,telemetry_16,5,5,145,-702.5770172901282,0.9499192771418197,1.7343073863319205,0.5202922158995762
UAV_0099,telemetry_16,20,20,145,-701.0161406424295,2.1128751116360873,-5.202922158995875,-0.15908684295676434
UAV_0099,telemetry_16,50,50,145,-699.8714977674506,2.375379704888659,-6.937229545327796,-0.08694438949966651
UAV_0099,telemetry_17,5,5,145,40.41581228213973,0.0,0.0,0.0
UAV_0099,telemetry_17,20,20,145,40.41581228213974,7.290014651212246e-15,0.0,0.0
UAV_0099,telemetry_17,50,50,145,40.41581228213974,7.177565525411544e-15,0.0,0.0
UAV_0099,telemetry_18,5,5,145,-103.32517514995246,0.005996837417294566,0.014622594263002497,0.0030926786124481965
UAV_0099,telemetry_18,20,20,145,-103.32574534535422,0.004747544230300836,0.011994056090102845,0.00019550005507746582
UAV_0099,telemetry_18,50,50,145,-103.32657706226748,0.0057144102140997185,0.017633133903956377,1.6619366505278805e-05
UAV_0099,telemetry_19,5,5,145,33507.45686524647,0.24071694758784412,0.05585193307342706,-0.03844637208239874
UAV_0099,telemetry_19,20,20,145,33507.04303370949,0.42335300102462603,0.4428015964876977,0.03493125974327585
UAV_0099,telemetry_19,50,50,145,33506.66382212904,0.5688047872657067,0.4326538904206245,0.024861551703773254
UAV_0099,telemetry_20,5,5,145,-164.8973841769026,0.0,0.0,0.0
UAV_0099,telemetry_20,20,20,145,-164.89738417690256,2.9160058604848984e-14,0.0,0.0
UAV_0099,telemetry_20,50,50,145,-164.8973841769026,0.0,0.0,0.0
UAV_0099,telemetry_21,5,5,145,34964.058363515825,0.47226958324795265,1.0300763193445164,0.17658451188690377
UAV_0099,telemetry_21,20,20,145,34963.85234825195,0.5788529193259394,2.2073063985881163,0.06306589710253949
UAV_0099,telemetry_21,50,50,145,34963.40500082185,0.6424334730678504,0.8829225594308809,0.030398822334487204
UAV_0099,telemetry_22,5,5,145,23239.592216234967,29.53575461391347,62.35176335686265,7.123834645211536
UAV_0099,telemetry_22,20,20,145,23226.269625676592,58.13047966614302,199.87527879816844,4.20406687759075
UAV_0099,telemetry_22,50,50,145,23168.820051191127,74.27421742562268,190.84301401282937,3.3273767970864836
UAV_0099,telemetry_23,5,5,145,-17396.481773725427,4.182298875357024,2.132329265390581,-0.6134210092252033
UAV_0099,telemetry_23,20,20,145,-17386.43388031731,8.710874878011193,-9.367689025868458,-0.512703325623987
UAV_0099,telemetry_23,50,50,145,-17382.663377102428,8.934290445532383,-9.224272060400835,-0.24982365592925723
UAV_0099,telemetry_24,5,5,145,-3627.399980641379,2.3951082210194405,5.818636094128124,1.3863703324483594
UAV_0099,telemetry_24,20,20,145,-3630.290298273771,3.248218756153852,11.203372254426995,0.39269000397871595
UAV_0099,telemetry_24,50,50,145,-3632.9312268761655,3.950392394758682,10.3441116448289,0.19741177522237638
UAV_0099,telemetry_25,5,5,145,-174.15669084062006,0.4680443592376723,-0.8811222018098874,-0.2521832508628307
UAV_0099,telemetry_25,20,20,145,-174.0412334486588,0.3439481616456575,-0.972272774410925,-0.021793896306109336
UAV_0099,telemetry_25,50,50,145,-173.69911496616294,0.44821283749577556,-1.5799432584177566,-0.021553700024568547
UAV_0099,telemetry_26,5,5,145,-7439.730348550501,2.35530185838329,1.0046769490027145,0.12917275058598535
UAV_0099,telemetry_26,20,20,145,-7444.732204503746,6.055852866153461,5.166910023440323,0.5759356473496613
UAV_0099,telemetry_26,50,50,145,-7450.38853572663,7.121197284739886,21.24174120747739,0.3583755559675594
UAV_0099,telemetry_27,5,5,145,969.0302044744709,1.2710574864626038e-13,0.0,0.0
UAV_0099,telemetry_27,20,20,145,969.0302044744709,1.1664023441939594e-13,0.0,0.0
UAV_0099,telemetry_27,50,50,145,969.0302044744708,0.0,0.0,0.0
UAV_0099,telemetry_28,5,5,145,-9910.59070550155,36.919088274953374,52.19823580615048,5.537390592576594
UAV_0099,telemetry_28,20,20,145,-9905.094661843159,33.84329392629145,55.97203424802501,-2.042736831841081
UAV_0099,telemetry_28,50,50,145,-9874.139782340553,41.60758182431989,-18.6080887796179,-1.9732743908567576
UAV_0100,telemetry_01,5,5,152,81.75384433031113,6.397985651167756,-2.553526785177013,1.0395947468800615
UAV_0100,telemetry_01,20,20,152,83.92877420180614,12.7031459553956,11.563771150579356,0.30521603775413014
UAV_0100,telemetry_01,50,50,152,83.63809892971229,11.542444502094165,5.5176817587036595,0.06254607602001996
UAV_0100,telemetry_02,5,5,152,14.068672655886832,11.843285278083007,-4.621141595313498,-1.2863307465448155
UAV_0100,telemetry_02,20,20,152,12.615499536380494,8.07584008939078,-16.647322531057476,-0.22629858074708126
UAV_0100,telemetry_02,50,50,152,12.601281362545176,8.78596612818942,-5.066201839008316,-0.08165226199678743
UAV_0100,telemetry_03,5,5,152,30377.82504938608,0.0,0.0,0.0
UAV_0100,telemetry_03,20,20,152,30377.825049386087,7.46497500284134e-12,0.0,0.0
UAV_0100,telemetry_03,50,50,152,30377.82504938608,0.0,0.0,0.0
UAV_0100,telemetry_04,5,5,152,-125.88921619901032,0.03265809127120787,-0.02275742291325855,0.0035558473301946945
UAV_0100,telemetry_04,20,20,152,-125.89824805122903,0.03476133802789808,0.011378711456643487,0.0014768797482708088
UAV_0100,telemetry_04,50,50,152,-125.90068025080286,0.031157922967759058,-0.0369808122340487,0.00014062885287619294
UAV_0100,telemetry_05,5,5,152,-113.52492797029193,0.0032362839281339303,0.0052900114560401335,0.0016848193249856536
UAV_0100,telemetry_05,20,20,152,-113.52628244052259,0.002390941096797583,0.001019650718475873,0.0001283720370996495
UAV_0100,telemetry_05,50,50,152,-113.52592502069187,0.0022675304248696666,0.004508129424195317,-2.3166985897243936e-06
UAV_0100,telemetry_06,5,5,152,-133.74517762285373,0.7408598147913693,-1.522903502643544,-0.43069614684137036
UAV_0100,telemetry_06,20,20,152,-134.76487172799548,1.0739153170040656,0.6487368539221166,0.08257849325276098
UAV_0100,telemetry_06,50,50,152,-135.33520910883743,0.9702965703218712,1.1897683614402013,0.039519884736059004
UAV_0100,telemetry_07,5,5,152,140.5912754437698,0.0,0.0,0.0
UAV_0100,telemetry_07,20,20,152,140.59127544376983,2.9160058604848984e-14,0.0,0.0
UAV_0100,telemetry_07,50,50,152,140.59127544376977,2.8710262101646174e-14,0.0,0.0
UAV_0100,telemetry_08,5,5,152,-4680.605940223165,0.0,0.0,0.0
UAV_0100,telemetry_08,20,20,152,-4680.605940223164,9.331218753551675e-13,0.0,0.0
UAV_0100,telemetry_08,50,50,152,-4680.605940223166,9.187283872526776e-13,0.0,0.0
UAV_0100,telemetry_09,5,5,152,-154.10487128198093,14.808016172083027,11.366941681022155,4.267729584856329
UAV_0100,telemetry_09,20,20,152,-156.25326917809582,10.728138489908387,16.62300444077229,0.19831341968395338
UAV_0100,telemetry_09,50,50,152,-154.15780991730406,10.033184200333391,12.661146843490855,-0.12494403765972127
UAV_0100,telemetry_10,5,5,152,-62.79381888990715,1.9957126373778267,0.6928365910932754,0.5084344918502005
UAV_0100,telemetry_10,20,20,152,-62.52974350776234,1.2271083921105996,1.406579475368659,-0.022120432342349807
UAV_0100,telemetry_10,50,50,152,-62.53959417905688,1.107543044958095,0.5316431428566233,-0.0036021811166407416
UAV_0100,telemetry_11,5,5,152,63.05655158658682,0.03665362056200325,0.06089677302220764,0.010790480833759376
UAV_0100,telemetry_11,20,20,152,63.021776324097836,0.10046900368133185,0.22168562108959122,0.005320133593537023
UAV_0100,telemetry_11,50,50,152,62.91588004090554,0.12822971283259008,0.36377809147472107,0.006473313761991206
UAV_0100,telemetry_12,5,5,152,630.5358186606893,1.287747308301881,1.5981078742731825,0.06658782809472541
UAV_0100,telemetry_12,20,20,152,631.5412948649192,1.4392021628980938,1.8644591866518567,-0.10163405340771536
UAV_0100,telemetry_12,50,50,152,632.5574251216445,1.4877793606108085,-1.0654052495153792,-0.06664218550539869
UAV_0100,telemetry_13,5,5,152,7147.977820123515,2.831961637682703,-1.3135936646294795,0.46829675180815683
UAV_0100,telemetry_13,20,20,152,7146.0831052741605,3.9381429234254717,-1.0790768285396553,0.25070951018714455
UAV_0100,telemetry_13,50,50,152,7142.587219530177,4.536033239932801,6.498038934323631,0.20578349356002368
UAV_0100,telemetry_14,5,5,152,-648.8153498138018,0.0,0.0,0.0
UAV_0100,telemetry_14,20,20,152,-648.8153498138018,0.0,0.0,0.0
UAV_0100,telemetry_14,50,50,152,-648.8153498138018,0.0,0.0,0.0
UAV_0100,telemetry_15,5,5,152,50006.63196179426,21.2447068806135,-6.784507738389948,-3.281234651656996
UAV_0100,telemetry_15,20,20,152,49999.061067931645,16.728760153910848,11.842049870632763,1.210406264385846
UAV_0100,telemetry_15,50,50,152,49988.01403901326,21.671951793197543,22.758939595136326,0.7635877200126231
UAV_0100,telemetry_16,5,5,152,-700.1489869492636,1.4510256638667485,-3.4686147726639547,-0.693722954532791
UAV_0100,telemetry_16,20,20,152,-700.9294252731129,1.8036621279813219,0.0,0.03520774393305394
UAV_0100,telemetry_16,50,50,152,-699.6633808810907,1.7811040296627294,-5.202922158995875,-0.060627888463369035
UAV_0100,telemetry_17,5,5,152,40.41581228213973,0.0,0.0,0.0
UAV_0100,telemetry_17,20,20,152,40.41581228213974,7.290014651212246e-15,0.0,0.0
UAV_0100,telemetry_17,50,50,152,40.41581228213974,7.177565525411544e-15,0.0,0.0
UAV_0100,telemetry_18,5,5,152,-103.32770644312544,0.005305783566006801,-0.005902314383547491,-0.0016987361128613543
UAV_0100,telemetry_18,20,20,152,-103.32709356346868,0.007313388674400045,-0.015401747928848408,-0.00019073465125562887
UAV_0100,telemetry_18,50,50,152,-103.32728520935962,0.005807448288721456,-0.00175978862840509,1.0235919306762302e-06
UAV_0100,telemetry_19,5,5,152,33507.565989169525,0.3372203210106753,-0.8427453688636888,-0.18333969426821567
UAV_0100,telemetry_19,20,20,152,33507.17185693137,0.4153533155938074,0.03217679353838321,0.027561383933548622
UAV_0100,telemetry_19,50,50,152,33506.611996872154,0.636417740929406,0.8207098278144258,0.03536824506378752
UAV_0100,telemetry_20,5,5,152,-164.8973841769026,0.0,0.0,0.0
UAV_0100,telemetry_20,20,20,152,-164.89738417690256,2.9160058604848984e-14,0.0,0.0
UAV_0100,telemetry_20,50,50,152,-164.8973841769026,0.0,0.0,0.0
UAV_0100,telemetry_21,5,5,152,34964.146655771765,0.180225812751303,0.14715375990635948,0.07357687995317974
UAV_0100,telemetry_21,20,20,152,34963.88177900395,0.3837300582065195,0.8829225594381569,0.04226521525131118
UAV_0100,telemetry_21,50,50,152,34963.334367017094,0.6433133686665338,1.1772300792508759,0.03547235893056565
UAV_0100,telemetry_22,5,5,152,23196.49957230749,50.477454796957744,44.14155209609817,10.547354362235637
UAV_0100,telemetry_22,20,20,152,23197.184276250897,64.27361848868513,97.0240055973627,4.449973189051949
UAV_0100,telemetry_22,50,50,152,23166.218176206192,72.6603281394846,78.37674926633554,2.6330505168407004
UAV_0100,telemetry_23,5,5,152,-17386.630946154073,7.532070941030163,6.330232037078531,1.8168818349971843
UAV_0100,telemetry_23,20,20,152,-17382.795813203247,6.652640313112184,-6.435745748865884,-0.19845458558494491
UAV_0100,telemetry_23,50,50,152,-17375.051702966604,10.023243450489181,-23.751778634567017,-0.4898189523531518
UAV_0100,telemetry_24,5,5,152,-3627.97854117417,3.91239960577428,7.1066990128019825,2.2532238101595796
UAV_0100,telemetry_24,20,20,152,-3629.9694137077095,3.2889235535496932,13.729465515060838,0.3506312792754024
UAV_0100,telemetry_24,50,50,152,-3633.5242337647687,4.409689561150817,19.172332920841654,0.2458385657202008
UAV_0100,telemetry_25,5,5,152,-174.41798914874303,0.24777014166032987,0.45575286300515927,0.1154573919613057
UAV_0100,telemetry_25,20,20,152,-174.21897706523077,0.38082888078979127,-0.4557528630051024,-0.037442553507037075
UAV_0100,telemetry_25,50,50,152,-173.63105587195415,0.613233419190847,-1.5799432584176998,-0.036161135524871685
UAV_0100,telemetry_26,5,5,152,-7441.825817615562,3.6436768964528246,2.583455011719707,0.37316572391500813
UAV_0100,telemetry_26,20,20,152,-7446.734382137833,5.3096390137389395,11.76907283116816,0.596331344810566
UAV_0100,telemetry_26,50,50,152,-7452.2859399074605,6.79617486038559,18.227710360470155,0.35620458536947297
UAV_0100,telemetry_27,5,5,152,969.0302044744709,1.2710574864626038e-13,0.0,0.0
UAV_0100,telemetry_27,20,20,152,969.0302044744709,1.1664023441939594e-13,0.0,0.0
UAV_0100,telemetry_27,50,50,152,969.0302044744708,0.0,0.0,0.0
UAV_0100,telemetry_28,5,5,152,-9936.338099350725,32.107971285952814,-83.34484074085594,-14.900533848497071
UAV_0100,telemetry_28,20,20,152,-9910.747051162278,28.8741931425959,-72.06943126213991,-1.2225169406087044
UAV_0100,telemetry_28,50,50,152,-9872.133725517959,42.211753935757976,-169.99878170025295,-2.3230844711206102
