uav_id,channel,n_cycles,pearson_cycle,spearman_cycle,pearson_rul,spearman_rul,linear_slope_per_cycle,theil_sen_slope_per_cycle,first_value,last_value,last_minus_first,early_mean,late_mean,early_to_late_change,early_to_late_effect_size
UAV_0001,telemetry_01,259,0.8707822419975606,0.8787879625088926,-0.8707822419975606,-0.8787879625088926,0.34617430125867144,0.3290391073015843,-53.63786294882712,51.69630532950928,105.33416827833639,-38.4053285969634,33.8271289156804,72.2324575126438,2.4254995442066494
UAV_0001,telemetry_02,259,0.05819295414352041,0.061519812682603384,-0.05819295414352041,-0.061519812682603384,0.005764132689010125,-0.010131700124040147,20.03206728111687,8.476458324618044,-11.555608956498826,10.583036485897635,12.400257862623578,1.8172213767259429,0.2449053874566673
UAV_0001,telemetry_03,259,,,,,0.0,0.0,30377.82504938608,30377.82504938608,0.0,30377.825049386083,30377.825049386083,0.0,0.0
UAV_0001,telemetry_04,259,0.016763715846897065,-0.06564914291116694,-0.016763715846897065,0.06564914291116694,1.5596392761219155e-05,-8.081471204986327e-05,-125.88807832786463,-125.9563505966044,-0.06827226873976144,-125.89983896600185,-125.89511079704168,0.004728168960170365,0.0678411469831026
UAV_0001,telemetry_05,259,-0.018588535461194156,-0.010828078269938734,0.018588535461194156,0.010828078269938734,-6.330192020093754e-07,5.538464188066136e-07,-113.52228147330496,-113.52679993920744,-0.004518465902478397,-113.52604243550778,-113.52628541418835,-0.00024297868057487904,-0.09524682915749742
UAV_0001,telemetry_06,259,0.7932188226469951,0.7785869507974864,-0.7932188226469951,-0.7785869507974864,0.014470069245029223,0.014094412125550675,-137.75933083557825,-134.21507350623517,3.5442573293430826,-138.45430969868997,-135.38605605144213,3.068253647247843,2.245265628104477
UAV_0001,telemetry_07,259,,,,,0.0,0.0,140.5912754437698,140.5912754437698,0.0,140.59127544376977,140.59127544376977,0.0,
UAV_0001,telemetry_08,259,,,,,0.0,0.0,-4680.605940223184,-4680.605940223168,1.6370904631912708e-11,-4680.60594022318,-4680.605940223169,1.1823431123048067e-11,2.4821533404678267
UAV_0001,telemetry_09,259,0.011805081172511443,0.059869043589973824,-0.011805081172511443,-0.059869043589973824,0.0014422708534559533,0.010958551957870478,-155.8492610787426,-151.5586714516058,4.2905896271367965,-153.89921187692724,-152.03297537965946,1.8662364972677778,0.2039120525107421
UAV_0001,telemetry_10,259,-0.10524923975746142,-0.08118261374075326,0.10524923975746142,0.08118261374075326,-0.003721991783551367,0.0010139846732886001,-63.534983611055786,-62.609303442828285,0.9256801682275011,-62.250636344648015,-63.0498624192112,-0.7992260745631867,-0.3016944136692458
UAV_0001,telemetry_11,259,0.20318848849726712,0.6979940126608937,-0.20318848849726712,-0.6979940126608937,0.001740246205779887,0.0017997519461731921,62.57568075259925,63.14565318079824,0.5699724281989944,62.53713790377484,62.795935199434865,0.25879729566002396,0.40336870877557024
UAV_0001,telemetry_12,259,-0.7803794119238598,-0.7690050638154673,0.7803794119238598,0.7690050638154673,-0.026540939408888454,-0.026635131237882585,639.4585876253802,629.3372377549845,-10.121349870395761,637.9936554072967,632.3669839332937,-5.626671474003047,-2.208488480680648
UAV_0001,telemetry_13,259,0.6911906478297145,0.6592025196676359,-0.6911906478297145,-0.6592025196676359,0.052262192018995415,0.04744378228934093,7133.48721737453,7150.636189552772,17.14897217824182,7132.163020525589,7143.6153340343935,11.452313508804764,2.0218900143940486
UAV_0001,telemetry_14,259,,,,,0.0,0.0,-648.8153498138007,-648.8153498137997,1.0231815394945443e-12,-648.8153498138005,-648.8153498137998,6.821210263296962e-13,2.3914873661928677
UAV_0001,telemetry_15,259,-0.09672021971879918,-0.09150245087023144,0.09672021971879918,0.09150245087023144,-0.024638220092563373,0.009428024067692897,50043.626032171385,50067.248454569584,23.622422398198978,50073.15287406639,50068.08821531762,-5.0646587487717625,-0.2654068938872681
UAV_0001,telemetry_16,259,-0.7563686178711454,-0.7568539623876577,0.7563686178711454,0.7568539623876577,-0.028841435644673074,-0.02668165209741416,-692.8648959266694,-705.005047630993,-12.140151704323557,-693.8321058152007,-700.0689419929713,-6.236836177770556,-2.1834086702794235
UAV_0001,telemetry_17,259,,,,,0.0,0.0,40.41581228213973,40.41581228213973,0.0,40.41581228213973,40.41581228213973,0.0,0.0
UAV_0001,telemetry_18,259,0.933068063617752,0.9357712683294078,-0.933068063617752,-0.9357712683294078,0.005081814389121916,0.005368752958855413,-105.48396588180913,-104.0982426569088,1.3857232249003317,-105.24924997693755,-104.21555781359277,1.0336921633447815,2.5336103072061205
UAV_0001,telemetry_19,259,0.8224839382939211,0.8087767041255413,-0.8224839382939211,-0.8087767041255413,0.011220657589646747,0.01094906247602411,33504.04891490564,33507.12793917462,3.0790242689836305,33503.91549996811,33506.41596958412,2.5004696160103776,2.446722775919611
UAV_0001,telemetry_20,259,,,,,0.0,0.0,-164.8973841769026,-164.8973841769026,0.0,-164.89738417690256,-164.89738417690256,0.0,
UAV_0001,telemetry_21,259,0.8606196309386124,0.8732298975088678,-0.8606196309386124,-0.8732298975088678,0.01222664683065231,0.01271699159684588,34959.879196734495,34964.14665577177,4.267459037277149,34960.42253369415,34963.06281173246,2.6402780383068603,2.4808905841611484
UAV_0001,telemetry_22,259,0.6953049939404371,0.680944477370423,-0.6953049939404371,-0.680944477370423,0.790562221683606,0.7227441388325699,22971.071725068214,23208.67856159869,237.60683653047454,23001.082153225954,23168.53485126708,167.45269804112468,1.966009029043515
UAV_0001,telemetry_23,259,-0.4081731804953373,-0.40253900719016994,0.4081731804953373,0.40253900719016994,-0.04933646500443086,-0.0559284588696154,-17380.129104313994,-17406.38808578954,-26.258981475544715,-17394.117490217704,-17404.33044323113,-10.212953013426159,-1.12792919408206
UAV_0001,telemetry_24,259,0.1310119013846574,0.8054793101304728,-0.1310119013846574,-0.8054793101304728,0.07702788689047992,0.07383267953065206,-3645.513540864142,-3628.2383873414105,17.27515352273167,-3652.7791337735025,-3626.478782156181,26.300351617321667,0.5971430573486027
UAV_0001,telemetry_25,259,-0.8372365080330886,-0.8365414782534922,0.8372365080330886,0.8365414782534922,-0.009455174939020771,-0.00930745618437252,-171.835389591714,-174.9952761085495,-3.159886516835485,-171.68989925467773,-173.64554647580354,-1.9556472211258153,-2.3116558115538393
UAV_0001,telemetry_26,259,0.969769236882845,0.971740076391239,-0.969769236882845,-0.971740076391239,1.6972803365378408,1.7733827765030954,-6977.909304560495,-6517.519996532872,460.389308027623,-6936.53217673253,-6588.651947420342,347.880229312188,2.653375031738721
UAV_0001,telemetry_27,259,,,,,0.0,0.0,969.0302044744708,969.0302044744708,0.0,969.0302044744707,969.0302044744707,0.0,0.0
UAV_0001,telemetry_28,259,-0.8304892826692293,-0.8226797715169808,0.8304892826692293,0.8226797715169808,-0.7422316397846526,-0.6677503210005178,-9709.482936293503,-9967.032945692752,-257.55000939924867,-9722.052277081348,-9881.426145601772,-159.37386852042437,-2.3804866505326743
UAV_0002,telemetry_01,253,0.017525738479241063,-0.009452375765282305,-0.017525738479241063,0.009452375765282305,0.00268308028663588,-0.00016029149748976007,99.00537535116018,86.82595649429902,-12.179418856861162,86.45189315359514,89.59805562722251,3.1461624736273706,0.2808259968568878
UAV_0002,telemetry_02,253,-0.1451599479273935,-0.14325062134031666,0.1451599479273935,0.14325062134031666,-0.014658297941272333,0.001800640639753874,25.000144218205044,3.5377703279270643,-21.46237389027798,13.504604731896011,10.700383763389764,-2.8042209685062467,-0.3794800904774693
UAV_0002,telemetry_03,253,,,,,0.0,0.0,30377.82504938608,30377.82504938608,0.0,30377.82504938608,30377.82504938608,0.0,0.0
UAV_0002,telemetry_04,253,0.08126154961579651,0.06929722714960847,-0.08126154961579651,-0.06929722714960847,6.618903681856186e-05,9.766471861856882e-05,-125.9435495462157,-125.86247622708724,0.08107331912846405,-125.90769020057414,-125.89137866378414,0.01631153678999908,0.27365754254463887
UAV_0002,telemetry_05,253,-0.08809353845962517,-0.08981313106612662,0.08809353845962517,0.08981313106612662,-2.9970966866477216e-06,-5.314200177214866e-06,-113.52331488906248,-113.52233779406892,0.0009770949935585804,-113.52512708770308,-113.52590189732605,-0.0007748096229676094,-0.3112087585839602
UAV_0002,telemetry_06,253,-0.7061158394732379,-0.6684974688775713,0.7061158394732379,0.6684974688775713,-0.01348841601033164,-0.014903885034186888,-137.82320261077132,-144.41827649639697,-6.595073885625652,-138.48372664350654,-141.41843948848077,-2.9347128449742286,-2.099394807253726
UAV_0002,telemetry_07,253,0.6724568435712883,0.677855073445295,-0.6724568435712883,-0.677855073445295,0.0003205477296036579,0.0,140.5912754437698,140.67722414279535,0.08594869902555047,140.59127544376977,140.67216833697032,0.0808928932005415,2.318972429412952
UAV_0002,telemetry_08,253,,,,,0.0,0.0,-4680.605940223165,-4680.605940223165,0.0,-4680.605940223166,-4680.605940223166,0.0,0.0
UAV_0002,telemetry_09,253,0.05776827180260441,0.06253343826092884,-0.05776827180260441,-0.06253343826092884,0.0078039491380754574,0.004070463134683413,-139.41625859802227,-149.95901568097332,-10.542757082951056,-153.1676318989824,-151.70825240105754,1.459379497924857,0.14762390526627148
UAV_0002,telemetry_10,253,-0.03067351325317239,0.041201865577079555,0.03067351325317239,-0.041201865577079555,-0.000848299951809729,0.0019096461408818696,-62.80189226123102,-60.98833987740233,1.8135523838286858,-62.09452042632313,-62.30931039249699,-0.2147899661738606,-0.10613083302542246
UAV_0002,telemetry_11,253,-0.43437412609397313,-0.7462220555069767,0.43437412609397313,0.7462220555069767,-0.003364387480610876,-0.0024904684324287647,62.15688189251676,61.6900066326799,-0.4668752598368542,62.42550786489707,61.69946154616576,-0.7260463187313135,-1.2809605999959064
UAV_0002,telemetry_12,253,0.6629982784289096,0.6278728836166403,-0.6629982784289096,-0.6278728836166403,0.021932058906548674,0.022254047260276705,638.5263580320543,647.5823026529349,9.05594462088061,638.6255869523524,643.3180703674973,4.69248341514492,1.9384260944794864
UAV_0002,telemetry_13,253,0.6194956800243733,0.5862866449994146,-0.6194956800243733,-0.5862866449994146,0.04014084246392426,0.0349015223156986,7133.570251382278,7143.985503971758,10.415252589479678,7129.771687628124,7137.761304964813,7.989617336688752,1.6849665454980962
UAV_0002,telemetry_14,253,,,,,0.0,0.0,-648.8153498138018,-648.8153498138018,0.0,-648.8153498138018,-648.8153498138018,0.0,0.0
UAV_0002,telemetry_15,253,0.8368122489761946,0.8716749697501863,-0.8368122489761946,-0.8716749697501863,1.0165958605004524,0.7992796259415246,49975.534245415205,50324.196265825245,348.66202041004,49978.22144259785,50195.753803548774,217.53236095092143,2.446904779259664
UAV_0002,telemetry_16,253,-0.6871571441935459,-0.6579910728223247,0.6871571441935459,0.6579910728223247,-0.02708831190254219,-0.028666237790610255,-694.5992033130013,-703.270740244661,-8.671536931659716,-692.8989019538523,-698.57790849341,-5.67900653955769,-1.9686114086368627
UAV_0002,telemetry_17,253,,,,,0.0,0.0,40.41581228213973,40.41581228213973,0.0,40.415812282139726,40.41581228213974,1.4210854715202004e-14,1.0338902021777103
UAV_0002,telemetry_18,253,-0.1218240056868416,-0.13434881904584065,0.1218240056868416,0.13434881904584065,-7.07316041479572e-05,-2.2138800649979364e-05,-103.06508457061832,-103.0652355089385,-0.00015093832017498698,-103.03764264373896,-103.05659985216353,-0.01895720842456683,-0.44617707983448734
UAV_0002,telemetry_19,253,0.8105981419572394,0.8576882435150153,-0.8105981419572394,-0.8576882435150153,0.022034670283414517,0.01714824181669558,33503.08752923715,33511.005584357044,7.918055119895143,33503.409312218064,33508.172947810664,4.763635592600622,2.3946998294350976
UAV_0002,telemetry_20,253,,,,,0.0,0.0,-164.8973841769026,-164.8973841769026,0.0,-164.8973841769026,-164.8973841769026,0.0,0.0
UAV_0002,telemetry_21,253,0.814904997036088,0.858831361583465,-0.814904997036088,-0.858831361583465,0.02254289760252535,0.018394219987840188,34959.437735454776,34968.26696104914,8.829225594367017,34959.96864313758,34964.82471721447,4.856074076888035,2.398811100020915
UAV_0002,telemetry_22,253,0.6744201682308416,0.6474418528866305,-0.6744201682308416,-0.6474418528866305,0.8762230597956789,0.7826063212185488,23039.83348278887,23156.0874714776,116.25398868873162,22950.733418530694,23145.432712575224,194.6992940445307,2.047829296164105
UAV_0002,telemetry_23,253,-0.8269584971721681,-0.8655000140792678,0.8269584971721681,0.8655000140792678,-0.40439417837206415,-0.3252217499295903,-17356.777956326754,-17499.507078450875,-142.7291221241212,-17357.510920293927,-17443.20605085011,-85.69513055618154,-2.394685409009561
UAV_0002,telemetry_24,253,-0.5001883219363926,-0.9125477398329161,0.5001883219363926,0.9125477398329161,-0.32077946415792985,-0.23142392103186438,-3642.745075087301,-3746.097870378697,-103.35279529139598,-3635.7985343360015,-3704.0829439320028,-68.2844095960013,-1.4549968502570183
UAV_0002,telemetry_25,253,-0.8072935875663784,-0.813096805046686,0.8072935875663784,0.813096805046686,-0.009757971229070428,-0.00859891467627296,-171.2884861561079,-174.2053044793406,-2.916818323232718,-171.1282279598355,-173.25567040923585,-2.1274424494003483,-2.405156243774001
UAV_0002,telemetry_26,253,-0.8438101204205399,-0.9334684961078037,0.8438101204205399,0.9334684961078037,-0.5929248594784204,-0.4550933738942562,-7468.521519403338,-7678.78605230168,-210.2645328983417,-7469.529010573487,-7596.55169620421,-127.02268563072357,-2.470244070109362
UAV_0002,telemetry_27,253,,,,,0.0,0.0,969.0302044744708,969.0302044744708,0.0,969.0302044744708,969.0302044744708,0.0,0.0
UAV_0002,telemetry_28,253,-0.7300810371743506,-0.7139989418318758,0.7300810371743506,0.7139989418318758,-0.5920613658681901,-0.6048815463676478,-9687.257831746048,-9868.594697391523,-181.33686564547497,-9695.583451110784,-9824.219852513743,-128.63640140295865,-2.167612925260021
UAV_0003,telemetry_01,222,-0.008908648044241957,0.010106549542054687,0.008908648044241957,-0.010106549542054687,-0.0015207562370293634,-0.014680283961495278,77.20224616368333,66.50432167119752,-10.69792449248581,87.18554028329915,86.31309927088883,-0.8724410124103201,-0.07957011258353563
UAV_0003,telemetry_02,222,-0.027198466682937013,-0.005200521423153974,0.027198466682937013,0.005200521423153974,-0.003390726781865817,0.002359880685079937,17.451814801302636,19.245536899046986,1.7937220977443502,11.982137510956386,11.062253553821519,-0.9198839571348678,-0.11488051499481286
UAV_0003,telemetry_03,222,,,,,0.0,0.0,30377.82504938608,30377.82504938608,0.0,30377.825049386087,30377.825049386087,0.0,0.0
UAV_0003,telemetry_04,222,-0.05801324921870987,-0.025350482947880726,0.05801324921870987,0.025350482947880726,-4.2416533165086084e-05,-2.091787994181842e-05,-125.92079212330243,-125.87385493854389,0.0469371847585478,-125.89493716227048,-125.8952532375887,-0.000316075318224307,-0.006730453203098322
UAV_0003,telemetry_05,222,0.09036104655536,0.09584194100152951,-0.09036104655536,-0.09584194100152951,3.7605202851305257e-06,5.638527287735925e-07,-113.52689699129434,-113.52753992199509,-0.000642930700749389,-113.52550858109737,-113.52489399437412,0.0006145867232447699,0.22992076452053709
UAV_0003,telemetry_06,222,0.765160384631068,0.7388479702288613,-0.765160384631068,-0.7388479702288613,0.016253607959508903,0.014935438738637698,-139.46132578631222,-134.7498430750088,4.711482711303404,-138.3773424433944,-135.32485603678,3.052486406614406,2.2372686620953925
UAV_0003,telemetry_07,222,,,,,0.0,0.0,140.5912754437698,140.5912754437698,0.0,140.59127544376977,140.59127544376977,0.0,0.0
UAV_0003,telemetry_08,222,,,,,0.0,0.0,-4680.605940223165,-4680.605940223165,0.0,-4680.605940223167,-4680.605940223167,0.0,
UAV_0003,telemetry_09,222,0.07096741131075704,0.06353980951712422,-0.07096741131075704,-0.06353980951712422,0.010792660579660333,0.025697032423961562,-153.84123709266493,-151.03183294145052,2.809404151214409,-153.37816229580903,-149.753490189927,3.6246721058820413,0.3710742980217031
UAV_0003,telemetry_10,222,-0.02958006472553784,-0.027851827640801533,0.02958006472553784,0.027851827640801533,-0.0009114393072993235,-0.0015691080413679065,-62.85683937978149,-62.07918669554192,0.7776526842395697,-62.44549559149025,-62.39250901707432,0.05298657441593235,0.026773115601164632
UAV_0003,telemetry_11,222,0.36084774513067996,0.7588013995509506,-0.36084774513067996,-0.7588013995509506,0.0025570532516986395,0.002370114959022848,62.50356615296769,62.98913779048681,0.48557163751911503,62.441197411162904,62.900653473506786,0.45945606234388237,1.009461857675892
UAV_0003,telemetry_12,222,-0.7260597022623312,-0.7033585455171949,0.7260597022623312,0.7033585455171949,-0.028003119311701845,-0.026635131237883688,636.7950745015919,629.6035890673631,-7.191485434228753,637.7480203081028,632.4979399952133,-5.250080312889509,-2.1193055418335276
UAV_0003,telemetry_13,222,0.7533265506769152,0.7448964091011046,-0.7533265506769152,-0.7448964091011046,0.06642824714061905,0.06631765168394985,7131.285170835317,7153.66489716767,22.37972633235222,7131.293387598895,7143.724432659717,12.431045060822726,2.194824636699621
UAV_0003,telemetry_14,222,,,,,0.0,0.0,-648.8153498138018,-648.8153498138018,0.0,-648.8153498138018,-648.8153498138018,0.0,0.0
UAV_0003,telemetry_15,222,0.8202220190605285,0.8130267268439068,-0.8202220190605285,-0.8130267268439068,0.5622874724621936,0.6238394276809187,49987.0062312274,50154.27518565018,167.268954422776,49999.04427798825,50097.1578541387,98.11357615044835,2.2282495426293294
UAV_0003,telemetry_16,222,-0.7371749873850212,-0.7310909079922656,0.7371749873850212,0.7310909079922656,-0.032002688792581356,-0.03468614772663841,-692.8648959266694,-701.5364328583291,-8.671536931659716,-693.8284000301871,-699.8021254719972,-5.973725441810075,-2.142353262184892
UAV_0003,telemetry_17,222,,,,,0.0,0.0,40.41581228213973,40.41581228213973,0.0,40.41581228213974,40.41581228213974,0.0,0.0
UAV_0003,telemetry_18,222,-0.16445649716753374,0.009458335229899462,0.16445649716753374,-0.009458335229899462,-3.863613743035173e-05,1.937900668211006e-06,-103.32491077529552,-103.32097283065806,0.003937944637456781,-103.31960998702867,-103.32653206967504,-0.0069220826463691765,-0.4587286005486464
UAV_0003,telemetry_19,222,0.7997244906770123,0.8137957773937727,-0.7997244906770123,-0.8137957773937727,0.010853744546234277,0.010196134885249949,33503.77221166768,33506.36059883241,2.5883871647311025,33504.20657891544,33506.15633823195,1.9497593165142462,2.236678219585418
UAV_0003,telemetry_20,222,,,,,0.0,0.0,-164.8973841769026,-164.8973841769026,0.0,-164.89738417690265,-164.89738417690265,0.0,0.0
UAV_0003,telemetry_21,222,0.7642725676765526,0.7486054819871085,-0.7642725676765526,-0.7486054819871085,0.010863243277354736,0.010369201138679299,34960.17350425431,34963.41088697224,3.2373827179326327,34960.86349188409,34962.907294105,2.0438022209127666,2.2386661737266462
UAV_0003,telemetry_22,222,0.6528810068187717,0.6311166122347214,-0.6528810068187717,-0.6311166122347214,0.8943758096023552,0.900462726942918,23003.99578702768,23189.885623577586,185.88983654990443,22989.854950976645,23163.976944338487,174.1219933618413,1.9789249541531657
UAV_0003,telemetry_23,222,-0.8223975869664956,-0.8282988871224166,0.8223975869664956,0.8282988871224166,-0.2641972220156108,-0.2513800453269005,-17349.975176459273,-17429.766151056963,-79.79097459769037,-17367.11944443381,-17415.99918463876,-48.879740204949485,-2.3688860684668307
UAV_0003,telemetry_24,222,0.16033739142294187,0.806209147280105,-0.16033739142294187,-0.806209147280105,0.06617502914403421,0.07970811902341843,-3650.531714620958,-3624.45903361101,26.072681009948155,-3648.872425022158,-3634.6862865272747,14.18613849488338,0.5351389622297149
UAV_0003,telemetry_25,222,-0.8253428036868318,-0.8201770352708347,0.8253428036868318,0.8201770352708347,-0.01031546632550994,-0.010197998307223705,-171.8050060675137,-173.8103186647362,-2.005312597222513,-171.6706433716055,-173.60236032132053,-1.9317169497150246,-2.406305136332486
UAV_0003,telemetry_26,222,0.8229174199584419,0.823595869441618,-0.8229174199584419,-0.823595869441618,0.1296183353821025,0.11657595398031131,-7473.688429426778,-7449.576182650724,24.112246776054235,-7478.734140326216,-7454.886617952593,23.84752237362318,2.357191059692712
UAV_0003,telemetry_27,222,,,,,0.0,0.0,969.0302044744708,969.0302044744708,0.0,969.0302044744706,969.0302044744706,0.0,0.0
UAV_0003,telemetry_28,222,-0.817474352775732,-0.7978887517267892,0.817474352775732,0.7978887517267892,-0.8505066464426494,-0.7694978079753623,-9741.721483543452,-9899.202054846844,-157.48057130339294,-9718.917418732632,-9876.303115945133,-157.38569721250133,-2.3551761288998123
UAV_0004,telemetry_01,272,-0.01619932303434917,-0.03562662646665251,0.01619932303434917,0.03562662646665251,-0.0021124627498193766,0.013259920670620278,79.30977535879126,100.1951721774879,20.88539681869665,86.60953559589296,88.16074163541543,1.5512060395224694,0.15121753027789114
UAV_0004,telemetry_02,272,0.04141422598134639,0.04026183280578765,-0.04141422598134639,-0.04026183280578765,0.003923114355478245,0.00951311216244428,5.5344082040781215,10.237592568642071,4.70318436456395,11.570525189329963,12.020778959770702,0.4502537704407388,0.06042279171352617
UAV_0004,telemetry_03,272,,,,,0.0,0.0,30377.82504938608,30377.82504938608,0.0,30377.825049386083,30377.825049386083,0.0,0.0
UAV_0004,telemetry_04,272,-0.07396889743588846,-0.036726940326138866,0.07396889743588846,0.036726940326138866,-7.07512306122081e-05,-1.8922562193849423e-05,-125.92221446223454,-125.90941341184585,0.012801050388688395,-125.89335273270285,-125.90701476499807,-0.013662032295215454,-0.18157468616035422
UAV_0004,telemetry_05,272,0.03171876155652841,0.027731927286952243,-0.03171876155652841,-0.027731927286952243,1.0261463856823907e-06,1.9944505300935133e-06,-113.52950998272335,-113.52234798413043,0.007161998592920327,-113.52611882948545,-113.52600530469432,0.00011352479113213576,0.04460899729000605
UAV_0004,telemetry_06,272,0.6374770857857621,0.623117985658842,-0.6374770857857621,-0.623117985658842,0.008678313239030998,0.007339244125538916,-137.06175085944955,-134.3490789953658,2.7126718640837453,-136.8140057920339,-134.73540645986716,2.078599332166732,1.940997105742643
UAV_0004,telemetry_07,272,,,,,0.0,0.0,140.5912754437698,140.5912754437698,0.0,140.59127544376975,140.59127544376975,0.0,0.0
UAV_0004,telemetry_08,272,,,,,0.0,0.0,-4680.605940223165,-4680.605940223165,0.0,-4680.605940223167,-4680.605940223167,0.0,
UAV_0004,telemetry_09,272,0.014402351152502003,0.009694397202536988,-0.014402351152502003,-0.009694397202536988,0.0017980997519099816,0.018654247718987604,-155.5892726112902,-156.19651661032646,-0.6072439990362568,-154.74003983216323,-153.98505544435136,0.7549843878118736,0.07687452280134889
UAV_0004,telemetry_10,272,0.025056392887198003,-0.005718722345594495,-0.025056392887198003,0.005718722345594495,0.0008618903023636416,0.0009947083936388532,-63.21845949837845,-62.55141750446381,0.6670419939146441,-61.834944109392694,-62.145440042901775,-0.3104959335090811,-0.11474858007122117
UAV_0004,telemetry_11,272,0.13048059402698733,0.6103928959931135,-0.13048059402698733,-0.6103928959931135,0.0010089669355503425,0.0011461233357871504,62.6932008408877,63.14618736301774,0.45298652213003976,62.838202410999536,63.069353529852265,0.2311511188527291,0.3800054613427285
UAV_0004,telemetry_12,272,-0.6583758784727208,-0.6450154359182155,0.6583758784727208,0.6450154359182155,-0.017107249235048267,-0.018335778750718193,633.1993317844776,630.2694673483104,-2.929864436167236,635.6013363470212,631.7465064442295,-3.854829902791721,-1.8859222960484148
UAV_0004,telemetry_13,272,0.6399267089180203,0.6211707220498189,-0.6399267089180203,-0.6211707220498189,0.03728452019126057,0.039484954143083666,7129.831341784327,7147.82156276503,17.99022098070236,7137.15416549648,7145.39536492428,8.241199427799984,1.7981128699473552
UAV_0004,telemetry_14,272,,,,,0.0,0.0,-648.8153498138018,-648.8153498138018,0.0,-648.8153498138021,-648.8153498138021,0.0,
UAV_0004,telemetry_15,272,-0.43587072986092945,-0.423543741066745,0.43587072986092945,0.423543741066745,-0.12915766692304995,-0.11842713565775184,49950.616598812405,49864.94676927949,-85.66982953291154,49941.39527531939,49910.67098721752,-30.724288101868297,-1.318087345751824
UAV_0004,telemetry_16,272,-0.5888334729114545,-0.5755468402351276,0.5888334729114545,0.5755468402351276,-0.016802722628093004,-0.014823140054118979,-696.3335106993333,-703.270740244661,-6.937229545327796,-696.4911750071815,-700.1805198108333,-3.6893448036518066,-1.643565154611862
UAV_0004,telemetry_17,272,,,,,0.0,0.0,40.41581228213973,40.41581228213973,0.0,40.415812282139726,40.41581228213971,-1.4210854715202004e-14,-0.8456001288058154
UAV_0004,telemetry_18,272,0.030276831218419255,0.02790247521091888,-0.030276831218419255,-0.02790247521091888,1.9722995110013758e-06,3.10412892583184e-06,-103.33168707032895,-103.33319943840856,-0.001512368079602311,-103.32689567711847,-103.3267347022795,0.00016097483897681286,0.03141379458862362
UAV_0004,telemetry_19,272,0.7882609769764203,0.774533259230459,-0.7882609769764203,-0.774533259230459,0.008135348285376421,0.008584282641056868,33504.83083301603,33508.78157808392,3.9507450678938767,33505.5513678428,33507.382639063646,1.8312712208426092,2.2556483475483224
UAV_0004,telemetry_20,272,,,,,0.0,0.0,-164.8973841769026,-164.8973841769026,0.0,-164.89738417690253,-164.89738417690253,0.0,
UAV_0004,telemetry_21,272,0.7810598234644887,0.7682203062484857,-0.7810598234644887,-0.7682203062484857,0.008353669916206237,0.008972790238192651,34962.23365689299,34965.17673209112,2.9430751981271897,34962.28984287405,34964.170735477936,1.8808926038836944,2.2356089232548055
UAV_0004,telemetry_22,272,0.5983479166418934,0.6125430173207936,-0.5983479166418934,-0.6125430173207936,0.5411978513917876,0.6229993429404059,23026.722130681115,23171.966775696987,145.24464501587136,23069.01484969212,23185.652908291075,116.63805859895365,1.6393166478450085
UAV_0004,telemetry_23,272,-0.052536442337856704,-0.06767711342271793,0.052536442337856704,0.06767711342271793,-0.005119048116999251,0.011951086020204612,-17352.92164287053,-17345.7450515764,7.1765912941300485,-17355.038889675336,-17354.59291681646,0.4459728588772123,0.05818415409345107
UAV_0004,telemetry_24,272,0.05086366046303281,0.6825137094292726,-0.05086366046303281,-0.6825137094292726,0.0337554900996789,0.03968814654022239,-3642.0255247742994,-3622.5597813488807,19.465743425418623,-3650.942699666639,-3636.309946976935,14.63275268970392,0.28029417574037346
UAV_0004,telemetry_25,272,-0.7842299080611139,-0.785668210985758,0.7842299080611139,0.785668210985758,-0.00596794765596651,-0.005652653261766603,-172.53421064832187,-174.56990676974473,-2.035696121422859,-172.67949913677074,-173.99593437621462,-1.3164352394438765,-2.1990886769576647
UAV_0004,telemetry_26,272,0.7912125047221111,0.7873385272071985,-0.7912125047221111,-0.7873385272071985,0.08587091831523247,0.08473053468108865,-7463.928710493614,-7436.371857035266,27.556853458348087,-7464.902072836412,-7446.191595630319,18.710477206092946,2.191577064799852
UAV_0004,telemetry_27,272,,,,,0.0,0.0,969.0302044744708,969.0302044744708,0.0,969.0302044744706,969.0302044744706,0.0,0.0
UAV_0004,telemetry_28,272,-0.7352358272283519,-0.7188535363052401,0.7352358272283519,0.7188535363052401,-0.4516295854326138,-0.42809114611716065,-9831.837523412772,-9911.661513608213,-79.82399019544027,-9796.850385355987,-9903.254904253161,-106.40451889717406,-2.202060250223861
UAV_0005,telemetry_01,213,-0.009971168724974234,-0.013437528716648328,0.009971168724974234,0.013437528716648328,-0.0017879379575924212,0.014364258066578872,105.23246652382844,88.4912182373014,-16.74124828652704,86.67650965364342,85.51405787798898,-1.1624517756544464,-0.10518710453020966
UAV_0005,telemetry_02,213,-0.00425850630086277,-0.0031392729503453448,0.00425850630086277,0.0031392729503453448,-0.00050756883186467,0.012156946283813481,5.22697307456421,3.9869290143229152,-1.2400440602412948,12.267945031537375,11.511678178413494,-0.756266853123881,-0.10295118480086789
UAV_0005,telemetry_03,213,,,,,0.0,0.0,30377.82504938608,30377.82504938608,0.0,30377.825049386083,30377.825049386083,0.0,0.0
UAV_0005,telemetry_04,213,0.028845944599653336,-0.03473072214514515,-0.028845944599653336,0.03473072214514515,3.548250628456272e-05,-6.352917721602446e-05,-125.8980347003892,-125.87101026067972,0.027024439709478543,-125.90666167228954,-125.90121015474921,0.005451517540336681,0.07190876419235664
UAV_0005,telemetry_05,213,0.03399516077712446,0.036140134760245475,-0.03399516077712446,-0.036140134760245475,1.4505208707028254e-06,-5.508571036291231e-06,-113.52490691224962,-113.53032770226534,-0.00542079001571949,-113.52621312766497,-113.52579006165705,0.00042306600792585414,0.16087745398821165
UAV_0005,telemetry_06,213,0.7037529982261427,0.6763750790102087,-0.7037529982261427,-0.6763750790102087,0.01287725375244126,0.011491562752608207,-137.1970087363291,-133.73039944741686,3.4666092889122524,-137.2238331343924,-134.9477203393326,2.2761127950598166,2.0182953477037575
UAV_0005,telemetry_07,213,,,,,0.0,0.0,140.5912754437698,140.5912754437698,0.0,140.59127544376977,140.59127544376977,0.0,0.0
UAV_0005,telemetry_08,213,,,,,0.0,0.0,-4680.605940223165,-4680.605940223165,0.0,-4680.605940223166,-4680.605940223166,0.0,0.0
UAV_0005,telemetry_09,213,0.10178898555943368,0.11540056775142123,-0.10178898555943368,-0.11540056775142123,0.01627867037580493,0.031508054478842695,-159.42389268839275,-141.17281170650574,18.251080981887014,-152.09164561778826,-151.1056881655189,0.9859574522693606,0.10003085143453651
UAV_0005,telemetry_10,213,-0.04910373402647091,-0.0026549705568980797,0.04910373402647091,0.0026549705568980797,-0.002366268031709859,-0.000845838172614966,-60.95360462828589,-61.20684761021255,-0.25324298192666106,-62.8172825446784,-62.41967227599603,0.3976102686823708,0.13387580918535721
UAV_0005,telemetry_11,213,0.2279729687982203,0.6693620116666368,-0.2279729687982203,-0.6693620116666368,0.00287961745164635,0.0019692684940203114,62.63657752562144,63.05003456350901,0.41345703788756794,62.525788488326135,62.9484902504361,0.42270176210996624,0.5429708953540369
UAV_0005,telemetry_12,213,-0.7137124269740114,-0.7011250540531213,0.7137124269740114,0.7011250540531213,-0.024521373160565203,-0.02298966734133951,636.7950745015919,627.7391298807113,-9.05594462088061,636.2314007939995,631.8799636557173,-4.351437138282108,-2.054968271964693
UAV_0005,telemetry_13,213,0.648880188560793,0.654463902086474,-0.648880188560793,-0.654463902086474,0.050104223411863234,0.044385198329143546,7144.554970360937,7146.737840959129,2.182870598192494,7136.433761065127,7144.832683081484,8.398922016356664,1.7648494458350237
UAV_0005,telemetry_14,213,,,,,0.0,0.0,-648.8153498138018,-648.8153498138018,0.0,-648.8153498138018,-648.8153498138018,0.0,
UAV_0005,telemetry_15,213,0.8471819650832093,0.8876065893799909,-0.8471819650832093,-0.8876065893799909,1.1414256734478345,0.9580382937791498,49936.55416459102,50251.17029162296,314.6161270319426,49940.1644406962,50146.63866996326,206.47422926705622,2.4865022324379424
UAV_0005,telemetry_16,213,-0.6828483491743843,-0.6807468302220872,0.6828483491743843,0.6807468302220872,-0.02584182227914829,-0.029312470107971743,-694.5992033130013,-703.270740244661,-8.671536931659716,-695.4461906412099,-700.3264509608881,-4.8802603196782,-2.0923679136166315
UAV_0005,telemetry_17,213,,,,,0.0,0.0,40.41581228213973,40.41581228213973,0.0,40.41581228213974,40.41581228213974,0.0,0.0
UAV_0005,telemetry_18,213,0.11226818578867301,0.08315223735287762,-0.11226818578867301,-0.08315223735287762,1.0821378067139888e-05,-9.268234393813203e-06,-103.333990024871,-103.33079299755262,0.0031970273183787867,-103.32888132488438,-103.32813342307081,0.0007479018135683191,0.12589620974608953
UAV_0005,telemetry_19,213,0.5922921494594758,0.5750544529742375,-0.5922921494594758,-0.5750544529742375,0.006002875985823924,0.006222799616090145,33505.59922629772,33506.82042624606,1.2211999483333784,33505.36973142915,33506.32197401074,0.9522425815885072,1.5244673860076243
UAV_0005,telemetry_20,213,,,,,0.0,0.0,-164.8973841769026,-164.8973841769026,0.0,-164.89738417690262,-164.89738417690262,0.0,0.0
UAV_0005,telemetry_21,213,0.6353208959833211,0.622215940473987,-0.6353208959833211,-0.622215940473987,0.005543469816159573,0.004569992543653164,34960.90927305384,34963.11657945243,2.2073063985881163,34961.946193734104,34962.955736970674,1.0095432365706074,1.8772854353365271
UAV_0005,telemetry_22,213,0.592957670702738,0.585213581125896,-0.592957670702738,-0.585213581125896,0.7814654136209811,0.7126433260838885,23108.30387712935,23340.229127746465,231.92525061711422,23065.03641517377,23201.025190949746,135.98877577597523,1.67421384387019
UAV_0005,telemetry_23,213,-0.8546242101817203,-0.8939638536562347,0.8546242101817203,0.8939638536562347,-0.4607810289799845,-0.415282257164519,-17355.629856591393,-17488.539460982236,-132.90960439084301,-17352.09768326551,-17434.260132911197,-82.16244964568614,-2.4725661254709346
UAV_0005,telemetry_24,213,0.0603294299495886,0.6991513531905593,-0.0603294299495886,-0.6991513531905593,0.05550362403002509,0.06047178868968499,-3645.802961072317,-3630.266608046273,15.536353026043798,-3635.488037929863,-3632.2993676949786,3.1886702348842846,0.0562356116912665
UAV_0005,telemetry_25,213,-0.7963905912727246,-0.7794208308695025,0.7963905912727246,0.7794208308695025,-0.008393706918511856,-0.0083928076752962,-172.5645941725222,-174.9345090601488,-2.3699148876266065,-172.33212488271027,-173.8611934029321,-1.5290685202218128,-2.3539281445896787
UAV_0005,telemetry_26,213,0.7661776610723761,0.7575011055274128,-0.7661776610723761,-0.7575011055274128,0.09562280198862441,0.09187368127723136,-7468.234468846481,-7444.122222070426,24.112246776055144,-7468.745151813913,-7451.281797006005,17.463354807908217,2.270333368759607
UAV_0005,telemetry_27,213,,,,,0.0,0.0,969.0302044744708,969.0302044744708,0.0,969.0302044744707,969.0302044744707,0.0,0.0
UAV_0005,telemetry_28,213,-0.7947817567411763,-0.79425965065654,0.7947817567411763,0.79425965065654,-0.7262143394672921,-0.695815918181719,-9790.93563847109,-9998.16016339238,-207.22452492129014,-9767.458581324574,-9898.247669958102,-130.78908863352808,-2.3224614714367338
UAV_0006,telemetry_01,278,0.03157975377779989,0.018249939468478787,-0.03157975377779989,-0.018249939468478787,0.004364059894535713,0.012512009028388052,82.5161559080895,75.42069394667453,-7.095461961414969,87.30559384327672,86.12589588158453,-1.1796979616921988,-0.10618299957073658
UAV_0006,telemetry_02,278,0.04855040728844432,0.040444551311320805,-0.04855040728844432,-0.040444551311320805,0.004681068637181722,-0.0042098687069304745,16.101861522380887,5.228600691570595,-10.873260830810292,11.753090820333727,11.93032515202181,0.17723433168808356,0.0228645071150835
UAV_0006,telemetry_03,278,,,,,0.0,0.0,30377.82504938608,30377.82504938608,0.0,30377.825049386076,30377.825049386076,0.0,0.0
UAV_0006,telemetry_04,278,0.0740938046020018,0.03986087895024799,-0.0740938046020018,-0.03986087895024799,5.808479664035392e-05,7.294045805534623e-05,-125.91510276757414,-125.89234534466088,0.02275742291325855,-125.90268852209995,-125.88742831217317,0.015260209926779567,0.2421285793922084
UAV_0006,telemetry_05,278,0.005356797993751891,0.004136809336739295,-0.005356797993751891,-0.004136809336739295,1.73362590876999e-07,-4.138882455220942e-06,-113.52583235151748,-113.530257770641,-0.004425419123521124,-113.5252082033164,-113.52538405726652,-0.00017585395012531535,-0.06758777226212402
UAV_0006,telemetry_06,278,0.7015022673890198,0.6838767405137361,-0.7015022673890198,-0.6838767405137361,0.010417637697223377,0.00972754082202342,-136.74364437123296,-133.7191279576769,3.024516413556057,-137.55018208151452,-135.27716540949004,2.2730166720244824,1.9038317891414696
UAV_0006,telemetry_07,278,,,,,0.0,0.0,140.5912754437698,140.5912754437698,0.0,140.59127544376977,140.59127544376977,0.0,
UAV_0006,telemetry_08,278,,,,,0.0,0.0,-4680.605940223165,-4680.605940223165,0.0,-4680.605940223165,-4680.605940223165,0.0,0.0
UAV_0006,telemetry_09,278,0.01654177147355356,0.029046472848505867,-0.01654177147355356,-0.029046472848505867,0.0020956298643875102,0.012492497706297815,-165.8310750771587,-156.0261560066113,9.804919070547385,-154.6372960000342,-153.32742984963858,1.309866150395635,0.12860577785056646
UAV_0006,telemetry_10,278,0.025322261228773946,-0.013119212327820286,-0.025322261228773946,0.013119212327820286,0.0006756921148748143,0.0006985658003734698,-62.10028127551372,-61.373675576145935,0.7266056993677878,-62.838894927069724,-62.54633429297597,0.29256063409375344,0.1363752770597673
UAV_0006,telemetry_11,278,0.1624519853478942,0.6781970963251164,-0.1624519853478942,-0.6781970963251164,0.001110102099026781,0.0015939286777723056,62.5484374594051,63.07514112782518,0.5267036684200761,62.690397286733266,62.90786460624357,0.2174673195103054,0.3958423208860078
UAV_0006,telemetry_12,278,-0.7718418783614431,-0.7696173869706562,0.7718418783614431,0.7696173869706562,-0.02164102228059167,-0.02107209749832651,637.9936554072967,629.869940379742,-8.123715027554681,636.966300345264,632.0269103826671,-4.93938996259692,-2.1912402910122886
UAV_0006,telemetry_13,278,0.7014358716551822,0.6772154885850257,-0.7014358716551822,-0.6772154885850257,0.045631520748916556,0.038896887673168096,7135.618585861503,7151.357601568211,15.739015706708415,7134.503453139442,7144.6812291935585,10.177776054116293,1.9459964494914086
UAV_0006,telemetry_14,278,,,,,0.0,0.0,-648.8153498138018,-648.8153498138018,0.0,-648.8153498138018,-648.8153498138018,0.0,0.0
UAV_0006,telemetry_15,278,0.6232334141491841,0.6042983279178905,-0.6232334141491841,-0.6042983279178905,0.205760788279879,0.25111489681044724,50027.83663234387,50085.38159343401,57.54496109014144,50020.86158567062,50067.84320037783,46.98161470721243,1.7700363160978636
UAV_0006,telemetry_16,278,-0.6393577318056268,-0.6284098830179196,0.6393577318056268,0.6284098830179196,-0.019809909075193727,-0.01905832292672565,-694.5992033130013,-703.270740244661,-8.671536931659716,-695.8689640779945,-700.3905511923598,-4.521587114365275,-1.8151748486170793
UAV_0006,telemetry_17,278,,,,,0.0,0.0,40.41581228213973,40.41581228213973,0.0,40.41581228213973,40.41581228213973,0.0,0.0
UAV_0006,telemetry_18,278,-0.044470109458796384,-0.0044808685484359675,0.044470109458796384,0.0044808685484359675,-4.3868326995907e-06,6.926368272324119e-07,-103.3316763756072,-103.3208590990562,0.010817276551009058,-103.32489179906482,-103.32574390552271,-0.0008521064578985715,-0.10744274775892886
UAV_0006,telemetry_19,278,0.7464455150703385,0.7262869336532636,-0.7464455150703385,-0.7262869336532636,0.007424982488933618,0.0074087244681100145,33504.56211021656,33507.57949294525,3.01738272869261,33504.873722115044,33506.556504134256,1.682782019212027,2.104246752106602
UAV_0006,telemetry_20,278,,,,,0.0,0.0,-164.8973841769026,-164.8973841769026,0.0,-164.8973841769026,-164.8973841769026,0.0,0.0
UAV_0006,telemetry_21,278,0.7978890291062738,0.802422451280192,-0.7978890291062738,-0.802422451280192,0.008375624592478696,0.00728083694014821,34961.20358057365,34964.29380953168,3.090228958026273,34961.358617570695,34963.26110546662,1.9024878959244234,2.2543083309423717
UAV_0006,telemetry_22,278,0.6296296856431005,0.6150125852878495,-0.6296296856431005,-0.6150125852878495,0.6051318389988746,0.5216512293850069,23007.492147589743,23285.16144889391,277.66930130416586,23046.472405522796,23183.11922936483,136.6468238420348,1.7684828678614646
UAV_0006,telemetry_23,278,-0.7341500048954854,-0.7142794905801223,0.7341500048954854,0.7142794905801223,-0.12854427392688653,-0.11130643592478481,-17386.433475742917,-17416.408707439754,-29.975231696837,-17378.594968525478,-17408.35344079031,-29.758472264831653,-2.1140187048722
UAV_0006,telemetry_24,278,0.11616104879509474,0.7560720725853227,-0.11616104879509474,-0.7560720725853227,0.04826255635427019,0.04484400008478549,-3640.1170996692217,-3626.995532541996,13.121567127225717,-3639.1326428063808,-3627.6388102994706,11.493832506910167,0.34409724092933336
UAV_0006,telemetry_25,278,-0.8410946273256328,-0.8399626055875068,0.8410946273256328,0.8399626055875068,-0.007464889092546474,-0.0071490645177272405,-171.41002025290925,-174.53952324554436,-3.1295029926351106,-172.13379920439593,-173.8325637449543,-1.6987645405583862,-2.38078846475575
UAV_0006,telemetry_26,278,0.8157013188754157,0.8019238060764609,-0.8157013188754157,-0.8019238060764609,0.09386334897876715,0.09603970288552091,-7473.114328313063,-7441.108191223418,32.00613708964556,-7470.871745837611,-7449.478790497505,21.39295534010671,2.3124482739211594
UAV_0006,telemetry_27,278,,,,,0.0,0.0,969.0302044744708,969.0302044744708,0.0,969.030204474471,969.030204474471,0.0,0.0
UAV_0006,telemetry_28,278,-0.8151769902995478,-0.8117526940366887,0.8151769902995478,0.8117526940366887,-0.596765037867095,-0.5728376723282511,-9722.567936569942,-9933.966520453569,-211.398583883627,-9755.574125570332,-9894.961626903387,-139.3875013330544,-2.368309719454211
UAV_0007,telemetry_01,424,-0.06788564633192276,-0.060995741532261234,0.06788564633192276,0.060995741532261234,-0.005701263624903578,-0.0019198764488912417,86.31228684181247,84.07682374912305,-2.2354630926894146,88.03850312254414,86.00600993649068,-2.0324931860534576,-0.19749184273407808
UAV_0007,telemetry_02,424,0.12455234013022456,0.10700939066915403,-0.12455234013022456,-0.10700939066915403,0.007930139793784811,0.012305469007755199,10.837868211214955,21.461068397230665,10.62320018601571,10.35406153726198,13.142406341574198,2.788344804312217,0.35738042037857776
UAV_0007,telemetry_03,424,,,,,0.0,0.0,30377.82504938608,30377.82504938608,0.0,30377.82504938607,30377.825049386065,-3.637978807091713e-12,-0.43552967597479336
UAV_0007,telemetry_04,424,0.032985735548746065,0.040726709895799615,-0.032985735548746065,-0.040726709895799615,2.1407104359122774e-05,2.7780481163614657e-05,-125.86105388815515,-125.87527727747594,-0.014223389320790147,-125.91110442674776,-125.89626650893949,0.014837917808264933,0.18657542405644748
UAV_0007,telemetry_05,424,-0.007978456409818405,-0.010644595051991088,0.007978456409818405,0.010644595051991088,-1.6499457930547662e-07,-2.2108053352546514e-07,-113.52487587596104,-113.5269084050846,-0.0020325291235536724,-113.52600775733019,-113.52617784369681,-0.00017008636662296794,-0.0671169069380678
UAV_0007,telemetry_06,424,-0.7022286300920854,-0.6776940352708916,0.7022286300920854,0.6776940352708916,-0.008037992081826697,-0.008357384047209605,-136.92023104382565,-141.66051867335335,-4.7402876295277,-138.12134456487343,-141.03354389831478,-2.9121993334413503,-2.0761813504276305
UAV_0007,telemetry_07,424,0.6319912350822094,0.6478048438130158,-0.6319912350822094,-0.6478048438130158,0.0001874565339221159,0.0,140.5912754437698,140.7631728418209,0.17189739805110094,140.5912754437698,140.66913485347527,0.0778594097054679,2.142075672869663
UAV_0007,telemetry_08,424,,,,,0.0,0.0,-4680.605940223165,-4680.605940223165,0.0,-4680.605940223163,-4680.605940223163,0.0,0.0
UAV_0007,telemetry_09,424,0.0019771283613297334,-0.0065933045237364304,-0.0019771283613297334,0.0065933045237364304,0.0001601081956728725,0.009731288001602108,-141.61575854074715,-142.16706053214497,-0.5513019913978212,-150.59625706308097,-150.65966954897328,-0.06341248589231441,-0.00639012437350474
UAV_0007,telemetry_10,424,0.05772392664979501,0.07580639321164033,-0.05772392664979501,-0.07580639321164033,0.001312586733196592,-0.0010800252133694548,-59.13766807369135,-62.73756431730681,-3.5998962436154613,-62.73689114892703,-62.22251989532814,0.5143712535988882,0.18459408253495405
UAV_0007,telemetry_11,424,-0.25100202346325934,-0.7210574505950836,0.25100202346325934,0.7210574505950836,-0.001580883733847549,-0.001477022327329922,62.24662450539157,61.47579956266322,-0.7708249427283533,62.2348688030925,61.72235327178993,-0.5125155313025758,-0.6640450630155592
UAV_0007,telemetry_12,424,0.7194180858084821,0.6998810371566442,-0.7194180858084821,-0.6998810371566442,0.014908731724846646,0.01166281829726561,635.0637909711295,644.2529112481993,9.189120277069833,637.5847278041738,642.935255638137,5.35052783396327,2.106931950379179
UAV_0007,telemetry_13,424,0.6729169848777686,0.647415716186113,-0.6729169848777686,-0.647415716186113,0.02829071415862967,0.030161849347634228,7129.455630622121,7137.103931362742,7.648300740620471,7127.994095042418,7138.038013668139,10.043918625720835,1.9495482796563617
UAV_0007,telemetry_14,424,,,,,0.0,0.0,-648.8153498138018,-648.8153498138018,0.0,-648.8153498138021,-648.8153498138021,0.0,0.0
UAV_0007,telemetry_15,424,0.8311813774373414,0.8829961110146534,-0.8311813774373414,-0.8829961110146534,0.6338258050416242,0.5525363207542119,49972.51205560447,50339.800633623534,367.2885780190627,49958.91909480626,50186.79148091997,227.8723861137114,2.4385452413051687
UAV_0007,telemetry_16,424,-0.6975079509603656,-0.6626723566105572,0.6975079509603656,0.6626723566105572,-0.017135843236005952,-0.012824070526564552,-691.1305885403375,-701.5364328583291,-10.405844317991637,-692.5996489146422,-698.6595229586491,-6.059874044006847,-2.012892163710549
UAV_0007,telemetry_17,424,,,,,0.0,0.0,40.41581228213973,40.41581228213973,0.0,40.41581228213972,40.41581228213971,-7.105427357601002e-15,-0.4503114933415253
UAV_0007,telemetry_18,424,0.3363725845801682,0.10768145716737115,-0.3363725845801682,-0.10768145716737115,8.37752729799895e-05,6.948787479166164e-06,-102.98301527831484,-102.983202727126,-0.0001874488111610617,-103.00335765583374,-102.97443315911931,0.028924496714424208,0.9477281516135201
UAV_0007,telemetry_19,424,0.8103417613428262,0.8510244724144174,-0.8103417613428262,-0.8510244724144174,0.013635039720847283,0.011217940952769689,33502.709117886574,33511.31969129692,8.61057341034757,33502.970475447,33507.92338323178,4.952907784776471,2.4020679327715633
UAV_0007,telemetry_20,424,,,,,0.0,0.0,-164.8973841769026,-164.8973841769026,0.0,-164.89738417690253,-164.89738417690253,0.0,0.0
UAV_0007,telemetry_21,424,0.8074459184006456,0.8483889665001713,-0.8074459184006456,-0.8483889665001713,0.014419402810828636,0.011590929012418533,34959.437735454776,34967.2368847298,7.799149275022501,34959.47582231028,34964.72488348716,5.249061176873511,2.3986176965741572
UAV_0007,telemetry_22,424,0.6970484515935674,0.6697394065536855,-0.6970484515935674,-0.6697394065536855,0.558536290534998,0.43986331723921723,22947.17992789409,23323.18437000639,376.00444211230206,22939.957543870296,23143.893057066274,203.93551319597827,2.076909918016561
UAV_0007,telemetry_23,424,-0.8271431465173231,-0.8718873434560496,0.8271431465173231,0.8718873434560496,-0.2544147858535339,-0.19846275613657935,-17350.967585552735,-17506.38677086986,-155.41918531712508,-17350.688186555162,-17442.316000018214,-91.62781346305201,-2.430965977392066
UAV_0007,telemetry_24,424,-0.31976900843968303,-0.8331072645838745,0.31976900843968303,0.8331072645838745,-0.13992270433024465,-0.13536498065219926,-3634.097753077428,-3746.545542726501,-112.447789649073,-3652.8648146188216,-3695.6241298875943,-42.75931526877275,-0.7974292314794194
UAV_0007,telemetry_25,424,-0.7944387411016651,-0.8000046422456851,0.7944387411016651,0.8000046422456851,-0.005925338490099325,-0.004340503457192264,-171.2884861561079,-174.90412553594848,-3.6156393798405873,-171.04827758831226,-173.16761776459248,-2.119340176280218,-2.3187885677442317
UAV_0007,telemetry_26,424,-0.8380857760751762,-0.9330941321242777,0.8380857760751762,0.9330941321242777,-0.3693369822601224,-0.2817704245220657,-7457.039497129026,-7678.929577580108,-221.8900804510822,-7457.257317845701,-7590.33226747229,-133.07494962658893,-2.46419580372956
UAV_0007,telemetry_27,424,,,,,0.0,0.0,969.0302044744708,969.0302044744708,0.0,969.0302044744712,969.0302044744712,0.0,0.0
UAV_0007,telemetry_28,424,-0.7470225902688111,-0.7376160452137498,0.7470225902688111,0.7376160452137498,-0.37508489957225793,-0.3360553274542767,-9688.568075509093,-9934.754414568031,-246.18633905893876,-9685.350491144767,-9821.449717453363,-136.09922630859546,-2.2119384649257783
UAV_0008,telemetry_01,267,-0.0335677769620141,-0.055363337069825325,0.0335677769620141,0.055363337069825325,-0.00448660510935907,0.0014904979977208637,89.70499778235063,89.16204504867213,-0.5429527336785043,86.89557904990248,86.4279062128071,-0.4676728370953782,-0.04531212982888178
UAV_0008,telemetry_02,267,-0.0349914969439408,-0.04670657021557752,0.0349914969439408,0.04670657021557752,-0.0033225449442358043,0.011227889149552334,13.78231215370007,13.705859227859372,-0.07645292584069807,12.204880346200847,10.777257016933588,-1.4276233292672593,-0.19470311033960913
UAV_0008,telemetry_03,267,,,,,0.0,0.0,30377.82504938608,30377.82504938608,0.0,30377.825049386083,30377.825049386083,0.0,0.0
UAV_0008,telemetry_04,267,0.11253607957940821,0.09704172934091937,-0.11253607957940821,-0.09704172934091937,0.00010346310494494147,1.0172538977896646e-05,-125.90514639504958,-125.86247622708724,0.04267016796234202,-125.89738078590938,-125.88546004568752,0.01192074022185352,0.16791020554160108
UAV_0008,telemetry_05,267,-0.11442456899386165,-0.12001767793624596,0.11442456899386165,0.12001767793624596,-3.7492855373042294e-06,-1.7612143545115536e-06,-113.52412746047128,-113.52508910580804,-0.0009616453367584654,-113.52581715246063,-113.52687165660788,-0.0010545041472482808,-0.41676060142062515
UAV_0008,telemetry_06,267,0.6306552226697456,0.605179917030173,-0.6306552226697456,-0.605179917030173,0.008240567969595122,0.007153615736139665,-136.06985976233312,-134.1499493432932,1.9199104190399225,-136.86538109889767,-135.01558120142957,1.8497998974681025,1.8332732313987832
UAV_0008,telemetry_07,267,,,,,0.0,0.0,140.5912754437698,140.5912754437698,0.0,140.59127544376975,140.59127544376975,0.0,0.0
UAV_0008,telemetry_08,267,,,,,0.0,0.0,-4680.605940223165,-4680.605940223165,0.0,-4680.605940223167,-4680.605940223167,0.0,0.0
UAV_0008,telemetry_09,267,-0.10619772305526068,-0.10083106474890899,0.10619772305526068,0.10083106474890899,-0.012812322431918351,-0.01115601627523334,-162.9150130940672,-148.28498405219224,14.630029041874963,-149.72765258367517,-152.6818732473441,-2.9542206636689343,-0.3171011906306726
UAV_0008,telemetry_10,267,-0.06889429961963854,-0.1291504377243629,0.06889429961963854,0.1291504377243629,-0.0024881913524267573,-0.0002534748126553517,-62.75601965369585,-62.32112163598813,0.43489801770772374,-62.50659564809857,-62.71119104907263,-0.20459540097406403,-0.07336061703707146
UAV_0008,telemetry_11,267,0.11072048836456037,0.6074065574675261,-0.11072048836456037,-0.6074065574675261,0.0009513135309365679,0.0013446520924379844,62.63924843671892,62.91007882200184,0.27083038528292036,62.74483133488452,62.8252115662838,0.08038023139927475,0.12114937170800844
UAV_0008,telemetry_12,267,-0.5905766506537253,-0.5773748050860719,0.5905766506537253,0.5773748050860719,-0.014001613933237471,-0.011444782953779153,634.5310883463717,630.9353456292574,-3.5957427171142626,635.2808179664011,632.242440032598,-3.0383779338030763,-1.6596158064796525
UAV_0008,telemetry_13,267,0.5355775788776551,0.5124747975926736,-0.5355775788776551,-0.5124747975926736,0.028961626442620132,0.0320280336913526,7134.541236349184,7146.788177949549,12.246941600365062,7137.728380400327,7144.09164458206,6.3632641817330295,1.5238667375167345
UAV_0008,telemetry_14,267,,,,,0.0,0.0,-648.8153498138018,-648.8153498138018,0.0,-648.815349813802,-648.815349813802,0.0,
UAV_0008,telemetry_15,267,0.7875199466404869,0.7851363038253611,-0.7875199466404869,-0.7851363038253611,0.42962241645557814,0.3969584258334265,49977.69295242288,50065.64484364961,87.95189122672309,49938.4787261296,50035.25961480039,96.78088867078623,2.2973746786432487
UAV_0008,telemetry_16,267,-0.6560736594425197,-0.6567542285665494,0.6560736594425197,0.6567542285665494,-0.018669828996618378,-0.019708038481045843,-694.5992033130013,-705.005047630993,-10.405844317991637,-696.5904451269379,-700.6050455582621,-4.014600431324197,-1.8269311629338558
UAV_0008,telemetry_17,267,,,,,0.0,0.0,40.41581228213973,40.41581228213973,0.0,40.415812282139726,40.41581228213972,-7.105427357601002e-15,-0.41253550226253183
UAV_0008,telemetry_18,267,-0.03087382585598925,-0.008480239673475151,0.03087382585598925,0.008480239673475151,-3.087742515115358e-06,-5.6048446911010524e-06,-103.32478022361776,-103.33372512093976,-0.008944897321995882,-103.32747642691203,-103.32754442734202,-6.800042999088873e-05,-0.008804985128683034
UAV_0008,telemetry_19,267,0.6610952501123276,0.6641412772245893,-0.6610952501123276,-0.6641412772245893,0.004948707877035259,0.0046076870498137565,33505.34091217814,33507.11933136583,1.7784191876926343,33505.65470369411,33506.677960272944,1.0232565788319334,1.770208246551352
UAV_0008,telemetry_20,267,,,,,0.0,0.0,-164.8973841769026,-164.8973841769026,0.0,-164.89738417690256,-164.89738417690256,0.0,0.0
UAV_0008,telemetry_21,267,0.6494739577082325,0.6421678103765651,-0.6494739577082325,-0.6421678103765651,0.0051854936621528675,0.004238997198948627,34962.08650313309,34964.58811705149,2.5016139184008352,34962.269082798164,34963.41633711149,1.1472543133277213,1.8607967049537268
UAV_0008,telemetry_22,267,0.6309052447988996,0.6301435974596236,-0.6309052447988996,-0.6301435974596236,0.6158613593203002,0.6366302641466842,23094.172753190996,23218.002189764204,123.8294365732072,23069.153271823237,23200.36930964563,131.21603782239254,1.740747165220808
UAV_0008,telemetry_23,267,-0.8282555411459531,-0.8299393881315733,0.8282555411459531,0.8299393881315733,-0.1884961357830113,-0.18099881160077408,-17351.902463093338,-17407.883047847943,-55.98058475460493,-17352.834243084933,-17394.118546722933,-41.28430363799998,-2.349170061510768
UAV_0008,telemetry_24,267,0.047051178641933644,0.6922891666530069,-0.047051178641933644,-0.6922891666530069,0.029844180969995873,0.042441198216924395,-3645.996943488399,-3626.114820366104,19.88212312229507,-3635.912667422277,-3632.679733664392,3.2329337578848936,0.06600475808924132
UAV_0008,telemetry_25,267,-0.7981640966141734,-0.7881866597648406,0.7981640966141734,0.7881866597648406,-0.0058872462335133055,-0.005724226444245121,-172.86842941452562,-174.6306738181454,-1.7622444036197749,-172.60848148525605,-173.8958426587816,-1.2873611735255395,-2.260205824967302
UAV_0008,telemetry_26,267,0.7400982083183919,0.7292775765052534,-0.7400982083183919,-0.7292775765052534,0.07495797546541676,0.07176263921444911,-7468.952095238626,-7437.0894834274095,31.862611811216084,-7465.071596969991,-7448.685794349359,16.385802620632603,2.0951099486336733
UAV_0008,telemetry_27,267,,,,,0.0,0.0,969.0302044744708,969.0302044744708,0.0,969.0302044744706,969.0302044744706,0.0,0.0
UAV_0008,telemetry_28,267,-0.7361252344131772,-0.7296574490057106,0.7361252344131772,0.7296574490057106,-0.44428299097162155,-0.42258279875804,-9786.955997722402,-9920.222636984205,-133.266639261803,-9793.01233098888,-9894.131966120467,-101.11963513158662,-2.169677113398813
UAV_0009,telemetry_01,406,-0.06635950970509152,-0.036237491409905204,0.06635950970509152,0.036237491409905204,-0.006384310262881115,-0.007018178984180393,106.05116440538684,93.28460976739632,-12.766554637990524,87.6980797319906,85.84667459174942,-1.8514051402411837,-0.1639913914440196
UAV_0009,telemetry_02,406,0.0725521485099217,0.08056233573474952,-0.0725521485099217,-0.08056233573474952,0.004757542481672858,0.008669783233515598,17.35563450980338,17.337547370575802,-0.01808713922757832,10.73738909761525,12.485663508392365,1.7482744107771158,0.2271996225116562
UAV_0009,telemetry_03,406,,,,,0.0,0.0,30377.82504938608,30377.82504938608,0.0,30377.825049386076,30377.82504938607,-7.275957614183426e-12,-0.7998815078124287
UAV_0009,telemetry_04,406,0.05828233148496034,0.07907932315246084,-0.05828233148496034,-0.07907932315246084,3.003235404403755e-05,-9.016977777939468e-06,-125.90230171718544,-125.90941341184585,-0.0071116946604092846,-125.89936237535854,-125.88652864180037,0.012833733558167637,0.21224182034001293
UAV_0009,telemetry_05,406,0.007883983626855247,0.008079642562401183,-0.007883983626855247,-0.008079642562401183,1.7640929111686145e-07,6.772049112321867e-07,-113.5293887972612,-113.52761984515747,0.0017689521037311806,-113.5257451237906,-113.52553545964224,0.00020966414835754676,0.07985071971173317
UAV_0009,telemetry_06,406,-0.6956845278798266,-0.6754571067867203,0.6956845278798266,0.6754571067867203,-0.007030742383324515,-0.006947092431718057,-139.1156667676201,-142.42823236341957,-3.3125655957994695,-139.56110443464715,-141.94140480859403,-2.3803003739468807,-2.00711994276651
UAV_0009,telemetry_07,406,0.8098980379883813,0.8222785879157313,-0.8098980379883813,-0.8222785879157313,0.00032472043713545134,0.00025057929745058447,140.5912754437698,140.7631728418209,0.17189739805110094,140.59127544376977,140.68980200118932,0.09852655741954663,2.094133836482774
UAV_0009,telemetry_08,406,,,,,0.0,0.0,-4680.605940223165,-4680.605940223165,0.0,-4680.605940223164,-4680.605940223164,0.0,0.0
UAV_0009,telemetry_09,406,-0.07330204177644183,-0.07977713494954874,0.07330204177644183,0.07977713494954874,-0.006412046236453016,-0.02300245738081287,-172.5424750117519,-159.84379575953614,12.698679252215754,-151.97964518325566,-155.10079779733715,-3.1211526140814954,-0.3040638798658679
UAV_0009,telemetry_10,406,-0.00887233917389307,0.008264870333835852,0.00887233917389307,-0.008264870333835852,-0.00016703919860762393,0.00022803305990242746,-60.60120105520264,-62.433554597809945,-1.8323535426073079,-62.304795019717616,-62.50575387960915,-0.20095885989153572,-0.09096143388714821
UAV_0009,telemetry_11,406,-0.30736673430319456,-0.7017142595905994,0.30736673430319456,0.7017142595905994,-0.001469808377186208,-0.001239044224610045,62.02333633764352,61.51158977136925,-0.5117465662742688,62.25577381100989,61.735381178216244,-0.5203926327936443,-0.9273799149857277
UAV_0009,telemetry_12,406,0.6986174531214796,0.683515525545923,-0.6986174531214796,-0.683515525545923,0.012557931375629687,0.012992746945311582,639.7249389377591,647.5823026529349,7.857363715175779,640.0724949185462,644.3779664375479,4.305471519001685,2.041138375558539
UAV_0009,telemetry_13,406,0.6055027571901115,0.5896026792578517,-0.6055027571901115,-0.5896026792578517,0.0237512956947454,0.021966919149493124,7132.282185181492,7143.283075155002,11.000889973509402,7131.549924065877,7139.728530089544,8.178606023666362,1.7767998473898172
UAV_0009,telemetry_14,406,,,,,0.0,0.0,-648.8153498138018,-648.8153498138018,0.0,-648.815349813802,-648.815349813802,0.0,
UAV_0009,telemetry_15,406,0.8231726937068397,0.8555546629872465,-0.8231726937068397,-0.8555546629872465,0.5494940719338955,0.4794763567114832,50046.21648058059,50343.0078554635,296.7913748829087,50036.92727098313,50227.27934713356,190.35207615043328,2.430054219220712
UAV_0009,telemetry_16,406,-0.6513624770847608,-0.6288627709698154,0.6513624770847608,0.6288627709698154,-0.014416857211292022,-0.015146821493110406,-696.3335106993333,-705.005047630993,-8.671536931659716,-694.7472539435419,-699.7809753819199,-5.033721438378052,-1.9380800878486402
UAV_0009,telemetry_17,406,,,,,0.0,0.0,40.41581228213973,40.41581228213973,0.0,40.41581228213972,40.41581228213973,1.4210854715202004e-14,1.2213569122833507
UAV_0009,telemetry_18,406,-0.14877796982758107,-0.06523774109981006,0.14877796982758107,0.06523774109981006,-1.3593668369721947e-05,-1.1767945137809659e-06,-103.23230514467478,-103.23932637488468,-0.007021230209900864,-103.24099465830444,-103.24623774371499,-0.005243085410540971,-0.4890117467284415
UAV_0009,telemetry_19,406,0.8212874348977701,0.8345612966302621,-0.8212874348977701,-0.8345612966302621,0.01207882677772857,0.009567773358567584,33505.015619239515,33511.037133230704,6.02151399118884,33504.97149237125,33509.116562272044,4.145069900790986,2.401777022813722
UAV_0009,telemetry_20,406,,,,,0.0,0.0,-164.8973841769026,-164.8973841769026,0.0,-164.89738417690256,-164.89738417690256,0.0,
UAV_0009,telemetry_21,406,0.8326294223524714,0.8555100868424987,-0.8326294223524714,-0.8555100868424987,0.013005516093235844,0.011338512475981858,34961.79219561328,34968.11980728923,6.32761167595163,34961.59658878609,34966.04888730227,4.452298516182054,2.4290633379641466
UAV_0009,telemetry_22,406,0.6770062320921441,0.6630896537367434,-0.6770062320921441,-0.6630896537367434,0.5115936776541575,0.5739202509433624,22974.4224039402,23227.034454549543,252.612050609343,22992.2719641877,23167.42044100271,175.1484768150076,1.9751690155773265
UAV_0009,telemetry_23,406,-0.8510746378700644,-0.8817662265938129,0.8510746378700644,0.8817662265938129,-0.22643879084817234,-0.22182499444282297,-17395.996418908795,-17490.350725726817,-94.35430681802245,-17379.30177729364,-17456.59254213004,-77.29076483640165,-2.475567816694113
UAV_0009,telemetry_24,406,-0.38433265956259755,-0.8894401790953514,0.38433265956259755,0.8894401790953514,-0.1417342573827463,-0.12559484827508666,-3666.470644659288,-3748.490672289049,-82.02002762976099,-3672.9334793749063,-3722.1350935232626,-49.201614148356384,-1.1369522123880247
UAV_0009,telemetry_25,406,-0.7983405156223691,-0.7889865809205424,0.7983405156223691,0.7889865809205424,-0.005212303398785926,-0.004585344293604118,-171.56193787391095,-174.56990676974473,-3.007968895833784,-171.7242303568347,-173.47609989853242,-1.7518695416977152,-2.286602355365852
UAV_0009,telemetry_26,406,-0.8623317251048221,-0.947745302523723,0.8623317251048221,0.947745302523723,-0.32139995564667956,-0.2492943307609677,-7512.583779881012,-7691.70332736028,-179.11954747926848,-7513.240145483583,-7623.085992113351,-109.84584662976795,-2.5115544249206043
UAV_0009,telemetry_27,406,,,,,0.0,0.0,969.0302044744708,969.0302044744708,0.0,969.0302044744711,969.0302044744711,0.0,0.0
UAV_0009,telemetry_28,406,-0.7537918534720457,-0.7305862961035375,0.7537918534720457,0.7305862961035375,-0.3640590060210838,-0.3571083689751079,-9720.535897130045,-9939.823181858412,-219.287284728367,-9725.648330687529,-9849.960853986393,-124.31252329886411,-2.1934358834516985
UAV_0010,telemetry_01,481,-0.036477790267593714,-0.02484709414169995,0.036477790267593714,0.02484709414169995,-0.0029508569211945234,-0.003461549680614918,94.64138794827934,82.99511713792594,-11.6462708103534,87.18635121042045,86.29332319221608,-0.8930280182043759,-0.07942185388309816
UAV_0010,telemetry_02,481,0.008707167633391596,0.007256450513711925,-0.008707167633391596,-0.007256450513711925,0.0004762360334425447,0.007751150935204216,18.52539285089895,31.71271965671537,13.187326805816422,11.880939673043722,11.496748079452013,-0.3841915935917086,-0.050535559351993165
UAV_0010,telemetry_03,481,,,,,0.0,0.0,30377.82504938608,30377.82504938608,0.0,30377.825049386076,30377.825049386072,-3.637978807091713e-12,-0.36807391666444456
UAV_0010,telemetry_04,481,-0.038006400027974264,0.032262749904042806,0.038006400027974264,-0.032262749904042806,-1.6461733849264807e-05,-2.4664836972452035e-05,-125.94070486835156,-125.92648147903076,0.014223389320804358,-125.8918690820845,-125.90023514668837,-0.008366064603876566,-0.1389622825125584
UAV_0010,telemetry_05,481,0.021080448150934145,0.02174012905340706,-0.021080448150934145,-0.02174012905340706,3.877198863587816e-07,-5.292166020613738e-07,-113.52236563366498,-113.52241051469412,-4.488102914024239e-05,-113.52556639803655,-113.52554172965972,2.4668376823910876e-05,0.009649324289501101
UAV_0010,telemetry_06,481,-0.45618125936279913,-0.42516942323505114,0.45618125936279913,0.42516942323505114,-0.003397177530523798,-0.003942868875816625,-137.5526868570123,-140.66487041299018,-3.1121835559778788,-137.88025726502207,-139.3637040979688,-1.4834468329467256,-1.4331305314601508
UAV_0010,telemetry_07,481,0.459741399245975,0.45974139924597496,-0.459741399245975,-0.45974139924597496,7.58309813824775e-05,0.0,140.5912754437698,140.67722414279535,0.08594869902555047,140.59127544376977,140.62405999906818,0.03278455529840585,1.4299827533525529
UAV_0010,telemetry_08,481,,,,,0.0,0.0,-4680.605940223165,-4680.605940223165,0.0,-4680.605940223164,-4680.605940223164,0.0,0.0
UAV_0010,telemetry_09,481,-0.0592148024021333,-0.056495587512185017,0.0592148024021333,0.056495587512185017,-0.004192012271501627,-0.01957103888419095,-137.133795047922,-165.2701488938256,-28.136353845903585,-152.0534746048961,-154.52548332675622,-2.4720087218601066,-0.251218896449173
UAV_0010,telemetry_10,481,0.02255682101441333,-0.02918108021842461,-0.02255682101441333,0.02918108021842461,0.00040361438672540203,0.0008454332728640005,-62.22418351560013,-61.65991686442992,0.5642666511702146,-62.12278343232444,-62.19311757489342,-0.0703341425689814,-0.028279519006733315
UAV_0010,telemetry_11,481,-0.2821684582264626,-0.6856463051410636,0.2821684582264626,0.6856463051410636,-0.0013308966648380065,-0.0012288454532319167,62.5714072948433,61.488619935931055,-1.0827873589122419,62.41190416040725,61.8433679187703,-0.5685362416369557,-0.8671951661446765
UAV_0010,telemetry_12,481,0.4057467213813197,0.3404782655844084,-0.4057467213813197,-0.3404782655844084,0.0055725035588243925,0.003648648114779085,637.7273040949178,644.7856138729571,7.058309778039302,637.371711363443,639.7606355053975,2.3889241419545897,1.251415672722133
UAV_0010,telemetry_13,481,0.5036173403416437,0.4450066208883636,-0.5036173403416437,-0.4450066208883636,0.018927288343301707,0.019952888271373745,7133.555293841384,7142.864426351914,9.309132510529707,7128.811967993523,7137.385207603688,8.573239610165729,1.6411633291734522
UAV_0010,telemetry_14,481,,,,,0.0,0.0,-648.8153498138018,-648.8153498138018,0.0,-648.8153498138018,-648.8153498138018,0.0,0.0
UAV_0010,telemetry_15,481,0.7629666869883097,0.7796506376423674,-0.7629666869883097,-0.7796506376423674,0.49812970876861073,0.39503175990388395,49923.72527723116,50305.0762894716,381.35101224044047,49944.797309700705,50152.54122570616,207.7439160054564,2.2892119878329797
UAV_0010,telemetry_16,481,-0.6391345219393035,-0.5961008107997107,0.6391345219393035,0.5961008107997107,-0.013004574994042261,-0.009225039288999577,-692.8648959266694,-699.8021254719972,-6.937229545327796,-691.8815257591617,-697.4599165275694,-5.578390768407644,-1.9724209726561794
UAV_0010,telemetry_17,481,,,,,0.0,0.0,40.41581228213973,40.41581228213973,0.0,40.415812282139726,40.415812282139726,0.0,0.0
UAV_0010,telemetry_18,481,0.9253270225083547,0.9665898542973231,-0.9253270225083547,-0.9665898542973231,0.002135599034846108,0.001991906714714736,-103.06637556026698,-101.92739453262156,1.1389810276454142,-103.06401705309585,-102.22647637631908,0.8375406767767686,2.6108144247924865
UAV_0010,telemetry_19,481,0.5613230213634133,0.617159531059946,-0.5613230213634133,-0.617159531059946,0.011434897719591167,0.0058606275033641015,33502.89286727111,33509.04459650214,6.151729231030913,33501.31184257132,33506.02475428512,4.712911713802896,1.6644258025838776
UAV_0010,telemetry_20,481,,,,,0.0,0.0,-164.8973841769026,-164.8973841769026,0.0,-164.89738417690256,-164.89738417690256,0.0,0.0
UAV_0010,telemetry_21,481,0.5694785992172582,0.6143256452990983,-0.5694785992172582,-0.6143256452990983,0.01215180683691401,0.006131406662714451,34958.996274175064,34966.206808410454,7.210534235389787,34957.77049852553,34962.82075488355,5.0502563580157585,1.7027251094445766
UAV_0010,telemetry_22,481,0.6217632538315508,0.5779452807558637,-0.6217632538315508,-0.5779452807558637,0.43297231435439576,0.34518410395964594,22855.69182652,23323.33005169648,467.6382251764808,22925.01678665078,23106.09011618928,181.07332953849982,1.8707423491008845
UAV_0010,telemetry_23,481,-0.7546983543449867,-0.7732386711639824,0.7546983543449867,0.7732386711639824,-0.19171802418167436,-0.1442297719377048,-17353.076307799947,-17498.917552686165,-145.8412448862182,-17346.236704275656,-17426.42233942894,-80.18563515328424,-2.270918758649529
UAV_0010,telemetry_24,481,-0.2583640848042393,-0.6303723009635872,0.2583640848042393,0.6303723009635872,-0.0834453733100855,-0.06976099570670459,-3633.2126232928913,-3723.339436881728,-90.12681358883674,-3631.394286825389,-3669.366776643345,-37.9724898179561,-0.8458503247262479
UAV_0010,telemetry_25,481,-0.67449520096249,-0.6253319028703807,0.67449520096249,0.6253319028703807,-0.004075002352062958,-0.003017016990394406,-171.19733558350686,-174.8737420117481,-3.6764064282412505,-171.1318700519824,-172.8308415495355,-1.6989714975531172,-2.023166657450645
UAV_0010,telemetry_26,481,-0.7010635186019387,-0.6669349215577702,0.7010635186019387,0.6669349215577702,-0.19549506165154482,-0.11922537816436732,-7453.307839889875,-7624.246446498696,-170.93860660882092,-7451.896261378318,-7536.339432924063,-84.44317154574492,-2.1786159507054093
UAV_0010,telemetry_27,481,,,,,0.0,0.0,969.0302044744708,969.0302044744708,0.0,969.0302044744711,969.0302044744711,0.0,0.0
UAV_0010,telemetry_28,481,-0.6346767104072227,-0.5796352688468871,0.6346767104072227,0.5796352688468871,-0.2740929763625449,-0.2325758166097394,-9656.957244678504,-9894.424419068104,-237.46717438959968,-9688.137708236281,-9805.69881689801,-117.56110866172821,-1.9584518292520936
UAV_0011,telemetry_01,197,0.06407793697430776,0.055117109141764695,-0.06407793697430776,-0.055117109141764695,0.011054428926637296,-0.01207098824561927,92.52266877363132,100.76627748988618,8.243608716254855,85.96698673562794,87.92260500566556,1.9556182700376183,0.1988296783321882
UAV_0011,telemetry_02,197,-0.010919429481072282,-0.008177705784667352,0.010919429481072282,0.008177705784667352,-0.001286495005456494,-0.010919396817018171,3.8177357043324873,4.160837937095082,0.343102232762595,9.695879042499636,10.208444868159635,0.5125658256599994,0.07630735591364912
UAV_0011,telemetry_03,197,,,,,0.0,0.0,30377.82504938608,30377.82504938608,0.0,30377.82504938608,30377.82504938608,0.0,0.0
UAV_0011,telemetry_04,197,-0.011895204018616788,-0.0503607831691095,0.011895204018616788,0.0503607831691095,-1.020242039811541e-05,-7.592652733942582e-05,-125.8838113110684,-125.92221446223454,-0.03840315116613624,-125.89238090313418,-125.89057210981449,0.0018087933196966333,0.03698984746202711
UAV_0011,telemetry_05,197,-0.0046265991366954895,0.001425212447692506,0.0046265991366954895,-0.001425212447692506,-2.0523341124033396e-07,-5.798142217895281e-07,-113.52855956313093,-113.52670954216585,0.0018500209650795796,-113.5263948815913,-113.52648807266851,-9.319107721239561e-05,-0.036847926590137185
UAV_0011,telemetry_06,197,-0.7187141584513896,-0.6966069125307172,0.7187141584513896,0.6966069125307172,-0.01794650347005844,-0.017238860142889435,-138.2690526493742,-144.44958619011908,-6.180533540744875,-137.94700113974858,-140.85689276458794,-2.9098916248393607,-2.0439867797847104
UAV_0011,telemetry_07,197,0.6503284275716344,0.6626939017212322,-0.6503284275716344,-0.6626939017212322,0.0004086319676853363,0.0,140.5912754437698,140.7631728418209,0.17189739805110094,140.5912754437698,140.67077799036844,0.07950254659863276,2.2192506437527695
UAV_0011,telemetry_08,197,,,,,0.0,0.0,-4680.605940223165,-4680.605940223165,0.0,-4680.605940223165,-4680.605940223165,0.0,0.0
UAV_0011,telemetry_09,197,0.03464891407331295,0.01058235938584017,-0.03464891407331295,-0.01058235938584017,0.005611461527864225,0.031254554246180115,-144.48152352909028,-149.67606496297302,-5.194541433882733,-153.488361227647,-152.8764858252432,0.6118754024037969,0.06626764664714696
UAV_0011,telemetry_10,197,-0.133569157531436,-0.08580626528414782,0.133569157531436,0.08580626528414782,-0.004459972515926949,-0.0014001451483388091,-62.86507545551677,-61.77651864919053,1.0885568063262383,-62.3073300557585,-62.84431529736422,-0.5369852416057199,-0.2820728385315004
UAV_0011,telemetry_11,197,-0.44618758159985983,-0.7094061265260758,0.44618758159985983,0.7094061265260758,-0.004046599105162915,-0.0028131163918851815,62.44160101550651,61.33958309669251,-1.1020179188139991,62.43105091667153,61.76338383164673,-0.667667085024803,-1.291255484278315
UAV_0011,telemetry_12,197,0.7032493783758413,0.6700010907872094,-0.7032493783758413,-0.6700010907872094,0.03105860036019612,0.03329391404735598,637.8604797511073,648.5145322462608,10.654052495153564,637.4809291309673,642.5649098059985,5.083980675031171,2.019092809949439
UAV_0011,telemetry_13,197,0.6586311115507717,0.6059805555817159,-0.6586311115507717,-0.6059805555817159,0.057703238773399675,0.0517148013041336,7128.368312290015,7144.8458563056565,16.477544015641797,7128.234587662484,7138.421467585354,10.186879922869593,2.039426946826481
UAV_0011,telemetry_14,197,,,,,0.0,0.0,-648.8153498138018,-648.8153498138018,0.0,-648.8153498138018,-648.8153498138018,0.0,
UAV_0011,telemetry_15,197,0.806822330149217,0.8572832262707859,-0.806822330149217,-0.8572832262707859,1.3354440381836732,1.0318995013424899,49954.193884710825,50331.84425636669,377.65037165586546,49956.836758861646,50181.53811322346,224.7013543618159,2.381128432202125
UAV_0011,telemetry_16,197,-0.6611605520895837,-0.6083836084340647,0.6611605520895837,0.6083836084340647,-0.03272899570532138,-0.028705832041702573,-694.5992033130013,-701.5364328583291,-6.937229545327796,-692.8215382420111,-698.5447526169065,-5.723214374895406,-2.0278656695663853
UAV_0011,telemetry_17,197,,,,,0.0,0.0,40.41581228213973,40.41581228213973,0.0,40.41581228213973,40.41581228213973,0.0,0.0
UAV_0011,telemetry_18,197,0.6161555195136702,0.4837324869957213,-0.6161555195136702,-0.4837324869957213,0.0004717801615271987,0.00027174877471778725,-102.99116103786452,-102.97574397645307,0.015417061411440613,-102.99444119001365,-102.92002798195486,0.07441320805878604,1.7046122742361927
UAV_0011,telemetry_19,197,0.7988849206751123,0.8472935090048942,-0.7988849206751123,-0.8472935090048942,0.029060843824918386,0.023741382112980346,33502.78891132572,33511.62424287409,8.83533154836914,33502.82400524577,33507.67679119816,4.85278595238924,2.339871748486572
UAV_0011,telemetry_20,197,,,,,0.0,0.0,-164.8973841769026,-164.8973841769026,0.0,-164.8973841769026,-164.8973841769026,0.0,
UAV_0011,telemetry_21,197,0.7940112233713986,0.8482712704332197,-0.7940112233713986,-0.8482712704332197,0.02938788300681846,0.02207306398590845,34959.437735454776,34968.708422328855,9.27068687407882,34959.46348736276,34964.33795565965,4.874468296889972,2.309992149365963
UAV_0011,telemetry_22,197,0.711769312504507,0.7033186952879877,-0.711769312504507,-0.7033186952879877,1.268556053176868,1.2088867626127495,22897.356789884638,23339.79208267621,442.43529279157156,22933.285536702122,23138.80233894888,205.51680224675874,2.0225620140094698
UAV_0011,telemetry_23,197,-0.8124537682911426,-0.8511343623743916,0.8124537682911426,0.8511343623743916,-0.5355632472695706,-0.43252204630725144,-17341.284111581033,-17513.945530007826,-172.6614184267928,-17349.400552949064,-17438.416309135,-89.01575618593415,-2.3685343718019882
UAV_0011,telemetry_24,197,-0.606554523086006,-0.879976079033367,0.606554523086006,0.879976079033367,-0.4294086353812125,-0.29633403698226213,-3634.969897230498,-3738.590418424704,-103.6205211942056,-3636.7099719107864,-3704.5472695239464,-67.83729761315999,-1.68070899938275
UAV_0011,telemetry_25,197,-0.7757156328591264,-0.761108763572525,0.7757156328591264,0.761108763572525,-0.012454661050677066,-0.010127841400113387,-171.1669520593065,-174.56990676974473,-3.402954710438223,-170.95806533042918,-173.07655655529794,-2.1184912248687624,-2.3143136409886687
UAV_0011,telemetry_26,197,-0.8234822991559235,-0.910814533709117,0.8234822991559235,0.910814533709117,-0.7694432128168515,-0.5812773776370175,-7450.867910156585,-7674.480293948812,-223.61238379222686,-7453.838883420062,-7582.932695102936,-129.09381168287382,-2.4233047536827845
UAV_0011,telemetry_27,197,,,,,0.0,0.0,969.0302044744708,969.0302044744708,0.0,969.0302044744709,969.0302044744709,0.0,0.0
UAV_0011,telemetry_28,197,-0.7417841496019002,-0.7216582064297802,0.7417841496019002,0.7216582064297802,-0.8444711212868461,-0.6711711103868168,-9649.50337952709,-9938.296193033151,-288.79281350606107,-9681.930805666376,-9822.574222750034,-140.64341708365828,-2.1668910261382424
UAV_0012,telemetry_01,170,-0.011041437338798437,0.01400455541917795,0.011041437338798437,-0.01400455541917795,-0.0024983995991548196,0.01488500974874375,94.50967294769592,92.54124169973088,-1.968431247965043,88.56648544428295,86.72050155424004,-1.845983890042902,-0.16575236140445151
UAV_0012,telemetry_02,170,-0.05321536420638607,-0.04756321712739909,0.05321536420638607,0.04756321712739909,-0.007803030636026557,-0.02720951022918991,2.654108801430331,9.876960606367042,7.222851804936711,12.024822693707739,9.985654635483755,-2.039168058223984,-0.2825497019994445
UAV_0012,telemetry_03,170,,,,,0.0,0.0,30377.82504938608,30377.82504938608,0.0,30377.825049386083,30377.82504938608,-3.637978807091713e-12,-0.6218743352054218
UAV_0012,telemetry_04,170,-0.06492825050409519,-0.04251179014701734,0.06492825050409519,0.04251179014701734,-6.302973391995931e-05,-6.0396829878189994e-05,-125.86247622708724,-125.89376768359296,-0.031291456505712745,-125.89134134070885,-125.90157198907622,-0.010230648367368644,-0.21412111307022313
UAV_0012,telemetry_05,170,-0.008442907349719987,-0.0036553269704019883,0.008442907349719987,0.0036553269704019883,-4.4252188180419014e-07,2.6174682581814324e-07,-113.52411236514293,-113.52759961604984,-0.0034872509069145963,-113.52562929620973,-113.5255742143113,5.5081898423736675e-05,0.02135178954082
UAV_0012,telemetry_06,170,0.683209085379206,0.6628053319454815,-0.683209085379206,-0.6628053319454815,0.015564359033773628,0.018004813317643253,-138.08745642578594,-134.62836146336707,3.459094962418874,-137.4723867013485,-135.20644891427858,2.26593778706993,2.0208704874567482
UAV_0012,telemetry_07,170,,,,,0.0,0.0,140.5912754437698,140.5912754437698,0.0,140.59127544376977,140.59127544376977,0.0,0.0
UAV_0012,telemetry_08,170,,,,,0.0,0.0,-4680.605940223165,-4680.605940223165,0.0,-4680.605940223166,-4680.605940223166,0.0,0.0
UAV_0012,telemetry_09,170,-0.003058509625046989,0.006635279462143001,0.003058509625046989,-0.006635279462143001,-0.0005981614103771022,0.022339797175660252,-151.1315641801127,-153.32304476068637,-2.191480580573682,-154.09661500962432,-154.6132139559511,-0.5165989463267806,-0.053667712315100743
UAV_0012,telemetry_10,170,-0.008347510244441962,0.025069460982773677,0.008347510244441962,-0.025069460982773677,-0.00033122646536676645,0.0017050907136119428,-61.41874506664457,-63.406270304922295,-1.9875252382777262,-62.58102258818749,-62.818110985217636,-0.23708839703014917,-0.12139766629834872
UAV_0012,telemetry_11,170,0.42363157010243235,0.7596440619449208,-0.42363157010243235,-0.7596440619449208,0.0036709160759680827,0.0028180414587820834,62.49448505523631,63.26851509128162,0.7740300360453105,62.565939782714366,63.064249957716996,0.4983101750026293,1.1683735690621726
UAV_0012,telemetry_12,170,-0.6584158268593514,-0.63030853209863,0.6584158268593514,0.63030853209863,-0.029535278556859,-0.030724205205207196,637.7273040949178,631.3348725978258,-6.392431497092048,636.6540649832737,632.2906037775381,-4.363461205735575,-1.9763252389218418
UAV_0012,telemetry_13,170,0.6681493023562305,0.658646442071067,-0.6681493023562305,-0.658646442071067,0.06760760135105642,0.0721255947430475,7129.969860742759,7145.044107765903,15.07424702314438,7134.304692816288,7143.841476758807,9.536783942519833,1.9149085676383188
UAV_0012,telemetry_14,170,,,,,0.0,0.0,-648.8153498138018,-648.8153498138018,0.0,-648.8153498138018,-648.8153498138018,0.0,
UAV_0012,telemetry_15,170,-0.15581217017669424,-0.12807967807304788,0.15581217017669424,0.12807967807304788,-0.05992548522496392,-0.016807125552222784,49983.8606867305,49999.896795930326,16.03610919982748,49993.6492438846,49982.824870174714,-10.824373709889187,-0.5718217920107951
UAV_0012,telemetry_16,170,-0.6834929385752532,-0.6853131633844944,0.6834929385752532,0.6853131633844944,-0.03320750508718474,-0.03690015715599831,-694.5992033130013,-701.5364328583291,-6.937229545327796,-695.0582846799715,-699.8531345127718,-4.79484983280031,-2.005122459852797
UAV_0012,telemetry_17,170,,,,,0.0,0.0,40.41581228213973,40.41581228213973,0.0,40.41581228213973,40.41581228213974,7.105427357601002e-15,0.5229366913609342
UAV_0012,telemetry_18,170,-0.04842250591054992,0.039932584681334385,0.04842250591054992,-0.039932584681334385,-8.47513552431051e-06,-1.6314725508031532e-06,-103.2450737424898,-103.32129774569508,-0.076224003205283,-103.32433080783059,-103.3263430047149,-0.002012196884308537,-0.2335819009546392
UAV_0012,telemetry_19,170,0.7991059168646971,0.8021897765646278,-0.7991059168646971,-0.8021897765646278,0.014145830440004234,0.014339334641066376,33504.49006417641,33507.001816963995,2.5117527875845553,33504.80348957813,33506.784682224104,1.9811926459733513,2.273896601883174
UAV_0012,telemetry_20,170,,,,,0.0,0.0,-164.8973841769026,-164.8973841769026,0.0,-164.89738417690262,-164.89738417690262,0.0,0.0
UAV_0012,telemetry_21,170,0.7723308660871729,0.7532523969800752,-0.7723308660871729,-0.7532523969800752,0.013471999010819795,0.013080334213817777,34961.497888093465,34964.73527081139,3.2373827179253567,34961.497888093465,34963.48879190397,1.9909038105033687,2.318941188018249
UAV_0012,telemetry_22,170,0.6458342847138776,0.6398596487818962,-0.6458342847138776,-0.6398596487818962,1.0813603995033405,1.0378794491241499,22939.021753249264,23315.17187705165,376.15012380238477,23036.148592980804,23183.809840149872,147.6612471690678,1.7917824329132905
UAV_0012,telemetry_23,170,-0.426619412830195,-0.4063275138769304,0.426619412830195,0.4063275138769304,-0.07815735103632002,-0.08230741619129561,-17368.566807546962,-17388.998854519683,-20.432046972720855,-17369.905159819577,-17379.98154139807,-10.076381578492146,-1.117489611485168
UAV_0012,telemetry_24,170,0.1627649109440368,0.7719261606853891,-0.1627649109440368,-0.7719261606853891,0.11980949396715276,0.08472175351224065,-3643.774206366287,-3628.3029436848096,15.471262681477583,-3645.2587949972476,-3622.5568634506017,22.701931546645937,0.6266145399142785
UAV_0012,telemetry_25,170,-0.8347628852396084,-0.8352313417882453,0.8347628852396084,0.8352313417882453,-0.012046132894499817,-0.012153409680136267,-172.47344359992118,-174.32683857614197,-1.853394976220784,-172.14548026517042,-173.82014862844807,-1.6746683632776467,-2.3578295405459935
UAV_0012,telemetry_26,170,0.8110088798967268,0.8039777531187997,-0.8110088798967268,-0.8039777531187997,0.15315568166552332,0.1535503405666985,-7468.952095238626,-7441.251716501847,27.700378736778475,-7472.029446061409,-7450.0152011494465,22.014244911962123,2.3684509646053145
UAV_0012,telemetry_27,170,,,,,0.0,0.0,969.0302044744708,969.0302044744708,0.0,969.0302044744708,969.0302044744708,0.0,0.0
UAV_0012,telemetry_28,170,-0.7820933001275306,-0.7572828695476945,0.7820933001275306,0.7572828695476945,-0.8787928840743393,-0.8823457984460106,-9766.970573722534,-9960.851113955709,-193.88054023317454,-9762.927789454292,-9891.003267055752,-128.07547760146008,-2.3158270642504024
UAV_0013,telemetry_01,185,-0.0741512958205157,-0.09255903870209622,0.0741512958205157,0.09255903870209622,-0.016263996280695723,-0.0028562913391691506,102.61401429222838,90.09514414441966,-12.518870147808713,87.41592618522344,84.31958220344873,-3.0963439817747087,-0.2636264412192616
UAV_0013,telemetry_02,185,-0.05033860553865347,-0.05460369205109738,0.05033860553865347,0.05460369205109738,-0.007752226979861738,-0.01126372282563517,12.984933907698233,9.853397043470926,-3.131536864227307,13.463328208402165,12.244321193510748,-1.2190070148914174,-0.14781863656912422
UAV_0013,telemetry_03,185,,,,,0.0,0.0,30377.82504938608,30377.82504938608,0.0,30377.82504938609,30377.825049386083,-7.275957614183426e-12,-0.7461449081131474
UAV_0013,telemetry_04,185,0.045047147660884176,0.012847878700528632,-0.045047147660884176,-0.012847878700528632,6.277600708027691e-05,-8.070414061287932e-05,-125.84256348203814,-125.9165251065062,-0.07396162446805477,-125.90556064197598,-125.898226908353,0.0073337336229855055,0.0982758992989978
UAV_0013,telemetry_05,185,0.06808965480721019,0.06907433380084152,-0.06808965480721019,-0.06907433380084152,3.2128877042507773e-06,6.703504391353113e-07,-113.52432707954836,-113.5259304953724,-0.0016034158240501029,-113.52620104422935,-113.52574952418301,0.0004515200463401925,0.1786943862935617
UAV_0013,telemetry_06,185,0.6017362584170257,0.5914270484149317,-0.6017362584170257,-0.5914270484149317,0.011128519763668972,0.01001910199107548,-136.3604137200743,-132.95141426761074,3.408999452463547,-136.9021898905782,-135.23526179681295,1.6669280937652502,1.6831930631530376
UAV_0013,telemetry_07,185,,,,,0.0,0.0,140.5912754437698,140.5912754437698,0.0,140.59127544376977,140.59127544376977,0.0,0.0
UAV_0013,telemetry_08,185,,,,,0.0,0.0,-4680.605940223165,-4680.605940223165,0.0,-4680.605940223167,-4680.605940223167,0.0,0.0
UAV_0013,telemetry_09,185,-0.03592286623375817,-0.013744740532959328,0.03592286623375817,0.013744740532959328,-0.006448650814775339,0.02756664930665243,-153.49391439983916,-153.32105663877778,0.17285776106137973,-153.11550465561604,-155.37391414528074,-2.2584094896647002,-0.23493790768723263
UAV_0013,telemetry_10,185,0.06492063917882888,0.008309010272544635,-0.06492063917882888,-0.008309010272544635,0.0030171543280192083,0.0011744966125937385,-62.42090260328468,-61.87781953412188,0.5430830691627975,-62.803441938845765,-62.236144011681674,0.5672979271640912,0.22795270255996608
UAV_0013,telemetry_11,185,0.09627911441236335,0.6307769725447052,-0.09627911441236335,-0.6307769725447052,0.0010500324968279763,0.0016745514614016628,62.59651385915947,63.02866727472928,0.43215341556980746,62.73723986885132,62.95108091668726,0.21384104783594182,0.3661581519377511
UAV_0013,telemetry_12,185,-0.5970490750739336,-0.568599052968137,0.5970490750739336,0.568599052968137,-0.021768952026186467,-0.025596233789556944,637.7273040949178,629.869940379742,-7.857363715175779,635.6756791211888,632.2599035070332,-3.4157756141555637,-1.7494846165181877
UAV_0013,telemetry_13,185,0.6287802903543478,0.6115348167241575,-0.6287802903543478,-0.6115348167241575,0.04878349526195528,0.0527574640836615,7138.233503256584,7148.507053470033,10.273550213448289,7135.766740330006,7143.3851633205795,7.61842299057389,1.8337468251317701
UAV_0013,telemetry_14,185,,,,,0.0,0.0,-648.8153498138018,-648.8153498138018,0.0,-648.8153498138018,-648.8153498138018,0.0,
UAV_0013,telemetry_15,185,0.8490056028798114,0.9312440120204442,-0.8490056028798114,-0.9312440120204442,2.3153303091266606,1.8253744536702095,49962.02690728151,50530.63033310145,568.6034258199361,49972.64874593237,50339.83897359354,367.1902276611727,2.5144152410127893
UAV_0013,telemetry_16,185,-0.5223976048606439,-0.47874771799735416,0.5223976048606439,0.47874771799735416,-0.023880336533303542,-0.019708038481044552,-694.5992033130013,-705.005047630993,-10.405844317991637,-697.1303546335939,-700.786462096672,-3.656107463078115,-1.493578224963823
UAV_0013,telemetry_17,185,,,,,0.0,0.0,40.41581228213973,40.41581228213973,0.0,40.41581228213973,40.41581228213974,7.105427357601002e-15,0.44055967473682767
UAV_0013,telemetry_18,185,-0.08219663361366335,-0.091776278382169,0.08219663361366335,0.091776278382169,-8.198005697578961e-06,-1.1892735146504915e-05,-103.3361674031286,-103.32111948641844,0.01504791671015937,-103.32726869968008,-103.32844320560241,-0.0011745059223358112,-0.21991219489166614
UAV_0013,telemetry_19,185,0.2309891985300264,0.20864068837420877,-0.2309891985300264,-0.20864068837420877,0.0021264029860541133,0.0023081476700334796,33505.796282127754,33506.609102448245,0.8128203204905731,33505.35808580656,33505.75966025634,0.4015744497810374,0.8146301099157165
UAV_0013,telemetry_20,185,,,,,0.0,0.0,-164.8973841769026,-164.8973841769026,0.0,-164.89738417690265,-164.89738417690265,0.0,0.0
UAV_0013,telemetry_21,185,0.26326671624916403,0.20945632698051614,-0.26326671624916403,-0.20945632698051614,0.0023391429140800384,0.0016722018170763808,34962.08650313309,34963.85234825196,1.7658451188690378,34962.10241164768,34962.48023886906,0.3778272213821765,0.7941101206390347
UAV_0013,telemetry_22,185,0.5832767267324341,0.5820483078769888,-0.5832767267324341,-0.5820483078769888,0.835032857868022,0.805937428902055,23001.08215322596,23311.675516489584,310.59336326362245,23062.481079582798,23195.756201953754,133.27512237095652,1.7384750401200095
UAV_0013,telemetry_23,185,-0.8490307693828022,-0.9343826996702171,0.8490307693828022,0.9343826996702171,-0.8538863703076346,-0.6862031932578656,-17353.670510877273,-17579.875763762127,-226.20525288485442,-17364.44867903167,-17498.038179600608,-133.5895005689381,-2.4805270144634126
UAV_0013,telemetry_24,185,0.006955649039807756,0.6173230734240552,-0.006955649039807756,-0.6173230734240552,0.0059429578880902416,0.0472041588183474,-3641.517158855031,-3626.35855737678,15.158601478251057,-3635.2084273865753,-3634.5260709189706,0.6823564676046772,0.014914016076692588
UAV_0013,telemetry_25,185,-0.7100150367486229,-0.6935046412991428,0.7100150367486229,0.6935046412991428,-0.007062174021752835,-0.007021240334916785,-172.29114245471914,-174.78259143914713,-2.49144898442799,-172.5235353560353,-173.57628341076062,-1.0527480547253276,-1.9765229693042463
UAV_0013,telemetry_26,185,0.6903294759146371,0.6650574118668304,-0.6903294759146371,-0.6650574118668304,0.08463182043804651,0.09568351895259766,-7466.942741340622,-7445.701000133144,21.2417412074783,-7465.810055359508,-7453.245774904609,12.564280454898835,1.9138532916733988
UAV_0013,telemetry_27,185,,,,,0.0,0.0,969.0302044744708,969.0302044744708,0.0,969.0302044744706,969.0302044744706,0.0,0.0
UAV_0013,telemetry_28,185,-0.6692755689667566,-0.6327546340169061,0.6692755689667566,0.6327546340169061,-0.623364866376541,-0.5905974363573188,-9795.787493031963,-9934.875204339389,-139.0877113074257,-9793.362310925906,-9889.322588003222,-95.96027707731628,-1.9239883176059325
UAV_0014,telemetry_01,207,0.10664115148471602,0.09583725687566971,-0.10664115148471602,-0.09583725687566971,0.021579193140022254,0.0020974738178586977,66.99081028193362,79.65729284400459,12.666482562070968,84.95726080210386,88.42799109587494,3.4707302937710836,0.28634148507020213
UAV_0014,telemetry_02,207,0.23162919604542923,0.22650609907891459,-0.23162919604542923,-0.22650609907891459,0.0286717189574337,0.01788813343975694,15.254151484899523,8.287892522150823,-6.9662589627487,8.97342415378118,13.780673665219535,4.807249511438355,0.6483507470193135
UAV_0014,telemetry_03,207,,,,,0.0,0.0,30377.82504938608,30377.82504938608,0.0,30377.825049386083,30377.825049386083,0.0,0.0
UAV_0014,telemetry_04,207,-0.06022162881171516,0.0036460818090472604,0.06022162881171516,-0.0036460818090472604,-4.960708089852515e-05,2.982726570356463e-05,-125.8852336500005,-125.89945703932128,-0.014223389320775937,-125.89312424455227,-125.90084450998468,-0.007720265432411111,-0.15646414840421796
UAV_0014,telemetry_05,207,-0.031090166020987294,-0.03588823586712991,0.031090166020987294,0.03588823586712991,-1.3788949395449016e-06,3.1255962467848774e-07,-113.5294889979548,-113.52596040675154,0.0035285912032634315,-113.526062297475,-113.52596250123915,9.979623584399633e-05,0.037564689802035235
UAV_0014,telemetry_06,207,0.7847067440448289,0.7814209258288033,-0.7847067440448289,-0.7814209258288033,0.017516214947429762,0.01855524505718311,-138.43812499547363,-134.87758662539505,3.560538370078575,-138.55877168194948,-135.41808139530647,3.1406902866430073,2.348908034152755
UAV_0014,telemetry_07,207,,,,,0.0,0.0,140.5912754437698,140.5912754437698,0.0,140.59127544376977,140.59127544376977,0.0,0.0
UAV_0014,telemetry_08,207,,,,,0.0,0.0,-4680.605940223165,-4680.605940223165,0.0,-4680.605940223166,-4680.605940223166,0.0,0.0
UAV_0014,telemetry_09,207,0.014808678934348745,0.02069330346029375,-0.014808678934348745,-0.02069330346029375,0.0023142683193152253,3.191995664455634e-05,-143.8074034549134,-145.2877520677804,-1.480348612866976,-153.1885280864598,-152.0557416743526,1.1327864121072082,0.12101088048117917
UAV_0014,telemetry_10,207,0.09947167592927393,0.019997889404812157,-0.09947167592927393,-0.019997889404812157,0.0032497224840385692,-0.002232020385220461,-61.27344267663505,-63.25595791385157,-1.9825152372165178,-62.508409438211096,-62.2582482668088,0.2501611714022971,0.1278341372114172
UAV_0014,telemetry_11,207,0.387786489477258,0.731446592803052,-0.387786489477258,-0.731446592803052,0.0027045462000258383,0.002873352461672793,62.65847899662065,63.14298226970077,0.4845032730801151,62.44095236566856,62.87063268156923,0.4296803159006686,1.0285312962809166
UAV_0014,telemetry_12,207,-0.8249069185749542,-0.8131686208290007,0.8249069185749542,0.8131686208290007,-0.034202018336726536,-0.03329391404735656,637.5941284387284,631.6012239102045,-5.992904528523923,638.2441524748909,632.3812527535998,-5.8628997212911145,-2.3606927133487314
UAV_0014,telemetry_13,207,0.7163309699802574,0.68418325378013,-0.7163309699802574,-0.68418325378013,0.06480714239939042,0.06916739379676262,7135.3785301192775,7147.850848875057,12.47231875577927,7132.129298170613,7143.314975732795,11.185677562181809,2.0640819442603044
UAV_0014,telemetry_14,207,,,,,0.0,0.0,-648.8153498138018,-648.8153498138018,0.0,-648.8153498138018,-648.8153498138018,0.0,0.0
UAV_0014,telemetry_15,207,-0.8049302697074148,-0.8020957248495948,0.8049302697074148,0.8020957248495948,-0.5747885309336359,-0.5562232454705638,50001.500406850304,49874.38340277016,-127.1170040801444,50002.92926529824,49901.13374756723,-101.79551773100684,-2.379866545358592
UAV_0014,telemetry_16,207,-0.7430706171582451,-0.7378753265950788,0.7430706171582451,0.7378753265950788,-0.03380492487753713,-0.026511748291606414,-694.5992033130013,-703.270740244661,-8.671536931659716,-693.7320496198354,-699.3479021089103,-5.615852489074882,-2.0608177576668916
UAV_0014,telemetry_17,207,,,,,0.0,0.0,40.41581228213973,40.41581228213973,0.0,40.41581228213973,40.41581228213973,0.0,0.0
UAV_0014,telemetry_18,207,-0.20947944232456298,-0.03298210864694613,0.20947944232456298,0.03298210864694613,-6.347909524784174e-05,-2.9478323319968303e-06,-103.24281761585402,-103.32846855333732,-0.08565093748329389,-103.31720763457567,-103.32677599904872,-0.009568364473054203,-0.5271353891797744
UAV_0014,telemetry_19,207,0.8336405448500583,0.8324173891396348,-0.8336405448500583,-0.8324173891396348,0.016160339095030587,0.0160713814872199,33504.212657707154,33507.948240876955,3.7355831698005204,33504.23140094448,33506.96079642187,2.729395477384969,2.3505452154646296
UAV_0014,telemetry_20,207,,,,,0.0,0.0,-164.8973841769026,-164.8973841769026,0.0,-164.89738417690262,-164.89738417690262,0.0,
UAV_0014,telemetry_21,207,0.8386929818558557,0.850664527077455,-0.8386929818558557,-0.850664527077455,0.016727828009561744,0.01522280274893374,34960.76211929393,34964.73527081139,3.973151517457154,34960.80416322534,34963.68417252635,2.88000930101407,2.410633166439538
UAV_0014,telemetry_22,207,0.6603767451777519,0.6584788374948287,-0.6603767451777519,-0.6584788374948287,0.9240972164227077,1.064596966013806,22995.837612382857,23191.63380385861,195.7961914757543,22997.56844960555,23161.623375700874,164.05492609532303,1.9572088356977162
UAV_0014,telemetry_23,207,0.559443832543161,0.5227808985723718,-0.559443832543161,-0.5227808985723718,0.10577083414599739,0.09137287658373497,-17363.935552958603,-17326.981528514618,36.95402444398496,-17367.85043728463,-17347.480784108273,20.369653176356223,1.7986554519369538
UAV_0014,telemetry_24,207,0.19016967429643084,0.7762850277624445,-0.19016967429643084,-0.7762850277624445,0.09962601706015356,0.08373933666639051,-3644.7030920969087,-3628.715941142676,15.987150954232675,-3648.1650054792935,-3625.1626704175446,23.00233506174891,0.7330172631072445
UAV_0014,telemetry_25,207,-0.8621850262513021,-0.8759116936069956,0.8621850262513021,0.8759116936069956,-0.01233867186323069,-0.011647017610131035,-171.50117082551026,-174.60029029394505,-3.099119468434793,-171.5424056083536,-173.65044345406298,-2.10803784570939,-2.4591456268409218
UAV_0014,telemetry_26,207,0.8484365370748993,0.8419613468091323,-0.8484365370748993,-0.8419613468091323,0.16950215611058184,0.1517661529320986,-7478.998864728648,-7440.534090109703,38.46477461894483,-7479.2551598687,-7449.805139642503,29.45002022619701,2.460954113515903
UAV_0014,telemetry_27,207,,,,,0.0,0.0,969.0302044744708,969.0302044744708,0.0,969.0302044744707,969.0302044744707,0.0,0.0
UAV_0014,telemetry_28,207,-0.8295749429404287,-0.8246244222922147,0.8295749429404287,0.8246244222922147,-0.9148343212886233,-0.9073778115868312,-9700.998755456514,-9953.753547843871,-252.75479238735716,-9714.579107798816,-9872.133573322386,-157.5544655235699,-2.3851608708819936
UAV_0015,telemetry_01,202,-0.0757334047831633,-0.07842536330686227,0.0757334047831633,0.07842536330686227,-0.013809242740938973,0.0031552849885939,82.55448438574027,90.37503116466124,7.820546778920971,87.31117743963765,83.86845696875862,-3.442720470879024,-0.32298793476730814
UAV_0015,telemetry_02,202,-0.04048457434088099,-0.0397459126840557,0.04048457434088099,0.0397459126840557,-0.005055962593883925,0.007756276973342616,17.133005887126863,11.379993689521124,-5.75301219760574,11.932931707099515,9.552589073698384,-2.3803426334011313,-0.3260559424400743
UAV_0015,telemetry_03,202,,,,,0.0,0.0,30377.82504938608,30377.82504938608,0.0,30377.825049386083,30377.825049386083,0.0,0.0
UAV_0015,telemetry_04,202,-0.04401403846688176,-0.11323279926756451,0.04401403846688176,0.11323279926756451,-4.577757326338112e-05,0.0,-125.92079212330243,-125.84114114310609,0.07965098019634809,-125.8981910661074,-125.90181604047693,-0.0036249743695293546,-0.059622517796942706
UAV_0015,telemetry_05,202,0.033157074122554905,0.043031926161515494,-0.033157074122554905,-0.043031926161515494,1.486234098858288e-06,1.8989720763146023e-06,-113.52841279221803,-113.522355829418,0.006056962800030874,-113.52558136815692,-113.52543773044957,0.0001436377073531503,0.054818148489233796
UAV_0015,telemetry_06,202,0.6853188902135179,0.6830232934060875,-0.6853188902135179,-0.6830232934060875,0.013057834444819075,0.013912584685324306,-136.5645529231424,-134.03973922139136,2.524813701751043,-136.7561377026791,-134.59014836400476,2.1659893386743363,1.9446649148992556
UAV_0015,telemetry_07,202,,,,,0.0,0.0,140.5912754437698,140.5912754437698,0.0,140.59127544376977,140.59127544376977,0.0,0.0
UAV_0015,telemetry_08,202,,,,,0.0,0.0,-4680.605940223165,-4680.605940223165,0.0,-4680.605940223166,-4680.605940223166,0.0,0.0
UAV_0015,telemetry_09,202,-0.0704194119911267,-0.0811552149994795,0.0704194119911267,0.0811552149994795,-0.011769700755343986,-0.0057698901249218105,-166.8695620907411,-154.44964206668965,12.419920024051464,-151.46661812332687,-153.691463938398,-2.22484581507112,-0.22771613909998825
UAV_0015,telemetry_10,202,-0.06500287219037564,-0.057004399065007594,0.06500287219037564,0.057004399065007594,-0.002594180675778865,0.000988126677696189,-60.98464151703193,-65.98099080911034,-4.996349292078406,-62.08568821619144,-62.43514773579549,-0.3494595196040464,-0.14979458758338726
UAV_0015,telemetry_11,202,0.18288862282465926,0.6494364829515036,-0.18288862282465926,-0.6494364829515036,0.0019342296681641043,0.001939283200454766,62.67290191654697,63.09276914106844,0.4198672245214681,62.608171292948875,63.01097411731291,0.4028028243640378,0.6515354874932958
UAV_0015,telemetry_12,202,-0.5759239302149504,-0.5741062004003382,0.5759239302149504,0.5741062004003382,-0.018204440681004637,-0.019445787517423922,635.196966627319,631.8675752225834,-3.3293914047355884,634.7941914720143,631.9682690114095,-2.825922460604829,-1.5293783739197664
UAV_0015,telemetry_13,202,0.6298546142494745,0.6268896943366861,-0.6298546142494745,-0.6268896943366861,0.05055154046585692,0.0524639724998601,7135.067892245501,7144.617256240963,9.549363995462045,7136.650678987129,7145.18336894967,8.532689962540644,1.818690532052598
UAV_0015,telemetry_14,202,,,,,0.0,0.0,-648.8153498138018,-648.8153498138018,0.0,-648.8153498138018,-648.8153498138018,0.0,
UAV_0015,telemetry_15,202,0.6654952532269055,0.6485105323611677,-0.6654952532269055,-0.6485105323611677,0.325488527655567,0.3617414158587752,49989.78171166582,50071.93593264338,82.154220977558,49996.03368819814,50051.11757286699,55.08388466884935,1.9266408133335717
UAV_0015,telemetry_16,202,-0.6033705264517544,-0.6224898559974755,0.6033705264517544,0.6224898559974755,-0.022189826332055247,-0.02064651650395279,-698.0678180856652,-698.0678180856652,0.0,-697.2218144825765,-700.7327294353948,-3.510914952818325,-1.6331174426398076
UAV_0015,telemetry_17,202,,,,,0.0,0.0,40.41581228213973,40.41581228213973,0.0,40.41581228213973,40.41581228213973,0.0,0.0
UAV_0015,telemetry_18,202,0.04816200960728464,0.03270653511936004,-0.04816200960728464,-0.03270653511936004,4.287828771159712e-06,-6.654053836735342e-06,-103.32433062664413,-103.33666989568928,-0.012339269045156698,-103.32849452604079,-103.32810535392682,0.0003891721139694937,0.07477833633073613
UAV_0015,telemetry_19,202,0.6944099510846667,0.6887008162620541,-0.6944099510846667,-0.6887008162620541,0.008160720354067457,0.00941859877060883,33504.596266866305,33507.67214786304,3.0758809967373963,33505.56814442929,33506.81734634721,1.249201917918981,1.818389862116976
UAV_0015,telemetry_20,202,,,,,0.0,0.0,-164.8973841769026,-164.8973841769026,0.0,-164.89738417690262,-164.89738417690262,0.0,0.0
UAV_0015,telemetry_21,202,0.7084960219784618,0.7067470712753654,-0.7084960219784618,-0.7067470712753654,0.008266828050247081,0.009018625951391968,34962.23365689299,34963.85234825196,1.6186913589699543,34962.17982015157,34963.51138222291,1.3315620713401586,1.9522114117931357
UAV_0015,telemetry_22,202,0.5904777970526978,0.5849632724581533,-0.5904777970526978,-0.5849632724581533,0.7629219522395497,0.7434834513672924,23068.241412355663,23328.72027422966,260.47886187399854,23080.432482567503,23193.822582421857,113.39009985435405,1.5012932008058932
UAV_0015,telemetry_23,202,-0.7707508912755389,-0.7657991076660787,0.7707508912755389,0.7657991076660787,-0.1847966522840809,-0.17552402991455812,-17370.120404268615,-17406.643420983877,-36.5230167152622,-17371.978901960523,-17402.699259605633,-30.720357645110198,-2.1918615737276173
UAV_0015,telemetry_24,202,0.0928544640001636,0.6915165672879323,-0.0928544640001636,-0.6915165672879323,0.07072957597523004,0.056554540691411,-3636.554014619302,-3626.26675688098,10.287257738321841,-3647.322722049702,-3630.329536057982,16.99318599172011,0.3816308398325767
UAV_0015,telemetry_25,202,-0.7816742486215431,-0.7864268020875966,0.7816742486215431,0.7864268020875966,-0.007779521307720941,-0.007408299841226304,-173.17226465652902,-174.72182439074643,-1.5495597342174108,-172.6920567618505,-173.96964690139652,-1.277590139546021,-2.1959952723042986
UAV_0015,telemetry_26,202,0.7770350902786813,0.7699076399507602,-0.7770350902786813,-0.7699076399507602,0.10828246666129915,0.10711096239256954,-7469.956772187627,-7438.811786768556,31.144985419071418,-7464.828368946204,-7446.929716541156,17.89865240504787,2.1972007805852614
UAV_0015,telemetry_27,202,,,,,0.0,0.0,969.0302044744708,969.0302044744708,0.0,969.0302044744708,969.0302044744708,0.0,0.0
UAV_0015,telemetry_28,202,-0.6983342915970824,-0.6802346362126838,0.6983342915970824,0.6802346362126838,-0.5848001353065709,-0.5965652717510787,-9779.222887267477,-9916.792296465404,-137.5694091979276,-9806.880004848243,-9906.312520386673,-99.43251553843038,-2.0311932759728704
UAV_0016,telemetry_01,344,-0.08329017847704386,-0.07074260008784676,0.08329017847704386,0.07074260008784676,-0.00944734075195748,0.021178676742756475,80.99504908231947,93.73692052076196,12.741871438442487,87.3266723674167,83.47339175169468,-3.853280615722028,-0.341599089633522
UAV_0016,telemetry_02,344,0.10690100162769686,0.12520671998396352,-0.10690100162769686,-0.12520671998396352,0.008080078405026498,-0.000544901357304412,5.649090163503571,17.756259719617244,12.107169556113673,9.82979529331715,11.914738465585195,2.0849431722680443,0.277371781488287
UAV_0016,telemetry_03,344,,,,,0.0,0.0,30377.82504938608,30377.82504938608,0.0,30377.82504938608,30377.82504938608,0.0,0.0
UAV_0016,telemetry_04,344,-0.040245600269390065,-0.012970365689577828,0.040245600269390065,0.012970365689577828,-3.215614717561174e-05,5.470534354152789e-05,-125.9378601904874,-125.87101026067972,0.0668499298076739,-125.88770594355364,-125.8980140867815,-0.01030814322786,-0.12972888939163774
UAV_0016,telemetry_05,344,0.040221790011080845,0.040210537486697694,-0.040221790011080845,-0.040210537486697694,1.0312949520454392e-06,-5.932212685410122e-07,-113.52569568064186,-113.52330581077256,0.0023898698693045617,-113.52528591854083,-113.52492414690954,0.000361771631290253,0.1418779369412159
UAV_0016,telemetry_06,344,-0.7215704178724908,-0.7046219069244498,0.7215704178724908,0.7046219069244498,-0.009073706828864306,-0.009517290595550504,-141.20840669600608,-142.79518197384272,-1.5867752778366366,-139.17966559664282,-141.77287055981125,-2.593204963168432,-2.073636723095281
UAV_0016,telemetry_07,344,0.7441515191383433,0.7577973677761021,-0.7441515191383433,-0.7577973677761021,0.00032002700769447246,0.0,140.5912754437698,140.7631728418209,0.17189739805110094,140.59127544376983,140.68594357602979,0.09466813225995452,2.213504478071244
UAV_0016,telemetry_08,344,,,,,0.0,0.0,-4680.605940223165,-4680.605940223165,0.0,-4680.605940223164,-4680.605940223164,0.0,0.0
UAV_0016,telemetry_09,344,0.04130566980806323,0.04325687518976967,-0.04130566980806323,-0.04325687518976967,0.004094494232116788,0.01853413964528872,-174.3810644029224,-139.91047373818677,34.470590664735624,-152.36026158105935,-151.2217722718528,1.138489309206534,0.11548889243031825
UAV_0016,telemetry_10,344,0.10934922863213116,0.08668443254811674,-0.10934922863213116,-0.08668443254811674,0.0032063841476336723,0.0004334051869719169,-61.561970128530405,-64.3886995366146,-2.8267294080841907,-63.31102851768833,-62.330615845141025,0.9804126725473026,0.3362102437269626
UAV_0016,telemetry_11,344,-0.22908873883770092,-0.70600082350013,0.22908873883770092,0.70600082350013,-0.0018107641393690726,-0.0012016580211153766,62.30324782065783,61.545243251197306,-0.7580045694605246,62.35503230583246,61.86603128665979,-0.4890010191726688,-0.6220903647051642
UAV_0016,telemetry_12,344,0.7183764871049271,0.7032900449837736,-0.7183764871049271,-0.7032900449837736,0.01659577366806104,0.01602029561780717,638.2600067196756,645.5846678100936,7.324661090417976,639.4798185270917,644.102364854246,4.622546327154396,2.012045198209517
UAV_0016,telemetry_13,344,0.6491601304915701,0.6245360776117467,-0.6491601304915701,-0.6245360776117467,0.030590775022791034,0.033976009858461734,7125.476037060966,7137.303788842451,11.827751781484949,7129.770366684981,7138.938197989594,9.167831304613173,1.956274646032832
UAV_0016,telemetry_14,344,,,,,0.0,0.0,-648.8153498138018,-648.8153498138018,0.0,-648.8153498138021,-648.8153498138021,0.0,
UAV_0016,telemetry_15,344,0.8359195357676016,0.8707894734333398,-0.8359195357676016,-0.8707894734333398,0.6823114191170004,0.5900465820960834,49988.424810118144,50337.333539900486,348.90872978234256,50009.15823001167,50207.855813167225,198.69758315555373,2.4478019371987796
UAV_0016,telemetry_16,344,-0.7043909453648716,-0.7011585218218384,0.7043909453648716,0.7011585218218384,-0.019003009311247303,-0.017343073863319205,-694.5992033130013,-703.270740244661,-8.671536931659716,-693.4932681680941,-698.9475392236598,-5.454271055565641,-2.032965247060943
UAV_0016,telemetry_17,344,,,,,0.0,0.0,40.41581228213973,40.41581228213973,0.0,40.41581228213971,40.41581228213972,7.105427357601002e-15,0.4013832353798104
UAV_0016,telemetry_18,344,0.15045278940349713,0.14817717929292182,-0.15045278940349713,-0.14817717929292182,6.573357798540716e-05,5.461562072312029e-05,-103.23951418901304,-103.33391819490284,-0.09440400588979969,-103.29569372691144,-103.28231064263767,0.013383084273769441,0.3080144127339619
UAV_0016,telemetry_19,344,0.8307782526048173,0.87649361636898,-0.8307782526048173,-0.87649361636898,0.01600135428122416,0.013253166588651125,33503.871407631246,33510.81355363531,6.942146004061215,33504.33027026003,33508.995768695124,4.665498435097106,2.43572515210179
UAV_0016,telemetry_20,344,,,,,0.0,0.0,-164.8973841769026,-164.8973841769026,0.0,-164.89738417690256,-164.89738417690256,0.0,0.0
UAV_0016,telemetry_21,344,0.814900553868846,0.8342265879710591,-0.814900553868846,-0.8342265879710591,0.01627880362482094,0.013377614536693727,34961.497888093465,34969.149883608574,7.651995515108865,34960.92846702253,34965.795204415364,4.866737392832874,2.4497507286050095
UAV_0016,telemetry_22,344,0.6807644891946767,0.6697862658207089,-0.6807644891946767,-0.6697862658207089,0.656921366708639,0.7328570055358151,22968.303772956577,23321.58187141544,353.2780984588644,22976.07557442335,23156.68920019752,180.61362577417094,1.8820704285139709
UAV_0016,telemetry_23,344,-0.8326380624686298,-0.8687303781833402,0.8326380624686298,0.8687303781833402,-0.2733055958303344,-0.21306973122555853,-17366.296077699557,-17501.14047886499,-134.84440116543192,-17368.915886748833,-17449.098934064612,-80.18304731577882,-2.456360741590651
UAV_0016,telemetry_24,344,-0.368243379313527,-0.8831903120919029,0.368243379313527,0.8831903120919029,-0.21163924847749008,-0.16065951895604674,-3647.18261365445,-3745.939299118768,-98.7566854643178,-3652.888432205129,-3713.9908588380067,-61.10242663287772,-1.0690525384864145
UAV_0016,telemetry_25,344,-0.7852983709008299,-0.770674882452687,0.7852983709008299,0.770674882452687,-0.006335414466591073,-0.006220471888258906,-171.8961566401147,-174.90412553594848,-3.007968895833784,-171.48884127945797,-173.32330159566982,-1.834460316211846,-2.2864928103285616
UAV_0016,telemetry_26,344,-0.8545208609658481,-0.9492954270475215,0.8545208609658481,0.9492954270475215,-0.4044727509462052,-0.30216015509665906,-7492.633766179394,-7682.087133705545,-189.45336752615094,-7495.038334612203,-7612.882988584827,-117.84465397262466,-2.5034858456301725
UAV_0016,telemetry_27,344,,,,,0.0,0.0,969.0302044744708,969.0302044744708,0.0,969.0302044744709,969.0302044744709,0.0,0.0
UAV_0016,telemetry_28,344,-0.7467669995550879,-0.7288411594595948,0.7467669995550879,0.7288411594595948,-0.4272247433737086,-0.40641637921622353,-9726.742229552496,-9897.999353988687,-171.2571244361916,-9711.706941140003,-9837.611500226098,-125.9045590860951,-2.2129521879581926
UAV_0017,telemetry_01,312,-0.0375847668062705,-0.045301349154733585,0.0375847668062705,0.045301349154733585,-0.004635978693259619,-0.0006576140725256167,99.37124579271608,84.50926495756003,-14.861980835156047,89.05700069973464,87.44102319600395,-1.61597750373069,-0.14522684299029648
UAV_0017,telemetry_02,312,-0.000940293211924428,0.0004603072877114154,0.000940293211924428,-0.0004603072877114154,-7.99281199147961e-05,0.004735895122700929,4.453229479994,6.691058427050548,2.2378289470565473,12.093142937265217,12.220600103192128,0.12745716592691103,0.016621458060434722
UAV_0017,telemetry_03,312,,,,,0.0,0.0,30377.82504938608,30377.82504938608,0.0,30377.825049386083,30377.825049386083,0.0,0.0
UAV_0017,telemetry_04,312,-0.038967569595882566,-0.0018624402549343394,0.038967569595882566,0.0018624402549343394,-2.9003836001869046e-05,-4.563784836977498e-05,-125.858209210291,-125.93501551262324,-0.07680630233224406,-125.89492446994103,-125.90612937715036,-0.01120490720933276,-0.16687731387036078
UAV_0017,telemetry_05,312,-0.0048317550047100154,-0.008362973434935465,0.0048317550047100154,0.008362973434935465,-1.3430647397160728e-07,8.759362158097791e-07,-113.5241169580654,-113.52773228489764,-0.003615326832232313,-113.52581714052624,-113.52583054146089,-1.3400934648188922e-05,-0.00534421847717776
UAV_0017,telemetry_06,312,-0.7309594598811577,-0.707252551477269,0.7309594598811577,0.707252551477269,-0.012073777461644952,-0.012436898156628028,-135.62651449922794,-143.60297207187318,-7.976457572645245,-137.81350157551014,-141.02991162303414,-3.2164100475239934,-2.1585528752782293
UAV_0017,telemetry_07,312,0.6347777874705085,0.6434330244586997,-0.6347777874705085,-0.6434330244586997,0.00023921068795432232,0.0,140.5912754437698,140.7631728418209,0.17189739805110094,140.59127544376983,140.66494575722024,0.07367031345040687,2.167079361624469
UAV_0017,telemetry_08,312,,,,,0.0,0.0,-4680.605940223165,-4680.605940223165,0.0,-4680.605940223163,-4680.605940223163,0.0,0.0
UAV_0017,telemetry_09,312,0.026219272393052998,0.017630756903226415,-0.026219272393052998,-0.017630756903226415,0.0028658411105069457,0.007513785592490389,-171.89514066132585,-155.73537343314374,16.15976722818212,-152.2973720369392,-150.53697467432573,1.7603973626134746,0.1785337773103742
UAV_0017,telemetry_10,312,-0.011078324378238715,-0.011979052659943942,0.011078324378238715,0.011979052659943942,-0.0003096191889565896,0.0018216118113524096,-61.96472269057315,-62.12201611638429,-0.15729342581114025,-62.35565781551921,-61.923019342010406,0.4326384735088027,0.1715981113107142
UAV_0017,telemetry_11,312,-0.29183139552441334,-0.7512196953022104,0.29183139552441334,0.7512196953022104,-0.0023188631347513308,-0.0022996109760563582,62.68038046761987,61.63925932182807,-1.0411211457917986,62.489188336275234,61.877974562439455,-0.6112137738357788,-0.8526900309368
UAV_0017,telemetry_12,312,0.744822491006929,0.7207824496012907,-0.744822491006929,-0.7207824496012907,0.02215667977645886,0.022572145116851735,635.862844908266,645.5846678100936,9.721822901827636,636.746454817586,642.5871585961793,5.840703778593252,2.176478790404158
UAV_0017,telemetry_13,312,0.6009669618276781,0.5750992327685053,-0.6009669618276781,-0.5750992327685053,0.034765622756642016,0.03545248670297837,7134.102323735207,7143.65757067021,9.555246935002288,7128.88589227151,7137.936603053815,9.050710782305032,1.7343008157538797
UAV_0017,telemetry_14,312,,,,,0.0,0.0,-648.8153498138018,-648.8153498138018,0.0,-648.8153498138023,-648.8153498138023,0.0,
UAV_0017,telemetry_15,312,0.8412012808166621,0.8874460854318591,-0.8412012808166621,-0.8874460854318591,0.9501192119229985,0.8415190287214767,49913.42516093743,50377.42381290005,463.99865196261817,49931.47018931172,50186.77914545136,255.30895613963366,2.5056997671080405
UAV_0017,telemetry_16,312,-0.7375490995746079,-0.7242566010002154,0.7375490995746079,0.7242566010002154,-0.02589690568570631,-0.02001123907306062,-694.5992033130013,-703.270740244661,-8.671536931659716,-692.0115065778394,-698.9487361231672,-6.937229545327796,-2.1901319678234814
UAV_0017,telemetry_17,312,,,,,0.0,0.0,40.41581228213973,40.41581228213973,0.0,40.41581228213972,40.41581228213971,-7.105427357601002e-15,-0.4421250324419028
UAV_0017,telemetry_18,312,0.19278647809537822,0.12945618941427578,-0.19278647809537822,-0.12945618941427578,7.815008737724989e-05,2.5525497899785194e-05,-103.06305297244704,-103.05850813858066,0.004544833866376052,-103.06143238032983,-103.04466909232617,0.016763288003659227,0.45840301496868113
UAV_0017,telemetry_19,312,0.7505807197913446,0.8838496545522219,-0.7505807197913446,-0.8838496545522219,0.02810402020377457,0.019975468447314813,33497.82864955837,33511.33426721191,13.505617653543595,33499.977136606285,33507.815880798626,7.838744192340528,2.320687188646284
UAV_0017,telemetry_20,312,,,,,0.0,0.0,-164.8973841769026,-164.8973841769026,0.0,-164.89738417690253,-164.89738417690253,0.0,0.0
UAV_0017,telemetry_21,312,0.7435312896371902,0.8686167655261819,-0.7435312896371902,-0.8686167655261819,0.0294512995211572,0.024424239190681193,34953.99304633826,34968.85557608876,14.862529750498652,34956.431594359565,34964.59746014736,8.165865787792427,2.28527349071307
UAV_0017,telemetry_22,312,0.7199731242181949,0.7087918470542056,-0.7199731242181949,-0.7087918470542056,0.8130786750945789,0.7324164745217956,22898.667925095408,23348.82434746155,450.15642236614076,22916.390218314773,23128.629941508032,212.23972319325912,2.0832986958937436
UAV_0017,telemetry_23,312,-0.8386847936069549,-0.8898044108896456,0.8386847936069549,0.8898044108896456,-0.36797542910159736,-0.2999095609415554,-17331.560179953314,-17511.65593147567,-180.0957515223563,-17340.84916044708,-17439.706927333013,-98.8577668859325,-2.49765184980455
UAV_0017,telemetry_24,312,-0.45534924651451064,-0.8720053356134019,0.45534924651451064,0.8720053356134019,-0.2557111696359919,-0.21457031313623023,-3625.878503916003,-3746.637409670239,-120.75890575423591,-3632.4736396689,-3702.0021413340796,-69.52850166517965,-1.3724576467761438
UAV_0017,telemetry_25,312,-0.6922630030537618,-0.6498825667785912,0.6922630030537618,0.6498825667785912,-0.006828555159607858,-0.006277931245554919,-171.34925320450856,-174.90412553594848,-3.554872331439924,-171.26340769168857,-173.05362422869914,-1.790216537010565,-2.011819539919796
UAV_0017,telemetry_26,312,-0.8462914665450797,-0.9357163241330024,0.8462914665450797,0.9357163241330024,-0.533761264563765,-0.4242790318808145,-7429.626168949107,-7683.522386489833,-253.89621754072596,-7446.8879314039605,-7589.3128493649065,-142.424917960946,-2.5032258986981644
UAV_0017,telemetry_27,312,,,,,0.0,0.0,969.0302044744708,969.0302044744708,0.0,969.0302044744706,969.0302044744706,0.0,0.0
UAV_0017,telemetry_28,312,-0.658619288173429,-0.6009404492757174,0.658619288173429,0.6009404492757174,-0.4669561221314552,-0.4773054781884268,-9726.57900789347,-9948.043284561696,-221.46427666822638,-9699.970133989666,-9820.252923402848,-120.2827894131824,-1.8806285279523909
UAV_0018,telemetry_01,447,0.003106630511410848,-0.01788468607715756,-0.003106630511410848,0.01788468607715756,0.0002572296055280073,0.02357742034500836,74.9102183321054,79.93385153127497,5.023633199169566,87.00024319567497,85.56106093032592,-1.4391822653490465,-0.13454956707378543
UAV_0018,telemetry_02,447,0.005585746119868044,-0.016768043630610217,-0.005585746119868044,0.016768043630610217,0.0003241583071722202,-0.003922360852716156,10.004961037657932,10.84262896928536,0.8376679316274291,11.821176763608928,11.626428097739097,-0.19474866586983097,-0.025977441918250178
UAV_0018,telemetry_03,447,,,,,0.0,0.0,30377.82504938608,30377.82504938608,0.0,30377.82504938607,30377.82504938607,0.0,0.0
UAV_0018,telemetry_04,447,0.007134345953983559,-0.001388340629027337,-0.007134345953983559,0.001388340629027337,2.7329683664992774e-06,-1.8004290279439224e-05,-125.9108357507779,-125.89376768359296,0.01706806718495102,-125.89077107273543,-125.89414697397484,-0.003375901239408563,-0.06821928254514185
UAV_0018,telemetry_05,447,0.06299502999706032,0.060708347127336186,-0.06299502999706032,-0.060708347127336186,1.2690330343063363e-06,-8.205646588530017e-08,-113.52678746232944,-113.5224010635226,0.004386398806843772,-113.52601371507578,-113.52548295696675,0.0005307581090221447,0.20395194542562523
UAV_0018,telemetry_06,447,-0.7087648838691291,-0.6790408178171448,0.7087648838691291,0.6790408178171448,-0.007652636640281151,-0.006754974091828813,-138.2427525066476,-142.83275360630927,-4.590001099661663,-137.74142169076922,-140.66338146311097,-2.9219597723417507,-2.094899467019413
UAV_0018,telemetry_07,447,0.6207802288658649,0.6211859589675518,-0.6207802288658649,-0.6211859589675518,0.00015016790375515634,0.0,140.5912754437698,140.67722414279535,0.08594869902555047,140.59032045822505,140.65621446081133,0.0658940025862762,2.1086500057695403
UAV_0018,telemetry_08,447,,,,,0.0,0.0,-4680.605940223165,-4680.605940223165,0.0,-4680.605940223164,-4680.605940223164,0.0,0.0
UAV_0018,telemetry_09,447,-0.02036108198415675,-0.016809828710730085,0.02036108198415675,0.016809828710730085,-0.0015027079298945444,0.00616978303132816,-155.46378509365118,-147.1804632344939,8.283321859157269,-152.89238098939762,-153.5410762293162,-0.6486952399185668,-0.06804008382149393
UAV_0018,telemetry_10,447,-0.05132864972099322,-0.07677074689688677,0.05132864972099322,0.07677074689688677,-0.0008008949941779572,0.0005941957744362462,-61.723193596315625,-60.45259683816065,1.2705967581549729,-62.017155277068014,-62.408332781928735,-0.3911775048607211,-0.19406891913991803
UAV_0018,telemetry_11,447,-0.41209400057526097,-0.7707696184464103,0.41209400057526097,0.7707696184464103,-0.0016537899548724777,-0.001430060913246608,62.37696496694786,61.657955699510325,-0.719009267437535,62.496929183503944,61.866144316520725,-0.6307848669832197,-1.216732370650749
UAV_0018,telemetry_12,447,0.7336752965822285,0.7273734981988773,-0.7336752965822285,-0.7273734981988773,0.014606445292659224,0.01272835491360658,638.5263580320543,646.5168974034195,7.99053937136523,636.953405559506,642.3958507091136,5.442445149607579,2.116173517222062
UAV_0018,telemetry_13,447,0.6453068605179705,0.6221164264002166,-0.6453068605179705,-0.6221164264002166,0.025287007599732004,0.024156807103250424,7122.81642411342,7144.292602523178,21.476178409758177,7128.082408604347,7137.644156897183,9.561748292836455,1.8888784188122016
UAV_0018,telemetry_14,447,,,,,0.0,0.0,-648.8153498138018,-648.8153498138018,0.0,-648.8153498138018,-648.8153498138018,0.0,0.0
UAV_0018,telemetry_15,447,0.8271759250216396,0.8735518798679848,-0.8271759250216396,-0.8735518798679848,0.6125124942268599,0.5239147642421864,49937.911066138695,50365.95182708786,428.0407609491667,49944.682553104656,50175.87938832215,231.1968352174954,2.4169222126652343
UAV_0018,telemetry_16,447,-0.719795915382598,-0.6985396645576725,0.719795915382598,0.6985396645576725,-0.017728371527526307,-0.01659624293140594,-692.8648959266694,-703.270740244661,-10.405844317991637,-691.7279610845185,-698.5495701374241,-6.821609052905615,-2.1440021380717362
UAV_0018,telemetry_17,447,,,,,0.0,0.0,40.41581228213973,40.41581228213973,0.0,40.415812282139726,40.415812282139726,0.0,0.0
UAV_0018,telemetry_18,447,0.7325843714484216,0.660705821212525,-0.7325843714484216,-0.660705821212525,0.00027462717630627714,0.00022960446578569631,-102.96706497149682,-102.8985658077495,0.0684991637473189,-102.97967369890846,-102.88869984711043,0.09097385179802586,1.8785751593439874
UAV_0018,telemetry_19,447,0.7274955624499794,0.8769504630485533,-0.7274955624499794,-0.8769504630485533,0.016562554540268382,0.012318104290542756,33502.12803619904,33510.77921405749,8.651177858446317,33501.22016726808,33507.572800217786,6.352632949703548,2.1600044430423555
UAV_0018,telemetry_20,447,,,,,0.0,0.0,-164.8973841769026,-164.8973841769026,0.0,-164.89738417690256,-164.89738417690256,0.0,
UAV_0018,telemetry_21,447,0.7306823055148814,0.8684266050182828,-0.7306823055148814,-0.8684266050182828,0.017320507447130106,0.012375354089388928,34959.437735454776,34967.97265352933,8.534918074554298,34957.752007382966,34964.37392657874,6.621919195771625,2.1624681031046262
UAV_0018,telemetry_22,447,0.6677180012001113,0.64359702524705,-0.6677180012001113,-0.64359702524705,0.5299675569704203,0.5716106858062227,22918.77199832729,23198.18947991249,279.4174815851984,22935.666218320952,23130.159368013155,194.4931496922036,1.896906673456361
UAV_0018,telemetry_23,447,-0.8292046097631873,-0.8682771702445085,0.8292046097631873,0.8682771702445085,-0.23757090285136992,-0.19144856831379936,-17355.340985819093,-17509.453849844915,-154.11286402582118,-17345.51890911344,-17436.184196620983,-90.6652875075415,-2.4496687226554474
UAV_0018,telemetry_24,447,-0.5221875566294583,-0.8932704255145341,0.5221875566294583,0.8932704255145341,-0.17075045847371012,-0.13315477122284375,-3631.358722261122,-3742.3055419926422,-110.94681973152046,-3637.2632342902866,-3698.2320604877254,-60.96882619743883,-1.44334558636928
UAV_0018,telemetry_25,447,-0.7418437714346233,-0.7207745666264955,0.7418437714346233,0.7207745666264955,-0.005186626161495155,-0.004557528630050456,-170.7719662447021,-174.78259143914713,-4.010625194445026,-171.11259931045925,-173.0794261103613,-1.9668267999020657,-2.1776670512363014
UAV_0018,telemetry_26,447,-0.8363718934502838,-0.9234010207421071,0.8363718934502838,0.9234010207421071,-0.3447483185848813,-0.2782454905849564,-7455.31719378788,-7678.499001744822,-223.18180795694207,-7447.762979966573,-7579.021631265749,-131.25865129917656,-2.46503485825084
UAV_0018,telemetry_27,447,,,,,0.0,0.0,969.0302044744708,969.0302044744708,0.0,969.0302044744711,969.0302044744711,0.0,0.0
UAV_0018,telemetry_28,447,-0.702456801836135,-0.6835756957551732,0.702456801836135,0.6835756957551732,-0.33729696172588486,-0.34451549805119297,-9708.239563550997,-9906.90721495944,-198.6676514084429,-9685.443633148821,-9813.304601062848,-127.86096791402633,-2.061308694475086
UAV_0019,telemetry_01,229,0.1262760028339028,0.10925224586052183,-0.1262760028339028,-0.10925224586052183,0.019789156091993398,0.012392904776480616,84.79511953289104,85.7657245105495,0.9706049776584678,83.52200706543688,86.13050775874397,2.608500693307093,0.25124271183794006
UAV_0019,telemetry_02,229,0.02048143136346559,0.015162931060325966,-0.02048143136346559,-0.015162931060325966,0.0023300319887721334,0.03186651961322974,12.584881025719914,15.113050459871674,2.52816943415176,11.615406668373282,11.680304512305744,0.0648978439324619,0.008610684039557918
UAV_0019,telemetry_03,229,,,,,0.0,0.0,30377.82504938608,30377.82504938608,0.0,30377.825049386087,30377.825049386087,0.0,0.0
UAV_0019,telemetry_04,229,0.039495118215591804,-0.08584934502992832,-0.039495118215591804,0.08584934502992832,3.409540713510431e-05,-7.153513041670323e-05,-125.90656873398169,-125.90372405611753,0.0028446778641608716,-125.89268546918812,-125.8954107081566,-0.0027252389684804257,-0.04764980103093709
UAV_0019,telemetry_05,229,0.26784426819979834,0.2620447073636246,-0.26784426819979834,-0.2620447073636246,1.0551013413836722e-05,6.899653462384476e-06,-113.5277715027644,-113.52245657681306,0.005314925951338978,-113.52702143497109,-113.52497175486451,0.002049680106580354,0.7853861379781549
UAV_0019,telemetry_06,229,-0.6771063313397605,-0.650875964055299,0.6771063313397605,0.650875964055299,-0.012514592801957176,-0.010085839206719011,-140.44945972018206,-142.87783956526908,-2.428379845087022,-139.5107134249313,-142.1020398064764,-2.5913263815450875,-2.1162707622194206
UAV_0019,telemetry_07,229,0.8001505676609939,0.8107270988541253,-0.8001505676609939,-0.8107270988541253,0.0005620379986841629,0.0,140.5912754437698,140.7631728418209,0.17189739805110094,140.59127544376975,140.68843484266827,0.0971593988985262,2.0878525394600937
UAV_0019,telemetry_08,229,,,,,0.0,0.0,-4680.605940223165,-4680.605940223165,0.0,-4680.605940223167,-4680.605940223167,0.0,0.0
UAV_0019,telemetry_09,229,-0.10723007649062491,-0.11272970731366105,0.10723007649062491,0.11272970731366105,-0.016578066316361707,0.004286343300148765,-157.45529710838687,-170.62239610203812,-13.167098993651251,-152.45242721143052,-154.96437897639498,-2.511951764964465,-0.2452466042694144
UAV_0019,telemetry_10,229,0.022994321553746748,0.10138398968752811,-0.022994321553746748,-0.10138398968752811,0.000765958134741128,0.000418902126241924,-63.741664962417566,-63.04007316401034,0.7015917984072289,-62.347141715714116,-62.661583879541006,-0.3144421638268895,-0.14248374039144132
UAV_0019,telemetry_11,229,-0.3030400085885713,-0.6792084417233482,0.3030400085885713,0.6792084417233482,-0.002249612062527495,-0.0020021323172085288,62.10346367056746,61.62269967302379,-0.4807639975436686,62.21336585589967,61.72017858293321,-0.49318727296645903,-1.00279731446083
UAV_0019,telemetry_12,229,0.6507511752497184,0.639961763796216,-0.6507511752497184,-0.639961763796216,0.019839743339049785,0.021742964275821744,641.4562224682215,647.7154783091241,6.259255840902597,640.4747757845646,644.3108137074122,3.836037922847595,1.8992002875889207
UAV_0019,telemetry_13,229,0.593729359654744,0.5799116644849261,-0.593729359654744,-0.5799116644849261,0.040367536990662395,0.04242735196669904,7125.968044408944,7143.772740852933,17.804696443989087,7132.33457169206,7140.00572700468,7.671155312619703,1.7030445653818347
UAV_0019,telemetry_14,229,,,,,0.0,0.0,-648.8153498138018,-648.8153498138018,0.0,-648.8153498138018,-648.8153498138018,0.0,
UAV_0019,telemetry_15,229,0.8493568144777048,0.8762486862718764,-0.8493568144777048,-0.8762486862718764,0.9357832215060237,0.8507523329494802,50040.17210095912,50333.694576658985,293.522475699865,50040.88943527533,50218.572474995344,177.6830397200174,2.4342762427075653
UAV_0019,telemetry_16,229,-0.6629281165468283,-0.6445019378216312,0.6629281165468283,0.6445019378216312,-0.027472185992359493,-0.026613586658390434,-696.3335106993333,-705.005047630993,-8.671536931659716,-694.636905647487,-699.7644231375117,-5.127517490024729,-1.8676235224745315
UAV_0019,telemetry_17,229,,,,,0.0,0.0,40.41581228213973,40.41581228213973,0.0,40.41581228213974,40.41581228213974,0.0,0.0
UAV_0019,telemetry_18,229,-0.05753883457802894,-0.013244331637904333,0.05753883457802894,0.013244331637904333,-3.0491013066334513e-05,-1.081926177677499e-05,-103.32465699407652,-103.3304008582736,-0.005743864197086168,-103.31626290968407,-103.32317827788464,-0.006915368200566263,-0.1969760750965031
UAV_0019,telemetry_19,229,0.8209964660921271,0.8385338702746996,-0.8209964660921271,-0.8385338702746996,0.021856580923614078,0.019490648926286006,33504.054806029184,33512.19071981457,8.135913785386947,33505.23807624916,33509.43304011805,4.194963868889317,2.378462184927487
UAV_0019,telemetry_20,229,,,,,0.0,0.0,-164.8973841769026,-164.8973841769026,0.0,-164.89738417690265,-164.89738417690265,0.0,
UAV_0019,telemetry_21,229,0.8237885971260874,0.841949513792822,-0.8237885971260874,-0.841949513792822,0.022656470641456025,0.021021965700700612,34962.67511817271,34969.00272984867,6.327611675958906,34961.811389581955,34966.17801745742,4.366627875468112,2.3965067976797263
UAV_0019,telemetry_22,229,0.6517147031993177,0.629289164103309,-0.6517147031993177,-0.629289164103309,0.8167730215393965,0.9061119612845021,23116.316370084085,23230.53081511161,114.21444502752638,23002.266608706224,23152.708289666254,150.44168096002977,1.8118960408134523
UAV_0019,telemetry_23,229,-0.8305986090893702,-0.872410140597364,0.8305986090893702,0.872410140597364,-0.3734069210047844,-0.3003371268097787,-17384.80343452694,-17502.11783064656,-117.31439611961832,-17382.061842061943,-17456.17280020107,-74.11095813912834,-2.4882856110362197
UAV_0019,telemetry_24,229,-0.45210792461904137,-0.8852067990367034,0.45210792461904137,0.8852067990367034,-0.25047971380286205,-0.23998112666283286,-3666.173555967463,-3754.67834648088,-88.50479051341699,-3667.424170028606,-3714.6785780854057,-47.25440805679955,-1.2874217804223957
UAV_0019,telemetry_25,229,-0.7585580458444072,-0.7411040128760378,0.7585580458444072,0.7411040128760378,-0.00857331950635588,-0.008786346618168808,-171.835389591714,-174.96489258434914,-3.129502992635139,-171.85718646777076,-173.46288967061923,-1.6057032028484741,-2.144440731186491
UAV_0019,telemetry_26,229,-0.859245281645585,-0.9406604554163182,0.859245281645585,0.9406604554163182,-0.5405642186423079,-0.43364668506544246,-7524.352852712182,-7695.147934042574,-170.79508133039235,-7519.1641018855,-7624.015558007309,-104.85145612180895,-2.515667798679219
UAV_0019,telemetry_27,229,,,,,0.0,0.0,969.0302044744708,969.0302044744708,0.0,969.0302044744705,969.0302044744705,0.0,0.0
UAV_0019,telemetry_28,229,-0.7405317430037585,-0.7016587890839688,0.7405317430037585,0.7016587890839688,-0.5934017549379245,-0.6041083801275469,-9658.567573887913,-9912.783849188543,-254.2162753006305,-9726.412624316576,-9843.987165302888,-117.57454098631206,-2.2147112348093616
UAV_0020,telemetry_01,338,-0.003149539728551819,0.0035416565343664064,0.003149539728551819,-0.0035416565343664064,-0.00033429823617932053,-0.006525035977776728,97.2149905695166,94.6372798482972,-2.577710721219404,86.37752585981252,86.12979255355451,-0.24773330625801293,-0.02388525203900383
UAV_0020,telemetry_02,338,0.026497937260025133,0.02155091708129464,-0.026497937260025133,-0.02155091708129464,0.002054252133962824,0.002145983499383098,14.835671762070124,8.787024773616007,-6.0486469884541165,11.346302558834836,11.540482039986898,0.1941794811520623,0.02563268383514426
UAV_0020,telemetry_03,338,,,,,0.0,0.0,30377.82504938608,30377.82504938608,0.0,30377.82504938608,30377.82504938608,0.0,0.0
UAV_0020,telemetry_04,338,0.1258088213012451,0.03738380105574134,-0.1258088213012451,-0.03738380105574134,0.0001025302454417787,6.27502470033919e-05,-125.8980347003892,-125.8980347003892,0.0,-125.91771405916288,-125.88993149086689,0.027782568295990018,0.3488702294486452
UAV_0020,telemetry_05,338,0.07578721788509904,0.07484000547571519,-0.07578721788509904,-0.07484000547571519,2.0668517002882527e-06,3.3733905488903326e-06,-113.52574638091086,-113.5233560855459,0.002390295364961048,-113.52604401101155,-113.525411951056,0.00063205995554938,0.23717960868189056
UAV_0020,telemetry_06,338,-0.6385534595247663,-0.5936432343544018,0.6385534595247663,0.5936432343544018,-0.007985347845696359,-0.005156803987374668,-140.28163976183157,-143.4489283787604,-3.167288616928829,-139.25125615890374,-141.60277991463644,-2.3515237557327,-1.9243551099392369
UAV_0020,telemetry_07,338,0.719906922797281,0.7308249034043472,-0.719906922797281,-0.7308249034043472,0.0002908988551458189,0.0,140.5912754437698,140.7631728418209,0.17189739805110094,140.5912754437698,140.6784880942516,0.08721265048180271,2.208748395039861
UAV_0020,telemetry_08,338,,,,,0.0,0.0,-4680.605940223165,-4680.605940223165,0.0,-4680.605940223164,-4680.605940223164,0.0,
UAV_0020,telemetry_09,338,0.008568631281660903,0.001941517062120311,-0.008568631281660903,-0.001941517062120311,0.000839711484438947,-0.020970915146749453,-152.920048293344,-155.08765007375737,-2.167601780413378,-153.37620447451582,-152.51518148961506,0.8610229849007567,0.08991425100976193
UAV_0020,telemetry_10,338,0.006935930839422004,0.017797162044343662,-0.006935930839422004,-0.017797162044343662,0.0002004638224057129,-0.0014304324429903277,-61.947447589637854,-63.42415529028237,-1.4767077006445177,-62.86179265480615,-62.83657784336548,0.025214811440669394,0.00892805578979862
UAV_0020,telemetry_11,338,-0.13236029367263322,-0.6636635043197012,0.13236029367263322,0.6636635043197012,-0.0010102858708199581,-0.0015916267883265476,62.30965800729175,61.40689005634863,-0.9027679509431223,62.235305482628036,61.86009829446928,-0.375207188158754,-0.5030567914473771
UAV_0020,telemetry_12,338,0.686305787482876,0.655017554717778,-0.686305787482876,-0.655017554717778,0.015580587197274978,0.016907952630166645,638.9258850006227,647.4491269967455,8.523241996122806,639.2607826066284,643.7848379860042,4.524055379375795,2.0393613125143886
UAV_0020,telemetry_13,338,0.6105682070694683,0.56913362345508,-0.6105682070694683,-0.56913362345508,0.02876638752921352,0.02548247395845843,7130.402915370076,7145.0578053140125,14.654889943936723,7130.772819580216,7139.10506811619,8.332248535974031,1.8098538211789352
UAV_0020,telemetry_14,338,,,,,0.0,0.0,-648.8153498138018,-648.8153498138018,0.0,-648.8153498138021,-648.8153498138021,0.0,
UAV_0020,telemetry_15,338,0.8176164284289613,0.8577579325146447,-0.8176164284289613,-0.8577579325146447,0.684960376802528,0.5795467317718744,50032.21572370229,50347.44862416499,315.2329004626954,50007.98378403132,50207.95805664005,199.97427260872792,2.442815738118459
UAV_0020,telemetry_16,338,-0.6832231654165726,-0.6503004684695451,0.6832231654165726,0.6503004684695451,-0.019375812143387662,-0.015080933794190614,-691.1305885403375,-705.005047630993,-13.874459090655478,-693.4514998955758,-699.2665305438651,-5.81503064828928,-2.0983943093394055
UAV_0020,telemetry_17,338,,,,,0.0,0.0,40.41581228213973,40.41581228213973,0.0,40.415812282139726,40.41581228213971,-1.4210854715202004e-14,-0.7879797091991817
UAV_0020,telemetry_18,338,0.8063008116152864,0.7133407161222366,-0.8063008116152864,-0.7133407161222366,0.0005055637575932841,0.0004022180840181341,-103.24268864453336,-103.0679479058671,0.17474073866625872,-103.24734611402462,-103.11031894881636,0.1370271652082664,2.2364554984088416
UAV_0020,telemetry_19,338,0.786346539526298,0.7949179955712591,-0.786346539526298,-0.7949179955712591,0.014255477262534054,0.010550197825221742,33504.131942001826,33511.123579979554,6.991637977727805,33504.3138841728,33508.49350107178,4.179616898982204,2.359397519082599
UAV_0020,telemetry_20,338,,,,,0.0,0.0,-164.8973841769026,-164.8973841769026,0.0,-164.89738417690256,-164.89738417690256,0.0,
UAV_0020,telemetry_21,338,0.8008620212136975,0.8349674515175376,-0.8008620212136975,-0.8349674515175376,0.015260486289043532,0.011758483538019589,34960.76211929393,34969.149883608574,8.387764314640663,34960.83136812213,34965.29575351457,4.464385392435361,2.3976369785586065
UAV_0020,telemetry_22,338,0.6260383655393539,0.5907176260835149,-0.6260383655393539,-0.5907176260835149,0.6368392353847281,0.5260727697554781,23046.243477152657,23256.17079256677,209.92731541411194,22985.230699917913,23167.544907927313,182.31420800940032,1.8341044966519737
UAV_0020,telemetry_23,338,-0.8043618889081994,-0.8317460647958596,0.8043618889081994,0.8317460647958596,-0.26792432015592776,-0.22132132484679196,-17363.26277532864,-17501.171071984234,-137.9082966555943,-17370.6418891653,-17447.769412089077,-77.12752292377627,-2.369633359698005
UAV_0020,telemetry_24,338,-0.3524479223207183,-0.847961578006644,0.3524479223207183,0.847961578006644,-0.18851747110888376,-0.16173826602345073,-3655.699550248258,-3743.4634898941617,-87.76393964590352,-3660.5924115997004,-3714.210805591799,-53.61839399209839,-1.0258634927381434
UAV_0020,telemetry_25,338,-0.7779393232765398,-0.7655535011389935,0.7779393232765398,0.7655535011389935,-0.006477121065624243,-0.006176975531342166,-171.8050060675137,-175.2991113505529,-3.494105283039204,-171.4488932912244,-173.3286504428543,-1.8797571516298888,-2.310456943796389
UAV_0020,telemetry_26,338,-0.8238315081972576,-0.9197170666897997,0.8238315081972576,0.9197170666897997,-0.38144948182139266,-0.2972895316643647,-7490.193836446104,-7687.541094285842,-197.34725783973772,-7495.516935743127,-7606.423983983202,-110.9070482400748,-2.4512800984758565
UAV_0020,telemetry_27,338,,,,,0.0,0.0,969.0302044744708,969.0302044744708,0.0,969.0302044744708,969.0302044744708,0.0,0.0
UAV_0020,telemetry_28,338,-0.7166661870223009,-0.68724343267675,0.7166661870223009,0.68724343267675,-0.42857681311315465,-0.3505784825453343,-9690.150574193589,-9943.607384668874,-253.45681047528524,-9706.094415639991,-9832.88349513128,-126.78907949128916,-2.1697141236192903
UAV_0021,telemetry_01,220,-0.009472008812538013,-0.022813769630852628,0.009472008812538013,0.022813769630852628,-0.0016365588193096928,-0.005095355035408681,112.63063167150028,113.26568097297412,0.6350493014738419,87.02482285478969,86.68683282063013,-0.3379900341595601,-0.03073247347110694
UAV_0021,telemetry_02,220,0.0018311179482875843,-0.006770988882189526,-0.0018311179482875843,0.006770988882189526,0.00022928877501261045,-0.005988210548484812,8.523626419593516,3.8054284782476593,-4.718197941345856,9.971740586854242,10.959592259112158,0.987851672257916,0.12393912067850789
UAV_0021,telemetry_03,220,,,,,0.0,0.0,30377.82504938608,30377.82504938608,0.0,30377.825049386083,30377.825049386083,0.0,0.0
UAV_0021,telemetry_04,220,0.0828076781303671,0.049883868221249995,-0.0828076781303671,-0.049883868221249995,5.78425970685123e-05,1.961940117510267e-05,-125.79704863621164,-125.89945703932128,-0.10240840310963506,-125.90199137294161,-125.89929540989716,0.002695963044445193,0.06063451441401034
UAV_0021,telemetry_05,220,-0.01444628531061549,-0.017530414790688766,0.01444628531061549,0.017530414790688766,-5.865402226139219e-07,-5.0373139821933125e-06,-113.52582678620443,-113.52502933115898,0.0007974550454576956,-113.52542457609839,-113.52571998965938,-0.00029541356099116456,-0.1143067723018385
UAV_0021,telemetry_06,220,-0.7226671666182746,-0.695796013244996,0.7226671666182746,0.695796013244996,-0.015583931409540891,-0.015889473387946385,-139.11691915536898,-142.46580399588612,-3.348884840517144,-138.63679923381935,-141.55423649484575,-2.917437261026407,-2.1254258912339608
UAV_0021,telemetry_07,220,0.7135908155384586,0.722732868538204,-0.7135908155384586,-0.722732868538204,0.00043046270881202985,0.0,140.5912754437698,140.7631728418209,0.17189739805110094,140.59127544376977,140.67722414279535,0.08594869902557889,2.2383921315189412
UAV_0021,telemetry_08,220,,,,,0.0,0.0,-4680.605940223165,-4680.605940223165,0.0,-4680.605940223166,-4680.605940223166,0.0,
UAV_0021,telemetry_09,220,-0.1169893394393938,-0.0938054693090954,0.1169893394393938,0.0938054693090954,-0.018868360890380693,-0.006653084850275926,-162.7771393325553,-143.5033738401194,19.2737654924359,-153.03241060477788,-157.43576712331196,-4.403356518534082,-0.4289227777838533
UAV_0021,telemetry_10,220,-0.07478107505712407,-0.03624530183756614,0.07478107505712407,0.03624530183756614,-0.0019255725568788253,-0.0015816738560287856,-61.69288517765604,-61.63493677956983,0.05794839808621077,-61.9507052352617,-62.43844400838077,-0.48773877311906944,-0.2975789751817382
UAV_0021,telemetry_11,220,-0.5153620968592606,-0.7337104288051655,0.5153620968592606,0.7337104288051655,-0.003294690332475902,-0.00248679207802424,62.128036052664136,61.457637367200455,-0.670398685463681,62.43967491198892,61.795738290624556,-0.6439366213643609,-1.5824286719622227
UAV_0021,telemetry_12,220,0.6340711271789693,0.5855865016889334,-0.6340711271789693,-0.5855865016889334,0.021720262645099173,0.02471711897854817,637.3277771263497,645.717843466283,8.390066339933355,639.258824141096,643.1965861570607,3.9377620159646085,1.8059491445771463
UAV_0021,telemetry_13,220,0.6460578927698241,0.6246349943368477,-0.6460578927698241,-0.6246349943368477,0.04802896455202927,0.044789132207088564,7134.767042110255,7147.800719489301,13.033677379045912,7129.97653488233,7139.285513188912,9.308978306581594,1.9672220185456
UAV_0021,telemetry_14,220,,,,,0.0,0.0,-648.8153498138018,-648.8153498138018,0.0,-648.8153498138018,-648.8153498138018,0.0,
UAV_0021,telemetry_15,220,0.8372566322046278,0.8774441051568724,-0.8372566322046278,-0.8774441051568724,1.1424130549957392,0.9311587149768124,50014.45264889632,50338.073668017394,323.62101912107755,49995.65227332043,50209.360061806256,213.70778848582268,2.4605881884283183
UAV_0021,telemetry_16,220,-0.6892675098420094,-0.6714962876432987,0.6892675098420094,0.6714962876432987,-0.03179281759699234,-0.02843126862839214,-694.5992033130013,-701.5364328583291,-6.937229545327796,-693.3378888502145,-699.329132548452,-5.99124369823744,-2.0406048762128233
UAV_0021,telemetry_17,220,,,,,0.0,0.0,40.41581228213973,40.41581228213973,0.0,40.41581228213974,40.41581228213974,0.0,0.0
UAV_0021,telemetry_18,220,0.27214574177910267,0.152475727334712,-0.27214574177910267,-0.152475727334712,0.00012522938138307096,1.4758144605220217e-05,-103.06878404805376,-103.05794568964484,0.010838358408918225,-103.0680813480491,-103.04482969752435,0.023251650524755973,0.7938386517478744
UAV_0021,telemetry_19,220,0.8149651524503716,0.8618483852972167,-0.8149651524503716,-0.8618483852972167,0.024456508300563787,0.01960349291098106,33503.96435087447,33511.2508004628,7.286449588333198,33503.82448872447,33508.46421534444,4.639726619963767,2.4289586667047396
UAV_0021,telemetry_20,220,,,,,0.0,0.0,-164.8973841769026,-164.8973841769026,0.0,-164.89738417690262,-164.89738417690262,0.0,0.0
UAV_0021,telemetry_21,220,0.8153991110528389,0.8580681326225321,-0.8153991110528389,-0.8580681326225321,0.025431895841341635,0.02169851386360474,34960.46781177412,34968.708422328855,8.240610554734303,34960.4076125087,34965.17338768747,4.765775178770127,2.40053583926482
UAV_0021,telemetry_22,220,0.6099777277936982,0.5639360428281874,-0.6099777277936982,-0.5639360428281874,0.899345447974278,1.0565074345202414,22910.031096922125,23194.401755970248,284.37065904812334,22976.789731404097,23145.06201629608,168.27228489198387,1.7930119111977374
UAV_0021,telemetry_23,220,-0.8187767021269476,-0.8494052281320613,0.8187767021269476,0.8494052281320613,-0.4387661245893059,-0.3863019018969141,-17360.433428667766,-17492.814118608807,-132.38068994104106,-17366.667348145394,-17447.7699381243,-81.1025899789056,-2.3776627600711215
UAV_0021,telemetry_24,220,-0.6732714632546806,-0.9242839352428394,0.6732714632546806,0.9242839352428394,-0.3565861165249736,-0.26547218004543927,-3647.882345538118,-3744.046878517029,-96.16453297891121,-3642.0612482384327,-3708.8756681978352,-66.81441995940258,-1.981888078510798
UAV_0021,telemetry_25,220,-0.7703361802921236,-0.7547057499930241,0.7703361802921236,0.7547057499930241,-0.009934727400408341,-0.008598951581905268,-171.41002025290925,-174.38760562454266,-2.9775853716334097,-171.4908128058965,-173.3621616827812,-1.8713488768846958,-2.27961889199873
UAV_0021,telemetry_26,220,-0.8501526812089197,-0.9374773189841545,0.8501526812089197,0.9374773189841545,-0.6584137935613332,-0.530801633650247,-7482.443471410942,-7675.4849708978145,-193.04149948687245,-7480.998432812215,-7603.343946858415,-122.34551404620015,-2.481813850787449
UAV_0021,telemetry_27,220,,,,,0.0,0.0,969.0302044744708,969.0302044744708,0.0,969.0302044744706,969.0302044744706,0.0,0.0
UAV_0021,telemetry_28,220,-0.7127704403119858,-0.6786304750849471,0.7127704403119858,0.6786304750849471,-0.6588260794026994,-0.7028150033130272,-9747.74113567349,-9968.03267796546,-220.29154229197047,-9709.606486357281,-9833.288646643508,-123.68216028622737,-2.102176158479136
UAV_0022,telemetry_01,192,0.029913822511788823,0.02389421642297155,-0.029913822511788823,-0.02389421642297155,0.006415328862380233,0.024545551007487527,93.2021224135646,85.34233195556735,-7.859790457997249,89.26154284460242,88.88943319406944,-0.37210965053297684,-0.03122376546101352
UAV_0022,telemetry_02,192,0.047519075725334245,0.05473984754360741,-0.047519075725334245,-0.05473984754360741,0.006493862652782499,0.009883444064122074,18.91408241608873,10.540323902296114,-8.373758513792614,9.112718405163443,11.015189947985519,1.9024715428220755,0.25052115732028407
UAV_0022,telemetry_03,192,,,,,0.0,0.0,30377.82504938608,30377.82504938608,0.0,30377.825049386087,30377.825049386087,0.0,0.0
UAV_0022,telemetry_04,192,-0.19213349235081859,-0.1270302666826516,0.19213349235081859,0.1270302666826516,-0.00034063596054188306,-9.90032428497821e-05,-125.88950066679674,-125.9165251065062,-0.027024439709464332,-125.87857451832643,-125.93047425877702,-0.05189974045059387,-0.5267919417120529
UAV_0022,telemetry_05,192,0.08633464684128124,0.09004625233974446,-0.08633464684128124,-0.09004625233974446,4.0451423556658925e-06,2.521726466762262e-07,-113.52242095509754,-113.52872534565932,-0.0063043905617803375,-113.52609450757852,-113.52556203598536,0.0005324715931607216,0.20450743643729058
UAV_0022,telemetry_06,192,0.7363671286724751,0.7142330941464237,-0.7363671286724751,-0.7142330941464237,0.017058884436049214,0.016386797923181786,-138.45565842395803,-133.85313344680753,4.602524977150495,-138.1312899969969,-135.47539304419587,2.6558969528010437,2.0630812930736604
UAV_0022,telemetry_07,192,,,,,0.0,0.0,140.5912754437698,140.5912754437698,0.0,140.59127544376975,140.59127544376975,0.0,0.0
UAV_0022,telemetry_08,192,,,,,0.0,0.0,-4680.605940223165,-4680.605940223165,0.0,-4680.605940223167,-4680.605940223167,0.0,0.0
UAV_0022,telemetry_09,192,-0.04258687649858476,-0.02051175975910805,0.04258687649858476,0.02051175975910805,-0.008109591343303836,-0.03727714398740753,-151.8574154841498,-141.83040302921518,10.027012454934635,-151.69028522408342,-152.22339328712238,-0.5331080630389522,-0.05037945019651398
UAV_0022,telemetry_10,192,0.0991504311492903,-0.009781149119713535,-0.0991504311492903,0.009781149119713535,0.005873574983113596,-0.0021805808775730287,-62.55195163446843,-63.89521502867992,-1.3432633942114904,-63.70640426788555,-62.43288418616217,1.2735200817233832,0.3868648226422944
UAV_0022,telemetry_11,192,0.18659211291622477,0.6983025731530563,-0.18659211291622477,-0.6983025731530563,0.0032279960197949577,0.0028685413147410167,62.40046898460555,63.07514112782518,0.6746721432196239,62.42881958558605,62.94575628818378,0.5169367025977323,0.537723497100305
UAV_0022,telemetry_12,192,-0.7739675692589563,-0.771534463231174,0.7739675692589563,0.771534463231174,-0.0331859840707209,-0.028724161138895584,636.7950745015919,629.869940379742,-6.925134121849851,637.9629225635605,632.8134638575697,-5.14945870599081,-2.161180283997999
UAV_0022,telemetry_13,192,0.747715491507809,0.742056737107669,-0.747715491507809,-0.742056737107669,0.07412082203152688,0.07786715475565847,7129.996358307351,7146.019659363245,16.02330105589408,7132.043604541942,7143.63392834634,11.590323804398395,2.1040355569290963
UAV_0022,telemetry_14,192,,,,,0.0,0.0,-648.8153498138018,-648.8153498138018,0.0,-648.8153498138018,-648.8153498138018,0.0,
UAV_0022,telemetry_15,192,0.41480941191446363,0.4008945333241038,-0.41480941191446363,-0.4008945333241038,0.17017283284096218,0.1762064883609678,50030.24204872384,50069.407161577255,39.16511285341403,50057.34212438934,50083.692583115924,26.350458726585202,1.1558671138424106
UAV_0022,telemetry_16,192,-0.6886114358118656,-0.6762292884302132,0.6886114358118656,0.6762292884302132,-0.03209513116440125,-0.03211680345059112,-694.5992033130013,-701.5364328583291,-6.937229545327796,-694.6881421533261,-699.9355337324844,-5.247391579158261,-2.0260021602545986
UAV_0022,telemetry_17,192,,,,,0.0,0.0,40.41581228213973,40.41581228213973,0.0,40.41581228213973,40.41581228213975,1.4210854715202004e-14,0.6010235556288986
UAV_0022,telemetry_18,192,-0.2807517921239384,-0.16007582128421455,0.2807517921239384,0.16007582128421455,-9.417842022496551e-05,-1.9529059352273027e-05,-103.3336448511322,-103.33780694195256,-0.004162090820358344,-103.31073520866268,-103.32782969284332,-0.017094484180645964,-0.9170404464212998
UAV_0022,telemetry_19,192,0.7952593694035082,0.7909251824322492,-0.7952593694035082,-0.7909251824322492,0.01352384867151511,0.012788154918896675,33503.615005039814,33507.36661191096,3.7516068711483967,33503.91851109414,33506.22978674373,2.311275649590243,2.4458036568049972
UAV_0022,telemetry_20,192,,,,,0.0,0.0,-164.8973841769026,-164.8973841769026,0.0,-164.89738417690265,-164.89738417690265,0.0,0.0
UAV_0022,telemetry_21,192,0.8134465049764287,0.8143984347408724,-0.8134465049764287,-0.8143984347408724,0.014395823635095456,0.013377614536886264,34959.73204297459,34963.85234825196,4.1203052773707896,34960.59232649405,34962.88641587924,2.29408938519191,2.332728362080889
UAV_0022,telemetry_22,192,0.6637456691422309,0.6421230343682073,-0.6637456691422309,-0.6421230343682073,0.9706102375624905,0.9571574096175837,23028.17894758198,23218.730598214635,190.55165063265667,23003.83142819784,23168.347146012537,164.5157178146983,2.024536371940604
UAV_0022,telemetry_23,192,-0.7299629097706694,-0.7148800965738004,0.7299629097706694,0.7148800965738004,-0.17169347705027285,-0.17206027374101862,-17384.96995624223,-17427.424816193536,-42.4548599513073,-17387.05040986927,-17414.90779413391,-27.85738426464013,-2.1313201305407343
UAV_0022,telemetry_24,192,0.2348831337844984,0.8020660960855058,-0.2348831337844984,-0.8020660960855058,0.28314692570963634,0.086666286213848,-3647.430312470844,-3627.306737119504,20.12357535134015,-3660.3271525108034,-3615.410973666508,44.916178844295246,0.6705082696661877
UAV_0022,telemetry_25,192,-0.8305905534259506,-0.8234322279339218,0.8305905534259506,0.8234322279339218,-0.011620329787815614,-0.011175190130429096,-171.53155434971063,-174.1141539067396,-2.5825995570289706,-171.63516995788103,-173.51894845830216,-1.8837785004211298,-2.4230352038382557
UAV_0022,telemetry_26,192,0.831127018508563,0.8268660406718725,-0.831127018508563,-0.8268660406718725,0.16513322946722586,0.16885326873987688,-7488.615058383385,-7441.538767058704,47.076291324680824,-7478.641891600249,-7452.008752113326,26.633139486923028,2.412218501553725
UAV_0022,telemetry_27,192,,,,,0.0,0.0,969.0302044744708,969.0302044744708,0.0,969.0302044744705,969.0302044744705,0.0,0.0
UAV_0022,telemetry_28,192,-0.847761709826118,-0.8563329083362722,0.847761709826118,0.8563329083362722,-0.9468195450186967,-0.849085316482519,-9711.638715599733,-9981.660185383227,-270.02146978349447,-9721.431995245306,-9871.89287702685,-150.46088178154423,-2.4243289057373043
UAV_0023,telemetry_01,196,0.056003862119279595,0.07271553681996032,-0.056003862119279595,-0.07271553681996032,0.010340851007038923,0.03745991040617404,79.05292689196047,100.03638705032158,20.983460158361112,86.54709117342838,88.2959904106109,1.7488992371825134,0.16697673298254503
UAV_0023,telemetry_02,196,-0.06344889018787868,-0.06815099331415503,0.06344889018787868,0.06815099331415503,-0.008539068112095247,-0.010492121984117534,2.162630609448019,15.13696278485636,12.97433217540834,13.588307131367952,12.712695990250634,-0.875611141117318,-0.11469759335755465
UAV_0023,telemetry_03,196,,,,,0.0,0.0,30377.82504938608,30377.82504938608,0.0,30377.82504938608,30377.82504938608,0.0,0.0
UAV_0023,telemetry_04,196,0.14235483785966307,0.15559679078836608,-0.14235483785966307,-0.15559679078836608,0.00015239652987920527,0.00012737363570827155,-125.93217083475908,-125.88238897213634,0.049781862622737094,-125.91061773659416,-125.88886061427729,0.021757122316870436,0.3582845497196355
UAV_0023,telemetry_05,196,0.07058115315061542,0.0662735379196583,-0.07058115315061542,-0.0662735379196583,3.057376907493221e-06,-8.725400295502882e-07,-113.52579433200142,-113.530156844107,-0.004362512105572591,-113.52662179029366,-113.5256176504884,0.0010041398052607065,0.40866121903702707
UAV_0023,telemetry_06,196,0.7804405886338568,0.7686388073527561,-0.7804405886338568,-0.7686388073527561,0.017876598835393807,0.016808944127008885,-137.95094616115756,-133.68531348845704,4.265632672700519,-138.05655375808223,-135.1808210090937,2.8757327489885256,2.2132626286363495
UAV_0023,telemetry_07,196,,,,,0.0,0.0,140.5912754437698,140.5912754437698,0.0,140.5912754437698,140.5912754437698,0.0,0.0
UAV_0023,telemetry_08,196,,,,,0.0,0.0,-4680.605940223165,-4680.605940223165,0.0,-4680.605940223165,-4680.605940223165,0.0,0.0
UAV_0023,telemetry_09,196,-0.006453907102046739,0.003479189411024074,0.006453907102046739,-0.003479189411024074,-0.0011662722013955724,-0.018588779122811858,-148.1408406701792,-158.251634810699,-10.1107941405198,-153.6516110743391,-153.25002991613954,0.40158115819954787,0.039176495856016624
UAV_0023,telemetry_10,196,-0.01773687749412543,-0.07318410378598922,0.01773687749412543,0.07318410378598922,-0.0006821211470050628,-0.0005126273591994177,-60.37756420578532,-60.87783818733521,-0.5002739815498884,-62.3947223540457,-62.40527551122108,-0.010553157175380079,-0.004837573019941998
UAV_0023,telemetry_11,196,0.24528977382219203,0.7227599451969894,-0.24528977382219203,-0.7227599451969894,0.00246017736407981,0.002638698290895412,62.639782618938405,63.09009822997097,0.4503156110325648,62.58970390158997,62.92100284839048,0.33129894680050853,0.5823211365656159
UAV_0023,telemetry_12,196,-0.7778962364406059,-0.788331931661701,0.7778962364406059,0.788331931661701,-0.03364343792885833,-0.035425556406819075,638.2600067196756,629.6035890673631,-8.656417652312484,637.6007872215379,632.4102660215552,-5.190521199982641,-2.1157373117477363
UAV_0023,telemetry_13,196,0.7734443257896454,0.7739738144379188,-0.7734443257896454,-0.7739738144379188,0.07681354500091533,0.08051666399104795,7127.963603753449,7148.5390089054135,20.575405151964333,7131.986665541379,7143.863718061204,11.877052519825156,2.1082853953188603
UAV_0023,telemetry_14,196,,,,,0.0,0.0,-648.8153498138018,-648.8153498138018,0.0,-648.8153498138018,-648.8153498138018,0.0,
UAV_0023,telemetry_15,196,-0.7104117983508883,-0.6925952769404428,0.7104117983508883,0.6925952769404428,-0.38389957290200605,-0.39091687444991885,49953.08369253545,49888.26080496232,-64.82288757312926,49969.829091180654,49908.34911560225,-61.479975578404265,-2.0056525365513482
UAV_0023,telemetry_16,196,-0.7167599159160095,-0.7162319699247045,0.7167599159160095,0.7162319699247045,-0.033745255322830674,-0.032929887082252376,-696.3335106993333,-703.270740244661,-6.937229545327796,-694.2523418357349,-699.7154101026806,-5.463068266945697,-2.045630042516626
UAV_0023,telemetry_17,196,,,,,0.0,0.0,40.41581228213973,40.41581228213973,0.0,40.41581228213973,40.41581228213973,0.0,0.0
UAV_0023,telemetry_18,196,-0.10064561717058744,-0.10312298289093069,0.10064561717058744,0.10312298289093069,-1.0276180163488479e-05,4.184897878661268e-06,-103.3184417188993,-103.32029649014515,-0.0018547712458598653,-103.32533965494277,-103.32800330350787,-0.0026636485651039266,-0.4599065093126883
UAV_0023,telemetry_19,196,0.8228815084598132,0.821644925053192,-0.8228815084598132,-0.821644925053192,0.015120803014933397,0.013618951683674538,33504.35237935136,33508.12862884854,3.7762494971830165,33504.70478345894,33507.11721042065,2.4124269617095706,2.3144408991442544
UAV_0023,telemetry_20,196,,,,,0.0,0.0,-164.8973841769026,-164.8973841769026,0.0,-164.8973841769026,-164.8973841769026,0.0,0.0
UAV_0023,telemetry_21,196,0.8440774080478926,0.8574224513397422,-0.8440774080478926,-0.8574224513397422,0.015989569549494882,0.015654655309071074,34960.76211929393,34965.17673209112,4.4146127971835085,34961.15943444568,34963.76773484001,2.608300394327671,2.4273510255390156
UAV_0023,telemetry_22,196,0.5958160101670776,0.5701674417780276,-0.5958160101670776,-0.5701674417780276,0.8320412101409405,0.9101983879878988,22951.98742366693,23254.568293975823,302.58087030889146,23026.325148075633,23159.00838936383,132.68324128819586,1.674992545255735
UAV_0023,telemetry_23,196,0.32778457501463404,0.3107682745101164,-0.32778457501463404,-0.3107682745101164,0.0457751879908954,0.04316225126374491,-17357.03693537541,-17355.83628096986,1.2006544055511768,-17358.318287337275,-17350.668817070888,7.649470266387652,0.9656488133202938
UAV_0023,telemetry_24,196,0.21347412739287172,0.7934815003705505,-0.21347412739287172,-0.7934815003705505,0.14973156873199248,0.09264406397230063,-3649.609187276231,-3626.2881702605832,23.321017015647612,-3653.8386281135877,-3631.826974480003,22.0116536335845,0.5532405658824397
UAV_0023,telemetry_25,196,-0.819143160478411,-0.8084950243015724,0.819143160478411,0.8084950243015724,-0.011845552808054147,-0.009997110602560701,-171.744239019113,-174.53952324554436,-2.795284226431363,-171.93717439778516,-173.84298095325158,-1.9058065554664267,-2.3233399861860384
UAV_0023,telemetry_26,196,0.8632840287700321,0.8705328549676778,-0.8632840287700321,-0.8705328549676778,0.1607905382767856,0.15582004226356855,-7478.71181417179,-7434.075452580402,44.63636159138787,-7476.630697634571,-7450.832028836977,25.798668797594473,2.4418556582216233
UAV_0023,telemetry_27,196,,,,,0.0,0.0,969.0302044744708,969.0302044744708,0.0,969.0302044744709,969.0302044744709,0.0,0.0
UAV_0023,telemetry_28,196,-0.8072660129450119,-0.7981623887352677,0.8072660129450119,0.7981623887352677,-0.8595075718272462,-0.7884998338695851,-9699.816333920358,-9933.653666106666,-233.83733218630732,-9741.539774408382,-9877.628657924239,-136.08888351585665,-2.253300364035196
UAV_0024,telemetry_01,494,-0.042439949345013585,-0.03314502656874815,0.042439949345013585,0.03314502656874815,-0.0033420550710085203,-0.006912311513859655,82.95013243596325,70.869361391306,-12.080771044657254,86.63120859476118,85.65952336605409,-0.9716852287070878,-0.0864393325382787
UAV_0024,telemetry_02,494,0.020583507452176863,0.03188483698785823,-0.020583507452176863,-0.03188483698785823,0.001099204502175963,0.005084033767596489,9.544816953247269,13.78139538243327,4.236578429186002,11.410023854495607,11.914319138728409,0.5042952842328017,0.06615312103423217
UAV_0024,telemetry_03,494,,,,,0.0,0.0,30377.82504938608,30377.82504938608,0.0,30377.825049386072,30377.825049386072,0.0,0.0
UAV_0024,telemetry_04,494,0.014728865142351945,-0.006118827095479833,-0.014728865142351945,0.006118827095479833,6.86606134831731e-06,-3.2588202527515836e-05,-125.8909230057288,-125.87243259961178,0.01849040611701014,-125.89333446917168,-125.88926581324027,0.004068655931405374,0.061141645172340865
UAV_0024,telemetry_05,494,-0.09031058937407799,-0.08697821519429291,0.09031058937407799,0.08697821519429291,-1.6510792135832045e-06,-5.409144970802121e-07,-113.52680293398532,-113.52934699498805,-0.002544061002723197,-113.52554985442427,-113.52634330831155,-0.0007934538872831354,-0.30403039794617054
UAV_0024,telemetry_06,494,-0.7779696251189601,-0.7749460841678808,0.7779696251189601,0.7749460841678808,-0.008644227642833084,-0.009085461907450024,-137.08053667568282,-142.72254348440742,-5.642006808724602,-137.3763658424269,-140.86879455957626,-3.4924287171493518,-2.201854135296392
UAV_0024,telemetry_07,494,0.6113458670082544,0.6203179063087317,-0.6113458670082544,-0.6203179063087317,0.00014096770454068855,0.0,140.5912754437698,140.7631728418209,0.17189739805110094,140.59040727509276,140.65812443190072,0.06771715680795865,2.0572667978659083
UAV_0024,telemetry_08,494,,,,,0.0,0.0,-4680.605940223165,-4680.605940223165,0.0,-4680.605940223163,-4680.605940223163,0.0,0.0
UAV_0024,telemetry_09,494,0.04889355292066007,0.05634784417745878,-0.04889355292066007,-0.05634784417745878,0.0033742803240649414,0.00019429766791648244,-170.09629199950456,-145.4422102612953,24.65408173820927,-153.66282758563068,-153.50715395737927,0.15567362825140663,0.015801926382139418
UAV_0024,telemetry_10,494,-0.07422549239037134,-0.04914545260440424,0.07422549239037134,0.04914545260440424,-0.001293146250986315,0.00044089412854324294,-61.47911941941037,-62.665089133827095,-1.1859697144167285,-62.34488410099387,-62.97814911265675,-0.6332650116628784,-0.25463346794752345
UAV_0024,telemetry_11,494,-0.3206497695051794,-0.8039653750751012,0.3206497695051794,0.8039653750751012,-0.001530762758297548,-0.0015357738810422494,62.56125783267294,61.54684579785578,-1.0144120348171626,62.62851274655362,61.94041475324643,-0.6880979933071885,-1.0097128532347646
UAV_0024,telemetry_12,494,0.7882770713222447,0.7906326037177952,-0.7882770713222447,-0.7906326037177952,0.0160045042039901,0.016107460742040898,635.0637909711295,647.1827756843666,12.118984713237069,635.93414096663,642.432843946944,6.498702980313965,2.2422700021648923
UAV_0024,telemetry_13,494,0.45992660320406353,0.39093355311995215,-0.45992660320406353,-0.39093355311995215,0.016025047993122613,0.016867360777446168,7124.2710938932,7146.626191042983,22.355097149783433,7130.510430103173,7137.642753801837,7.13232369866364,1.4339855875371132
UAV_0024,telemetry_14,494,,,,,0.0,0.0,-648.8153498138018,-648.8153498138018,0.0,-648.815349813802,-648.815349813802,0.0,0.0
UAV_0024,telemetry_15,494,0.8821095712233302,0.9313538218685017,-0.8821095712233302,-0.9313538218685017,0.6672456780942864,0.598999926332809,49866.920444257936,50359.84577012331,492.9253258653771,49899.531560655174,50174.58945964702,275.0578989918431,2.5473313198798793
UAV_0024,telemetry_16,494,-0.73685374269614,-0.7235705512053349,0.73685374269614,0.7235705512053349,-0.016350669981180573,-0.013089298740543372,-691.1305885403375,-705.005047630993,-13.874459090655478,-691.3583258738964,-698.243000649941,-6.884674776044562,-2.173470347268755
UAV_0024,telemetry_17,494,,,,,0.0,0.0,40.41581228213973,40.41581228213973,0.0,40.415812282139726,40.415812282139726,0.0,0.0
UAV_0024,telemetry_18,494,0.813105593323033,0.7586795681810095,-0.813105593323033,-0.7586795681810095,0.000325480327153656,0.00026976625627335383,-103.1548315757978,-102.88305908729134,0.27177248850645697,-103.0843138513198,-102.96258893274978,0.12172491857002399,2.1302287734887444
UAV_0024,telemetry_19,494,0.8439006396527451,0.9103846937731853,-0.8439006396527451,-0.9103846937731853,0.02580847234571294,0.02263759824789687,33498.64071430643,33510.992447348035,12.351733041607076,33497.367823577224,33507.57613339985,10.208309822628507,2.3383386550500136
UAV_0024,telemetry_20,494,,,,,0.0,0.0,-164.8973841769026,-164.8973841769026,0.0,-164.89738417690253,-164.89738417690253,0.0,0.0
UAV_0024,telemetry_21,494,0.8481568580877926,0.9154780793047606,-0.8481568580877926,-0.9154780793047606,0.027207620241014446,0.024525626651003062,34953.69873881845,34967.67834600951,13.979607191060495,34953.57536748438,34964.335428776896,10.760061292516184,2.349767621796503
UAV_0024,telemetry_22,494,0.695771071053305,0.6746033010053817,-0.695771071053305,-0.6746033010053817,0.5102654108831116,0.45032255228715556,22923.579494100137,23200.666068643957,277.08657454382046,22917.397587230927,23130.653508533676,213.2559213027489,2.03702277825153
UAV_0024,telemetry_23,494,-0.8666971847587743,-0.9246381745367547,0.8666971847587743,0.9246381745367547,-0.25487416248551914,-0.22409032588131925,-17341.294606535757,-17509.8444116635,-168.54980512774273,-17332.33763172543,-17437.564517713716,-105.22688598828609,-2.506645055785769
UAV_0024,telemetry_24,494,-0.4313716857914921,-0.8863121860879949,0.4313716857914921,0.8863121860879949,-0.16366274552156446,-0.13945806337764471,-3621.896886584073,-3743.800679908116,-121.90379332404291,-3624.1084986375135,-3692.2889468052153,-68.1804481677018,-1.2588854207472278
UAV_0024,telemetry_25,494,-0.5917248670249986,-0.5000738125863069,0.5917248670249986,0.5000738125863069,-0.0034899637726425034,-0.0027885554368304102,-171.77462254331334,-174.2660715277413,-2.4914489844279615,-171.50853652834672,-173.02188155695163,-1.5133450286049026,-1.797468984923943
UAV_0024,telemetry_26,494,-0.8624511176178711,-0.9408272754741823,0.8624511176178711,0.9408272754741823,-0.34744232897919175,-0.2793714849135168,-7435.367180086263,-7669.60043448223,-234.23325439596738,-7437.043091418219,-7582.0558136417485,-145.01272222352964,-2.5216361171164103
UAV_0024,telemetry_27,494,,,,,0.0,0.0,969.0302044744708,969.0302044744708,0.0,969.0302044744712,969.0302044744712,0.0,0.0
UAV_0024,telemetry_28,494,-0.515031334496875,-0.4227453767541309,0.515031334496875,0.4227453767541309,-0.21753288382543004,-0.19763658206163942,-9709.685434127116,-9959.842818255283,-250.1573841281679,-9718.745407571107,-9817.449936449895,-98.70452887878855,-1.6370817386024157
UAV_0025,telemetry_01,193,-0.044019187822564705,-0.025424322952833714,0.044019187822564705,0.025424322952833714,-0.00826503649670124,-0.017240990279902214,101.00033803359813,84.42674371234777,-16.573594321250354,85.04206838920591,84.19482635739149,-0.8472420318144174,-0.08078223158751917
UAV_0025,telemetry_02,193,-0.0405998819916989,-0.02337281662304364,0.0405998819916989,0.02337281662304364,-0.005751510155953552,-0.0003913637202356084,11.493358137753676,5.956566280985297,-5.536791856768379,11.164417969758992,11.434954475096557,0.27053650533756546,0.0341884852567978
UAV_0025,telemetry_03,193,,,,,0.0,0.0,30377.82504938608,30377.82504938608,0.0,30377.825049386087,30377.825049386087,0.0,0.0
UAV_0025,telemetry_04,193,0.11566475250720873,0.1256847560897344,-0.11566475250720873,-0.1256847560897344,0.00010082374158594685,5.020019760275531e-05,-125.88665598893256,-125.9165251065062,-0.029869117573639414,-125.90171819352098,-125.8869477507648,0.014770442756173452,0.303349190366338
UAV_0025,telemetry_05,193,-0.04105553609899601,-0.040819801292665985,0.04105553609899601,0.040819801292665985,-1.9971734168504882e-06,4.905434074409736e-07,-113.52235192296604,-113.5277755558135,-0.005423632847467275,-113.52516065658324,-113.52552574950047,-0.000365092917235188,-0.13436014442581984
UAV_0025,telemetry_06,193,0.7538155904294194,0.7601113891823148,-0.7538155904294194,-0.7601113891823148,0.01953198028783001,0.01742178841952231,-138.38051515902498,-133.79427122260995,4.5862439364150305,-138.77970572585525,-135.6233353610962,3.1563703647590557,2.1808103451424645
UAV_0025,telemetry_07,193,,,,,0.0,0.0,140.5912754437698,140.5912754437698,0.0,140.59127544376975,140.59127544376975,0.0,0.0
UAV_0025,telemetry_08,193,,,,,0.0,0.0,-4680.605940223165,-4680.605940223165,0.0,-4680.605940223167,-4680.605940223167,0.0,0.0
UAV_0025,telemetry_09,193,-0.04951312263277042,-0.030169996260883496,0.04951312263277042,0.030169996260883496,-0.009034943411334814,-0.008346659475001954,-160.47912459968228,-138.5765196575887,21.902604942093575,-152.56960954508546,-153.4796473872434,-0.9100378421579478,-0.08928231355092191
UAV_0025,telemetry_10,193,-0.11978541851492219,-0.13600034720367501,0.11978541851492219,0.13600034720367501,-0.0044375527267839525,-0.004918373175430594,-59.92679569575229,-61.7056825653285,-1.778886869576212,-62.20177088996044,-62.431942093366615,-0.23017120340617225,-0.11123014929080295
UAV_0025,telemetry_11,193,0.2988333865532709,0.7332983901094687,-0.2988333865532709,-0.7332983901094687,0.002341783559287657,0.0027295863507805556,62.34758494487575,63.09223495884895,0.7446500139731995,62.39622292080958,62.8791510411912,0.48292812038162225,1.103255146517807
UAV_0025,telemetry_12,193,-0.7473664941769084,-0.7326878460432226,0.7473664941769084,0.7326878460432226,-0.035818612125955246,-0.03815138478983024,635.3301422835082,627.6059542245218,-7.7241880589863285,638.6902665319798,633.0183494824765,-5.671917049503236,-2.1186823270126514
UAV_0025,telemetry_13,193,0.7155473102263756,0.6855970567811548,-0.7155473102263756,-0.6855970567811548,0.07448678504001083,0.07160584886182113,7131.639107347602,7147.621208924793,15.982101577191315,7130.18242427821,7142.291421774091,12.10899749588043,2.0824683835314737
UAV_0025,telemetry_14,193,,,,,0.0,0.0,-648.8153498138018,-648.8153498138018,0.0,-648.8153498138018,-648.8153498138018,0.0,0.0
UAV_0025,telemetry_15,193,0.842681479202568,0.9292287558582798,-0.842681479202568,-0.9292287558582798,2.0960907167383427,1.7086502376587775,50074.27967168029,50618.15048292664,543.8708112463501,50073.240645670005,50417.18830301054,343.9476573405336,2.4754652472282284
UAV_0025,telemetry_16,193,-0.7244218599227495,-0.7414739906434631,0.7244218599227495,0.7414739906434631,-0.03728746984662166,-0.035154879452674065,-692.8648959266694,-699.8021254719972,-6.937229545327796,-693.3985289686176,-699.4463701106981,-6.047841142080529,-2.103488347022239
UAV_0025,telemetry_17,193,,,,,0.0,0.0,40.41581228213973,40.41581228213973,0.0,40.41581228213974,40.41581228213974,0.0,0.0
UAV_0025,telemetry_18,193,-0.19171636693889352,-0.049289567864964474,0.19171636693889352,0.049289567864964474,-7.794332642521105e-05,-9.277898461353592e-07,-103.32758737266856,-103.32246569171085,0.0051216809577141476,-103.31949100031581,-103.32856826198054,-0.009077261664728553,-0.39971110322300885
UAV_0025,telemetry_19,193,0.7109021623907257,0.6849644116233107,-0.7109021623907257,-0.6849644116233107,0.009871172831853892,0.008941882023731928,33503.80460222281,33506.540536249675,2.735934026866744,33503.696816806165,33505.33594475572,1.6391279495583149,2.113318907408097
UAV_0025,telemetry_20,193,,,,,0.0,0.0,-164.8973841769026,-164.8973841769026,0.0,-164.89738417690265,-164.89738417690265,0.0,0.0
UAV_0025,telemetry_21,193,0.7113964399411719,0.6855685764714374,-0.7113964399411719,-0.6855685764714374,0.009939176905410295,0.00806321972089641,34959.58488921469,34962.822271932615,3.2373827179253567,34960.373482440846,34961.920483506525,1.5470010656790691,1.982270798782781
UAV_0025,telemetry_22,193,0.6931525977446945,0.6903342142905136,-0.6931525977446945,-0.6903342142905136,1.1751502806647736,1.1347742485157126,22874.04771947085,23300.60370804304,426.55598857218865,22971.998111200046,23169.691900074875,197.6937888748289,2.087562924058125
UAV_0025,telemetry_23,193,-0.8458430007256533,-0.9114063084236953,0.8458430007256533,0.9114063084236953,-0.7879288468730707,-0.6578920740434496,-17407.77633021569,-17598.15860808906,-190.38227787337019,-17393.823778067042,-17521.343036364084,-127.51925829704123,-2.4506971220140694
UAV_0025,telemetry_24,193,0.10346909862510006,0.7531582180439078,-0.10346909862510006,-0.7531582180439078,0.051221048001072744,0.08721249371630246,-3650.015044264842,-3628.429137351992,21.585906912850078,-3649.3453490210372,-3636.439873049143,12.905475971894248,0.4667102464896113
UAV_0025,telemetry_25,193,-0.8252727634762005,-0.8274454895905254,0.8252727634762005,0.8274454895905254,-0.011846983780555688,-0.011422796857054832,-171.41002025290925,-174.14453743093995,-2.7345171780307,-171.4404037771096,-173.32418227753075,-1.8837785004211582,-2.3492576944726635
UAV_0025,telemetry_26,193,0.7938730477020162,0.7766398252752994,-0.7938730477020162,-0.7766398252752994,0.13874351424669515,0.13392990827269025,-7479.142390007077,-7446.275101246859,32.86728876021789,-7480.772689964618,-7458.555712890889,22.21697707372914,2.275801805147593
UAV_0025,telemetry_27,193,,,,,0.0,0.0,969.0302044744708,969.0302044744708,0.0,969.0302044744705,969.0302044744705,0.0,0.0
UAV_0025,telemetry_28,193,-0.8506028034755763,-0.8664634634901981,0.8506028034755763,0.8664634634901981,-1.0147452779977884,-0.9664792584935259,-9732.360289432652,-9953.170026709142,-220.8097372764896,-9698.691478106395,-9857.215546961375,-158.52406885498021,-2.3788994458476584
UAV_0026,telemetry_01,243,0.04602734543122659,0.035913029951778086,-0.04602734543122659,-0.035913029951778086,0.007040227179271487,0.009823296168703378,93.52049383138466,93.55135267602874,0.030858844644086503,83.59935926299859,85.67242144986938,2.0730621868707857,0.19281204366773275
UAV_0026,telemetry_02,243,0.042022400055140165,0.0190311794882088,-0.042022400055140165,-0.0190311794882088,0.004630349409148579,0.0090502497457047,2.0911182244019653,12.313650675921425,10.22253245151946,11.767591967350054,12.574904316284066,0.8073123489340119,0.10423204468576269
UAV_0026,telemetry_03,243,,,,,0.0,0.0,30377.82504938608,30377.82504938608,0.0,30377.82504938608,30377.82504938608,0.0,0.0
UAV_0026,telemetry_04,243,-0.057114127713306186,0.011527047422062424,0.057114127713306186,-0.011527047422062424,-4.3931867678875144e-05,-2.1716363648261345e-05,-125.88096663320424,-125.8838113110684,-0.0028446778641608716,-125.87997713089428,-125.894580448697,-0.014603317802723836,-0.2700896805022777
UAV_0026,telemetry_05,243,0.06907683166332886,0.06969680243401058,-0.06907683166332886,-0.06969680243401058,2.450032452835434e-06,1.0164587285105823e-06,-113.52591364674812,-113.5214790988676,0.004434547880521222,-113.52584919698143,-113.52543136265592,0.00041783432550346333,0.1675935346148702
UAV_0026,telemetry_06,243,0.7506875746268773,0.7377760289485454,-0.7506875746268773,-0.7377760289485454,0.014997296212692916,0.016013921646107737,-138.59968301507973,-133.1968822663921,5.402800748687639,-138.32425994605973,-135.27863185330827,3.045628092751457,2.1687810053464265
UAV_0026,telemetry_07,243,,,,,0.0,0.0,140.5912754437698,140.5912754437698,0.0,140.59127544376977,140.59127544376977,0.0,0.0
UAV_0026,telemetry_08,243,,,,,0.0,0.0,-4680.605940223165,-4680.605940223165,0.0,-4680.605940223166,-4680.605940223166,0.0,
UAV_0026,telemetry_09,243,0.030125440434936434,0.03441100857891717,-0.030125440434936434,-0.03441100857891717,0.003894260771570331,-0.0005194438780547624,-144.1544324545512,-129.9573044353493,14.197128019201898,-152.78076274882966,-152.29154669499235,0.4892160538373105,0.053839578151109575
UAV_0026,telemetry_10,243,-0.030175050134845036,-0.04728774748645588,0.030175050134845036,0.04728774748645588,-0.0008988238771142848,-0.0006016154995528304,-60.83475816910665,-62.35080531119924,-1.5160471420925887,-62.34711396180886,-62.44911268044638,-0.10199871863752463,-0.04871477359541482
UAV_0026,telemetry_11,243,0.3197001616671954,0.7337981034879772,-0.3197001616671954,-0.7337981034879772,0.0024006767500375343,0.002261527737746666,62.38337515358178,63.15526846074911,0.771893307167332,62.41879607426204,62.89855574840993,0.47975967414789267,0.9089196307036792
UAV_0026,telemetry_12,243,-0.7772931688473456,-0.769662334101389,0.7772931688473456,0.769662334101389,-0.02706444414201033,-0.02620980169802947,636.528723189213,630.9353456292574,-5.59337755995557,638.496461456175,632.7644724989611,-5.731988957213844,-2.341982562916108
UAV_0026,telemetry_13,243,0.715348672694901,0.7115943337999969,-0.715348672694901,-0.7115943337999969,0.052940645920963134,0.054463426966079254,7126.980087853958,7152.612544756228,25.63245690226995,7131.63175385148,7142.307566885702,10.675813034221392,2.0522112892348163
UAV_0026,telemetry_14,243,,,,,0.0,0.0,-648.8153498138018,-648.8153498138018,0.0,-648.8153498138018,-648.8153498138018,0.0,0.0
UAV_0026,telemetry_15,243,0.6788677313638081,0.6623009540091407,-0.6788677313638081,-0.6623009540091407,0.3036606476124173,0.2906848904897207,49984.78584687664,50100.73925185999,115.95340498334554,49986.876582934805,50046.36249224991,59.48590931510262,1.8919224456560215
UAV_0026,telemetry_16,243,-0.6975825371424684,-0.6828010304035337,0.6975825371424684,0.6828010304035337,-0.027243368974956415,-0.021678842329149364,-691.1305885403375,-699.8021254719972,-8.671536931659716,-693.9621108037366,-699.4835792173648,-5.521468413628213,-2.0113236161421457
UAV_0026,telemetry_17,243,,,,,0.0,0.0,40.41581228213973,40.41581228213973,0.0,40.41581228213974,40.41581228213973,-7.105427357601002e-15,-0.630375080567378
UAV_0026,telemetry_18,243,-0.12698456864776556,-0.04875631626749361,0.12698456864776556,0.04875631626749361,-2.91636464338472e-05,7.710491552546828e-06,-103.33020751831016,-103.32220097902145,0.008006539288714976,-103.32273288011058,-103.32765299962844,-0.004920119517862531,-0.30477360304780904
UAV_0026,telemetry_19,243,0.832931518773573,0.830978270868981,-0.832931518773573,-0.830978270868981,0.010558743453744936,0.009866630472557422,33503.8563653859,33506.8274579978,2.9710926119005308,33504.20627935283,33506.34140002574,2.13512067290867,2.3961392716242185
UAV_0026,telemetry_20,243,,,,,0.0,0.0,-164.8973841769026,-164.8973841769026,0.0,-164.89738417690262,-164.89738417690262,0.0,
UAV_0026,telemetry_21,243,0.8066900159457969,0.7902741203315068,-0.8066900159457969,-0.7902741203315068,0.010653775577673831,0.009619970590769883,34960.90927305384,34963.41088697224,2.5016139184008352,34960.89425736405,34963.09255434877,2.198296984715853,2.3680020556147308
UAV_0026,telemetry_22,243,0.6959530199872169,0.6885722123271629,-0.6959530199872169,-0.6885722123271629,0.8883996278549061,0.879226146885663,23037.356894057404,23173.714955978023,136.35806192061864,22991.428511435963,23168.880702343737,177.4521909077739,1.9776320627797097
UAV_0026,telemetry_23,243,-0.7910558675161101,-0.7948319090892364,0.7910558675161101,0.7948319090892364,-0.1806733054131947,-0.15902239771611887,-17361.725382567063,-17408.319466452926,-46.59408388586235,-17360.510206759533,-17396.057606914877,-35.5474001553448,-2.2141833580683543
UAV_0026,telemetry_24,243,0.2221484166283687,0.7934310818066407,-0.2221484166283687,-0.7934310818066407,0.12080302261430585,0.06443375788816291,-3647.6949153699256,-3629.8517888346137,17.843126535311967,-3661.5239215972942,-3634.7068610526817,26.81706054461256,0.7015670227730136
UAV_0026,telemetry_25,243,-0.854459657437354,-0.8735567932108967,0.854459657437354,0.8735567932108967,-0.010085863764861536,-0.009926761486612597,-171.1669520593065,-174.29645505194165,-3.129502992635139,-171.56007765814354,-173.59577377956643,-2.0356961214228875,-2.453488277632877
UAV_0026,telemetry_26,243,0.839581094033236,0.829024326066751,-0.839581094033236,-0.829024326066751,0.12779840459843678,0.1453653461010658,-7486.462179206951,-7446.418626525287,40.04355268166364,-7478.445267226137,-7453.225825445058,25.219441781078785,2.3570308168422134
UAV_0026,telemetry_27,243,,,,,0.0,0.0,969.0302044744708,969.0302044744708,0.0,969.0302044744709,969.0302044744709,0.0,0.0
UAV_0026,telemetry_28,243,-0.8187488499621507,-0.8163486161499077,0.8187488499621507,0.8163486161499077,-0.7213643401303381,-0.7539482893464053,-9766.006656730158,-9935.906630106125,-169.8999733759665,-9720.384777436777,-9868.117737164037,-147.7329597272601,-2.385426310651255
UAV_0027,telemetry_01,320,-0.03081930865653714,-0.0312849734860692,0.03081930865653714,0.0312849734860692,-0.003947691780266912,-0.015042143269693496,97.02486388258876,105.5545076299842,8.52964374739544,86.35899999029586,85.55655642954446,-0.8024435607513993,-0.06771069460601521
UAV_0027,telemetry_02,320,-0.08284949888479395,-0.08099749509272552,0.08284949888479395,0.08099749509272552,-0.006590531180894022,-0.006843125329376665,-2.3313210822603665,12.717690213820823,15.04901129608119,13.061953768064637,9.924151188058303,-3.1378025800063334,-0.42634208058833145
UAV_0027,telemetry_03,320,,,,,0.0,0.0,30377.82504938608,30377.82504938608,0.0,30377.825049386076,30377.825049386076,0.0,0.0
UAV_0027,telemetry_04,320,0.004776047256348782,-0.015647740615763087,-0.004776047256348782,0.015647740615763087,3.3231878117750785e-06,-1.550336762915117e-05,-125.90941341184585,-125.91225808970998,-0.00284467786413245,-125.90453649048467,-125.90492195324175,-0.00038546275708029043,-0.005987689481702388
UAV_0027,telemetry_05,320,0.03948447691354173,0.04005727594996045,-0.03948447691354173,-0.04005727594996045,1.1023606921230522e-06,4.2979203541116155e-07,-113.52683544431196,-113.52850848837473,-0.0016730440627696908,-113.5257202967548,-113.52551984922403,0.0002004475307728626,0.07760085360220711
UAV_0027,telemetry_06,320,-0.757927331148682,-0.7420353719800714,0.757927331148682,0.7420353719800714,-0.013335872972333246,-0.012061266989937747,-137.21829932806014,-143.76578247922816,-6.547483151168024,-137.350954586649,-140.86603519515478,-3.5150806085057695,-2.1592579365292193
UAV_0027,telemetry_07,320,0.6228826741645107,0.6333119514672648,-0.6228826741645107,-0.6333119514672648,0.00023828649180152996,0.0,140.5912754437698,140.7631728418209,0.17189739805110094,140.58724659850296,140.6611087617281,0.0738621632251295,2.0868535285845575
UAV_0027,telemetry_08,320,,,,,0.0,0.0,-4680.605940223165,-4680.605940223165,0.0,-4680.605940223165,-4680.605940223165,0.0,0.0
UAV_0027,telemetry_09,320,0.028352170700054673,0.005685114112442505,-0.028352170700054673,-0.005685114112442505,0.0029402497336384306,0.008335579597251803,-141.8945429588161,-149.40595039638075,-7.511407437564657,-153.07116234370994,-152.8016162788528,0.2695460648571384,0.028093005823409834
UAV_0027,telemetry_10,320,-0.13095666550717797,-0.049360589458881436,0.13095666550717797,0.049360589458881436,-0.003036030723696441,-0.0021942512203356633,-62.9977597482919,-62.34006115263827,0.6576985956536276,-62.05389596974174,-63.002999217502776,-0.9491032477610375,-0.4424844603790932
UAV_0027,telemetry_11,320,-0.3998003230165167,-0.7473362403540518,0.3998003230165167,0.7473362403540518,-0.002441647090089513,-0.002149095790192917,62.55538182825851,61.469389376029305,-1.0859924522292062,62.5694276433073,61.91365092320268,-0.655776720104619,-1.1605914353921385
UAV_0027,telemetry_12,320,0.7274947899737275,0.7088561550702582,-0.7274947899737275,-0.7088561550702582,0.024024792980772657,0.024439766658149602,637.0614258139708,647.981829621503,10.920403807532239,636.3809814456279,642.4571207592701,6.076139313642216,1.9886624516300593
UAV_0027,telemetry_13,320,0.6522401092074164,0.6217168868836609,-0.6522401092074164,-0.6217168868836609,0.03954026621397352,0.039399465925678515,7126.682468334093,7146.77003702011,20.08756868601722,7127.031522327152,7138.469960393082,11.438438065930313,2.0393781208405124
UAV_0027,telemetry_14,320,,,,,0.0,0.0,-648.8153498138018,-648.8153498138018,0.0,-648.8153498138018,-648.8153498138018,0.0,
UAV_0027,telemetry_15,320,0.8586583449004084,0.8771257627572331,-0.8586583449004084,-0.8771257627572331,1.025502479917908,0.960913334370529,49893.5033791238,50337.64192661586,444.13854749206075,49914.09686575187,50177.60849550271,263.511629750843,2.384770466781252
UAV_0027,telemetry_16,320,-0.7515116675252534,-0.74388986507821,0.7515116675252534,0.74388986507821,-0.02694818623047005,-0.025134889656984356,-692.8648959266694,-701.5364328583291,-8.671536931659716,-691.2118841990717,-698.4471978264253,-7.235313627353548,-2.1808543727338083
UAV_0027,telemetry_17,320,,,,,0.0,0.0,40.41581228213973,40.41581228213973,0.0,40.415812282139726,40.41581228213974,1.4210854715202004e-14,1.347248394369378
UAV_0027,telemetry_18,320,0.2197315651207069,0.21506789617086103,-0.2197315651207069,-0.21506789617086103,9.87699148991631e-05,3.085292487132385e-05,-102.97764959727404,-102.98016815985468,-0.002518562580647199,-102.97433400511291,-102.95041198857521,0.023922016537696322,0.5752129746157797
UAV_0027,telemetry_19,320,0.6056407748104613,0.709382049629391,-0.6056407748104613,-0.709382049629391,0.02292231923039041,0.022736286624101813,33504.29236090234,33511.66700368362,7.374642781280272,33502.44556395941,33507.709774563235,5.2642106038256316,1.5033251504244662
UAV_0027,telemetry_20,320,,,,,0.0,0.0,-164.8973841769026,-164.8973841769026,0.0,-164.8973841769026,-164.8973841769026,0.0,0.0
UAV_0027,telemetry_21,320,0.6099573432815528,0.7096849510410335,-0.6099573432815528,-0.7096849510410335,0.024212733242981937,0.02327314545668815,34960.614965534034,34968.708422328855,8.093456794820668,34958.938792237605,34964.43636473658,5.497572498978116,1.4968894578263057
UAV_0027,telemetry_22,320,0.7119618903990514,0.6798222135317445,-0.7119618903990514,-0.6798222135317445,0.8536473337744084,0.7760915480308752,22842.28911103208,23239.417398206864,397.1282871747826,22913.429577598665,23145.969422845836,232.5398452471709,2.0962291505889175
UAV_0027,telemetry_23,320,-0.8452247648439083,-0.876935443705505,0.8452247648439083,0.876935443705505,-0.389559616267013,-0.3720196468075102,-17328.04498758451,-17500.321621570147,-172.27663398563527,-17334.47760971722,-17438.1255125818,-103.64790286457719,-2.4306471653618926
UAV_0027,telemetry_24,320,-0.5515125840923085,-0.8515238185919783,0.5515125840923085,0.8515238185919783,-0.3020775124957815,-0.23485036160836617,-3629.9161826539134,-3745.304526898085,-115.38834424417155,-3620.8131554648535,-3703.4271379870324,-82.61398252217896,-1.6302481126701962
UAV_0027,telemetry_25,320,-0.7489382838916059,-0.7250361154477561,0.7489382838916059,0.7250361154477561,-0.007340724828393596,-0.006692312553223863,-170.83273329310276,-174.1141539067396,-3.28142061363684,-170.93527768727893,-173.04265993611193,-2.107382248833005,-2.3238790557637565
UAV_0027,telemetry_26,320,-0.8557903222459554,-0.8856153885916054,0.8557903222459554,0.8856153885916054,-0.5707742889655397,-0.48281314017147003,-7427.329764494245,-7684.096487603549,-256.7667231093037,-7431.796988785343,-7583.918085842651,-152.12109705730745,-2.4652191667790304
UAV_0027,telemetry_27,320,,,,,0.0,0.0,969.0302044744708,969.0302044744708,0.0,969.030204474471,969.030204474471,0.0,0.0
UAV_0027,telemetry_28,320,-0.707628100210034,-0.6802749538569712,0.707628100210034,0.6802749538569712,-0.48977362481892345,-0.4217000370858437,-9631.960133182409,-9933.067511374296,-301.1073781918876,-9674.119472798287,-9816.854664986255,-142.7351921879672,-2.2289681277723035
UAV_0028,telemetry_01,200,0.04253908802742041,0.03212180304507613,-0.04253908802742041,-0.03212180304507613,0.008060303240728262,0.013622536978449055,94.97263933972012,78.79135883924252,-16.181280500477598,83.4999971471474,85.98395916967749,2.4839620225300933,0.22649537708665704
UAV_0028,telemetry_02,200,-0.04903987180752676,-0.06562064051601292,0.04903987180752676,0.06562064051601292,-0.006498788836918845,-0.016627858108586354,13.73020761794214,6.197728959850163,-7.532478658091978,12.390932707941861,10.10304326464659,-2.2878894432952706,-0.2982837066998989
UAV_0028,telemetry_03,200,,,,,0.0,0.0,30377.82504938608,30377.82504938608,0.0,30377.82504938608,30377.82504938608,0.0,0.0
UAV_0028,telemetry_04,200,0.04777718625175594,-0.05520281211445062,-0.04777718625175594,0.05520281211445062,4.8851163391909944e-05,0.0,-125.9108357507779,-125.83402944844568,0.07680630233222985,-125.90010183017311,-125.89515446405173,0.004947366121385244,0.08359827296342737
UAV_0028,telemetry_05,200,-0.07934800760911315,-0.07639540988524714,0.07934800760911315,0.07639540988524714,-3.885475982489325e-06,-1.183256543294912e-05,-113.53028281429371,-113.5267725583692,0.003510255924510375,-113.52601145572473,-113.52632864855168,-0.0003171928269551927,-0.11191614739211361
UAV_0028,telemetry_06,200,0.7230822497151085,0.7160102797864462,-0.7230822497151085,-0.7160102797864462,0.015105413750761923,0.015064189816477891,-138.63099270880184,-133.6790515497126,4.951941159089245,-137.85185098052708,-135.27024149436406,2.5816094861630177,2.1351245776347296
UAV_0028,telemetry_07,200,,,,,0.0,0.0,140.5912754437698,140.5912754437698,0.0,140.5912754437698,140.5912754437698,0.0,0.0
UAV_0028,telemetry_08,200,,,,,0.0,0.0,-4680.605940223165,-4680.605940223165,0.0,-4680.605940223165,-4680.605940223165,0.0,0.0
UAV_0028,telemetry_09,200,0.08458443609687179,0.0925238130953274,-0.08458443609687179,-0.0925238130953274,0.013968253532570495,0.02616091986450618,-148.0522160635465,-157.5556262508023,-9.50341018725581,-152.40447457812084,-150.66820578223377,1.7362687958870708,0.1816531385412524
UAV_0028,telemetry_10,200,0.1047317284893527,-0.009865746643666093,-0.1047317284893527,0.009865746643666093,0.0036942652422901397,0.000979989654234117,-62.25959345029021,-62.57325767370836,-0.3136642234181508,-62.690569782673116,-62.25301223917084,0.4375575435022725,0.21432013259054192
UAV_0028,telemetry_11,200,0.2870823129045222,0.6784865286606744,-0.2870823129045222,-0.6784865286606744,0.0027327991563152443,0.00234842027333947,62.35826858926561,62.96723631948759,0.6089677302219769,62.43774819536568,62.89645717540477,0.45870898003909133,0.8325562019706324
UAV_0028,telemetry_12,200,-0.7523138897680887,-0.7454607887916458,0.7523138897680887,0.7454607887916458,-0.02952787869074655,-0.028036980250401723,636.9282501577813,630.5358186606891,-6.392431497092275,637.3444240833733,632.47685384965,-4.867570233723313,-2.142676740835207
UAV_0028,telemetry_13,200,0.6867202017887499,0.684969624240606,-0.6867202017887499,-0.684969624240606,0.061254139579086195,0.05658746326734865,7125.884045853711,7140.910656830537,15.026610976826305,7132.832849716139,7142.856059169734,10.023209453594973,1.9414614970619526
UAV_0028,telemetry_14,200,,,,,0.0,0.0,-648.8153498138018,-648.8153498138018,0.0,-648.8153498138018,-648.8153498138018,0.0,
UAV_0028,telemetry_15,200,-0.4391894094670851,-0.41878772605821424,0.4391894094670851,0.41878772605821424,-0.18178870673736383,-0.1590535387463788,50038.01339395145,49975.65760010136,-62.35579385008896,50037.53847840976,50005.418460069224,-32.12001834053808,-1.3407207784045498
UAV_0028,telemetry_16,200,-0.6985128717131811,-0.690474084926031,0.6985128717131811,0.690474084926031,-0.03151618815228131,-0.033034426406322835,-694.5992033130013,-701.5364328583291,-6.937229545327796,-694.7292763669763,-699.9755562106304,-5.246279843654179,-2.0089530074905526
UAV_0028,telemetry_17,200,,,,,0.0,0.0,40.41581228213973,40.41581228213973,0.0,40.41581228213973,40.41581228213973,0.0,0.0
UAV_0028,telemetry_18,200,-0.12030620826498105,0.016443411085277134,0.12030620826498105,-0.016443411085277134,-2.6022076068650716e-05,8.072640576257274e-06,-103.3292799192803,-103.32258388223178,0.0066960370485134035,-103.32330944159574,-103.32685147911002,-0.0035420375142791727,-0.2829285997197715
UAV_0028,telemetry_19,200,0.825947505686831,0.8179074476861922,-0.825947505686831,-0.8179074476861922,0.013259279473267353,0.01374187405007032,33504.041289648274,33507.287978829176,3.2466891809017397,33504.466313639925,33506.70019268338,2.233879043451452,2.4041954549749547
UAV_0028,telemetry_20,200,,,,,0.0,0.0,-164.8973841769026,-164.8973841769026,0.0,-164.8973841769026,-164.8973841769026,0.0,0.0
UAV_0028,telemetry_21,200,0.7962738510139618,0.7913084875627008,-0.7962738510139618,-0.7913084875627008,0.013669859176976551,0.014426839206553386,34960.90927305384,34963.85234825196,2.9430751981199137,34961.06378450174,34963.322594716294,2.2588102145527955,2.2732947708068783
UAV_0028,telemetry_22,200,0.6570856043483665,0.6541598070990539,-0.6570856043483665,-0.6541598070990539,0.885045713921009,0.8317573117417401,22973.83967717985,23230.82217849178,256.9825013119298,23025.07228554089,23171.070833302958,145.99854776206848,1.8727611083526547
UAV_0028,telemetry_23,200,-0.15560116195814735,-0.14032550813770345,0.15560116195814735,0.14032550813770345,-0.024546189715998094,-0.037361152723126664,-17390.76159793873,-17386.52903806694,4.232559871790727,-17382.02085031919,-17386.054981211335,-4.0341308921451855,-0.44183114976384563
UAV_0028,telemetry_24,200,-0.014914186962707592,0.7228650716267908,0.014914186962707592,-0.7228650716267908,-0.00975329823419404,0.07654942063362277,-3647.850389512916,-3628.654717079596,19.19567243331994,-3637.661243064361,-3633.2302278588845,4.431015205476342,0.11706549766407673
UAV_0028,telemetry_25,200,-0.8277385688443076,-0.8197551461664498,0.8277385688443076,0.8197551461664498,-0.01040988351455621,-0.009722727744109344,-172.44306007572084,-174.4787561971437,-2.035696121422859,-171.9827496840857,-173.68118868688475,-1.6984390027990628,-2.3333230582929443
UAV_0028,telemetry_26,200,0.8264777611556177,0.8190505202672741,-0.8264777611556177,-0.8190505202672741,0.14685683459937768,0.15105105402601843,-7480.864693348224,-7436.802432870552,44.06226047767177,-7474.5962268128405,-7450.462451245022,24.133775567818702,2.3466043705285435
UAV_0028,telemetry_27,200,,,,,0.0,0.0,969.0302044744708,969.0302044744708,0.0,969.0302044744709,969.0302044744709,0.0,0.0
UAV_0028,telemetry_28,200,-0.8123599820397239,-0.8051541288532215,0.8123599820397239,0.8051541288532215,-0.8028961768655496,-0.7724083445577934,-9729.890616170404,-9910.794946642778,-180.90433047237457,-9745.00700149021,-9879.8016266731,-134.79462518288892,-2.3563473117483245
UAV_0029,telemetry_01,223,0.014088225836637278,0.00045340824488806553,-0.014088225836637278,-0.00045340824488806553,0.0023963831225829813,0.02512801600257034,94.8301127031077,92.8111491702084,-2.0189635328993063,86.9695013585933,86.28517501393809,-0.6843263446552186,-0.062355891737943966
UAV_0029,telemetry_02,223,-0.08779011485767814,-0.08502540817563238,0.08779011485767814,0.08502540817563238,-0.00982001807045178,-0.00810747100550812,17.697314028900042,2.974169825591833,-14.723144203308209,13.497989327445014,10.31478034675078,-3.183208980694234,-0.4410752246559135
UAV_0029,telemetry_03,223,,,,,0.0,0.0,30377.82504938608,30377.82504938608,0.0,30377.825049386087,30377.825049386087,0.0,0.0
UAV_0029,telemetry_04,223,0.059302123172459385,0.04385404122474903,-0.059302123172459385,-0.04385404122474903,6.007021819028281e-05,8.045057711973768e-06,-125.8781219553401,-125.86389856601932,0.014223389320790147,-125.90891340462387,-125.89471590954768,0.01419749507618917,0.21723857342724184
UAV_0029,telemetry_05,223,-0.03206030711000354,-0.027774771889121665,0.03206030711000354,0.027774771889121665,-1.3458621374847232e-06,8.078628312114434e-07,-113.52763253196336,-113.52585116955092,0.0017813624124443095,-113.52562156497711,-113.52603608260698,-0.00041451762986355334,-0.15304681331854686
UAV_0029,telemetry_06,223,0.7463885597540497,0.7245677196791208,-0.7463885597540497,-0.7245677196791208,0.014587963504569017,0.015506548641120445,-137.33226661320862,-133.82307614083436,3.5091904723742573,-137.6833248146404,-135.02119375393383,2.662131060706571,2.1111248652034935
UAV_0029,telemetry_07,223,,,,,0.0,0.0,140.5912754437698,140.5912754437698,0.0,140.59127544376977,140.59127544376977,0.0,0.0
UAV_0029,telemetry_08,223,,,,,0.0,0.0,-4680.605940223165,-4680.605940223165,0.0,-4680.605940223167,-4680.605940223167,0.0,
UAV_0029,telemetry_09,223,0.015814969062451487,0.004289523347819312,-0.015814969062451487,-0.004289523347819312,0.0023851922656352768,-0.0037798999416770304,-166.73488038289003,-152.1577926120928,14.57708777079722,-152.51247475866907,-153.38913098070222,-0.876656222033148,-0.09009246218452473
UAV_0029,telemetry_10,223,-0.06495821479431735,0.0054235850199975755,0.06495821479431735,-0.0054235850199975755,-0.0023971585082968525,0.00032853690878379885,-63.84876883322434,-62.98977485534813,0.8589939778762101,-62.050141897683,-62.32157525510545,-0.27143335742245256,-0.11400259309704726
UAV_0029,telemetry_11,223,0.28633965198321015,0.7284663152513278,-0.28633965198321015,-0.7284663152513278,0.002673915294086327,0.002257093313143373,62.54256145499068,63.12802516755498,0.5854637125642981,62.47088558275788,62.936396199348856,0.4655106165909757,0.7726407683010731
UAV_0029,telemetry_12,223,-0.7080416824841042,-0.6966068676410454,0.7080416824841042,0.6966068676410454,-0.0247734343906215,-0.0229729755250608,635.196966627319,628.8045351302267,-6.392431497092275,636.9193717807019,632.2523048960195,-4.667066884682413,-2.0674300039332327
UAV_0029,telemetry_13,223,0.6957272037801953,0.6901382083556971,-0.6957272037801953,-0.6901382083556971,0.05281651404685323,0.05231074760966259,7135.206336264898,7148.163624282587,12.95728801768928,7134.630343578379,7143.840376299198,9.210032720819072,1.880375598469638
UAV_0029,telemetry_14,223,,,,,0.0,0.0,-648.8153498138018,-648.8153498138018,0.0,-648.8153498138018,-648.8153498138018,0.0,
UAV_0029,telemetry_15,223,0.08841356424391075,0.10560516650127916,-0.08841356424391075,-0.10560516650127916,0.027628901744841335,0.04147178562919264,50027.959987030015,50050.90395865438,22.943971624365076,50035.566859342754,50039.16333374791,3.5964744051525486,0.17838011233139878
UAV_0029,telemetry_16,223,-0.6987143893542747,-0.6877657935844432,0.6987143893542747,0.6877657935844432,-0.028680165908379924,-0.024775819804741722,-696.3335106993333,-705.005047630993,-8.671536931659716,-695.2929262675342,-700.49584842653,-5.2029221589957615,-1.964624423409269
UAV_0029,telemetry_17,223,,,,,0.0,0.0,40.41581228213973,40.41581228213973,0.0,40.41581228213974,40.41581228213974,0.0,0.0
UAV_0029,telemetry_18,223,-0.1308252590082536,-0.08960493966099346,0.1308252590082536,0.08960493966099346,-2.4263068652709644e-05,5.845139657613427e-06,-103.33490793183056,-103.3336576054063,0.0012503264242553769,-103.32373093978684,-103.32846812233753,-0.004737182550684338,-0.39589514820656463
UAV_0029,telemetry_19,223,0.7896717366593087,0.7712679848330072,-0.7896717366593087,-0.7712679848330072,0.010342013147258773,0.00979189273004054,33504.66520573263,33507.05175754432,2.386551811694517,33504.629353886,33506.50523839014,1.8758845041447785,2.2200450481535685
UAV_0029,telemetry_20,223,,,,,0.0,0.0,-164.8973841769026,-164.8973841769026,0.0,-164.89738417690265,-164.89738417690265,0.0,0.0
UAV_0029,telemetry_21,223,0.7844125372606147,0.7799119796145529,-0.7844125372606147,-0.7799119796145529,0.011292682262796092,0.011473303652960919,34961.497888093465,34963.99950201186,2.5016139183935593,34961.23301132564,34963.325864799845,2.092853474205185,2.253203531957894
UAV_0029,telemetry_22,223,0.6659325110249394,0.6472010433916663,-0.6659325110249394,-0.6472010433916663,0.880740712589925,0.9957628960466095,23030.072809553098,23282.39349678227,252.32068722917393,23034.09362419948,23194.24636216749,160.15273796801193,1.8768548875017672
UAV_0029,telemetry_23,223,-0.47653245620812706,-0.4647629291687587,0.47653245620812706,0.4647629291687587,-0.06618502829540653,-0.05832260908331077,-17382.2686153978,-17407.457176111846,-25.188560714046616,-17382.737451945894,-17395.51217224706,-12.77472030116769,-1.4256020428446627
UAV_0029,telemetry_24,223,0.21112254506421155,0.7824127378499575,-0.21112254506421155,-0.7824127378499575,0.14010217142241768,0.07088271124838899,-3644.344788970748,-3628.6249622893006,15.719826681447557,-3652.5992019751543,-3632.460719348523,20.13848262663123,0.47036031575556037
UAV_0029,telemetry_25,223,-0.8262994200086134,-0.8210323032030117,0.8262994200086134,0.8210323032030117,-0.009073577597322111,-0.00779665713280181,-171.71385549491265,-174.2053044793406,-2.4914489844279615,-172.0473990716897,-173.69823721990826,-1.6508381482185541,-2.3301161434460975
UAV_0029,telemetry_26,223,0.8144265377850961,0.8031620989390379,-0.8144265377850961,-0.8031620989390379,0.12498853284931175,0.12271310373688955,-7470.674398579773,-7437.807109819553,32.86728876021971,-7473.229148535806,-7450.108820906225,23.12032762958097,2.335016279010345
UAV_0029,telemetry_27,223,,,,,0.0,0.0,969.0302044744708,969.0302044744708,0.0,969.0302044744706,969.0302044744706,0.0,0.0
UAV_0029,telemetry_28,223,-0.7803381133858468,-0.7646270149072839,0.7803381133858468,0.7646270149072839,-0.6509460719330579,-0.6496777114036458,-9761.869171036102,-9928.944088291091,-167.0749172549895,-9755.595265023925,-9879.436663128397,-123.84139810447232,-2.301006456748822
UAV_0030,telemetry_01,218,-0.11083407548695978,-0.09423056764209005,0.11083407548695978,0.09423056764209005,-0.0200863705792267,-0.013382193705875262,69.75229244762934,70.89883373609385,1.1465412884645048,87.60699980854227,84.62140451148176,-2.985595297060513,-0.2611819072328227
UAV_0030,telemetry_02,218,-0.04680759811553574,-0.045458046678315295,0.04680759811553574,0.045458046678315295,-0.0055424626915475585,0.002050427520601696,14.395585827306991,6.786460029642858,-7.6091257976641336,12.215306976118212,11.617803788377246,-0.5975031877409656,-0.08000076195053688
UAV_0030,telemetry_03,218,,,,,0.0,0.0,30377.82504938608,30377.82504938608,0.0,30377.825049386083,30377.825049386083,0.0,0.0
UAV_0030,telemetry_04,218,-0.00919817810523092,0.029254049348003058,0.00919817810523092,-0.029254049348003058,-7.909538020238638e-06,2.5176112049355502e-05,-125.91510276757414,-125.88238897213634,0.032713795437800286,-125.88951773089676,-125.89321814355102,-0.003700412654268348,-0.06822462745444569
UAV_0030,telemetry_05,218,0.03681432655083413,0.026467724850564874,-0.03681432655083413,-0.026467724850564874,1.5364827232969726e-06,1.2547227576434281e-06,-113.52321551617946,-113.53030047364769,-0.007084957468222797,-113.5251122025238,-113.52478118521793,0.0003310173058679311,0.12574195184752607
UAV_0030,telemetry_06,218,0.6867472678455624,0.665957013678887,-0.6867472678455624,-0.665957013678887,0.01471777425961871,0.011880559317762275,-138.90651801355642,-133.47992189764,5.426596115916425,-138.25046607664646,-135.60308915565227,2.6473769209941906,1.9584428381349162
UAV_0030,telemetry_07,218,,,,,0.0,0.0,140.5912754437698,140.5912754437698,0.0,140.59127544376977,140.59127544376977,0.0,0.0
UAV_0030,telemetry_08,218,,,,,0.0,0.0,-4680.605940223165,-4680.605940223165,0.0,-4680.605940223166,-4680.605940223166,0.0,0.0
UAV_0030,telemetry_09,218,0.03169609794614595,0.03418779163811941,-0.03169609794614595,-0.03418779163811941,0.005070241571827906,0.018443118147961048,-152.197020559479,-165.38818514977717,-13.191164590298172,-153.26440734947278,-152.81488144142065,0.44952590805212367,0.04455251183409941
UAV_0030,telemetry_10,218,-0.005377422492441551,0.03838431106367231,0.005377422492441551,-0.03838431106367231,-0.00017391405915032632,0.0023973389591591464,-62.3571461934199,-63.34866605742072,-0.9915198640008214,-62.439538740405894,-62.63630528583537,-0.19676654542947603,-0.09645639968250194
UAV_0030,telemetry_11,218,0.3283814311739502,0.7112995937465048,-0.3283814311739502,-0.7112995937465048,0.0030570661603165723,0.002397274944951467,62.418096997848814,63.26424163352568,0.8461446356768647,62.31669803709347,62.872686066637336,0.5559880295438688,0.94684635941916
UAV_0030,telemetry_12,218,-0.665064976212969,-0.6341806993562535,0.665064976212969,0.6341806993562535,-0.02400413401212595,-0.019237770233300387,636.1291962206449,629.869940379742,-6.259255840902824,637.8090255203068,633.2659196125722,-4.543105907734571,-1.9955895208047847
UAV_0030,telemetry_13,218,0.6114468231741421,0.5682924752804388,-0.6114468231741421,-0.5682924752804388,0.05081459546853928,0.05092130063406475,7133.930088934618,7151.140613638961,17.210524704343698,7131.893788343892,7141.366814712318,9.473026368425963,1.807171152282916
UAV_0030,telemetry_14,218,,,,,0.0,0.0,-648.8153498138018,-648.8153498138018,0.0,-648.8153498138018,-648.8153498138018,0.0,
UAV_0030,telemetry_15,218,0.8364299733186331,0.9462417590456035,-0.8364299733186331,-0.9462417590456035,2.8245968027322714,1.9982866105328168,49976.76779227673,50864.36643648702,887.5986442102876,49995.72516472589,50517.69491214901,521.9697474231216,2.4505229579079275
UAV_0030,telemetry_16,218,-0.659505002569067,-0.6442964274148385,0.659505002569067,0.6442964274148385,-0.029089116799779987,-0.0225234725497652,-694.5992033130013,-705.005047630993,-10.405844317991637,-694.4021229281909,-699.7627093950351,-5.360586466844211,-1.9268157300854414
UAV_0030,telemetry_17,218,,,,,0.0,0.0,40.41581228213973,40.41581228213973,0.0,40.41581228213974,40.41581228213974,0.0,0.0
UAV_0030,telemetry_18,218,-0.11958025953272747,-0.13109345219031557,0.11958025953272747,0.13109345219031557,-2.2048577135085704e-05,-1.267474611073002e-05,-103.32637909498438,-103.3267123793734,-0.0003332843890291315,-103.32453925743788,-103.32861065786724,-0.0040714004293676,-0.3500765821575486
UAV_0030,telemetry_19,218,0.36627842916967146,0.31282602513857605,-0.36627842916967146,-0.31282602513857605,0.004019631374979194,0.00379827219401047,33504.0634336115,33509.84165364147,5.778220029969816,33504.35819843459,33505.12838303204,0.7701845974515891,1.1126543329007972
UAV_0030,telemetry_20,218,,,,,0.0,0.0,-164.8973841769026,-164.8973841769026,0.0,-164.89738417690262,-164.89738417690262,0.0,
UAV_0030,telemetry_21,218,0.38483573754755784,0.34191838092581167,-0.38483573754755784,-0.34191838092581167,0.004675733382293062,0.002675522907388354,34960.76211929393,34967.089730969885,6.32761167595163,34960.90927305384,34961.85239487868,0.9431218248428195,1.230647774093413
UAV_0030,telemetry_22,218,0.6187487514196094,0.5774646623031823,-0.6187487514196094,-0.5774646623031823,0.8993408493723635,0.8215350792008238,22952.42446873719,23264.037603831417,311.6131350942269,23004.853322430685,23170.251704890972,165.3983824602874,1.804104094692463
UAV_0030,telemetry_23,218,-0.8363206897403943,-0.9386089632697407,0.8363206897403943,0.9386089632697407,-1.0328535915419454,-0.7748366843944553,-17362.809136996675,-17697.76456496131,-334.9554279646363,-17367.137198650544,-17558.78749378463,-191.65029513408808,-2.460276328580083
UAV_0030,telemetry_24,218,0.052473550485229656,0.6680533443294574,-0.052473550485229656,-0.6680533443294574,0.028917161774107497,0.05725734935106596,-3648.258827567672,-3637.262436068258,10.99639149941413,-3640.8725271646163,-3637.564297522436,3.308229642180322,0.09517453276685058
UAV_0030,telemetry_25,218,-0.783931627029905,-0.8074072273308682,0.783931627029905,0.8074072273308682,-0.008329409012847306,-0.00711901854129352,-171.653088446512,-174.2660715277413,-2.6129830812293164,-171.67863822822594,-173.20264818072934,-1.5240099525034054,-2.2740086874277057
UAV_0030,telemetry_26,218,0.7197317227936557,0.7040881936353401,-0.7197317227936557,-0.7040881936353401,0.09149674261769007,0.0910558347415622,-7473.975479983638,-7441.969342893993,32.00613708964556,-7477.576659696945,-7460.787464058908,16.7891956380372,2.0938001212898976
UAV_0030,telemetry_27,218,,,,,0.0,0.0,969.0302044744708,969.0302044744708,0.0,969.0302044744706,969.0302044744706,0.0,0.0
UAV_0030,telemetry_28,218,-0.7417279265612395,-0.7244127276275881,0.7417279265612395,0.7244127276275881,-0.7150508768979414,-0.5620401903986987,-9717.779232191298,-9994.247263215171,-276.46803102387275,-9717.569396199146,-9852.274329396214,-134.70493319706839,-2.215294691893758
UAV_0031,telemetry_01,183,0.012980758769649317,0.03937206770421311,-0.012980758769649317,-0.03937206770421311,0.002427657627989215,0.010593530558814426,73.24490146016872,85.81994923462402,12.5750477744553,85.32873776194116,86.6261268397432,1.2973890778020376,0.13096011417797548
UAV_0031,telemetry_02,183,0.11476246290111664,0.1265204859288965,-0.11476246290111664,-0.1265204859288965,0.01747326022631145,0.01408961277688973,-8.121734324066551,5.3599668499466455,13.481701174013196,8.36959958728508,12.044116820641188,3.6745172333561076,0.4555985889838192
UAV_0031,telemetry_03,183,,,,,0.0,0.0,30377.82504938608,30377.82504938608,0.0,30377.825049386083,30377.825049386083,0.0,0.0
UAV_0031,telemetry_04,183,0.08261129749499942,0.001862594075640529,-0.08261129749499942,-0.001862594075640529,6.309492880080318e-05,0.0,-125.90230171718544,-125.88096663320424,0.021335083981199432,-125.90429664489379,-125.89015417387364,0.014142471020150538,0.3495638008055127
UAV_0031,telemetry_05,183,-0.04778827309099788,-0.04570856798226721,0.04778827309099788,0.04570856798226721,-2.4182540549036603e-06,-6.187246342313021e-06,-113.52939359434232,-113.5294758890973,-8.229475497500971e-05,-113.52612642971353,-113.52641129493357,-0.00028486522003845494,-0.10627105869371256
UAV_0031,telemetry_06,183,0.6826677026969786,0.6700473819058306,-0.6826677026969786,-0.6700473819058306,0.015102796876080939,0.01576422640103798,-137.88957916146222,-133.97211028295158,3.917468878510647,-137.07369931554032,-134.7977384443243,2.2759608712160286,1.9421060144779587
UAV_0031,telemetry_07,183,,,,,0.0,0.0,140.5912754437698,140.5912754437698,0.0,140.59127544376977,140.59127544376977,0.0,
UAV_0031,telemetry_08,183,,,,,0.0,0.0,-4680.605940223165,-4680.605940223165,0.0,-4680.605940223167,-4680.605940223167,0.0,0.0
UAV_0031,telemetry_09,183,-0.02115173650521735,-0.02605092697751287,0.02115173650521735,0.02605092697751287,-0.0037172404409319595,-0.021325026373795603,-149.4244182260712,-168.18715972573344,-18.76274149966224,-151.08723927650618,-152.33425253568768,-1.2470132591815002,-0.13395305175121908
UAV_0031,telemetry_10,183,-0.08081203313168071,-0.012344035152303152,0.08081203313168071,0.012344035152303152,-0.0023957279106301857,-0.00023259693324460535,-63.66766264361085,-62.484722180818274,1.1829404627925797,-61.9335945381579,-62.45049111979849,-0.5168965816405944,-0.3291534166310631
UAV_0031,telemetry_11,183,0.19312921765712154,0.6756091913689336,-0.19312921765712154,-0.6756091913689336,0.0013794959047007435,0.0019178717683240596,62.71884158742336,63.17343065621188,0.4545890687885148,62.78663824869044,62.96852124428583,0.18188299559539445,0.4807018911701314
UAV_0031,telemetry_12,183,-0.7044472593866719,-0.7039901314876645,0.7044472593866719,0.7039901314876645,-0.029793271764556716,-0.0292336806269443,635.9960205644554,627.3396029121432,-8.656417652312257,636.3955475330235,631.5580318054945,-4.83751572752908,-2.1592794043600967
UAV_0031,telemetry_13,183,0.6325429745605607,0.6420445199846484,-0.6325429745605607,-0.6420445199846484,0.05668010189100364,0.04983033028355706,7138.16397076203,7146.765207999428,8.601237237397982,7135.96079635372,7144.640227599277,8.67943124555677,1.828550033326452
UAV_0031,telemetry_14,183,,,,,0.0,0.0,-648.8153498138018,-648.8153498138018,0.0,-648.8153498138018,-648.8153498138018,0.0,0.0
UAV_0031,telemetry_15,183,0.6357360215646028,0.618238835787491,-0.6357360215646028,-0.618238835787491,0.38866863747746033,0.34191922509441497,49883.51164954544,50025.6779253362,142.1662757907543,49901.848156946486,49961.26177483632,59.413617889833404,1.8345919661071641
UAV_0031,telemetry_16,183,-0.6525545597244562,-0.6563112317609086,0.6525545597244562,0.6563112317609086,-0.0276433978302815,-0.024256047361286396,-696.3335106993333,-701.5364328583291,-5.202922158995875,-696.2397643541264,-700.2708571980329,-4.031092843906549,-1.7964054843173523
UAV_0031,telemetry_17,183,,,,,0.0,0.0,40.41581228213973,40.41581228213973,0.0,40.41581228213973,40.41581228213974,7.105427357601002e-15,0.6687110341354082
UAV_0031,telemetry_18,183,-0.0009887859124221106,-0.018206668598685707,0.0009887859124221106,0.018206668598685707,-1.0227988899711193e-07,1.692303728710345e-05,-103.3248514777715,-103.32424020892267,0.0006112688488286722,-103.32723210041185,-103.32724557726925,-1.3476857404270959e-05,-0.00245955660553149
UAV_0031,telemetry_19,183,0.7345827779580029,0.7099249645578941,-0.7345827779580029,-0.7099249645578941,0.009677953593860415,0.009151072358515578,33506.07918100004,33507.957998754835,1.8788177547976375,33505.635732736526,33507.14899111082,1.5132583742961287,2.168335397118269
UAV_0031,telemetry_20,183,,,,,0.0,0.0,-164.8973841769026,-164.8973841769026,0.0,-164.89738417690265,-164.89738417690265,0.0,0.0
UAV_0031,telemetry_21,183,0.7765599297442848,0.7749035479936434,-0.7765599297442848,-0.7749035479936434,0.010707210146901102,0.011931385938320698,34962.5279644128,34964.440963291585,1.9129988787826733,34962.25751966486,34963.84041686602,1.5828972011586302,2.167242599568677
UAV_0031,telemetry_22,183,0.5313223891959891,0.5083428996727596,-0.5313223891959891,-0.5083428996727596,0.6995611982513285,0.8052446701831008,23091.55048276944,23221.352868636182,129.80238586674386,23056.413634057863,23165.938703601798,109.52506954393539,1.570370427252997
UAV_0031,telemetry_23,183,-0.7636682284292095,-0.7540161193047865,0.7636682284292095,0.7540161193047865,-0.2188713974338876,-0.19164326114877173,-17331.625202871543,-17392.454343623493,-60.829140751950035,-17341.467603503133,-17373.528801441626,-32.061197938492114,-2.1117943512476054
UAV_0031,telemetry_24,183,0.27181709491530903,0.7512904059589735,-0.27181709491530903,-0.7512904059589735,0.1177145397273275,0.07171989859951847,-3638.4845865334287,-3627.86624528739,10.618341246038653,-3649.3586932941994,-3630.581666156622,18.777027137577534,0.8185206836868437
UAV_0031,telemetry_25,183,-0.8136001150010589,-0.7981149984091475,0.8136001150010589,0.7981149984091475,-0.010259166280377237,-0.010672848309434244,-171.8961566401147,-174.81297496334744,-2.9168183232327465,-172.45291419167773,-174.04599627137128,-1.593082079693545,-2.3850267336737287
UAV_0031,telemetry_26,183,0.8270095895142797,0.8165829614242474,-0.8270095895142797,-0.8165829614242474,0.13812255045878033,0.14352527842886814,-7472.540227199349,-7442.974019842994,29.566207356355335,-7467.132815357999,-7446.9500579616315,20.18275739636738,2.2813011680739237
UAV_0031,telemetry_27,183,,,,,0.0,0.0,969.0302044744708,969.0302044744708,0.0,969.0302044744706,969.0302044744706,0.0,0.0
UAV_0031,telemetry_28,183,-0.8060112362158725,-0.8049685524738983,0.8060112362158725,0.8049685524738983,-0.8139638567160461,-0.7717332760464848,-9724.693622604327,-9923.052061024044,-198.35843841971655,-9774.071545282612,-9896.093481477517,-122.02193619490572,-2.281025045492543
UAV_0032,telemetry_01,189,0.04341158628898764,0.037851721502337406,-0.04341158628898764,-0.037851721502337406,0.00820356373600008,-0.03689510050346265,82.61984745567122,77.92320393495437,-4.696643520716847,84.82427854971333,87.53433753019355,2.710058980480227,0.26215899419816957
UAV_0032,telemetry_02,189,0.05645798429942841,0.05944471106845127,-0.05645798429942841,-0.05944471106845127,0.008158193367883548,0.021335654413118153,15.680193688579774,12.740216812151392,-2.939976876428382,10.809831491607252,11.887087230459414,1.0772557388521626,0.13628030930385457
UAV_0032,telemetry_03,189,,,,,0.0,0.0,30377.82504938608,30377.82504938608,0.0,30377.825049386083,30377.825049386083,0.0,0.0
UAV_0032,telemetry_04,189,0.1318896362981306,0.08086895559952237,-0.1318896362981306,-0.08086895559952237,0.00010985163578615139,2.6715889994169214e-05,-125.930748495827,-125.86105388815515,0.06969460767184898,-125.91109969745352,-125.88698446107786,0.02411523637566404,0.5292715939208578
UAV_0032,telemetry_05,189,0.1071262951846526,0.10195524271672088,-0.1071262951846526,-0.10195524271672088,4.947663983286386e-06,4.383680782308172e-06,-113.52144474611794,-113.5276445084388,-0.0061997623208611685,-113.525859988931,-113.52527968084205,0.0005803080889563716,0.2296875383281982
UAV_0032,telemetry_06,189,0.6815770071120156,0.6559006663844885,-0.6815770071120156,-0.6559006663844885,0.015462392892705443,0.014840978458848526,-136.8100209219238,-134.50061791298083,2.3094030089429793,-137.85655567397848,-135.43163637398703,2.424919299991444,1.9539724558403184
UAV_0032,telemetry_07,189,,,,,0.0,0.0,140.5912754437698,140.5912754437698,0.0,140.59127544376975,140.59127544376975,0.0,
UAV_0032,telemetry_08,189,,,,,0.0,0.0,-4680.605940223165,-4680.605940223165,0.0,-4680.605940223167,-4680.605940223167,0.0,0.0
UAV_0032,telemetry_09,189,0.08917388598328001,0.10063101014948721,-0.08917388598328001,-0.10063101014948721,0.014560337541511252,-0.0031648802252035625,-157.25574868231598,-135.23037819655562,22.025370485760362,-153.95401091244204,-152.3717816521918,1.5822292602502444,0.1771407918365738
UAV_0032,telemetry_10,189,-0.021960866063323377,0.007309052773778418,0.021960866063323377,-0.007309052773778418,-0.0008069654532807979,0.002409135326824399,-63.65357691430463,-63.385125869456026,0.2684510448486037,-62.95506464033813,-63.28001179323743,-0.32494715289929843,-0.16165538534487828
UAV_0032,telemetry_11,189,0.3008343318654429,0.6583416876787533,-0.3008343318654429,-0.6583416876787533,0.0023567137754693652,0.0020939915652244886,62.50142942408972,63.1333669897499,0.6319375656601807,62.617216018722765,63.026901374493086,0.4096853557703213,0.9559912511882175
UAV_0032,telemetry_12,189,-0.6395331347415911,-0.601906561196991,0.6395331347415911,0.601906561196991,-0.02458135852045303,-0.028361152817434107,637.5941284387284,631.7343995663939,-5.859728872334472,636.889699309937,633.1888179168837,-3.700881393053237,-1.7601320737540782
UAV_0032,telemetry_13,189,0.6829209655006503,0.6811461277306742,-0.6829209655006503,-0.6811461277306742,0.06068637237907396,0.054576706067094444,7135.901529386231,7143.4936326275,7.592103241268887,7133.401940664686,7142.368164781633,8.96622411694716,1.8444707760604713
UAV_0032,telemetry_14,189,,,,,0.0,0.0,-648.8153498138018,-648.8153498138018,0.0,-648.8153498138018,-648.8153498138018,0.0,
UAV_0032,telemetry_15,189,0.8368762754867756,0.9464972591014468,-0.8368762754867756,-0.9464972591014468,2.880561927643455,2.158987359228128,49967.63954550145,50743.1704573422,775.5309118407531,49965.18219030625,50430.0735406555,464.8913503492513,2.4689848570072934
UAV_0032,telemetry_16,189,-0.6583491258441829,-0.6304295836222819,0.6583491258441829,0.6304295836222819,-0.03320089328071073,-0.024426864596224233,-694.5992033130013,-705.005047630993,-10.405844317991637,-695.3750776700446,-700.6692791651631,-5.2942014951185,-1.9190658684475654
UAV_0032,telemetry_17,189,,,,,0.0,0.0,40.41581228213973,40.41581228213973,0.0,40.41581228213973,40.41581228213973,0.0,0.0
UAV_0032,telemetry_18,189,0.0024999282484639007,0.01300414155957269,-0.0024999282484639007,-0.01300414155957269,2.40488774089905e-07,3.0082249330690903e-06,-103.32442943869142,-103.31992504506968,0.0045043936217439295,-103.32714744763366,-103.32619461819574,0.0009528294379208546,0.1810634629463815
UAV_0032,telemetry_19,189,0.4124451653146738,0.3634849535185482,-0.4124451653146738,-0.3634849535185482,0.0036506744329081416,0.004451407646236973,33504.32634317157,33506.161721677614,1.8353785060462542,33504.714229151985,33505.38444931423,0.6702201622465509,1.384183034456261
UAV_0032,telemetry_20,189,,,,,0.0,0.0,-164.8973841769026,-164.8973841769026,0.0,-164.89738417690265,-164.89738417690265,0.0,0.0
UAV_0032,telemetry_21,189,0.3962092720358641,0.36170288488633173,-0.3962092720358641,-0.36170288488633173,0.004021297756435945,0.003977128646117824,34961.056426813746,34962.96942569252,1.9129988787753973,34961.3468618662,34962.08263066572,0.7357687995172455,1.325203856379808
UAV_0032,telemetry_22,189,0.6836429053922474,0.6630660447829623,-0.6836429053922474,-0.6630660447829623,1.1211790685879488,1.2040005609853754,22954.60969408848,23323.47573338656,368.86603929807825,23007.492147589746,23196.36079132904,188.86864373929347,2.1052181813146933
UAV_0032,telemetry_23,189,-0.8341002536553435,-0.9264775413711586,0.8341002536553435,0.9264775413711586,-1.0581270466256412,-0.7947512199505075,-17376.573078234385,-17643.822617830072,-267.24953959568666,-17357.552666293544,-17527.650267743742,-170.09760145019754,-2.4511029232952
UAV_0032,telemetry_24,189,0.10136936301887269,0.6577934197195116,-0.10136936301887269,-0.6577934197195116,0.058990245203024524,0.05407373101771647,-3646.422179486871,-3630.295463971603,16.126715515267733,-3653.2635718003644,-3643.5433802805906,9.720191519773834,0.3053403918589283
UAV_0032,telemetry_25,189,-0.7750682502038472,-0.7781786874488207,0.7750682502038472,0.7781786874488207,-0.009683475810394011,-0.009045476670330668,-171.6834719707123,-175.26872782635257,-3.58525585564027,-171.9745141498945,-173.49528949276427,-1.5207753428697686,-2.2251365002806396
UAV_0032,telemetry_26,189,0.6937034223666764,0.6946429105931823,-0.6937034223666764,-0.6946429105931823,0.0931749708753305,0.09474061825613109,-7475.267207489497,-7439.816463717558,35.450743771939415,-7472.80839285115,-7457.84021710342,14.96817574772922,2.037165748463927
UAV_0032,telemetry_27,189,,,,,0.0,0.0,969.0302044744708,969.0302044744708,0.0,969.0302044744705,969.0302044744705,0.0,0.0
UAV_0032,telemetry_28,189,-0.7226176762340271,-0.6928242592296344,0.7226176762340271,0.6928242592296344,-0.7049572559489713,-0.6207325229969393,-9720.433845868934,-9917.970489518808,-197.53664364987344,-9750.728953680144,-9866.06410234979,-115.33514866964651,-2.161177294037646
UAV_0033,telemetry_01,231,-0.08097292141192573,-0.08016316517066142,0.08097292141192573,0.08016316517066142,-0.012401236577401538,-0.0033999179610429394,96.11275214382682,94.32383923369692,-1.788912910129909,89.53166341050951,86.07608920679654,-3.4555742037129704,-0.3376258415913894
UAV_0033,telemetry_02,231,-0.01370413309336569,-0.021468486535952805,0.01370413309336569,0.021468486535952805,-0.0015713740627547965,0.0011409352317152993,10.31445348944262,15.671021785887566,5.356568296444946,12.94355407291787,12.417510771895126,-0.5260433010227441,-0.06864898532281978
UAV_0033,telemetry_03,231,,,,,0.0,0.0,30377.82504938608,30377.82504938608,0.0,30377.825049386087,30377.825049386087,0.0,0.0
UAV_0033,telemetry_04,231,-0.0332407142072627,-0.1442184685600223,0.0332407142072627,0.1442184685600223,-2.49495232301315e-05,-3.604760928848268e-05,-125.89234534466088,-125.89945703932128,-0.007111694660395074,-125.89140720621634,-125.89561781459007,-0.004210608373725222,-0.08394475886875204
UAV_0033,telemetry_05,231,-0.024996277625550935,-0.03487898907689013,0.024996277625550935,0.03487898907689013,-9.426854521838634e-07,-4.7133421960507786e-07,-113.52943771479502,-113.524872015892,0.004565698903022053,-113.52729067487033,-113.526862318451,0.00042835641933436364,0.1699630260998444
UAV_0033,telemetry_06,231,-0.7719914635475764,-0.7643055136741256,0.7719914635475764,0.7643055136741256,-0.016569525921031197,-0.018351648783228324,-138.5120158726578,-144.1189558244136,-5.606939951755805,-138.53242712830982,-141.64860766646504,-3.11618053815522,-2.172529422541658
UAV_0033,telemetry_07,231,0.6918082629272754,0.7075765995345911,-0.6918082629272754,-0.7075765995345911,0.00041000469754589973,0.0,140.5912754437698,140.7631728418209,0.17189739805110094,140.59127544376975,140.6827102299672,0.09143478619745338,2.3086016762579726
UAV_0033,telemetry_08,231,,,,,0.0,0.0,-4680.605940223165,-4680.605940223165,0.0,-4680.605940223167,-4680.605940223167,0.0,
UAV_0033,telemetry_09,231,-0.055042344640506606,-0.059143480207947983,0.055042344640506606,0.059143480207947983,-0.008091243355324296,-0.01816799066323824,-153.1784012865877,-150.29114339905058,2.8872578875371175,-152.31351447645662,-153.9524647101157,-1.6389502336590738,-0.1668353470331039
UAV_0033,telemetry_10,231,-0.01438606377546192,-0.00836854300122666,0.01438606377546192,0.00836854300122666,-0.0003942332518679765,0.0006470414616301483,-63.606105925610514,-62.99346513100838,0.6126407946021359,-62.433748706219994,-62.716931969136276,-0.2831832629162818,-0.15463113763973044
UAV_0033,telemetry_11,231,-0.38743599143547863,-0.6902507629614137,0.38743599143547863,0.6902507629614137,-0.0024377228166840427,-0.0025312496491011966,62.63123570342652,61.50731631361331,-1.12391938981321,62.377192278530636,61.97849671396698,-0.39869556456365274,-0.9481950532372792
UAV_0033,telemetry_12,231,0.7347370449782943,0.7340316199871365,-0.7347370449782943,-0.7340316199871365,0.02793631592364206,0.02421375567080235,636.9282501577813,648.5145322462608,11.586282088479493,638.4498528678604,643.7258756726411,5.276022804780723,2.076395641378842
UAV_0033,telemetry_13,231,0.6930725754228819,0.6719903035495239,-0.6930725754228819,-0.6719903035495239,0.05235164439578978,0.05435165423463474,7128.28427692143,7147.368394216874,19.08411729544332,7128.053143694774,7138.211213227101,10.158069532327318,2.01233466517877
UAV_0033,telemetry_14,231,,,,,0.0,0.0,-648.8153498138018,-648.8153498138018,0.0,-648.8153498138018,-648.8153498138018,0.0,0.0
UAV_0033,telemetry_15,231,0.8363876525675572,0.8798662159515899,-0.8363876525675572,-0.8798662159515899,1.147364786640477,0.9702751503634323,49969.48986579374,50322.83936427756,353.3494984838253,49974.91615970055,50197.9060005991,222.9898408985464,2.4323821859067905
UAV_0033,telemetry_16,231,-0.7284229038064507,-0.7078204021933175,0.7284229038064507,0.7078204021933175,-0.03263708578612927,-0.03042644537424422,-694.5992033130013,-703.270740244661,-8.671536931659716,-692.7541954552014,-698.8796215430973,-6.125426087895903,-2.0457340053961506
UAV_0033,telemetry_17,231,,,,,0.0,0.0,40.41581228213973,40.41581228213973,0.0,40.41581228213974,40.41581228213974,0.0,0.0
UAV_0033,telemetry_18,231,-0.24944110710117234,0.0024737631184407797,0.24944110710117234,-0.0024737631184407797,-7.981470256442162e-05,-5.272373939430997e-06,-103.2461352894956,-103.31832171086258,-0.07218642136697895,-103.2349756944699,-103.25044588900968,-0.015470194539787485,-0.723471690005307
UAV_0033,telemetry_19,231,0.8315366379351116,0.8810091707393056,-0.8315366379351116,-0.8810091707393056,0.025398370097979697,0.021898135198117966,33503.549353917995,33512.45198749248,8.902633574485662,33503.58599549634,33508.5402446754,4.954249179063481,2.4271355346101062
UAV_0033,telemetry_20,231,,,,,0.0,0.0,-164.8973841769026,-164.8973841769026,0.0,-164.89738417690265,-164.89738417690265,0.0,0.0
UAV_0033,telemetry_21,231,0.8356564817352854,0.8890564461887536,-0.8356564817352854,-0.8890564461887536,0.026564693334531864,0.02263903998531392,34960.0263504944,34968.41411480904,8.387764314640663,34960.082707253525,34965.261267229784,5.178559976258839,2.437657190732096
UAV_0033,telemetry_22,231,0.7094645536748404,0.6902364613713808,-0.7094645536748404,-0.6902364613713808,1.1014733072666494,1.1689007882492923,22901.435877207045,23224.55786581808,323.1219886110339,22945.757206707924,23154.444677951098,208.6874712431745,2.011378215795194
UAV_0033,telemetry_23,231,-0.8262369667218952,-0.8649808212776728,0.8262369667218952,0.8649808212776728,-0.44658900163705384,-0.3687582293325822,-17353.974410229806,-17502.539421671863,-148.56501144205686,-17356.651902172405,-17443.37200167477,-86.72009950236315,-2.400805662405889
UAV_0033,telemetry_24,231,-0.5750771605385115,-0.9313693802449425,0.5750771605385115,0.9313693802449425,-0.3389635712990406,-0.26661284324463885,-3640.2826565668815,-3754.160284191737,-113.87762762485545,-3645.0486896815605,-3716.696072950129,-71.64738326856832,-1.8189219639731602
UAV_0033,telemetry_25,231,-0.8069220053787676,-0.8297022794434521,0.8069220053787676,0.8297022794434521,-0.010591491017511761,-0.009996717492912099,-171.25810263190755,-173.8103186647362,-2.552216032828653,-171.123639375872,-173.2259206673509,-2.102281291478903,-2.39665721553432
UAV_0033,telemetry_26,231,-0.856372946141309,-0.9523217976351787,0.856372946141309,0.9523217976351787,-0.6805738767548568,-0.5529003986671461,-7460.340578532891,-7684.814113995693,-224.47353546280192,-7473.795309953268,-7606.1103480180755,-132.3150380648076,-2.4913658698851906
UAV_0033,telemetry_27,231,,,,,0.0,0.0,969.0302044744708,969.0302044744708,0.0,969.0302044744705,969.0302044744705,0.0,0.0
UAV_0033,telemetry_28,231,-0.7574750578699163,-0.7375416188009891,0.7574750578699163,0.7375416188009891,-0.702865036337871,-0.7723610903023693,-9657.846711370685,-9963.419012257584,-305.57230088689903,-9685.52845760462,-9825.094766272256,-139.5663086676359,-2.250700097101527
UAV_0034,telemetry_01,459,-0.0404977051834474,-0.044732959318782246,0.0404977051834474,0.044732959318782246,-0.003404651188733908,-0.012228524147940905,88.4289378728496,83.86890733359566,-4.560030539253944,86.28365562552308,86.20608450464901,-0.07757112087406881,-0.0069560584291477445
UAV_0034,telemetry_02,459,-0.06379405415612974,-0.05528478589714475,0.06379405415612974,0.05528478589714475,-0.0035196761449349584,-0.0015252053716679607,26.539368853479985,3.8158427749042954,-22.723526078575688,12.278020237053534,11.605832092396641,-0.6721881446568929,-0.09184884745792608
UAV_0034,telemetry_03,459,,,,,0.0,0.0,30377.82504938602,30377.82504938608,5.820766091346741e-11,30377.825049386065,30377.825049386065,0.0,0.0
UAV_0034,telemetry_04,459,0.035248325863597336,0.03021506230705822,-0.035248325863597336,-0.03021506230705822,1.5022094518122078e-05,-1.7192308885430333e-05,-125.44757945813436,-125.92505914009868,-0.47747968196432566,-125.90056593300997,-125.89209798136835,0.008467951641620175,0.14979307568984906
UAV_0034,telemetry_05,459,0.029260543467916105,0.02640947271890212,-0.029260543467916105,-0.02640947271890212,5.835491789827608e-07,-2.3665692100006066e-08,-113.5285261100601,-113.52397477467862,0.004551335381478339,-113.5261566174381,-113.52597139751734,0.00018521992076614424,0.07001611097207501
UAV_0034,telemetry_06,459,-0.6485234704276533,-0.6129348323844273,0.6485234704276533,0.6129348323844273,-0.0062413931456962645,-0.004037105063649312,-138.39178664876488,-142.59479993402118,-4.203013285256304,-138.65089478368083,-141.1219238767815,-2.471029093100668,-1.9356524495083691
UAV_0034,telemetry_07,459,0.6574383651461638,0.6632394915542215,-0.6574383651461638,-0.6632394915542215,0.000170372006516607,0.0,140.5912754437698,140.7631728418209,0.17189739805110094,140.5912754437698,140.66788189290125,0.07660644913144665,2.228576273452365
UAV_0034,telemetry_08,459,,,,,0.0,0.0,-4680.605940223165,-4680.605940223165,0.0,-4680.605940223163,-4680.605940223163,0.0,0.0
UAV_0034,telemetry_09,459,0.013119006803365231,0.020574771266648546,-0.013119006803365231,-0.020574771266648546,0.0010614313315339787,0.014738582751094258,-156.30142930976427,-133.01502991513055,23.28639939463372,-153.00587204008662,-151.9563116812189,1.0495603588677227,0.0977961680127775
UAV_0034,telemetry_10,459,0.10056170202566803,0.03378478155391009,-0.10056170202566803,-0.03378478155391009,0.0016637085596683027,-0.0011709838182634375,-79.7928786377629,-63.30205837115827,16.49082026660463,-62.871004611940464,-62.480181114501065,0.39082349743939915,0.17809076338210242
UAV_0034,telemetry_11,459,-0.39264184703749094,-0.7334108293426247,0.39264184703749094,0.7334108293426247,-0.001535713202481389,-0.0013006190742240122,65.78925288210323,61.63178077075517,-4.157472111348056,62.44156854844918,61.84726523303586,-0.5943033154133204,-1.1455128981465577
UAV_0034,telemetry_12,459,0.6521323835715134,0.6029215319638784,-0.6521323835715134,-0.6029215319638784,0.011238500949802145,0.011480660016330007,636.7950745015919,647.4491269967455,10.654052495153564,638.8361361888428,643.1961913675659,4.360055178723087,1.9073251272431175
UAV_0034,telemetry_13,459,0.6205525302464893,0.5827913596930449,-0.6205525302464893,-0.5827913596930449,0.02350761821651815,0.02682364682944886,7132.393642811606,7145.211613173115,12.817970361509651,7129.49145197882,7138.757103830059,9.265651851239454,1.8439590166599682
UAV_0034,telemetry_14,459,,,,,0.0,0.0,-648.8153498138018,-648.8153498138018,0.0,-648.815349813802,-648.815349813802,0.0,
UAV_0034,telemetry_15,459,0.8118037671800467,0.862042634359187,-0.8118037671800467,-0.862042634359187,0.5249397732891491,0.4045259248561746,49994.46918973962,50352.19777958186,357.7285898422415,49979.132984302545,50185.44637851619,206.31339421364828,2.4053283575615554
UAV_0034,telemetry_16,459,-0.6754904723589038,-0.6522715339419791,0.6754904723589038,0.6522715339419791,-0.013742730661327224,-0.012705548617816267,-694.5992033130013,-701.5364328583291,-6.937229545327796,-692.9025982611549,-698.3882879287918,-5.485689667636848,-2.0327444901629392
UAV_0034,telemetry_17,459,,,,,0.0,0.0,40.415812282139626,40.41581228213973,1.0658141036401503e-13,40.415812282139726,40.41581228213972,-7.105427357601002e-15,-0.6518135112379015
UAV_0034,telemetry_18,459,0.8599421420846018,0.8185938839810336,-0.8599421420846018,-0.8185938839810336,0.0004427038820386701,0.00036807289329299057,-103.2433373007542,-102.97775989114515,0.2655774096090511,-103.18321488981574,-103.02003723627519,0.1631776535405578,2.3895820664916254
UAV_0034,telemetry_19,459,0.7842365428504181,0.8069578619372563,-0.7842365428504181,-0.8069578619372563,0.010846473229212453,0.008837936809267422,33503.43400941926,33511.3272847988,7.893275379537954,33503.59218831098,33507.88762131829,4.295433007311658,2.341374267060326
UAV_0034,telemetry_20,459,,,,,0.0,0.0,-164.8973841769026,-164.8973841769026,0.0,-164.89738417690253,-164.89738417690253,0.0,0.0
UAV_0034,telemetry_21,459,0.7854857530079764,0.8181255107618801,-0.7854857530079764,-0.8181255107618801,0.011448889788340444,0.009081230319470824,34960.17350425431,34967.3840384897,7.210534235389787,34960.191098725605,34964.744867795736,4.5537690701312385,2.355327511989292
UAV_0034,telemetry_22,459,0.6819853596397634,0.6552279484767707,-0.6819853596397634,-0.6552279484767707,0.4725111826286497,0.5189487243346327,22883.662711016532,23264.47464890168,380.8119378851479,22950.038139313714,23138.135370167747,188.0972308540331,2.046683681449368
UAV_0034,telemetry_23,459,-0.8085281883489261,-0.8417507703036913,0.8085281883489261,0.8417507703036913,-0.21122226679689268,-0.1727867727955333,-17347.269278404758,-17515.164120609585,-167.894842204827,-17359.151152810842,-17441.355662841845,-82.20451003100243,-2.3722282645613753
UAV_0034,telemetry_24,459,-0.5362072712323794,-0.8813211127119032,0.5362072712323794,0.8813211127119032,-0.17223363641795672,-0.11930964587603833,-3352.2768063251788,-3744.8213974956,-392.5445911704214,-3633.2763503543606,-3702.9782305939157,-69.70188023955507,-1.635929507174229
UAV_0034,telemetry_25,459,-0.7722506207621598,-0.7630921797172885,0.7722506207621598,0.7630921797172885,-0.00473029241071854,-0.004126157607453848,-171.744239019113,-174.78259143914713,-3.03835242003413,-171.26041442179235,-173.10390172707827,-1.8434873052859189,-2.2689022907582994
UAV_0034,telemetry_26,459,-0.811506653586469,-0.8825313060664688,0.811506653586469,0.8825313060664688,-0.28945918178708724,-0.22510983697389347,-7487.753906712811,-7674.336768670383,-186.58286195757228,-7477.860022845462,-7591.037505173522,-113.17748232806025,-2.3920494196514226
UAV_0034,telemetry_27,459,,,,,0.0,0.0,969.0302044744708,969.0302044744708,0.0,969.0302044744712,969.0302044744712,0.0,0.0
UAV_0034,telemetry_28,459,-0.7448376747800417,-0.7205188055856478,0.7448376747800417,0.7205188055856478,-0.3210183120743088,-0.2755325858917995,-9695.750152194045,-9900.840089488933,-205.08993729488793,-9696.528536705919,-9821.968695661459,-125.44015895554003,-2.19418776403458
UAV_0035,telemetry_01,231,0.7888597755553846,0.7914883467357231,-0.7888597755553846,-0.7914883467357231,0.24398619114527498,0.24115662990974462,190.33518548333828,245.5975747347066,55.26238925136832,191.28900719465244,233.6190805695158,42.33007337486336,2.047972997946857
UAV_0035,telemetry_02,231,0.009294097590266554,-0.01235129188652427,-0.009294097590266554,0.01235129188652427,0.0011082404721447668,-0.003309721259883246,17.946023997344376,18.850490975187103,0.904466977842727,12.096427483963348,12.250437702793652,0.15401021883030452,0.019326953453108264
UAV_0035,telemetry_03,231,,,,,0.0,0.0,30377.82504938608,30377.82504938608,0.0,30377.825049386087,30377.825049386087,0.0,0.0
UAV_0035,telemetry_04,231,-0.04210992193692406,0.06643652704389172,0.04210992193692406,-0.06643652704389172,-4.454261118397716e-05,7.111694660372573e-05,-125.9179474454383,-125.88096663320424,0.03698081223406291,-125.8876550326605,-125.89343479575781,-0.005779763097308432,-0.08176349402477114
UAV_0035,telemetry_05,231,0.05922165988269857,0.051190638447010266,-0.05922165988269857,-0.051190638447010266,2.259652377711454e-06,5.172831845529786e-07,-113.52936676800424,-113.5249301061395,0.004436661864744451,-113.52621228451834,-113.52589689159205,0.000315392926282243,0.1236891292269818
UAV_0035,telemetry_06,231,0.7784351812151484,0.7716213397586805,-0.7784351812151484,-0.7716213397586805,0.016223907966630972,0.015511427971071766,-138.0348561403328,-135.08047344071434,2.9543826996184634,-138.75836320751813,-135.63091117962298,3.1274520278951456,2.2454235794185835
UAV_0035,telemetry_07,231,,,,,0.0,0.0,140.5912754437698,140.5912754437698,0.0,140.59127544376975,140.59127544376975,0.0,0.0
UAV_0035,telemetry_08,231,,,,,0.0,0.0,-4680.605940223179,-4680.605940223169,1.000444171950221e-11,-4680.605940223177,-4680.60594022317,6.366462912410498e-12,2.1544559395325655
UAV_0035,telemetry_09,231,-0.08781718351055626,-0.05761502365700267,0.08781718351055626,0.05761502365700267,-0.012645477655769679,-0.00591395764492075,-152.29157798319278,-170.9786133086679,-18.687035325475108,-149.5511288925913,-153.55108254510472,-3.999953652513426,-0.4156615621950254
UAV_0035,telemetry_10,231,0.002761080745980695,-0.11221986409392708,-0.002761080745980695,0.11221986409392708,0.00011414432489152507,-0.0037411103706164956,-62.52828296205463,-61.497587747708366,1.0306952143462667,-62.940759184172556,-62.579211833469046,0.3615473507035105,0.13086713893994872
UAV_0035,telemetry_11,231,0.2347235388650412,0.7353648501571071,-0.2347235388650412,-0.7353648501571071,0.002408772822260587,0.002502556577804022,62.323546744998566,63.110397154311705,0.7868504093131392,62.4078246135634,62.90553259034659,0.49770797678318957,0.7257316167929534
UAV_0035,telemetry_12,231,-0.8086653542825248,-0.8123656417835029,0.8086653542825248,0.8123656417835029,-0.0317187752722178,-0.030528257174525245,638.9258850006227,628.4050081616585,-10.520876838964114,639.1185646734073,633.0746567020875,-6.043907971319754,-2.305743062028243
UAV_0035,telemetry_13,231,0.7487591849322729,0.7387780135906075,-0.7487591849322729,-0.7387780135906075,0.06796133456277269,0.06471833783810865,7130.627968536023,7147.579847690642,16.951879154618837,7130.044989978233,7143.244067447719,13.199077469485928,2.1760280174234294
UAV_0035,telemetry_14,231,,,,,0.0,0.0,-648.815349813801,-648.8153498138004,6.821210263296962e-13,-648.8153498138012,-648.8153498138006,5.684341886080801e-13,2.888845471247798
UAV_0035,telemetry_15,231,0.8003057581979524,0.7878851601473985,-0.8003057581979524,-0.7878851601473985,0.4990137066911254,0.5010169907209214,50003.042340427215,50155.81711922708,152.7747787998669,50009.54733169591,50105.60913739523,96.06180569931894,2.3053392973067703
UAV_0035,telemetry_16,231,-0.739966530001619,-0.7379642933412062,0.739966530001619,0.7379642933412062,-0.030487731921372867,-0.030695705952777857,-696.3335106993333,-703.270740244661,-6.937229545327796,-693.3445979696974,-699.1748228003452,-5.830224830647808,-2.1174487256671353
UAV_0035,telemetry_17,231,,,,,0.0,0.0,40.41581228213973,40.41581228213973,0.0,40.41581228213974,40.41581228213974,0.0,0.0
UAV_0035,telemetry_18,231,0.9573719857378149,0.9586119278023327,-0.9573719857378149,-0.9586119278023327,0.004166364532109348,0.004121968483468268,-102.1569479170067,-101.29062461657252,0.866323300434189,-101.99676966790483,-101.22620304663594,0.770566621268884,2.649563199048788
UAV_0035,telemetry_19,231,0.8125836669187976,0.810076130765786,-0.8125836669187976,-0.810076130765786,0.011169731375096588,0.010222973941538881,33504.364759402415,33507.342806843546,2.9780474411309115,33503.87730370919,33506.01115686525,2.1338531560613774,2.3229000864190983
UAV_0035,telemetry_20,231,,,,,0.0,0.0,-164.8973841769026,-164.8973841769026,0.0,-164.89738417690265,-164.89738417690265,0.0,0.0
UAV_0035,telemetry_21,231,0.810097629766765,0.8168219401071167,-0.810097629766765,-0.8168219401071167,0.012006330253900783,0.01118168143787199,34960.76211929393,34963.55804073215,2.795921438213554,34960.38953849758,34962.653201655274,2.2636631576970103,2.285491021361472
UAV_0035,telemetry_22,231,0.6842414603372673,0.6791207427301498,-0.6842414603372673,-0.6791207427301498,0.9553105405505509,0.8355303317905123,23009.53169125095,23268.408054534004,258.87636328305234,22982.286115594423,23160.31843971095,178.0323241165279,1.908114001220263
UAV_0035,telemetry_23,231,-0.8038693271700517,-0.7989261862575207,0.8038693271700517,0.7989261862575207,-0.242110687843877,-0.2543453656137808,-17386.732352416995,-17443.99481987243,-57.2624674554354,-17370.644838140193,-17417.205171209516,-46.56033306932295,-2.3132800650527736
UAV_0035,telemetry_24,231,0.1324635595857834,0.7795128409821065,-0.1324635595857834,-0.7795128409821065,0.0928927615847402,0.06732842875789002,-3645.780212491871,-3629.72034400656,16.0598684853112,-3647.3113328935683,-3635.100936764709,12.21039612885943,0.26054631872412165
UAV_0035,telemetry_25,231,-0.8667268864342186,-0.8793925941127679,0.8667268864342186,0.8793925941127679,-0.011971229219506416,-0.011250048504299955,-170.74158272050173,-174.38760562454266,-3.646022904040933,-171.31175864272942,-173.59892691125725,-2.287168268527836,-2.4778914667465526
UAV_0035,telemetry_26,231,0.9749234294434893,0.9784302653867871,-0.9749234294434893,-0.9784302653867871,1.6471605933285784,1.6558229846991341,-7767.062212869931,-7419.306777358298,347.75543551163264,-7719.262506396353,-7415.166860906038,304.0956454903153,2.6933041840615686
UAV_0035,telemetry_27,231,,,,,0.0,0.0,969.0302044744708,969.0302044744708,0.0,969.0302044744705,969.0302044744705,0.0,0.0
UAV_0035,telemetry_28,231,-0.8299593933114702,-0.8402470842500828,0.8299593933114702,0.8402470842500828,-0.8454130250400407,-0.7687341837705378,-9671.21279763296,-10002.177842665737,-330.9650450327772,-9701.511730909251,-9858.270674794743,-156.75894388549204,-2.3028247023826105
UAV_0036,telemetry_01,324,0.04961911493002848,0.05433886375062847,-0.04961911493002848,-0.05433886375062847,0.005929083067405752,-7.422995416424188e-05,65.8413757014886,96.24713333926024,30.405757637771643,83.51538048208974,86.86010234183885,3.3447218597491144,0.2988119243877094
UAV_0036,telemetry_02,324,-0.01052726757017102,0.003909572825981495,0.01052726757017102,-0.003909572825981495,-0.0008373891892666614,-0.008902278683507372,19.08620224686223,15.425265361201651,-3.6609368856605773,12.795022663589144,11.642220188124439,-1.1528024754647053,-0.15471045004510878
UAV_0036,telemetry_03,324,,,,,0.0,0.0,30377.82504938608,30377.82504938608,0.0,30377.825049386076,30377.825049386076,0.0,0.0
UAV_0036,telemetry_04,324,0.03327092063358921,-0.025645036490663048,-0.03327092063358921,0.025645036490663048,1.5182136083898862e-05,-2.5176112049543598e-05,-125.86674324388348,-125.8852336500005,-0.01849040611702435,-125.90147437262245,-125.89993844634444,0.0015359262780094696,0.03593178121460766
UAV_0036,telemetry_05,324,-0.031420131769791124,-0.028762050929233597,0.031420131769791124,0.028762050929233597,-8.596749846828963e-07,1.2004058334189957e-06,-113.52857577530136,-113.52148906815177,0.007086707149596805,-113.52516997644459,-113.52546315915333,-0.0002931827087451211,-0.11439011666569264
UAV_0036,telemetry_06,324,0.7837957141598063,0.7686291327481017,-0.7837957141598063,-0.7686291327481017,0.012051491583822946,0.011036419578488978,-136.98034565577206,-134.57075162691837,2.4095940288536895,-138.55584944386877,-135.35091212445806,3.2049373194107034,2.2251436858537157
UAV_0036,telemetry_07,324,,,,,0.0,0.0,140.5912754437698,140.5912754437698,0.0,140.59127544376977,140.59127544376977,0.0,0.0
UAV_0036,telemetry_08,324,,,,,0.0,0.0,-4680.605940223165,-4680.605940223165,0.0,-4680.605940223165,-4680.605940223165,0.0,0.0
UAV_0036,telemetry_09,324,0.0381045927275575,0.028447690367195015,-0.0381045927275575,-0.028447690367195015,0.004242211587649317,0.005959445264336949,-163.34948341613335,-139.94015606388282,23.40932735225053,-152.05494323025096,-150.96509246212645,1.0898507681245064,0.10450293075204246
UAV_0036,telemetry_10,324,0.03290518031366155,-0.01992749596464767,-0.03290518031366155,0.01992749596464767,0.0005694746603389225,0.001011795414070737,-60.14278798583376,-62.359695440272034,-2.216907454438271,-62.60333789532026,-62.49988709214806,0.10345080317220123,0.0638116794606056
UAV_0036,telemetry_11,324,0.44593720217099525,0.7466948592482225,-0.44593720217099525,-0.7466948592482225,0.0019317985786511912,0.0015517131892045933,62.42076790894628,63.117875705384606,0.6971077964383241,62.37669876850177,62.89448070119265,0.5177819326908804,1.2759545126743683
UAV_0036,telemetry_12,324,-0.7721229297033262,-0.7625346321603127,0.7721229297033262,0.7625346321603127,-0.02157538898922531,-0.022668196798199557,637.5941284387284,627.7391298807113,-9.854998558017087,638.4525992070879,632.6604825909727,-5.792116616115209,-2.212796877881447
UAV_0036,telemetry_13,324,0.7458655526472132,0.7374140227391003,-0.7458655526472132,-0.7374140227391003,0.04473403766553233,0.04204829025580147,7126.999916942197,7145.457862757126,18.45794581492919,7130.824361678819,7142.5741529059305,11.749791227111928,2.0913611608224
UAV_0036,telemetry_14,324,,,,,0.0,0.0,-648.8153498138018,-648.8153498138018,0.0,-648.8153498138018,-648.8153498138018,0.0,
UAV_0036,telemetry_15,324,-0.7307264865985367,-0.6985242031510897,0.7307264865985367,0.6985242031510897,-0.3107195446121153,-0.2564767029469725,50020.188641802415,49903.248399329845,-116.94024247257039,50034.77391011664,49949.84231093624,-84.931599180396,-2.1322200197197922
UAV_0036,telemetry_16,324,-0.7291308331776681,-0.711050743646454,0.7291308331776681,0.711050743646454,-0.022070110507409518,-0.021500045463466254,-694.5992033130013,-705.005047630993,-10.405844317991637,-693.3718473165203,-699.5886722552178,-6.216824938697528,-2.1925324599208063
UAV_0036,telemetry_17,324,,,,,0.0,0.0,40.41581228213973,40.41581228213973,0.0,40.41581228213974,40.41581228213973,-7.105427357601002e-15,-0.6832005604362066
UAV_0036,telemetry_18,324,-0.20138128715115033,-0.07980171645806322,0.20138128715115033,0.07980171645806322,-4.062833138213355e-05,-6.679756282361441e-06,-103.23714765271606,-103.32739323479652,-0.09024558208045619,-103.319061092008,-103.32834901246115,-0.00928792045314708,-0.491456463231904
UAV_0036,telemetry_19,324,0.8309344308306351,0.8359891684969086,-0.8309344308306351,-0.8359891684969086,0.010109588077205958,0.00946000799591484,33503.676394122325,33508.09159564963,4.415201527306635,33503.9569940911,33506.661313185075,2.7043190939730266,2.3728356930555714
UAV_0036,telemetry_20,324,,,,,0.0,0.0,-164.8973841769026,-164.8973841769026,0.0,-164.8973841769026,-164.8973841769026,0.0,0.0
UAV_0036,telemetry_21,324,0.8155844881246697,0.8105067373402246,-0.8155844881246697,-0.8105067373402246,0.010714618135472611,0.009892689741573427,34960.320658014214,34965.765347130735,5.444689116520749,34960.56515964607,34963.501443132176,2.9362834861094598,2.3859793445610773
UAV_0036,telemetry_22,324,0.6992011521858078,0.6801522586762836,-0.6992011521858078,-0.6801522586762836,0.7012035869444122,0.6972379875275192,23064.59937010351,23274.089640447364,209.4902703438529,22985.101992451895,23170.73184321641,185.62985076451514,1.9759787018373791
UAV_0036,telemetry_23,324,0.5173124757413237,0.48633625289972043,-0.5173124757413237,-0.48633625289972043,0.057278990666231745,0.04913125900534933,-17380.708966230806,-17356.45004341352,24.258922817287385,-17377.790080298793,-17363.07211348207,14.717966816722765,1.4189982260483454
UAV_0036,telemetry_24,324,0.21964004770096002,0.8200157003872175,-0.21964004770096002,-0.8200157003872175,0.050044032873169865,0.06548357516644997,-3652.764965640042,-3624.1392448242864,28.625720815755813,-3645.636871686982,-3633.31599233109,12.320879355891975,0.5772678503912525
UAV_0036,telemetry_25,324,-0.8476225287066279,-0.85482990187503,0.8476225287066279,0.85482990187503,-0.008095289141183614,-0.0073359309243634895,-171.47078730130994,-174.8433584875478,-3.372571186237849,-171.47499425081458,-173.6658800650761,-2.19088581426152,-2.4488732473886397
UAV_0036,telemetry_26,324,0.8246529881613202,0.8301082379290796,-0.8246529881613202,-0.8301082379290796,0.1011101171506039,0.08929207417950548,-7478.71181417179,-7441.251716501847,37.460097669943025,-7479.6370001973555,-7452.130932606758,27.506067590597922,2.394867920958967
UAV_0036,telemetry_27,324,,,,,0.0,0.0,969.0302044744708,969.0302044744708,0.0,969.030204474471,969.030204474471,0.0,0.0
UAV_0036,telemetry_28,324,-0.8144908605218281,-0.8113995395729143,0.8144908605218281,0.8113995395729143,-0.5638574912937218,-0.5605377008031301,-9712.906314099117,-9941.214518151412,-228.30820405229497,-9713.7619899828,-9867.572849165133,-153.81085918233293,-2.3718121867729174
UAV_0037,telemetry_01,324,-0.04571535934757083,-0.0505397228617043,0.04571535934757083,0.0505397228617043,-0.00521183889121856,-0.004973762222944303,73.06767436188407,106.78339800412137,33.71572364223729,88.11552157903753,86.15381764472806,-1.9617039343094689,-0.18368811443184702
UAV_0037,telemetry_02,324,-0.005245406006101489,0.0024175068137916437,0.005245406006101489,-0.0024175068137916437,-0.0004385959444161468,-0.0037171534405711854,13.394654507737185,10.010811514970497,-3.383842992766688,11.654917846785706,11.215902676733624,-0.4390151700520821,-0.056049334773881195
UAV_0037,telemetry_03,324,,,,,0.0,0.0,30377.82504938608,30377.82504938608,0.0,30377.825049386076,30377.825049386076,0.0,0.0
UAV_0037,telemetry_04,324,0.005063086206128249,-0.018805479014609737,-0.005063086206128249,0.018805479014609737,3.5386979463091984e-06,-3.333657739643777e-05,-125.90087937825336,-125.9179474454383,-0.017068067184936808,-125.89617471870879,-125.8920494594887,0.004125259220089106,0.06300855341601203
UAV_0037,telemetry_05,324,-0.11282670967850895,-0.11693824808375895,0.11282670967850895,0.11693824808375895,-3.2616118045646155e-06,5.34031086889677e-07,-113.52220176160162,-113.53030455679422,-0.008102795192598933,-113.52548535425164,-113.52595894969751,-0.00047359544586811353,-0.1748894483452612
UAV_0037,telemetry_06,324,-0.6801624009468726,-0.6410185371650876,0.6801624009468726,0.6410185371650876,-0.009311793715064944,-0.00893462404494289,-138.33417681231623,-142.79267719834496,-4.4585003860287316,-138.29473623197828,-140.96567468276845,-2.6709384507901746,-2.0826658309844026
UAV_0037,telemetry_07,324,0.646606234658467,0.6548799365237713,-0.646606234658467,-0.6548799365237713,0.00023716573613782123,0.0,140.5912754437698,140.7631728418209,0.17189739805110094,140.59127544376977,140.66796812905415,0.07669268528437101,2.232124034350199
UAV_0037,telemetry_08,324,,,,,0.0,0.0,-4680.605940223165,-4680.605940223165,0.0,-4680.605940223165,-4680.605940223165,0.0,0.0
UAV_0037,telemetry_09,324,0.0028482368022043248,0.004703059811418945,-0.0028482368022043248,-0.004703059811418945,0.000301847539073281,1.3562613405929312e-05,-144.59903558629642,-147.03476347131766,-2.4357278850212367,-150.986412593763,-151.82123083048435,-0.834818236721361,-0.0840924139298301
UAV_0037,telemetry_10,324,-0.009491245875478883,-0.0764217229851905,0.009491245875478883,0.0764217229851905,-0.00022400290867979897,-0.00099401591115877,-59.23162840983447,-63.10745771158846,-3.8758293017539884,-62.276522835899755,-62.40247638965206,-0.12595355375230355,-0.05697133934283318
UAV_0037,telemetry_11,324,-0.23820291726299414,-0.6970477795251009,0.23820291726299414,0.6970477795251009,-0.0015746937406740655,-0.0021625874165552787,62.5414930905517,61.63605422851111,-0.9054388620405902,62.41932972604765,61.929505104569834,-0.48982462147781547,-0.7909845920314017
UAV_0037,telemetry_12,324,0.6913893534900661,0.642060111162754,-0.6913893534900661,-0.642060111162754,0.018035714359270823,0.01575880713652504,637.5941284387284,644.6524382167677,7.058309778039302,637.8625286073562,642.9887669425244,5.126238335168182,2.097802364659496
UAV_0037,telemetry_13,324,0.6290633961596416,0.5995473349033721,-0.6290633961596416,-0.5995473349033721,0.0347765005338649,0.026123810634315715,7133.432501314145,7140.563160275691,7.1306589615460325,7128.368986138984,7137.7030747720155,9.33408863303157,1.80242372453456
UAV_0037,telemetry_14,324,,,,,0.0,0.0,-648.8153498138018,-648.8153498138018,0.0,-648.8153498138018,-648.8153498138018,0.0,
UAV_0037,telemetry_15,324,0.8211559703470576,0.8821588807628323,-0.8211559703470576,-0.8821588807628323,0.8250907202038386,0.7006089190508826,49988.301455432,50339.67727893738,351.3758235053756,49962.996664891114,50191.7408504813,228.74418559018523,2.4302472102214843
UAV_0037,telemetry_16,324,-0.7211100656786796,-0.6898826308483873,0.7211100656786796,0.6898826308483873,-0.024584078346928506,-0.023175714775685485,-691.1305885403375,-701.5364328583291,-10.405844317991637,-692.0110830595522,-698.9749942569773,-6.963911197425091,-2.180606429690924
UAV_0037,telemetry_17,324,,,,,0.0,0.0,40.41581228213973,40.41581228213973,0.0,40.41581228213973,40.415812282139726,-7.105427357601002e-15,-0.45014984261133684
UAV_0037,telemetry_18,324,0.901375488043419,0.8565415045910404,-0.901375488043419,-0.8565415045910404,0.0006679033906730585,0.0006027865722859719,-103.15734304791592,-102.99308070869768,0.16426233921824007,-103.1528585877651,-102.98499708117383,0.1678615065912652,2.418352753613135
UAV_0037,telemetry_19,324,0.752357222846934,0.79301914918014,-0.752357222846934,-0.79301914918014,0.017262501738774996,0.014980882023038832,33502.7824764503,33510.42592736076,7.643450910458341,33503.00973543656,33507.8698474234,4.860111986839911,2.261221328416824
UAV_0037,telemetry_20,324,,,,,0.0,0.0,-164.8973841769026,-164.8973841769026,0.0,-164.8973841769026,-164.8973841769026,0.0,0.0
UAV_0037,telemetry_21,324,0.7609093793813614,0.8170918912899863,-0.7609093793813614,-0.8170918912899863,0.018512743319071965,0.015299594927371103,34960.614965534034,34969.149883608574,8.534918074539746,34959.510180382735,34964.74659033139,5.236409948658547,2.297588424671511
UAV_0037,telemetry_22,324,0.6774789250756728,0.6466215153012433,-0.6774789250756728,-0.6466215153012433,0.7248994611152573,0.7304612625996526,22902.747012417814,23196.149936251284,293.4029238334697,22943.4572003982,23141.886868579357,198.42966818115747,1.9797076279733337
UAV_0037,telemetry_23,324,-0.8134453068975145,-0.8597990703253862,0.8134453068975145,0.8597990703253862,-0.32699065478190636,-0.2565068872175992,-17341.193316437595,-17506.114073347748,-164.9207569101527,-17351.259960834876,-17441.713455609995,-90.4534947751199,-2.4021205873525577
UAV_0037,telemetry_24,324,-0.39652534491986247,-0.8413301226923519,0.39652534491986247,0.8413301226923519,-0.1992563780125415,-0.16405846109205013,-3640.775896734744,-3746.9270142495175,-106.15111751477343,-3640.2516576481494,-3697.521777586538,-57.27011993838869,-1.2166432472261284
UAV_0037,telemetry_25,324,-0.7859384993148544,-0.7896358583453056,0.7859384993148544,0.7896358583453056,-0.007577204400428619,-0.006410026202603589,-170.68081567210106,-174.29645505194165,-3.6156393798405873,-171.09029209055487,-173.19657147588927,-2.1062793853344033,-2.3322332094764637
UAV_0037,telemetry_26,324,-0.8180172307140994,-0.9003534392331655,0.8180172307140994,0.9003534392331655,-0.4596060139030418,-0.3384639938211902,-7468.665044681768,-7675.915546733101,-207.25050205133266,-7463.016772955289,-7591.008200095769,-127.99142714048048,-2.4318347944881173
UAV_0037,telemetry_27,324,,,,,0.0,0.0,969.0302044744708,969.0302044744708,0.0,969.030204474471,969.030204474471,0.0,0.0
UAV_0037,telemetry_28,324,-0.7478048563773826,-0.7373498099194695,0.7478048563773826,0.7373498099194695,-0.5091820471325279,-0.41563890486433813,-9687.407385455544,-9920.848267371131,-233.44088191558694,-9683.32616238017,-9821.160321585487,-137.8341592053166,-2.1609688031383993
UAV_0038,telemetry_01,201,0.06752725274391966,0.07982857987291268,-0.06752725274391966,-0.07982857987291268,0.013391981261524664,0.008896068883361058,89.0117152195408,73.95680890778249,-15.054906311758316,87.07293306661664,88.8824893438968,1.8095562772801514,0.1568639880819014
UAV_0038,telemetry_02,201,0.06920686558303556,0.054242648145411555,-0.06920686558303556,-0.054242648145411555,0.009803912345154093,0.010059561522989046,10.149066482225226,18.13053888993605,7.981472407710825,11.835432851634529,12.673342841455309,0.8379099898207798,0.10168667304090358
UAV_0038,telemetry_03,201,,,,,0.0,0.0,30377.82504938608,30377.82504938608,0.0,30377.825049386083,30377.825049386083,0.0,0.0
UAV_0038,telemetry_04,201,0.027455473515375785,0.06280301681382792,-0.027455473515375785,-0.06280301681382792,3.14809158651416e-05,0.00011086858977595845,-125.84967517669854,-125.8909230057288,-0.04124782903025448,-125.88024368469206,-125.87901279887723,0.001230885814834437,0.01845509375851394
UAV_0038,telemetry_05,201,-0.029569177510610833,-0.036639574405201714,0.029569177510610833,0.036639574405201714,-1.3402136790816168e-06,-8.418529851540935e-07,-113.52868866612796,-113.52228582320468,0.006402842923279195,-113.52568579851528,-113.52554964705574,0.00013615145954304353,0.05164216120968539
UAV_0038,telemetry_06,201,-0.6857978382973118,-0.6394723493648266,0.6857978382973118,0.6394723493648266,-0.015085098344901276,-0.014678437674118732,-139.9798143143504,-143.160879196517,-3.181064882166595,-139.20736598767257,-141.68080124567678,-2.4734352580042014,-1.9331494170034225
UAV_0038,telemetry_07,201,0.7396164110407345,0.7573797420695236,-0.7396164110407345,-0.7573797420695236,0.0005509759958221338,0.0,140.5912754437698,140.7631728418209,0.17189739805110094,140.59127544376977,140.687705691457,0.09643024768723762,2.2253793426019945
UAV_0038,telemetry_08,201,,,,,0.0,0.0,-4680.605940223165,-4680.605940223165,0.0,-4680.605940223166,-4680.605940223166,0.0,0.0
UAV_0038,telemetry_09,201,0.004584489986910153,0.003936751884143638,-0.004584489986910153,-0.003936751884143638,0.0007099454563964341,0.0027112690989236146,-150.94614706457753,-143.32462675772072,7.621520306856809,-152.83788992707127,-152.56133942101337,0.27655050605790166,0.030701345677053817
UAV_0038,telemetry_10,201,-0.05691223060153717,-0.004117038569528594,0.05691223060153717,0.004117038569528594,-0.0024174042255389228,0.001951065030894132,-60.63171687861757,-61.98672761900361,-1.3550107403860423,-61.980660319573296,-61.931134760152396,0.04952555942089987,0.020044841665209027
UAV_0038,telemetry_11,201,-0.36024077673969346,-0.7409778675018914,0.36024077673969346,0.7409778675018914,-0.004270274826351124,-0.0025620790921790206,62.262649971976366,61.442146082835166,-0.8205038891412002,62.42665959165381,61.7317544283886,-0.6949051632652115,-1.0078119236436078
UAV_0038,telemetry_12,201,0.7466986854853133,0.7224189802504067,-0.7466986854853133,-0.7224189802504067,0.029787105982275606,0.03091577732968582,641.0566954996532,646.9164243719879,5.859728872334699,639.0265787894488,644.0515236705471,5.0249448810983495,2.1655354026001916
UAV_0038,telemetry_13,201,0.6402831444647412,0.6204448056745974,-0.6402831444647412,-0.6204448056745974,0.056481016425052356,0.05335093922247767,7131.812413695436,7137.362422931663,5.550009236227197,7129.9474009548,7139.605452469762,9.658051514961699,1.8822443086411158
UAV_0038,telemetry_14,201,,,,,0.0,0.0,-648.8153498138018,-648.8153498138018,0.0,-648.8153498138018,-648.8153498138018,0.0,0.0
UAV_0038,telemetry_15,201,0.8242750271058239,0.8797232145885905,-0.8242750271058239,-0.8797232145885905,1.2070537675887258,1.037590322205045,50013.77419812248,50346.27675464653,332.5025565240503,50004.63842971999,50209.84195878555,205.20352906556218,2.409058029317505
UAV_0038,telemetry_16,201,-0.6936852045744286,-0.6750320762017972,0.6936852045744286,0.6750320762017972,-0.0336814950069075,-0.034006027182978835,-692.8648959266694,-701.5364328583291,-8.671536931659716,-693.2032973679048,-699.1253225895261,-5.922025221621311,-2.0968059186650962
UAV_0038,telemetry_17,201,,,,,0.0,0.0,40.41581228213973,40.41581228213973,0.0,40.41581228213973,40.41581228213973,0.0,0.0
UAV_0038,telemetry_18,201,-0.2655850163196237,-0.23873799320230532,0.2655850163196237,0.23873799320230532,-0.00020077570611596677,-6.637099493129572e-05,-103.24312819427028,-103.335244049771,-0.09211585550072243,-103.2836961413272,-103.31406529214532,-0.03036915081811742,-0.6906244754224764
UAV_0038,telemetry_19,201,0.8243096479157626,0.8635200236441555,-0.8243096479157626,-0.8635200236441555,0.027522008346336158,0.021931164741965513,33504.985079143364,33511.19535235551,6.210273212149332,33504.21119305563,33508.88441058933,4.673217533701973,2.406263413567962
UAV_0038,telemetry_20,201,,,,,0.0,0.0,-164.8973841769026,-164.8973841769026,0.0,-164.89738417690262,-164.89738417690262,0.0,0.0
UAV_0038,telemetry_21,201,0.8077673457279743,0.8484689535127317,-0.8077673457279743,-0.8484689535127317,0.028128831542940887,0.02336865449920477,34961.35073433356,34968.708422328855,7.357687995296146,34960.905683937744,34965.70433215712,4.798648219373717,2.369029254948225
UAV_0038,telemetry_22,201,0.671716210998035,0.6416545058951204,-0.671716210998035,-0.6416545058951204,1.0534986380714446,1.0281365210501656,23061.97709968196,23295.94189396028,233.96479427831946,22975.85079514543,23165.386227159433,189.53543201400316,2.07758676563922
UAV_0038,telemetry_23,201,-0.8213255126720784,-0.8464917984335748,0.8213255126720784,0.8464917984335748,-0.4799010175337956,-0.4115226614702827,-17366.854091632078,-17494.09750990128,-127.24341826920136,-17368.617304477546,-17448.78960137115,-80.17229689360465,-2.3588747322549577
UAV_0038,telemetry_24,201,-0.3857751853484393,-0.8868967045958328,0.3857751853484393,0.8868967045958328,-0.3670172748419443,-0.28780766070627456,-3658.5701645790286,-3748.479993398772,-89.90982881974332,-3664.0578636959035,-3722.222599597411,-58.164735901507356,-1.0510526039461139
UAV_0038,telemetry_25,201,-0.7551371595448524,-0.7349314681296515,0.7551371595448524,0.7349314681296515,-0.010513363886629889,-0.010682895771140784,-171.13656853510616,-174.1749209551403,-3.03835242003413,-171.5048761333396,-173.33307501632106,-1.828198882981468,-2.2574830306830735
UAV_0038,telemetry_26,201,-0.8459743848053671,-0.9520488050265777,0.8459743848053671,0.9520488050265777,-0.7025781898325071,-0.5558886257331561,-7498.0877267596925,-7684.240012881978,-186.15228612228566,-7493.992005399648,-7613.776102406481,-119.78409700683278,-2.479582840915868
UAV_0038,telemetry_27,201,,,,,0.0,0.0,969.0302044744708,969.0302044744708,0.0,969.0302044744708,969.0302044744708,0.0,0.0
UAV_0038,telemetry_28,201,-0.7484690546758652,-0.7360292596423822,0.7484690546758652,0.7360292596423822,-0.7771331035997505,-0.6063792306910591,-9687.905483237288,-9931.464078783652,-243.5585955463648,-9703.192783356506,-9837.434826142882,-134.24204278637626,-2.222715622887502
UAV_0039,telemetry_01,288,0.0009735114156686511,0.0160873531622118,-0.0009735114156686511,-0.0160873531622118,0.00012586279478409105,0.0031788011337514546,88.56599627463343,82.8454918736623,-5.720504400971137,85.83886164121476,85.65685026275341,-0.18201137846135396,-0.016903929551174892
UAV_0039,telemetry_02,288,0.07296425948188555,0.09610013302308011,-0.07296425948188555,-0.09610013302308011,0.006628855375581891,0.020511947747829745,15.03581757042873,17.288257019559303,2.2524394491305735,10.29720164370077,11.242229460837715,0.9450278171369444,0.12489978340462186
UAV_0039,telemetry_03,288,,,,,0.0,0.0,30377.82504938608,30377.82504938608,0.0,30377.82504938608,30377.82504938608,0.0,0.0
UAV_0039,telemetry_04,288,-0.014330612644438441,0.0564873032445538,0.014330612644438441,-0.0564873032445538,-1.255546780099519e-05,5.410764397392742e-05,-125.9236368011666,-125.85251985456269,0.0711169466039081,-125.90071106413168,-125.89604474979839,0.004666314333292121,0.06395158414224955
UAV_0039,telemetry_05,288,0.038255462840546844,0.03796683666292917,-0.038255462840546844,-0.03796683666292917,1.2094806263717025e-06,-3.261528121506984e-06,-113.5241931106788,-113.5231123020132,0.0010808086655913485,-113.52550197238199,-113.52549493294707,7.039434919420273e-06,0.0026734852999654134
UAV_0039,telemetry_06,288,-0.7364161982368352,-0.7300036383011902,0.7364161982368352,0.7300036383011902,-0.012069442819404693,-0.012619652660442873,-136.64595812681995,-142.81647256557375,-6.1705144387537985,-138.799654789949,-141.7397214020242,-2.9400666120752135,-2.1539654809743443
UAV_0039,telemetry_07,288,0.6929088490124158,0.7065744881031236,-0.6929088490124158,-0.7065744881031236,0.0003223779991853203,0.0,140.5912754437698,140.7631728418209,0.17189739805110094,140.59127544376977,140.68166976515874,0.09039432138897041,2.332906422051974
UAV_0039,telemetry_08,288,,,,,0.0,0.0,-4680.605940223165,-4680.605940223165,0.0,-4680.605940223165,-4680.605940223165,0.0,
UAV_0039,telemetry_09,288,-0.07859953624112141,-0.08163035659026883,0.07859953624112141,0.08163035659026883,-0.009083669078727326,-0.009282893330988036,-148.1053043161049,-153.02941899460387,-4.924114678498967,-151.41861991839636,-154.59327494986883,-3.1746550314724686,-0.3298379915820166
UAV_0039,telemetry_10,288,0.06794032040818039,0.030451133107475416,-0.06794032040818039,-0.030451133107475416,0.0020975397541799,0.0026001931039081215,-62.38989496784696,-61.59687799958412,0.7930169682628403,-63.09471137595201,-62.81422110113852,0.28049027481348787,0.10908892340570382
UAV_0039,telemetry_11,288,-0.323846987463252,-0.7492599354527734,0.323846987463252,0.7492599354527734,-0.0028665647516046616,-0.0021833163215397326,62.45335302433536,61.72793357026391,-0.7254194540714494,62.55278084925097,61.798554246705336,-0.7542266025456357,-1.023117255498779
UAV_0039,telemetry_12,288,0.7094990903728625,0.6773543556790562,-0.7094990903728625,-0.6773543556790562,0.020992156076879993,0.02116301462894634,635.0637909711295,646.650073059609,11.586282088479493,638.7766364204103,644.0393709718957,5.262734551485323,2.1357564132858626
UAV_0039,telemetry_13,288,0.6347925299230465,0.5950873893316294,-0.6347925299230465,-0.5950873893316294,0.03876102099612394,0.03406254115477597,7131.988135679066,7139.955429741033,7.96729406196755,7129.232283781369,7138.971220410438,9.73893662906903,1.9151094395982482
UAV_0039,telemetry_14,288,,,,,0.0,0.0,-648.8153498138018,-648.8153498138018,0.0,-648.815349813802,-648.815349813802,0.0,
UAV_0039,telemetry_15,288,0.8307436709031221,0.8889157648170553,-0.8307436709031221,-0.8889157648170553,0.8907894453800509,0.7325611429379686,49970.415025939874,50349.2372671142,378.82224117432634,49978.37991041644,50195.979703594385,217.59979317794205,2.4366655019907997
UAV_0039,telemetry_16,288,-0.6957399868113251,-0.6714477586124785,0.6957399868113251,0.6714477586124785,-0.02459277342456299,-0.021678842329149007,-694.5992033130013,-703.270740244661,-8.671536931659716,-692.715386669227,-698.9349717788311,-6.219585109604168,-2.112741333587036
UAV_0039,telemetry_17,288,,,,,0.0,0.0,40.41581228213973,40.41581228213973,0.0,40.415812282139726,40.415812282139726,0.0,0.0
UAV_0039,telemetry_18,288,-0.48435123017380777,-0.3639401958774902,0.48435123017380777,0.3639401958774902,-0.0002062145176548638,-4.880606057959602e-05,-103.24590704506046,-103.32950456056696,-0.08359751550649719,-103.24409284746878,-103.29865711307748,-0.05456426560870398,-1.5388452294473225
UAV_0039,telemetry_19,288,0.8253121831533374,0.8854544687315387,-0.8253121831533374,-0.8854544687315387,0.020273403841231434,0.01682136870009995,33504.3936927965,33512.32679104455,7.933098248053284,33503.55176855099,33508.61266858963,5.0609000386393745,2.4738012336418467
UAV_0039,telemetry_20,288,,,,,0.0,0.0,-164.8973841769026,-164.8973841769026,0.0,-164.8973841769026,-164.8973841769026,0.0,
UAV_0039,telemetry_21,288,0.8272344212845989,0.8740123040872092,-0.8272344212845989,-0.8740123040872092,0.021577165413193024,0.017061305496354356,34959.879196734495,34968.11980728923,8.240610554734303,34960.21156126118,34965.47611387851,5.264552617329173,2.4234894564863976
UAV_0039,telemetry_22,288,0.6975347169599478,0.6686858799645033,-0.6975347169599478,-0.6686858799645033,0.804664592862725,0.9224572354989775,22855.69182652,23301.0407531133,445.34892659329853,22955.790218128834,23152.154065845272,196.3638477164386,2.043891921763709
UAV_0039,telemetry_23,288,-0.8346523157366103,-0.8768180155850004,0.8346523157366103,0.8768180155850004,-0.35174486537316446,-0.3212171064436089,-17346.94169723377,-17501.68087497794,-154.73917774416987,-17356.848555382338,-17442.77059922174,-85.92204383940407,-2.4480928925551084
UAV_0039,telemetry_24,288,-0.3365606726904536,-0.8867575724694471,0.3365606726904536,0.8867575724694471,-0.22463282712445443,-0.19773540477787105,-3646.894430933721,-3747.8833609873727,-100.98893005365153,-3647.73237827947,-3705.796306525114,-58.06392824564364,-1.044580744701417
UAV_0039,telemetry_25,288,-0.7935138247963375,-0.7980241299836085,0.7935138247963375,0.7980241299836085,-0.008164650991391097,-0.007163137479376277,-171.13656853510616,-174.4787561971437,-3.3421876620375315,-171.22038515358992,-173.2466519054333,-2.0262667518433943,-2.3646068788662595
UAV_0039,telemetry_26,288,-0.8535160017100493,-0.9576121863021112,0.8535160017100493,0.9576121863021112,-0.533797662894836,-0.3997320408460047,-7479.572965842365,-7683.2353359329745,-203.66237009060933,-7476.217443815646,-7607.362429693174,-131.1449858775277,-2.5178633026086046
UAV_0039,telemetry_27,288,,,,,0.0,0.0,969.0302044744708,969.0302044744708,0.0,969.0302044744709,969.0302044744709,0.0,0.0
UAV_0039,telemetry_28,288,-0.7652699991017886,-0.7555715973620438,0.7652699991017886,0.7555715973620438,-0.5458016732254893,-0.5343003795903289,-9681.596557794395,-9865.377315476477,-183.78075768208146,-9686.214416399935,-9822.429926945362,-136.2155105454276,-2.2932523411857293
UAV_0040,telemetry_01,188,0.062135242171610094,0.07259796246029036,-0.062135242171610094,-0.07259796246029036,0.012715253382250434,0.03142437151393822,85.69412117158406,69.18689529435073,-16.507225877233324,84.6039316984632,87.46624901946804,2.862317321004838,0.25704641508866105
UAV_0040,telemetry_02,188,0.03544881323741997,0.02383390493528165,-0.03544881323741997,-0.02383390493528165,0.004888765804098311,0.018863631671495483,3.422368183299631,15.938266794822322,12.51589861152269,9.228877599870211,9.583885096611809,0.3550074967415977,0.0473064967601062
UAV_0040,telemetry_03,188,,,,,0.0,0.0,30377.82504938608,30377.82504938608,0.0,30377.825049386083,30377.825049386083,0.0,0.0
UAV_0040,telemetry_04,188,0.036436956109161596,0.011004216177903396,-0.036436956109161596,-0.011004216177903396,3.596699447812737e-05,8.013177082133293e-05,-125.86674324388348,-125.90656873398169,-0.03982549009820957,-125.90095592121949,-125.89028669620656,0.01066922501293277,0.19863309609295504
UAV_0040,telemetry_05,188,-0.053574388007230536,-0.052430256435262695,0.053574388007230536,0.052430256435262695,-2.5779615782239956e-06,-1.0705790757113853e-06,-113.52580255952358,-113.53029054633716,-0.00448798681357232,-113.52591373826307,-113.52605311327869,-0.00013937501562111265,-0.05322877894751439
UAV_0040,telemetry_06,188,0.6804962846766552,0.6649277799124492,-0.6804962846766552,-0.6649277799124492,0.013925660970854403,0.014288939108361789,-136.80000181993273,-133.56257948906637,3.237422330866366,-137.0752634641086,-135.01383322944474,2.0614302346638453,1.8512257323459123
UAV_0040,telemetry_07,188,,,,,0.0,0.0,140.5912754437698,140.5912754437698,0.0,140.59127544376975,140.59127544376975,0.0,0.0
UAV_0040,telemetry_08,188,,,,,0.0,0.0,-4680.605940223165,-4680.605940223165,0.0,-4680.605940223167,-4680.605940223167,0.0,0.0
UAV_0040,telemetry_09,188,0.05000319337115883,0.07536296272216171,-0.05000319337115883,-0.07536296272216171,0.009247455265330825,0.004870576750042939,-145.60867453259567,-152.7655835510176,-7.156909018421942,-153.48203560872912,-151.93159577113983,1.5504398375892947,0.15406756429402854
UAV_0040,telemetry_10,188,0.03344615222574139,0.018533267594594255,-0.03344615222574139,-0.018533267594594255,0.0011587874953434382,-0.0009185811973147812,-61.9241908863478,-61.97215459166589,-0.04796370531808947,-62.586020930387406,-62.123979926769586,0.46204100361781997,0.24507763282697553
UAV_0040,telemetry_11,188,0.34009877309475367,0.7570244142951206,-0.34009877309475367,-0.7570244142951206,0.0029428419674180613,0.002495722305050431,62.68251719649784,63.05323965682596,0.3707224603281176,62.469977295846356,62.95378336201246,0.4838060661661032,1.027519872819898
UAV_0040,telemetry_12,188,-0.6523495655696513,-0.6403125241508151,0.6523495655696513,0.6403125241508151,-0.024963325267204326,-0.025535723693172103,638.2600067196756,628.0054811930902,-10.25452552658544,635.9925159419241,632.3512131319027,-3.6413028100214433,-1.7487009040011152
UAV_0040,telemetry_13,188,0.67475741466759,0.6643224665752825,-0.67475741466759,-0.6643224665752825,0.06233142746584863,0.07157978423090125,7135.942424444504,7150.068844265707,14.126419821203854,7135.386014560536,7144.844447073844,9.458432513308253,1.88165742465441
UAV_0040,telemetry_14,188,,,,,0.0,0.0,-648.8153498138018,-648.8153498138018,0.0,-648.8153498138018,-648.8153498138018,0.0,
UAV_0040,telemetry_15,188,-0.7373969084907055,-0.7155823046614799,0.7373969084907055,0.7155823046614799,-0.467368333123023,-0.41407810632197795,50010.56697628252,49901.39807903756,-109.16889724496286,50001.49553758637,49927.75053541088,-73.74500217549212,-2.138234923136535
UAV_0040,telemetry_16,188,-0.5609471421053777,-0.5799832064898793,0.5609471421053777,0.5799832064898793,-0.02272236568102844,-0.011046992034003226,-698.0678180856652,-699.8021254719972,-1.7343073863320342,-696.4247900354562,-699.9390444761815,-3.514254440725267,-1.5943453280301683
UAV_0040,telemetry_17,188,,,,,0.0,0.0,40.41581228213973,40.41581228213973,0.0,40.41581228213975,40.41581228213974,-7.105427357601002e-15,-0.5649005469871207
UAV_0040,telemetry_18,188,-0.05653057072704356,-0.07443106191541736,0.05653057072704356,0.07443106191541736,-4.994376403453061e-06,-4.620929977319802e-06,-103.32247547744096,-103.3177706263308,0.004704851110162167,-103.3273501810691,-103.32810225749199,-0.0007520764228985399,-0.15643894208258863
UAV_0040,telemetry_19,188,0.7746664334650708,0.7575757575757576,-0.7746664334650708,-0.7575757575757576,0.012528920435830994,0.012095837674435067,33505.15698788379,33508.478183242005,3.321195358214027,33505.18221393854,33507.04325674238,1.8610428038373357,2.1146487757245733
UAV_0040,telemetry_20,188,,,,,0.0,0.0,-164.8973841769026,-164.8973841769026,0.0,-164.89738417690265,-164.89738417690265,0.0,0.0
UAV_0040,telemetry_21,188,0.8023266498297302,0.796775215746445,-0.8023266498297302,-0.796775215746445,0.013788215376429977,0.013471823089967586,34961.497888093465,34965.765347130735,4.267459037269873,34961.83092028693,34963.89107292562,2.0601526386890328,2.2030449296075374
UAV_0040,telemetry_22,188,0.6184691045465073,0.6066933988661971,-0.6184691045465073,-0.6066933988661971,0.9180003673790589,1.0690544285924897,23053.090516586704,23281.519406641757,228.42889005505276,23042.957971668347,23185.158636107153,142.2006644388057,1.7605873472626765
UAV_0040,telemetry_23,188,0.5316062521675361,0.496824132618876,-0.5316062521675361,-0.496824132618876,0.09762479616329815,0.11079793944210675,-17374.7247165088,-17339.229945732935,35.49477077586562,-17374.1039546859,-17359.14500742394,14.95894726195911,1.496965416702153
UAV_0040,telemetry_24,188,0.18973055649287618,0.7203755776972297,-0.18973055649287618,-0.7203755776972297,0.12061587175717349,0.058206511020679266,-3644.458711058086,-3624.164158437506,20.294552620579907,-3651.753205521226,-3632.0986380909612,19.654567430264706,0.5681684406176387
UAV_0040,telemetry_25,188,-0.8493016983231847,-0.8521911842508167,0.8493016983231847,0.8521911842508167,-0.010521060800301211,-0.01012784140011315,-172.2607589305188,-174.75220791494675,-2.4914489844279615,-172.33431904174066,-173.9534410550483,-1.6191220133076456,-2.401943767979081
UAV_0040,telemetry_26,188,0.8095957791062962,0.7961447192600567,-0.8095957791062962,-0.7961447192600567,0.1353357315939829,0.12302166722468298,-7466.368640226905,-7438.237685654842,28.130954572063274,-7468.759469207049,-7447.710354031148,21.049115175900624,2.3140375451266175
UAV_0040,telemetry_27,188,,,,,0.0,0.0,969.0302044744708,969.0302044744708,0.0,969.0302044744705,969.0302044744705,0.0,0.0
UAV_0040,telemetry_28,188,-0.7692558019551311,-0.7452768341379103,0.7692558019551311,0.7452768341379103,-0.7682498274977847,-0.7423949866895665,-9824.975867314772,-9975.903183632598,-150.9273163178259,-9779.051316482897,-9895.374578814692,-116.32326233179447,-2.140502202521817
UAV_0041,telemetry_01,295,0.12033920470820822,0.09967793805566205,-0.12033920470820822,-0.09967793805566205,0.01600961455611562,0.011031751258253421,73.64593106368142,83.99303784555731,10.347106781875894,85.90848792938658,89.91727010162765,4.0087821722410695,0.3532421169671284
UAV_0041,telemetry_02,295,-0.004906811903483119,-0.012627258874232243,0.004906811903483119,0.012627258874232243,-0.0004309761366369362,0.0014763755936252677,13.78606458620624,5.101870384861158,-8.684194201345083,11.057205856046632,11.13123632403513,0.07403046798849822,0.009880762051809532
UAV_0041,telemetry_03,295,,,,,0.0,0.0,30377.82504938608,30377.82504938608,0.0,30377.82504938608,30377.825049386076,-3.637978807091713e-12,-0.36091745448223134
UAV_0041,telemetry_04,295,-0.02980298524470186,0.014538867164813025,0.02980298524470186,-0.014538867164813025,-2.400331066160043e-05,-4.369715171230143e-05,-125.9165251065062,-125.92790381796284,-0.011378711456643487,-125.8853333611049,-125.88961716132707,-0.004283800222168566,-0.06235217255242555
UAV_0041,telemetry_05,295,0.07139038951741686,0.07337870558209543,-0.07139038951741686,-0.07337870558209543,2.2612890783695506e-06,8.893149314817802e-07,-113.52766964599914,-113.5249271251314,0.002742520867741405,-113.52500622533827,-113.52446353662216,0.0005426887161092964,0.20084832649120887
UAV_0041,telemetry_06,295,-0.7304588918647165,-0.7066070827800927,0.7304588918647165,0.7066070827800927,-0.010703384191430987,-0.008520038919088204,-138.8175984833856,-143.89728319286104,-5.07968470947543,-139.05765361986246,-141.75353499734678,-2.6958813774843122,-2.156796667877838
UAV_0041,telemetry_07,295,0.7473215008440657,0.7536290390770851,-0.7473215008440657,-0.7536290390770851,0.00034534717100770883,0.0,140.5912754437698,140.7631728418209,0.17189739805110094,140.59127544376977,140.68013765801655,0.08886221424677387,2.254252005817606
UAV_0041,telemetry_08,295,,,,,0.0,0.0,-4680.605940223165,-4680.605940223165,0.0,-4680.605940223164,-4680.605940223164,0.0,
UAV_0041,telemetry_09,295,-0.11443465609178033,-0.11478867314218406,0.11443465609178033,0.11478867314218406,-0.013593128259281138,-0.01976891473958073,-159.7777677696441,-139.028462776281,20.749304993363097,-151.76319889590954,-154.67896261340314,-2.915763717493604,-0.28775590269908813
UAV_0041,telemetry_10,295,-0.12015358921984151,-0.07425981844868046,0.12015358921984151,0.07425981844868046,-0.004075462027761032,-0.0012219955072292894,-64.01316853549832,-61.88436492923013,2.1288036062681925,-62.54349076847811,-63.53370945385,-0.9902186853718931,-0.34223527730106995
UAV_0041,telemetry_11,295,-0.23624034366082527,-0.7028780673499699,0.23624034366082527,0.7028780673499699,-0.001958073494235374,-0.0018257869890132626,62.36040531814358,61.64032768626706,-0.7200776318765207,62.33620482839505,61.82480861492705,-0.5113962134679966,-0.7232964686196006
UAV_0041,telemetry_12,295,0.6749255628881954,0.645908915511576,-0.6749255628881954,-0.645908915511576,0.01735471765221037,0.01792174986922982,640.2576415625167,646.2505460910406,5.992904528523923,639.5082463446374,643.7698673426988,4.261620998061403,1.9428841625972788
UAV_0041,telemetry_13,295,0.6398723667672546,0.619873418904896,-0.6398723667672546,-0.619873418904896,0.03551453132864087,0.0319794737708029,7132.629846997074,7146.3313825430005,13.701535545926163,7130.833404350712,7139.616200611484,8.782796260771647,1.8550423775546308
UAV_0041,telemetry_14,295,,,,,0.0,0.0,-648.8153498138018,-648.8153498138018,0.0,-648.8153498138021,-648.8153498138021,0.0,
UAV_0041,telemetry_15,295,0.8339411335155947,0.8839544900709982,-0.8339411335155947,-0.8839544900709982,0.8156750059866227,0.6099447418348913,49998.84828109804,50356.63854828334,357.79026718530076,50008.315230570886,50213.15404995668,204.83881938579725,2.455072176098514
UAV_0041,telemetry_16,295,-0.71523899643082,-0.694996070610808,0.71523899643082,0.694996070610808,-0.02281236729616645,-0.02325331242160663,-692.8648959266694,-703.270740244661,-10.405844317991637,-693.5409818569345,-699.1848296226248,-5.643847765690225,-2.07438746773604
UAV_0041,telemetry_17,295,,,,,0.0,0.0,40.41581228213973,40.41581228213973,0.0,40.41581228213973,40.415812282139726,-7.105427357601002e-15,-0.4015876336953454
UAV_0041,telemetry_18,295,0.10974923164782356,0.00914066955229183,-0.10974923164782356,-0.00914066955229183,2.93715115464129e-05,-3.273918127755169e-06,-103.14937122374272,-103.15661563151276,-0.0072444077700453136,-103.15557617587618,-103.15206224447626,0.0035139313999223987,0.15392254289038243
UAV_0041,telemetry_19,295,0.8221630496995165,0.8582296409172925,-0.8221630496995165,-0.8582296409172925,0.01773075569876989,0.015336132680456294,33504.931176646714,33511.37888942275,6.4477127760328585,33504.18056397476,33508.57098696877,4.390422994008986,2.3865516192042953
UAV_0041,telemetry_20,295,,,,,0.0,0.0,-164.8973841769026,-164.8973841769026,0.0,-164.89738417690256,-164.89738417690256,0.0,
UAV_0041,telemetry_21,295,0.8135966883689589,0.8398509035387065,-0.8135966883689589,-0.8398509035387065,0.01820605956950306,0.01548986946374647,34960.0263504944,34967.97265352933,7.94630303492886,34960.812001924416,34965.426145243495,4.614143319078721,2.4172304265658333
UAV_0041,telemetry_22,295,0.6446427423692459,0.6246182517903135,-0.6446427423692459,-0.6246182517903135,0.691434607183408,0.6636108252496681,23060.520282781097,23265.20305735211,204.6827745710143,22977.096527166694,23154.62077785199,177.52425068529556,1.9402577755699473
UAV_0041,telemetry_23,295,-0.824258674280413,-0.8651668271522995,0.824258674280413,0.8651668271522995,-0.3137145854874751,-0.2480619319588898,-17373.408934037023,-17494.586508696673,-121.17757465965042,-17370.454270152506,-17450.096923830024,-79.64265367751796,-2.453060713599608
UAV_0041,telemetry_24,295,-0.3722008447369977,-0.8606144885805904,0.3722008447369977,0.8606144885805904,-0.23741458462838408,-0.17606955323168272,-3653.1819752137512,-3742.022173818898,-88.84019860514672,-3659.8951220548024,-3714.1360586012725,-54.24093654647004,-0.9968524922446994
UAV_0041,telemetry_25,295,-0.7870154726157566,-0.788419230313399,0.7870154726157566,0.788419230313399,-0.007324020840748299,-0.006244283674785111,-171.653088446512,-174.75220791494675,-3.0991194684347647,-171.53206932469703,-173.41996762500978,-1.8878983003127416,-2.37818729230359
UAV_0041,telemetry_26,295,-0.8511537099332859,-0.9477479706168942,0.8511537099332859,0.9477479706168942,-0.47046133667103274,-0.3753286825780867,-7482.586996689371,-7674.336768670383,-191.7497719810126,-7492.60457459734,-7610.5799208340595,-117.97534623671982,-2.5021254390906886
UAV_0041,telemetry_27,295,,,,,0.0,0.0,969.0302044744708,969.0302044744708,0.0,969.0302044744708,969.0302044744708,0.0,0.0
UAV_0041,telemetry_28,295,-0.7421267378361702,-0.7272668206082251,0.7421267378361702,0.7272668206082251,-0.5014195072640971,-0.43352466460596295,-9731.65275696475,-9893.603452255658,-161.9506952909087,-9709.328628059135,-9833.64897619475,-124.32034813561586,-2.1570133363841024
UAV_0042,telemetry_01,193,-0.024699261153492535,0.004323353453341167,0.024699261153492535,-0.004323353453341167,-0.005317707935879251,-0.02843232031613146,78.1131903599489,85.8536981807125,7.740507820763597,88.139799993293,86.95440598813285,-1.1853940051601484,-0.09856740235210862
UAV_0042,telemetry_02,193,0.0637346498338808,0.03131676993750333,-0.0637346498338808,-0.03131676993750333,0.008554175557168265,0.015828429995551688,12.369046076871486,10.466237118335734,-1.9028089585357524,9.873089962079046,10.663051295102207,0.789961333023161,0.10536936979991857
UAV_0042,telemetry_03,193,,,,,0.0,0.0,30377.82504938608,30377.82504938608,0.0,30377.825049386087,30377.825049386087,0.0,0.0
UAV_0042,telemetry_04,193,0.028135331723472445,0.034353785411450274,-0.028135331723472445,-0.034353785411450274,3.4663991375159926e-05,9.562617678982548e-05,-125.86674324388348,-125.87385493854389,-0.0071116946604092846,-125.89802666920491,-125.89103241641587,0.006994252789041866,0.10163093012627648
UAV_0042,telemetry_05,193,0.010960428803897993,0.0072094840019229734,-0.010960428803897993,-0.0072094840019229734,4.912310428823552e-07,6.0394594904020355e-06,-113.522222130431,-113.52669757891968,-0.004475448488676648,-113.52542173608316,-113.52534291264564,7.882343751930421e-05,0.03148532755120603
UAV_0042,telemetry_06,193,-0.79707537292243,-0.8149388031398007,0.79707537292243,0.8149388031398007,-0.024534966968007655,-0.024724116056050474,-137.66164459116527,-145.23358092092082,-7.571936329755545,-137.17642461973847,-140.9950190911,-3.8185944713615356,-2.220897710576151
UAV_0042,telemetry_07,193,0.6098624661615252,0.61763453449187,-0.6098624661615252,-0.61763453449187,0.00035408329749188507,0.0,140.5912754437698,140.7631728418209,0.17189739805110094,140.59127544376975,140.6573898276356,0.06611438386585178,2.0386070562769527
UAV_0042,telemetry_08,193,,,,,0.0,0.0,-4680.605940223165,-4680.605940223165,0.0,-4680.605940223167,-4680.605940223167,0.0,0.0
UAV_0042,telemetry_09,193,-0.03572029877387064,-0.07118843811762192,0.03572029877387064,0.07118843811762192,-0.0064398689975043765,-0.02119661884471006,-147.93697992902378,-157.33126817239668,-9.394288243372898,-150.13687342824588,-152.8226950790246,-2.6858216507787347,-0.2667020315778843
UAV_0042,telemetry_10,193,-0.012508932343346922,-0.03172740505314887,0.012508932343346922,0.03172740505314887,-0.0005197776893240104,-0.0008648424345356527,-61.684026942842536,-64.620757714974,-2.936730772131469,-62.40661688100447,-62.376639155891176,0.029977725113290887,0.01291553456219054
UAV_0042,telemetry_11,193,-0.3968168743995649,-0.8426650352569233,0.3968168743995649,0.8426650352569233,-0.005244106133708739,-0.004511402018396444,62.65367135664522,61.3935355008613,-1.260135855783922,62.69288323980709,61.88279162599692,-0.8100916138101653,-1.0973973299946709
UAV_0042,telemetry_12,193,0.8169291184042211,0.82228291374235,-0.8169291184042211,-0.82228291374235,0.04468184294340677,0.0454894869584743,636.2623718768341,646.9164243719879,10.654052495153792,635.651129762529,642.5728491239637,6.921719361434725,2.2655747150211116
UAV_0042,telemetry_13,193,0.4991403034925416,0.4196841114256717,-0.4991403034925416,-0.4196841114256717,0.04354506193990862,0.044486239732520486,7126.229041996134,7149.649337503243,23.420295507109586,7129.999975612135,7137.862399213786,7.862423601651244,1.6134342359752074
UAV_0042,telemetry_14,193,,,,,0.0,0.0,-648.8153498138018,-648.8153498138018,0.0,-648.8153498138018,-648.8153498138018,0.0,0.0
UAV_0042,telemetry_15,193,0.8842746605246029,0.9285147038162201,-0.8842746605246029,-0.9285147038162201,1.7166830975844043,1.5207671642421412,49916.01560934663,50308.715252713104,392.69964336647536,49903.89838363764,50175.237574944425,271.3391913067826,2.502192274898015
UAV_0042,telemetry_16,193,-0.7457142894737271,-0.7348967674090338,0.7457142894737271,0.7348967674090338,-0.040596443296519735,-0.035394028292488174,-691.1305885403375,-703.270740244661,-12.140151704323557,-691.4863439016364,-698.1567569259898,-6.670413024353479,-2.1935538897240026
UAV_0042,telemetry_17,193,,,,,0.0,0.0,40.41581228213973,40.41581228213973,0.0,40.41581228213973,40.41581228213974,7.105427357601002e-15,0.4588314677411235
UAV_0042,telemetry_18,193,-0.3477817049784322,-0.28267386891725865,0.3477817049784322,0.28267386891725865,-0.00022913917300058212,-6.411202684886093e-05,-102.90630174590204,-103.07735068852068,-0.1710489426186399,-102.9607256708928,-102.99638218563373,-0.03565651474093556,-0.9688518773249785
UAV_0042,telemetry_19,193,0.8468113942266471,0.9138984963410074,-0.8468113942266471,-0.9138984963410074,0.06449561712387596,0.06617850967916933,33500.43811689874,33511.04364056733,10.605523668593378,33498.03896524454,33507.659930123365,9.62096487882809,2.2614460067682365
UAV_0042,telemetry_20,193,,,,,0.0,0.0,-164.8973841769026,-164.8973841769026,0.0,-164.89738417690265,-164.89738417690265,0.0,0.0
UAV_0042,telemetry_21,193,0.8408613722102908,0.9229031130555987,-0.8408613722102908,-0.9229031130555987,0.06740502519862096,0.06647935834460567,34957.67189033591,34967.97265352933,10.300763193423336,34954.3024465514,34964.31267539832,10.010228846920654,2.2355646642688223
UAV_0042,telemetry_22,193,0.6996742140312889,0.677296193562827,-0.6996742140312889,-0.677296193562827,1.369735497468902,1.3382490263595441,22865.45249975577,23359.16774745766,493.7152477018899,22913.209946108367,23132.68501536504,219.47506925667403,2.007037356645151
UAV_0042,telemetry_23,193,-0.8678961437681262,-0.9204052267507076,0.8678961437681262,0.9204052267507076,-0.6493346943321346,-0.5699601670746044,-17344.1804310299,-17497.507741008063,-153.3273099781618,-17331.812185037434,-17436.53261661924,-104.72043158180531,-2.5057727242787102
UAV_0042,telemetry_24,193,-0.5505739955994066,-0.9252076545056354,0.5505739955994066,0.9252076545056354,-0.5359875770420022,-0.40752470373074845,-3630.464200248317,-3747.8301748140234,-117.36597456570644,-3615.506005688616,-3698.686094348162,-83.18008865954607,-1.5296478260330053
UAV_0042,telemetry_25,193,-0.6306335370160125,-0.5287257135086554,0.6306335370160125,0.5287257135086554,-0.009633868392078051,-0.007528171080256543,-170.89350034150343,-174.4787561971437,-3.58525585564027,-171.41703183541702,-173.09903257255894,-1.6820007371419194,-1.9711226071294676
UAV_0042,telemetry_26,193,-0.8752268065839038,-0.9348241047174001,0.8752268065839038,0.9348241047174001,-0.9536453502433148,-0.8269512776505064,-7430.630845898108,-7687.397569007412,-256.7667231093037,-7431.098223086839,-7583.8017590645,-152.70353597766098,-2.5089610106499074
UAV_0042,telemetry_27,193,,,,,0.0,0.0,969.0302044744708,969.0302044744708,0.0,969.0302044744705,969.0302044744705,0.0,0.0
UAV_0042,telemetry_28,193,-0.6087274151349129,-0.5415692938411409,0.6087274151349129,0.5415692938411409,-0.6229316136795505,-0.5248380245619014,-9735.996857625762,-9900.026122362538,-164.0292647367769,-9703.95276031497,-9816.899856478794,-112.94709616382352,-1.9759168418952229
UAV_0043,telemetry_01,321,-0.052767059411793917,-0.04104131595750857,0.052767059411793917,0.04104131595750857,-0.006399786153712123,-0.00018607463641694255,93.66630104519083,91.72254718500233,-1.943753860188508,87.40754741095998,84.33964144988497,-3.067905961075013,-0.27255217017265004
UAV_0043,telemetry_02,321,-0.022502359275307242,-0.0129081528995182,0.022502359275307242,0.0129081528995182,-0.0018128473053747845,0.014952655416567057,8.10870206573942,-3.644205473019843,-11.752907538759263,11.189201638772298,10.64806945104278,-0.5411321877295183,-0.07237363194590797
UAV_0043,telemetry_03,321,,,,,0.0,0.0,30377.82504938608,30377.82504938608,0.0,30377.825049386076,30377.825049386076,0.0,0.0
UAV_0043,telemetry_04,321,-0.10525916056362151,-0.09662329420204827,0.10525916056362151,0.09662329420204827,-6.522012894788753e-05,-5.999339157544544e-05,-125.90230171718544,-125.94781656301194,-0.04551484582650289,-125.89083213812278,-125.91068378546358,-0.019851647340800582,-0.34521127476419317
UAV_0043,telemetry_05,321,-0.013199972861835564,-0.014261043710454521,0.013199972861835564,0.014261043710454521,-3.740190025633263e-07,3.1739753984826346e-06,-113.52679856057031,-113.52407562043074,0.00272294013957719,-113.5261486199819,-113.52618660416334,-3.7984181446404364e-05,-0.014444160762734339
UAV_0043,telemetry_06,321,-0.7070257212296952,-0.6794433291279818,0.7070257212296952,0.6794433291279818,-0.010175812669598973,-0.01042247628541314,-137.54642491826786,-144.19910864034216,-6.6526837220743005,-139.03221920853676,-141.73772356119613,-2.705504352659375,-2.025463951419
UAV_0043,telemetry_07,321,0.7158030493111796,0.731360582308333,-0.7158030493111796,-0.731360582308333,0.0003156595316348056,0.0,140.5912754437698,140.7631728418209,0.17189739805110094,140.59127544376977,140.68515786885925,0.09388242508947542,2.293871611675385
UAV_0043,telemetry_08,321,,,,,0.0,0.0,-4680.605940223165,-4680.605940223165,0.0,-4680.605940223165,-4680.605940223165,0.0,0.0
UAV_0043,telemetry_09,321,-0.13562779771848854,-0.12481206826493299,0.13562779771848854,0.12481206826493299,-0.0141871663120762,-0.007325270781736594,-157.771525491376,-149.38099857265013,8.390526918725868,-149.73659108499055,-152.80168475121798,-3.065093666227426,-0.31572354583123957
UAV_0043,telemetry_10,321,0.048942270249324994,0.01753860219422999,-0.048942270249324994,-0.01753860219422999,0.00097572471899973,0.001167823840134648,-60.8879282978368,-63.94308155176528,-3.0551532539284807,-62.55541838119026,-62.192802250535465,0.3626161306547928,0.1959810560771231
UAV_0043,telemetry_11,321,-0.40021279779318586,-0.7729139394068673,0.40021279779318586,0.7729139394068673,-0.002282979017908035,-0.0017917781900071957,62.356131860387634,61.54203815788035,-0.8140937025072859,62.44275206300343,61.8230262109035,-0.6197258520999327,-1.1705738995683392
UAV_0043,telemetry_12,321,0.7025474271374357,0.6827440643124102,-0.7025474271374357,-0.6827440643124102,0.01765498356452895,0.016905265022373276,638.2600067196756,648.1150052776925,9.85499855801686,639.1225752005331,643.6505475109734,4.527972310440305,1.941432356361412
UAV_0043,telemetry_13,321,0.6225518294701731,0.6065953880536368,-0.6225518294701731,-0.6065953880536368,0.03180021738081576,0.03217020608410095,7128.003004285333,7144.980253640372,16.97724935503902,7129.155079249203,7137.84535973919,8.690280489987344,1.833113644414075
UAV_0043,telemetry_14,321,,,,,0.0,0.0,-648.8153498138018,-648.8153498138018,0.0,-648.8153498138018,-648.8153498138018,0.0,
UAV_0043,telemetry_15,321,0.8260496141782188,0.8604773039380124,-0.8260496141782188,-0.8604773039380124,0.7727935102785929,0.6855645006176562,49968.44135096144,50312.107506582295,343.66615562085644,49984.486000101075,50193.99444570908,209.5084456080076,2.4129836103467674
UAV_0043,telemetry_16,321,-0.7136441256051459,-0.6933734279578995,0.7136441256051459,0.6933734279578995,-0.021961987364504065,-0.017879457591050727,-692.8648959266694,-701.5364328583291,-8.671536931659716,-692.5713977535978,-698.6281327797109,-6.056735026113074,-2.1206002249759393
UAV_0043,telemetry_17,321,,,,,0.0,0.0,40.41581228213973,40.41581228213973,0.0,40.41581228213974,40.41581228213973,-7.105427357601002e-15,-0.6680599109588933
UAV_0043,telemetry_18,321,0.13716037272468565,0.1584231874383236,-0.13716037272468565,-0.1584231874383236,5.1130362916306084e-05,1.2915191368311642e-05,-103.32353461106732,-103.32013245064512,0.003402160422197653,-103.27297769808987,-103.26037893649122,0.012598761598653141,0.36415628536932837
UAV_0043,telemetry_19,321,0.8218009067862698,0.8629614848783888,-0.8218009067862698,-0.8629614848783888,0.017518183536172068,0.015093409621426631,33504.53162042506,33511.80120063865,7.2695802135858685,33503.760295902655,33508.4875075143,4.727211611643725,2.389421453853968
UAV_0043,telemetry_20,321,,,,,0.0,0.0,-164.8973841769026,-164.8973841769026,0.0,-164.8973841769026,-164.8973841769026,0.0,0.0
UAV_0043,telemetry_21,321,0.8256016403896297,0.8744708298376107,-0.8256016403896297,-0.8744708298376107,0.017863599008202277,0.01358342399130029,34960.17350425431,34968.26696104914,8.09345679483522,34960.42026979016,34965.246913115065,4.826643324908218,2.4035710455044264
UAV_0043,telemetry_22,321,0.6693730090441874,0.6309002559799881,-0.6693730090441874,-0.6309002559799881,0.662992756397531,0.5831152082916036,23059.93755602075,23232.86172215299,172.9241661322376,22973.606586475715,23152.03303797966,178.42645150394674,1.9410146905174788
UAV_0043,telemetry_23,321,-0.8325439518344961,-0.8520429413130552,0.8325439518344961,0.8520429413130552,-0.30670178235614076,-0.28277231891590304,-17375.629677495654,-17503.435450127206,-127.80577263155283,-17359.66296381242,-17441.685766553703,-82.02280274128134,-2.3990298208861947
UAV_0043,telemetry_24,321,-0.5285997019205463,-0.9113553578684624,0.5285997019205463,0.9113553578684624,-0.25118582804425893,-0.1739692638069144,-3656.056820685872,-3744.027014193586,-87.97019350771416,-3645.388710701104,-3714.3798265787,-68.9911158775958,-1.5643543043135868
UAV_0043,telemetry_25,321,-0.8019211101997957,-0.7894192664410158,0.8019211101997957,0.7894192664410158,-0.0071462989861337195,-0.007281658278440805,-171.5923213981113,-174.38760562454266,-2.795284226431363,-171.27633274642776,-173.15683917501195,-1.880506428584198,-2.2737120184559574
UAV_0043,telemetry_26,321,-0.8505745139166109,-0.9437478203860851,0.8505745139166109,0.9437478203860851,-0.4535267474431455,-0.3632988477475096,-7485.026926422663,-7676.633173125245,-191.6062467025822,-7481.361511619709,-7603.713499358538,-122.35198773882894,-2.472467892768148
UAV_0043,telemetry_27,321,,,,,0.0,0.0,969.0302044744708,969.0302044744708,0.0,969.030204474471,969.030204474471,0.0,0.0
UAV_0043,telemetry_28,321,-0.7311311876678255,-0.7145991757125445,0.7311311876678255,0.7145991757125445,-0.4587249324030577,-0.4195636698526194,-9705.107801852004,-9886.797634446362,-181.68983259435845,-9696.419872810193,-9820.442486365502,-124.02261355530936,-2.1298745030843107
UAV_0044,telemetry_01,180,0.009472868953895213,0.010115538545428356,-0.009472868953895213,-0.010115538545428356,0.002152247945064091,-0.014168872303649913,83.48136484439601,77.01300127638294,-6.468363568013075,89.47888450114354,88.23631795236159,-1.2425665487819515,-0.10496003536399723
UAV_0044,telemetry_02,180,-0.08716371113684994,-0.10056483224790887,0.08716371113684994,0.10056483224790887,-0.012231941679237327,-0.011543304710778782,15.40269187408876,6.320031960817256,-9.082659913271502,11.691342091073867,11.34417126980817,-0.3471708212656974,-0.047478677229189595
UAV_0044,telemetry_03,180,,,,,0.0,0.0,30377.82504938608,30377.82504938608,0.0,30377.825049386083,30377.825049386083,0.0,0.0
UAV_0044,telemetry_04,180,-0.00435746762323299,0.05797684618239799,0.00435746762323299,-0.05797684618239799,-7.5777470638785125e-06,7.815049077349417e-05,-125.86816558281556,-125.858209210291,0.009956372524570156,-125.90226220777065,-125.9076501841376,-0.0053879763669471,-0.059461358761975926
UAV_0044,telemetry_05,180,-0.03753639160517637,-0.0388365896066751,0.03753639160517637,0.0388365896066751,-1.8688353252696823e-06,-1.5183211051551304e-06,-113.5275430500328,-113.52757466481611,-3.161478331037415e-05,-113.52497684759531,-113.52501809624376,-4.1248648443570346e-05,-0.015900335667067902
UAV_0044,telemetry_06,180,0.6728619407451614,0.67678600364948,-0.6728619407451614,-0.67678600364948,0.014478885469916384,0.011138747552633093,-136.5946102291157,-133.9846341604404,2.60997606867528,-137.08248483440335,-134.86290585789422,2.2195789765091263,1.9795957681361733
UAV_0044,telemetry_07,180,,,,,0.0,0.0,140.5912754437698,140.5912754437698,0.0,140.59127544376977,140.59127544376977,0.0,0.0
UAV_0044,telemetry_08,180,,,,,0.0,0.0,-4680.605940223165,-4680.605940223165,0.0,-4680.605940223166,-4680.605940223166,0.0,0.0
UAV_0044,telemetry_09,180,-0.0036000650268663823,0.007222445137195593,0.0036000650268663823,-0.007222445137195593,-0.0006706244380822547,-0.011198913883148472,-138.76722528772825,-149.07543052844906,-10.30820524072081,-150.3659151316028,-152.5978035942318,-2.2318884626290014,-0.22994212479775178
UAV_0044,telemetry_10,180,-0.1552243548394621,-0.1461752934761361,0.1552243548394621,0.1461752934761361,-0.01022201357187605,-0.004026982464580069,-61.002376166379086,-62.99634433031611,-1.9939681639370264,-62.55665652362447,-63.51406769854733,-0.9574111749228607,-0.27902106081235295
UAV_0044,telemetry_11,180,0.26770689365814,0.699687386030974,-0.26770689365814,-0.699687386030974,0.004863768693115683,0.002471669745436245,62.49395087301682,63.06178657233784,0.5678356993210159,62.64445671335896,63.33947836372416,0.6950216503651987,0.7341757882450307
UAV_0044,telemetry_12,180,-0.6079742226418309,-0.5894591557626114,0.6079742226418309,0.5894591557626114,-0.021390835384462344,-0.018613620783686086,633.9983857216141,631.8675752225834,-2.1308104990307584,634.9824058479026,631.8490786036681,-3.133327244234465,-1.7091424405189606
UAV_0044,telemetry_13,180,0.606517238109048,0.6038190479130013,-0.606517238109048,-0.6038190479130013,0.05166019268888743,0.049190894720019016,7134.315096149527,7153.388147725826,19.073051576298894,7137.124403116123,7144.874702600232,7.750299484108837,1.7463074012391582
UAV_0044,telemetry_14,180,,,,,0.0,0.0,-648.8153498138018,-648.8153498138018,0.0,-648.8153498138018,-648.8153498138018,0.0,
UAV_0044,telemetry_15,180,-0.7892582438867574,-0.7831709816562172,0.7892582438867574,0.7831709816562172,-0.5539118080749048,-0.5736754144368248,49993.7290616227,49865.13180130872,-128.5972603139744,49994.20706103155,49916.3805336265,-77.82652740505,-2.1282431258555143
UAV_0044,telemetry_16,180,-0.5972075779912548,-0.592701712827281,0.5972075779912548,0.592701712827281,-0.023406735078143052,-0.023596018861659556,-698.0678180856652,-701.5364328583291,-3.4686147726639547,-696.7189123407404,-700.2357023185801,-3.5167899778397214,-1.7220509086205216
UAV_0044,telemetry_17,180,,,,,0.0,0.0,40.41581228213973,40.41581228213973,0.0,40.41581228213974,40.41581228213973,-7.105427357601002e-15,-0.32739216353253625
UAV_0044,telemetry_18,180,0.054326175746107055,0.07349815323518216,-0.054326175746107055,-0.07349815323518216,5.67411059267786e-06,1.1063847957853784e-05,-103.33048260522722,-103.32666794514644,0.0038146600807777986,-103.32935051178589,-103.32755049700603,0.0018000147798602484,0.330752010008179
UAV_0044,telemetry_19,180,0.7815099666831198,0.7738140066051421,-0.7815099666831198,-0.7738140066051421,0.013536834555168764,0.01328227260473101,33504.85924610115,33508.81347605572,3.954229954571929,33505.453887318195,33507.365159062414,1.9112717442185385,2.1176536069695646
UAV_0044,telemetry_20,180,,,,,0.0,0.0,-164.8973841769026,-164.8973841769026,0.0,-164.89738417690262,-164.89738417690262,0.0,0.0
UAV_0044,telemetry_21,180,0.801240191933924,0.7976218554526657,-0.801240191933924,-0.7976218554526657,0.013844840768865063,0.012795979122220951,34961.35073433356,34965.61819337083,4.267459037269873,34962.025189066466,34964.073078891815,2.047889825349557,2.274554945610298
UAV_0044,telemetry_22,180,0.5922966475058712,0.6057480553674758,-0.5922966475058712,-0.6057480553674758,0.8173822420418121,0.7832755804630359,23125.93136162977,23182.45585738319,56.524495753419615,23062.86332996332,23183.03858414353,120.1752541802125,1.6712607301586528
UAV_0044,telemetry_23,180,0.5859310074346539,0.5734909513668116,-0.5859310074346539,-0.5734909513668116,0.11274676532571379,0.11212349021951087,-17393.02506421475,-17348.934791323096,44.09027289165533,-17373.01389509099,-17356.637855821704,16.376039269285684,1.6333014387771148
UAV_0044,telemetry_24,180,0.16892703347885757,0.7158081010730784,-0.16892703347885757,-0.7158081010730784,0.20779696609178985,0.06892532128400754,-3637.472688803829,-3619.88150633956,17.591182464268968,-3640.2217696614052,-3603.829801724522,36.39196793688325,0.5677806364665311
UAV_0044,telemetry_25,180,-0.8232186936287311,-0.8257166413144724,0.8232186936287311,0.8257166413144724,-0.009851317788195407,-0.009892310204762167,-172.62536122092288,-174.50913972134404,-1.8837785004211582,-172.56206221217218,-174.0550748319056,-1.4930126197334346,-2.394415176460871
UAV_0044,telemetry_26,180,0.8020568825467828,0.8085009856333193,-0.8020568825467828,-0.8085009856333193,0.13289403883738368,0.13482588910371712,-7471.822600807203,-7442.25639345085,29.566207356353516,-7466.296877587691,-7446.574112243585,19.722765344105937,2.284454750381114
UAV_0044,telemetry_27,180,,,,,0.0,0.0,969.0302044744708,969.0302044744708,0.0,969.0302044744707,969.0302044744707,0.0,0.0
UAV_0044,telemetry_28,180,-0.760980309686923,-0.7463872341738942,0.760980309686923,0.7463872341738942,-0.7039588107815387,-0.645990471946614,-9844.905737025843,-9920.462813936138,-75.5570769102942,-9803.776006222704,-9907.294081555465,-103.51807533276042,-2.147620013223147
UAV_0045,telemetry_01,205,-0.03293814148351663,-0.030991349890654815,0.03293814148351663,0.030991349890654815,-0.006308771021763037,-0.010829248252571593,93.60763086292906,96.8828172175939,3.2751863546648394,86.87440181607313,85.46641283694379,-1.4079889791293425,-0.123917791176863
UAV_0045,telemetry_02,205,-0.09053686979909605,-0.10232201808026074,0.09053686979909605,0.10232201808026074,-0.011302538685299637,-0.006436371569867883,6.376426233077,1.3441680564447689,-5.032258176632231,13.168227978340228,10.699997407049892,-2.468230571290336,-0.33328462741190046
UAV_0045,telemetry_03,205,,,,,0.0,0.0,30377.82504938608,30377.82504938608,0.0,30377.825049386083,30377.825049386083,0.0,0.0
UAV_0045,telemetry_04,205,-0.003331046461243548,0.04668125630846455,0.003331046461243548,-0.04668125630846455,-3.272012239290744e-06,-6.203407570604886e-05,-125.84967517669854,-125.95208357980816,-0.10240840310962085,-125.88955167154295,-125.90080999586644,-0.011258324323492275,-0.19320555476002857
UAV_0045,telemetry_05,205,0.13602456679044098,0.1273934058586731,-0.13602456679044098,-0.1273934058586731,5.9099161059652265e-06,2.308809497744163e-07,-113.5267519723207,-113.525842158501,0.0009098138196890204,-113.52623304050383,-113.52549868432827,0.0007343561755561723,0.28491995642931733
UAV_0045,telemetry_06,205,-0.7112147434622447,-0.6706499997240153,0.7112147434622447,0.6706499997240153,-0.017624093186204625,-0.0157141967959466,-137.84449320250235,-143.81212082593692,-5.967627623434566,-138.33243568788484,-141.37421061554133,-3.0417749276564905,-2.0691936104127793
UAV_0045,telemetry_07,205,0.6603194474609666,0.6718522941793212,-0.6603194474609666,-0.6718522941793212,0.00040297992912761055,0.0,140.5912754437698,140.7631728418209,0.17189739805110094,140.59127544376977,140.67303152333068,0.08175607956090403,2.2582437238539
UAV_0045,telemetry_08,205,,,,,0.0,0.0,-4680.605940223165,-4680.605940223165,0.0,-4680.605940223166,-4680.605940223166,0.0,0.0
UAV_0045,telemetry_09,205,0.10171022166977459,0.08793999247816578,-0.10171022166977459,-0.08793999247816578,0.01614790635383341,0.018477926868846035,-156.03262340419118,-156.43640725830113,-0.4037838541099461,-152.18148656305812,-149.46395573505436,2.71753082800376,0.28853794904424723
UAV_0045,telemetry_10,205,0.007209261255805496,0.05772450585728015,-0.007209261255805496,-0.05772450585728015,0.0002493761006329474,0.0032758153095558216,-63.3219804211703,-63.364240385609925,-0.04225996443962288,-62.23628375289839,-62.463046105951335,-0.22676235305294767,-0.11050628309742422
UAV_0045,telemetry_11,205,-0.2204571465862415,-0.7234695604597151,0.2204571465862415,0.7234695604597151,-0.0023175665393612107,-0.0033840912185773937,62.57033893040432,61.538298882343895,-1.0320400480604235,62.298217512944795,61.854117833575835,-0.44409967936896066,-0.7121188993617796
UAV_0045,telemetry_12,205,0.7391297822861632,0.7190553482292747,-0.7391297822861632,-0.7190553482292747,0.03346281604755067,0.033293914047354954,638.126831063486,644.7856138729571,6.658782809471177,637.7890196429081,643.7007195030237,5.911699860115618,2.201155249758321
UAV_0045,telemetry_13,205,0.6023476265196535,0.5820102798400913,-0.6023476265196535,-0.5820102798400913,0.05169491526466902,0.044450429535281555,7129.465790143396,7147.888219257448,18.422429114052647,7128.822719003747,7138.015373190873,9.192654187126209,1.8055951556639127
UAV_0045,telemetry_14,205,,,,,0.0,0.0,-648.8153498138018,-648.8153498138018,0.0,-648.8153498138018,-648.8153498138018,0.0,0.0
UAV_0045,telemetry_15,205,0.8307218071610397,0.8688917637526296,-0.8307218071610397,-0.8688917637526296,1.3193546671687508,1.1341573428877365,49940.93325594943,50342.02101797428,401.08776202485024,49964.372150643845,50194.05105463259,229.67890398874442,2.437784115610196
UAV_0045,telemetry_16,205,-0.715442304701788,-0.7034315421721371,0.715442304701788,0.7034315421721371,-0.036951659374201834,-0.03434272052142417,-694.5992033130013,-703.270740244661,-8.671536931659716,-692.1457928640441,-698.7869211482907,-6.6411282842466335,-2.167517550365851
UAV_0045,telemetry_17,205,,,,,0.0,0.0,40.41581228213973,40.41581228213973,0.0,40.41581228213973,40.41581228213973,0.0,0.0
UAV_0045,telemetry_18,205,-0.33814812941550904,-0.2499895530080372,0.33814812941550904,0.2499895530080372,-0.0002529426889870499,-8.183030812496542e-05,-103.07670091509546,-103.15633387429769,-0.0796329592022289,-103.09688533785689,-103.14181501950635,-0.04492968164946376,-1.0125075769438692
UAV_0045,telemetry_19,205,0.8209769544271668,0.8734047443272833,-0.8209769544271668,-0.8734047443272833,0.028235731919938816,0.023569023442628234,33503.60226626423,33511.30367368757,7.70140742334479,33503.17751209879,33508.06462708998,4.887114991193812,2.3953256027547654
UAV_0045,telemetry_20,205,,,,,0.0,0.0,-164.8973841769026,-164.8973841769026,0.0,-164.89738417690262,-164.89738417690262,0.0,
UAV_0045,telemetry_21,205,0.8246720608851322,0.8830547163013727,-0.8246720608851322,-0.8830547163013727,0.02998234029715689,0.024525626651059913,34959.14342793496,34968.56126856895,9.417840633985179,34959.55617628592,34964.81782048158,5.2616441956561175,2.4395926224134943
UAV_0045,telemetry_22,205,0.6639300584625456,0.612204119114275,-0.6639300584625456,-0.612204119114275,1.1567711833598036,1.194154987989592,23036.191440536717,23346.639122110257,310.44768157353974,22948.299189659385,23151.169826134203,202.87063647481773,1.962791388629412
UAV_0045,telemetry_23,205,-0.8322444078357871,-0.8884442339569026,0.8322444078357871,0.8884442339569026,-0.5130590551308363,-0.41750530693734617,-17357.14411850819,-17494.89944231209,-137.75532380389996,-17352.156725943296,-17442.042357254875,-89.88563131157935,-2.4578415627914603
UAV_0045,telemetry_24,205,-0.44674764177386145,-0.8852377038904597,0.44674764177386145,0.8852377038904597,-0.3245429317014691,-0.2903646551692728,-3635.362565083834,-3749.049042350213,-113.68647726637892,-3647.1680067275456,-3706.7202974003003,-59.55229067275468,-1.381874705194176
UAV_0045,telemetry_25,205,-0.7748550772299923,-0.7911898498814943,0.7748550772299923,0.7911898498814943,-0.011378998227701099,-0.010127841400114725,-170.9238838657038,-174.56990676974473,-3.646022904040933,-171.17213949026754,-173.13150627040662,-1.959366780139078,-2.249118180768958
UAV_0045,telemetry_26,205,-0.8484494160625264,-0.9487595409564317,0.8484494160625264,0.9487595409564317,-0.7745600917952439,-0.6119088715183756,-7455.173668509451,-7684.527063438835,-229.3533949293842,-7462.230911468298,-7596.700094889987,-134.4691834216892,-2.4829826690353394
UAV_0045,telemetry_27,205,,,,,0.0,0.0,969.0302044744708,969.0302044744708,0.0,969.0302044744708,969.0302044744708,0.0,0.0
UAV_0045,telemetry_28,205,-0.770234973629773,-0.7795350392110431,0.770234973629773,0.7795350392110431,-0.8142149945397755,-0.7352902582998126,-9681.694441601332,-9986.893999882055,-305.19955828072307,-9683.88437758008,-9825.512015486262,-141.62763790618192,-2.258459113962164
UAV_0046,telemetry_01,204,-0.06854053024290944,-0.08080513954951199,0.06854053024290944,0.08080513954951199,-0.01309615363437914,-0.007214627344821847,83.79596032453763,81.8991555320343,-1.8968047925033318,88.44164483938587,87.10347536952843,-1.3381694698574478,-0.1186351612002986
UAV_0046,telemetry_02,204,-0.08173904106618751,-0.061307079602236185,0.08173904106618751,0.061307079602236185,-0.010458137575025823,-0.014495443002356228,22.223252903060494,9.431876286186847,-12.791376616873647,13.796804447089468,12.733304336185126,-1.0635001109043412,-0.1408028145460211
UAV_0046,telemetry_03,204,,,,,0.0,0.0,30377.82504938608,30377.82504938608,0.0,30377.825049386083,30377.825049386083,0.0,0.0
UAV_0046,telemetry_04,204,0.04452573702989948,0.07566658673628464,-0.04452573702989948,-0.07566658673628464,5.323876203813669e-05,5.9576038602393255e-05,-125.87669961640802,-125.8852336500005,-0.008534033592482615,-125.8930044773367,-125.89750600022079,-0.004501522884083897,-0.0637736449867718
UAV_0046,telemetry_05,204,-0.0038069061609491243,-0.0012622710985150999,0.0038069061609491243,0.0012622710985150999,-1.611794586246304e-07,-6.311628595947949e-06,-113.52841052575796,-113.53024250927274,-0.0018319835147764252,-113.5267012723134,-113.5259485080085,0.0007527643049058952,0.301175822477263
UAV_0046,telemetry_06,204,-0.7249477317688794,-0.6946967576697439,0.7249477317688794,0.6946967576697439,-0.017973054282182477,-0.015865941834408773,-139.51267368401648,-144.69505418890043,-5.182380504883952,-138.672321504515,-141.7785791282177,-3.106257623702703,-2.1223689832676813
UAV_0046,telemetry_07,204,0.6699543185027617,0.6879296203944832,-0.6699543185027617,-0.6879296203944832,0.0004463542136529849,0.0,140.5912754437698,140.7631728418209,0.17189739805110094,140.59127544376977,140.68141676226003,0.09014131849025375,2.2918599051869784
UAV_0046,telemetry_08,204,,,,,0.0,0.0,-4680.605940223165,-4680.605940223165,0.0,-4680.605940223166,-4680.605940223166,0.0,0.0
UAV_0046,telemetry_09,204,0.12812917044616082,0.14419574389890522,-0.12812917044616082,-0.14419574389890522,0.020914723767127705,0.033961262621150276,-135.35815004926008,-153.7070910782594,-18.34894102899932,-153.97786454587273,-151.01062623540622,2.967238310466513,0.30792639514081005
UAV_0046,telemetry_10,204,-0.0031925482546789623,0.1318472553024574,0.0031925482546789623,-0.1318472553024574,-0.000134991696764298,0.001943810735945701,-62.94213573094393,-65.6384291615169,-2.6962934305729647,-62.589045501884144,-62.59705314903911,-0.008007647154968822,-0.003207996983138756
UAV_0046,telemetry_11,204,-0.23796604448181738,-0.6450522209218106,0.23796604448181738,0.6450522209218106,-0.002726763850734137,-0.0025046471160202408,62.24715868761107,61.55859780668463,-0.6885608809264383,62.40003903306303,61.74065371816101,-0.6593853149020177,-0.974777157297432
UAV_0046,telemetry_12,204,0.7229332714371206,0.6934043423769412,-0.7229332714371206,-0.6934043423769412,0.031408770377446785,0.03147408541214777,640.923519843464,644.1197355920099,3.19621574854591,638.1755538645309,643.7396977438597,5.564143879328753,2.1694229915957104
UAV_0046,telemetry_13,204,0.543455325947388,0.5057084902926688,-0.543455325947388,-0.5057084902926688,0.04409485291438569,0.04089160071517302,7128.340798838505,7144.20142223782,15.860623399315045,7129.725288329419,7137.236665311303,7.511376981884496,1.5681735293257433
UAV_0046,telemetry_14,204,,,,,0.0,0.0,-648.8153498138018,-648.8153498138018,0.0,-648.8153498138018,-648.8153498138018,0.0,
UAV_0046,telemetry_15,204,0.8184378186290955,0.8746109719838684,-0.8184378186290955,-0.8746109719838684,1.2303947962502566,1.0122790877442434,50003.22737245645,50359.599060751,356.37168829455186,49971.371776920285,50185.219159969165,213.84738304888015,2.4095933293811704
UAV_0046,telemetry_16,204,-0.713226799991444,-0.6948364562114646,0.713226799991444,0.6948364562114646,-0.03371389322363955,-0.029395040446303738,-692.8648959266694,-701.5364328583291,-8.671536931659716,-692.1034926838895,-698.3216191665919,-6.21812648270236,-2.228316659856331
UAV_0046,telemetry_17,204,,,,,0.0,0.0,40.41581228213973,40.41581228213973,0.0,40.41581228213973,40.41581228213973,0.0,0.0
UAV_0046,telemetry_18,204,0.014762612250480922,0.009624640436494193,-0.014762612250480922,-0.009624640436494193,4.751853836436582e-06,1.2238599244109419e-05,-103.24376653734224,-103.24196644930934,0.0018000880328941093,-103.2403565811999,-103.24313327563911,-0.002776694439205585,-0.14612577872546512
UAV_0046,telemetry_19,204,0.8156521296541233,0.8498985801217038,-0.8156521296541233,-0.8498985801217038,0.027971618498443707,0.02479617057016344,33503.6338340458,33511.329127401244,7.695293355442118,33503.49107842901,33508.29700975235,4.805931323338882,2.3739061599294273
UAV_0046,telemetry_20,204,,,,,0.0,0.0,-164.8973841769026,-164.8973841769026,0.0,-164.89738417690262,-164.89738417690262,0.0,
UAV_0046,telemetry_21,204,0.8148707520094133,0.8705843189222973,-0.8148707520094133,-0.8705843189222973,0.029770319180586053,0.022639039985383882,34959.73204297459,34968.11980728923,8.387764314640663,34959.86125115402,34965.12648446578,5.265233311758493,2.4413017823274634
UAV_0046,telemetry_22,204,0.7002433872587709,0.6776634041429962,-0.7002433872587709,-0.6776634041429962,1.0931254254439235,1.0652462474962654,22935.08834761694,23217.565144693945,282.47679707700445,22950.608777429043,23134.466176741647,183.85739931260468,1.995072773313242
UAV_0046,telemetry_23,204,-0.8239024181672958,-0.866481967050908,0.8239024181672958,0.866481967050908,-0.49785327445597427,-0.4134663121436036,-17350.113588551496,-17507.633187837833,-157.51959928633732,-17355.29160007219,-17441.56437537113,-86.27277529894127,-2.4185038743150757
UAV_0046,telemetry_24,204,-0.43950320818678107,-0.900595797612569,0.43950320818678107,0.900595797612569,-0.34866095061810176,-0.2799001888656969,-3645.543132967558,-3747.778540311088,-102.23540734352991,-3644.1134844259636,-3714.8509029801153,-70.73741855415165,-1.5104507019667202
UAV_0046,telemetry_25,204,-0.7914791204131219,-0.8083331923376809,0.7914791204131219,0.8083331923376809,-0.012572342455807278,-0.011529747867603173,-171.3796367287089,-174.9952761085495,-3.6156393798405873,-171.07580148670547,-173.28342389140832,-2.207622404702846,-2.3542179247342783
UAV_0046,telemetry_26,204,-0.843260391648268,-0.9491694929706821,0.843260391648268,0.9491694929706821,-0.7571954302176714,-0.5519482990015763,-7460.340578532891,-7673.762667556668,-213.4220890237766,-7471.059466399948,-7601.639464837871,-130.57999843792277,-2.463366240956645
UAV_0046,telemetry_27,204,,,,,0.0,0.0,969.0302044744708,969.0302044744708,0.0,969.0302044744708,969.0302044744708,0.0,0.0
UAV_0046,telemetry_28,204,-0.7310517680387392,-0.7101229053438027,0.7310517680387392,0.7101229053438027,-0.7505337415504647,-0.639326196629266,-9677.834485475149,-9917.89656593406,-240.0620804589107,-9691.016608574037,-9820.172316833263,-129.15570825922623,-2.131032751713068
UAV_0047,telemetry_01,269,0.0802242632927501,0.08531259440098146,-0.0802242632927501,-0.08531259440098146,0.011739095287798236,0.02921668285249243,64.2583175345462,85.71206765937072,21.453750124824523,85.08512013257814,86.79478276441249,1.7096626318343482,0.15018070201916392
UAV_0047,telemetry_02,269,-0.014749664142854113,-0.020482469930397578,0.014749664142854113,0.020482469930397578,-0.001449614988900695,-0.0058757310464334495,7.090704483065875,12.147492117803967,5.056787634738092,10.870685331082164,11.757816672326673,0.8871313412445083,0.116024574379656
UAV_0047,telemetry_03,269,,,,,0.0,0.0,30377.82504938608,30377.82504938608,0.0,30377.825049386083,30377.825049386083,0.0,0.0
UAV_0047,telemetry_04,269,-0.1215494740711733,-0.026924576668488697,0.1215494740711733,0.026924576668488697,-9.46088332266288e-05,8.794274643767062e-05,-125.93928252941949,-125.92648147903076,0.012801050388731028,-125.89267058271383,-125.91025575544937,-0.017585172735536503,-0.29040269147093684
UAV_0047,telemetry_05,269,0.0399154583209418,0.03500527104255673,-0.0399154583209418,-0.03500527104255673,1.2713865469602886e-06,1.0693171222672733e-06,-113.52428491382275,-113.52322031146124,0.0010646023615095146,-113.52654455146863,-113.52625742626788,0.0002871252007565772,0.1158690433883292
UAV_0047,telemetry_06,269,0.7608868026194912,0.7476653634439281,-0.7608868026194912,-0.7476653634439281,0.01324926592088185,0.01219437957586613,-139.24215793025746,-135.45118021438412,3.790977715873339,-138.5944879251584,-135.52899060137503,3.065497323783376,2.2628813179240974
UAV_0047,telemetry_07,269,,,,,0.0,0.0,140.5912754437698,140.5912754437698,0.0,140.59127544376975,140.59127544376975,0.0,
UAV_0047,telemetry_08,269,,,,,0.0,0.0,-4680.605940223165,-4680.605940223165,0.0,-4680.605940223167,-4680.605940223167,0.0,0.0
UAV_0047,telemetry_09,269,0.07153095512988081,0.0785064762926384,-0.07153095512988081,-0.0785064762926384,0.008223749946456842,0.018209351856994408,-163.31201508718453,-152.18802449178216,11.123990595402375,-152.57212365336832,-151.92386646824343,0.6482571851248906,0.0724776440090052
UAV_0047,telemetry_10,269,-0.0053144952301024005,-0.07008328863735844,0.0053144952301024005,0.07008328863735844,-0.00014580287449492948,-0.0007775795013883911,-63.686584037647656,-63.18026086544097,0.5063231722066845,-62.483608646763486,-62.77447437039421,-0.2908657236307235,-0.1362765349066644
UAV_0047,telemetry_11,269,0.32929179468169945,0.7626224562205748,-0.32929179468169945,-0.7626224562205748,0.00250145699949709,0.0024170436161911313,62.443737744384485,63.10452114989729,0.6607834055128023,62.34740830072184,63.009018972052864,0.6616106713310259,1.1194970920134728
UAV_0047,telemetry_12,269,-0.799390120758675,-0.7894020218838375,0.799390120758675,0.7894020218838375,-0.025226173895804612,-0.025047211295675165,637.19460147016,628.6713594740372,-8.523241996122806,638.5534864064632,632.9847710050614,-5.568715401401846,-2.268271393047618
UAV_0047,telemetry_13,269,0.7305747214760858,0.722016928985802,-0.7305747214760858,-0.722016928985802,0.055517424888763704,0.057588887739579986,7124.702549839498,7163.701303549529,38.99875371003145,7130.841433642207,7143.26443861215,12.423004969942667,2.1013315800804047
UAV_0047,telemetry_14,269,,,,,0.0,0.0,-648.8153498138018,-648.8153498138018,0.0,-648.815349813802,-648.815349813802,0.0,0.0
UAV_0047,telemetry_15,269,0.8520004335978723,0.9136182414182242,-0.8520004335978723,-0.9136182414182242,1.1063456068641595,0.8747603199033888,50029.93366200846,50444.89882622546,414.96516421699926,50068.47514839299,50321.588684820745,253.11353642775794,2.505514801786055
UAV_0047,telemetry_16,269,-0.7737244716215438,-0.7703821430752544,0.7737244716215438,0.7703821430752544,-0.03101838489391693,-0.028431268628393073,-692.8648959266694,-703.270740244661,-10.405844317991637,-693.5072319956817,-700.50869514791,-7.001463152228325,-2.2448563784037807
UAV_0047,telemetry_17,269,,,,,0.0,0.0,40.41581228213973,40.41581228213973,0.0,40.415812282139726,40.41581228213972,-7.105427357601002e-15,-0.5713415628903543
UAV_0047,telemetry_18,269,-0.24003336666452812,-0.02158599813818146,0.24003336666452812,0.02158599813818146,-6.586183632523804e-05,-7.972949956265674e-06,-103.31885085742076,-103.33025993781956,-0.011409080398806282,-103.3149819061896,-103.32656909001615,-0.011587183826549108,-0.5428105488963534
UAV_0047,telemetry_19,269,0.7739186355178462,0.7781655538910157,-0.7739186355178462,-0.7781655538910157,0.008036852682215746,0.008196231688243207,33503.3830902491,33507.20509604068,3.822005791575066,33503.67737581902,33505.48845104552,1.8110752265056362,2.2417046236657643
UAV_0047,telemetry_20,269,,,,,0.0,0.0,-164.8973841769026,-164.8973841769026,0.0,-164.89738417690256,-164.89738417690256,0.0,0.0
UAV_0047,telemetry_21,269,0.7735654868267202,0.7710809341573801,-0.7735654868267202,-0.7710809341573801,0.008967917924619597,0.007357687995681772,34960.46781177412,34962.96942569252,2.5016139184008352,34960.33973350161,34962.32903432997,1.9893008283543168,2.205659783721455
UAV_0047,telemetry_22,269,0.7208860302520489,0.7120176429193426,-0.7208860302520489,-0.7120176429193426,0.8858158429181903,0.9708959389072058,22959.708553241497,23339.64640098612,379.93784774462256,22978.412463563105,23175.767988684605,197.35552512150025,2.06445326805811
UAV_0047,telemetry_23,269,-0.8615095883966323,-0.9163507123613654,0.8615095883966323,0.9163507123613654,-0.43847542508843945,-0.3518313909766654,-17397.94358023381,-17545.08268139892,-147.13910116511033,-17391.32771178738,-17490.92240139488,-99.59468960750019,-2.5152643823844576
UAV_0047,telemetry_24,269,0.2272050803020573,0.8031367326934102,-0.2272050803020573,-0.8031367326934102,0.10373683992764636,0.0599212586408918,-3646.310516086866,-3631.581788090639,14.728727996227008,-3655.0800819687743,-3629.5415457981953,25.538536170578936,0.7189747281222405
UAV_0047,telemetry_25,269,-0.8373195108392201,-0.8342644150948356,0.8373195108392201,0.8342644150948356,-0.009023217561967044,-0.0091026049960851,-171.6834719707123,-174.2660715277413,-2.582599557028999,-171.51636258761044,-173.50985936986615,-1.9934967822557041,-2.3778142317589945
UAV_0047,telemetry_26,269,0.8470406863887096,0.8612607451718358,-0.8470406863887096,-0.8612607451718358,0.11488977021569999,0.11368059592542756,-7481.869370297227,-7442.399918729279,39.469451567947544,-7482.46739229068,-7456.537158654524,25.930233636156117,2.457321279600782
UAV_0047,telemetry_27,269,,,,,0.0,0.0,969.0302044744708,969.0302044744708,0.0,969.0302044744706,969.0302044744706,0.0,0.0
UAV_0047,telemetry_28,269,-0.8423369425742447,-0.8524736910244315,0.8423369425742447,0.8524736910244315,-0.7347748614170716,-0.7099823358339916,-9728.87617167283,-9953.062619458302,-224.1864477854724,-9703.95004225085,-9870.622059676176,-166.67201742532598,-2.4559914564034337
UAV_0048,telemetry_01,174,0.06446986071523766,0.0660144081551297,-0.06446986071523766,-0.0660144081551297,0.013526148602054708,0.025250310677689645,75.33313697728093,99.87327354452192,24.540136567240992,86.99275148748909,87.24708534302206,0.2543338555329768,0.024064881474448817
UAV_0048,telemetry_02,174,0.00771986084999636,-0.009484324724508102,-0.00771986084999636,0.009484324724508102,0.001117304995831673,-0.01813795703360186,24.144971019240472,10.917905530878889,-13.227065488361584,12.220145257116895,11.38067327200616,-0.8394719851107357,-0.11514389427035676
UAV_0048,telemetry_03,174,,,,,0.0,0.0,30377.82504938608,30377.82504938608,0.0,30377.825049386087,30377.82504938608,-7.275957614183426e-12,-0.6915423503959495
UAV_0048,telemetry_04,174,0.14230273997659026,0.18897083752342358,-0.14230273997659026,-0.18897083752342358,0.0002035980650469022,0.00015976388822348852,-125.90230171718544,-125.8852336500005,0.017068067184936808,-125.91320770343658,-125.88498982046929,0.028217882967297214,0.3915263705736168
UAV_0048,telemetry_05,174,-0.017544427987754317,-0.012648423930066344,0.017544427987754317,0.012648423930066344,-9.088975106153221e-07,-5.7831283832445815e-06,-113.5267559014674,-113.52863137891622,-0.0018754774488201065,-113.52571043947019,-113.52562972757299,8.07118971977161e-05,0.03092849800530244
UAV_0048,telemetry_06,174,0.6198525305030427,0.5995158168222254,-0.6198525305030427,-0.5995158168222254,0.015083260359036397,0.012743696261667842,-137.2433470830378,-133.45988369365784,3.7834633893799605,-137.25948499374485,-135.2036726126975,2.0558123810473603,1.677156550036687
UAV_0048,telemetry_07,174,,,,,0.0,0.0,140.5912754437698,140.5912754437698,0.0,140.59127544376977,140.59127544376977,0.0,
UAV_0048,telemetry_08,174,,,,,0.0,0.0,-4680.605940223165,-4680.605940223165,0.0,-4680.605940223166,-4680.605940223166,0.0,0.0
UAV_0048,telemetry_09,174,0.006280647062683406,0.028860730658617845,-0.006280647062683406,-0.028860730658617845,0.0011716656144566398,0.00997918184984179,-173.74005774405182,-167.97551184812357,5.764545895928251,-152.86137882785937,-152.41699084527727,0.4443879825821,0.04728898418659534
UAV_0048,telemetry_10,174,-0.005397178384914834,0.0069990603377089325,0.005397178384914834,-0.0069990603377089325,-0.0002825573884400662,-0.00195816919764907,-61.3726734317995,-61.87757805401099,-0.504904622211491,-62.07281405161765,-62.32603560471881,-0.253221553101163,-0.09601912569429036
UAV_0048,telemetry_11,174,0.18419298108622154,0.5827040885846619,-0.18419298108622154,-0.5827040885846619,0.0023107767561567328,0.001748997646647684,62.73005941403272,63.014244354802976,0.2841849407702526,62.49066298451189,62.89863206015556,0.40796907564367046,0.6455640023893657
UAV_0048,telemetry_12,174,-0.6527036981631611,-0.6272153227732283,0.6527036981631611,0.6272153227732283,-0.027253702752950394,-0.021107385699878474,633.8652100654247,629.204062098795,-4.661147966629642,636.133001239393,632.0159709537659,-4.117030285627152,-1.9573639923216155
UAV_0048,telemetry_13,174,0.6852509341936637,0.6673139895782909,-0.6852509341936637,-0.6673139895782909,0.059942511177181655,0.06032065240204198,7134.653237944985,7147.245134364115,12.591896419129625,7134.527693873199,7143.182906366116,8.655212492917599,1.9642167605622294
UAV_0048,telemetry_14,174,,,,,0.0,0.0,-648.8153498138018,-648.8153498138018,0.0,-648.8153498138018,-648.8153498138018,0.0,0.0
UAV_0048,telemetry_15,174,0.8424422617206105,0.9493052443230697,-0.8424422617206105,-0.9493052443230697,2.644855275759795,2.0300422772359896,49985.957716395096,50629.9308554542,643.9731390591041,49993.36780861326,50385.967006021005,392.59919740774785,2.48247346243295
UAV_0048,telemetry_16,174,-0.6152066243731267,-0.5982990144175173,0.6152066243731267,0.5982990144175173,-0.030598162150723987,-0.024775819804741722,-696.3335106993333,-705.005047630993,-8.671536931659716,-695.7884426636289,-700.3471935077014,-4.558750844072506,-1.81956884717847
UAV_0048,telemetry_17,174,,,,,0.0,0.0,40.41581228213973,40.41581228213973,0.0,40.41581228213973,40.41581228213973,0.0,0.0
UAV_0048,telemetry_18,174,0.0824708181590845,0.11870383553062443,-0.0824708181590845,-0.11870383553062443,1.806605576704103e-05,1.8663263896730193e-05,-103.32674924529624,-103.32273715411056,0.0040120911856860175,-103.32856507096865,-103.3272307141639,0.0013343568047474719,0.12092216265676921
UAV_0048,telemetry_19,174,0.37700135948990554,0.35455565363478453,-0.37700135948990554,-0.35455565363478453,0.0038313381777967588,0.004054837026121364,33505.35220292061,33506.06564445292,0.7134415323162102,33505.036223243194,33505.619053677256,0.5828304340611794,1.138496304281989
UAV_0048,telemetry_20,174,,,,,0.0,0.0,-164.8973841769026,-164.8973841769026,0.0,-164.89738417690262,-164.89738417690262,0.0,0.0
UAV_0048,telemetry_21,174,0.49216252989211756,0.47445602958028726,-0.49216252989211756,-0.47445602958028726,0.005391880698387884,0.0047089203169744,34961.64504185337,34963.41088697224,1.7658451188690378,34961.50629687973,34962.28831400381,0.7820171240819036,1.4170380417134396
UAV_0048,telemetry_22,174,0.5711977693100543,0.5550643984123013,-0.5711977693100543,-0.5550643984123013,0.9424637566508766,0.9407832044229937,23057.46096728929,23274.96373058788,217.50276329858752,23046.797067574982,23188.85752707897,142.06045950398766,1.7091966556557676
UAV_0048,telemetry_23,174,-0.8353293436758512,-0.9290116461174861,0.8353293436758512,0.9290116461174861,-0.9689884476369098,-0.7251942768999269,-17373.822438687414,-17606.380553143234,-232.55811445582003,-17369.6278630471,-17514.34544771745,-144.71758467035033,-2.476608837945009
UAV_0048,telemetry_24,174,0.056553254308645204,0.610665451749765,-0.056553254308645204,-0.610665451749765,0.05013294389638898,0.053184990269100146,-3643.45240448343,-3629.657309241869,13.795095241561285,-3637.411321986513,-3634.8647297800735,2.546592206439527,0.0570283456681928
UAV_0048,telemetry_25,174,-0.7664821481012924,-0.7500332205944984,0.7664821481012924,0.7500332205944984,-0.008645604601951786,-0.008586648143574764,-172.01769073691605,-174.1749209551403,-2.1572302182242424,-172.30069156232497,-173.55162465868756,-1.250933096362587,-2.2015965304886165
UAV_0048,telemetry_26,174,0.7224409079096049,0.7061790590542708,-0.7224409079096049,-0.7061790590542708,0.09776850912070548,0.09552297613550582,-7472.6837524777775,-7442.974019842994,29.709732634783904,-7470.871233247332,-7455.891294901595,14.979938345737537,2.197406159477324
UAV_0048,telemetry_27,174,,,,,0.0,0.0,969.0302044744708,969.0302044744708,0.0,969.0302044744707,969.0302044744707,0.0,0.0
UAV_0048,telemetry_28,174,-0.737423006143809,-0.7254750989492865,0.737423006143809,0.7254750989492865,-0.713438738182492,-0.8144309651591917,-9719.161810757185,-9957.479199152303,-238.31738839511854,-9766.713570715061,-9871.442299799963,-104.72872908490172,-2.148932645580347
UAV_0049,telemetry_01,256,0.08387476944953241,0.050564345387960626,-0.08387476944953241,-0.050564345387960626,0.012745707828641881,0.01761765206837924,89.15822258493272,72.5900921039683,-16.568130480964413,82.55757621527745,86.18734544659407,3.629769231316615,0.32258968329613424
UAV_0049,telemetry_02,256,-0.022294065867403255,-0.01749756809338521,0.022294065867403255,0.01749756809338521,-0.002356233918561937,0.0009787208753573643,11.563761663409476,11.313183263569291,-0.25057839984018493,11.612443960045635,12.154153745455146,0.5417097854095108,0.06922160038737049
UAV_0049,telemetry_03,256,,,,,0.0,0.0,30377.82504938608,30377.82504938608,0.0,30377.825049386083,30377.825049386083,0.0,0.0
UAV_0049,telemetry_04,256,0.10182123841296757,0.11955346206708521,-0.10182123841296757,-0.11955346206708521,6.989249763460037e-05,5.4705343541691865e-05,-125.90799107291376,-125.87954429427218,0.028446778641580295,-125.89718676756428,-125.88509688664163,0.012089880922644625,0.2378668473480627
UAV_0049,telemetry_05,256,-0.07603981609265728,-0.08477125772487983,0.07603981609265728,0.08477125772487983,-2.6619272139319965e-06,-2.7426032045749384e-06,-113.52941724990802,-113.52940462912986,1.2620778164773583e-05,-113.5259166887375,-113.52622193593928,-0.0003052472017799346,-0.11776077407193851
UAV_0049,telemetry_06,256,-0.7374211263248275,-0.7223511988694417,0.7374211263248275,0.7223511988694417,-0.013145694975421368,-0.011795540870690208,-140.2803873740827,-143.0444071358707,-2.7640197617880062,-138.98806772351261,-141.7941628967872,-2.806095173274599,-2.12587879504145
UAV_0049,telemetry_07,256,0.7631206873520588,0.7772654510538317,-0.7631206873520588,-0.7772654510538317,0.00044321293890528876,0.0,140.5912754437698,140.7631728418209,0.17189739805110094,140.59127544376977,140.68548844077858,0.09421299700881036,2.1907644985894836
UAV_0049,telemetry_08,256,,,,,0.0,0.0,-4680.605940223165,-4680.605940223165,0.0,-4680.605940223166,-4680.605940223166,0.0,0.0
UAV_0049,telemetry_09,256,0.01873648529161921,-0.00838435568780041,-0.01873648529161921,0.00838435568780041,0.0025594673487322702,-0.006037216151835189,-150.06061977110576,-144.75579061941474,5.304829151691024,-153.04521069906917,-152.67470259092818,0.3705081081409958,0.03663028756025861
UAV_0049,telemetry_10,256,0.056545092204924,0.01391980430304417,-0.056545092204924,-0.01391980430304417,0.0015086845018469585,-0.0028325535213866485,-60.53613380308546,-64.20728738321598,-3.6711535801305217,-62.361337922331735,-62.46091099270476,-0.09957307037302598,-0.05040138435880385
UAV_0049,telemetry_11,256,-0.4293240496540062,-0.7698783361616057,0.4293240496540062,0.7698783361616057,-0.002706098414901843,-0.0022435513672670678,62.23647504322121,61.55913198890412,-0.6773430543170917,62.31883155963804,61.813269179827905,-0.5055623798101365,-1.0832294495178862
UAV_0049,telemetry_12,256,0.6908742811042662,0.6647952758019352,-0.6908742811042662,-0.6647952758019352,0.01990662095907601,0.020754647717830584,639.0590606568119,645.0519651853358,5.992904528523923,639.6071297034377,643.8585064202539,4.251376716816139,1.9926689194805711
UAV_0049,telemetry_13,256,0.5932759028055541,0.5844086175326161,-0.5932759028055541,-0.5844086175326161,0.03555460354640854,0.03145920037160138,7136.134549194448,7143.198219168546,7.0636699740980475,7130.750315368725,7138.183308457204,7.4329930884787245,1.6750534750554533
UAV_0049,telemetry_14,256,,,,,0.0,0.0,-648.8153498138018,-648.8153498138018,0.0,-648.8153498138018,-648.8153498138018,0.0,
UAV_0049,telemetry_15,256,0.8336054791103562,0.8817448261526754,-0.8336054791103562,-0.8817448261526754,0.9378188287768132,0.7705042322231339,50006.43459429641,50324.99807128523,318.5634769888202,50005.63160273367,50210.58304157054,204.95143883686978,2.460348698630854
UAV_0049,telemetry_16,256,-0.6862361303706423,-0.6722140171719724,0.6862361303706423,0.6722140171719724,-0.026037311802911297,-0.022970958759363187,-694.5992033130013,-703.270740244661,-8.671536931659716,-693.6986975547138,-699.3018444951706,-5.6031469404567815,-1.9944057912807465
UAV_0049,telemetry_17,256,,,,,0.0,0.0,40.41581228213973,40.41581228213973,0.0,40.41581228213973,40.41581228213973,0.0,0.0
UAV_0049,telemetry_18,256,0.10746930671707947,0.06172822728313115,-0.10746930671707947,-0.06172822728313115,6.166449465819387e-05,-2.5286819506809836e-06,-103.22335592405784,-103.23921012319306,-0.01585419913521946,-103.22140951663981,-103.21338005803055,0.008029458609257745,0.1889903428491941
UAV_0049,telemetry_19,256,0.8281192122173928,0.8613891908903638,-0.8281192122173928,-0.8613891908903638,0.0208636809583881,0.017983175487784296,33504.27266245997,33511.66079027715,7.388127817182976,33504.27746548614,33508.74532040522,4.4678549190794,2.394997520946045
UAV_0049,telemetry_20,256,,,,,0.0,0.0,-164.8973841769026,-164.8973841769026,0.0,-164.89738417690256,-164.89738417690256,0.0,0.0
UAV_0049,telemetry_21,256,0.8290748012445563,0.8547618887290676,-0.8290748012445563,-0.8547618887290676,0.02223852355227084,0.019434294442662498,34960.320658014214,34968.11980728923,7.799149275015225,34960.73099061395,34965.587064690844,4.856074076895311,2.4449903355522165
UAV_0049,telemetry_22,256,0.6546506181855117,0.6228067634372857,-0.6546506181855117,-0.6228067634372857,0.7868085124988972,0.7724034907415369,23026.285085610856,23308.47051930769,282.1854336968354,22990.752761084663,23158.589274347734,167.83651326307154,1.8859538437944863
UAV_0049,telemetry_23,256,-0.828680702301723,-0.8816269455252917,0.828680702301723,0.8816269455252917,-0.37396745903761336,-0.27117842449229435,-17380.75727125164,-17510.91368401037,-130.15641275872986,-17369.400290847767,-17452.380108286496,-82.97981743872879,-2.483304443607113
UAV_0049,telemetry_24,256,-0.5516619398132678,-0.9177836747539482,0.5516619398132678,0.9177836747539482,-0.2580541139082245,-0.2169901296037739,-3663.500402155239,-3743.060689969409,-79.5602878141699,-3655.6732896195917,-3713.491052454155,-57.81776283456338,-1.6692738778363667
UAV_0049,telemetry_25,256,-0.783746709766088,-0.7857152795044245,0.783746709766088,0.7857152795044245,-0.008352317968459939,-0.006881786194370464,-171.56193787391095,-174.56990676974473,-3.007968895833784,-171.54148742492993,-173.3802749375929,-1.8387875126629751,-2.330259760668804
UAV_0049,telemetry_26,256,-0.8593742452124818,-0.9411880202804688,0.8593742452124818,0.9411880202804688,-0.555490604946448,-0.4453851194040721,-7497.226575089118,-7681.513032591828,-184.2864575027097,-7494.027617441059,-7613.813262797518,-119.7856453564591,-2.5027327212394974
UAV_0049,telemetry_27,256,,,,,0.0,0.0,969.0302044744708,969.0302044744708,0.0,969.0302044744707,969.0302044744707,0.0,0.0
UAV_0049,telemetry_28,256,-0.765484086434086,-0.7466561284046691,0.765484086434086,0.7466561284046691,-0.5915937460827322,-0.6516147690743195,-9661.3688346882,-9925.567306805622,-264.19847211742126,-9705.708340020969,-9835.825130845664,-130.11679082469527,-2.273788231819842
UAV_0050,telemetry_01,161,0.07251701784506794,0.04185357717966414,-0.07251701784506794,-0.04185357717966414,0.016220867792229872,0.009973220797094225,103.3116806945445,96.63180158601288,-6.6798791085316225,87.05099239344715,86.78704747845629,-0.2639449149908586,-0.025310418652441935
UAV_0050,telemetry_02,161,-0.1735280998943829,-0.21303772716816197,0.1735280998943829,0.21303772716816197,-0.029572099149253683,-0.04433373361458303,2.0138633973945463,-3.5957140565947494,-5.609577453989296,12.364681169019622,8.115597292479205,-4.249083876540418,-0.5348144582993821
UAV_0050,telemetry_03,161,,,,,0.0,0.0,30377.82504938608,30377.82504938608,0.0,30377.82504938608,30377.82504938608,0.0,0.0
UAV_0050,telemetry_04,161,0.07088904391781163,0.0664443477488584,-0.07088904391781163,-0.0664443477488584,8.474703994827352e-05,4.444809162795771e-05,-125.90514639504958,-125.86105388815515,0.04409250689442956,-125.89398318949178,-125.88945756561696,0.004525623874812368,0.08119947392988958
UAV_0050,telemetry_05,161,0.13772885957667122,0.13743386243386246,-0.13772885957667122,-0.13743386243386246,7.605130451816481e-06,4.325952088398329e-06,-113.52943884268976,-113.52581740601836,0.0036214366713949175,-113.52583044659164,-113.52461293562418,0.0012175109674643636,0.4729457675859324
UAV_0050,telemetry_06,161,0.7572131502682867,0.7293125411593908,-0.7572131502682867,-0.7293125411593908,0.02143812974948642,0.020811773965950867,-137.83697887600908,-135.03037793075896,2.806600945250125,-138.463704066466,-135.52097236802652,2.9427316984394736,2.229472386423371
UAV_0050,telemetry_07,161,,,,,0.0,0.0,140.5912754437698,140.5912754437698,0.0,140.5912754437698,140.5912754437698,0.0,0.0
UAV_0050,telemetry_08,161,,,,,0.0,0.0,-4680.605940223165,-4680.605940223165,0.0,-4680.605940223165,-4680.605940223165,0.0,0.0
UAV_0050,telemetry_09,161,-0.219054436037709,-0.15301932367149762,0.219054436037709,0.15301932367149762,-0.04552624826797689,-0.02703460760663931,-146.44154401603365,-175.0915455108011,-28.65000149476745,-147.82361158754796,-153.0144833888262,-5.190871801278234,-0.5357358029675023
UAV_0050,telemetry_10,161,-0.043451640333968616,-0.014685415228893493,0.043451640333968616,0.014685415228893493,-0.0017119753438371954,0.00021844117176713905,-63.165033880857,-63.01820015783605,0.1468337230209542,-62.100345994858934,-62.0697524870493,0.03059350780963399,0.01665551721360124
UAV_0050,telemetry_11,161,0.24173426016709898,0.723006571384528,-0.24173426016709898,-0.723006571384528,0.0028918627024072116,0.003278593034109126,62.662752454376594,63.3395613264742,0.6768088720976024,62.472713082956986,62.90491506054675,0.432201977589763,0.7749389023736557
UAV_0050,telemetry_12,161,-0.712414579545469,-0.6975655493931456,0.712414579545469,0.6975655493931456,-0.03700434346079913,-0.033293914047362705,637.19460147016,628.6713594740372,-8.523241996122806,637.7232684689727,632.9491229758792,-4.774145493093556,-1.9714961044264068
UAV_0050,telemetry_13,161,0.7770679932483038,0.772124453646193,-0.7770679932483038,-0.772124453646193,0.08941334993682634,0.0792408193405951,7128.179267360672,7150.793521220347,22.614253859675046,7131.073239352065,7142.555044739044,11.481805386979431,2.140360925824575
UAV_0050,telemetry_14,161,,,,,0.0,0.0,-648.8153498138018,-648.8153498138018,0.0,-648.8153498138018,-648.8153498138018,0.0,
UAV_0050,telemetry_15,161,-0.8281642502178066,-0.8279098054842431,0.8281642502178066,0.8279098054842431,-0.9686026260143507,-0.9154595200692046,50027.589922971565,49891.65305883152,-135.93686414004333,50051.15066802669,49923.27297671526,-127.87769131142704,-2.345231947898658
UAV_0050,telemetry_16,161,-0.718041940583657,-0.7114177622213357,0.718041940583657,0.7114177622213357,-0.04081427320491312,-0.0408072326195746,-692.8648959266694,-703.270740244661,-10.405844317991637,-694.2313199280219,-699.6444611641488,-5.413141236126876,-2.0427126623980802
UAV_0050,telemetry_17,161,,,,,0.0,0.0,40.41581228213973,40.41581228213973,0.0,40.41581228213973,40.41581228213973,0.0,0.0
UAV_0050,telemetry_18,161,-0.07553585857841189,0.020669427191166326,0.07553585857841189,-0.020669427191166326,-1.7230352345004613e-05,1.2818257696494225e-05,-103.32279308169949,-103.33017016089909,-0.007377079199599734,-103.32638892852255,-103.32710949664714,-0.0007205681245920914,-0.0677570104245005
UAV_0050,telemetry_19,161,0.813131587554961,0.8076029445594665,-0.813131587554961,-0.8076029445594665,0.020971066076024756,0.019198888768704268,33503.586045171,33508.525916794555,4.9398716235518805,33504.00236665246,33506.844945243385,2.8425785909275874,2.364138863109362
UAV_0050,telemetry_20,161,,,,,0.0,0.0,-164.8973841769026,-164.8973841769026,0.0,-164.8973841769026,-164.8973841769026,0.0,0.0
UAV_0050,telemetry_21,161,0.8311870388418386,0.8341553742242362,-0.8311870388418386,-0.8341553742242362,0.022433162472431063,0.018987581923401223,34960.614965534034,34965.323885851016,4.708920316981676,34960.61050632918,34963.62046959999,3.00996327080793,2.3921567523703673
UAV_0050,telemetry_22,161,0.6248754983094611,0.590924971957125,-0.6248754983094611,-0.590924971957125,1.1533355823145222,1.0839100223415303,23030.80121800353,23273.652595377105,242.85137737357581,23003.13935527384,23163.181728325126,160.0423730512848,1.8599144356919963
UAV_0050,telemetry_23,161,0.733858265574721,0.7202553485162182,-0.733858265574721,-0.7202553485162182,0.2278907253925211,0.17761126730833696,-17380.338827623746,-17337.827287732838,42.51153989090744,-17387.301025748326,-17357.225203447826,30.075822300499567,2.0774148284272043
UAV_0050,telemetry_24,161,0.1070876496044607,0.7691195077064643,-0.1070876496044607,-0.7691195077064643,0.09033242144384433,0.09652540598522191,-3649.32708481566,-3630.731601899116,18.595482916543915,-3647.410991523067,-3633.8467943483574,13.564197174709534,0.34491335184739735
UAV_0050,telemetry_25,161,-0.8173171752059485,-0.8071391135409197,0.8173171752059485,0.8071391135409197,-0.015371305872403375,-0.01413536970913875,-172.0480742611164,-174.60029029394505,-2.552216032828653,-171.68899624783964,-173.7200888049897,-2.0310925571500604,-2.316486391027533
UAV_0050,telemetry_26,161,0.8423271571596177,0.846530173545458,-0.8423271571596177,-0.846530173545458,0.20246738265049777,0.1865828619576405,-7483.448148359945,-7441.108191223418,42.33995713652712,-7479.429440563935,-7452.542371738254,26.887068825681126,2.3993266110248657
UAV_0050,telemetry_27,161,,,,,0.0,0.0,969.0302044744708,969.0302044744708,0.0,969.0302044744708,969.0302044744708,0.0,0.0
UAV_0050,telemetry_28,161,-0.8140799057667485,-0.8089343225212792,0.8140799057667485,0.8089343225212792,-1.1392795899558954,-1.1512550897858058,-9670.112714961666,-10004.352637101596,-334.23992213993006,-9711.421214847529,-9867.604831502731,-156.18361665520206,-2.393824849649335
UAV_0051,telemetry_01,190,-0.01134490412207741,-0.054725819785064765,0.01134490412207741,0.054725819785064765,-0.002346596661845794,0.004104137532960791,81.42525240599919,84.39136562031757,2.9661132143183835,87.47942834733676,87.35301115290508,-0.12641719443168142,-0.011113879101589683
UAV_0051,telemetry_02,190,-0.05148514099558724,-0.04998797167438668,0.05148514099558724,0.04998797167438668,-0.006788012587304266,-0.01438150715146562,-11.22225170135404,21.240758734200423,32.463010435554466,11.668285694656612,11.540278813571533,-0.12800688108507963,-0.017655081324875782
UAV_0051,telemetry_03,190,,,,,0.0,0.0,30377.82504938608,30377.82504938608,0.0,30377.825049386083,30377.825049386083,0.0,0.0
UAV_0051,telemetry_04,190,0.0745153032879985,0.015298987074569743,-0.0745153032879985,-0.015298987074569743,8.617028119005999e-05,7.362087277576602e-05,-125.89234534466088,-125.9236368011666,-0.031291456505712745,-125.8871800085391,-125.87130453849736,0.01587547004174894,0.2496385750792548
UAV_0051,telemetry_05,190,0.086364599421547,0.08580701316992306,-0.086364599421547,-0.08580701316992306,4.147961605493832e-06,7.527974284189876e-06,-113.52226161916838,-113.52602726670712,-0.0037656475387422006,-113.5258385172142,-113.52563353965084,0.00020497756335657868,0.07760764416770975
UAV_0051,telemetry_06,190,0.659191660856034,0.6274924899445511,-0.659191660856034,-0.6274924899445511,0.014774716713131204,0.015451679374797911,-138.25903354738313,-134.32403124038814,3.9350023069949884,-138.1120427747509,-135.66299853180732,2.449044242943586,1.9869471328810193
UAV_0051,telemetry_07,190,,,,,0.0,0.0,140.5912754437698,140.5912754437698,0.0,140.59127544376975,140.59127544376975,0.0,0.0
UAV_0051,telemetry_08,190,,,,,0.0,0.0,-4680.605940223165,-4680.605940223165,0.0,-4680.605940223167,-4680.605940223167,0.0,0.0
UAV_0051,telemetry_09,190,0.034729493774843766,0.04464477074011382,-0.034729493774843766,-0.04464477074011382,0.005983615388405508,0.006357010194784116,-150.23475176877685,-155.516756356039,-5.282004587262151,-152.69181348499524,-151.67094019512516,1.0208732898700816,0.10774664662159585
UAV_0051,telemetry_10,190,-0.09521909775902682,-0.08306542971739997,0.09521909775902682,0.08306542971739997,-0.003915862161214078,-0.0011161362320470211,-63.0175578455908,-61.79348960671725,1.2240682388735493,-62.494624042171395,-63.35253166411503,-0.8579076219436317,-0.3793449710588447
UAV_0051,telemetry_11,190,0.27894419389730035,0.6675566232086961,-0.27894419389730035,-0.6675566232086961,0.003226812515357853,0.0021237063704842383,62.35452931372916,63.14672154523723,0.7921922315080678,62.532074614576445,63.093316238952916,0.5612416243764713,0.8822478431850865
UAV_0051,telemetry_12,190,-0.6969515538874252,-0.6723559486529566,0.6969515538874252,0.6723559486529566,-0.0279409839413943,-0.029594590264322405,635.862844908266,630.1362916921208,-5.726553216145135,637.4048788220381,632.9224666045051,-4.48241221753301,-2.0331519020179596
UAV_0051,telemetry_13,190,0.7110545086772259,0.7040926924641447,-0.7110545086772259,-0.7040926924641447,0.05962412740471904,0.05341128871690719,7131.503643971192,7139.517483858332,8.013839887139511,7132.511544648363,7141.848189935594,9.336645287230567,2.0247381080704288
UAV_0051,telemetry_14,190,,,,,0.0,0.0,-648.8153498138018,-648.8153498138018,0.0,-648.8153498138018,-648.8153498138018,0.0,0.0
UAV_0051,telemetry_15,190,0.8443189558842727,0.9348674823852583,-0.8443189558842727,-0.9348674823852583,2.2422528882594204,1.6873698748568806,49975.65760010136,50553.01920863812,577.3616085367612,49983.04102730278,50347.649887073974,364.60885977119324,2.4965846968809555
UAV_0051,telemetry_16,190,-0.6850145027885097,-0.6686017800415849,0.6850145027885097,0.6686017800415849,-0.0334455740850273,-0.03211680345059112,-694.5992033130013,-705.005047630993,-10.405844317991637,-694.4622843088173,-700.121603148427,-5.659318839609682,-2.1077660866309906
UAV_0051,telemetry_17,190,,,,,0.0,0.0,40.41581228213973,40.41581228213973,0.0,40.41581228213974,40.415812282139726,-1.4210854715202004e-14,-0.749164345144398
UAV_0051,telemetry_18,190,-0.04990954720850713,0.004941673555616791,0.04990954720850713,-0.004941673555616791,-7.976068409309584e-06,-5.739171343042772e-06,-103.32609045359423,-103.32559513856071,0.0004953150335182954,-103.3246663491546,-103.32754067176546,-0.0028743226108645104,-0.3270599830280524
UAV_0051,telemetry_19,190,0.5532534131944365,0.5408643773482572,-0.5532534131944365,-0.5408643773482572,0.005408399628909542,0.005375954413212576,33505.278668973115,33506.25047257464,0.9718036015256075,33504.58526114667,33505.47327313536,0.8880119886889588,1.6518526163946332
UAV_0051,telemetry_20,190,,,,,0.0,0.0,-164.8973841769026,-164.8973841769026,0.0,-164.89738417690265,-164.89738417690265,0.0,0.0
UAV_0051,telemetry_21,190,0.5263228844923065,0.5054083421680349,-0.5263228844923065,-0.5054083421680349,0.005217098226776255,0.006468297138741076,34960.46781177412,34962.5279644128,2.060152638681757,34961.164855899995,34962.0632683289,0.8984124289054307,1.648147705849368
UAV_0051,telemetry_22,190,0.6937032262344877,0.6981101457849156,-0.6937032262344877,-0.6981101457849156,1.047695572311586,1.0651892825114915,23014.92191378414,23223.538093987478,208.61618020333844,23002.289777762202,23163.363888524535,161.07411076233257,1.9393736343562638
UAV_0051,telemetry_23,190,-0.8233080230847828,-0.8986558892869173,0.8233080230847828,0.8986558892869173,-0.822640354521373,-0.6431330222804317,-17361.745415336034,-17584.81283089562,-223.06741555958433,-17366.05219099058,-17500.71986286774,-134.6676718771596,-2.4508279736715344
UAV_0051,telemetry_24,190,0.09315232611989334,0.6457863681892341,-0.09315232611989334,-0.6457863681892341,0.08343739184190374,0.05148831278408719,-3643.1031254427785,-3630.6845300085606,12.418595434217877,-3645.92694347996,-3636.821195769276,9.105747710683772,0.18486118658601103
UAV_0051,telemetry_25,190,-0.7564783152255818,-0.736486460354489,0.7564783152255818,0.736486460354489,-0.009021458883295128,-0.00856214821876669,-171.77462254331334,-174.32683857614197,-2.5522160328286247,-171.88336357729352,-173.35936320028904,-1.4759996229955163,-2.2506247718213994
UAV_0051,telemetry_26,190,0.7580454642851279,0.7571978166684926,-0.7580454642851279,-0.7571978166684926,0.11451336853913124,0.11003604679549425,-7475.123682211068,-7451.011435435013,24.112246776055144,-7475.871524451302,-7457.930864647689,17.940659803613016,2.15960643748802
UAV_0051,telemetry_27,190,,,,,0.0,0.0,969.0302044744708,969.0302044744708,0.0,969.0302044744705,969.0302044744705,0.0,0.0
UAV_0051,telemetry_28,190,-0.7558717446337077,-0.7445656024878953,0.7558717446337077,0.7445656024878953,-0.755900565825203,-0.7353015653401314,-9770.830321437525,-9979.120264865298,-208.28994342777332,-9741.31205587313,-9866.362443692737,-125.05038781960684,-2.273869951581037
UAV_0052,telemetry_01,222,-0.02021598786696665,-0.03018035384165693,0.02021598786696665,0.03018035384165693,-0.003447194083334175,0.014670697912704204,81.74063819917436,91.83714365672404,10.096505457549682,87.70276751286711,87.3319747948811,-0.37079271798600644,-0.03385494661404411
UAV_0052,telemetry_02,222,-0.11126516269085504,-0.08151761119315855,0.11126516269085504,0.08151761119315855,-0.013355526686404339,-0.004337084151607237,6.001959671067027,5.869667587097482,-0.13229208396954473,12.585749727457571,9.546957859295185,-3.0387918681623862,-0.39414937991392823
UAV_0052,telemetry_03,222,,,,,0.0,0.0,30377.82504938608,30377.82504938608,0.0,30377.825049386087,30377.825049386087,0.0,0.0
UAV_0052,telemetry_04,222,0.025249945429977022,0.04754005059896686,-0.025249945429977022,-0.04754005059896686,1.8300659641391813e-05,0.0,-125.87527727747594,-125.8980347003892,-0.02275742291325855,-125.8952216300569,-125.89051210781508,0.00470952224181076,0.10116545902277312
UAV_0052,telemetry_05,222,-0.20818844249341142,-0.20987281947450773,0.20818844249341142,0.20987281947450773,-8.203149852838454e-06,-7.249220559579585e-06,-113.52237690591744,-113.5285322698404,-0.0061553639229572354,-113.52472537150692,-113.52620741668305,-0.0014820451761323739,-0.585597369705422
UAV_0052,telemetry_06,222,0.7603781765297674,0.7594211911476604,-0.7603781765297674,-0.7594211911476604,0.016631045237226062,0.016255443318803842,-138.56211138261318,-134.7999385849642,3.7621727976489865,-138.4962636178607,-135.57071366730545,2.9255499505552507,2.0824727193038544
UAV_0052,telemetry_07,222,,,,,0.0,0.0,140.5912754437698,140.5912754437698,0.0,140.59127544376977,140.59127544376977,0.0,0.0
UAV_0052,telemetry_08,222,,,,,0.0,0.0,-4680.605940223165,-4680.605940223165,0.0,-4680.605940223167,-4680.605940223167,0.0,
UAV_0052,telemetry_09,222,-0.056115531556817456,-0.05856797283861384,0.056115531556817456,0.05856797283861384,-0.009178652238451985,-0.013269501438693881,-146.81258571057742,-158.20091149872056,-11.388325788143135,-153.43056498502548,-153.75642565423246,-0.32586066920697476,-0.03101685893742341
UAV_0052,telemetry_10,222,-0.08174575405309796,-0.09810904588008255,0.08174575405309796,0.09810904588008255,-0.0018707391668399927,-0.00171595305122023,-62.11208804372361,-61.74020361371972,0.37188443000388816,-62.346353480634725,-62.59887755953613,-0.25252407890140205,-0.17179735188178868
UAV_0052,telemetry_11,222,0.48681303060236425,0.7754779711759157,-0.48681303060236425,-0.7754779711759157,0.002644216938126053,0.0025456632675774178,62.29309835848747,63.17289647399239,0.8797981155049186,62.428234589303194,62.89753147520176,0.4692968858985651,1.3451616842752159
UAV_0052,telemetry_12,222,-0.7845574714230846,-0.7790609664146185,0.7845574714230846,0.7790609664146185,-0.029372290538764424,-0.02814332686334356,638.2600067196756,630.9353456292574,-7.3246610904182035,638.41389858905,632.9980885706801,-5.415810018369825,-2.2522265446217737
UAV_0052,telemetry_13,222,0.7558616221357867,0.7528252437247427,-0.7558616221357867,-0.7528252437247427,0.07189732383816586,0.0646294809965411,7131.185176476943,7154.693666100679,23.50848962373675,7130.318031014222,7143.524995138411,13.206964124189653,2.161694274049509
UAV_0052,telemetry_14,222,,,,,0.0,0.0,-648.8153498138018,-648.8153498138018,0.0,-648.8153498138018,-648.8153498138018,0.0,0.0
UAV_0052,telemetry_15,222,0.8271789600908689,0.8623251472693073,-0.8271789600908689,-0.8623251472693073,0.9280705106670245,0.8138978085922433,50009.33342942099,50281.700576445706,272.36714702471363,49998.59334807998,50173.06347495883,174.47012687884853,2.421036222554715
UAV_0052,telemetry_16,222,-0.7829626560002134,-0.7815738478348916,0.7829626560002134,0.7815738478348916,-0.0356910633508799,-0.03749853808285295,-691.1305885403375,-703.270740244661,-12.140151704323557,-693.2117574039357,-699.7250451437159,-6.513287739780139,-2.2245569592216237
UAV_0052,telemetry_17,222,,,,,0.0,0.0,40.41581228213973,40.41581228213973,0.0,40.41581228213974,40.41581228213974,0.0,0.0
UAV_0052,telemetry_18,222,-0.28287136997584555,-0.19911531359698076,0.28287136997584555,0.19911531359698076,-8.362553785938733e-05,-3.5054862064412144e-05,-103.32649858143402,-103.31875974354844,0.007738837885582939,-103.31133123853066,-103.3282159778277,-0.016884739297040596,-0.8892136759631732
UAV_0052,telemetry_19,222,0.7435420252982939,0.7305293037289872,-0.7435420252982939,-0.7305293037289872,0.009248249414913803,0.008349431533624557,33504.81721019946,33506.439332260066,1.6221220606093993,33504.164688917335,33505.811973760436,1.6472848431003513,2.0619417539383518
UAV_0052,telemetry_20,222,,,,,0.0,0.0,-164.8973841769026,-164.8973841769026,0.0,-164.89738417690265,-164.89738417690265,0.0,0.0
UAV_0052,telemetry_21,222,0.7811564258329742,0.772365702827129,-0.7811564258329742,-0.772365702827129,0.010087556721216976,0.009692762628519033,34961.20358057365,34963.705194492046,2.5016139183935593,34960.7228782913,34962.50180374438,1.7789254530798644,2.1447243042703135
UAV_0052,telemetry_22,222,0.6993427309886293,0.681667208218567,-0.6993427309886293,-0.681667208218567,1.0001945684763567,1.0946996513270573,22912.944730723848,23239.271716516778,326.3269857929299,22984.63630910068,23175.398388841233,190.76207974055433,2.0766309681302673
UAV_0052,telemetry_23,222,-0.8384102638109697,-0.861225103113787,0.8384102638109697,0.861225103113787,-0.401281688665547,-0.34695672491970275,-17373.343907330935,-17484.362670569597,-111.01876323866236,-17364.3641783036,-17438.88753223632,-74.52335393272006,-2.424160331884988
UAV_0052,telemetry_24,222,0.2799731713193095,0.7451739018607919,-0.2799731713193095,-0.7451739018607919,0.07825428117837463,0.07419674533361323,-3646.769290284208,-3628.0076183954666,18.761671888741603,-3648.4970712255454,-3634.4212979255108,14.075773300034598,0.7840473261437442
UAV_0052,telemetry_25,222,-0.8384634920828521,-0.8248128638708795,0.8384634920828521,0.8248128638708795,-0.010787330710427197,-0.01137094241533836,-171.3796367287089,-173.99261980993822,-2.6129830812293164,-171.5241272660172,-173.493654823626,-1.9695275576088136,-2.3833835109017545
UAV_0052,telemetry_26,222,0.8392004731524098,0.8412909125416165,-0.8392004731524098,-0.8412909125416165,0.14116429530838376,0.14463492162630603,-7479.860016399222,-7442.543444007708,37.316572391514455,-7480.421359710412,-7454.918512458909,25.502847251502317,2.360430564498618
UAV_0052,telemetry_27,222,,,,,0.0,0.0,969.0302044744708,969.0302044744708,0.0,969.0302044744706,969.0302044744706,0.0,0.0
UAV_0052,telemetry_28,222,-0.8129253266331855,-0.8021652112920908,0.8129253266331855,0.8021652112920908,-0.8879873625640268,-0.8620195507249993,-9705.56749429789,-9953.991912397358,-248.4244180994683,-9716.92845275536,-9879.233341322635,-162.30488856727607,-2.313327785115757
UAV_0053,telemetry_01,164,0.09976965192184219,0.08700229891311739,-0.09976965192184219,-0.08700229891311739,0.023789237871243256,-0.016473650993289353,76.16620639627608,88.25346866060998,12.087262264333901,84.4466552961064,89.12432261991857,4.677667323812173,0.4131178748876487
UAV_0053,telemetry_02,164,-0.010266143783485393,-0.015746874702433585,0.010266143783485393,0.015746874702433585,-0.0017629113443435615,4.198193954176865e-05,21.140740447282653,18.44541929147463,-2.695321155808024,12.453597879833728,12.143187592018858,-0.3104102878148698,-0.038066215635302
UAV_0053,telemetry_03,164,,,,,0.0,0.0,30377.82504938608,30377.82504938608,0.0,30377.825049386083,30377.825049386083,0.0,0.0
UAV_0053,telemetry_04,164,-0.10890111262922667,-0.07772804170050875,0.10890111262922667,0.07772804170050875,-0.0001684957913035679,-0.00011026545807587182,-125.92079212330243,-125.90514639504958,0.015645728252849267,-125.88715054651901,-125.9051526225569,-0.01800207603788806,-0.24501494642778032
UAV_0053,telemetry_05,164,0.03297417615893176,0.028095710962686867,-0.03297417615893176,-0.028095710962686867,1.61589531846794e-06,-5.490646308476108e-06,-113.5257281562169,-113.52839695365036,-0.0026687974334578257,-113.52592264853287,-113.52566315510218,0.0002594934306898722,0.1115100025354705
UAV_0053,telemetry_06,164,0.7166579252564698,0.7068551327141982,-0.7166579252564698,-0.7068551327141982,0.018899591298114773,0.017128838324519967,-136.44432369924954,-135.41360858191763,1.0307151173319085,-138.03857535243557,-135.4271950914358,2.6113802609997663,2.085241401997493
UAV_0053,telemetry_07,164,,,,,0.0,0.0,140.5912754437698,140.5912754437698,0.0,140.5912754437698,140.5912754437698,0.0,0.0
UAV_0053,telemetry_08,164,,,,,0.0,0.0,-4680.605940223165,-4680.605940223165,0.0,-4680.605940223165,-4680.605940223165,0.0,0.0
UAV_0053,telemetry_09,164,0.032267813426488594,0.05674914640947859,-0.032267813426488594,-0.05674914640947859,0.006459063232311357,0.012638388434878453,-154.70062731624216,-142.69433867671418,12.00628863952798,-151.65996037827765,-152.0074639879276,-0.347503609649948,-0.03655830468399947
UAV_0053,telemetry_10,164,-0.03541926742722474,-0.05111204820916028,0.03541926742722474,0.05111204820916028,-0.0018695446889753183,-0.00143857013705465,-61.099444407153015,-59.525636099119325,1.5738083080336907,-62.3790186166059,-62.547864995886066,-0.16884637928016843,-0.06736312137170002
UAV_0053,telemetry_11,164,0.14793443706156212,0.6457036636029552,-0.14793443706156212,-0.6457036636029552,0.002220549535276347,0.002780266018328822,62.57407820594077,63.22631469594168,0.6522364900009094,62.361248893523666,62.77540439040463,0.41415549688096576,0.5810305590443944
UAV_0053,telemetry_12,164,-0.7057785621837023,-0.6734215416102619,0.7057785621837023,0.6734215416102619,-0.031824440164938905,-0.03706951254756972,638.7927093444332,630.4026430044997,-8.390066339933469,637.3318127522947,632.8320898234704,-4.499722928824326,-2.1014554609265628
UAV_0053,telemetry_13,164,0.6416523069549915,0.626588494551984,-0.6416523069549915,-0.626588494551984,0.07214397229140036,0.07001812553995626,7134.043086297933,7147.091149095018,13.04806279708555,7133.448559307732,7143.223192264218,9.77463295648613,1.8307409423084504
UAV_0053,telemetry_14,164,,,,,0.0,0.0,-648.8153498138018,-648.8153498138018,0.0,-648.8153498138018,-648.8153498138018,0.0,0.0
UAV_0053,telemetry_15,164,-0.8179172968309373,-0.8153179287226867,0.8179172968309373,0.8153179287226867,-0.8896088164899107,-0.8555206446480588,49993.358997564246,49795.06633957411,-198.29265799013956,49967.938587164856,49846.18003589075,-121.75855127410614,-2.3574175541097357
UAV_0053,telemetry_16,164,-0.6848310867462974,-0.6855772705786368,0.6848310867462974,0.6855772705786368,-0.03622763895435269,-0.033567239735457256,-698.0678180856652,-699.8021254719972,-1.7343073863320342,-694.4940937744358,-699.4342420870177,-4.940148312581869,-1.966573350458632
UAV_0053,telemetry_17,164,,,,,0.0,0.0,40.41581228213973,40.41581228213973,0.0,40.41581228213974,40.415812282139726,-1.4210854715202004e-14,-1.0364048873917737
UAV_0053,telemetry_18,164,-0.014947268921664545,0.12053106253315737,0.014947268921664545,-0.12053106253315737,-2.762431341269485e-06,1.2169242370242487e-05,-103.33541721785008,-103.33303617496492,0.0023810428851618326,-103.32522442434626,-103.32698795628876,-0.0017635319425011176,-0.20094648449166538
UAV_0053,telemetry_19,164,0.8184103427124503,0.8200617577843374,-0.8184103427124503,-0.8200617577843374,0.018196110220932097,0.01625226934711792,33504.66370600638,33509.12137341847,4.457667412090814,33504.74588415787,33507.289089191065,2.543205033194681,2.408799495844751
UAV_0053,telemetry_20,164,,,,,0.0,0.0,-164.8973841769026,-164.8973841769026,0.0,-164.8973841769026,-164.8973841769026,0.0,0.0
UAV_0053,telemetry_21,164,0.8371446571989644,0.8558015408140641,-0.8371446571989644,-0.8558015408140641,0.019821008736027042,0.018245697444567374,34961.20358057365,34964.882424571304,3.678843997651711,34961.29722387541,34963.99504280702,2.697818931614165,2.3994642392232954
UAV_0053,telemetry_22,164,0.6992734713377793,0.6898169088264533,-0.6992734713377793,-0.6898169088264533,1.2039094600303455,0.9275534530642849,22983.45466872553,23197.0240263918,213.56935766626702,22996.446826723215,23163.93662435557,167.48979763235548,2.0486525575036856
UAV_0053,telemetry_23,164,0.7074558724693607,0.6974711955708514,-0.7074558724693607,-0.6974711955708514,0.19397964820584604,0.16688623676626077,-17347.58298674207,-17315.131411439103,32.451575302966376,-17356.08128795288,-17329.65484386655,26.426444086329866,2.0295915418228914
UAV_0053,telemetry_24,164,0.022607917585954776,0.7275311849604831,-0.022607917585954776,-0.7275311849604831,0.02328269424142947,0.10075565903775499,-3648.9929251641215,-3626.141004446501,22.851920717620487,-3638.8378719429884,-3643.6278886994232,-4.790016756434852,-0.09794698814762552
UAV_0053,telemetry_25,164,-0.8041371786000153,-0.785327795934742,0.8041371786000153,0.785327795934742,-0.013428258759835974,-0.013080397812702056,-171.835389591714,-174.78259143914713,-2.9472018474331207,-171.93022301573325,-173.74678947777184,-1.816566462038594,-2.2908067765207942
UAV_0053,telemetry_26,164,0.8111938281686661,0.8013083959082763,-0.8111938281686661,-0.8013083959082763,0.1866691571340234,0.19534285308925817,-7474.119005262067,-7442.830494564565,31.288510697501806,-7475.945690623888,-7449.445705124879,26.4999854990092,2.425070867295796
UAV_0053,telemetry_27,164,,,,,0.0,0.0,969.0302044744708,969.0302044744708,0.0,969.0302044744708,969.0302044744708,0.0,0.0
UAV_0053,telemetry_28,164,-0.7746837100433879,-0.7591745677635248,0.7746837100433879,0.7591745677635248,-0.9976389418302783,-1.008261521677389,-9679.933021860885,-9975.79145164676,-295.85842978587607,-9739.4653614979,-9876.804004701695,-137.33864320379507,-2.245797066478186
UAV_0054,telemetry_01,194,0.0019910663728471088,-0.011655360290582768,-0.0019910663728471088,0.011655360290582768,0.00041935384908875744,-0.018071505172321235,96.45543315328914,79.21399277682316,-17.241440376465974,87.23348748333437,88.03444419997993,0.8009567166455582,0.06773086218606006
UAV_0054,telemetry_02,194,-0.016109519073859522,-0.04585964753690836,0.016109519073859522,0.04585964753690836,-0.0022695056989994883,0.0032729646598055875,18.160718731219568,14.096531803636676,-4.064186927582892,11.749615226261682,12.25150403762707,0.5018888113653883,0.06344994707222835
UAV_0054,telemetry_03,194,,,,,0.0,0.0,30377.82504938608,30377.82504938608,0.0,30377.825049386087,30377.825049386087,0.0,0.0
UAV_0054,telemetry_04,194,-0.13565563634718414,-0.05515434894519644,0.13565563634718414,0.05515434894519644,-0.0001419374688189076,-3.545079565166705e-05,-125.87954429427218,-125.87101026067972,0.008534033592454193,-125.88814210787936,-125.91077826013127,-0.022636152251905628,-0.3853149374084353
UAV_0054,telemetry_05,194,-0.06475092141130004,-0.06502693396555903,0.06475092141130004,0.06502693396555903,-2.850070619594034e-06,8.490192733510305e-07,-113.52938910083049,-113.52217916673705,0.007209934093438619,-113.52617335147745,-113.52656778466952,-0.0003944331920706645,-0.15960123157994474
UAV_0054,telemetry_06,194,0.5727965549338221,0.5489011097380032,-0.5727965549338221,-0.5489011097380032,0.010944208735600916,0.009292324763951351,-137.16444665485812,-135.50002333659063,1.6644233182674952,-136.97196429160647,-135.23355375863568,1.7384105329707893,1.6204693709947295
UAV_0054,telemetry_07,194,,,,,0.0,0.0,140.5912754437698,140.5912754437698,0.0,140.59127544376975,140.59127544376975,0.0,0.0
UAV_0054,telemetry_08,194,,,,,0.0,0.0,-4680.605940223165,-4680.605940223165,0.0,-4680.605940223167,-4680.605940223167,0.0,0.0
UAV_0054,telemetry_09,194,0.005896557198260041,0.018065274290903263,-0.005896557198260041,-0.018065274290903263,0.0011314872583055849,-0.002432587878950638,-134.57126859617858,-141.81693703900115,-7.245668442822563,-153.66104194762687,-152.97878924073936,0.6822527068875104,0.06332374156095105
UAV_0054,telemetry_10,194,0.006860854277545728,0.073698397110608,-0.006860854277545728,-0.073698397110608,0.0002936906601810397,0.0008581998631005344,-62.31988107918136,-63.37392292834912,-1.05404184916776,-63.10917276543016,-62.889272641589336,0.21990012384082291,0.09149260349312094
UAV_0054,telemetry_11,194,0.3167676882132161,0.6677571823645146,-0.3167676882132161,-0.6677571823645146,0.0030344742500990063,0.0017434978968242374,62.85025041341864,63.18571684726022,0.3354664338415745,62.502416486246915,63.02612592445403,0.5237094382071135,0.973689017993053
UAV_0054,telemetry_12,194,-0.6889243782494251,-0.6683400468516639,0.6889243782494251,0.6683400468516639,-0.024188235878840024,-0.0235015863863603,636.2623718768341,631.7343995663939,-4.527972310440191,636.1462700227204,632.3388121598691,-3.8074578628512654,-1.9314119579138909
UAV_0054,telemetry_13,194,0.5732435457731705,0.555293315199303,-0.5732435457731705,-0.555293315199303,0.046152444764278884,0.0462662868200604,7136.997257912681,7146.68403278838,9.686774875699484,7136.216264305557,7143.375608158836,7.159343853279097,1.5837627942332533
UAV_0054,telemetry_14,194,,,,,0.0,0.0,-648.8153498138018,-648.8153498138018,0.0,-648.8153498138018,-648.8153498138018,0.0,
UAV_0054,telemetry_15,194,0.8462123672825715,0.9130966620338635,-0.8462123672825715,-0.9130966620338635,2.1420572447272,1.7335299353316502,49942.16680281096,50482.52200550197,540.3552026910038,49942.88479034318,50293.743473048926,350.8586827057443,2.468612798462655
UAV_0054,telemetry_16,194,-0.6422785190498858,-0.63932406425997,0.6422785190498858,0.63932406425997,-0.02833206356735781,-0.02375763542920439,-698.0678180856652,-701.5364328583291,-3.4686147726639547,-696.2445718590085,-700.6915138752444,-4.44694201623588,-1.7954739517047342
UAV_0054,telemetry_17,194,,,,,0.0,0.0,40.41581228213973,40.41581228213973,0.0,40.41581228213974,40.41581228213973,-7.105427357601002e-15,-0.5359126616832084
UAV_0054,telemetry_18,194,-0.002224157716578432,-0.0006122289654152267,0.002224157716578432,0.0006122289654152267,-1.934413624310339e-07,5.031482746577403e-06,-103.33106150296352,-103.32822935779072,0.00283214517280328,-103.3274486493683,-103.3274656510525,-1.7001684199158262e-05,-0.0034816141217454484
UAV_0054,telemetry_19,194,0.2623313545022621,0.21755659009010855,-0.2623313545022621,-0.21755659009010855,0.002130868544590361,0.0019539830873299886,33505.549711607026,33506.57106472281,1.0213531157860416,33505.40269902425,33505.75781750338,0.35511847912857775,0.778644584870828
UAV_0054,telemetry_20,194,,,,,0.0,0.0,-164.8973841769026,-164.8973841769026,0.0,-164.89738417690265,-164.89738417690265,0.0,0.0
UAV_0054,telemetry_21,194,0.3574239790948359,0.3377428478781669,-0.3574239790948359,-0.3377428478781669,0.0025270445947104697,0.0024941315237749406,34962.23365689299,34963.41088697224,1.1772300792508759,34962.12046169307,34962.54305710613,0.4225954130597529,1.064554770854862
UAV_0054,telemetry_22,194,0.5488197898475135,0.5325742207762028,-0.5488197898475135,-0.5325742207762028,0.7469841484049078,0.7872110118748588,23025.993722230683,23316.33733057234,290.34360834165636,23072.1972305557,23191.15566908089,118.95843852519101,1.5566324678500638
UAV_0054,telemetry_23,194,-0.8374890564913954,-0.9123699013448492,0.8374890564913954,0.9123699013448492,-0.7943088431976775,-0.5920118680086399,-17357.25570825748,-17562.387044897,-205.1313366395225,-17353.832241536224,-17485.58324557715,-131.75100404092518,-2.47409361829088
UAV_0054,telemetry_24,194,0.04633202234282325,0.6542541695257896,-0.04633202234282325,-0.6542541695257896,0.035263839359849364,0.05184256000444083,-3641.939996105357,-3631.5999185046703,10.340077600686527,-3633.5776755715674,-3623.8455094514848,9.732166120082638,0.22773701732400245
UAV_0054,telemetry_25,194,-0.7380262623454521,-0.7089874014516678,0.7380262623454521,0.7089874014516678,-0.007774525780414762,-0.0071211384844551695,-172.89881293872594,-174.53952324554436,-1.64071030681842,-172.43215316959765,-173.72150528630442,-1.289352116706766,-2.1799267376408387
UAV_0054,telemetry_26,194,0.7449877969198898,0.741086098833303,-0.7449877969198898,-0.741086098833303,0.10340816648407336,0.10463293899449724,-7464.215761050472,-7441.108191223418,23.10756982705425,-7468.8784925317395,-7451.648098849581,17.230393682158137,2.2108637245921936
UAV_0054,telemetry_27,194,,,,,0.0,0.0,969.0302044744708,969.0302044744708,0.0,969.0302044744705,969.0302044744705,0.0,0.0
UAV_0054,telemetry_28,194,-0.7479972389772488,-0.7348547291605889,0.7479972389772488,0.7348547291605889,-0.6730152497389436,-0.6595121794298722,-9776.151630821709,-9940.115307835027,-163.96367701331837,-9779.195590822965,-9890.831303063631,-111.63571224066618,-2.2097884015097526
UAV_0055,telemetry_01,525,0.041107349210255224,0.04052369480576023,-0.041107349210255224,-0.04052369480576023,0.003103615314042117,-0.0052254972766907345,80.68071794696615,89.12171850866235,8.4410005616962,85.45267640999204,87.21353121186077,1.7608548018687316,0.15374224960539665
UAV_0055,telemetry_02,525,0.009386006326228137,0.006867243574061558,-0.009386006326228137,-0.006867243574061558,0.00045609696652303784,-0.0014184013109692405,17.9388730126053,19.27513482630045,1.3362618136951525,11.17590299785507,12.00989581543945,0.8339928175843792,0.11313684628857451
UAV_0055,telemetry_03,525,,,,,0.0,0.0,30377.82504938608,30377.82504938608,0.0,30377.825049386072,30377.825049386072,0.0,0.0
UAV_0055,telemetry_04,525,-0.0023318656978736927,-0.019222514185368078,0.0023318656978736927,0.019222514185368078,-9.959778248027245e-07,2.856582282372913e-05,-125.86816558281556,-125.87243259961178,-0.004267016796219991,-125.8943527563446,-125.89406572718889,0.00028702915571443555,0.004429941362221921
UAV_0055,telemetry_05,525,0.004303852844105031,0.008861264414046466,-0.004303852844105031,-0.008861264414046466,7.4103228435162e-08,3.4828854109135404e-07,-113.52410318942728,-113.52513892578258,-0.0010357363553055166,-113.5256716488024,-113.52550749871523,0.00016415008717274304,0.06284626920767579
UAV_0055,telemetry_06,525,-0.8316869331704315,-0.8406866942862941,0.8316869331704315,0.8406866942862941,-0.009399128433923454,-0.009545774951946872,-137.9146269164399,-143.6192531126087,-5.704626196168817,-136.9571466636618,-141.00705852849256,-4.0499118648307615,-2.3623049802146125
UAV_0055,telemetry_07,525,0.6175077937000638,0.6263493256404674,-0.6175077937000638,-0.6263493256404674,0.00013546744622526026,0.0,140.5912754437698,140.7631728418209,0.17189739805110094,140.59127544376977,140.6608529620285,0.0695775182587397,2.0907135443076363
UAV_0055,telemetry_08,525,,,,,0.0,0.0,-4680.605940223165,-4680.605940223165,0.0,-4680.605940223164,-4680.605940223164,0.0,0.0
UAV_0055,telemetry_09,525,0.01860331263010774,0.037951992569587555,-0.01860331263010774,-0.037951992569587555,0.0011962630425117443,0.007524416745543238,-157.3457123981244,-174.28653548808822,-16.94082308996383,-154.55371848531524,-153.71680791982325,0.8369105654919906,0.08579475700366801
UAV_0055,telemetry_10,525,0.018194993402124573,-0.0014073831430810504,-0.018194993402124573,0.0014073831430810504,0.0002929587590059562,0.00017778328336115321,-62.16566465018745,-63.101279549155215,-0.9356148989677635,-62.499363843631954,-62.50008470136429,-0.0007208577323325471,-0.0002951298082962138
UAV_0055,telemetry_11,525,-0.3608387482724713,-0.8393155675582161,0.3608387482724713,0.8393155675582161,-0.0015986750974131888,-0.001563312196442602,62.52333089508893,61.434667531762265,-1.088663363326667,62.536922932409496,61.911232776969406,-0.6256901554400898,-0.9309586225498836
UAV_0055,telemetry_12,525,0.8077659269224091,0.8069391848050609,-0.8077659269224091,-0.8069391848050609,0.015767839541524126,0.01404665738566302,638.126831063486,645.4514921539042,7.3246610904182035,635.7702561187249,642.5292377552335,6.758981636508565,2.2825100784509864
UAV_0055,telemetry_13,525,0.5181191214311693,0.47854053762682913,-0.5181191214311693,-0.47854053762682913,0.017773106710709266,0.014466272309881723,7131.534275822088,7147.607860199256,16.073584377168117,7129.951822734065,7138.366638122491,8.414815388426177,1.617070534702653
UAV_0055,telemetry_14,525,,,,,0.0,0.0,-648.8153498138018,-648.8153498138018,0.0,-648.8153498138018,-648.8153498138018,0.0,0.0
UAV_0055,telemetry_15,525,0.8862320504724535,0.9337588545881846,-0.8862320504724535,-0.9337588545881846,0.6416829130855851,0.566014983178011,49877.6523019532,50333.01612588514,455.36382393193344,49902.141731574084,50181.98417257963,279.84244100554497,2.547760833219877
UAV_0055,telemetry_16,525,-0.750815213010819,-0.7383537463879208,0.750815213010819,0.7383537463879208,-0.01590965321441234,-0.015015929769215775,-691.1305885403375,-703.270740244661,-12.140151704323557,-691.5270016572134,-698.464231202541,-6.937229545327568,-2.1581245973465517
UAV_0055,telemetry_17,525,,,,,0.0,0.0,40.41581228213973,40.41581228213973,0.0,40.41581228213973,40.41581228213972,-1.4210854715202004e-14,-1.003597565282921
UAV_0055,telemetry_18,525,0.05864138050827428,0.04155624017813087,-0.05864138050827428,-0.04155624017813087,9.207316832858433e-06,5.491251840877041e-06,-102.97526628555376,-102.97857255430031,-0.0033062687465559293,-102.98281648691506,-102.97961559599477,0.0032008909202829727,0.1343878703124278
UAV_0055,telemetry_19,525,0.8326052841234446,0.9184105883377355,-0.8326052841234446,-0.9184105883377355,0.023332304102547753,0.022028035709727972,33501.38007004852,33512.23568196355,10.85561191503075,33498.1962187994,33507.68713635357,9.490917554168846,2.2325841368967057
UAV_0055,telemetry_20,525,,,,,0.0,0.0,-164.8973841769026,-164.8973841769026,0.0,-164.8973841769026,-164.8973841769026,0.0,0.0
UAV_0055,telemetry_21,525,0.8341695202560534,0.9187112915233863,-0.8341695202560534,-0.9187112915233863,0.024494553053916585,0.02246450407223849,34957.67189033591,34968.708422328855,11.036531992947857,34954.549427697144,34964.515240903725,9.965813206581515,2.237255784781008
UAV_0055,telemetry_22,525,0.7046056388407983,0.6827393879282219,-0.7046056388407983,-0.6827393879282219,0.49820591293618055,0.48818501245706547,22927.51289973246,23317.357102402944,389.84420267048336,22916.466065289933,23141.806503515152,225.34043822521926,2.1008472213478884
UAV_0055,telemetry_23,525,-0.8758643014788906,-0.9272026902073632,0.8758643014788906,0.9272026902073632,-0.2456765979773755,-0.21147972072396823,-17308.960360261375,-17491.49631312285,-182.53595286147538,-17331.723800897144,-17439.183207391452,-107.4594064943085,-2.5254313826840984
UAV_0055,telemetry_24,525,-0.5222254474063701,-0.9238976493857055,0.5222254474063701,0.9238976493857055,-0.1878783978635643,-0.1534746657288308,-3622.141064490988,-3752.343425015524,-130.2023605245363,-3622.106919996626,-3697.340652936008,-75.23373293938221,-1.3785162594965459
UAV_0055,telemetry_25,525,-0.6354815119539102,-0.5449742703182445,0.6354815119539102,0.5449742703182445,-0.003667795342071623,-0.0038634054118905376,-171.04541796250516,-174.56990676974473,-3.524488807239578,-171.39931367771482,-173.12828088816283,-1.728967210448019,-1.9747070733115302
UAV_0055,telemetry_26,525,-0.879409279201332,-0.9465168499024802,0.879409279201332,0.9465168499024802,-0.3542735502715779,-0.29238390637349204,-7431.348472290254,-7678.929577580108,-247.58110528985435,-7431.109263492871,-7587.140377848878,-156.0311143560075,-2.5531811166547174
UAV_0055,telemetry_27,525,,,,,0.0,0.0,969.0302044744708,969.0302044744708,0.0,969.0302044744711,969.0302044744711,0.0,0.0
UAV_0055,telemetry_28,525,-0.5689881413581862,-0.47935663906522763,0.5689881413581862,0.47935663906522763,-0.2193666684591222,-0.18830532049513704,-9714.915223931945,-9903.3165788916,-188.40135495965478,-9712.554293914676,-9815.918728563516,-103.36443464883996,-1.7673469237806905
UAV_0056,telemetry_01,195,-0.1272264334760975,-0.14332324523782547,0.1272264334760975,0.14332324523782547,-0.026002752485248012,-0.032555247402540524,73.01877445682021,83.39789370226283,10.379119245442624,87.66427749451925,83.7618411098226,-3.9024363846966565,-0.3383289372976691
UAV_0056,telemetry_02,195,0.07177220832339214,0.06968392432309957,-0.07177220832339214,-0.06968392432309957,0.009078862092261818,0.007795706589537227,18.34845501322379,12.60323836123808,-5.745216651985711,9.751610778922661,10.327837281120136,0.5762265021974748,0.08071670041360024
UAV_0056,telemetry_03,195,,,,,0.0,0.0,30377.82504938608,30377.82504938603,-5.093170329928398e-11,30377.825049386087,30377.825049386087,0.0,0.0
UAV_0056,telemetry_04,195,-0.06975480783894107,0.0669561119202245,0.06975480783894107,-0.0669561119202245,-7.093072606511524e-05,8.072793447912676e-05,-125.89376768359296,-126.41912184517771,-0.5253541615847581,-125.89875425392678,-125.91208884358149,-0.013334589654704132,-0.23236177137020997
UAV_0056,telemetry_05,195,0.07137702622817371,0.07107090258783925,-0.07137702622817371,-0.07107090258783925,3.239433951618493e-06,-5.7120268383461255e-06,-113.52502022884642,-113.52227926134576,0.002740967500656666,-113.52622791326827,-113.52638932645925,-0.0001614131909803973,-0.06301930731792495
UAV_0056,telemetry_06,195,0.712773553761722,0.7016714207740872,-0.712773553761722,-0.7016714207740872,0.014007986056974495,0.015028652986614696,-137.20327067507355,-134.10486338433333,3.0984072907402265,-137.22754772989805,-134.97109824397842,2.2564494859196316,2.034448844119842
UAV_0056,telemetry_07,195,,,,,0.0,0.0,140.5912754437698,140.5912754437698,0.0,140.59127544376975,140.59127544376975,0.0,0.0
UAV_0056,telemetry_08,195,,,,,0.0,0.0,-4680.605940223165,-4680.605940223165,0.0,-4680.605940223167,-4680.605940223167,0.0,0.0
UAV_0056,telemetry_09,195,-0.13862841767845066,-0.12883846639369465,0.13862841767845066,0.12883846639369465,-0.024915914687286805,-0.00352360236092227,-158.9384508583746,-166.47951775902771,-7.541066900653107,-151.47005777043395,-155.5147874965233,-4.044729726089344,-0.39875874408156253
UAV_0056,telemetry_10,195,-0.065158418674244,-0.0590153587208079,0.065158418674244,0.0590153587208079,-0.0020245419068446865,-0.0019828307555889435,-63.86737894872642,-76.98655091950295,-13.119171970776527,-62.581471052714264,-62.79225922192983,-0.21078816921556864,-0.12020852785369092
UAV_0056,telemetry_11,195,0.28835890104418693,0.6837003386071129,-0.28835890104418693,-0.6837003386071129,0.0017934530279722386,0.0019144028379422917,62.75623434278786,59.84069332763459,-2.9155410151532735,62.57585057969178,62.87020756810172,0.2943569884099375,0.8386156981215456
UAV_0056,telemetry_12,195,-0.7224037053997111,-0.7242857446237269,0.7224037053997111,0.7242857446237269,-0.024984148819636322,-0.023816861754559573,636.6618988454024,629.204062098795,-7.457836746607427,636.1189519393994,631.9905065975275,-4.1284453418718385,-2.115179494730991
UAV_0056,telemetry_13,195,0.6984637946227792,0.7084594345271811,-0.6984637946227792,-0.7084594345271811,0.060465532186877044,0.06808010521783989,7136.338761181047,7153.935789528333,17.59702834728614,7135.4783501125785,7145.681914496855,10.203564384276433,2.088493895898566
UAV_0056,telemetry_14,195,,,,,0.0,0.0,-648.8153498138018,-648.8153498138018,0.0,-648.8153498138018,-648.8153498138018,0.0,
UAV_0056,telemetry_15,195,-0.780532676940789,-0.7682688063310928,0.780532676940789,0.7682688063310928,-0.5383470092027879,-0.5812067821723115,49970.16831656757,49846.751953072,-123.41636349556939,49960.54348810701,49874.9321729765,-85.61131513051077,-2.1994051369590344
UAV_0056,telemetry_16,195,-0.6887347861926943,-0.6844055904691202,0.6887347861926943,0.6844055904691202,-0.026718140786375993,-0.021678842329149007,-698.0678180856652,-703.270740244661,-5.202922158995875,-695.7998776573851,-700.0689419929713,-4.269064335586222,-1.9499513048302215
UAV_0056,telemetry_17,195,,,,,0.0,0.0,40.41581228213973,40.41581228213984,1.0658141036401503e-13,40.41581228213973,40.41581228213974,7.105427357601002e-15,0.4012428823323931
UAV_0056,telemetry_18,195,-0.04732158633169739,-0.048126689216527206,0.04732158633169739,0.048126689216527206,-4.125062614258315e-06,-1.9107733229918895e-05,-103.32615247442786,-103.32986799061746,-0.003715516189600976,-103.32712887244053,-103.32721354724082,-8.467480029139551e-05,-0.017211876148858475
UAV_0056,telemetry_19,195,0.8175782245491605,0.8027917590509637,-0.8175782245491605,-0.8027917590509637,0.012874522896874449,0.012778353410959866,33505.372889255625,33508.37316773951,3.0002784838870866,33505.42435612869,33507.45836019389,2.034004065193585,2.2887337308005087
UAV_0056,telemetry_20,195,,,,,0.0,0.0,-164.8973841769026,-164.8973841769026,0.0,-164.89738417690265,-164.89738417690265,0.0,0.0
UAV_0056,telemetry_21,195,0.8302699878943351,0.8400587740992884,-0.8302699878943351,-0.8400587740992884,0.013601523791852423,0.013117351303911798,34961.497888093465,34965.0295783312,3.5316902377380757,34962.04877139977,34964.18438750507,2.135616105297231,2.309937572991826
UAV_0056,telemetry_22,195,0.5347259948414719,0.5320175080147448,-0.5347259948414719,-0.5320175080147448,0.729555485375814,0.6954227994640343,23117.91886867503,23220.33309680558,102.41422813055033,23058.77957335597,23180.647910254942,121.86833689897321,1.582738388629038
UAV_0056,telemetry_23,195,0.632070677753915,0.6212270792535888,-0.632070677753915,-0.6212270792535888,0.11845673850373564,0.11757190417656982,-17365.960101696975,-17337.194284576184,28.765817120791326,-17361.109806080043,-17344.355588828428,16.754217251615046,1.5840733839585788
UAV_0056,telemetry_24,195,0.24608825413981936,0.7727686157730338,-0.24608825413981936,-0.7727686157730338,0.15464934419087048,0.06754827061465513,-3638.382115101064,-3289.8934337658447,348.4886813352191,-3650.936230975798,-3622.765767312275,28.17046366352315,0.7942954584536849
UAV_0056,telemetry_25,195,-0.7997195880509859,-0.7923198513950926,0.7997195880509859,0.7923198513950926,-0.009271329153009938,-0.009667484972836022,-172.86842941452562,-174.81297496334744,-1.9445455488218215,-172.5007108652292,-174.0214452046924,-1.5207343394632176,-2.324311699640935
UAV_0056,telemetry_26,195,0.7975734633307219,0.789013241239075,-0.7975734633307219,-0.789013241239075,0.11956947882876338,0.12278621062350004,-7472.540227199349,-7439.242362603843,33.297864595506326,-7466.824977009602,-7446.915444796772,19.909532212829617,2.3531883915479836
UAV_0056,telemetry_27,195,,,,,0.0,0.0,969.0302044744708,969.0302044744708,0.0,969.0302044744705,969.0302044744705,0.0,0.0
UAV_0056,telemetry_28,195,-0.7852734338926894,-0.7733819935587241,0.7852734338926894,0.7733819935587241,-0.7230992962914974,-0.7375509590199973,-9783.97212161056,-9941.880093668671,-157.90797205811032,-9783.49316115476,-9897.44313094182,-113.94996978705967,-2.1927163881663736
UAV_0057,telemetry_01,215,0.004949777408005518,-0.0005989036199859934,-0.004949777408005518,0.0005989036199859934,0.0008830993688598546,0.013797932592469295,88.26386788436804,80.16469444965126,-8.099173434716775,88.42220708993057,86.27750936497988,-2.1446977249506887,-0.19323540570585304
UAV_0057,telemetry_02,215,-0.02209136140849971,-0.03775507739863315,0.02209136140849971,0.03775507739863315,-0.002500228974461824,0.003419897371046067,11.68740873681364,8.357731063799449,-3.329677673014192,11.803558391979204,11.533185847307562,-0.2703725446716412,-0.03840164273261152
UAV_0057,telemetry_03,215,,,,,0.0,0.0,30377.82504938608,30377.82504938608,0.0,30377.825049386083,30377.825049386083,0.0,0.0
UAV_0057,telemetry_04,215,-0.03699169222562481,-0.03162182583485067,0.03699169222562481,0.03162182583485067,-3.4667741323322314e-05,-0.00010126791014063445,-125.90799107291376,-125.92790381796284,-0.01991274504908347,-125.8901622197884,-125.90614811919335,-0.015985899404952875,-0.27419545068011003
UAV_0057,telemetry_05,215,0.006290329153129403,0.005833272959984545,-0.006290329153129403,-0.005833272959984545,2.675283958765209e-07,-1.2865214085973131e-05,-113.52238377833471,-113.52756985964608,-0.005186081311364887,-113.52598462835978,-113.52557808634292,0.0004065420168615219,0.1536573859756602
UAV_0057,telemetry_06,215,-0.7078159483965368,-0.6864281069853087,0.7078159483965368,0.6864281069853087,-0.015444810526435692,-0.014798688684448055,-138.48446334218232,-141.9322868148613,-3.4478234726789765,-139.2426821855942,-142.1324649776074,-2.8897827920132215,-2.1288618392937337
UAV_0057,telemetry_07,215,0.7716371935475594,0.7834990236720774,-0.7716371935475594,-0.7834990236720774,0.0005397609017748412,0.0,140.5912754437698,140.7631728418209,0.17189739805110094,140.59127544376977,140.68521937061166,0.09394392684188801,2.1588623741353223
UAV_0057,telemetry_08,215,,,,,0.0,0.0,-4680.605940223165,-4680.605940223165,0.0,-4680.605940223166,-4680.605940223166,0.0,0.0
UAV_0057,telemetry_09,215,0.03546112556429038,0.03819218044386486,-0.03546112556429038,-0.03819218044386486,0.0055210363702272395,2.965391890088974e-05,-156.72837311849628,-162.36401589715567,-5.635642778659388,-154.03681712747053,-152.1730169529649,1.8638001745056272,0.19243132657544523
UAV_0057,telemetry_10,215,0.06386051906424096,0.017694221063053923,-0.06386051906424096,-0.017694221063053923,0.00219471342763917,0.0019033956488149748,-61.77715098509857,-60.99865888093744,0.7784921041611312,-62.564940845988204,-62.18380921442583,0.3811316315623756,0.17826830491730133
UAV_0057,telemetry_11,215,-0.3133535452185387,-0.7079088817483176,0.3133535452185387,0.7079088817483176,-0.002866045640889492,-0.002593001025744279,62.22472303439237,61.69160917933839,-0.5331138550539762,62.30101170904135,61.736756987309384,-0.5642547217319631,-0.9916792587355253
UAV_0057,telemetry_12,215,0.6636421024147814,0.6309306871825057,-0.6636421024147814,-0.6309306871825057,0.02367615462707288,0.022817081603490344,639.5917632815697,648.914059214829,9.322295933259284,639.7899782117121,644.2188430570811,4.4288648453690485,1.9955366459530872
UAV_0057,telemetry_13,215,0.5967201793801986,0.565216498828757,-0.5967201793801986,-0.565216498828757,0.044192020912091554,0.04287440226225858,7133.093953347351,7144.883434312824,11.789480965472649,7130.937710459708,7139.118635764176,8.180925304468474,1.7757172235726169
UAV_0057,telemetry_14,215,,,,,0.0,0.0,-648.8153498138018,-648.8153498138018,0.0,-648.8153498138018,-648.8153498138018,0.0,0.0
UAV_0057,telemetry_15,215,0.8457330785194935,0.9039361683516633,-0.8457330785194935,-0.9039361683516633,1.131955747300312,0.9618037440890368,50005.38607946411,50319.38543306529,313.9993536011825,50009.25167108249,50218.411016308586,209.15934522609314,2.5120348454354224
UAV_0057,telemetry_16,215,-0.7148700810485494,-0.6912787193905688,0.7148700810485494,0.6912787193905688,-0.03147041875171629,-0.026479518369403876,-689.3962811540056,-703.270740244661,-13.874459090655478,-693.6312177950487,-699.4794636326797,-5.848245837630998,-2.1354762088300223
UAV_0057,telemetry_17,215,,,,,0.0,0.0,40.41581228213973,40.41581228213973,0.0,40.41581228213974,40.41581228213974,0.0,0.0
UAV_0057,telemetry_18,215,-0.30137337980559714,-0.20160955347871237,0.30137337980559714,0.20160955347871237,-0.00017595763468816658,-3.4168200992639635e-05,-103.24411319829962,-103.33001677549534,-0.08590357719572239,-103.29614654669396,-103.32624231150841,-0.030095764814447534,-0.8286033316073417
UAV_0057,telemetry_19,215,0.8417588546465765,0.8980451109662151,-0.8417588546465765,-0.8980451109662151,0.025364467852026614,0.02088348437960632,33504.08147865849,33511.89772688394,7.816248225448362,33504.43095915933,33509.0344042381,4.603445078770164,2.4557797955595855
UAV_0057,telemetry_20,215,,,,,0.0,0.0,-164.8973841769026,-164.8973841769026,0.0,-164.89738417690262,-164.89738417690262,0.0,0.0
UAV_0057,telemetry_21,215,0.8085736311450911,0.8341530577031119,-0.8085736311450911,-0.8341530577031119,0.025540909058311783,0.02070201332937308,34961.20358057365,34968.708422328855,7.504841755202506,34961.20015839319,34965.99463322175,4.794474828559032,2.439881779741421
UAV_0057,telemetry_22,215,0.6860694533539913,0.6843331799889618,-0.6860694533539913,-0.6843331799889618,0.990991525985104,1.0031828182742601,23043.038479970764,23289.094854526236,246.05637455547185,22986.436061452878,23166.230982643126,179.79492119024871,2.0008755602134567
UAV_0057,telemetry_23,215,-0.8354062952404672,-0.8692011398488251,0.8354062952404672,0.8692011398488251,-0.4412579403719034,-0.3782875943181049,-17379.083494099465,-17482.381153525024,-103.29765942555969,-17370.76964585846,-17451.96024707792,-81.1906012194595,-2.4709017952522294
UAV_0057,telemetry_24,215,-0.563481522886485,-0.9224419812118139,0.563481522886485,0.9224419812118139,-0.34447509656464387,-0.2659937388464026,-3660.061261024046,-3750.281653250435,-90.22039222638887,-3659.4105657689893,-3722.652159203141,-63.24159343415158,-1.6629116292794353
UAV_0057,telemetry_25,215,-0.8182955851348158,-0.8280917892828183,0.8182955851348158,0.8280917892828183,-0.010468701265535885,-0.00945583682922567,-171.34925320450856,-174.66105734234574,-3.3118041378371856,-171.46372136544937,-173.3743504221406,-1.9106290566912207,-2.400702234936665
UAV_0057,telemetry_26,215,-0.8578086515686417,-0.9520950366719763,0.8578086515686417,0.9520950366719763,-0.6534195483057249,-0.5188990835505977,-7505.120465402709,-7695.865560434718,-190.74509503200898,-7500.32738866262,-7619.430005178397,-119.10261651577639,-2.5134145155019487
UAV_0057,telemetry_27,215,,,,,0.0,0.0,969.0302044744708,969.0302044744708,0.0,969.0302044744707,969.0302044744707,0.0,0.0
UAV_0057,telemetry_28,215,-0.7448679335315215,-0.7253700886280761,0.7448679335315215,0.7253700886280761,-0.6446310229650087,-0.574749928331015,-9716.161915129893,-9885.07319835342,-168.9112832235278,-9711.086145565358,-9826.932113622752,-115.8459680573942,-2.1517584480696668
UAV_0058,telemetry_01,178,0.02388528864135556,0.025551929986201087,-0.02388528864135556,-0.025551929986201087,0.005651482684252722,-0.032235377763309675,103.58189283858536,85.08567840133279,-18.496214437252576,84.89235873082313,86.45611518893305,1.5637564581099213,0.12826002352803068
UAV_0058,telemetry_02,178,-5.234034166342411e-05,0.02151971053132737,5.234034166342411e-05,-0.02151971053132737,-7.56717567224816e-06,0.008535484919369493,11.496820639751917,6.489392882240731,-5.007427757511186,12.125666855475297,10.853755599254095,-1.2719112562212018,-0.1707314993099253
UAV_0058,telemetry_03,178,,,,,0.0,0.0,30377.82504938608,30377.82504938608,0.0,30377.825049386083,30377.825049386083,0.0,0.0
UAV_0058,telemetry_04,178,-0.0484094984197349,0.022510410201887893,0.0484094984197349,-0.022510410201887893,-6.636171939795086e-05,7.393527130226173e-05,-125.8852336500005,-125.90941341184585,-0.024179761845346093,-125.90127447240113,-125.9033270116892,-0.0020525392880728077,-0.02905751951714167
UAV_0058,telemetry_05,178,-0.004469487130217027,-0.0008585754881485731,0.004469487130217027,0.0008585754881485731,-2.2270723396347537e-07,4.810874938031699e-07,-113.52929557642456,-113.5249895777706,0.004305998653961751,-113.52569304678258,-113.52591276440484,-0.00021971762225803104,-0.0855741046727147
UAV_0058,telemetry_06,178,0.6898553798260669,0.6852652840432506,-0.6898553798260669,-0.6852652840432506,0.01606100623493982,0.018715435199059452,-139.54899292873415,-134.7485906872599,4.800402241474245,-137.48116160113156,-135.09953756533622,2.3816240357953404,1.985238165713425
UAV_0058,telemetry_07,178,,,,,0.0,0.0,140.5912754437698,140.5912754437698,0.0,140.59127544376977,140.59127544376977,0.0,0.0
UAV_0058,telemetry_08,178,,,,,0.0,0.0,-4680.605940223165,-4680.605940223165,0.0,-4680.605940223166,-4680.605940223166,0.0,0.0
UAV_0058,telemetry_09,178,0.08109811683537749,0.09412093892198241,-0.08109811683537749,-0.09412093892198241,0.015228473568177038,0.006861618674797942,-174.50856484438324,-144.523276897305,29.985287947078234,-152.84464857117143,-149.72658460811243,3.118063963059001,0.3222504423102987
UAV_0058,telemetry_10,178,0.04364001196235876,0.05178369855595476,-0.04364001196235876,-0.05178369855595476,0.002181398966551021,0.0003010553512217039,-62.094931740801776,-62.525881234799016,-0.4309494939972396,-62.29907117414777,-61.87437283378904,0.4246983403587308,0.16488624512669375
UAV_0058,telemetry_11,178,0.20716251994577578,0.6491532032700422,-0.20716251994577578,-0.6491532032700422,0.00264672503675762,0.002533438497063673,62.5334803572593,63.17716993174833,0.6436895744890307,62.61003163699164,63.107460665111915,0.4974290281202727,0.7555924181737825
UAV_0058,telemetry_12,178,-0.6603844304871997,-0.6344142636830593,0.6603844304871997,0.6344142636830593,-0.02616645920463089,-0.030732843736013996,635.0637909711295,630.5358186606891,-4.527972310440418,636.3733515903253,632.4964602657001,-3.8768913246252623,-1.8988453722164935
UAV_0058,telemetry_13,178,0.6650353543320268,0.6373406927544528,-0.6650353543320268,-0.6373406927544528,0.06809822849895569,0.06864732982063473,7140.70449278383,7147.954912315709,7.250419531879743,7134.641757442845,7145.091574176328,10.449816733483203,1.9804856485664584
UAV_0058,telemetry_14,178,,,,,0.0,0.0,-648.8153498138018,-648.8153498138018,0.0,-648.8153498138018,-648.8153498138018,0.0,
UAV_0058,telemetry_15,178,-0.747771720306949,-0.7226181775113035,0.747771720306949,0.7226181775113035,-0.5767765239720744,-0.5973826578082344,50003.474081828754,49901.0280149791,-102.44606684965402,50031.156929312805,49944.707566693796,-86.44936261900875,-2.175090659202107
UAV_0058,telemetry_16,178,-0.6631076670377806,-0.6647624913744312,0.6631076670377806,0.6647624913744312,-0.029900610786037278,-0.028666237790610255,-692.8648959266694,-699.8021254719972,-6.937229545327796,-695.3700065958154,-699.9466510875249,-4.57664449170943,-1.9697235355480371
UAV_0058,telemetry_17,178,,,,,0.0,0.0,40.41581228213973,40.41581228213973,0.0,40.41581228213974,40.41581228213973,-7.105427357601002e-15,-0.5075843982998097
UAV_0058,telemetry_18,178,0.0016532599933189334,-0.018715243385404645,-0.0016532599933189334,0.018715243385404645,1.8043734223152413e-07,-1.1833703118245054e-05,-103.32864747726454,-103.3244594733381,0.004188003926444139,-103.32749000752007,-103.3272618411095,0.00022816641056522258,0.04057145208180176
UAV_0058,telemetry_19,178,0.8238180805359157,0.8139902056431922,-0.8238180805359157,-0.8139902056431922,0.016437277301664506,0.016137473606987994,33504.507735603,33508.3621095992,3.854373996196955,33504.72268188427,33507.14376701452,2.4210851302486844,2.354862772927406
UAV_0058,telemetry_20,178,,,,,0.0,0.0,-164.8973841769026,-164.8973841769026,0.0,-164.89738417690262,-164.89738417690262,0.0,0.0
UAV_0058,telemetry_21,178,0.7952432462748881,0.7940542891856233,-0.7952432462748881,-0.7940542891856233,0.01598429730209758,0.015015689786251847,34961.35073433356,34965.61819337083,4.267459037269873,34961.51832611567,34963.86052346084,2.342197345169552,2.261434594606335
UAV_0058,telemetry_22,178,0.6437721352500962,0.6242860479006345,-0.6437721352500962,-0.6242860479006345,0.986083494836406,0.9246871146004222,23070.57231939704,23145.307026411225,74.7347070141841,23041.553336074605,23184.794857851793,143.2415217771886,1.814853268653782
UAV_0058,telemetry_23,178,0.5694798313799115,0.5237172169387262,-0.5694798313799115,-0.5237172169387262,0.12440507116689006,0.13924284968845071,-17386.321489541708,-17346.452362005493,39.869127536214364,-17383.32171927976,-17365.04363658004,18.278082699718652,1.6237718499499454
UAV_0058,telemetry_24,178,0.08847916243382876,0.7380695775957545,-0.08847916243382876,-0.7380695775957545,0.08193345163157065,0.09870277564774313,-3648.279069079229,-3631.055712380004,17.22335669922495,-3643.880449904924,-3641.1780186492147,2.7024312557091434,0.05663547060123898
UAV_0058,telemetry_25,178,-0.8030552597604305,-0.789908295361128,0.8030552597604305,0.789908295361128,-0.011205675976186344,-0.010678527811940204,-172.13922483371744,-174.9345090601488,-2.795284226431363,-172.23881527415185,-173.96392425930458,-1.7251089851527297,-2.3992638708185927
UAV_0058,telemetry_26,178,0.7951248648806645,0.7779130820053691,-0.7951248648806645,-0.7779130820053691,0.13936944966127954,0.15542406654607896,-7471.966126085632,-7435.510705364692,36.45542072094031,-7470.1959809850105,-7449.049923296484,21.146057688526525,2.341268751532174
UAV_0058,telemetry_27,178,,,,,0.0,0.0,969.0302044744708,969.0302044744708,0.0,969.0302044744707,969.0302044744707,0.0,0.0
UAV_0058,telemetry_28,178,-0.7410705986401914,-0.7235642266596733,0.7410705986401914,0.7235642266596733,-0.7653767107742612,-0.6982881715730676,-9738.913277166494,-9925.87016420039,-186.95688703389715,-9771.095318567239,-9892.174200128207,-121.07888156096851,-2.2751333005108942
UAV_0059,telemetry_01,299,0.021516128856886883,0.0022854705842742028,-0.021516128856886883,-0.0022854705842742028,0.0027617794088581706,-0.01706812881072707,84.17093933677613,93.67162310403484,9.500683767258707,87.30151435816911,87.24383484727855,-0.057679510890565666,-0.005197459570312521
UAV_0059,telemetry_02,299,-0.0001606309715591167,0.03689524365334112,0.0001606309715591167,-0.03689524365334112,-1.4645587663665212e-05,0.01076760281181995,20.672172997878302,19.07752158577042,-1.5946514121078827,11.75864728060599,12.913668598314283,1.155021317708293,0.14652336529320098
UAV_0059,telemetry_03,299,,,,,0.0,0.0,30377.82504938608,30377.82504938608,0.0,30377.82504938608,30377.82504938608,0.0,0.0
UAV_0059,telemetry_04,299,0.1014965787125019,0.1446055840009646,-0.1014965787125019,-0.1446055840009646,7.499151984751195e-05,5.121772641575632e-05,-125.9435495462157,-125.89519002252504,0.048359523690663764,-125.91032656057254,-125.88667969458145,0.023646865991096888,0.3701751314810515
UAV_0059,telemetry_05,299,-0.038906366455361184,-0.040905479113824604,0.038906366455361184,0.040905479113824604,-1.1375423912575497e-06,4.632821265643268e-07,-113.52228030364816,-113.52428151227484,-0.0020012086266802953,-113.5256647867229,-113.5255277912301,0.00013699549279522216,0.05419431902900574
UAV_0059,telemetry_06,299,-0.7156867338261831,-0.7021688770400284,0.7156867338261831,0.7021688770400284,-0.010549336724840479,-0.008988402493092035,-140.37682123074677,-144.09015090618925,-3.7133296754424805,-139.2720482511975,-141.94430973725056,-2.67226148605306,-2.096868358146323
UAV_0059,telemetry_07,299,0.7966441805868961,0.8110556328321858,-0.7966441805868961,-0.8110556328321858,0.0004292129595116713,0.0,140.5912754437698,140.7631728418209,0.17189739805110094,140.5912754437698,140.69011644764916,0.09884100387935746,2.1218911954068607
UAV_0059,telemetry_08,299,,,,,0.0,0.0,-4680.605940223165,-4680.605940223165,0.0,-4680.605940223164,-4680.605940223164,0.0,0.0
UAV_0059,telemetry_09,299,-0.02021769587678816,-0.017146192004668808,0.02021769587678816,0.017146192004668808,-0.0022218424546354607,-0.008924588030181266,-151.62097454292473,-137.05703519899552,14.563939343929206,-152.70131384580114,-152.7242541693749,-0.02294032357374931,-0.002414417327920401
UAV_0059,telemetry_10,299,-0.0008400507162836568,0.007096585935220309,0.0008400507162836568,-0.007096585935220309,-2.0428442664175272e-05,0.0019219569755463248,-62.92038817924528,-60.82752930955329,2.0928588696919874,-62.08204374616063,-62.19118908185722,-0.10914533569658857,-0.05191224716283277
UAV_0059,telemetry_11,299,-0.31635339570554427,-0.763537289883211,0.31635339570554427,0.763537289883211,-0.002105196663540227,-0.0019586681381410878,62.138719697054,61.67665207719258,-0.462067619861422,62.25517021751795,61.79805388960934,-0.4571163279086079,-0.7945129188038034
UAV_0059,telemetry_12,299,0.7062923023073382,0.6886807640869334,-0.7062923023073382,-0.6886807640869334,0.017692205521387342,0.018160316753103485,638.6595336882438,644.6524382167677,5.992904528523923,639.7582328518066,644.2307153055011,4.472482453694511,2.0651211960711446
UAV_0059,telemetry_13,299,0.627874202249076,0.6301753047069651,-0.627874202249076,-0.6301753047069651,0.03415815737424563,0.03966525424749545,7132.005221608267,7146.463013728163,14.457792119896112,7131.074151112464,7139.198853824268,8.124702711803366,1.727348966998165
UAV_0059,telemetry_14,299,,,,,0.0,0.0,-648.8153498138018,-648.8153498138018,0.0,-648.8153498138021,-648.8153498138021,0.0,
UAV_0059,telemetry_15,299,0.855239821189622,0.8955283547336191,-0.855239821189622,-0.8955283547336191,0.8142283132643998,0.7535178811961782,50008.03820521639,50314.01950421766,305.98129900126514,50013.94586672738,50219.381789001454,205.43592227407498,2.4958156381451637
UAV_0059,telemetry_16,299,-0.7100173562016678,-0.689895727851198,0.7100173562016678,0.689895727851198,-0.022277272000680463,-0.022819834030683165,-692.8648959266694,-703.270740244661,-10.405844317991637,-693.9343854815742,-699.5130742409418,-5.578688759367651,-2.0565226231671807
UAV_0059,telemetry_17,299,,,,,0.0,0.0,40.41581228213973,40.41581228213973,0.0,40.415812282139726,40.415812282139726,0.0,0.0
UAV_0059,telemetry_18,299,-0.20676595918981236,-0.1666153397230141,0.20676595918981236,0.1666153397230141,-0.0001033947100347151,-6.251831458634034e-06,-103.32573388645618,-103.32599939113202,-0.0002655046758377466,-103.29104151165507,-103.31311327819519,-0.02207176654012244,-0.5105193600772582
UAV_0059,telemetry_19,299,0.8433268146674521,0.8788233709681039,-0.8433268146674521,-0.8788233709681039,0.018252846388068608,0.0168247839317789,33504.718381923354,33512.090877081755,7.372495158400852,33504.50323885065,33509.132651345564,4.629412494912685,2.4739196582614764
UAV_0059,telemetry_20,299,,,,,0.0,0.0,-164.8973841769026,-164.8973841769026,0.0,-164.89738417690256,-164.89738417690256,0.0,0.0
UAV_0059,telemetry_21,299,0.8430913598679624,0.8852972160065403,-0.8430913598679624,-0.8852972160065403,0.01931525633266978,0.01690784532795804,34961.79219561328,34968.56126856895,6.769072955670708,34961.2428215763,34966.11606359184,4.873242015542928,2.460291374161605
UAV_0059,telemetry_22,299,0.6893601415158283,0.680774354989829,-0.6893601415158283,-0.680774354989829,0.6809871326436663,0.7081226667035627,22949.94788000573,23400.83271082229,450.8848308165616,22980.383213092886,23158.372245983785,177.98903289089867,2.083986532075904
UAV_0059,telemetry_23,299,-0.8446698730350323,-0.8838373998338983,0.8446698730350323,0.8838373998338983,-0.306389388384246,-0.2676850591325022,-17373.059725985047,-17499.41266238966,-126.35293640461168,-17374.679974061244,-17451.55648444385,-76.87651038260447,-2.451327558029776
UAV_0059,telemetry_24,299,-0.42620915207573135,-0.918426522412516,0.42620915207573135,0.918426522412516,-0.2322028218309983,-0.20156073832894025,-3668.354971266981,-3749.419715435217,-81.06474416823585,-3665.4067966636167,-3718.08728144414,-52.68048478052333,-1.1184058815577107
UAV_0059,telemetry_25,299,-0.8055277926939436,-0.8001434257629039,0.8055277926939436,0.8001434257629039,-0.007443721321137812,-0.00705032053267568,-171.6834719707123,-174.29645505194165,-2.612983081229345,-171.57915520429114,-173.49888754168265,-1.9197323373915083,-2.4028436109660136
UAV_0059,telemetry_26,299,-0.869344519191071,-0.9514308154998025,0.869344519191071,0.9514308154998025,-0.4675134192435172,-0.38993166344942254,-7511.4355776535795,-7683.665911768261,-172.23033411468168,-7502.5609312707265,-7620.39757694883,-117.8366456781032,-2.534385132773432
UAV_0059,telemetry_27,299,,,,,0.0,0.0,969.0302044744708,969.0302044744708,0.0,969.0302044744708,969.0302044744708,0.0,0.0
UAV_0059,telemetry_28,299,-0.7720194235467318,-0.7626755852842809,0.7720194235467318,0.7626755852842809,-0.5048218553076128,-0.5048521799472593,-9681.057741868792,-9899.793253218746,-218.73551134995432,-9716.250676721345,-9842.378120389772,-126.12744366842708,-2.2309717631894435
UAV_0060,telemetry_01,190,0.01342079516221483,0.024986550144996005,-0.01342079516221483,-0.024986550144996005,0.0027445321388707014,-0.008226470494746115,83.75562966096344,118.93806654445868,35.18243688349524,84.18136155027562,87.07056713081532,2.889205580539695,0.25691266315995714
UAV_0060,telemetry_02,190,0.05306368061343201,0.033799157579813416,-0.05306368061343201,-0.033799157579813416,0.007757585088267784,0.008156483504534047,9.60615425965183,18.299746588320843,8.693592328669013,9.761320655520912,9.67839495015017,-0.08292570537074262,-0.010314712697292252
UAV_0060,telemetry_03,190,,,,,0.0,0.0,30377.82504938608,30377.82504938608,0.0,30377.825049386083,30377.825049386083,0.0,0.0
UAV_0060,telemetry_04,190,-0.010348367950230763,0.0018899729992356603,0.010348367950230763,-0.0018899729992356603,-1.0273852677895628e-05,-5.26972914800379e-05,-125.91510276757414,-125.8838113110684,0.031291456505741166,-125.89354310376162,-125.89155931525109,0.001983788510528939,0.03633549139966759
UAV_0060,telemetry_05,190,0.04646262306269975,0.05164481885341626,-0.04646262306269975,-0.05164481885341626,2.2425086004834415e-06,7.147376569431077e-06,-113.52311966313164,-113.52489874595932,-0.0017790828276815773,-113.5256789548559,-113.52532007981877,0.0003588750371363858,0.13521036850750476
UAV_0060,telemetry_06,190,-0.7353831329386573,-0.713906180566033,0.7353831329386573,0.713906180566033,-0.017772210793248096,-0.016432627078736026,-138.58841152533972,-143.35124213434744,-4.762830609007722,-138.37501124444432,-141.17472405707554,-2.7997128126312134,-2.1066036509488133
UAV_0060,telemetry_07,190,0.6746576844272674,0.6902215253369,-0.6746576844272674,-0.6902215253369,0.0004737522274796884,0.0,140.5912754437698,140.7631728418209,0.17189739805110094,140.59127544376975,140.68174775853353,0.0904723147637867,2.3428530395172027
UAV_0060,telemetry_08,190,,,,,0.0,0.0,-4680.605940223165,-4680.605940223165,0.0,-4680.605940223167,-4680.605940223167,0.0,0.0
UAV_0060,telemetry_09,190,-0.031203308971007072,-0.011453590345847165,0.031203308971007072,0.011453590345847165,-0.005446643777011801,-0.006544817771736688,-153.10495679113453,-151.7323915443475,1.372565246787019,-151.6184290903173,-152.86504621764024,-1.246617127322935,-0.1298679267569106
UAV_0060,telemetry_10,190,-0.10054402856889401,-0.1474987643629143,0.10054402856889401,0.1474987643629143,-0.0035148349039448713,-0.0020511114910539826,-62.27357515310991,-64.11388355521949,-1.840308402109578,-62.17285472995865,-62.444848416304254,-0.2719936863456027,-0.14148399490514138
UAV_0060,telemetry_11,190,-0.4062983757357907,-0.7761793850809265,0.4062983757357907,0.7761793850809265,-0.0034368935387351016,-0.0034029992134377474,62.48700650416341,61.73648048577579,-0.7505260183876175,62.41978388906827,61.85498459394225,-0.5647992951260221,-1.2141442612698101
UAV_0060,telemetry_12,190,0.7299192509734121,0.7129454954579828,-0.7299192509734121,-0.7129454954579828,0.033905686641637005,0.032010752803042816,639.3254119691908,647.315951340556,7.99053937136523,637.9340768242646,643.3837648604369,5.449688036172347,2.1333939296507705
UAV_0060,telemetry_13,190,0.6665836053666887,0.6469025968061516,-0.6665836053666887,-0.6469025968061516,0.06106939461997604,0.06175344419542471,7125.114955894824,7146.131825005743,21.016869110919288,7127.788631510399,7137.799965642454,10.011334132054799,1.9871017617549553
UAV_0060,telemetry_14,190,,,,,0.0,0.0,-648.8153498138018,-648.8153498138018,0.0,-648.8153498138018,-648.8153498138018,0.0,0.0
UAV_0060,telemetry_15,190,0.8143705590387258,0.8436694783870692,-0.8143705590387258,-0.8436694783870692,1.3566984627230718,1.0122922050038012,49944.94228324939,50338.073668017394,393.1313847680067,49972.244246088485,50193.62370744484,221.37946135635866,2.41642431539911
UAV_0060,telemetry_16,190,-0.7291808695502434,-0.7107265184045245,0.7291808695502434,0.7107265184045245,-0.03938369959960163,-0.03211680345059112,-694.5992033130013,-701.5364328583291,-6.937229545327796,-692.2259405738105,-698.4785750982177,-6.252634524407199,-2.105130091238566
UAV_0060,telemetry_17,190,,,,,0.0,0.0,40.41581228213973,40.41581228213973,0.0,40.41581228213974,40.41581228213974,0.0,0.0
UAV_0060,telemetry_18,190,-0.04393798873082278,-0.023709360661689133,0.04393798873082278,0.023709360661689133,-3.4522780726996133e-05,1.3292877606965605e-05,-103.1538949621259,-103.151482067549,0.0024128945769064103,-103.13676127089627,-103.14426617796872,-0.0075049070724446665,-0.1736908183253286
UAV_0060,telemetry_19,190,0.8153553460110786,0.8676919174025816,-0.8153553460110786,-0.8676919174025816,0.030358521653006107,0.02451230887071481,33503.198731495046,33511.07441517055,7.87568367550557,33503.22237451274,33508.0322058548,4.809831342055986,2.3490555703681983
UAV_0060,telemetry_20,190,,,,,0.0,0.0,-164.8973841769026,-164.8973841769026,0.0,-164.89738417690265,-164.89738417690265,0.0,0.0
UAV_0060,telemetry_21,190,0.8150420343556666,0.8590993447041768,-0.8150420343556666,-0.8590993447041768,0.03156416515017808,0.024444415966659735,34959.73204297459,34967.531192249604,7.799149275015225,34959.778512582976,34964.9172767776,5.1387641946275835,2.4129122518278923
UAV_0060,telemetry_22,190,0.6508167488674637,0.6283418085979624,-0.6508167488674637,-0.6283418085979624,1.072712778654101,1.0809023771127326,22870.114313838527,23221.061505256013,350.94719141748647,22942.10790484188,23131.45959839567,189.35169355379185,2.089015198052902
UAV_0060,telemetry_23,190,-0.8375030014193332,-0.8947228455081859,0.8375030014193332,0.8947228455081859,-0.5569201967314777,-0.44596743660628313,-17346.116072610846,-17502.492973015607,-156.37690040476082,-17351.571521349157,-17442.03300396106,-90.4614826119032,-2.4737410986080928
UAV_0060,telemetry_24,190,-0.5389044348532813,-0.8940352626767617,0.5389044348532813,0.8940352626767617,-0.4012908720149867,-0.32057899113315313,-3639.635351954181,-3749.261496490551,-109.62614453637025,-3641.6778530999086,-3706.373989991078,-64.69613689116932,-1.5798940532412142
UAV_0060,telemetry_25,190,-0.792237122240676,-0.7970933518814736,0.792237122240676,0.7970933518814736,-0.012460318797555915,-0.011321316636260313,-170.9846509141045,-174.1749209551403,-3.1902700410358023,-171.0630084238843,-173.13068720236012,-2.0676787784758233,-2.390596305127101
UAV_0060,telemetry_26,190,-0.8432289559741666,-0.9405458414968506,0.8432289559741666,0.9405458414968506,-0.8238993944330647,-0.6340120443325152,-7464.646336885758,-7684.240012881978,-219.59367599622055,-7465.477272708242,-7598.853803159815,-133.37653045157276,-2.4822635076200728
UAV_0060,telemetry_27,190,,,,,0.0,0.0,969.0302044744708,969.0302044744708,0.0,969.0302044744705,969.0302044744705,0.0,0.0
UAV_0060,telemetry_28,190,-0.7327917844671277,-0.6985797827903093,0.7327917844671277,0.6985797827903093,-0.8565302833945079,-0.83641712678581,-9673.166721188762,-9899.686097372458,-226.5193761836963,-9689.180843961332,-9829.61518424001,-140.43434027867806,-2.184783094164966
UAV_0061,telemetry_01,199,0.09133983042751041,0.08504339881224304,-0.09133983042751041,-0.08504339881224304,0.018575046714128064,0.008289832655161197,89.36665206831864,83.90063614157796,-5.466015926740681,86.8091542892719,88.8787755144616,2.0696212251896924,0.1767137093087072
UAV_0061,telemetry_02,199,0.009343304958780623,-0.017237703669864473,-0.009343304958780623,0.017237703669864473,0.0012172110440560277,0.017206116955865217,-0.2385362951081795,-1.557562718141119,-1.3190264230329394,10.648356345142357,9.98032273911522,-0.6680336060271372,-0.08903936161079008
UAV_0061,telemetry_03,199,,,,,0.0,0.0,30377.82504938608,30377.82504938608,0.0,30377.82504938608,30377.82504938608,0.0,0.0
UAV_0061,telemetry_04,199,0.010960316596602848,-0.07964358923630624,-0.010960316596602848,0.07964358923630624,1.0903076686211174e-05,-6.77304253370609e-05,-125.86674324388348,-125.949238901944,-0.08249565806052317,-125.88786497702483,-125.89163417519485,-0.0037691981700191945,-0.0657918488855954
UAV_0061,telemetry_05,199,0.014700409347762532,0.016299680219278207,-0.014700409347762532,-0.016299680219278207,6.597040571362431e-07,-8.871322794294182e-07,-113.52761445917253,-113.52499840594405,0.0026160532284791316,-113.52494321356933,-113.52502199554199,-7.878197266109055e-05,-0.030482895090646365
UAV_0061,telemetry_06,199,0.6838174754940853,0.6646855444334633,-0.6838174754940853,-0.6646855444334633,0.013290700375930123,0.01414829806901533,-138.07743732379492,-134.40543644406557,3.672000879729353,-137.6071031047013,-135.44394767513432,2.1631554295669844,1.932542888471191
UAV_0061,telemetry_07,199,,,,,0.0,0.0,140.5912754437698,140.5912754437698,0.0,140.5912754437698,140.5912754437698,0.0,0.0
UAV_0061,telemetry_08,199,,,,,0.0,0.0,-4680.605940223165,-4680.605940223165,0.0,-4680.605940223165,-4680.605940223165,0.0,0.0
UAV_0061,telemetry_09,199,0.011840501049199259,0.02715699710674585,-0.011840501049199259,-0.02715699710674585,0.0019831522769015826,0.01738725916798107,-152.48914695553293,-139.47152597819314,13.017620977339789,-152.63983848249845,-153.16020456487345,-0.5203660823750056,-0.05394759470049121
UAV_0061,telemetry_10,199,-0.052171640601070775,-0.004017054971828841,0.052171640601070775,0.004017054971828841,-0.001822758247875503,0.0008536617397054706,-59.97683586484618,-62.91952864573823,-2.9426927808920524,-62.45651099244915,-62.37378715803741,0.08272383441173758,0.04111356773143021
UAV_0061,telemetry_11,199,0.23986386856607392,0.6807076477924923,-0.23986386856607392,-0.6807076477924923,0.0017426410139440595,0.0019278254742772646,62.47632285977355,63.05591056792343,0.5795877081498801,62.5481303046289,62.924234650818406,0.37610434618950705,0.8989061292017982
UAV_0061,telemetry_12,199,-0.7483198350445068,-0.7360340057914471,0.7483198350445068,0.7360340057914471,-0.02832441586717863,-0.02752862608263185,637.4609527825389,629.7367647235526,-7.7241880589863285,637.008155551495,632.2604434083421,-4.747712143152853,-2.178009457000016
UAV_0061,telemetry_13,199,0.6628235796259541,0.6420420283234354,-0.6628235796259541,-0.6420420283234354,0.057894015804054545,0.05234030380836854,7137.35618771793,7151.2299400838765,13.87375236594653,7134.298849159879,7143.978475781169,9.679626621290481,1.9242963973796594
UAV_0061,telemetry_14,199,,,,,0.0,0.0,-648.8153498138018,-648.8153498138018,0.0,-648.8153498138018,-648.8153498138018,0.0,
UAV_0061,telemetry_15,199,0.8319039060744388,0.8831992410534317,-0.8319039060744388,-0.8831992410534317,1.7349213916950346,1.455211494519983,50031.22888621306,50439.84128409321,408.6123978801479,50011.442794554205,50303.77181366554,292.32901911133376,2.4339652745440117
UAV_0061,telemetry_16,199,-0.7146001417788863,-0.7103880191471496,0.7146001417788863,0.7103880191471496,-0.03326796123895769,-0.031532861569671285,-692.8648959266694,-706.7393550173249,-13.874459090655478,-695.0761378442427,-700.7126368498214,-5.636499005578685,-2.102303594825642
UAV_0061,telemetry_17,199,,,,,0.0,0.0,40.41581228213973,40.41581228213973,0.0,40.41581228213973,40.41581228213973,0.0,0.0
UAV_0061,telemetry_18,199,-0.010423549767663475,0.0734749505101264,0.010423549767663475,-0.0734749505101264,-1.5285880825094645e-06,5.2346280164062494e-08,-103.32097228920084,-103.3286598641159,-0.00768757491506733,-103.32595156638197,-103.32634357359439,-0.00039200721241172687,-0.04641606498472398
UAV_0061,telemetry_19,199,0.5466123787253897,0.5369331506014923,-0.5466123787253897,-0.5369331506014923,0.00515594768919828,0.004769998892122878,33504.54685332369,33506.12588120184,1.5790278781496454,33504.82511353925,33505.739239605195,0.914126065945311,1.6827753434841817
UAV_0061,telemetry_20,199,,,,,0.0,0.0,-164.8973841769026,-164.8973841769026,0.0,-164.8973841769026,-164.8973841769026,0.0,
UAV_0061,telemetry_21,199,0.521944013588478,0.5151825817129747,-0.521944013588478,-0.5151825817129747,0.004994981669042844,0.004459204845514967,34961.64504185337,34963.263733212334,1.6186913589626784,34961.527318845445,34962.307233772946,0.7799149275015225,1.4150974287163611
UAV_0061,telemetry_22,199,0.6361733660104594,0.6154470489321923,-0.6361733660104594,-0.6154470489321923,0.9153355619105089,1.0061291312574938,23072.46618136816,23250.052161583157,177.5859802149971,23035.819952226993,23188.009971817723,152.1900195907292,1.8366669341245612
UAV_0061,telemetry_23,199,-0.8451800201443473,-0.9012425765189584,0.8451800201443473,0.9012425765189584,-0.6772271979901787,-0.5707943929296307,-17377.522547589888,-17555.70032533688,-178.1777777469906,-17372.95577904603,-17487.94587876049,-114.99009971445776,-2.4918641845596854
UAV_0061,telemetry_24,199,0.17063062468594886,0.6685488046292065,-0.17063062468594886,-0.6685488046292065,0.09922931002948648,0.06002302270849243,-3650.952606128106,-3632.942409542244,18.01019658586165,-3643.949607928889,-3634.2252888702264,9.724319058662331,0.2903523169242597
UAV_0061,telemetry_25,199,-0.767465201645995,-0.7602719157544159,0.767465201645995,0.7602719157544159,-0.008563184751100213,-0.008086448367902932,-172.41267655152052,-174.1141539067396,-1.7014773552190832,-172.19391517727803,-173.53762653503813,-1.3437113577600996,-2.091117583397794
UAV_0061,telemetry_26,199,0.7467760870700141,0.741689850463226,-0.7467760870700141,-0.741689850463226,0.10840212722561868,0.10699157119243781,-7471.679075528774,-7440.82114066656,30.85793486221428,-7471.341791124466,-7453.950115510845,17.391675613621373,2.080382114954885
UAV_0061,telemetry_27,199,,,,,0.0,0.0,969.0302044744708,969.0302044744708,0.0,969.0302044744709,969.0302044744709,0.0,0.0
UAV_0061,telemetry_28,199,-0.7659927291988299,-0.751093345515456,0.7659927291988299,0.751093345515456,-0.6893391647908194,-0.5962768849539378,-9724.080594166084,-9898.965955077378,-174.8853609112939,-9762.665023341897,-9878.972343278925,-116.3073199370283,-2.2441290574366572
UAV_0062,telemetry_01,246,-0.07501496906282384,-0.07367614963433777,0.07501496906282384,0.07367614963433777,-0.011666837584356042,-0.015199302224017153,68.75715974047769,78.39067010922457,9.633510368746883,87.67090275629488,84.29701944360944,-3.373883312685436,-0.30485928978242277
UAV_0062,telemetry_02,246,-0.02643753720367393,-0.03789062578719647,0.02643753720367393,0.03789062578719647,-0.002717882780734629,-0.012406778547725882,16.20538161207225,19.650627642810854,3.445246030738602,10.17969425511443,9.376019497603316,-0.8036747575111143,-0.10986141652660426
UAV_0062,telemetry_03,246,,,,,0.0,0.0,30377.82504938608,30377.82504938608,0.0,30377.82504938608,30377.82504938608,0.0,0.0
UAV_0062,telemetry_04,246,-0.025780818974015136,0.018621645678926615,0.025780818974015136,-0.018621645678926615,-2.6202086076705494e-05,1.1224572446101892e-05,-125.9108357507779,-125.86247622708724,0.048359523690663764,-125.89257614974615,-125.89581266122266,-0.0032365114765156022,-0.04475201396550195
UAV_0062,telemetry_05,246,-0.13321207788770864,-0.13860824669553806,0.13321207788770864,0.13860824669553806,-4.7642610669654866e-06,-2.6115586231379665e-06,-113.5239305614692,-113.52668422256492,-0.002753661095724169,-113.52589648938918,-113.52678140272639,-0.0008849133372024198,-0.34771496694131565
UAV_0062,telemetry_06,246,-0.7434267493024854,-0.7232535592441173,0.7434267493024854,0.7232535592441173,-0.016318938725791342,-0.015282175056428326,-137.98476063037742,-143.77955874446587,-5.794798114088451,-138.1969902583034,-141.6177120600965,-3.4207218017930927,-2.1899722922516016
UAV_0062,telemetry_07,246,0.6533906097078944,0.667423579403367,-0.6533906097078944,-0.667423579403367,0.00033685062938414894,0.0,140.5912754437698,140.7631728418209,0.17189739805110094,140.59127544376977,140.67206722085382,0.08079177708404472,2.202304059252987
UAV_0062,telemetry_08,246,,,,,0.0,0.0,-4680.605940223165,-4680.605940223165,0.0,-4680.605940223166,-4680.605940223166,0.0,
UAV_0062,telemetry_09,246,0.04687127239639929,0.049564409549738724,-0.04687127239639929,-0.049564409549738724,0.006533558705056112,0.016555006135819943,-161.77509210329333,-145.34854237563934,16.426549727653992,-153.73398547264088,-153.9170942462533,-0.1831087736124175,-0.018460382373283308
UAV_0062,telemetry_10,246,0.06702969267524282,0.05220112731574311,-0.06702969267524282,-0.05220112731574311,0.002466732164775068,0.0010947464924072376,-62.74228679118308,-64.52671202879719,-1.7844252376141085,-62.871870854083724,-62.526793189729105,0.3450776643546192,0.1317761072625184
UAV_0062,telemetry_11,246,-0.25299233895757484,-0.7142530675003606,0.25299233895757484,0.7142530675003606,-0.0023907901352014536,-0.0024820834404098557,62.40313989570302,61.46137664273691,-0.941763252966112,62.35860916178473,62.02284809693255,-0.3357610648521785,-0.49931066379127215
UAV_0062,telemetry_12,246,0.7514215312769609,0.7462516294548308,-0.7514215312769609,-0.7462516294548308,0.02793515739261987,0.029376982982960403,636.3955475330235,647.4491269967455,11.053579463721917,637.4875879137768,643.2594208530262,5.771832939249407,2.181829742698547
UAV_0062,telemetry_13,246,0.683147952477663,0.6525054259879126,-0.683147952477663,-0.6525054259879126,0.05004996922725519,0.055386224451779154,7124.024835324848,7146.238479510785,22.213644185936573,7128.387580875352,7138.266888638654,9.879307763301767,1.8950124343148573
UAV_0062,telemetry_14,246,,,,,0.0,0.0,-648.8153498138018,-648.8153498138018,0.0,-648.8153498138018,-648.8153498138018,0.0,0.0
UAV_0062,telemetry_15,246,0.8434123092664971,0.9075057318098905,-0.8434123092664971,-0.9075057318098905,1.1554946072681287,0.9168665119259435,49950.30821209702,50335.853283666656,385.5450715696352,49949.30410495174,50190.63768003421,241.3335750824699,2.475508098767349
UAV_0062,telemetry_16,246,-0.7398983966813227,-0.7288184115996186,0.7398983966813227,0.7288184115996186,-0.03153553049107566,-0.028666237790610963,-692.8648959266694,-699.8021254719972,-6.937229545327796,-692.3792898584965,-698.865599483378,-6.486309624881528,-2.1386721493593943
UAV_0062,telemetry_17,246,,,,,0.0,0.0,40.41581228213973,40.41581228213973,0.0,40.41581228213974,40.41581228213974,0.0,0.0
UAV_0062,telemetry_18,246,-0.048608977424819746,-0.0025154013417354694,0.048608977424819746,0.0025154013417354694,-2.5365309410737227e-05,5.473049828920639e-06,-103.15701960555104,-103.15689853485031,0.00012107070072886472,-103.14448042264121,-103.15376003114879,-0.009279608507583248,-0.2499082353966135
UAV_0062,telemetry_19,246,0.7500555905130708,0.8627246217930243,-0.7500555905130708,-0.8627246217930243,0.02798873194314479,0.020770951014578452,33502.48729177089,33511.88771585446,9.400424083563848,33502.13205285008,33508.1845575109,6.052504660816339,2.279396909044775
UAV_0062,telemetry_20,246,,,,,0.0,0.0,-164.8973841769026,-164.8973841769026,0.0,-164.8973841769026,-164.8973841769026,0.0,
UAV_0062,telemetry_21,246,0.7602351664200528,0.870223291751925,-0.7602351664200528,-0.870223291751925,0.02976816388677125,0.02192404370934062,34959.879196734495,34967.82549976942,7.946303034921584,34958.51949599296,34964.95011530085,6.43061930789554,2.307933547588932
UAV_0062,telemetry_22,246,0.7015101422031914,0.6776637562778066,-0.7015101422031914,-0.6776637562778066,0.9794549264365328,0.9536135315540473,22946.597201133744,23358.87638407749,412.2791829437447,22927.425490718408,23129.51513120589,202.08964048748385,2.0340805330374065
UAV_0062,telemetry_23,246,-0.8459246376106686,-0.9004117100577764,0.8459246376106686,0.9004117100577764,-0.4531698120830718,-0.382937404279209,-17360.383500875367,-17500.870167716253,-140.48666684088676,-17346.27207768644,-17440.771201975997,-94.49912428955577,-2.478980321006357
UAV_0062,telemetry_24,246,-0.4910432958246825,-0.9014950939396197,0.4910432958246825,0.9014950939396197,-0.37716768051259564,-0.2547167529523083,-3637.565526406255,-3748.417789006543,-110.85226260028821,-3643.1207828418464,-3719.294268896015,-76.17348605416873,-1.3936821550187568
UAV_0062,telemetry_25,246,-0.7783704461744467,-0.7863202707812215,0.7783704461744467,0.7863202707812215,-0.010274996482596405,-0.008900224260705934,-171.50117082551026,-174.6306738181454,-3.129502992635139,-171.0551406902493,-173.21783994282956,-2.1626992525802677,-2.30237138516094
UAV_0062,telemetry_26,246,-0.848600983611595,-0.9425545679293345,0.848600983611595,0.9425545679293345,-0.6700524261222011,-0.5322236191849394,-7453.594890446733,-7687.541094285842,-233.94620383910842,-7458.0326920557545,-7597.062758764264,-139.03006670850937,-2.4744465137620084
UAV_0062,telemetry_27,246,,,,,0.0,0.0,969.0302044744708,969.0302044744708,0.0,969.0302044744708,969.0302044744708,0.0,0.0
UAV_0062,telemetry_28,246,-0.7699624862212423,-0.7508982856497985,0.7699624862212423,0.7508982856497985,-0.6756460458534428,-0.6463238721281177,-9680.795241410851,-9864.237260584254,-183.4420191734025,-9678.801617197125,-9817.551253679248,-138.7496364821236,-2.2220650754023437
UAV_0063,telemetry_01,231,0.06697394353166647,0.05688778987129812,-0.06697394353166647,-0.05688778987129812,0.011083336145979814,0.011799502065031229,88.55783259972888,85.09049472047306,-3.4673378792558225,88.94713299658147,89.15140116219347,0.20426816561199246,0.01847041680849277
UAV_0063,telemetry_02,231,-0.0462040907689794,-0.054361455635818456,0.0462040907689794,0.054361455635818456,-0.005204191556872849,-0.011767180149873654,13.322934753435067,8.57282232294297,-4.750112430492097,11.9462203785321,10.03275414968505,-1.9134662288470494,-0.25420763890017134
UAV_0063,telemetry_03,231,,,,,0.0,0.0,30377.82504938608,30377.82504938608,0.0,30377.825049386087,30377.825049386087,0.0,0.0
UAV_0063,telemetry_04,231,0.012985027479128873,-0.01729091638697833,-0.012985027479128873,0.01729091638697833,1.2879747708031546e-05,0.00011242455587683178,-125.92790381796284,-125.93643785155533,-0.008534033592482615,-125.89369811131205,-125.89793066761814,-0.004232556306092761,-0.06385264646147465
UAV_0063,telemetry_05,231,-0.07508552219584555,-0.07585525419108628,0.07508552219584555,0.07585525419108628,-2.850353856278009e-06,3.001856135023899e-06,-113.52946655959632,-113.52240434606416,0.007062213532151418,-113.52595282654937,-113.52620964450965,-0.00025681796027754444,-0.10123331528631391
UAV_0063,telemetry_06,231,0.7130894733351764,0.7028595085624602,-0.7130894733351764,-0.7028595085624602,0.012355254191994665,0.011455066234775702,-137.75933083557825,-134.4217174848011,3.3376133507771613,-137.87881395613138,-135.50727119760543,2.3715427585259476,2.0481602843883997
UAV_0063,telemetry_07,231,,,,,0.0,0.0,140.5912754437698,140.5912754437698,0.0,140.59127544376975,140.59127544376975,0.0,0.0
UAV_0063,telemetry_08,231,,,,,0.0,0.0,-4680.605940223165,-4680.605940223165,0.0,-4680.605940223167,-4680.605940223167,0.0,
UAV_0063,telemetry_09,231,-0.0346173825597942,-0.05210771237757745,0.0346173825597942,0.05210771237757745,-0.005009093829996455,-0.02441677730038601,-152.9303961367279,-163.13853438731,-10.208138250582095,-153.5969406017715,-154.30031247937697,-0.7033718776054627,-0.07273789045232887
UAV_0063,telemetry_10,231,0.02940757832274522,0.06735917755408011,-0.02940757832274522,-0.06735917755408011,0.001150213225380113,0.0017593560987074642,-61.43758422821495,-61.662286896933466,-0.22470266871851408,-63.30881958528691,-63.09845653545464,0.21036304983227438,0.0804805627879534
UAV_0063,telemetry_11,231,0.10717769674946417,0.6510100910719048,-0.10717769674946417,-0.6510100910719048,0.0010459849564236569,0.002378657909742955,62.60506077467136,63.13016189643295,0.525101121761594,62.557279797845155,62.75597432140379,0.19869452355863615,0.3046530421505045
UAV_0063,telemetry_12,231,-0.7474751892323952,-0.7352661404651544,0.7474751892323952,0.7352661404651544,-0.024786686631979773,-0.023852356332433863,638.5263580320543,630.1362916921208,-8.390066339933469,637.2881077819527,632.4711159623353,-4.816991819617442,-2.1736762239797507
UAV_0063,telemetry_13,231,0.7118752930558555,0.6921620358651843,-0.7118752930558555,-0.6921620358651843,0.05270902273763401,0.05870589258370171,7134.883931019319,7143.878594334514,8.994663315194884,7132.773594504486,7143.092890896905,10.319296392419346,2.0854975461574883
UAV_0063,telemetry_14,231,,,,,0.0,0.0,-648.8153498138018,-648.8153498138018,0.0,-648.8153498138018,-648.8153498138018,0.0,0.0
UAV_0063,telemetry_15,231,0.5480551008656426,0.5516875796431617,-0.5480551008656426,-0.5516875796431617,0.20828385556703416,0.22804138258774292,49947.40937697244,50008.346591931775,60.93721495933278,49956.50744121812,49994.57942158682,38.0719803687025,1.4990451868311634
UAV_0063,telemetry_16,231,-0.746909025544557,-0.747587948641067,0.746909025544557,0.747587948641067,-0.028498777598762546,-0.02569485262893018,-696.3335106993333,-703.270740244661,-6.937229545327796,-694.7099037844694,-700.1711270435571,-5.461223259087774,-2.1417661337368505
UAV_0063,telemetry_17,231,,,,,0.0,0.0,40.41581228213973,40.41581228213973,0.0,40.41581228213974,40.41581228213974,0.0,0.0
UAV_0063,telemetry_18,231,-0.07027071561431252,-0.007094180182635955,0.07027071561431252,0.007094180182635955,-1.1880149911286653e-05,-1.102300382813742e-06,-103.3293944248715,-103.32196719195431,0.007427232917180504,-103.32308699039629,-103.32711790987382,-0.0040309194775289825,-0.3567773034215378
UAV_0063,telemetry_19,231,0.7625009403174778,0.7542446309312877,-0.7625009403174778,-0.7542446309312877,0.009383007533777805,0.008086685156027854,33503.17346338543,33508.17002428273,4.996560897299787,33504.86054325329,33506.69957786665,1.839034613360127,2.2362938146065927
UAV_0063,telemetry_20,231,,,,,0.0,0.0,-164.8973841769026,-164.8973841769026,0.0,-164.89738417690265,-164.89738417690265,0.0,0.0
UAV_0063,telemetry_21,231,0.7539930353102077,0.7392625691649057,-0.7539930353102077,-0.7392625691649057,0.009151445883663597,0.008408786280321823,34962.23365689299,34964.73527081139,2.5016139184008352,34961.463447851784,34963.27625693659,1.8128090848040301,2.2349629497951513
UAV_0063,telemetry_22,231,0.6581542211683313,0.6502806360116247,-0.6581542211683313,-0.6502806360116247,0.86738456767923,0.8675311684970808,23046.243477152657,23186.09789963534,139.85442248268373,23011.242676206854,23185.068828973457,173.82615276660363,1.9736572708745188
UAV_0063,telemetry_23,231,-0.7428381188983205,-0.7376574699663155,0.7428381188983205,0.7376574699663155,-0.13884458704495908,-0.14397509834141098,-17345.757405793694,-17381.26411264388,-35.506706850184855,-17354.110261886384,-17381.62371652406,-27.51345463767575,-2.202677895967561
UAV_0063,telemetry_24,231,0.25935907233043176,0.7880313090208143,-0.25935907233043176,-0.7880313090208143,0.18977965843739653,0.06955075042601783,-3647.172573617052,-3624.4830627983615,22.68951081869045,-3660.019925835099,-3620.1644464154892,39.855479419609765,0.8150428871611395
UAV_0063,telemetry_25,231,-0.8207569828689752,-0.8140712994892373,0.8207569828689752,0.8140712994892373,-0.008908503248642811,-0.0082864156910022,-171.77462254331334,-174.08377038253926,-2.309147839225915,-171.9659740999793,-173.65775458577275,-1.6917804857934584,-2.332354150413866
UAV_0063,telemetry_26,231,0.7978284595101615,0.7902410751737939,-0.7978284595101615,-0.7902410751737939,0.12290359749962877,0.1244788421090805,-7479.285915285505,-7435.941281199977,43.344634085528014,-7473.489937020439,-7450.590020787709,22.899916232729993,2.224433685409006
UAV_0063,telemetry_27,231,,,,,0.0,0.0,969.0302044744708,969.0302044744708,0.0,969.0302044744705,969.0302044744705,0.0,0.0
UAV_0063,telemetry_28,231,-0.787510292699031,-0.7919050215152165,0.787510292699031,0.7919050215152165,-0.693374385090174,-0.6698655981208359,-9788.058171370296,-9972.62462406426,-184.56645269396358,-9749.695012041164,-9882.65057952249,-132.9555674813255,-2.2596210591574355
UAV_0064,telemetry_01,195,0.0018049273824277587,0.011391995338976191,-0.0018049273824277587,-0.011391995338976191,0.00034739054271595084,0.0017313724867989697,73.73078063879153,79.49149439655042,5.760713757758893,85.21239028389533,85.735214261332,0.5228239774366727,0.04813295455540955
UAV_0064,telemetry_02,195,0.1158001215734942,0.09413973360954214,-0.1158001215734942,-0.09413973360954214,0.01640666922719458,-0.007645902683717962,11.977713828958656,5.724666452644443,-6.253047376314213,10.165025822555581,13.525262935445303,3.360237112889722,0.4202462035301807
UAV_0064,telemetry_03,195,,,,,0.0,0.0,30377.82504938608,30377.82504938608,0.0,30377.825049386087,30377.825049386087,0.0,0.0
UAV_0064,telemetry_04,195,-0.004552943004276137,0.02681101923044273,0.004552943004276137,-0.02681101923044273,-3.0412542989204457e-06,-9.991289451812533e-06,-125.85678687135892,-125.88238897213634,-0.025602100777419423,-125.88629128664229,-125.88683834007773,-0.000547053435440148,-0.014511573611904442
UAV_0064,telemetry_05,195,-0.001852147514122038,-0.0024664584311123337,0.001852147514122038,0.0024664584311123337,-8.801181280665395e-08,-7.837778418831439e-07,-113.52067262847136,-113.52151423187716,-0.0008416034058029709,-113.52402291292837,-113.52394018671217,8.272621620619702e-05,0.030847718496170136
UAV_0064,telemetry_06,195,0.6996557142948134,0.6836813467848751,-0.6996557142948134,-0.6836813467848751,0.014434929700362115,0.014011893203037896,-138.7023788104882,-134.2864596079216,4.4159192025665845,-138.05849094502972,-135.75791887534172,2.300572069688002,1.9758357398531707
UAV_0064,telemetry_07,195,,,,,0.0,0.0,140.5912754437698,140.5912754437698,0.0,140.59127544376975,140.59127544376975,0.0,0.0
UAV_0064,telemetry_08,195,,,,,0.0,0.0,-4680.605940223165,-4680.605940223165,0.0,-4680.605940223167,-4680.605940223167,0.0,0.0
UAV_0064,telemetry_09,195,-0.06099982540167666,-0.055440288724530246,0.06099982540167666,0.055440288724530246,-0.010888033186754315,-0.008908074291004497,-139.59417314223938,-155.79678379568205,-16.20261065344266,-150.45613195753575,-152.15705129399873,-1.700919336462988,-0.16885275696094917
UAV_0064,telemetry_10,195,-0.05864277913242702,-0.05920471281296023,0.05864277913242702,0.05920471281296023,-0.0015257612403869515,0.0006555598492261956,-61.65816691425598,-62.51783019849712,-0.8596632842411438,-62.38154380897688,-62.35695534114533,0.02458846783154911,0.016745754303450096
UAV_0064,telemetry_11,195,0.4311878600484229,0.6553889614861313,-0.4311878600484229,-0.6553889614861313,0.0025186277537559056,0.0021807341180884515,62.57568075259925,63.01157344370551,0.43589269110626105,62.49834760359265,62.86967273104021,0.3713251274475624,1.1264246887150304
UAV_0064,telemetry_12,195,-0.6662740340097104,-0.6405919535595905,0.6662740340097104,0.6405919535595905,-0.025705753145523157,-0.026056106645757172,638.6595336882438,631.3348725978258,-7.324661090417976,637.3721690117461,633.0627413678731,-4.30942764387305,-1.9791897381351036
UAV_0064,telemetry_13,195,0.6557526361177233,0.6403793555487222,-0.6557526361177233,-0.6403793555487222,0.06483542308408316,0.056536407179557414,7136.723294833642,7155.520510564638,18.79721573099596,7132.815441034936,7143.125431341785,10.309990306848704,1.847699046012792
UAV_0064,telemetry_14,195,,,,,0.0,0.0,-648.8153498138018,-648.8153498138018,0.0,-648.8153498138018,-648.8153498138018,0.0,
UAV_0064,telemetry_15,195,0.8413780426273554,0.9256877344935541,-0.8413780426273554,-0.9256877344935541,2.782365673818343,2.243418809976272,50034.37443070995,50827.545062670506,793.1706319605582,50044.177965318406,50502.67942639555,458.5014610771468,2.456761360104576
UAV_0064,telemetry_16,195,-0.7167815845266023,-0.6945676790066146,0.7167815845266023,0.6945676790066146,-0.03606205198270369,-0.03664029689433715,-692.8648959266694,-705.005047630993,-12.140151704323557,-694.1989785315402,-700.2912890937831,-6.092310562242915,-2.1456739046453994
UAV_0064,telemetry_17,195,,,,,0.0,0.0,40.41581228213973,40.41581228213973,0.0,40.41581228213974,40.41581228213974,0.0,0.0
UAV_0064,telemetry_18,195,-0.05471519219987577,0.006726116299017623,0.05471519219987577,-0.006726116299017623,-1.1006036098521622e-05,1.8842057429466002e-05,-103.33044612826056,-103.3289127066918,0.0015334215687659025,-103.32638872320094,-103.32783857630302,-0.0014498531020876726,-0.12771628577896146
UAV_0064,telemetry_19,195,0.5725733828100701,0.5345644046674973,-0.5725733828100701,-0.5345644046674973,0.006214974576376842,0.006319547587224812,33504.570069286594,33506.57594524049,2.0058759538951563,33504.17716690743,33505.29149013205,1.1143232246176922,1.819065187181659
UAV_0064,telemetry_20,195,,,,,0.0,0.0,-164.8973841769026,-164.8973841769026,0.0,-164.89738417690265,-164.89738417690265,0.0,0.0
UAV_0064,telemetry_21,195,0.573727487851415,0.5409746076840568,-0.573727487851415,-0.5409746076840568,0.0060541451238399595,0.0068443609258771855,34960.320658014214,34963.41088697224,3.090228958026273,34960.81117054724,34961.86765907989,1.0564885326530202,1.7740379248063294
UAV_0064,telemetry_22,195,0.6178497590017787,0.584807578091559,-0.6178497590017787,-0.584807578091559,0.9207948571371193,0.9310599721683666,22891.23815890101,23270.738961575385,379.5008026743744,23019.830266111658,23171.832300290756,152.0020341790987,1.8072352057725551
UAV_0064,telemetry_23,195,-0.8385699691552017,-0.9300215248668855,0.8385699691552017,0.9300215248668855,-1.0175310686082204,-0.8284208552547434,-17379.818154938905,-17662.219834039897,-282.4016791009926,-17383.598097571525,-17552.644724523154,-169.04662695162915,-2.468558468517107
UAV_0064,telemetry_24,195,0.13824656141434558,0.6563983880626001,-0.13824656141434558,-0.6563983880626001,0.04593087164636771,0.05629545753216956,-3643.3771225855994,-3626.179399121738,17.19772346386162,-3647.297511442106,-3636.9207100564972,10.376801385608815,0.5534245705056169
UAV_0064,telemetry_25,195,-0.799023141667647,-0.8110941093863673,0.799023141667647,0.8110941093863673,-0.009913037209159788,-0.008681006914383543,-171.835389591714,-174.32683857614197,-2.4914489844279615,-171.72398333631278,-173.3039265947305,-1.5799432584177282,-2.2565210706903205
UAV_0064,telemetry_26,195,0.7734529892298966,0.7653193148877662,-0.7734529892298966,-0.7653193148877662,0.11292131007070934,0.11451103829532061,-7478.71181417179,-7442.830494564565,35.88131960722512,-7477.018951913398,-7459.188696170116,17.830255743282578,2.164017997215771
UAV_0064,telemetry_27,195,,,,,0.0,0.0,969.0302044744708,969.0302044744708,0.0,969.0302044744705,969.0302044744705,0.0,0.0
UAV_0064,telemetry_28,195,-0.792726855325006,-0.7928595704737087,0.792726855325006,0.7928595704737087,-0.828643818665791,-0.7762796873422833,-9713.868638775057,-9965.1286541944,-251.26001541934238,-9725.651529354871,-9860.532664400042,-134.8811350451706,-2.28639978002671
UAV_0065,telemetry_01,234,0.02215829954510379,0.022868769741201486,-0.02215829954510379,-0.022868769741201486,0.003759436448727736,0.003846647036016249,76.77175860340286,102.78934069699298,26.01758209359012,86.34912087379062,86.60427333919272,0.2551524654020909,0.02221581312548067
UAV_0065,telemetry_02,234,-0.08244833695556301,-0.0812547267665522,0.08244833695556301,0.0812547267665522,-0.009711680810549279,-0.0074817016335919275,-2.3451689737322177,8.486281130701087,10.831450104433305,11.82760731877062,9.9929329213881,-1.8346743973825195,-0.23008868577438762
UAV_0065,telemetry_03,234,,,,,0.0,0.0,30377.82504938608,30377.82504938608,0.0,30377.825049386087,30377.825049386087,0.0,0.0
UAV_0065,telemetry_04,234,-0.0736777593288277,-0.12391714238404675,0.0736777593288277,0.12391714238404675,-5.8700023933914e-05,-5.079781900287271e-05,-125.88238897213634,-125.92790381796284,-0.04551484582650289,-125.89946387816187,-125.90730382621484,-0.007839948052975387,-0.14536507599485188
UAV_0065,telemetry_05,234,0.021888857368175776,0.02610275610001663,-0.021888857368175776,-0.02610275610001663,8.664263708004665e-07,2.2032594373879376e-06,-113.52589135532936,-113.52667608997308,-0.0007847346437159786,-113.52537854818773,-113.52503742153402,0.00034112665370855666,0.1273080442545047
UAV_0065,telemetry_06,234,0.793441997374948,0.801161821453513,-0.793441997374948,-0.801161821453513,0.01676270604512596,0.017761275805606002,-139.41248266410577,-134.26516901619055,5.147313647915212,-138.7595889487192,-135.49957034527722,3.260018603441978,2.279501575019688
UAV_0065,telemetry_07,234,,,,,0.0,0.0,140.5912754437698,140.5912754437698,0.0,140.59127544376975,140.59127544376975,0.0,0.0
UAV_0065,telemetry_08,234,,,,,0.0,0.0,-4680.605940223165,-4680.605940223165,0.0,-4680.605940223167,-4680.605940223167,0.0,0.0
UAV_0065,telemetry_09,234,0.012520171770064537,0.013795251106912145,-0.012520171770064537,-0.013795251106912145,0.001752510255083065,-0.01353628284941438,-157.70386507350267,-161.0773348805092,-3.373469807006529,-154.5861904240845,-153.70843429511103,0.8777561289734592,0.09263441282520617
UAV_0065,telemetry_10,234,-0.006247968590966037,-0.020347515389064114,0.006247968590966037,0.020347515389064114,-0.0002043707378164464,0.0006206687596436754,-64.102565814477,-62.31741337273682,1.7851524417401805,-62.03322656633485,-62.09028389589545,-0.05705732956060672,-0.0257679773240065
UAV_0065,telemetry_11,234,0.21644666321646605,0.7187645755551756,-0.21644666321646605,-0.7187645755551756,0.0015720266087393554,0.002162718551613935,62.57888584591621,63.25035289581887,0.6714670499026596,62.52255705698195,62.798498366572645,0.2759413095906922,0.5612501712103755
UAV_0065,telemetry_12,234,-0.754616309882187,-0.7496710244301688,0.754616309882187,0.7496710244301688,-0.027934866820230397,-0.028537640612012995,641.1898711558429,628.5381838178479,-12.651687337994986,638.4016829496643,632.966982767296,-5.43470018236826,-2.1687222533474584
UAV_0065,telemetry_13,234,0.7730636011846929,0.7669525555563361,-0.7730636011846929,-0.7669525555563361,0.0630440340923685,0.05688294045392406,7127.169593195304,7152.169812201117,25.00021900581305,7130.053853036976,7142.271919266774,12.218066229797842,2.213209208000131
UAV_0065,telemetry_14,234,,,,,0.0,0.0,-648.8153498138018,-648.8153498138018,0.0,-648.8153498138018,-648.8153498138018,0.0,
UAV_0065,telemetry_15,234,-0.7104694073706606,-0.693249903357483,0.7104694073706606,0.693249903357483,-0.38342656576605527,-0.3842697762496741,50050.78060396823,49866.05696145487,-184.72364251335966,50010.242842160405,49935.871776965505,-74.37106519490044,-2.0357101747372752
UAV_0065,telemetry_16,234,-0.7093432082708535,-0.6997867844001571,0.7093432082708535,0.6997867844001571,-0.028286465799191765,-0.030161867588381228,-694.5992033130013,-699.8021254719972,-5.202922158995875,-693.6028990697895,-699.2117229575014,-5.608823887711878,-2.0777739311433185
UAV_0065,telemetry_17,234,,,,,0.0,0.0,40.41581228213973,40.41581228213973,0.0,40.41581228213974,40.41581228213973,-7.105427357601002e-15,-0.5518832878414537
UAV_0065,telemetry_18,234,-0.19287432155273618,-0.08279164295966417,0.19287432155273618,0.08279164295966417,-5.273515426389651e-05,-3.85118576812441e-06,-103.329582169343,-103.33207752344376,-0.002495354100759073,-103.3189168111836,-103.32865700660375,-0.009740195420150144,-0.5262482009596592
UAV_0065,telemetry_19,234,0.8194982365807613,0.8026949886323461,-0.8194982365807613,-0.8026949886323461,0.014400855370129402,0.013318358923863528,33503.93982229953,33507.7809843461,3.841162046570389,33504.189712526,33506.918408031735,2.7286955057352316,2.2938423859190467
UAV_0065,telemetry_20,234,,,,,0.0,0.0,-164.8973841769026,-164.8973841769026,0.0,-164.89738417690265,-164.89738417690265,0.0,0.0
UAV_0065,telemetry_21,234,0.8220961018087667,0.8264238726401884,-0.8220961018087667,-0.8264238726401884,0.015066300749750195,0.013239945434905446,34960.614965534034,34965.323885851016,4.708920316981676,34960.6995006727,34963.65509959507,2.9555989223663346,2.3823755270760554
UAV_0065,telemetry_22,234,0.724201669042183,0.7196663731307289,-0.724201669042183,-0.7196663731307289,1.0266422073371169,0.9715777957934826,22940.33288846004,23297.253029171057,356.92014071101585,22970.228631031972,23168.94155591988,198.7129248879064,2.0706909499712713
UAV_0065,telemetry_23,234,0.2862080466770017,0.2507997162183995,-0.2862080466770017,-0.2507997162183995,0.039513860357845716,0.05719839638913141,-17372.31031336834,-17349.14346195505,23.166851413290715,-17368.116593047303,-17359.49678298832,8.619810058982694,0.9223140792038169
UAV_0065,telemetry_24,234,0.019134423341660878,0.7411509076562497,-0.019134423341660878,-0.7411509076562497,0.009510786313601163,0.07682529911457583,-3647.936815418482,-3625.1679750351054,22.768840383376755,-3643.438804798399,-3640.9573077510286,2.4814970473703397,0.07374990753575492
UAV_0065,telemetry_25,234,-0.848467216813327,-0.8473241312739572,0.848467216813327,0.8473241312739572,-0.01062901528023365,-0.010374861922067234,-172.1088413095171,-174.38760562454266,-2.278764315025569,-171.4824235446207,-173.5433315265502,-2.060907981929489,-2.43024131475071
UAV_0065,telemetry_26,234,0.8424978284675328,0.8630941614871063,-0.8424978284675328,-0.8630941614871063,0.14522571536089957,0.13744369883445454,-7482.2999461325135,-7444.983373740998,37.316572391515365,-7480.666200941887,-7451.561106714102,29.10509422778523,2.4942675609593445
UAV_0065,telemetry_27,234,,,,,0.0,0.0,969.0302044744708,969.0302044744708,0.0,969.0302044744705,969.0302044744705,0.0,0.0
UAV_0065,telemetry_28,234,-0.8377285539495316,-0.8380571730950693,0.8377285539495316,0.8380571730950693,-0.879513364603889,-0.9285054199306977,-9750.089655870755,-10014.463715989665,-264.37406011890926,-9708.685491196906,-9879.036453264796,-170.35096206789058,-2.396923808582992
UAV_0066,telemetry_01,165,0.05337270209059759,0.03992733684182407,-0.05337270209059759,-0.03992733684182407,0.011983501064719604,0.015595157749890898,76.84389378321609,101.4875101442242,24.643616361008114,85.72599403149732,87.51671143756849,1.7907174060711668,0.1669387408426984
UAV_0066,telemetry_02,165,0.039276143762253315,0.01822456121603933,-0.039276143762253315,-0.01822456121603933,0.0066432775834540676,0.004834197514611194,0.7815035830745867,11.471345116607989,10.689841533533402,11.016207349402194,11.159210498582372,0.14300314918017776,0.01769647023536987
UAV_0066,telemetry_03,165,,,,,0.0,0.0,30377.82504938608,30377.825049386025,-5.4569682106375694e-11,30377.825049386083,30377.825049386072,-1.0913936421275139e-11,-1.0213273425479426
UAV_0066,telemetry_04,165,-0.04480520978464858,-0.02543337496339309,0.04480520978464858,0.02543337496339309,-6.950106220520657e-05,3.7692730562047575e-05,-125.8909230057288,-126.31654508951712,-0.4256220837883262,-125.90394633387757,-125.9230541208461,-0.01910778696853299,-0.2578351187248515
UAV_0066,telemetry_05,165,-0.09125689989059933,-0.08912991210963589,0.09125689989059933,0.08912991210963589,-4.945368019393608e-06,-1.9882621212372253e-06,-113.52684399236082,-113.5294933811228,-0.002649388761980731,-113.52450346440875,-113.52597324322214,-0.0014697788133872791,-0.5676931904612514
UAV_0066,telemetry_06,165,0.7579397326718877,0.7472063345372602,-0.7579397326718877,-0.7472063345372602,0.02447899970788175,0.024940913812588443,-137.37484779667068,-134.69223323856016,2.682614558110515,-138.70537695085682,-135.3284082638496,3.3769686870072064,2.188581116018869
UAV_0066,telemetry_07,165,,,,,0.0,0.0,140.5912754437698,140.5912754437698,0.0,140.5912754437698,140.5912754437698,0.0,
UAV_0066,telemetry_08,165,,,,,0.0,0.0,-4680.605940223165,-4680.605940223165,0.0,-4680.605940223165,-4680.605940223165,0.0,0.0
UAV_0066,telemetry_09,165,-0.05448030006025096,-0.08766329174792298,0.05448030006025096,0.08766329174792298,-0.011321082357161122,-0.01354063817954025,-143.50636625737167,-145.67650329205276,-2.1701370346810904,-152.64405597931307,-153.45593739435182,-0.811881415038755,-0.08177842611639498
UAV_0066,telemetry_10,165,0.13048825895750116,0.1258007640317367,-0.13048825895750116,-0.1258007640317367,0.007276083078388399,0.002453585350027255,-62.15753053613447,-47.51449185518169,14.643038680952785,-62.0654684755057,-61.39634826668289,0.669120208822811,0.2511727618028604
UAV_0066,telemetry_11,165,0.2801885298380943,0.7843547928773641,-0.2801885298380943,-0.7843547928773641,0.004113370552162615,0.003435394494328118,62.25196632758651,66.97513090587009,4.72316457828358,62.243409763470396,62.88179384932259,0.638384085852195,0.9101839580176931
UAV_0066,telemetry_12,165,-0.7441558244763926,-0.7187286691944508,0.7441558244763926,0.7187286691944508,-0.04213855220271811,-0.04294213707307358,640.2576415625167,630.4026430044997,-9.854998558016973,638.7200680774207,632.6060947705428,-6.113973306877938,-2.2599686800021352
UAV_0066,telemetry_13,165,0.7603307312552504,0.7421099030267413,-0.7603307312552504,-0.7421099030267413,0.09081067737259715,0.08837410775097396,7128.881912408524,7142.451374241902,13.569461833378227,7130.442941278293,7142.767951029235,12.325009750941717,2.1599689471359085
UAV_0066,telemetry_14,165,,,,,0.0,0.0,-648.8153498138018,-648.8153498138018,0.0,-648.8153498138018,-648.8153498138018,0.0,
UAV_0066,telemetry_15,165,0.6916161309753431,0.6675829735263277,-0.6916161309753431,-0.6675829735263277,0.4390147244184006,0.4355685408085921,50067.248454569584,50138.54746316573,71.29900859614281,50043.00552071984,50100.31124847925,57.30572775941255,1.8896382294037213
UAV_0066,telemetry_16,165,-0.7484676241319116,-0.7384661758422203,0.7484676241319116,0.7384661758422203,-0.04369474250125957,-0.043090044629543786,-694.5992033130013,-701.5364328583291,-6.937229545327796,-693.3904436194973,-699.4342420870178,-6.043798467520446,-2.166947631755121
UAV_0066,telemetry_17,165,,,,,0.0,0.0,40.41581228213973,40.41581228213982,8.526512829121202e-14,40.41581228213974,40.41581228213974,0.0,0.0
UAV_0066,telemetry_18,165,-0.20727011644743484,-0.08181283893890419,0.20727011644743484,0.08181283893890419,-8.524622390550482e-05,-1.883689180689976e-05,-103.32812408238954,-103.32219244411463,0.005931638274901729,-103.3178427634599,-103.32660905587598,-0.008766292416083843,-0.4461409637649698
UAV_0066,telemetry_19,165,0.8043629976595856,0.8020543370822538,-0.8043629976595856,-0.8020543370822538,0.017226330656933842,0.017046144289655868,33504.15097884493,33506.92281323749,2.771834392558958,33503.72435089796,33506.187088927436,2.4627380294768955,2.4069780424379976
UAV_0066,telemetry_20,165,,,,,0.0,0.0,-164.8973841769026,-164.8973841769026,0.0,-164.8973841769026,-164.8973841769026,0.0,0.0
UAV_0066,telemetry_21,165,0.8182439161139985,0.8092377612086586,-0.8182439161139985,-0.8092377612086586,0.017820963849583774,0.015489869463827313,34960.76211929393,34962.96942569252,2.2073063985881163,34960.45443415958,34962.84902716169,2.3945930021072854,2.3013247678729916
UAV_0066,telemetry_22,165,0.7114659552070588,0.6912502596393078,-0.7114659552070588,-0.6912502596393078,1.4877882218314102,1.4162727891955658,22862.83022933422,23285.015767203826,422.18553786960547,22964.158466684126,23169.680014622303,205.5215479381768,2.0571453394195376
UAV_0066,telemetry_23,165,-0.7575649776338217,-0.747108166590976,0.7575649776338217,0.747108166590976,-0.24861419010832783,-0.24147238490246764,-17379.083430111255,-17429.699931482,-50.61650137074321,-17381.047880347196,-17413.913030929598,-32.86515058240184,-2.0961589375073886
UAV_0066,telemetry_24,165,0.14459248741382477,0.7721155130499828,-0.14459248741382477,-0.7721155130499828,0.1551940806556675,0.09353981148494683,-3652.001944067703,-3979.075074889006,-327.07313082130304,-3657.5223055661127,-3634.606116533162,22.91618903295057,0.446897144080483
UAV_0066,telemetry_25,165,-0.839246356616552,-0.8374544489395963,0.839246356616552,0.8374544489395963,-0.01604735136257479,-0.015191762100170082,-171.8961566401147,-174.44837267294335,-2.552216032828653,-171.40633740149104,-173.66668745942548,-2.2603500579344313,-2.4743231175075224
UAV_0066,telemetry_26,165,0.8385299490491878,0.8339918852421445,-0.8385299490491878,-0.8339918852421445,0.19876907178394404,0.1865003761653634,-7477.994187779646,-7441.251716501847,36.74247127779927,-7480.412371258631,-7454.29511983543,26.117251423200287,2.3061728006195783
UAV_0066,telemetry_27,165,,,,,0.0,0.0,969.0302044744708,969.0302044744708,0.0,969.0302044744708,969.0302044744708,0.0,0.0
UAV_0066,telemetry_28,165,-0.8050290163186538,-0.7986749659391447,0.8050290163186538,0.7986749659391447,-1.1458417754184862,-1.0046789917763463,-9730.320427410776,-9949.604202070792,-219.2837746600162,-9712.97295979022,-9867.733833790973,-154.76087400075266,-2.275844908958759
UAV_0067,telemetry_01,263,0.08304023274402794,0.0679245507054406,-0.08304023274402794,-0.0679245507054406,0.011889897694132638,-0.026255463104030867,91.23258944757106,73.18005314665294,-18.05253630091812,84.94465440566819,87.69954678083835,2.754892375170158,0.2529448621187254
UAV_0067,telemetry_02,263,-0.03164486948451128,-0.034713298485684045,0.03164486948451128,0.034713298485684045,-0.0034384413635063123,0.00818527973680052,11.49394745860363,7.989729298111673,-3.5042181604919573,11.472111335956917,11.873729138707558,0.40161780275064096,0.04859207303542868
UAV_0067,telemetry_03,263,,,,,0.0,0.0,30377.82504938608,30377.82504938608,0.0,30377.825049386083,30377.825049386083,0.0,0.0
UAV_0067,telemetry_04,263,0.003939225181916126,-0.009011704637425608,-0.003939225181916126,0.009011704637425608,2.93801546771686e-06,-8.05097508722764e-05,-125.8781219553401,-125.87101026067972,0.007111694660380863,-125.90498630049595,-125.90425277966831,0.0007335208276373351,0.012929447431264222
UAV_0067,telemetry_05,263,0.046485175962384634,0.04967834968850845,-0.046485175962384634,-0.04967834968850845,1.5102088913227434e-06,-3.5792651060955214e-07,-113.52870577818824,-113.52587248297476,0.002833295213477527,-113.52574865363675,-113.52507805120354,0.000670602433217482,0.2713647088012262
UAV_0067,telemetry_06,263,0.7238724205793693,0.7182895513470853,-0.7238724205793693,-0.7182895513470853,0.011364287077765302,0.01136156314640014,-136.72736333049744,-133.52125069335318,3.2061126371442583,-137.44207502583254,-134.99011248313445,2.451962542698084,2.053262384846491
UAV_0067,telemetry_07,263,,,,,0.0,0.0,140.5912754437698,140.5912754437698,0.0,140.59127544376975,140.59127544376975,0.0,
UAV_0067,telemetry_08,263,,,,,0.0,0.0,-4680.605940223165,-4680.605940223165,0.0,-4680.605940223167,-4680.605940223167,0.0,0.0
UAV_0067,telemetry_09,263,-0.038249911525499274,-0.006390128317101294,0.038249911525499274,0.006390128317101294,-0.005035552672300938,-0.00748128693011749,-149.07216565187397,-154.87941915186042,-5.8072534999864445,-154.9295674172244,-155.8720632341015,-0.9424958168770843,-0.09411817741446117
UAV_0067,telemetry_10,263,0.023448920813293233,-0.07051965391587484,-0.023448920813293233,0.07051965391587484,0.0006299618245979071,-0.0001768925491737633,-62.23413682731334,-63.59723029480926,-1.363093467495915,-62.362090764949485,-62.35416851961729,0.007922245332196098,0.003876749151163323
UAV_0067,telemetry_11,263,0.22051502776572138,0.7066115539079888,-0.22051502776572138,-0.7066115539079888,0.0013263179889224895,0.0014649393494021508,62.65901317884016,63.08422222555655,0.4252090467163896,62.665911731785,62.90439709423629,0.2384853624512857,0.5212703767003557
UAV_0067,telemetry_12,263,-0.7370595497244569,-0.729428670122695,0.7370595497244569,0.729428670122695,-0.021520780943157184,-0.023006186276616273,637.9936554072967,628.8045351302267,-9.18912027707006,636.7297430476121,632.2319237159318,-4.497819331680375,-2.025150682444699
UAV_0067,telemetry_13,263,0.6141495153428874,0.5944580627627095,-0.6141495153428874,-0.5944580627627095,0.03816906815271078,0.04313760396254426,7130.331233633879,7145.386657336809,15.055423702930057,7135.434994346567,7143.457290662526,8.022296315959466,1.6969617008671798
UAV_0067,telemetry_14,263,,,,,0.0,0.0,-648.8153498138018,-648.8153498138018,0.0,-648.815349813802,-648.815349813802,0.0,0.0
UAV_0067,telemetry_15,263,-0.4258466912127022,-0.40261649001434036,0.4258466912127022,0.40261649001434036,-0.13315360500978152,-0.16617641631004249,49995.08596317038,49925.57559752345,-69.51036564692913,50009.80939231378,49981.18994140295,-28.6194509108318,-1.203295882589743
UAV_0067,telemetry_16,263,-0.6809923131413742,-0.6836918500520013,0.6809923131413742,0.6836918500520013,-0.020342416174583287,-0.022695434444535985,-696.3335106993333,-701.5364328583291,-5.202922158995875,-695.4172728348561,-699.9657393763682,-4.548466541512084,-2.0017759372038566
UAV_0067,telemetry_17,263,,,,,0.0,0.0,40.41581228213973,40.41581228213973,0.0,40.41581228213973,40.41581228213973,0.0,0.0
UAV_0067,telemetry_18,263,-0.0626644892716405,0.006267431520675068,0.0626644892716405,-0.006267431520675068,-7.221490682983301e-06,-4.770083316829779e-06,-103.32993848921848,-103.32484769922536,0.00509078999311896,-103.32545059204551,-103.32652411474854,-0.0010735227030238548,-0.12246632000419323
UAV_0067,telemetry_19,263,0.8246810432643944,0.8176719008504337,-0.8246810432643944,-0.8176719008504337,0.009732573495518657,0.00866252189417218,33504.45885404521,33507.356480246344,2.897626201134699,33504.79678281205,33506.89634609452,2.0995632824706263,2.338826867381413
UAV_0067,telemetry_20,263,,,,,0.0,0.0,-164.8973841769026,-164.8973841769026,0.0,-164.89738417690256,-164.89738417690256,0.0,0.0
UAV_0067,telemetry_21,263,0.7863746369700717,0.7707477767332489,-0.7863746369700717,-0.7707477767332489,0.009641139202710935,0.009810250660423965,34962.08650313309,34964.29380953168,2.2073063985881163,34961.54231187004,34963.71907692223,2.1767650521869655,2.3341216444741604
UAV_0067,telemetry_22,263,0.645306386197136,0.6405644604625532,-0.645306386197136,-0.6405644604625532,0.6489932800877122,0.5394214720043763,23126.077043319856,23298.855527762003,172.7784844421476,23038.79172126919,23179.366306068907,140.57458479971683,1.8375677401199277
UAV_0067,telemetry_23,263,-0.04368504653490785,-0.059229569664074624,0.04368504653490785,0.059229569664074624,-0.004521069125209366,-0.002578510685851793,-17369.486422009566,-17375.613658574304,-6.1272365647382685,-17375.58727191472,-17376.894000433836,-1.3067285191173141,-0.16599224946117086
UAV_0067,telemetry_24,263,0.12379530452764288,0.8037214070288112,-0.12379530452764288,-0.8037214070288112,0.05863050968443326,0.06312154019109334,-3646.7901638067137,-3625.733358613612,21.05680519310181,-3649.7338340187343,-3638.1573512964856,11.576482722248784,0.32134231358956283
UAV_0067,telemetry_25,263,-0.8320781879518653,-0.8296999206017388,0.8320781879518653,0.8296999206017388,-0.008100799306085524,-0.00790528685692051,-172.50382712412153,-174.72182439074643,-2.2179972666249057,-172.1552765068799,-173.96682247807004,-1.8115459711901565,-2.446225052504819
UAV_0067,telemetry_26,263,0.815390131319645,0.8174079121967346,-0.815390131319645,-0.8174079121967346,0.09833248072885685,0.0982147051368053,-7475.697783324783,-7437.376533984267,38.32124934051626,-7470.335895564609,-7449.562642530116,20.773253034492882,2.264559582019375
UAV_0067,telemetry_27,263,,,,,0.0,0.0,969.0302044744708,969.0302044744708,0.0,969.0302044744707,969.0302044744707,0.0,0.0
UAV_0067,telemetry_28,263,-0.8370907489193065,-0.8383146473588524,0.8370907489193065,0.8383146473588524,-0.6439025608569927,-0.6884027361989749,-9723.166720828473,-9914.627849050454,-191.4611282219812,-9758.650284142228,-9895.34971253897,-136.6994283967415,-2.336306805074111
UAV_0068,telemetry_01,201,0.8552149716870399,0.865197280922122,-0.8552149716870399,-0.865197280922122,0.34049926342854364,0.36529049371627276,141.94918218274208,221.45725868234865,79.50807649960657,151.92597385461139,204.14423175054958,52.218257895938194,2.2547500581305164
UAV_0068,telemetry_02,201,0.009794214956759273,-0.024668242943697356,-0.009794214956759273,0.024668242943697356,0.0013077013821085465,0.008003687449304082,21.029817709314784,11.0748885072121,-9.954929202102685,10.949376542551649,10.769907736908916,-0.17946880564273293,-0.02310824326752748
UAV_0068,telemetry_03,201,,,,,0.0,0.0,30377.82504938608,30377.82504938608,0.0,30377.825049386083,30377.825049386083,0.0,0.0
UAV_0068,telemetry_04,201,0.025413295504503382,0.023499451346468424,-0.025413295504503382,-0.023499451346468424,2.5574483642548773e-05,0.0,-125.90230171718544,-125.87243259961178,0.029869117573653625,-125.90051386877488,-125.9051549882514,-0.004641119476517019,-0.0792855002552954
UAV_0068,telemetry_05,201,-0.017929743544218203,-0.02406088370031033,0.017929743544218203,0.02406088370031033,-8.033238353500971e-07,-2.1015902989041777e-06,-113.52230606368325,-113.52248634147684,-0.00018027779358931184,-113.5258741850833,-113.52587377466072,4.1042257237222657e-07,0.00015748223593870062
UAV_0068,telemetry_06,201,0.7194391151251348,0.6947276410937704,-0.7194391151251348,-0.6947276410937704,0.016156671802847005,0.016518758017186504,-138.25903354738313,-134.802443360462,3.456590186921119,-138.5218822444356,-135.86422380317478,2.6576584412608213,2.0345024539082743
UAV_0068,telemetry_07,201,,,,,0.0,0.0,140.5912754437698,140.5912754437698,0.0,140.59127544376977,140.59127544376977,0.0,0.0
UAV_0068,telemetry_08,201,,,,,0.0,0.0,-4680.605940223155,-4680.605940223147,8.185452315956354e-12,-4680.605940223155,-4680.605940223148,7.275957614183426e-12,2.7169424432452978
UAV_0068,telemetry_09,201,0.06586080110805746,0.08097384365302203,-0.06586080110805746,-0.08097384365302203,0.011402787180367526,-0.0024356459742915803,-140.37922707968843,-147.32024795641843,-6.9410208767299935,-154.65825861108593,-151.757328861662,2.9009297494239377,0.28805148043126577
UAV_0068,telemetry_10,201,-0.06872774517760863,-0.1687054824885474,0.06872774517760863,0.1687054824885474,-0.002505787569164524,-0.003387547892800133,-63.54015157311443,-62.315925325569694,1.2242262475447347,-61.83025750685099,-62.403658175444036,-0.5734006685930453,-0.2703727696850884
UAV_0068,telemetry_11,201,0.15847813742947492,0.5715261042685433,-0.15847813742947492,-0.5715261042685433,0.0015974623212286249,0.002128323085067551,62.43572501109209,63.23806670477053,0.8023416936784429,62.55994212034573,62.90382916133105,0.3438870409853223,0.5865046433322221
UAV_0068,telemetry_12,201,-0.6852489097193653,-0.6599063805082275,0.6852489097193653,0.6599063805082275,-0.026337960791828097,-0.02470193622868296,637.0614258139708,630.0031160359315,-7.058309778039302,638.2762476533572,633.8132390776434,-4.463008575713843,-1.9962311919287414
UAV_0068,telemetry_13,201,0.6726741792483447,0.6565553421013742,-0.6726741792483447,-0.6565553421013742,0.059028027631103354,0.06325110492904257,7132.90749081551,7146.156165674626,13.248674859116363,7130.337543994401,7140.131982043313,9.794438048911616,1.9188583609738974
UAV_0068,telemetry_14,201,,,,,0.0,0.0,-648.815349813801,-648.8153498138005,5.684341886080801e-13,-648.815349813801,-648.8153498138005,5.684341886080801e-13,3.155972015489016
UAV_0068,telemetry_15,201,0.8318543923587829,0.940592406070034,-0.8318543923587829,-0.940592406070034,2.9484690253594668,2.2606802148881737,50051.52073208515,50939.36608566774,887.8453535825902,50053.62077040062,50556.71984922269,503.0990788220661,2.440176138992552
UAV_0068,telemetry_16,201,-0.6694033883808856,-0.641547311563063,0.6694033883808856,0.641547311563063,-0.03182596294291413,-0.02843126862839214,-694.5992033130013,-705.005047630993,-10.405844317991637,-693.8801002503759,-699.3368234902983,-5.4567232399224395,-1.9731276861880362
UAV_0068,telemetry_17,201,,,,,0.0,0.0,40.41581228213973,40.41581228213973,0.0,40.41581228213973,40.41581228213973,0.0,0.0
UAV_0068,telemetry_18,201,0.9397813687362364,0.9441997931136398,-0.9397813687362364,-0.9441997931136398,0.0031956097489768153,0.003237912147328665,-102.35869402994086,-101.55440698014344,0.8042870497974235,-102.25086167375333,-101.73368162889022,0.5171800448631103,2.6147595779894552
UAV_0068,telemetry_19,201,0.4466168003763489,0.4337638539973401,-0.4466168003763489,-0.4337638539973401,0.006708331145354831,0.004872255690568434,33504.010812273154,33511.66659241281,7.65578013965569,33503.7874061643,33505.09358253435,1.3061763700461597,1.4949934693348945
UAV_0068,telemetry_20,201,,,,,0.0,0.0,-164.8973841769026,-164.8973841769026,0.0,-164.89738417690262,-164.89738417690262,0.0,0.0
UAV_0068,telemetry_21,201,0.4606936978397932,0.48428319946551385,-0.4606936978397932,-0.48428319946551385,0.00704259150039487,0.006131406662663924,34960.0263504944,34968.11980728923,8.093456794827944,34960.42474238097,34961.67016566603,1.2454232850577682,1.4005985224910682
UAV_0068,telemetry_22,201,0.6490889672675738,0.6154323585163588,-0.6490889672675738,-0.6154323585163588,1.0756987881577043,1.1402281981042077,22952.57015042728,23287.200992555117,334.63084212783724,22987.345435814423,23159.94270644695,172.5972706325265,1.7904590034432017
UAV_0068,telemetry_23,201,-0.8340741539067582,-0.9391103886508054,0.8340741539067582,0.9391103886508054,-1.081960914932171,-0.8450150220409238,-17380.048242851517,-17707.964497516994,-327.916254665477,-17385.19830656704,-17569.847072254583,-184.64876568754335,-2.4471264411427014
UAV_0068,telemetry_24,201,-0.0006159479911159154,0.5819550761046254,0.0006159479911159154,-0.5819550761046254,-0.00039316453238569184,0.058256006920023654,-3643.717065463348,-3632.6003153710576,11.116750092290204,-3641.895249830678,-3646.918863761277,-5.023613930598913,-0.1353015823960837
UAV_0068,telemetry_25,201,-0.7809519043912102,-0.7865122899741239,0.7809519043912102,0.7865122899741239,-0.009305476243601106,-0.008102273120091279,-171.1669520593065,-173.9014692373372,-2.7345171780307,-171.41224343760683,-173.02108809709318,-1.6088446594863512,-2.3212221513712676
UAV_0068,telemetry_26,201,0.9603067807066028,0.9660854145116003,-0.9603067807066028,-0.9660854145116003,1.1209680966989843,1.1663651491982838,-7207.70256580712,-6941.658021267593,266.0445445395271,-7161.637800328229,-6978.815570192465,182.82223013576368,2.6925430438891413
UAV_0068,telemetry_27,201,,,,,0.0,0.0,969.0302044744708,969.0302044744708,0.0,969.0302044744708,969.0302044744708,0.0,0.0
UAV_0068,telemetry_28,201,-0.7532387731995093,-0.749507906014482,0.7532387731995093,0.749507906014482,-0.8198424943544637,-0.7845820898252859,-9692.515889551583,-9945.175092857084,-252.65920330550034,-9708.138411327145,-9847.044917218887,-138.9065058917422,-2.1940258439643734
UAV_0069,telemetry_01,170,0.09448527222717215,0.06091682390801229,-0.09448527222717215,-0.06091682390801229,0.02041951475577463,0.04534381208785849,72.92849484422456,90.34946611542333,17.420971271198766,86.39911629978373,88.48383950853317,2.0847232087494376,0.19599058523798213
UAV_0069,telemetry_02,170,-0.09288530255044948,-0.11701076568902244,0.09288530255044948,0.11701076568902244,-0.016064469766567755,-0.026202647054455137,10.334900298135157,13.633624751353462,3.2987244532183055,11.73745235456711,9.520698586207239,-2.2167537683598706,-0.26041510248381017
UAV_0069,telemetry_03,170,,,,,0.0,0.0,30377.82504938608,30377.82504938608,0.0,30377.825049386087,30377.825049386083,-3.637978807091713e-12,-0.4104808356679372
UAV_0069,telemetry_04,170,0.04015378284361085,-0.026501400454289028,-0.04015378284361085,0.026501400454289028,5.6413777235349435e-05,-3.0480246516391833e-05,-125.91936978437036,-125.8980347003892,0.0213350839811568,-125.90573337765409,-125.89895503734525,0.00677834030884128,0.0980240772492658
UAV_0069,telemetry_05,170,0.15880725202284052,0.15599929165063722,-0.15880725202284052,-0.15599929165063722,8.187485906931587e-06,8.870459452137258e-06,-113.52319720840228,-113.52679519337308,-0.0035979849707956646,-113.52581101786176,-113.52463011729894,0.001180900562815168,0.4653730207092426
UAV_0069,telemetry_06,170,0.7029106013407842,0.6894950986420397,-0.7029106013407842,-0.6894950986420397,0.016973672089504472,0.01779532347886232,-136.15001257826168,-133.8030379368522,2.3469746414094743,-137.3414753466563,-134.86263164227603,2.4788437043802674,2.0856505161181063
UAV_0069,telemetry_07,170,,,,,0.0,0.0,140.5912754437698,140.5912754437698,0.0,140.59127544376977,140.59127544376977,0.0,0.0
UAV_0069,telemetry_08,170,,,,,0.0,0.0,-4680.605940223165,-4680.605940223165,0.0,-4680.605940223166,-4680.605940223166,0.0,0.0
UAV_0069,telemetry_09,170,0.06818132863531218,0.06210636232069908,-0.06818132863531218,-0.06210636232069908,0.013480742224598627,0.017257432196686063,-156.54919262637327,-151.4486285676474,5.100564058725865,-154.01627296363597,-152.77564223147832,1.2406307321576548,0.12748594215499978
UAV_0069,telemetry_10,170,0.09025422714612102,0.13944834240142648,-0.09025422714612102,-0.13944834240142648,0.004843057102395818,0.004439224822766712,-63.22664394078038,-61.45723052051181,1.7694134202685703,-62.998145264748636,-62.093159322322556,0.9049859424260802,0.34265565400309583
UAV_0069,telemetry_11,170,0.15044641783100046,0.6903830664594575,-0.15044641783100046,-0.6903830664594575,0.001986590561178381,0.0031227590340190342,62.546300730527136,63.29255329115881,0.7462525606316746,62.75130986619077,62.95612847157048,0.20481860537970675,0.3151454169106899
UAV_0069,telemetry_12,170,-0.7462420305683363,-0.7514176914849156,0.7462420305683363,0.7514176914849156,-0.03080017933077365,-0.0269722847978577,637.9936554072967,630.2694673483104,-7.7241880589863285,636.309375049607,631.8871598779052,-4.422215171701737,-2.1768797446078323
UAV_0069,telemetry_13,170,0.6352292207751818,0.614660389225762,-0.6352292207751818,-0.614660389225762,0.05748421471795318,0.06492309236581717,7141.763206037435,7154.404957850901,12.641751813465817,7136.129644965491,7144.560633109875,8.430988144384173,1.8929033960903874
UAV_0069,telemetry_14,170,,,,,0.0,0.0,-648.8153498138018,-648.8153498138018,0.0,-648.8153498138018,-648.8153498138018,0.0,
UAV_0069,telemetry_15,170,-0.0064829408196593035,0.0031595113567255964,0.0064829408196593035,-0.0031595113567255964,-0.0026605159439102135,0.02789498016397622,49935.99906850333,49926.37740298344,-9.621665519895032,49926.566063091675,49920.79741747454,-5.768645617135917,-0.28559339441959325
UAV_0069,telemetry_16,170,-0.6764771568728196,-0.6746285904801466,0.6764771568728196,0.6746285904801466,-0.030089668150819482,-0.027205240127623907,-694.5992033130013,-701.5364328583291,-6.937229545327796,-695.6703931692653,-700.006161635095,-4.335768465829801,-1.980477567058391
UAV_0069,telemetry_17,170,,,,,0.0,0.0,40.41581228213973,40.41581228213973,0.0,40.41581228213974,40.41581228213973,-7.105427357601002e-15,-0.4260577914739004
UAV_0069,telemetry_18,170,-0.006894779074747403,0.10776070004457718,0.006894779074747403,-0.10776070004457718,-1.2078709812421093e-06,-3.225476586176646e-06,-103.33215062493238,-103.32918022434026,0.002970400592118949,-103.32548642669686,-103.32587708550822,-0.00039065881136934877,-0.045307024247869414
UAV_0069,telemetry_19,170,0.726323305779274,0.7032382557507589,-0.726323305779274,-0.7032382557507589,0.011783245185440027,0.010680521626459995,33504.581822285305,33507.92005472854,3.3382324432386667,33505.63228224959,33507.25209017509,1.6198079254972981,2.028601264643538
UAV_0069,telemetry_20,170,,,,,0.0,0.0,-164.8973841769026,-164.8973841769026,0.0,-164.89738417690262,-164.89738417690262,0.0,0.0
UAV_0069,telemetry_21,170,0.7413610322011436,0.7230534105754975,-0.7413610322011436,-0.7230534105754975,0.012385605451156714,0.011678869833780308,34962.08650313309,34964.58811705149,2.5016139184008352,34962.220672737705,34963.95189344248,1.7312207047725678,2.1053924345915416
UAV_0069,telemetry_22,170,0.605499573299294,0.5994457763362667,-0.605499573299294,-0.5994457763362667,0.9387625947553155,0.9539241542467444,23164.537009502597,23287.492355935286,122.95534643268911,23053.634680546733,23178.543875528816,124.90919498208314,1.6368940922787878
UAV_0069,telemetry_23,170,-0.33029059990309784,-0.3438633129988215,0.33029059990309784,0.3438633129988215,-0.057435303276857544,-0.05392335889458384,-17349.133268606776,-17353.956508100793,-4.823239494016889,-17351.722650412088,-17359.104128458,-7.381478045910626,-0.8624396898697552
UAV_0069,telemetry_24,170,0.08550716443168144,0.7288658471797315,-0.08550716443168144,-0.7288658471797315,0.09080882559360237,0.07559996175492431,-3640.025855916068,-3627.087468790904,12.9383871251639,-3650.3457822478636,-3632.1608209220026,18.184961325860968,0.3479004051563994
UAV_0069,telemetry_25,170,-0.8135449262052422,-0.8119162164442651,0.8135449262052422,0.8119162164442651,-0.010895291583626798,-0.009761155137101615,-172.29114245471914,-174.81297496334744,-2.5218325086283073,-172.41357018458524,-173.96938535025564,-1.5558151656703956,-2.3603086125948525
UAV_0069,telemetry_26,170,0.7744059169538454,0.7689412153921431,-0.7744059169538454,-0.7689412153921431,0.13712189551564669,0.13002747069931223,-7467.660367732766,-7447.710354031148,19.950013701617536,-7467.200242575449,-7448.66437499953,18.535867575918928,2.1268794725980915
UAV_0069,telemetry_27,170,,,,,0.0,0.0,969.0302044744708,969.0302044744708,0.0,969.0302044744708,969.0302044744708,0.0,0.0
UAV_0069,telemetry_28,170,-0.8067082929504202,-0.8107705741904361,0.8067082929504202,0.8107705741904361,-0.7745305845061075,-0.7627963598420913,-9771.678083160225,-9929.330855982218,-157.6527728219935,-9780.694182716286,-9890.43143383217,-109.73725111588283,-2.32220274417005
UAV_0070,telemetry_01,172,-0.030514019053691784,-0.05889303174591944,0.030514019053691784,0.05889303174591944,-0.006488101267535884,0.009563151796949122,84.62701336965195,81.06139800645869,-3.5656153631932597,86.8350884473498,86.98282869694881,0.14774024959901055,0.013953526119823138
UAV_0070,telemetry_02,172,0.001096261704805421,-0.02941821552132785,-0.001096261704805421,0.02941821552132785,0.00017475940129917108,-0.02043220270985756,17.366542476533876,6.973610711070474,-10.392931765463402,11.164495044509838,10.885366431842147,-0.27912861266769085,-0.03516263399959795
UAV_0070,telemetry_03,172,,,,,0.0,0.0,30377.82504938608,30377.82504938608,0.0,30377.82504938608,30377.82504938608,0.0,0.0
UAV_0070,telemetry_04,172,0.06763104889303545,0.1226308466941811,-0.06763104889303545,-0.1226308466941811,7.389024996719608e-05,6.846845342000969e-05,-125.82691775378528,-125.8838113110684,-0.05689355728311796,-125.90185469637821,-125.88580258557334,0.016052110804864128,0.2950492290241895
UAV_0070,telemetry_05,172,-0.14365559595845967,-0.13328286437292317,0.14365559595845967,0.13328286437292317,-6.960733868688245e-06,6.010194734577079e-07,-113.52938613279116,-113.5284627142508,0.0009234185403670381,-113.52519218213267,-113.52618271961164,-0.0009905374789695998,-0.41052705065934036
UAV_0070,telemetry_06,172,0.7716215093795702,0.7563440104543911,-0.7716215093795702,-0.7563440104543911,0.020286544318204067,0.020648201983810267,-139.47259727605223,-134.5018703007297,4.9707269753225205,-138.45819898196288,-135.6115574112556,2.846641570707277,2.1743646884227563
UAV_0070,telemetry_07,172,,,,,0.0,0.0,140.5912754437698,140.5912754437698,0.0,140.59127544376977,140.59127544376977,0.0,
UAV_0070,telemetry_08,172,,,,,0.0,0.0,-4680.605940223165,-4680.605940223165,0.0,-4680.605940223166,-4680.605940223166,0.0,0.0
UAV_0070,telemetry_09,172,-0.04428339542440725,-0.03545090714418793,0.04428339542440725,0.03545090714418793,-0.008639330656498053,0.014044229562729073,-146.89454423675866,-152.4509676177978,-5.556423381039139,-151.97408063104652,-154.66820487923275,-2.6941242481862275,-0.2773203792557821
UAV_0070,telemetry_10,172,-0.013648000088739554,0.04999021279506064,0.013648000088739554,-0.04999021279506064,-0.0005511035776165879,0.004380683062960851,-62.62652492374573,-64.33011634795074,-1.7035914242050083,-62.43463295362225,-62.155313895036635,0.2793190585856138,0.13891198073365557
UAV_0070,telemetry_11,172,0.3129189778877909,0.7218503844338963,-0.3129189778877909,-0.7218503844338963,0.0028817512898838974,0.0028335038863465645,62.51371561513806,63.25355798913583,0.7398423739977673,62.46936322857101,62.89251185815509,0.42314862958407673,0.9227237381454688
UAV_0070,telemetry_12,172,-0.7754482369259137,-0.7737505054544047,0.7754482369259137,0.7737505054544047,-0.03720895603402814,-0.037599481527280376,639.991290250138,629.869940379742,-10.121349870395989,638.126831063486,633.0509360532951,-5.075895010190834,-2.124326692941659
UAV_0070,telemetry_13,172,0.6930699146916619,0.6814182249547783,-0.6930699146916619,-0.6814182249547783,0.07357179184840162,0.0744856983430319,7125.021008835276,7151.775026052317,26.75401721704111,7131.368557032413,7141.902457512707,10.533900480293596,1.99277502952407
UAV_0070,telemetry_14,172,,,,,0.0,0.0,-648.8153498138018,-648.8153498138018,0.0,-648.8153498138018,-648.8153498138018,0.0,
UAV_0070,telemetry_15,172,0.1658734234446503,0.18254745487557336,-0.1658734234446503,-0.18254745487557336,0.0684174091720128,0.12691711802580957,50005.57111149334,50049.732089135934,44.16097764259757,50029.117758870045,50036.959592489744,7.841833619699173,0.38179580779623973
UAV_0070,telemetry_16,172,-0.7382617779513075,-0.7299242804369808,0.7382617779513075,0.7299242804369808,-0.038533074589428465,-0.037296933039396137,-692.8648959266694,-701.5364328583291,-8.671536931659716,-693.955031998078,-699.5048156343405,-5.549783636262532,-2.1352863370777535
UAV_0070,telemetry_17,172,,,,,0.0,0.0,40.41581228213973,40.41581228213973,0.0,40.41581228213973,40.41581228213973,0.0,0.0
UAV_0070,telemetry_18,172,-0.14763627809206795,-0.15157904170292646,0.14763627809206795,0.15157904170292646,-4.6041804743559234e-05,-3.257361896910869e-05,-103.32570919636248,-103.33042922962704,-0.004720033264561607,-103.32214164766962,-103.3293612949323,-0.007219647262672879,-0.4649005679187761
UAV_0070,telemetry_19,172,0.8188723369295331,0.814781273657325,-0.8188723369295331,-0.814781273657325,0.01566544978999683,0.014804915751953777,33503.849460677746,33507.35794967857,3.50848900082201,33504.14166827225,33506.196368299694,2.054700027445506,2.1568756416861503
UAV_0070,telemetry_20,172,,,,,0.0,0.0,-164.8973841769026,-164.8973841769026,0.0,-164.89738417690262,-164.89738417690262,0.0,0.0
UAV_0070,telemetry_21,172,0.7997782996289855,0.7896083342524031,-0.7997782996289855,-0.7896083342524031,0.016633546141159413,0.015279687762857982,34960.46781177412,34964.440963291585,3.97315151746443,34960.74530172137,34963.18384974267,2.4385480213022674,2.3546124140749556
UAV_0070,telemetry_22,172,0.6740614356213461,0.6628075765319951,-0.6740614356213461,-0.6628075765319951,1.1294521679856016,1.2477799281088626,22917.46086311652,23253.98556721548,336.5247040989598,23007.879244651973,23166.688936181865,158.809691529892,1.903320774133419
UAV_0070,telemetry_23,172,-0.5827958330282057,-0.5681790846251265,0.5827958330282057,0.5681790846251265,-0.11328328719236645,-0.10994655310421964,-17384.79742229376,-17386.44372995933,-1.6463076655709301,-17376.20007805852,-17391.50013144561,-15.300053387090884,-1.5806906685886666
UAV_0070,telemetry_24,172,0.1677886953491356,0.7743282793622043,-0.1677886953491356,-0.7743282793622043,0.10576705657504192,0.10584311183453145,-3641.965325412004,-3622.755738523398,19.209586888605827,-3647.9668550221336,-3633.3361879860654,14.63066703606819,0.46610069827131273
UAV_0070,telemetry_25,172,-0.8339793636251717,-0.8365911705786205,0.8339793636251717,0.8365911705786205,-0.013617959420188072,-0.013332607645464114,-171.8961566401147,-174.66105734234574,-2.7649007022310457,-171.63833073475755,-173.6071831029396,-1.9688523681820413,-2.421362259702728
UAV_0070,telemetry_26,172,0.8465378010702493,0.8494472586095994,-0.8465378010702493,-0.8494472586095994,0.18266612063266324,0.1819827605263374,-7477.994187779646,-7439.959988995988,38.03419878365821,-7478.900447394869,-7453.365250001248,25.535197393621274,2.376462237273225
UAV_0070,telemetry_27,172,,,,,0.0,0.0,969.0302044744708,969.0302044744708,0.0,969.0302044744707,969.0302044744707,0.0,0.0
UAV_0070,telemetry_28,172,-0.8126892539009916,-0.7953106317345991,0.8126892539009916,0.7953106317345991,-1.032047249440577,-0.9408159350446623,-9734.526460688545,-9951.453736142415,-216.9272754538706,-9731.945474141161,-9877.845991700102,-145.90051755894092,-2.307199330057868
UAV_0071,telemetry_01,409,0.03688982622630218,0.0347279468767649,-0.03688982622630218,-0.0347279468767649,0.0035369525616077823,0.014822589308073092,92.2969469227685,73.17737871594363,-19.119568206824866,85.07787173919024,87.23315204068254,2.155280301492297,0.1901595647744756
UAV_0071,telemetry_02,409,-0.013590900248572884,-0.032419590771486595,0.013590900248572884,0.032419590771486595,-0.0008823224605848011,-0.0020814554789734675,6.73299728390342,11.90494661549464,5.171949331591221,11.795523852370193,11.858023176903199,0.06249932453300566,0.008143915417458122
UAV_0071,telemetry_03,409,,,,,0.0,0.0,30377.82504938608,30377.82504938608,0.0,30377.825049386065,30377.82504938607,3.637978807091713e-12,0.3746987778502956
UAV_0071,telemetry_04,409,0.08494040492773947,0.08570327654921792,-0.08494040492773947,-0.08570327654921792,4.568768446636372e-05,1.0423561914984613e-05,-125.8909230057288,-125.9108357507779,-0.01991274504911189,-125.9031823408596,-125.89021183626276,0.012970504596836463,0.20399010046294153
UAV_0071,telemetry_05,409,0.003963957398941285,0.004713880304343098,-0.003963957398941285,-0.004713880304343098,8.837850081435504e-08,-6.21518896693874e-07,-113.52500777564872,-113.525790348483,-0.0007825728342822913,-113.52595763369264,-113.52606394831629,-0.00010631462365040534,-0.0403378173342135
UAV_0071,telemetry_06,409,-0.8112939067422578,-0.8143803674637876,0.8112939067422578,0.8143803674637876,-0.011050312096639005,-0.010895123387051491,-136.37168520981425,-142.5221614445859,-6.150476234771645,-136.9780394295516,-140.74270172967695,-3.764662300125366,-2.3381196711667305
UAV_0071,telemetry_07,409,0.6062722911840398,0.6106521025631217,-0.6062722911840398,-0.6106521025631217,0.0001610899309627766,0.0,140.5912754437698,140.67722414279535,0.08594869902555047,140.59022728890363,140.6541647357397,0.06393744683606428,2.0355963106742707
UAV_0071,telemetry_08,409,,,,,0.0,0.0,-4680.605940223165,-4680.605940223165,0.0,-4680.605940223164,-4680.605940223164,0.0,0.0
UAV_0071,telemetry_09,409,0.11836848886674375,0.11529029406502894,-0.11836848886674375,-0.11529029406502894,0.009620974316444873,0.006876914282746819,-152.68636873195115,-169.45823756418437,-16.771868832233224,-155.53866342887497,-152.56259869572685,2.976064733148121,0.30973940667398964
UAV_0071,telemetry_10,409,0.04428982494706808,0.06945852465859621,-0.04428982494706808,-0.06945852465859621,0.0009718140160161829,0.0008877143249637807,-63.81424793143758,-59.1812722595391,4.632975671898478,-62.613134805543304,-62.07389674429702,0.5392380612462802,0.2078922906932048
UAV_0071,telemetry_11,409,-0.3885368836853371,-0.8425611816253061,0.3885368836853371,0.8425611816253061,-0.0022687236065078525,-0.002005403562414565,62.54683491274663,61.60079820202458,-0.9460367107220549,62.59880526720033,61.85915999257448,-0.7396452746258504,-1.0715469148322714
UAV_0071,telemetry_12,409,0.7780197672443144,0.7766378501214807,-0.7780197672443144,-0.7766378501214807,0.01834601842959638,0.020047948243568352,636.2623718768341,645.0519651853358,8.789593308501708,635.8303630409027,642.1903126706316,6.359949629728817,2.281600075825188
UAV_0071,telemetry_13,409,0.5227100319926405,0.4725066912685522,-0.5227100319926405,-0.4725066912685522,0.021622829379505524,0.021046473130045623,7130.551678755422,7146.270187187175,15.718508431753435,7130.066552521139,7137.728913764965,7.662361243826126,1.5669241624564842
UAV_0071,telemetry_14,409,,,,,0.0,0.0,-648.8153498138018,-648.8153498138018,0.0,-648.815349813802,-648.815349813802,0.0,
UAV_0071,telemetry_15,409,0.8782887876183384,0.9132983522016044,-0.8782887876183384,-0.9132983522016044,0.7886143670668966,0.7164849838535818,49892.39318694842,50346.83185073422,454.43866378579696,49901.055844999755,50170.62269021627,269.56684521651187,2.5396634593389176
UAV_0071,telemetry_16,409,-0.7336699550339651,-0.719885615800624,0.7336699550339651,0.719885615800624,-0.019960112335494554,-0.015280241289268023,-691.1305885403375,-701.5364328583291,-10.405844317991637,-691.4689899815729,-698.2581688963601,-6.789178914787158,-2.111018540590005
UAV_0071,telemetry_17,409,,,,,0.0,0.0,40.41581228213973,40.41581228213973,0.0,40.415812282139726,40.415812282139726,0.0,0.0
UAV_0071,telemetry_18,409,0.7984332296870421,0.7321757935686649,-0.7984332296870421,-0.7321757935686649,0.0003776126742367321,0.0003408672954290083,-102.97919423073188,-102.89762555800344,0.08156867272843726,-102.99360704838138,-102.87921432692063,0.11439272146074586,2.046102913007681
UAV_0071,telemetry_19,409,0.8393401267134571,0.9133002774727876,-0.8393401267134571,-0.9133002774727876,0.029720671341458407,0.025565504120432608,33500.43894489725,33510.94287957352,10.503934676271456,33497.58089840106,33507.36487464202,9.783976240963966,2.3373933331465873
UAV_0071,telemetry_20,409,,,,,0.0,0.0,-164.8973841769026,-164.8973841769026,0.0,-164.89738417690256,-164.89738417690256,0.0,
UAV_0071,telemetry_21,409,0.8367574427245086,0.9013591522711188,-0.8367574427245086,-0.9013591522711188,0.030983910612461626,0.028463823814513907,34956.49466025666,34968.708422328855,12.213762072191457,34953.91588034221,34964.10538093667,10.189500594460696,2.3278408899302154
UAV_0071,telemetry_22,409,0.6834302553733009,0.656583470572939,-0.6834302553733009,-0.656583470572939,0.5691002461619896,0.578835689562385,22945.577429303143,23212.02924047067,266.4518111675279,22911.809479504762,23110.29189921723,198.48241971246898,2.016343474456018
UAV_0071,telemetry_23,409,-0.8618972329098918,-0.9114867069136676,0.8618972329098918,0.9114867069136676,-0.2937187799799552,-0.24985155041010285,-17335.6732347428,-17483.348636922252,-147.67540217945134,-17332.52096453202,-17434.280606391017,-101.75964185899647,-2.5260176530553937
UAV_0071,telemetry_24,409,-0.4114494207173129,-0.8720138350527759,0.4114494207173129,0.8720138350527759,-0.17435344464892238,-0.16498309192461122,-3627.695148223592,-3739.671280986051,-111.9761327624592,-3633.1334570927684,-3695.5451472163622,-62.41169012359387,-1.2459164140698074
UAV_0071,telemetry_25,409,-0.6066761607334459,-0.5022821637208068,0.6066761607334459,0.5022821637208068,-0.004221940610584548,-0.004159313376114226,-171.2884861561079,-174.235688003541,-2.9472018474330923,-171.44373855415597,-172.96810219513404,-1.5243636409780663,-1.8529787207442308
UAV_0071,telemetry_26,409,-0.8609274433120123,-0.9374757215358274,0.8609274433120123,0.9374757215358274,-0.40816370802232627,-0.3254568582151728,-7414.125438878785,-7666.87345419208,-252.74801531329558,-7433.629123970653,-7575.591377111299,-141.96225314064577,-2.533040241732905
UAV_0071,telemetry_27,409,,,,,0.0,0.0,969.0302044744708,969.0302044744708,0.0,969.0302044744711,969.0302044744711,0.0,0.0
UAV_0071,telemetry_28,409,-0.539839964269704,-0.4504212955979696,0.539839964269704,0.4504212955979696,-0.26219963704882765,-0.24434717041595372,-9734.425212861152,-9921.333156000248,-186.90794313909646,-9718.614701706621,-9813.891471090257,-95.27676938363584,-1.6594226340217375
UAV_0072,telemetry_01,232,0.8633320519881602,0.8724574227016136,-0.8633320519881602,-0.8724574227016136,0.3580835981388635,0.33797974907787254,-19.208753663134303,47.50565034371592,66.71440400685023,-28.35721858328066,37.9834039836389,66.34062256691956,2.3830966098982684
UAV_0072,telemetry_02,232,0.0431182170779625,0.033250751024911145,-0.0431182170779625,-0.033250751024911145,0.004949073427237712,0.003917148805003745,3.2195703763137704,18.83008775603386,15.610517379720088,10.863318379640983,12.02477079706508,1.1614524174240977,0.15076724177254375
UAV_0072,telemetry_03,232,,,,,0.0,0.0,30377.82504938608,30377.82504938608,0.0,30377.825049386087,30377.825049386087,0.0,0.0
UAV_0072,telemetry_04,232,-0.024005368803318005,-0.06344271780543786,0.024005368803318005,0.06344271780543786,-1.865829164355335e-05,-0.00011852824434122056,-125.85678687135892,-125.90656873398169,-0.049781862622765516,-125.88493102469579,-125.88925382323494,-0.00432279853914963,-0.0828648162242012
UAV_0072,telemetry_05,232,0.005489099870833535,0.009276575134204258,-0.005489099870833535,-0.009276575134204258,2.1200577003216892e-07,2.5824772031585775e-06,-113.52850455025592,-113.52607025906208,0.002434291193836202,-113.52562470653068,-113.52565897354849,-3.426701780995245e-05,-0.013218994805277905
UAV_0072,telemetry_06,232,-0.6597600385458928,-0.6195740100746213,0.6597600385458928,0.6195740100746213,-0.012028412021976055,-0.011614790983455886,-139.25217703224854,-143.86096394814342,-4.608786915894882,-138.98056877002767,-141.41129351132537,-2.430724741297695,-1.9864706943996586
UAV_0072,telemetry_07,232,0.7125143261730265,0.721205527966647,-0.7125143261730265,-0.721205527966647,0.00040699708666568,0.0,140.5912754437698,140.7631728418209,0.17189739805110094,140.59127544376975,140.68088153424324,0.08960609047349521,2.337267928872284
UAV_0072,telemetry_08,232,,,,,0.0,0.0,-4680.605940223151,-4680.6059402231385,1.2732925824820995e-11,-4680.60594022315,-4680.605940223141,9.094947017729282e-12,2.0880938437579264
UAV_0072,telemetry_09,232,0.03442180086680117,0.027550073132432164,-0.03442180086680117,-0.027550073132432164,0.005002659500177913,-0.022009276963550234,-137.86592723368165,-150.46010958101243,-12.594182347330786,-155.66306014745956,-151.6972926044182,3.965767543041352,0.4065636697640027
UAV_0072,telemetry_10,232,0.08007358563347793,0.0070864461866385784,-0.08007358563347793,-0.0070864461866385784,0.002546104068111495,-0.0005391572811090058,-62.48802802126382,-62.65398382780428,-0.1659558065404596,-62.5888358738437,-62.35023289371562,0.23860298012807846,0.11180408178929348
UAV_0072,telemetry_11,232,-0.3660287607161669,-0.7437608894416198,0.3660287607161669,0.7437608894416198,-0.002727269994305851,-0.0024098593954336046,62.35079003819271,61.55859780668463,-0.792192231508082,62.30778268673395,61.75617791905961,-0.5516047676743412,-1.1030209428499977
UAV_0072,telemetry_12,232,0.6901317430511499,0.668552813764549,-0.6901317430511499,-0.668552813764549,0.022583196070580076,0.02142521307476277,639.991290250138,646.650073059609,6.658782809470949,638.8238781150308,643.3943532944677,4.570475179436926,2.0810217687656243
UAV_0072,telemetry_13,232,0.5730988401912861,0.5555220271810473,-0.5730988401912861,-0.5555220271810473,0.03968721665385879,0.041332923774886246,7129.065502022344,7141.857460746659,12.791958724315009,7130.201701691929,7138.226638847253,8.024937155323641,1.7265899062301877
UAV_0072,telemetry_14,232,,,,,0.0,0.0,-648.8153498138031,-648.8153498138023,7.958078640513122e-13,-648.8153498138029,-648.8153498138022,6.821210263296962e-13,2.841440903444411
UAV_0072,telemetry_15,232,0.8115077490430281,0.852630311938611,-0.8115077490430281,-0.852630311938611,0.9573821714622083,0.7324402614682848,50006.00285289488,50324.566329883695,318.5634769888129,50008.488318592455,50198.600198779684,190.11188018722896,2.4009618675681077
UAV_0072,telemetry_16,232,-0.7001904929327174,-0.676636372842122,0.7001904929327174,0.676636372842122,-0.02737683588148932,-0.023922619008574644,-692.8648959266694,-699.8021254719972,-6.937229545327796,-693.1600971839174,-698.6213204430053,-5.4612232590878875,-2.081093335748664
UAV_0072,telemetry_17,232,,,,,0.0,0.0,40.41581228213973,40.41581228213973,0.0,40.41581228213974,40.41581228213974,0.0,0.0
UAV_0072,telemetry_18,232,0.9527000232868469,0.9546473210081319,-0.9527000232868469,-0.9546473210081319,0.004724381404124287,0.004817333280440369,-101.62033372368656,-100.33582577880628,1.284507944880275,-101.39361692815756,-100.54092728143101,0.8526896467265459,2.561951384678518
UAV_0072,telemetry_19,232,0.7921594818070636,0.8268154813959164,-0.7921594818070636,-0.8268154813959164,0.021165729502332815,0.016585266728524072,33503.670427916375,33511.25346546662,7.583037550248264,33504.081343659425,33508.29146513984,4.210121480413363,2.347700436584817
UAV_0072,telemetry_20,232,,,,,0.0,0.0,-164.8973841769026,-164.8973841769026,0.0,-164.89738417690265,-164.89738417690265,0.0,0.0
UAV_0072,telemetry_21,232,0.7969648679924778,0.8356777952769106,-0.7969648679924778,-0.8356777952769106,0.021752305562958506,0.016350417767198117,34960.90927305384,34967.82549976942,6.916226715577068,34960.715155328005,34965.03270926226,4.317553934255557,2.356895478776427
UAV_0072,telemetry_22,232,0.6428945777505405,0.6013381050506216,-0.6428945777505405,-0.6013381050506216,0.8235299932514254,0.9664130210990878,22933.777212406167,23177.35699823017,243.57978582400392,22983.253194047753,23148.67940255619,165.4262085084374,1.924125202244563
UAV_0072,telemetry_23,232,-0.8133741410947232,-0.8481872574665232,0.8133741410947232,0.8481872574665232,-0.376707844223264,-0.32387472643459336,-17358.564410979016,-17488.265640853195,-129.70122987417926,-17369.252359901286,-17443.664483129167,-74.41212322788124,-2.393856230602482
UAV_0072,telemetry_24,232,-0.5193135278027494,-0.899714389502757,0.5193135278027494,0.899714389502757,-0.2995969968537064,-0.21341187560112504,-3649.261591314559,-3743.488099440567,-94.22650812600796,-3652.9499384902074,-3712.6980546962445,-59.74811620603714,-1.5430680078701147
UAV_0072,telemetry_25,232,-0.7598693077864852,-0.728332144137296,0.7598693077864852,0.728332144137296,-0.008699694081984455,-0.008056660599079314,-171.77462254331334,-174.35722210034234,-2.582599557028999,-171.5503016306002,-173.23109233104458,-1.6807907004443905,-2.1873447012132434
UAV_0072,telemetry_26,232,0.7538764213034878,0.7277243993242216,-0.7538764213034878,-0.7277243993242216,0.6120273916464024,0.6503708076426877,-7906.941070058071,-7818.469372800074,88.47169725799722,-7907.601596106697,-7799.531104737095,108.07049136960177,1.9833761965290275
UAV_0072,telemetry_27,232,,,,,0.0,0.0,969.0302044744708,969.0302044744708,0.0,969.0302044744705,969.0302044744705,0.0,0.0
UAV_0072,telemetry_28,232,-0.7444242109520539,-0.719011933752203,0.7444242109520539,0.719011933752203,-0.5937035776094484,-0.5272909329634434,-9690.896371619232,-9949.732828556716,-258.8364569374844,-9712.393107413527,-9831.370557143422,-118.97744972989494,-2.222716886800073
UAV_0073,telemetry_01,215,0.052244396318193796,0.06765920452075636,-0.052244396318193796,-0.06765920452075636,0.00935042956436504,0.010119628631347417,92.60849754590988,80.94885111332583,-11.659646432584054,86.34167323106158,87.20400390323715,0.8623306721755739,0.07745090619186734
UAV_0073,telemetry_02,215,0.11687896968451375,0.11692264966553165,-0.11687896968451375,-0.11692264966553165,0.014052145952591867,0.019906487214289267,3.032270409126548,6.413514023388132,3.3812436142615834,9.81044033652085,12.44748307402537,2.6370427375045207,0.35257816112705176
UAV_0073,telemetry_03,215,,,,,0.0,0.0,30377.82504938608,30377.82504938608,0.0,30377.825049386083,30377.825049386083,0.0,0.0
UAV_0073,telemetry_04,215,0.07128628633476633,0.08150064526565845,-0.07128628633476633,-0.08150064526565845,7.877827693500115e-05,5.614495784532711e-05,-125.88238897213634,-125.90087937825336,-0.01849040611702435,-125.90011859231296,-125.89614927436295,0.003969317950009099,0.05773775838182703
UAV_0073,telemetry_05,215,-0.009721030339575625,-0.01221111352604506,0.009721030339575625,0.01221111352604506,-4.147514178975489e-07,-1.9372456589106384e-06,-113.5222110051622,-113.52680700535632,-0.004596000194112548,-113.52519168834374,-113.5258402640524,-0.0006485757086664989,-0.24435971813975274
UAV_0073,telemetry_06,215,-0.8260335724674452,-0.8354663772775963,0.8260335724674452,0.8354663772775963,-0.023315865949668824,-0.023410100976992407,-137.38737167415957,-142.70751483142078,-5.320143157261214,-136.99412192100982,-141.1942809272105,-4.200159006200693,-2.3919736894331516
UAV_0073,telemetry_07,215,0.6384388740499558,0.6449997360131594,-0.6384388740499558,-0.6449997360131594,0.00034444653585670025,0.0,140.5912754437698,140.7631728418209,0.17189739805110094,140.59127544376977,140.66523130107086,0.07395585730108678,2.2035078140654094
UAV_0073,telemetry_08,215,,,,,0.0,0.0,-4680.605940223165,-4680.605940223165,0.0,-4680.605940223166,-4680.605940223166,0.0,0.0
UAV_0073,telemetry_09,215,-0.04655243335280633,-0.035902823057789364,0.04655243335280633,0.035902823057789364,-0.0066411830358831,-0.017677945353762985,-167.3654924251838,-158.4882069441587,8.877285481025098,-149.6692017474411,-151.51369742931286,-1.8444956818717628,-0.20783519701019135
UAV_0073,telemetry_10,215,-0.024557499544531524,-0.015728464826486998,0.024557499544531524,0.015728464826486998,-0.0010753759283029353,0.0013051426861556978,-62.0669677655984,-62.75768623697815,-0.6907184713797534,-62.181541133382865,-62.45865822777904,-0.27711709439617493,-0.10172592979532172
UAV_0073,telemetry_11,215,-0.39762071942190036,-0.8593773677783358,0.39762071942190036,0.8593773677783358,-0.004365103486239328,-0.004407457547398233,62.53080944616183,61.61468693973139,-0.9161225064304404,62.60717265786471,61.85884548256663,-0.7483271752980798,-1.0957475209908685
UAV_0073,telemetry_12,215,0.8290178570746533,0.8406088269235571,-0.8290178570746533,-0.8406088269235571,0.04103169979463069,0.041707819221876864,633.4656830968563,646.9164243719879,13.450741275131577,635.903107315951,642.7786877052654,6.875580389314337,2.2330490285062687
UAV_0073,telemetry_13,215,0.41104032069409174,0.3320171943297351,-0.41104032069409174,-0.3320171943297351,0.03264567251215089,0.027232239752894363,7136.888404479668,7145.032003435194,8.143598955526613,7130.914811805273,7137.355802099486,6.440990294213407,1.303634869238393
UAV_0073,telemetry_14,215,,,,,0.0,0.0,-648.8153498138018,-648.8153498138018,0.0,-648.8153498138018,-648.8153498138018,0.0,0.0
UAV_0073,telemetry_15,215,0.8763007992764897,0.9106203887891087,-0.8763007992764897,-0.9106203887891087,1.5679654402244942,1.431440098734882,49896.525568934536,50350.03907257419,453.5135036396532,49903.0891857233,50180.559774298374,277.47058857507363,2.492746956066784
UAV_0073,telemetry_16,215,-0.7405920466194512,-0.7298564859819854,0.7405920466194512,0.7298564859819854,-0.03690675140273124,-0.0333520651217677,-694.5992033130013,-703.270740244661,-8.671536931659716,-691.332252189911,-698.1484835454947,-6.8162313555837954,-2.1986801952964905
UAV_0073,telemetry_17,215,,,,,0.0,0.0,40.41581228213973,40.41581228213973,0.0,40.41581228213974,40.41581228213974,0.0,0.0
UAV_0073,telemetry_18,215,-0.2957201724909956,-0.19578594025453402,0.2957201724909956,0.19578594025453402,-0.00013990597885392926,-1.4749558937004232e-05,-103.06705371644262,-103.15025637201546,-0.08320265557284756,-103.06274963156176,-103.08820698160436,-0.025457350042600524,-0.8649726752384015
UAV_0073,telemetry_19,215,0.8232173594844449,0.8969112994759594,-0.8232173594844449,-0.8969112994759594,0.05798693704200776,0.05771920709450255,33498.27600290238,33511.24661960604,12.970616703663836,33498.792143057384,33507.74952380269,8.957380745305272,2.0441365472457242
UAV_0073,telemetry_20,215,,,,,0.0,0.0,-164.8973841769026,-164.8973841769026,0.0,-164.89738417690262,-164.89738417690262,0.0,0.0
UAV_0073,telemetry_21,215,0.8165709847245031,0.8954796007763478,-0.8165709847245031,-0.8954796007763478,0.0604565669953877,0.05783993091005599,34954.728815137794,34968.11980728923,13.390992151435057,34955.16000987612,34964.57442832964,9.41441845351801,2.0440357026392575
UAV_0073,telemetry_22,215,0.7576843059509384,0.7447983737817532,-0.7576843059509384,-0.7447983737817532,1.219364963486376,1.1271454086414967,22946.88856451392,23200.520386953867,253.63182243994743,22903.23148873601,23120.968020327997,217.7365315919851,2.1748554524451986
UAV_0073,telemetry_23,215,-0.8578013116170784,-0.8974329252094956,0.8578013116170784,0.8974329252094956,-0.5812777921296224,-0.521073857146549,-17328.10547448035,-17502.245326156186,-174.1398516758345,-17332.96820263682,-17436.17259879525,-103.2043961584277,-2.448193213250337
UAV_0073,telemetry_24,215,-0.5248889050684323,-0.8957231519717935,0.5248889050684323,0.8957231519717935,-0.44277581594936377,-0.3719165931822819,-3624.512329954072,-3746.170389343453,-121.65805938938092,-3625.537233674429,-3701.3910069289527,-75.85377325452373,-1.4454571025286205
UAV_0073,telemetry_25,215,-0.5986244256784246,-0.49775306731832936,0.5986244256784246,0.49775306731832936,-0.008157303773210443,-0.006740565585086908,-171.41002025290925,-174.4787561971437,-3.0687359442344473,-171.4312180604909,-173.0839404582722,-1.6527223977813037,-1.9496301309187258
UAV_0073,telemetry_26,215,-0.8732704251238038,-0.9294550245596775,0.8732704251238038,0.9294550245596775,-0.8528239879387836,-0.7124939428520504,-7446.13157596843,-7679.216628136966,-233.0850521685361,-7435.170250053069,-7588.151507872415,-152.98125781934596,-2.518094877689939
UAV_0073,telemetry_27,215,,,,,0.0,0.0,969.0302044744708,969.0302044744708,0.0,969.0302044744707,969.0302044744707,0.0,0.0
UAV_0073,telemetry_28,215,-0.5363631625892347,-0.4690695259484653,0.5363631625892347,0.4690695259484653,-0.5058591548524295,-0.4713823288488598,-9712.83978128034,-9931.842092215553,-219.00231093521325,-9713.790009765842,-9814.181887778208,-100.39187801236585,-1.7110883123139389
UAV_0074,telemetry_01,193,-0.1135163750848156,-0.08286483093851824,0.1135163750848156,0.08286483093851824,-0.022804042409377365,-0.03665564568382451,75.26873674948031,82.09851084994374,6.829774100463425,88.44644722735332,85.33805584161269,-3.1083913857406316,-0.27700874177540447
UAV_0074,telemetry_02,193,-0.037328844709383316,-0.028841274504567062,0.037328844709383316,0.028841274504567062,-0.004667040387423306,0.0009767843795158702,15.958534452690229,17.352825881895008,1.3942914292047792,10.953498112981222,11.332000217602095,0.37850210462087297,0.05419789162802307
UAV_0074,telemetry_03,193,,,,,0.0,0.0,30377.82504938608,30377.82504938608,0.0,30377.825049386087,30377.82504938609,3.637978807091713e-12,0.29738612543322235
UAV_0074,telemetry_04,193,-0.12738553705313527,-0.04187376859185143,0.12738553705313527,0.04187376859185143,-0.000146670391243166,-5.708447526067758e-05,-125.91368042864208,-125.90799107291376,0.005689355728321743,-125.88099661901167,-125.90930594758741,-0.02830932857574453,-0.4401678766089374
UAV_0074,telemetry_05,193,0.06945503561818837,0.05528717750120185,-0.06945503561818837,-0.05528717750120185,3.2419650224010866e-06,8.645661061482272e-07,-113.52842086054788,-113.52858571366636,-0.00016485311847702633,-113.52599345332547,-113.52543042589805,0.0005630274274182057,0.2159414775546974
UAV_0074,telemetry_06,193,0.7538565993483906,0.7358679222766455,-0.7538565993483906,-0.7358679222766455,0.018402320149626714,0.01692084752025557,-137.64160638718312,-132.74977984004033,4.891826547142784,-137.74006333174927,-134.653601893383,3.086461438366257,2.263539710673683
UAV_0074,telemetry_07,193,,,,,0.0,0.0,140.5912754437698,140.5912754437698,0.0,140.59127544376975,140.59127544376975,0.0,0.0
UAV_0074,telemetry_08,193,,,,,0.0,0.0,-4680.605940223165,-4680.605940223165,0.0,-4680.605940223167,-4680.605940223167,0.0,0.0
UAV_0074,telemetry_09,193,0.015191721896551245,0.03600235030180012,-0.015191721896551245,-0.03600235030180012,0.0026235331868754716,-0.0030783063763831324,-146.40257818943147,-163.88072615851556,-17.47814796908409,-154.30253256148995,-153.1913747394164,1.111157822073551,0.11518801403898574
UAV_0074,telemetry_10,193,-0.010886963823061743,-0.04832975001335399,0.010886963823061743,0.04832975001335399,-0.0004943097869348538,-0.0010810658025904073,-64.98786866787059,-60.05335206858757,4.934516599283015,-62.64873083223459,-62.884503806180874,-0.2357729739462826,-0.09296354911868426
UAV_0074,telemetry_11,193,0.3354612714770807,0.7106685540485959,-0.3354612714770807,-0.7106685540485959,0.0036866838671208756,0.0025820744948375743,62.76531544051925,63.22684887816118,0.46153343764192556,62.46344835047441,63.0721142620442,0.6086659115697941,0.9915088009599833
UAV_0074,telemetry_12,193,-0.7286385922171703,-0.7146569425902332,0.7286385922171703,0.7146569425902332,-0.028374342991669067,-0.02796688779977785,636.528723189213,629.869940379742,-6.658782809470949,636.497990345477,631.9085523475648,-4.589437997912228,-2.109876166057495
UAV_0074,telemetry_13,193,0.7069139701947839,0.6890807782703915,-0.7069139701947839,-0.6890807782703915,0.06818843483751756,0.06168862407733135,7131.5951933692895,7146.450185624815,14.854992255525758,7134.300707464936,7145.544572547271,11.243865082335105,2.0868083783685076
UAV_0074,telemetry_14,193,,,,,0.0,0.0,-648.8153498138018,-648.8153498138018,0.0,-648.8153498138018,-648.8153498138018,0.0,0.0
UAV_0074,telemetry_15,193,0.8500374415927707,0.9017074346338991,-0.8500374415927707,-0.9017074346338991,1.2832891684184016,1.1038117605715123,50043.81106420061,50351.21094209264,307.3998778920359,50037.52946402884,50247.213452844066,209.68398881522444,2.4865082242675385
UAV_0074,telemetry_16,193,-0.7464482513608275,-0.744964379304114,0.7464482513608275,0.744964379304114,-0.03441563987085729,-0.035394028292488174,-692.8648959266694,-701.5364328583291,-8.671536931659716,-695.3107140355992,-700.8693915558938,-5.558677520294623,-2.1583727023894737
UAV_0074,telemetry_17,193,,,,,0.0,0.0,40.41581228213973,40.41581228213973,0.0,40.41581228213975,40.41581228213975,0.0,0.0
UAV_0074,telemetry_18,193,-0.07788924153303615,0.02092736766198387,0.07788924153303615,-0.02092736766198387,-1.4265199323085826e-05,2.2664531295071353e-07,-103.3372196822111,-103.32151109845512,0.0157085837559805,-103.32563736575483,-103.32703171037232,-0.0013943446174948804,-0.13629529331417709
UAV_0074,telemetry_19,193,0.7216216877135341,0.7024731584851235,-0.7216216877135341,-0.7024731584851235,0.008902650480571076,0.009040554597308393,33503.941413942324,33506.60609678449,2.664682842165348,33504.659015100675,33506.07213844937,1.4131233486987185,2.0506022500910315
UAV_0074,telemetry_20,193,,,,,0.0,0.0,-164.8973841769026,-164.8973841769026,0.0,-164.89738417690265,-164.89738417690265,0.0,0.0
UAV_0074,telemetry_21,193,0.7309136292155892,0.7234255506612328,-0.7309136292155892,-0.7234255506612328,0.00995440634878334,0.010033210902582307,34960.320658014214,34963.11657945243,2.795921438213554,34961.29036356027,34962.87886953258,1.5885059723077575,2.088096909545655
UAV_0074,telemetry_22,193,0.634561855464616,0.6193124342765747,-0.634561855464616,-0.6193124342765747,0.9141536266419819,0.9508993756840507,23063.579598272907,23232.570358772817,168.9907604999098,23057.079953638295,23196.093904832018,139.0139511937232,1.7275247051439164
UAV_0074,telemetry_23,193,-0.8581958203451118,-0.913073887612841,0.8581958203451118,0.913073887612841,-0.5312787589197423,-0.46658292960740655,-17387.083699763632,-17523.81522864316,-136.73152887952892,-17384.347236638016,-17470.4719785125,-86.12474187448606,-2.490594239021496
UAV_0074,telemetry_24,193,0.11327582032297848,0.7253318465893916,-0.11327582032297848,-0.7253318465893916,0.08074518396741794,0.07031361066832748,-3645.559979335264,-3629.4341237085664,16.125855626697557,-3653.460889942708,-3640.8088304207054,12.652059522002673,0.31775538373222234
UAV_0074,telemetry_25,193,-0.8417090245830277,-0.8326691359914296,0.8417090245830277,0.8326691359914296,-0.011260535590140303,-0.010498157526174036,-172.23037540631844,-174.72182439074643,-2.49144898442799,-172.05430677890106,-173.81733024724397,-1.763023468342908,-2.3592400548700847
UAV_0074,telemetry_26,193,0.7964841506822332,0.7883041712993293,-0.7964841506822332,-0.7883041712993293,0.12561768057514228,0.13447242000500254,-7471.822600807203,-7448.284455144863,23.538145662339957,-7471.822600807203,-7452.932466084752,18.890134722450966,2.14423572119869
UAV_0074,telemetry_27,193,,,,,0.0,0.0,969.0302044744708,969.0302044744708,0.0,969.0302044744705,969.0302044744705,0.0,0.0
UAV_0074,telemetry_28,193,-0.8005551021113727,-0.7913840072645691,0.8005551021113727,0.7913840072645691,-0.7855515859986163,-0.7785767783932426,-9790.861497029337,-9935.062621148796,-144.20112411945956,-9761.98590159457,-9889.42235211126,-127.43645051669046,-2.3249910748553497
UAV_0075,telemetry_01,259,-0.00585471592137001,-0.014479109827947036,0.00585471592137001,0.014479109827947036,-0.0008655269527210504,-0.010972406043391166,58.503517866043225,89.90995408120023,31.406436215157,86.57727896788053,84.87670822848463,-1.7005707393959,-0.15355854912418707
UAV_0075,telemetry_02,259,-0.0931503961136315,-0.1103708359522313,0.0931503961136315,0.1103708359522313,-0.010280136041563413,-0.025641892949153047,1.2383147970212978,18.67105990226364,17.43274510524234,12.969108505671205,10.93395991505782,-2.0351485906133853,-0.24617051523102174
UAV_0075,telemetry_03,259,,,,,0.0,0.0,30377.82504938608,30377.82504938608,0.0,30377.825049386083,30377.825049386083,0.0,0.0
UAV_0075,telemetry_04,259,-0.08517838019112767,-0.015438650408085598,0.08517838019112767,0.015438650408085598,-6.296886060004607e-05,-2.4523085035502063e-05,-125.9179474454383,-125.83829646524192,0.07965098019637651,-125.88761213256768,-125.89075888969818,-0.003146757130494393,-0.05682256498476757
UAV_0075,telemetry_05,259,-0.05485321625765329,-0.051579281811839954,0.05485321625765329,0.051579281811839954,-1.9289076259272515e-06,5.546170815303561e-07,-113.5303138977016,-113.52408927888484,0.006224618816759175,-113.5257066289423,-113.52610057032959,-0.00039394138728710004,-0.14954653123459172
UAV_0075,telemetry_06,259,-0.7141864977944713,-0.6830034294947016,0.7141864977944713,0.6830034294947016,-0.014082810064518746,-0.012856868170854794,-137.84699797800016,-143.38380421581843,-5.5368062378182685,-138.00978430097535,-141.10903454500806,-3.099250244032703,-2.0981330476303732
UAV_0075,telemetry_07,259,0.6522532877190046,0.665413091033241,-0.6522532877190046,-0.665413091033241,0.0003171851961883922,0.0,140.5912754437698,140.7631728418209,0.17189739805110094,140.59127544376977,140.67226556400541,0.08099012023564,2.223256025598926
UAV_0075,telemetry_08,259,,,,,0.0,0.0,-4680.605940223165,-4680.605940223165,0.0,-4680.605940223166,-4680.605940223166,0.0,
UAV_0075,telemetry_09,259,-0.007608415119498208,0.004709872151732616,0.007608415119498208,-0.004709872151732616,-0.0009937269295790055,-0.00991576656728406,-147.1664696647701,-156.59917942408987,-9.432709759319778,-154.5978107213999,-154.15821088178535,0.4395998396145444,0.04493023944368904
UAV_0075,telemetry_10,259,-0.04539685282357292,-0.007047886117653559,0.04539685282357292,0.007047886117653559,-0.0013697993030983545,-0.0004698301387281275,-63.44653736906753,-62.89511026912782,0.5514270999397084,-62.063029829372674,-62.625670807533716,-0.562640978161042,-0.24891681282678052
UAV_0075,telemetry_11,259,-0.3827145542082928,-0.7730002491818437,0.3827145542082928,0.7730002491818437,-0.002548336038242557,-0.002450814798363476,62.43786173997006,61.75464268123855,-0.6832190587315097,62.4875756435397,61.887397235517554,-0.6001784080221455,-1.203241261982724
UAV_0075,telemetry_12,259,0.7200314459501378,0.6756862038481759,-0.7200314459501378,-0.6756862038481759,0.02369338428172688,0.016796929609476187,636.9282501577813,646.5168974034195,9.588647245638185,637.6632773371343,642.9288378972391,5.2655605601047455,2.1361072033133466
UAV_0075,telemetry_13,259,0.6577952349042148,0.6359998894882616,-0.6577952349042148,-0.6359998894882616,0.04733180371978658,0.055826093881595346,7118.8410295548165,7143.79985488088,24.95882532606356,7128.729163605235,7139.114937390209,10.385773784973935,1.9267731873975897
UAV_0075,telemetry_14,259,,,,,0.0,0.0,-648.8153498138018,-648.8153498138018,0.0,-648.8153498138018,-648.8153498138018,0.0,0.0
UAV_0075,telemetry_15,259,0.8310703098146952,0.8785371809695625,-0.8310703098146952,-0.8785371809695625,1.033206406772776,0.8491994114758643,49955.920850316965,50328.69871186981,372.7778615528441,49960.92976223641,50187.101765399755,226.17200316334493,2.4285306462379213
UAV_0075,telemetry_16,259,-0.6511518723428797,-0.6065138730507749,0.6511518723428797,0.6065138730507749,-0.026500771722685553,-0.02408760258794334,-694.5992033130013,-703.270740244661,-8.671536931659716,-692.5313752754518,-698.2012263461522,-5.669851070700474,-1.8597282621086944
UAV_0075,telemetry_17,259,,,,,0.0,0.0,40.41581228213973,40.41581228213973,0.0,40.41581228213973,40.41581228213973,0.0,0.0
UAV_0075,telemetry_18,259,0.023001454760986122,0.05941318266899662,-0.023001454760986122,-0.05941318266899662,1.0393904313414205e-05,1.984272947575875e-06,-102.9771300616072,-103.0676307582078,-0.0905006966005999,-103.00293174768876,-103.00492099630205,-0.0019892486132846443,-0.05876513268631982
UAV_0075,telemetry_19,259,0.7897839503456483,0.8619397572885945,-0.7897839503456483,-0.8619397572885945,0.02307189453791623,0.018047469615477152,33502.79601554207,33511.18465704046,8.388641498386278,33502.69260419631,33507.90857181653,5.215967620220908,2.383493652960238
UAV_0075,telemetry_20,259,,,,,0.0,0.0,-164.8973841769026,-164.8973841769026,0.0,-164.89738417690256,-164.89738417690256,0.0,
UAV_0075,telemetry_21,259,0.798040966294984,0.8693888867568579,-0.798040966294984,-0.8693888867568579,0.024837285279631256,0.019551898169325555,34958.70196665525,34967.3840384897,8.682071834446106,34959.146257814966,34964.68150309143,5.535245276463684,2.3741710071833966
UAV_0075,telemetry_22,259,0.6797216304146219,0.6607815549898612,-0.6797216304146219,-0.6607815549898612,0.8926438504890637,0.794580069021475,22915.712682835485,23304.537113675364,388.8244308398789,22936.724465059444,23129.290445214643,192.5659801551992,1.9574311918393326
UAV_0075,telemetry_23,259,-0.8269866159189457,-0.8647930322348926,0.8269866159189457,0.8647930322348926,-0.4138428239406016,-0.324141876496573,-17338.811164028357,-17493.248988844363,-154.43782481600647,-17349.46835810579,-17440.012332307917,-90.54397420212626,-2.4153310913907924
UAV_0075,telemetry_24,259,-0.5259018989965039,-0.9170464356510868,0.5259018989965039,0.9170464356510868,-0.3502659229399562,-0.2518075621317982,-3633.098007210598,-3750.3410457669834,-117.24303855638527,-3628.718923298589,-3701.9676165952446,-73.2486932966558,-1.4681174488644728
UAV_0075,telemetry_25,259,-0.7802931681624375,-0.7632820963564049,0.7802931681624375,0.7632820963564049,-0.009439330621899571,-0.009296563750024935,-171.50117082551026,-174.72182439074643,-3.2206535652361765,-171.1091065036174,-173.10740751833217,-1.9983010147147695,-2.205116720952166
UAV_0075,telemetry_26,259,-0.855850842357141,-0.9373656038435597,0.855850842357141,0.9373656038435597,-0.6213541903225573,-0.4841415195574825,-7452.159637662444,-7677.35079951739,-225.19116185494659,-7454.213153184583,-7589.284240693718,-135.0710875091354,-2.4835637627087945
UAV_0075,telemetry_27,259,,,,,0.0,0.0,969.0302044744708,969.0302044744708,0.0,969.0302044744707,969.0302044744707,0.0,0.0
UAV_0075,telemetry_28,259,-0.7399707311187349,-0.716551895621663,0.7399707311187349,0.716551895621663,-0.6152680964910126,-0.5012013770492811,-9665.12150646673,-9950.088947228744,-284.9674407620132,-9687.43126635092,-9823.103816545121,-135.67255019420008,-2.178192213034031
UAV_0076,telemetry_01,153,0.8717684073881512,0.8792971734148204,-0.8717684073881512,-0.8792971734148204,0.5605533491881773,0.5228720365120644,208.45975066544435,251.97422352300856,43.514472857564215,202.9072119444632,273.4011275543039,70.49391560984071,2.4741176985943083
UAV_0076,telemetry_02,153,0.14152220125323883,0.14023025478133835,-0.14152220125323883,-0.14023025478133835,0.02280632375394358,0.008905205944723375,9.592637966229422,22.71442637028599,13.12178840405657,12.01603172357374,15.057642856544721,3.0416111329709814,0.42594892465809353
UAV_0076,telemetry_03,153,,,,,0.0,0.0,30377.82504938608,30377.82504938608,0.0,30377.82504938609,30377.82504938609,0.0,0.0
UAV_0076,telemetry_04,153,0.08206572735973974,0.016439274537038227,-0.08206572735973974,-0.016439274537038227,0.00010359559400166521,0.0,-125.92790381796284,-125.95350591874023,-0.025602100777391,-125.89413473880124,-125.88188399925119,0.012250739550054845,0.21901173830683676
UAV_0076,telemetry_05,153,0.017614541026254614,0.016284025571951265,-0.017614541026254614,-0.016284025571951265,9.946347362343528e-07,-6.876412810107189e-07,-113.52496360148643,-113.52318222165802,0.0017813798284151972,-113.52549625941555,-113.52571713704988,-0.0002208776343337604,-0.0882762749335259
UAV_0076,telemetry_06,153,0.680832048634458,0.6608013871633063,-0.680832048634458,-0.6608013871633063,0.017645716704171487,0.018430511057024847,-137.81694067202693,-133.73165183516574,4.085288836861196,-136.95663108775287,-134.69603080141158,2.260600286341287,1.9683803185746132
UAV_0076,telemetry_07,153,,,,,0.0,0.0,140.5912754437698,140.5912754437698,0.0,140.5912754437698,140.5912754437698,0.0,0.0
UAV_0076,telemetry_08,153,,,,,0.0,0.0,-4680.605940223155,-4680.605940223139,1.546140993013978e-11,-4680.605940223152,-4680.605940223143,9.094947017729282e-12,2.2565742405652376
UAV_0076,telemetry_09,153,0.15345335927511605,0.15046975728090278,-0.15345335927511605,-0.15046975728090278,0.03349228879621853,0.05155771634274793,-159.8737051047323,-151.91718942599357,7.956515678738725,-156.30803648384355,-152.15006533259844,4.157971151245107,0.42992984258238165
UAV_0076,telemetry_10,153,0.02917513986121056,-0.03963786471526409,-0.02917513986121056,0.03963786471526409,0.0014643493235254293,-0.0015693985804199023,-61.75151999537748,-62.6324169742958,-0.8808969789183223,-62.22928377744862,-61.84710464738533,0.3821791300632924,0.1718382220191119
UAV_0076,telemetry_11,153,0.287676578002523,0.7419165689561795,-0.287676578002523,-0.7419165689561795,0.0032868361202861075,0.0028594459984621814,62.66862845879103,63.03774837246067,0.3691199136696426,62.64889818003878,63.11577106469666,0.46687288465788157,0.922167159003004
UAV_0076,telemetry_12,153,-0.5521089509179131,-0.5301146314877114,0.5521089509179131,0.5301146314877114,-0.022183002278907866,-0.0182432405738927,633.5988587530458,630.9353456292574,-2.6635131237883343,635.046607015492,632.0823746680502,-2.9642323474417935,-1.6649502220751287
UAV_0076,telemetry_13,153,0.6302625859896569,0.6303492688941604,-0.6302625859896569,-0.6303492688941604,0.06012892114209109,0.07221620175595854,7142.836241108927,7147.611303708005,4.775062599077501,7136.7351482039785,7144.307365536574,7.572217332595756,1.7912068149346403
UAV_0076,telemetry_14,153,,,,,0.0,0.0,-648.815349813803,-648.815349813802,1.0231815394945443e-12,-648.8153498138026,-648.8153498138021,5.684341886080801e-13,2.2375405281878735
UAV_0076,telemetry_15,153,-0.7934069451098553,-0.7937976366354511,0.7934069451098553,0.7937976366354511,-0.638646886797509,-0.6084458659982628,49904.543623534446,49766.263020357495,-138.28060317695054,49884.57210192803,49805.1973405723,-79.37476135573525,-2.2253697386532423
UAV_0076,telemetry_16,153,-0.6517429783582137,-0.6442457085160758,0.6517429783582137,0.6442457085160758,-0.033971161126400966,-0.030161867588382213,-698.0678180856652,-699.8021254719972,-1.7343073863320342,-696.2775652997741,-700.9210334631792,-4.643468163405146,-2.010448669360757
UAV_0076,telemetry_17,153,,,,,0.0,0.0,40.41581228213973,40.41581228213973,0.0,40.41581228213974,40.41581228213974,0.0,0.0
UAV_0076,telemetry_18,153,0.9672445873685797,0.9717106938469168,-0.9672445873685797,-0.9717106938469168,0.007818308701782881,0.007656442273597657,-104.9877623864921,-103.45156165379184,1.5362007327002516,-104.68014299112176,-103.72291598977407,0.9572270013476896,2.672532416162274
UAV_0076,telemetry_19,153,0.8215862048606977,0.8105926581158779,-0.8215862048606977,-0.8105926581158779,0.01615745599697333,0.017113560635691017,33504.98931046327,33509.23465753687,4.245347073599987,33505.87667375785,33507.78008041949,1.9034066616441123,2.1842195439804892
UAV_0076,telemetry_20,153,,,,,0.0,0.0,-164.8973841769026,-164.8973841769026,0.0,-164.89738417690268,-164.89738417690268,0.0,
UAV_0076,telemetry_21,153,0.7702586629105643,0.7585363611639682,-0.7702586629105643,-0.7585363611639682,0.014654631404470111,0.014159881027999524,34962.08650313309,34965.765347130735,3.678843997644435,34962.603914740495,34964.46944466447,1.8655299239762826,2.2128320798777987
UAV_0076,telemetry_22,153,0.6505289325038639,0.6277349639946612,-0.6505289325038639,-0.6277349639946612,1.0815864345842368,0.9301296881297151,22984.183077175967,23378.397730549037,394.2146533730702,23068.77714502243,23210.031991493688,141.25484647125631,1.917314204295936
UAV_0076,telemetry_23,153,0.5211821198843711,0.5371852090118343,-0.5211821198843711,-0.5371852090118343,0.13282634266907348,0.11859455589898057,-17338.82006362186,-17297.716261962825,41.103801659035526,-17333.053212865998,-17316.454482582136,16.598730283862096,1.4698218818691995
UAV_0076,telemetry_24,153,0.003723464979039633,0.738661493305456,-0.003723464979039633,-0.738661493305456,0.002941679788049016,0.0795914751100406,-3641.561484741576,-3625.49411658352,16.06736815805607,-3640.391090193326,-3639.3111411284362,1.0799490648896608,0.030848901006076856
UAV_0076,telemetry_25,153,-0.8096541829012619,-0.8030425586783424,0.8096541829012619,0.8030425586783424,-0.011929156443071447,-0.011714129812179647,-172.19999188211813,-174.8433584875478,-2.6433666054296623,-172.65378451775544,-174.13669652146885,-1.482912003713409,-2.2713797921731365
UAV_0076,telemetry_26,153,0.9697314040371786,0.9710807768083308,-0.9697314040371786,-0.9710807768083308,2.007414553923544,2.035708939944055,-7817.654386585389,-7523.0952379561395,294.55914862924965,-7807.864312742028,-7561.5439940656815,246.3203186763467,2.685339354437882
UAV_0076,telemetry_27,153,,,,,0.0,0.0,969.0302044744708,969.0302044744708,0.0,969.0302044744709,969.0302044744709,0.0,0.0
UAV_0076,telemetry_28,153,-0.7966775485637767,-0.78360674413306,0.7966775485637767,0.78360674413306,-0.8346899817060147,-0.7981877899833727,-9813.589661331334,-9939.439500677883,-125.84983934654883,-9794.607706969742,-9899.067051254873,-104.45934428513101,-2.2500347211666067
UAV_0077,telemetry_01,255,0.19449144237874827,0.1901712308939324,-0.19449144237874827,-0.1901712308939324,0.029176048586523427,0.04380089850881768,90.51251001902114,79.41248245511085,-11.100027563910288,80.13436010739662,89.31901509494892,9.184654987552307,0.830113393110341
UAV_0077,telemetry_02,255,-0.0700878804688498,-0.07005558128763316,0.0700878804688498,0.07005558128763316,-0.007112993172629666,0.013427798010430519,4.3511746583585005,2.360721027910502,-1.9904536304479983,12.690757678281305,11.333841097436975,-1.356916580844329,-0.18127763821530207
UAV_0077,telemetry_03,255,,,,,0.0,0.0,30377.82504938608,30377.82504938608,0.0,30377.82504938608,30377.82504938608,0.0,0.0
UAV_0077,telemetry_04,255,-0.04061462913521782,-0.05303183748813544,0.04061462913521782,0.05303183748813544,-4.030581551274174e-05,-8.245635519266026e-05,-125.91510276757414,-125.87385493854389,0.04124782903025448,-125.8951342445277,-125.90457039510893,-0.009436150581237257,-0.1289170004349221
UAV_0077,telemetry_05,255,-0.1274424153203444,-0.12273404932839278,0.1274424153203444,0.12273404932839278,-4.558638045974591e-06,-3.3252681403653137e-06,-113.52933988438517,-113.52837606243352,0.00096382195164324,-113.52522882442673,-113.52634689422639,-0.001118069799659338,-0.42378770229169804
UAV_0077,telemetry_06,255,-0.6667546353089989,-0.6349842012862738,0.6667546353089989,0.6349842012862738,-0.01129490675151087,-0.010852357306666893,-140.22903947637838,-143.27985603266097,-3.050816556282598,-139.3689437723651,-141.76893616181073,-2.3999923894456288,-1.920851576886293
UAV_0077,telemetry_07,255,0.7808489490090037,0.7944155427999732,-0.7808489490090037,-0.7944155427999732,0.0004731109634005448,0.0,140.5912754437698,140.7631728418209,0.17189739805110094,140.59127544376977,140.6873357544454,0.09606031067562526,2.1495549668670137
UAV_0077,telemetry_08,255,,,,,0.0,0.0,-4680.605940223165,-4680.605940223165,0.0,-4680.605940223166,-4680.605940223166,0.0,0.0
UAV_0077,telemetry_09,255,0.03272594332834748,0.013803410143584991,-0.03272594332834748,-0.013803410143584991,0.004821875162121147,0.04025400968233721,-150.81377695699075,-171.05735670497836,-20.24357974798761,-154.88317945336098,-152.57760951504574,2.3055699383152444,0.212155874970517
UAV_0077,telemetry_10,255,0.047557187551612534,0.11575092635479388,-0.047557187551612534,-0.11575092635479388,0.0017919134871483102,-0.0010601847223687332,-61.14642679743838,-63.63356709802057,-2.4871403005821904,-62.582998095133874,-62.02681211136188,0.5561859837719965,0.20013346535977286
UAV_0077,telemetry_11,255,-0.25615575852809286,-0.7470367809971257,0.25615575852809286,0.7470367809971257,-0.002628887257841215,-0.002350401765769105,62.25356887424498,61.53455960680745,-0.719009267437535,62.26659873073615,61.73402054941608,-0.5325781813200692,-0.7035842070503197
UAV_0077,telemetry_12,255,0.7154261279955704,0.6990084594753257,-0.7154261279955704,-0.6990084594753257,0.020786046702821893,0.01874324050073331,640.5239928748956,644.2529112481993,3.7289183733037135,639.8450581570672,644.4539803761716,4.608922219104329,2.1507643405013397
UAV_0077,telemetry_13,255,0.6136227321566293,0.5987689613246874,-0.6136227321566293,-0.5987689613246874,0.037196284959394206,0.039484141952925475,7128.787123599026,7143.675060338404,14.887936739378347,7131.003698554142,7138.633023631433,7.629325077291469,1.7064302611966062
UAV_0077,telemetry_14,255,,,,,0.0,0.0,-648.8153498138018,-648.8153498138018,0.0,-648.8153498138018,-648.8153498138018,0.0,0.0
UAV_0077,telemetry_15,255,0.827134182579976,0.8626214418733958,-0.827134182579976,-0.8626214418733958,0.9164268671896693,0.749800245715464,50013.58916609325,50370.63930516165,357.0501390684003,50025.685181494206,50223.12040347963,197.43522198542632,2.416035651558726
UAV_0077,telemetry_16,255,-0.6430644670836738,-0.6090122152945411,0.6430644670836738,0.6090122152945411,-0.023072051858176353,-0.024835092100925313,-692.8648959266694,-705.005047630993,-12.140151704323557,-694.4291731770865,-699.4960712273504,-5.066898050263944,-1.9147452907146283
UAV_0077,telemetry_17,255,,,,,0.0,0.0,40.41581228213973,40.41581228213973,0.0,40.41581228213974,40.41581228213974,0.0,0.0
UAV_0077,telemetry_18,255,-0.05775602009528964,-0.05172967809170913,0.05775602009528964,0.05172967809170913,-9.309844052715548e-06,3.848085779840741e-06,-103.24277976318704,-103.23775716480108,0.005022598385963306,-103.24020794126537,-103.24269447848557,-0.0024865372202071967,-0.20914638728975055
UAV_0077,telemetry_19,255,0.8087663740061267,0.8069397000926355,-0.8087663740061267,-0.8069397000926355,0.019283316831825343,0.01704297335294989,33505.28434598577,33511.27218092168,5.98783493591327,33504.847095121855,33509.03982537944,4.192730257585936,2.384178801536687
UAV_0077,telemetry_20,255,,,,,0.0,0.0,-164.8973841769026,-164.8973841769026,0.0,-164.8973841769026,-164.8973841769026,0.0,0.0
UAV_0077,telemetry_21,255,0.8292425612304754,0.8512842136727908,-0.8292425612304754,-0.8512842136727908,0.02120415221606036,0.017538983118854823,34961.497888093465,34967.67834600951,6.18045791604527,34961.37958801197,34965.94712530473,4.567537292758061,2.421828151992657
UAV_0077,telemetry_22,255,0.6818159212826488,0.647910309640309,-0.6818159212826488,-0.647910309640309,0.8476975642981264,0.8086398818781562,23072.029136297904,23226.597409479284,154.56827318137948,23002.296167310007,23183.70129300824,181.40512569823113,1.9782278301616159
UAV_0077,telemetry_23,255,-0.8240760608252866,-0.842530540759611,0.8240760608252866,0.842530540759611,-0.34513911856843565,-0.28845392885860777,-17380.459986441052,-17496.740463181213,-116.28047674016125,-17378.294346068054,-17453.839844300222,-75.54549823216803,-2.445582130846453
UAV_0077,telemetry_24,255,-0.41629609790752253,-0.91026516905975,0.41629609790752253,0.91026516905975,-0.29853585128851484,-0.21605060678365773,-3669.306434324774,-3746.639754480459,-77.33332015568521,-3661.168342321487,-3723.5832724274683,-62.41493010598106,-1.1800349914356156
UAV_0077,telemetry_25,255,-0.7920858597105136,-0.7765809291743407,0.7920858597105136,0.7765809291743407,-0.008038409726940777,-0.007526194067974468,-172.16960835791775,-174.4787561971437,-2.3091478392259432,-171.67632290619454,-173.44571637433214,-1.7693934681375936,-2.3638890629581226
UAV_0077,telemetry_26,255,-0.8610612268464397,-0.9416369503492051,0.8610612268464397,0.9416369503492051,-0.5298778858821858,-0.43216167795263477,-7508.708597363431,-7687.541094285842,-178.83249692241043,-7506.195497880354,-7620.04481432822,-113.84931644786593,-2.5083562441651415
UAV_0077,telemetry_27,255,,,,,0.0,0.0,969.0302044744708,969.0302044744708,0.0,969.0302044744708,969.0302044744708,0.0,0.0
UAV_0077,telemetry_28,255,-0.7230566401570434,-0.6933179423344141,0.7230566401570434,0.6933179423344141,-0.5364998536544817,-0.42919159738839935,-9705.883266422605,-9904.077734900437,-198.19446847783183,-9720.37425624298,-9837.181713031932,-116.80745678895255,-2.134390255050416
UAV_0078,telemetry_01,221,0.8675697473797331,0.87409474468298,-0.8675697473797331,-0.87409474468298,0.44949138230328883,0.42323582778431845,-91.91014334071436,20.56016294398907,112.47030628470343,-65.38079001041949,11.795041805214707,77.1758318156342,2.3296053111473363
UAV_0078,telemetry_02,221,-0.12054748807893152,-0.11496325613972672,0.12054748807893152,0.11496325613972672,-0.014164729835192087,-0.019928206681159563,28.183278562322798,16.162550657383576,-12.020727904939221,12.549888991180051,9.454314815208829,-3.0955741759712225,-0.4120112584151871
UAV_0078,telemetry_03,221,,,,,0.0,0.0,30377.82504938608,30377.82504938608,0.0,30377.825049386087,30377.825049386087,0.0,0.0
UAV_0078,telemetry_04,221,-0.06638490388347104,-0.06299143972760471,0.06638490388347104,0.06299143972760471,-5.212981082094582e-05,0.0,-125.89945703932128,-125.89234534466088,0.007111694660395074,-125.88719331697357,-125.893578038402,-0.006384721428432272,-0.12715783770107142
UAV_0078,telemetry_05,221,-0.013633586063751419,-0.012529600764894882,0.013633586063751419,0.012529600764894882,-5.471497810339288e-07,1.151601860844721e-06,-113.52856914684364,-113.52767069737622,0.0008984494674137977,-113.5263856115677,-113.526596193765,-0.00021058219729752636,-0.08206226999690346
UAV_0078,telemetry_06,221,0.6607217591911618,0.6207582589059831,-0.6607217591911618,-0.6207582589059831,0.012507206739939965,0.012027395202681288,-137.32099512346866,-133.5688414278108,3.752153695657853,-137.6851059883277,-135.33860447117888,2.3465015171488233,1.9386397758271117
UAV_0078,telemetry_07,221,,,,,0.0,0.0,140.5912754437698,140.5912754437698,0.0,140.59127544376977,140.59127544376977,0.0,0.0
UAV_0078,telemetry_08,221,,,,,0.0,0.0,-4680.605940223196,-4680.605940223179,1.7280399333685637e-11,-4680.605940223194,-4680.60594022318,1.3642420526593924e-11,2.781291729565738
UAV_0078,telemetry_09,221,0.016733781989074825,0.021450409685703803,-0.016733781989074825,-0.021450409685703803,0.002744989274851416,0.039662367026888815,-157.52247169701656,-144.69572496248287,12.826746734533685,-154.11111448344116,-153.23144560096145,0.8796688824797059,0.08386691791200898
UAV_0078,telemetry_10,221,0.05445970541562459,0.04969370851723793,-0.05445970541562459,-0.04969370851723793,0.0016445043398001348,-0.0011484350284164686,-63.177894752649,-60.46804442847852,2.709850324170482,-62.58520304244069,-62.424703718940904,0.1604993234997849,0.08312496377833861
UAV_0078,telemetry_11,221,0.37697813543817127,0.7516262445013929,-0.37697813543817127,-0.7516262445013929,0.0024135137283757425,0.002326525265533259,62.343311487119806,63.33261695762079,0.9893054705009874,62.51235048279936,62.93951819765391,0.42716771485454785,1.043476827198093
UAV_0078,telemetry_12,221,-0.7597628151966951,-0.7433649837688154,0.7597628151966951,0.7433649837688154,-0.02832568194259974,-0.030041668922328693,639.5917632815697,629.7367647235526,-9.854998558017087,637.3721690117461,632.0628995183279,-5.309269493418242,-2.2271549286240813
UAV_0078,telemetry_13,221,0.744581556975238,0.7381191145897027,-0.744581556975238,-0.7381191145897027,0.06341619632032179,0.056068956971822896,7135.310573621496,7147.311875666375,12.001302044879594,7132.262321772131,7143.92574337109,11.663421598958848,2.141687285377334
UAV_0078,telemetry_14,221,,,,,0.0,0.0,-648.8153498137996,-648.8153498137976,1.9326762412674725e-12,-648.8153498137993,-648.8153498137981,1.2505552149377763e-12,2.126097850514163
UAV_0078,telemetry_15,221,-0.016728851362480385,-0.000214571578105872,0.016728851362480385,0.000214571578105872,-0.0051024189529928505,-0.008130752029190919,50041.89906656525,50104.37821510149,62.47914853623661,50067.97487661027,50063.80137639544,-4.173500214834348,-0.2139973751863359
UAV_0078,telemetry_16,221,-0.6794138717865764,-0.6708506646231135,0.6794138717865764,0.6708506646231135,-0.02558646649318481,-0.021411202300395133,-696.3335106993333,-701.5364328583291,-5.202922158995875,-695.0231451185492,-699.8792058002786,-4.856060681729332,-2.016629890809086
UAV_0078,telemetry_17,221,,,,,0.0,0.0,40.41581228213973,40.41581228213973,0.0,40.41581228213974,40.41581228213974,0.0,0.0
UAV_0078,telemetry_18,221,0.9685894137999634,0.969705493234905,-0.9685894137999634,-0.969705493234905,0.013304877030705107,0.01314450813142124,-99.80682357246911,-96.74556118859034,3.06126238387877,-99.6629081389536,-97.34990945924187,2.3129986797117255,2.6334327785890035
UAV_0078,telemetry_19,221,0.8371068540572311,0.8428474546121605,-0.8371068540572311,-0.8428474546121605,0.012543326229531908,0.013347225577190433,33503.597130631395,33506.84658080383,3.2494501724358997,33504.20201222562,33506.43684787274,2.2348356471193256,2.3325543356430973
UAV_0078,telemetry_20,221,,,,,0.0,0.0,-164.8973841769026,-164.8973841769026,0.0,-164.89738417690265,-164.89738417690265,0.0,0.0
UAV_0078,telemetry_21,221,0.8059830262237313,0.7977176527009254,-0.8059830262237313,-0.7977176527009254,0.012934747928710393,0.011196481731926526,34960.90927305384,34964.73527081139,3.8259977575507946,34960.80463038013,34963.24738279457,2.442752414441202,2.3804846003509703
UAV_0078,telemetry_22,221,0.6783080987702554,0.6715838338860842,-0.6783080987702554,-0.6715838338860842,0.9013862444375217,1.0197718306029409,22935.67107437729,23276.12918410857,340.4581097312803,23020.28299997931,23177.716346399055,157.43334641974434,1.8528096418601405
UAV_0078,telemetry_23,221,-0.505602978081698,-0.5143729084905555,0.505602978081698,0.5143729084905555,-0.0767939205168053,-0.08211828539784066,-17391.59183792969,-17413.675243506263,-22.08340557657357,-17392.544793067613,-17404.62555553375,-12.080762466135639,-1.2439276677077293
UAV_0078,telemetry_24,221,0.19777325454621755,0.812159382747618,-0.19777325454621755,-0.812159382747618,0.09122729383780019,0.06266197995734407,-3642.6785824051863,-3632.541643492613,10.136938912573441,-3646.2959031847054,-3632.9691060328396,13.326797151865776,0.45184195535568294
UAV_0078,telemetry_25,221,-0.8257105911138982,-0.8362416670295298,0.8257105911138982,0.8362416670295298,-0.01045278761840432,-0.01012784140011362,-171.9569236885154,-174.8737420117481,-2.916818323232718,-171.88467841986125,-173.82989915810973,-1.94522073824848,-2.4031596240233086
UAV_0078,telemetry_26,221,0.9754086617402171,0.9760492289904054,-0.9754086617402171,-0.9760492289904054,3.059586589775579,3.081656210163832,-7985.483811583874,-7339.098593193752,646.3852183901217,-7983.561751541983,-7443.274106224512,540.2876453174704,2.6938095906384345
UAV_0078,telemetry_27,221,,,,,0.0,0.0,969.0302044744708,969.0302044744708,0.0,969.0302044744706,969.0302044744706,0.0,0.0
UAV_0078,telemetry_28,221,-0.8411239080664838,-0.8379734732675909,0.8411239080664838,0.8379734732675909,-0.8197165783102607,-0.7584531947589905,-9739.567163364198,-9981.11396090719,-241.54679754299286,-9738.001070923245,-9887.23657561265,-149.23550468940448,-2.3948946651949314
UAV_0079,telemetry_01,166,-0.0838306760381242,-0.07295944802618204,0.0838306760381242,0.07295944802618204,-0.019367211994697726,-0.021062136523014238,94.33425097869367,88.26133259726076,-6.072918381432913,86.78207417430163,83.5121278464245,-3.269946327877122,-0.294479339141589
UAV_0079,telemetry_02,166,-0.015081173923743873,-0.0231611257222685,0.015081173923743873,0.0231611257222685,-0.002216813665881993,-0.0129693054898529,14.475367232457426,9.026879579695889,-5.448487652761537,11.865331307688738,13.062562048108333,1.1972307404195952,0.16945803309441013
UAV_0079,telemetry_03,166,,,,,0.0,0.0,30377.82504938608,30377.82504938608,0.0,30377.825049386083,30377.825049386087,3.637978807091713e-12,0.25882711181872714
UAV_0079,telemetry_04,166,0.09009097817195498,0.005593053348309359,-0.09009097817195498,-0.005593053348309359,0.00014066961587111325,0.0,-125.89661236145712,-125.9108357507779,-0.014223389320790147,-125.89334934861293,-125.87296723312296,0.020382115489965713,0.2715867651825864
UAV_0079,telemetry_05,166,0.11814260188640213,0.12608430455627628,-0.11814260188640213,-0.12608430455627628,6.288183328679182e-06,4.079621157678533e-07,-113.5286057157352,-113.52312828723382,0.005477428501379222,-113.52703296990133,-113.52646051174649,0.0005724581548349761,0.2237708060217002
UAV_0079,telemetry_06,166,0.7483250516509862,0.7384045086637792,-0.7483250516509862,-0.7384045086637792,0.02031597481400828,0.020672034367258074,-137.96722720189308,-133.0979436342302,4.869283567662876,-138.15084934683978,-135.3616344903389,2.7892148565008767,2.1375335095336423
UAV_0079,telemetry_07,166,,,,,0.0,0.0,140.5912754437698,140.5912754437698,0.0,140.59127544376977,140.59127544376977,0.0,
UAV_0079,telemetry_08,166,,,,,0.0,0.0,-4680.605940223165,-4680.605940223165,0.0,-4680.605940223166,-4680.605940223166,0.0,0.0
UAV_0079,telemetry_09,166,-0.07078446038569244,-0.07585311305100642,0.07078446038569244,0.07585311305100642,-0.01447403556848275,0.002337908440831657,-160.56710022371934,-137.54350331786168,23.02359690585766,-152.05322894877548,-154.4925341621331,-2.4393052133576134,-0.2481948567379136
UAV_0079,telemetry_10,166,-0.015186620568345932,-0.11649821933351262,0.015186620568345932,0.11649821933351262,-0.000893540363733597,-0.003827066658986961,-63.13794826705149,-62.27664360940777,0.8613046576437213,-61.9902747058837,-62.55094769668434,-0.56067299080064,-0.19825992870147052
UAV_0079,telemetry_11,166,0.18763590636518956,0.6829680369701093,-0.18763590636518956,-0.6829680369701093,0.0028760123688000992,0.0030604750431511034,62.498758512992254,63.163815376261006,0.6650568632687524,62.4840370794727,62.917622716965354,0.433585637492655,0.5885433150573999
UAV_0079,telemetry_12,166,-0.7703025853217967,-0.7452742091734226,0.7703025853217967,0.7452742091734226,-0.03966384724278897,-0.0399526968568244,639.7249389377591,629.4704134111738,-10.254525526585326,638.0093231315542,632.4237794337274,-5.585543697826779,-2.256889603153445
UAV_0079,telemetry_13,166,0.7252086588460879,0.7146237645191545,-0.7252086588460879,-0.7146237645191545,0.084119263109611,0.08605873689814994,7137.832539133601,7150.088596179211,12.25605704560985,7133.042778545161,7144.498981112666,11.456202567504988,2.0548803958766033
UAV_0079,telemetry_14,166,,,,,0.0,0.0,-648.8153498138018,-648.8153498138018,0.0,-648.8153498138018,-648.8153498138018,0.0,0.0
UAV_0079,telemetry_15,166,-0.7521651855239742,-0.7567431076871948,0.7521651855239742,0.7567431076871948,-0.629198783392593,-0.6018049527643861,50034.744494768405,49916.44735074816,-118.29714402024547,50050.889446338355,49965.362925926136,-85.52652041221882,-2.1271812711331477
UAV_0079,telemetry_16,166,-0.6381780508985485,-0.6178135593879394,0.6381780508985485,0.6178135593879394,-0.03363262574460901,-0.03211680345059165,-692.8648959266694,-701.5364328583291,-8.671536931659716,-695.0072756391971,-699.0879989011546,-4.080723261957473,-1.6110038406383844
UAV_0079,telemetry_17,166,,,,,0.0,0.0,40.41581228213973,40.41581228213973,0.0,40.41581228213973,40.41581228213974,7.105427357601002e-15,0.33814954435148115
UAV_0079,telemetry_18,166,-0.11852887389958013,0.0693810626283031,0.11852887389958013,-0.0693810626283031,-4.2040756887116713e-05,7.1872114474452455e-06,-103.33220465800612,-103.3220492072156,0.010155450790520604,-103.32640300844294,-103.3271010997096,-0.0006980912666563199,-0.04094908296030301
UAV_0079,telemetry_19,166,0.8517596906442173,0.8548917499065397,-0.8517596906442173,-0.8548917499065397,0.018741632927869276,0.019368155813231105,33504.3590846348,33508.16619609296,3.807111458161671,33504.159906428446,33506.65313581291,2.4932293844613014,2.357492044734097
UAV_0079,telemetry_20,166,,,,,0.0,0.0,-164.8973841769026,-164.8973841769026,0.0,-164.89738417690262,-164.89738417690262,0.0,0.0
UAV_0079,telemetry_21,166,0.8317837358311414,0.8333465439017449,-0.8317837358311414,-0.8333465439017449,0.020489822678118472,0.020260300276909813,34961.35073433356,34964.882424571304,3.5316902377453516,34960.84002422565,34963.60997735329,2.7699531276448397,2.339499667334798
UAV_0079,telemetry_22,166,0.6578425309664416,0.633237598727108,-0.6578425309664416,-0.633237598727108,1.0852510546320906,1.096849572006763,23018.709637726377,23276.857592559,258.14795483262424,23001.54490682976,23145.63695259171,144.09204576195043,1.8172307722396959
UAV_0079,telemetry_23,166,0.6064078564270411,0.5770867902748721,-0.6064078564270411,-0.5770867902748721,0.14388965790656377,0.1685767115224983,-17395.914034526282,-17345.63183414437,50.282200381912844,-17389.56588626863,-17369.44312395155,20.122762317078013,1.7644167829712738
UAV_0079,telemetry_24,166,0.04010217190154533,0.7520446511139823,-0.04010217190154533,-0.7520446511139823,0.04417568253224725,0.10598858068850328,-3645.477903341842,-3626.873308302072,18.604595039770174,-3646.5899441599513,-3635.5436249765617,11.046319183389642,0.20863182520576398
UAV_0079,telemetry_25,166,-0.8300818137340148,-0.8230509275950842,0.8300818137340148,0.8230509275950842,-0.013314699536108445,-0.013210227913191888,-171.41002025290925,-174.417989148743,-3.0079688958337556,-171.8094742328373,-173.62801751953413,-1.818543286696837,-2.35880215015973
UAV_0079,telemetry_26,166,0.8325909050682097,0.8235513280606945,-0.8325909050682097,-0.8235513280606945,0.18192695768963105,0.17859069206055697,-7478.71181417179,-7435.367180086263,43.344634085527105,-7476.1705724772555,-7451.741725822313,24.42884665494239,2.326033216437225
UAV_0079,telemetry_27,166,,,,,0.0,0.0,969.0302044744708,969.0302044744708,0.0,969.0302044744708,969.0302044744708,0.0,0.0
UAV_0079,telemetry_28,166,-0.7995486815144935,-0.7943661417581048,0.7995486815144935,0.7943661417581048,-1.0088375244068906,-1.0059446422261074,-9700.181976702464,-9917.42963116644,-217.24765446397578,-9729.705605470519,-9875.465111485657,-145.75950601513796,-2.4034711581020805
UAV_0080,telemetry_01,147,0.021924653393207264,0.04990970842242858,-0.021924653393207264,-0.04990970842242858,0.006166826985140543,0.027998232125697825,63.511861968220096,81.76027208087329,18.248410112653197,88.94334670499872,85.46023224690072,-3.483114458098001,-0.2908304103816932
UAV_0080,telemetry_02,147,0.061305648366004134,0.04400108803239918,-0.061305648366004134,-0.04400108803239918,0.01054971893089494,0.01595606741383193,23.60404827050028,3.543126992682221,-20.060921277818057,11.266869046278297,12.245923053712072,0.9790540074337759,0.1336187325942998
UAV_0080,telemetry_03,147,,,,,0.0,0.0,30377.82504938608,30377.82504938608,0.0,30377.825049386087,30377.825049386087,0.0,0.0
UAV_0080,telemetry_04,147,-0.02038518765634419,-0.014032668375008935,0.02038518765634419,0.014032668375008935,-2.6126096518169207e-05,0.0,-125.87385493854389,-125.85536453242683,0.01849040611705277,-125.87296982895883,-125.8780212716295,-0.00505144267067692,-0.09256711175212058
UAV_0080,telemetry_05,147,0.015382871156458816,0.014658214266824836,-0.015382871156458816,-0.014658214266824836,9.196593795883502e-07,-7.948626923430935e-07,-113.52312734496743,-113.52387869037833,-0.0007513454108902806,-113.52607868823611,-113.52573380822693,0.00034488000918031503,0.13548135055702024
UAV_0080,telemetry_06,147,0.7581696619549543,0.7639158588277962,-0.7581696619549543,-0.7639158588277962,0.022739999020118376,0.02496179962693404,-138.53956840313327,-135.2770983172892,3.262470085844086,-137.99557291127613,-135.19352230818032,2.8020506030958074,2.1940828995681523
UAV_0080,telemetry_07,147,,,,,0.0,0.0,140.5912754437698,140.5912754437698,0.0,140.59127544376983,140.59127544376983,0.0,0.0
UAV_0080,telemetry_08,147,,,,,0.0,0.0,-4680.605940223165,-4680.605940223165,0.0,-4680.605940223165,-4680.605940223165,0.0,
UAV_0080,telemetry_09,147,0.04837548705144274,0.044106868960097925,-0.04837548705144274,-0.044106868960097925,0.011377547552944192,0.004914827711512833,-140.78488377385244,-140.74561359794794,0.03927017590450532,-157.17974569306705,-156.83484815909034,0.34489753397670597,0.034440375539265454
UAV_0080,telemetry_10,147,-0.04981569617499321,-0.03320765551685317,0.04981569617499321,0.03320765551685317,-0.002449741665854238,-0.0027678301778928044,-62.7281748112147,-64.13491989174226,-1.406745080527557,-61.833029944965475,-61.98336952318564,-0.1503395782201622,-0.07179932155968774
UAV_0080,telemetry_11,147,0.25026064058114644,0.6947090047481461,-0.25026064058114644,-0.6947090047481461,0.0028649859226742686,0.0030077110925919143,62.4731177664566,63.13603790084737,0.6629201343907667,62.673053022797276,63.05352711864052,0.38047409584324043,0.7805419536963768
UAV_0080,telemetry_12,147,-0.7106199918276221,-0.6960073832219165,0.7106199918276221,0.6960073832219165,-0.03671389275118944,-0.03596485438491641,636.528723189213,629.3372377549845,-7.191485434228525,637.0703041910499,632.7376561763543,-4.332648014695565,-1.9695249762494607
UAV_0080,telemetry_13,147,0.7043761896341164,0.6939908877286569,-0.7043761896341164,-0.6939908877286569,0.08815423505734252,0.08980720453018423,7136.244915250995,7151.866560853899,15.6216456029033,7133.65840351665,7143.913769184673,10.255365668022932,1.9244814701760316
UAV_0080,telemetry_14,147,,,,,0.0,0.0,-648.8153498138018,-648.8153498138018,0.0,-648.8153498138018,-648.8153498138018,0.0,0.0
UAV_0080,telemetry_15,147,-0.8061009130060355,-0.8061439887573475,0.8061009130060355,0.8061439887573475,-0.8326492577545178,-0.779339653575002,50048.12847821596,49865.31683333795,-182.8116448780056,50035.63059259728,49937.50605158584,-98.12454101143521,-2.2310332872261887
UAV_0080,telemetry_16,147,-0.7536457027495075,-0.7626248207741927,0.7536457027495075,0.7626248207741927,-0.047063181270815616,-0.04230018015443709,-692.8648959266694,-705.005047630993,-12.140151704323557,-694.5992033130012,-700.2646074416856,-5.665404128684372,-2.130678578327629
UAV_0080,telemetry_17,147,,,,,0.0,0.0,40.41581228213973,40.41581228213973,0.0,40.41581228213973,40.41581228213974,7.105427357601002e-15,0.5888916276944732
UAV_0080,telemetry_18,147,-0.19263149608697425,-0.17394162403947142,0.19263149608697425,0.17394162403947142,-4.279830411307535e-05,-3.3450179833326805e-05,-103.3279758094598,-103.339561731241,-0.011585921781204434,-103.32345393999863,-103.3295288442553,-0.0060749042566641265,-0.6421570765519103
UAV_0080,telemetry_19,147,0.8213923004181504,0.8205691013910191,-0.8213923004181504,-0.8205691013910191,0.02069559253125507,0.019519073579361224,33504.36527815651,33508.312769272205,3.9474911156939925,33504.49467346713,33507.018168870796,2.5234954036641284,2.352211551482019
UAV_0080,telemetry_20,147,,,,,0.0,0.0,-164.8973841769026,-164.8973841769026,0.0,-164.89738417690265,-164.89738417690265,0.0,
UAV_0080,telemetry_21,147,0.7917865904949822,0.7967211193857634,-0.7917865904949822,-0.7967211193857634,0.020598902393643127,0.020255408847548343,34960.90927305384,34965.323885851016,4.414612797176233,34961.16924469634,34963.621807361444,2.4525626651011407,2.2140390343400904
UAV_0080,telemetry_22,147,0.664764966721595,0.6332139831474367,-0.664764966721595,-0.6332139831474367,1.3073327083127078,1.4805606915510037,22963.35059549365,23290.988716497355,327.6381210037034,23021.67183209146,23187.452739353135,165.78090726167648,1.9797830740383882
UAV_0080,telemetry_23,147,0.6759899599313853,0.6485655350625997,-0.6759899599313853,-0.6485655350625997,0.1987144149499803,0.2008993057332494,-17384.66838380826,-17339.464869628842,45.20351417941856,-17383.401496946106,-17359.121462520823,24.280034425282793,1.939819270483466
UAV_0080,telemetry_24,147,-0.015675114044493368,0.7266658607167413,0.015675114044493368,-0.7266658607167413,-0.011672838923991206,0.0982541633607351,-3643.57865957051,-3627.367541994762,16.21111757574772,-3635.8886610873624,-3640.7725157091495,-4.883854621787123,-0.15402742049074455
UAV_0080,telemetry_25,147,-0.8185670783286391,-0.8063110571658433,0.8185670783286391,0.8063110571658433,-0.015304596365215724,-0.014305514432683866,-172.01769073691605,-174.29645505194165,-2.2787643150255974,-172.012626816216,-173.86906014485686,-1.8564333286408612,-2.3319157105148065
UAV_0080,telemetry_26,147,0.8180512269376937,0.8116466863662458,-0.8180512269376937,-0.8116466863662458,0.19898273722024515,0.19403679971149235,-7478.281238336504,-7447.56682875272,30.7144095837848,-7473.109544137116,-7449.317837149551,23.791706987564794,2.2971629340704633
UAV_0080,telemetry_27,147,,,,,0.0,0.0,969.0302044744708,969.0302044744708,0.0,969.0302044744709,969.0302044744709,0.0,0.0
UAV_0080,telemetry_28,147,-0.7987607318679245,-0.7818003913894326,0.7987607318679245,0.7818003913894326,-1.0932405687263733,-1.105502244287098,-9744.86911368264,-9900.922553666464,-156.0534399838234,-9749.60144469461,-9877.879128459306,-128.27768376469612,-2.201167917715017
UAV_0081,telemetry_01,347,-0.0017935523886069926,0.004307831758189303,0.0017935523886069926,-0.004307831758189303,-0.00020124761471959794,-0.010809541181059378,74.46587286007049,98.40070758651558,23.93483472644509,85.65420780322587,84.70844045043118,-0.9457673527946895,-0.08402410731104953
UAV_0081,telemetry_02,347,-0.04646383393233732,-0.026873184486865695,0.04646383393233732,0.026873184486865695,-0.0037237491054752086,-0.011583116312709162,10.719054012481394,5.918497291972223,-4.800556720509171,12.083727596325698,10.06715494766648,-2.016572648659217,-0.25083305443349296
UAV_0081,telemetry_03,347,,,,,0.0,0.0,30377.82504938608,30377.82504938608,0.0,30377.82504938608,30377.82504938608,0.0,0.0
UAV_0081,telemetry_04,347,-0.06245623241365169,-0.07809889470987244,0.06245623241365169,0.07809889470987244,-3.703099820224162e-05,-1.1007892396718442e-05,-125.87385493854389,-125.87243259961178,0.001422338932101752,-125.88846439128905,-125.90043235744618,-0.011967966157129695,-0.20121807020975369
UAV_0081,telemetry_05,347,0.14733158281895542,0.14568938232487927,-0.14733158281895542,-0.14568938232487927,3.823223472069905e-06,6.303554216649109e-06,-113.5284104712544,-113.53043668606894,-0.00202621481453491,-113.52671724238292,-113.52554091612143,0.001176326261486338,0.4518873949732842
UAV_0081,telemetry_06,347,-0.7283003391869769,-0.7188846782562178,0.7283003391869769,0.7188846782562178,-0.010241209046541872,-0.009211013705485778,-140.3029303535626,-142.60982858700785,-2.306898233445253,-138.40538400146707,-141.39705207349516,-2.991668072028091,-2.1208451053584043
UAV_0081,telemetry_07,347,0.6871168856972832,0.6990301669100593,-0.6871168856972832,-0.6990301669100593,0.0002608232740394377,0.0,140.5912754437698,140.67722414279535,0.08594869902555047,140.59127544376983,140.6759963042378,0.0847208604679679,2.2249020738851946
UAV_0081,telemetry_08,347,,,,,0.0,0.0,-4680.605940223165,-4680.605940223165,0.0,-4680.605940223163,-4680.605940223163,0.0,0.0
UAV_0081,telemetry_09,347,-0.01480541239749164,-0.005124363906234652,0.01480541239749164,0.005124363906234652,-0.001515016919702568,-0.004518972260655641,-149.9560212758449,-157.39801533991889,-7.441994064073981,-152.6753070887199,-153.05040606374257,-0.37509897502266654,-0.0365413987068741
UAV_0081,telemetry_10,347,-0.04919890669863336,-0.04683557173621216,0.04919890669863336,0.04683557173621216,-0.0010011431697358629,0.0006588939884023924,-61.76797737503826,-63.88064364232061,-2.11266626728235,-62.414769272465115,-62.44144877732485,-0.026679504859735914,-0.0130699309207329
UAV_0081,telemetry_11,347,-0.2925450757576194,-0.7196526323770631,0.2925450757576194,0.7196526323770631,-0.0015713889811068088,-0.0016831593005067935,62.2295306743678,61.648340419559446,-0.5811902548083552,62.380727136008005,61.84532392858477,-0.5354032074232364,-0.9936337193774105
UAV_0081,telemetry_12,347,0.7140423684494847,0.6992414066744359,-0.7140423684494847,-0.6992414066744359,0.016065121205505527,0.014678640941720153,637.3277771263497,642.6548033739264,5.3270262475766685,638.2581042103013,642.9953525518964,4.737248341595091,2.0989514414473454
UAV_0081,telemetry_13,347,0.6466551135594891,0.6251821616302841,-0.6466551135594891,-0.6251821616302841,0.0310986362228583,0.03223898439851662,7132.188491471877,7140.459727451558,8.271235979681478,7128.888044793083,7138.045279436121,9.157234643037555,1.89815633296585
UAV_0081,telemetry_14,347,,,,,0.0,0.0,-648.8153498138018,-648.8153498138018,0.0,-648.8153498138022,-648.8153498138022,0.0,
UAV_0081,telemetry_15,347,0.8358485941980945,0.8896868975592784,-0.8358485941980945,-0.8896868975592784,0.7348900037260521,0.5795379695665275,49987.99306871661,50356.82358031258,368.8305115959665,49976.054978411754,50194.447401405545,218.39242299379112,2.476162297891666
UAV_0081,telemetry_16,347,-0.7433271878294094,-0.731575577507126,0.7433271878294094,0.731575577507126,-0.02130153885334106,-0.018851167242738266,-691.1305885403375,-699.8021254719972,-8.671536931659716,-692.914447566279,-699.2075057966834,-6.2930582304044265,-2.1891073199178344
UAV_0081,telemetry_17,347,,,,,0.0,0.0,40.41581228213973,40.41581228213973,0.0,40.41581228213972,40.41581228213972,0.0,0.0
UAV_0081,telemetry_18,347,0.22221794581759682,0.10633615160902499,-0.22221794581759682,-0.10633615160902499,4.8229398724581376e-05,3.0462682498592504e-06,-103.05448749071294,-103.0724442521592,-0.01795676144625702,-103.07594966772031,-103.0683537628676,0.007595904852706781,0.34888561296972537
UAV_0081,telemetry_19,347,0.8248386583640908,0.8720396760524303,-0.8248386583640908,-0.8720396760524303,0.016331334907234506,0.01289817843658717,33503.18244207332,33511.514426000416,8.331983927098918,33503.342674755804,33508.240669825085,4.8979950692810235,2.466050293083519
UAV_0081,telemetry_20,347,,,,,0.0,0.0,-164.8973841769026,-164.8973841769026,0.0,-164.89738417690253,-164.89738417690253,0.0,0.0
UAV_0081,telemetry_21,347,0.8153395497922851,0.8555639075776417,-0.8153395497922851,-0.8555639075776417,0.016865889660849027,0.013145329963521406,34960.17350425431,34968.56126856895,8.387764314640663,34959.982204366424,34964.99173879294,5.00953442651371,2.414142399445527
UAV_0081,telemetry_22,347,0.6472096786132493,0.5979254938376131,-0.6472096786132493,-0.5979254938376131,0.6291586520996212,0.6552230889752669,22982.14353351476,23337.16981225465,355.0262787398897,22967.14248176989,23153.629613249144,186.48713147925446,1.9123613700876194
UAV_0081,telemetry_23,347,-0.8260091978111583,-0.8790874714730723,0.8260091978111583,0.8790874714730723,-0.281349989580212,-0.24034501414190276,-17359.71154186031,-17515.567180868406,-155.85563900809575,-17357.553773647665,-17440.73577542883,-83.18200178116604,-2.4344654256030163
UAV_0081,telemetry_24,347,-0.528512639001505,-0.9230707812457817,0.528512639001505,0.9230707812457817,-0.2145351475590765,-0.16150683441855507,-3641.06426671656,-3740.5303378155368,-99.46607109897695,-3643.745893928535,-3706.4286462137934,-62.682752285258175,-1.5393637142966972
UAV_0081,telemetry_25,347,-0.787245013931817,-0.7908671238814647,0.787245013931817,0.7908671238814647,-0.006863854808806503,-0.005357168165161878,-171.13656853510616,-174.66105734234574,-3.524488807239578,-171.22120835252142,-173.23910840976976,-2.0179000572483403,-2.3071601758136273
UAV_0081,telemetry_26,347,-0.848945088622312,-0.9474360440220172,0.848945088622312,0.9474360440220172,-0.4315686162595467,-0.3324586366051101,-7468.377994124909,-7672.614465329236,-204.23647120432724,-7469.747635353345,-7597.638910239099,-127.89127488575377,-2.507881000513429
UAV_0081,telemetry_27,347,,,,,0.0,0.0,969.0302044744708,969.0302044744708,0.0,969.0302044744709,969.0302044744709,0.0,0.0
UAV_0081,telemetry_28,347,-0.7501421732708561,-0.7299286173408106,0.7501421732708561,0.7299286173408106,-0.42955754331694446,-0.4213801977859914,-9724.11750390422,-9895.625998836702,-171.5084949324828,-9697.206092690574,-9821.710161933413,-124.50406924283925,-2.1674148372040207
UAV_0082,telemetry_01,285,0.009368824532496748,-0.0017205181771527214,-0.009368824532496748,0.0017205181771527214,0.0012489203977731084,-0.005872658428244618,77.59339421131062,81.93968937807182,4.346295166761195,84.18795220334128,86.92614512879706,2.7381929254557775,0.24922956931275217
UAV_0082,telemetry_02,285,-0.1649883072879186,-0.1507130378887236,0.1649883072879186,0.1507130378887236,-0.01535428803177163,-0.01037051421814671,19.968806008492933,13.56685223145262,-6.401953777040314,12.476301403209655,9.78311166355824,-2.693189739651416,-0.35113620517689903
UAV_0082,telemetry_03,285,,,,,0.0,0.0,30377.82504938602,30377.82504938608,5.820766091346741e-11,30377.82504938608,30377.82504938608,0.0,0.0
UAV_0082,telemetry_04,285,0.04372941444862031,0.06294758411075242,-0.04372941444862031,-0.06294758411075242,3.573158995942624e-05,4.954456644106357e-05,-126.32668545624747,-125.8838113110684,0.44287414517907564,-125.90770507846291,-125.90699881128239,0.0007062671805186937,0.010487585693421784
UAV_0082,telemetry_05,285,-0.09314418957886558,-0.09178516072511625,0.09314418957886558,0.09178516072511625,-2.9813224148720856e-06,-3.6874465980340663e-06,-113.5285889702555,-113.52944041586127,-0.000851445605775325,-113.52568919748776,-113.52581052100902,-0.00012132352125604484,-0.045991439846547084
UAV_0082,telemetry_06,285,-0.6727376551511364,-0.6363863746479009,0.6727376551511364,0.6363863746479009,-0.01004792274373705,-0.009499009833398842,-139.27472001172845,-142.6436430562277,-3.3689230444992404,-139.3302205635474,-141.81438659274704,-2.4841660291996277,-2.018065439433075
UAV_0082,telemetry_07,285,0.7527360355386667,0.7617739503489624,-0.7527360355386667,-0.7617739503489624,0.0003713169857386914,0.0,140.5912754437698,140.7631728418209,0.17189739805110094,140.59127544376977,140.68174775853353,0.09047231476375828,2.22535227329826
UAV_0082,telemetry_08,285,,,,,0.0,0.0,-4680.605940223165,-4680.605940223165,0.0,-4680.605940223165,-4680.605940223165,0.0,0.0
UAV_0082,telemetry_09,285,0.02060947367605972,0.02061770697797384,-0.02060947367605972,-0.02061770697797384,0.0025234199321847524,-0.005642450376322817,-153.0601789368572,-144.78872491936684,8.271454017490356,-154.69339908291917,-153.86116810763622,0.832230975282954,0.08247198055466674
UAV_0082,telemetry_10,285,-0.014158366068510547,-0.011854416895187835,0.014158366068510547,0.011854416895187835,-0.0003951534419312311,-0.00022226635507313283,-44.77172274606017,-62.43791109586193,-17.666188349801757,-61.90427291785596,-62.21392660725899,-0.30965368940302795,-0.13461975724334563
UAV_0082,telemetry_11,285,-0.35477860669661876,-0.7280300902824097,0.35477860669661876,0.7280300902824097,-0.002570314134546608,-0.002171463731978715,66.48076051757496,61.58797782875674,-4.892782688818222,62.48963556928166,61.841948020253696,-0.6476875490279639,-1.0847307310573746
UAV_0082,telemetry_12,285,0.594125742287287,0.5555156128113324,-0.594125742287287,-0.5555156128113324,0.014477442761626545,0.012709709926791232,641.1898711558429,645.5846678100936,4.39479665425074,640.0520370406805,643.6664710779618,3.614434037281285,1.7997492164122153
UAV_0082,telemetry_13,285,0.6492598092885961,0.6500220313415273,-0.6492598092885961,-0.6500220313415273,0.0358958221317771,0.032633693974553735,7129.611065707439,7144.365295936054,14.754230228615597,7130.319587921223,7139.141392323747,8.821804402524322,1.936052884280746
UAV_0082,telemetry_14,285,,,,,0.0,0.0,-648.8153498138018,-648.8153498138018,0.0,-648.815349813802,-648.815349813802,0.0,0.0
UAV_0082,telemetry_15,285,0.8282875322370185,0.8653240913852255,-0.8282875322370185,-0.8653240913852255,0.7929742180129072,0.7068369294227435,49987.86971403046,50342.02101797428,354.1513039438214,50025.732028268714,50215.707983471424,189.97595520270988,2.4077193894948787
UAV_0082,telemetry_16,285,-0.6857346405262802,-0.6652579384397965,0.6857346405262802,0.6652579384397965,-0.022395038538533394,-0.021953258054834435,-696.3335106993333,-703.270740244661,-6.937229545327796,-693.8993950693939,-699.3761552367578,-5.476760167363864,-2.0347599192363983
UAV_0082,telemetry_17,285,,,,,0.0,0.0,40.41581228213981,40.41581228213973,-7.815970093361102e-14,40.41581228213973,40.41581228213973,0.0,0.0
UAV_0082,telemetry_18,285,0.6712078015877723,0.5753435593316987,-0.6712078015877723,-0.5753435593316987,0.0003790588302075191,0.0001327064331783472,-103.2374868320522,-103.15941017619244,0.07807665585976054,-103.22876249854824,-103.14168951605957,0.0870729824886638,1.8707638737461159
UAV_0082,telemetry_19,285,0.7974290141822912,0.8073040376969214,-0.7974290141822912,-0.8073040376969214,0.01654963737005677,0.013723347357702566,33505.07667018201,33511.2615478713,6.184877689287532,33504.64723289145,33508.642192416584,3.99495952513098,2.3356142228367913
UAV_0082,telemetry_20,285,,,,,0.0,0.0,-164.8973841769026,-164.8973841769026,0.0,-164.8973841769026,-164.8973841769026,0.0,0.0
UAV_0082,telemetry_21,285,0.8260064838530923,0.8682085282728507,-0.8260064838530923,-0.8682085282728507,0.018175385343186884,0.015209013978162829,34960.90927305384,34968.41411480904,7.504841755202506,34961.08740655267,34965.540744023514,4.453337470840779,2.455673436970148
UAV_0082,telemetry_22,285,0.6359857523748901,0.6100779042517166,-0.6359857523748901,-0.6100779042517166,0.6891198490723544,0.6446245056601456,22966.26422929537,23196.0042545612,229.7400252658299,23002.993905930947,23160.825960134083,157.83205420313607,1.7673925199120104
UAV_0082,telemetry_23,285,-0.8341402499687134,-0.8574079737904793,0.8341402499687134,0.8574079737904793,-0.31710315342143996,-0.2834905433181675,-17377.203571169317,-17502.959984934132,-125.75641376481508,-17374.74860625844,-17450.907455446777,-76.15884918833763,-2.4307711115321564
UAV_0082,telemetry_24,285,-0.41690792699521195,-0.9000015551535194,0.41690792699521195,0.9000015551535194,-0.22929779597547725,-0.17212870960126,-3389.924052943473,-3750.914549660535,-360.99049671706234,-3664.8359604201323,-3718.3972096280786,-53.561249207946275,-1.1816154107495527
UAV_0082,telemetry_25,285,-0.7918279190426089,-0.7909922148908186,0.7918279190426089,0.7909922148908186,-0.007153225389125073,-0.005867869296373195,-171.8050060675137,-174.235688003541,-2.430681936027298,-171.60085010665878,-173.2969970190357,-1.6961469123769177,-2.2781249670222943
UAV_0082,telemetry_26,285,-0.8538793148234533,-0.9284100881967748,0.8538793148234533,0.9284100881967748,-0.4489522819912985,-0.3412585274757126,-7504.689889567422,-7683.665911768261,-178.976022200839,-7503.028017922456,-7610.591401149224,-107.56338322676856,-2.482252402830723
UAV_0082,telemetry_27,285,,,,,0.0,0.0,969.0302044744708,969.0302044744708,0.0,969.0302044744709,969.0302044744709,0.0,0.0
UAV_0082,telemetry_28,285,-0.6813927190778905,-0.6332144504865038,0.6813927190778905,0.6332144504865038,-0.4315723223937569,-0.44974046166600123,-9741.718919808509,-9956.246042656654,-214.52712284814515,-9729.457236335746,-9835.309888181877,-105.85265184613127,-2.027826634237646
UAV_0083,telemetry_01,181,0.00735000478670104,-0.02280776313925485,-0.00735000478670104,0.02280776313925485,0.001563880323383689,-0.009085744273843017,73.24257938648199,74.15573654509404,0.9131571586120515,87.34837124920261,87.46187195627417,0.11350070707155169,0.010181184675461672
UAV_0083,telemetry_02,181,0.01990329046189932,0.013957865339080808,-0.01990329046189932,-0.013957865339080808,0.002902521942124045,0.0003794753093747155,15.45933786631365,14.649198185957436,-0.8101396803562135,10.314479732538546,10.893659167480386,0.5791794349418407,0.07580156006773935
UAV_0083,telemetry_03,181,,,,,0.0,0.0,30377.82504938608,30377.82504938608,0.0,30377.82504938609,30377.825049386083,-7.275957614183426e-12,-0.4765808824737226
UAV_0083,telemetry_04,181,0.14073484897498723,0.1032359933965026,-0.14073484897498723,-0.1032359933965026,0.00015065832806136946,0.00019102020603499727,-125.8838113110684,-125.89945703932128,-0.01564572825287769,-125.91262451641238,-125.89380612518575,0.018818391226631093,0.3355109066327554
UAV_0083,telemetry_05,181,-0.12254771572798187,-0.1367797947908445,0.12254771572798187,0.1367797947908445,-6.289604049333222e-06,1.6706918376030442e-07,-113.5223441003352,-113.52394291821996,-0.0015988178847550216,-113.52521430703365,-113.52616947338663,-0.000955166352980541,-0.35520295609644364
UAV_0083,telemetry_06,181,0.7646281552562023,0.770637439496728,-0.7646281552562023,-0.770637439496728,0.01940109388316427,0.01701414575923539,-137.65913981566746,-134.4743177702543,3.1848220454131706,-137.98702846765244,-135.0401939428448,2.9468345248076275,2.216641497445383
UAV_0083,telemetry_07,181,,,,,0.0,0.0,140.5912754437698,140.5912754437698,0.0,140.59127544376977,140.59127544376977,0.0,0.0
UAV_0083,telemetry_08,181,,,,,0.0,0.0,-4680.605940223165,-4680.605940223165,0.0,-4680.605940223167,-4680.605940223167,0.0,0.0
UAV_0083,telemetry_09,181,0.06622648330388854,0.0621840406370793,-0.06622648330388854,-0.0621840406370793,0.012176579431156239,0.018160710447234482,-134.5125251291327,-139.73878399521962,-5.2262588660869085,-152.3535214091851,-151.21091612087983,1.1426052883052762,0.11860916797296496
UAV_0083,telemetry_10,181,0.06893145240367568,0.1863497460182543,-0.06893145240367568,-0.1863497460182543,0.002598094031484925,0.0030881156902502344,-63.2029303591464,-63.39341692923471,-0.1904865700883107,-62.113379074733395,-61.997940260993886,0.11543881373950882,0.0584561301024223
UAV_0083,telemetry_11,181,0.27887390355070196,0.6756036675173485,-0.27887390355070196,-0.6756036675173485,0.0028722442855894053,0.002683939932086682,62.58102257479417,63.08529058999554,0.5042680152013688,62.4494802902057,62.96476753139211,0.5152872411864138,0.9548860143071497
UAV_0083,telemetry_12,181,-0.7307296410904218,-0.7028039438058548,0.7307296410904218,0.7028039438058548,-0.03589029087916195,-0.0369932378303988,635.196966627319,630.802169973068,-4.3947966542509675,636.9714422624915,631.7200021981572,-5.251440064334247,-2.040674797246697
UAV_0083,telemetry_13,181,0.6465455518417403,0.6294962864023637,-0.6465455518417403,-0.6294962864023637,0.06318534437255516,0.06380204297570354,7128.463736507493,7142.916089018411,14.45235251091799,7134.50622074244,7143.436329982494,8.930109240053753,1.7440349526177488
UAV_0083,telemetry_14,181,,,,,0.0,0.0,-648.8153498138018,-648.8153498138018,0.0,-648.8153498138018,-648.8153498138018,0.0,
UAV_0083,telemetry_15,181,0.8206275990969275,0.8235763156278111,-0.8206275990969275,-0.8235763156278111,0.810481079222032,0.7229341198322097,50031.9073369869,50194.550490678965,162.64315369206452,49997.811434952266,50119.33913818553,121.52770323326695,2.3485194976060955
UAV_0083,telemetry_16,181,-0.7665821148007599,-0.7705727253684821,0.7665821148007599,0.7705727253684821,-0.0387308643639792,-0.034686147726639166,-694.5992033130013,-705.005047630993,-10.405844317991637,-694.9741886938299,-700.7395889240685,-5.765400230238583,-2.1779434333630525
UAV_0083,telemetry_17,181,,,,,0.0,0.0,40.41581228213973,40.41581228213973,0.0,40.41581228213975,40.41581228213974,-7.105427357601002e-15,-0.43166584730171564
UAV_0083,telemetry_18,181,0.051867847372169804,0.15934470685851898,-0.051867847372169804,-0.15934470685851898,8.420736336761905e-06,1.9450878516700473e-05,-103.32440680444893,-103.33322546452072,-0.008818660071796103,-103.32699347791488,-103.32505856838327,0.001934909531613016,0.2274701743674185
UAV_0083,telemetry_19,181,0.7315127532832271,0.7159310302956712,-0.7315127532832271,-0.7159310302956712,0.009552903937332517,0.009924486899308249,33505.10756496056,33507.13782950768,2.0302645471165306,33504.789206319845,33506.29629749906,1.507091179213603,2.2026305631291687
UAV_0083,telemetry_20,181,,,,,0.0,0.0,-164.8973841769026,-164.8973841769026,0.0,-164.89738417690265,-164.89738417690265,0.0,0.0
UAV_0083,telemetry_21,181,0.724371872282013,0.7161706687385694,-0.724371872282013,-0.7161706687385694,0.010460654019079458,0.010767348285831181,34961.20358057365,34964.14665577177,2.9430751981199137,34961.513796608044,34963.05692252275,1.543125914708071,2.039481386975082
UAV_0083,telemetry_22,181,0.6585810651752602,0.6381119871826385,-0.6585810651752602,-0.6381119871826385,1.1199284716271323,1.197425695223049,22972.67422365916,23260.68692495944,288.0127013002784,23013.29579113534,23186.991676490732,173.6958853553915,1.9495039824592408
UAV_0083,telemetry_23,181,-0.8256576884075452,-0.8462833667253556,0.8256576884075452,0.8462833667253556,-0.36820363383123866,-0.35817115162197544,-17373.462448824535,-17468.296246966496,-94.83379814196087,-17370.529194009538,-17425.379689344125,-54.85049533458732,-2.347513803101887
UAV_0083,telemetry_24,181,0.12690472843940145,0.7216117216117215,-0.12690472843940145,-0.7216117216117215,0.06782426237266484,0.07694501498990927,-3642.453843447621,-3622.646899153101,19.80694429451978,-3637.760417528717,-3632.912147816886,4.848269711831108,0.17313909307781894
UAV_0083,telemetry_25,181,-0.8275977069892567,-0.8138040578779592,0.8275977069892567,0.8138040578779592,-0.011314024318270388,-0.01031494897852209,-172.1088413095171,-174.38760562454266,-2.278764315025569,-172.05710720074356,-173.75858455596264,-1.7014773552190832,-2.375439565932503
UAV_0083,telemetry_26,181,0.7863714229104031,0.7501635579397598,-0.7863714229104031,-0.7501635579397598,0.14610195409106194,0.13826632467130107,-7467.516842454336,-7441.395241780276,26.121600674060574,-7471.264015939802,-7450.049428163381,21.214587776421467,2.179324679540335
UAV_0083,telemetry_27,181,,,,,0.0,0.0,969.0302044744708,969.0302044744708,0.0,969.0302044744706,969.0302044744706,0.0,0.0
UAV_0083,telemetry_28,181,-0.8022666892824772,-0.79394491328193,0.8022666892824772,0.79394491328193,-0.8885078823372055,-0.9102876781474247,-9760.568819340706,-9971.201795092556,-210.6329757518506,-9753.862161068644,-9885.287898501314,-131.42573743266985,-2.2649235084651216
UAV_0084,telemetry_01,226,0.003675716538416537,-0.024398788871129132,-0.003675716538416537,0.024398788871129132,0.0006047372846979086,-0.018010502542709937,70.18020209711561,88.28973553047247,18.10953343335686,87.45591304987525,85.77757388928333,-1.6783391605919178,-0.15601935195903913
UAV_0084,telemetry_02,226,0.008234529671039041,0.0055665146258105595,-0.008234529671039041,-0.0055665146258105595,0.0009780444656963146,-0.008261441398405001,12.291902514337574,15.667180112479528,3.3752775981419543,12.84199031966325,12.488400669996622,-0.35358964966662754,-0.045530583644589936
UAV_0084,telemetry_03,226,,,,,0.0,0.0,30377.82504938608,30377.82504938608,0.0,30377.825049386087,30377.825049386087,0.0,0.0
UAV_0084,telemetry_04,226,0.10407621871973347,0.06393437436960715,-0.10407621871973347,-0.06393437436960715,9.992573481924894e-05,2.6773586948884694e-05,-125.8653209049514,-125.90372405611753,-0.03840315116612203,-125.91782905373607,-125.89936427808658,0.018464775649491116,0.2941315859413159
UAV_0084,telemetry_05,226,0.12214084827534634,0.10951983678349123,-0.12214084827534634,-0.10951983678349123,4.821349726440255e-06,6.3458689254252846e-06,-113.52487899330664,-113.5249685693688,-8.957606215176384e-05,-113.526387355423,-113.52532619830936,0.0010611571136394105,0.4111454244398583
UAV_0084,telemetry_06,226,-0.7271450713463157,-0.7046551676673289,0.7271450713463157,0.7046551676673289,-0.014881669571863449,-0.012426080779059955,-138.86518921784324,-141.78074789724627,-2.915558679403034,-138.54953305348315,-141.30936003889445,-2.7598269854113084,-2.0624087336031507
UAV_0084,telemetry_07,226,0.6882459632413104,0.701473967601353,-0.6882459632413104,-0.701473967601353,0.0004043172981852464,0.0,140.5912754437698,140.7631728418209,0.17189739805110094,140.59127544376975,140.67909259277417,0.08781714900442239,2.286252317857957
UAV_0084,telemetry_08,226,,,,,0.0,0.0,-4680.605940223165,-4680.605940223165,0.0,-4680.605940223167,-4680.605940223167,0.0,0.0
UAV_0084,telemetry_09,226,-0.05731340486380287,-0.03959975569503463,0.05731340486380287,0.03959975569503463,-0.008016490864265436,0.0044641065250162915,-141.32190740721197,-159.91302348637103,-18.591116079159065,-151.47278378732312,-152.61670306280155,-1.1439192754784244,-0.12508083179628104
UAV_0084,telemetry_10,226,0.0022948480036459095,0.07627460917703013,-0.0022948480036459095,-0.07627460917703013,7.124591625130325e-05,0.0025155078924127263,-60.99373099284058,-61.38889997859193,-0.3951689857513472,-62.23201378332624,-62.61203561856377,-0.3800218352375353,-0.1872086776536171
UAV_0084,telemetry_11,226,-0.40623186613181617,-0.7243544361181514,0.40623186613181617,0.7243544361181514,-0.003611052780553402,-0.0029064368942412332,62.33743548270539,61.57462327326942,-0.7628122094359711,62.511429575926265,61.814366575909254,-0.6970630000170104,-1.1993216055797609
UAV_0084,telemetry_12,226,0.7362622114477964,0.721411949567134,-0.7362622114477964,-0.721411949567134,0.026657767620909472,0.026851336806979834,636.528723189213,647.0496000281771,10.520876838964114,638.05445298947,642.9037839485414,4.849330959071494,2.0483965371870987
UAV_0084,telemetry_13,226,0.6398803825774613,0.6026717606850935,-0.6398803825774613,-0.6026717606850935,0.05016752602408715,0.04771127257725582,7131.887817834617,7147.08887432719,15.201056492573116,7129.835181095792,7139.307501175725,9.472320079932615,1.847804204297141
UAV_0084,telemetry_14,226,,,,,0.0,0.0,-648.8153498138018,-648.8153498138018,0.0,-648.8153498138018,-648.8153498138018,0.0,
UAV_0084,telemetry_15,226,0.836384507170232,0.9012054655832051,-0.836384507170232,-0.9012054655832051,1.1278386617019174,0.9477435122473566,49989.53500229352,50335.48321960819,345.948217314668,49980.228427548034,50198.310126983015,218.0816994349807,2.4734418194961076
UAV_0084,telemetry_16,226,-0.682469843377295,-0.6726992852754259,0.682469843377295,0.6726992852754259,-0.028812495094176962,-0.022670684788652556,-692.8648959266694,-699.8021254719972,-6.937229545327796,-693.0157052646114,-698.5579484339763,-5.542243169364951,-2.007759311004938
UAV_0084,telemetry_17,226,,,,,0.0,0.0,40.41581228213973,40.41581228213973,0.0,40.41581228213974,40.41581228213974,0.0,0.0
UAV_0084,telemetry_18,226,0.24042321408483186,0.21407820357880786,-0.24042321408483186,-0.21407820357880786,0.00010403868762544048,1.7288103488410117e-05,-103.07750314167082,-103.06987318898784,0.007629952682975727,-103.06569419901005,-103.05025212834244,0.015442070667617713,0.5457711112824374
UAV_0084,telemetry_19,226,0.8217260632792261,0.8554993307603341,-0.8217260632792261,-0.8554993307603341,0.024767786614626176,0.01879502236137933,33503.28949775801,33511.586917841305,8.297420083297766,33503.47992676361,33508.21629000329,4.736363239680941,2.4033019634403074
UAV_0084,telemetry_20,226,,,,,0.0,0.0,-164.8973841769026,-164.8973841769026,0.0,-164.89738417690265,-164.89738417690265,0.0,
UAV_0084,telemetry_21,226,0.8226888941365705,0.8718031822606207,-0.8226888941365705,-0.8718031822606207,0.026253196073556438,0.02075026506706618,34959.29058169488,34968.41411480904,9.123533114165184,34960.02954948918,34965.07436425814,5.044814768953074,2.4178099035298373
UAV_0084,telemetry_22,226,0.6681866096258444,0.6330664507125836,-0.6681866096258444,-0.6330664507125836,0.9878631995371635,0.9528423613286179,22987.533756047946,23250.19784327324,262.66408722529377,22971.553108044154,23152.42959425913,180.87648621497647,1.871141144297163
UAV_0084,telemetry_23,226,-0.8404779823276174,-0.8808800176731251,0.8404779823276174,0.8808800176731251,-0.4498742140901768,-0.3612566680403915,-17367.959150484476,-17499.141472210977,-131.18232172650096,-17359.092229089252,-17444.62669812384,-85.53446903458826,-2.4439925547310244
UAV_0084,telemetry_24,226,-0.4519204607282287,-0.9146096968279339,0.4519204607282287,0.9146096968279339,-0.3313711792121909,-0.25165632615462075,-3642.065474641221,-3744.005943268684,-101.9404686274629,-3646.484956803379,-3706.33126041936,-59.846303615981014,-1.248268690786579
UAV_0084,telemetry_25,226,-0.7893464626243115,-0.7887797371760134,0.7893464626243115,0.7887797371760134,-0.010555065660710877,-0.009099395649689835,-171.3796367287089,-174.6914408665461,-3.3118041378371856,-171.26008416609452,-173.2561496037778,-1.996065437683285,-2.2829950897855698
UAV_0084,telemetry_26,226,-0.8456688548022866,-0.935681716248342,0.8456688548022866,0.935681716248342,-0.6544405041141087,-0.5110122327402407,-7479.429440563936,-7682.948285376117,-203.51884481218167,-7473.360817378193,-7598.6115837253965,-125.25076634720335,-2.4753352836497355
UAV_0084,telemetry_27,226,,,,,0.0,0.0,969.0302044744708,969.0302044744708,0.0,969.0302044744705,969.0302044744705,0.0,0.0
UAV_0084,telemetry_28,226,-0.7265658224372585,-0.6903668472964016,0.7265658224372585,0.6903668472964016,-0.6653897892952423,-0.5611596609038321,-9693.298241708844,-9937.721042924632,-244.42280121578733,-9700.143358798105,-9829.003295551316,-128.8599367532115,-2.1519898638429154
UAV_0085,telemetry_01,266,0.9489811755356641,0.9523298388009457,-0.9489811755356641,-0.9523298388009457,0.5563731927383129,0.5257299090494367,-60.18918095021296,58.8035195252296,118.99270047544256,-56.09766202245902,61.428349260351844,117.52601128281086,2.605670954800357
UAV_0085,telemetry_02,266,-0.0673512604079592,-0.06467886910407246,0.0673512604079592,0.06467886910407246,-0.006725269185795059,-0.019952452893788077,15.393543541060016,11.132229947793848,-4.261313593266168,13.00665511792965,11.30196437471461,-1.7046907432150409,-0.22190946801295328
UAV_0085,telemetry_03,266,,,,,0.0,0.0,30377.82504938608,30377.82504938608,0.0,30377.825049386083,30377.825049386083,0.0,0.0
UAV_0085,telemetry_04,266,-0.030477798754713382,0.007698742233825111,0.030477798754713382,-0.007698742233825111,-2.2217807938239465e-05,8.222711286547355e-06,-125.85963154922308,-125.82122839805696,0.03840315116612203,-125.90080027787452,-125.91012753255393,-0.009327254679405428,-0.16631460864025974
UAV_0085,telemetry_05,266,0.017115083081976866,0.019873406220660833,-0.017115083081976866,-0.019873406220660833,5.777348661250016e-07,4.838222990394863e-07,-113.52415148354432,-113.52861781550568,-0.004466331961367587,-113.52635593307959,-113.5259446712974,0.0004112617821903086,0.15836636959212702
UAV_0085,telemetry_06,266,-0.7107292283703677,-0.6780321681077071,0.7107292283703677,0.6780321681077071,-0.011552639321958637,-0.01141320519105838,-140.27788259858494,-142.8014439125871,-2.5235613140021655,-139.13078819006964,-141.7760166546394,-2.6452284645697546,-2.11534068620599
UAV_0085,telemetry_07,266,0.74617529593911,0.7621332608540666,-0.74617529593911,-0.7621332608540666,0.0004182621777971625,0.0,140.5912754437698,140.7631728418209,0.17189739805110094,140.59127544376975,140.68677399824264,0.09549855447289701,2.2145385461904987
UAV_0085,telemetry_08,266,,,,,0.0,0.0,-4680.60594022315,-4680.605940223135,1.546140993013978e-11,-4680.605940223147,-4680.605940223136,1.0913936421275139e-11,2.488532609234793
UAV_0085,telemetry_09,266,0.03233917579314666,0.03688498328713452,-0.03233917579314666,-0.03688498328713452,0.004005221366824447,-0.005478000994195566,-154.2470193594615,-159.8268576354006,-5.579838275939096,-154.21009475893354,-153.88658277043163,0.323511988501906,0.03395368974486007
UAV_0085,telemetry_10,266,-0.052484473482878276,-0.10603368714344691,0.052484473482878276,0.10603368714344691,-0.0014656358796392435,-0.00332386039442069,-62.58284325236709,-63.04352995274979,-0.460686700382702,-62.487803483463296,-62.4640890475493,0.02371443591399469,0.01103854237793083
UAV_0085,telemetry_11,266,-0.23682523488886995,-0.7063709756708263,0.23682523488886995,0.7063709756708263,-0.001798836076875121,-0.0020626950948865025,62.11948913715225,61.63498586407213,-0.4845032730801222,62.25432333113542,61.83834918225794,-0.4159741488774742,-0.711863791690265
UAV_0085,telemetry_12,266,0.7403961585260146,0.7239824975334614,-0.7403961585260146,-0.7239824975334614,0.022405469289541253,0.02097031316006607,639.8581145939486,648.1150052776925,8.256890683743904,639.2612903569515,644.3441612348477,5.082870877896198,2.18329974141628
UAV_0085,telemetry_13,266,0.6707242557268646,0.6450279822940859,-0.6707242557268646,-0.6450279822940859,0.04361042680973336,0.04579704213147341,7125.107337217311,7150.545481738407,25.438144521095637,7129.784835517602,7139.517189931503,9.732354413900794,1.9456546888922313
UAV_0085,telemetry_14,266,,,,,0.0,0.0,-648.8153498138003,-648.8153498137988,1.4779288903810084e-12,-648.8153498137998,-648.8153498137989,9.094947017729282e-13,2.4137474125568463
UAV_0085,telemetry_15,266,0.842099542464916,0.8837117073822937,-0.842099542464916,-0.8837117073822937,0.9032264414179527,0.8296806680882822,50011.55381377174,50300.01874733935,288.46493356761493,50005.052564942285,50204.96939296677,199.91682802448486,2.422759555069523
UAV_0085,telemetry_16,266,-0.726329203533644,-0.7147931584625358,0.726329203533644,0.7147931584625358,-0.025878558445505094,-0.021323809637943492,-692.8648959266694,-701.5364328583291,-8.671536931659716,-693.2502975680765,-699.0634389926335,-5.813141424556989,-2.1207940121313187
UAV_0085,telemetry_17,266,,,,,0.0,0.0,40.41581228213973,40.41581228213973,0.0,40.415812282139726,40.415812282139726,0.0,0.0
UAV_0085,telemetry_18,266,0.9680738452639454,0.9695205790605409,-0.9680738452639454,-0.9695205790605409,0.008278282796150534,0.00805254416410878,-101.148834210873,-98.85485261757148,2.293981593301524,-100.81933699150679,-99.04550500494588,1.7738319865609071,2.6963414282751805
UAV_0085,telemetry_19,266,0.8452254429962034,0.8892949992109805,-0.8452254429962034,-0.8892949992109805,0.021758426795202866,0.019786082994400846,33504.489066357506,33512.15813611778,7.669069760275306,33504.091483763244,33509.00463407088,4.913150307635078,2.480843081789686
UAV_0085,telemetry_20,266,,,,,0.0,0.0,-164.8973841769026,-164.8973841769026,0.0,-164.89738417690256,-164.89738417690256,0.0,0.0
UAV_0085,telemetry_21,266,0.818234803784053,0.8479701284149964,-0.818234803784053,-0.8479701284149964,0.021928446053521126,0.019620501320815595,34961.20358057365,34968.708422328855,7.504841755202506,34960.89292263607,34965.849824289195,4.956901653124078,2.404222006547541
UAV_0085,telemetry_22,266,0.6457103085019518,0.6327051714386003,-0.6457103085019518,-0.6327051714386003,0.7404781183458186,0.7332172075168129,22955.483784229,23235.04694750428,279.5631632752811,22979.979890636074,23139.80349589686,159.82360526078628,1.8115928070037575
UAV_0085,telemetry_23,266,-0.8440898930391164,-0.8935930030715968,0.8440898930391164,0.8935930030715968,-0.3788604216178537,-0.3314744224410768,-17368.418729256835,-17502.433574983294,-134.0148457264586,-17366.53329164282,-17451.261476074804,-84.72818443198412,-2.453756913923754
UAV_0085,telemetry_24,266,-0.4619930426605313,-0.9033283866864532,0.4619930426605313,0.9033283866864532,-0.2772182164717506,-0.23008315577563523,-3659.098897841696,-3751.232880678981,-92.1339828372852,-3662.2675720121474,-3724.9143515980168,-62.64677958586935,-1.3570835773007712
UAV_0085,telemetry_25,266,-0.8153813704906607,-0.8155823151943007,0.8153813704906607,0.8155823151943007,-0.009010606797541076,-0.007673751219284563,-171.86577311591438,-174.1749209551403,-2.309147839225915,-171.4105829107648,-173.43952713792092,-2.0289442271561313,-2.3865527017313886
UAV_0085,telemetry_26,266,0.8444917049087189,0.8490387512134163,-0.8444917049087189,-0.8490387512134163,1.020688022402754,1.0812819845343227,-8238.6000832539,-8003.6922182721155,234.90786498178386,-8164.431873084162,-7958.675307184581,205.7565658995818,2.2128411883578076
UAV_0085,telemetry_27,266,,,,,0.0,0.0,969.0302044744708,969.0302044744708,0.0,969.0302044744706,969.0302044744706,0.0,0.0
UAV_0085,telemetry_28,266,-0.7502843648444041,-0.7291747494664158,0.7502843648444041,0.7291747494664158,-0.5631161356211801,-0.6332389206204253,-9692.7794387023,-9947.74922111615,-254.96978241384932,-9708.406399411384,-9833.778376235461,-125.37197682407714,-2.171313698060557
UAV_0086,telemetry_01,341,0.05841589856484602,0.047615070105832116,-0.05841589856484602,-0.047615070105832116,0.006038834343704611,0.019223564111942763,81.35901676408143,99.60563877710588,18.24662201302445,86.27420606745481,87.09473333303352,0.8205272655787041,0.08051398876109683
UAV_0086,telemetry_02,341,0.01270477784318588,0.0064313362325945965,-0.01270477784318588,-0.0064313362325945965,0.0010203181378458696,-0.005965191176059526,-7.620254667968119,2.870901458192044,10.491156126160163,11.003040763684236,10.460456969382188,-0.5425837943020486,-0.06853283017471477
UAV_0086,telemetry_03,341,,,,,0.0,0.0,30377.82504938608,30377.82504938608,0.0,30377.82504938608,30377.82504938608,0.0,0.0
UAV_0086,telemetry_04,341,-0.01760411894252796,-0.045673248902460266,0.01760411894252796,0.045673248902460266,-1.1909539408501915e-05,-4.1347061979041124e-05,-125.87385493854389,-125.89234534466088,-0.018490406116995928,-125.89220671731037,-125.89937458489044,-0.00716786758006549,-0.10747555151997597
UAV_0086,telemetry_05,341,0.029406752800790276,0.026909865659491144,-0.029406752800790276,-0.026909865659491144,7.623616179711895e-07,2.038307844644596e-06,-113.5268929558357,-113.5302368812145,-0.00334392537880035,-113.52605093907353,-113.52574454135853,0.00030639771499352264,0.11988696069732938
UAV_0086,telemetry_06,341,0.7809374610796415,0.7754526813467905,-0.7809374610796415,-0.7754526813467905,0.010791687295856656,0.010448193888848465,-138.5120158726578,-134.0347296703958,4.4772862022620075,-138.47718497280115,-135.46303252163082,3.0141524511703324,2.212546967480619
UAV_0086,telemetry_07,341,,,,,0.0,0.0,140.5912754437698,140.5912754437698,0.0,140.59127544376983,140.59127544376983,0.0,0.0
UAV_0086,telemetry_08,341,,,,,0.0,0.0,-4680.605940223165,-4680.605940223165,0.0,-4680.605940223164,-4680.605940223164,0.0,0.0
UAV_0086,telemetry_09,341,-0.03126763217747756,-0.01116760332779508,0.03126763217747756,0.01116760332779508,-0.003118546035934443,-0.01841901782455249,-153.79789083252942,-156.25981887149274,-2.461928038963322,-151.60383415337486,-152.65684034501393,-1.0530061916390707,-0.10709621944181773
UAV_0086,telemetry_10,341,0.050840135694561535,-0.022928677567646907,-0.050840135694561535,0.022928677567646907,0.0012961122316486938,-0.001499424309883324,-64.48258331916935,-62.828065396516216,1.6545179226531346,-62.853594056971104,-62.647710282930916,0.20588377404018843,0.08191936798979962
UAV_0086,telemetry_11,341,0.324237745165621,0.7750744394718042,-0.324237745165621,-0.7750744394718042,0.002136731730856874,0.0017779701231518466,62.282948896317095,63.16969138067543,0.8867424843583365,62.312622598179296,62.87735435472943,0.5647317565501311,0.8692729425012428
UAV_0086,telemetry_12,341,-0.7470156126010644,-0.7412022166269754,0.7470156126010644,0.7412022166269754,-0.01869414143744606,-0.01788926724932497,637.5941284387284,628.2718325054691,-9.322295933259284,638.2098245883576,633.010183751049,-5.199640837308607,-2.1076470305224944
UAV_0086,telemetry_13,341,0.7163604137699574,0.6931443668685254,-0.7163604137699574,-0.6931443668685254,0.04011916535081502,0.03648835002954763,7133.418974686626,7149.602477845851,16.183503159225438,7131.217291712815,7142.818839249776,11.601547536961334,2.101338384621594
UAV_0086,telemetry_14,341,,,,,0.0,0.0,-648.8153498138018,-648.8153498138018,0.0,-648.8153498138021,-648.8153498138021,0.0,
UAV_0086,telemetry_15,341,0.8518746494003578,0.9217980486114461,-0.8518746494003578,-0.9217980486114461,0.9801092384518602,0.7795301065207612,49989.8433890089,50456.06242532226,466.2190363133632,50004.519021162894,50285.874970535086,281.3559493721914,2.480605458343658
UAV_0086,telemetry_16,341,-0.7428121409037264,-0.7388721087114618,0.7428121409037264,0.7388721087114618,-0.021057073692760338,-0.019270082070354987,-691.1305885403375,-701.5364328583291,-10.405844317991637,-693.9456961819196,-699.7267208030263,-5.781024621106667,-2.0686459913995456
UAV_0086,telemetry_17,341,,,,,0.0,0.0,40.41581228213973,40.41581228213973,0.0,40.41581228213972,40.41581228213972,0.0,0.0
UAV_0086,telemetry_18,341,-0.20008677452567963,-0.0776460298581541,0.20008677452567963,0.0776460298581541,-3.596263482053419e-05,-9.038372255903331e-07,-103.32042899351154,-103.3263491815455,-0.005920188033954332,-103.31801303633809,-103.32749484881326,-0.009481812475172546,-0.535129166973087
UAV_0086,telemetry_19,341,0.7130251952369302,0.7050873258703081,-0.7130251952369302,-0.7050873258703081,0.005172079332919656,0.005509076884496949,33504.26342810429,33506.569760204904,2.306332100612053,33504.09164670757,33505.54306853354,1.451421825964644,2.0297087713059647
UAV_0086,telemetry_20,341,,,,,0.0,0.0,-164.8973841769026,-164.8973841769026,0.0,-164.89738417690256,-164.89738417690256,0.0,0.0
UAV_0086,telemetry_21,341,0.663741054594625,0.6518494238698098,-0.663741054594625,-0.6518494238698098,0.004885307631641873,0.004031609860448205,34961.20358057365,34963.41088697224,2.2073063985881163,34960.76851728349,34962.199534281994,1.4310169985037646,1.9722044634939155
UAV_0086,telemetry_22,341,0.6973482123452627,0.6792912896258274,-0.6973482123452627,-0.6792912896258274,0.6447272641246706,0.6021572211733147,23025.556677160428,23224.412184127992,198.855506967564,22983.169639331885,23176.014193086772,192.84455375488687,2.1158331375424337
UAV_0086,telemetry_23,341,-0.8584785398187317,-0.9208383646713817,0.8584785398187317,0.9208383646713817,-0.3886902718484114,-0.350341204334017,-17353.728375232273,-17543.664921021547,-189.93654578927453,-17369.86972535002,-17480.70073281082,-110.83100746079799,-2.4830612555475025
UAV_0086,telemetry_24,341,0.009086055785819402,0.6801406656195431,-0.009086055785819402,-0.6801406656195431,0.004403950797786491,0.04456689892505441,-3648.150367693831,-3628.751741938657,19.39862575517418,-3639.490732576466,-3635.5777077979865,3.9130247784796666,0.0818928374900297
UAV_0086,telemetry_25,341,-0.8391024045708879,-0.8376057451716331,0.8391024045708879,0.8376057451716331,-0.006497080647236158,-0.006191967759994029,-171.835389591714,-174.35722210034234,-2.5218325086283357,-171.58219355671116,-173.43118512362759,-1.8489915669164247,-2.42232281066597
UAV_0086,telemetry_26,341,0.8097361815103242,0.7946597288459322,-0.8097361815103242,-0.7946597288459322,0.08061998654213308,0.07664172466180888,-7472.540227199349,-7442.686969286136,29.853257913212474,-7478.422683538433,-7456.076421710004,22.346261828429306,2.2767014678180706
UAV_0086,telemetry_27,341,,,,,0.0,0.0,969.0302044744708,969.0302044744708,0.0,969.0302044744709,969.0302044744709,0.0,0.0
UAV_0086,telemetry_28,341,-0.8224892596092048,-0.802788798803979,0.8224892596092048,0.802788798803979,-0.5102973481799284,-0.54496162449741,-9691.899222866145,-9916.575100868513,-224.67587800236834,-9723.757259147958,-9864.509978940683,-140.75271979272475,-2.3012515819326804
UAV_0087,telemetry_01,172,-0.008672250038298602,-0.0021130929218462205,0.008672250038298602,0.0021130929218462205,-0.0019362453947707073,-0.007838461731621414,90.29433399676714,125.51131688544456,35.21698288867742,87.98942107380302,87.69986673492613,-0.28955433887688287,-0.026043827982872903
UAV_0087,telemetry_02,172,-0.026580211010630076,-0.023477500041271346,0.026580211010630076,0.023477500041271346,-0.003927838789351725,-0.01633692555571497,4.775047841794316,1.923523249247589,-2.8515245925467267,10.968638483452139,9.008368929499918,-1.9602695539522212,-0.2663936769585414
UAV_0087,telemetry_03,172,,,,,0.0,0.0,30377.82504938608,30377.82504938608,0.0,30377.82504938608,30377.82504938608,0.0,0.0
UAV_0087,telemetry_04,172,-0.061869455207731704,-0.02527929603472557,0.061869455207731704,0.02527929603472557,-8.006296900476584e-05,5.035222409921185e-05,-125.92079212330243,-125.88807832786463,0.032713795437800286,-125.88415911967157,-125.89848172119642,-0.014322601524852985,-0.22226437471363844
UAV_0087,telemetry_05,172,-0.0822725500944622,-0.0796442645799874,0.0822725500944622,0.0796442645799874,-4.000071536774059e-06,7.320875201633943e-07,-113.5251066414174,-113.52225450861545,0.0028521328019479597,-113.52639598700752,-113.5271868467236,-0.0007908597160763975,-0.32665552111619334
UAV_0087,telemetry_06,172,0.6797187713589309,0.6635614800448859,-0.6797187713589309,-0.6635614800448859,0.014951703250345415,0.014654381724736047,-137.79439769254702,-134.39040779107904,3.4039899014679804,-137.48147966786144,-135.33259698581836,2.14888268204308,1.9617996318408366
UAV_0087,telemetry_07,172,,,,,0.0,0.0,140.5912754437698,140.5912754437698,0.0,140.59127544376977,140.59127544376977,0.0,
UAV_0087,telemetry_08,172,,,,,0.0,0.0,-4680.605940223165,-4680.605940223165,0.0,-4680.605940223166,-4680.605940223166,0.0,0.0
UAV_0087,telemetry_09,172,-0.07853943330053449,-0.07870327788822774,0.07853943330053449,0.07870327788822774,-0.01702442238334146,-0.008643969959529416,-150.0530419896022,-162.47072591666517,-12.417683927062967,-150.12892689933366,-153.05891098760492,-2.9299840882712544,-0.27144633817917463
UAV_0087,telemetry_10,172,0.059302651817159116,0.02129837296561743,-0.059302651817159116,-0.02129837296561743,0.003148314580284821,0.0017706056989795858,-60.34291393825781,-61.16126820210781,-0.8183542638500043,-62.67507019113399,-62.08874276909367,0.5863274220403198,0.22178876754544113
UAV_0087,telemetry_11,172,0.2443815107926482,0.6741553027385174,-0.2443815107926482,-0.6741553027385174,0.00276822850472644,0.0020971054715809806,62.344379851558784,63.13924299416432,0.7948631426055357,62.51408589537056,62.930423533389956,0.4163376380193924,0.738100383638867
UAV_0087,telemetry_12,172,-0.6645396834208198,-0.637519259582826,0.6645396834208198,0.637519259582826,-0.026184400064816735,-0.024460834810300335,635.196966627319,631.468048254015,-3.728918373303941,636.2775919518273,632.5867237660061,-3.6908681858211594,-1.8810926030340516
UAV_0087,telemetry_13,172,0.6173438334079311,0.6015829330012759,-0.6173438334079311,-0.6015829330012759,0.05931145201908014,0.05331175237188407,7134.442709638087,7146.481095419698,12.038385781611396,7134.733080700774,7143.49475829198,8.761677591206535,1.8313829822504966
UAV_0087,telemetry_14,172,,,,,0.0,0.0,-648.8153498138018,-648.8153498138018,0.0,-648.8153498138018,-648.8153498138018,0.0,
UAV_0087,telemetry_15,172,0.8411012355723967,0.9254613268488872,-0.8411012355723967,-0.9254613268488872,1.81293617684396,1.4350996076492697,49950.92498552778,50431.88490683637,480.9599213085894,49973.82490190709,50236.22322808088,262.3983261737885,2.444725846134425
UAV_0087,telemetry_16,172,-0.6568868804199246,-0.6471189253175345,0.6568868804199246,0.6471189253175345,-0.030725024553209707,-0.03042644537424422,-696.3335106993333,-701.5364328583291,-5.202922158995875,-695.68933938441,-699.9507803908256,-4.261441006415566,-1.8296085372470117
UAV_0087,telemetry_17,172,,,,,0.0,0.0,40.41581228213973,40.41581228213973,0.0,40.41581228213974,40.41581228213973,-7.105427357601002e-15,-0.37361990944634343
UAV_0087,telemetry_18,172,-0.018536519428793943,0.02957150909266714,0.018536519428793943,-0.02957150909266714,-3.233754209036079e-06,9.199634669501047e-06,-103.33336799276324,-103.33283781244064,0.0005301803225989943,-103.32743331119677,-103.3276045129053,-0.0001712017085253592,-0.01970754950479242
UAV_0087,telemetry_19,172,0.5457508683614605,0.5245564509472362,-0.5457508683614605,-0.5245564509472362,0.00598634318796717,0.006944900433578974,33505.99011235567,33506.58596807776,0.5958557220874354,33505.080378544786,33505.93581222586,0.8554336810775567,1.5661109227134182
UAV_0087,telemetry_20,172,,,,,0.0,0.0,-164.8973841769026,-164.8973841769026,0.0,-164.89738417690262,-164.89738417690262,0.0,0.0
UAV_0087,telemetry_21,172,0.667777030128083,0.6611831519556094,-0.667777030128083,-0.6611831519556094,0.007458451619394739,0.00792366399490185,34961.35073433356,34962.67511817271,1.3243838391499594,34961.556749597425,34962.63307424131,1.0763246438873466,1.9352159353558642
UAV_0087,telemetry_22,172,0.615051298213836,0.6023757120217059,-0.615051298213836,-0.6023757120217059,0.9962121875310055,0.9555302519886052,22954.026967328136,23394.568398148596,440.54143082045994,23048.79082556216,23193.544315165746,144.7534896035868,1.7947000675125664
UAV_0087,telemetry_23,172,-0.8460312398129242,-0.8981423177516314,0.8460312398129242,0.8981423177516314,-0.6882456218275227,-0.5993345365259659,-17362.904338128534,-17519.385554041906,-156.48121591337258,-17363.66608598843,-17464.34032999829,-100.67424400986056,-2.4852190124794
UAV_0087,telemetry_24,172,0.13379508968785964,0.6980611900769533,-0.13379508968785964,-0.6980611900769533,0.10511176749076782,0.05658295335663745,-3641.933113484574,-3627.2130226267855,14.720090857788364,-3651.754843936544,-3634.335294215184,17.41954972136,0.44527581659806903
UAV_0087,telemetry_25,172,-0.7978544234912591,-0.7843494496428474,0.7978544234912591,0.7843494496428474,-0.010097996939248496,-0.009142016098027157,-172.77727884192458,-174.2660715277413,-1.488792685816719,-172.1973875800438,-173.64624763405436,-1.4488600540105665,-2.298890096223641
UAV_0087,telemetry_26,172,0.7514389976513968,0.7507122759862778,-0.7514389976513968,-0.7507122759862778,0.12977992435829797,0.1187706180267875,-7469.66972163077,-7442.686969286136,26.98275234463381,-7471.1090751373,-7452.065321050904,19.043754086396802,2.214328889146605
UAV_0087,telemetry_27,172,,,,,0.0,0.0,969.0302044744708,969.0302044744708,0.0,969.0302044744707,969.0302044744707,0.0,0.0
UAV_0087,telemetry_28,172,-0.7559803472489789,-0.7509545472769165,0.7559803472489789,0.7509545472769165,-0.8117521216046614,-0.6654860588016294,-9796.864950876516,-9969.706439089165,-172.84148821264898,-9768.991264021128,-9885.500609330376,-116.5093453092486,-2.1789696594939985
UAV_0088,telemetry_01,322,-0.04141032016284013,-0.054935543797706855,0.04141032016284013,0.054935543797706855,-0.00499131809345712,0.0006572551282379791,88.52576571213051,82.06938285289122,-6.456382859239284,87.51401392197839,86.519720851901,-0.99429307007739,-0.08860723381240847
UAV_0088,telemetry_02,322,0.05935982135155698,0.05135523274088609,-0.05935982135155698,-0.05135523274088609,0.005079417679370772,0.007580661749529349,7.564658657929358,17.68821590634187,10.123557248412514,9.855214866963978,11.066497141843678,1.2112822748797,0.15204965780703172
UAV_0088,telemetry_03,322,,,,,0.0,0.0,30377.82504938608,30377.82504938613,5.093170329928398e-11,30377.825049386076,30377.825049386076,0.0,0.0
UAV_0088,telemetry_04,322,0.009948461541771392,-0.015978385496833843,-0.009948461541771392,0.015978385496833843,6.4184595520538606e-06,1.4294863638999355e-05,-125.93217083475908,-125.514476024103,0.41769481065607295,-125.88568421144483,-125.88692584897196,-0.001241637527130024,-0.020671946526733622
UAV_0088,telemetry_05,322,-0.04255049567707704,-0.046016575966771146,0.04255049567707704,0.046016575966771146,-1.168748938829664e-06,7.474074710084043e-07,-113.52586486293843,-113.52326211915926,0.0026027437791782404,-113.52547039868408,-113.5261982607371,-0.000727862053025774,-0.28463866783157143
UAV_0088,telemetry_06,322,-0.7078167571942574,-0.6853905697447609,0.7078167571942574,0.6853905697447609,-0.009712424464971104,-0.009151219252813508,-138.80131744265017,-143.51655731720018,-4.715239874550008,-138.429743631308,-141.09426600332313,-2.6645223720151137,-2.085806338663856
UAV_0088,telemetry_07,322,0.6649335613564209,0.6761732686612583,-0.6649335613564209,-0.6761732686612583,0.0002593140761003798,0.0,140.5912754437698,140.7631728418209,0.17189739805110094,140.59127544376977,140.6745795674407,0.08330412367092777,2.2944578718000077
UAV_0088,telemetry_08,322,,,,,0.0,0.0,-4680.605940223165,-4680.605940223165,0.0,-4680.605940223165,-4680.605940223165,0.0,0.0
UAV_0088,telemetry_09,322,0.09155471727046627,0.07715820133310067,-0.09155471727046627,-0.07715820133310067,0.009044816150147593,0.0010086720489073196,-164.4000577719098,-143.2195968688732,21.18046090303659,-154.73657705041032,-151.3843253456329,3.352251704777416,0.36448446999314915
UAV_0088,telemetry_10,322,-0.005786707483157045,-0.03450645640321614,0.005786707483157045,0.03450645640321614,-0.0001293886442326374,-0.0018896824092152606,-61.03801139591274,-75.8327368807714,-14.794725484858667,-62.64482159691524,-62.68703108694381,-0.04220949002856855,-0.020277149271980696
UAV_0088,telemetry_11,322,-0.4059239978698266,-0.7210111386903613,0.4059239978698266,0.7210111386903613,-0.002399655226964562,-0.0014407959872968074,62.21777866553896,56.49834334940973,-5.719435316129228,62.36750909597585,61.742127207203076,-0.6253818887727718,-1.1363251123614801
UAV_0088,telemetry_12,322,0.7012899870632865,0.6723231546968514,-0.7012899870632865,-0.6723231546968514,0.017246880060304386,0.014198125968610588,638.6595336882438,645.5846678100936,6.925134121849851,638.1739547572146,642.8146141613536,4.640659404139001,2.026880833850406
UAV_0088,telemetry_13,322,0.6547957762074229,0.642038983732247,-0.6547957762074229,-0.642038983732247,0.03251267436192709,0.03579457133185812,7127.385133275493,7145.908329417957,18.523196142464258,7129.610688163431,7138.117183407076,8.506495243644167,1.8402010092188033
UAV_0088,telemetry_14,322,,,,,0.0,0.0,-648.8153498138018,-648.8153498138018,0.0,-648.8153498138018,-648.8153498138018,0.0,
UAV_0088,telemetry_15,322,0.8333029284277288,0.8817992233373,-0.8333029284277288,-0.8817992233373,0.755773140052379,0.6524500531243258,49985.1559109351,50335.60657429435,350.4506633592464,49990.938399069055,50195.76031548546,204.82191641640384,2.4257682430763614
UAV_0088,telemetry_16,322,-0.6778344039079709,-0.650938991632105,0.6778344039079709,0.650938991632105,-0.020135381436803445,-0.022234710081178468,-694.5992033130013,-703.270740244661,-8.671536931659716,-693.0783491434487,-698.6814960839058,-5.603146940457123,-2.026082776420545
UAV_0088,telemetry_17,322,,,,,0.0,0.0,40.41581228213973,40.41581228213962,-1.1368683772161603e-13,40.41581228213974,40.41581228213973,-7.105427357601002e-15,-0.6691029403386854
UAV_0088,telemetry_18,322,0.5546555820971659,0.4559328981918908,-0.5546555820971659,-0.4559328981918908,0.00025048116145181203,0.0001111532466467045,-103.07630162999006,-102.97638146705611,0.09992016293394101,-103.01626049823822,-102.94854654689182,0.06771395134640557,1.6106007718612234
UAV_0088,telemetry_19,322,0.8039609187274359,0.8460106812673102,-0.8039609187274359,-0.8460106812673102,0.016379004680415244,0.0128525621495655,33503.06084086489,33510.248758628484,7.18791776359285,33503.56242548529,33508.12290830426,4.560482818975288,2.4044717598968157
UAV_0088,telemetry_20,322,,,,,0.0,0.0,-164.8973841769026,-164.8973841769026,0.0,-164.8973841769026,-164.8973841769026,0.0,0.0
UAV_0088,telemetry_21,322,0.799613162097533,0.8370691295551003,-0.799613162097533,-0.8370691295551003,0.01691961690678849,0.013882430179753713,34959.73204297459,34968.11980728923,8.387764314640663,34960.13954569433,34964.80318793135,4.663642237021122,2.3674240851380186
UAV_0088,telemetry_22,322,0.6585281948437446,0.6305455565608652,-0.6585281948437446,-0.6305455565608652,0.6310248901228639,0.5695635572438529,22968.012409576404,23241.45694186807,273.4445322916654,22963.186983749398,23134.089536274594,170.90255252519637,1.9157456995088031
UAV_0088,telemetry_23,322,-0.82790910173257,-0.8834438200096651,0.82790910173257,0.8834438200096651,-0.30047736585169277,-0.23618019209910207,-17353.532582928663,-17512.695927599198,-159.16334467053457,-17362.798659259297,-17444.86900637774,-82.07034711844244,-2.428950084547132
UAV_0088,telemetry_24,322,-0.38709813808967863,-0.8764686652693114,0.38709813808967863,0.8764686652693114,-0.16464649785638202,-0.14934048423117946,-3649.553302679823,-3423.369031582176,226.18427109764707,-3651.2088971445337,-3698.984137817409,-47.7752406728755,-1.2065154692217595
UAV_0088,telemetry_25,322,-0.7720716674153097,-0.7646792214276662,0.7720716674153097,0.7646792214276662,-0.006896438231945294,-0.005990141520856602,-171.07580148670547,-174.38760562454266,-3.3118041378371856,-171.36982051319802,-173.28398253781953,-1.914162024621504,-2.3018280956334025
UAV_0088,telemetry_26,322,-0.8365498481274781,-0.9301094468394144,0.8365498481274781,0.9301094468394144,-0.43281716635725176,-0.315755612543569,-7480.721168069795,-7675.341445619386,-194.62027754959126,-7474.478922498742,-7593.207448977541,-118.72852647879972,-2.4649258037569295
UAV_0088,telemetry_27,322,,,,,0.0,0.0,969.0302044744708,969.0302044744708,0.0,969.030204474471,969.030204474471,0.0,0.0
UAV_0088,telemetry_28,322,-0.7492683894951913,-0.7348952369929772,0.7492683894951913,0.7348952369929772,-0.47194160185756284,-0.4994272721955685,-9732.22162607924,-9896.416308119737,-164.19468204049736,-9701.122848678853,-9829.037166453685,-127.91431777483194,-2.1813719955928854
UAV_0089,telemetry_01,207,0.9219849757860917,0.9267068762108863,-0.9219849757860917,-0.9267068762108863,0.5591423408930042,0.5496445016795937,-35.520319927927005,64.1402071429344,99.6605270708614,-24.938831460062495,67.00867916207699,91.94751062213948,2.531134493146762
UAV_0089,telemetry_02,207,0.04507976815819719,0.05107910943706638,-0.04507976815819719,-0.05107910943706638,0.005954828411630042,-0.020377738674426674,13.32949374474468,9.915095798642003,-3.4143979461026763,9.15930581352883,10.610774340461097,1.451468526932267,0.18343990974653174
UAV_0089,telemetry_03,207,,,,,0.0,0.0,30377.82504938608,30377.82504938608,0.0,30377.825049386083,30377.825049386083,0.0,0.0
UAV_0089,telemetry_04,207,0.05180552646681418,-0.006833605209489252,-0.05180552646681418,0.006833605209489252,5.7464520804715784e-05,0.00010601692965955331,-125.90799107291376,-125.8980347003892,0.009956372524555945,-125.90157629957014,-125.88674505039606,0.01483124917407963,0.22321728229594598
UAV_0089,telemetry_05,207,-0.0350267977306653,-0.03744141745408103,0.0350267977306653,0.03744141745408103,-1.5294652029098073e-06,-1.3204048217496592e-07,-113.52936607678636,-113.52319790079184,0.006168175994517355,-113.52607060938846,-113.52655295456222,-0.0004823451737649975,-0.18441343355769474
UAV_0089,telemetry_06,207,-0.7443476008953438,-0.7142157958709449,0.7443476008953438,0.7142157958709449,-0.017953207329280806,-0.016695701556157922,-137.426195694375,-141.51899885772946,-4.092803163354461,-137.96499079519862,-141.22110948603049,-3.256118690831869,-2.2537604670495486
UAV_0089,telemetry_07,207,0.6367242432576257,0.6489339470608139,-0.6367242432576257,-0.6489339470608139,0.00037327137366195977,0.0,140.5912754437698,140.7631728418209,0.17189739805110094,140.59127544376977,140.6669921548161,0.07571671104633992,2.1562158033450785
UAV_0089,telemetry_08,207,,,,,0.0,0.0,-4680.605940223187,-4680.605940223172,1.4551915228366852e-11,-4680.605940223184,-4680.605940223172,1.1823431123048067e-11,2.4512506230177715
UAV_0089,telemetry_09,207,0.10892453549144827,0.12099933976253098,-0.10892453549144827,-0.12099933976253098,0.016833642506707415,0.011768554362633153,-143.1866569690678,-144.29322614231577,-1.1065691732479763,-155.61751277941477,-152.09636526151962,3.5211475178951446,0.38036944215157853
UAV_0089,telemetry_10,207,-0.04196584307156702,0.0015964758472145554,0.04196584307156702,-0.0015964758472145554,-0.0016710030237024065,0.0017892359366069946,-61.59499971242076,-61.77023032832072,-0.17523061589996303,-62.02682536389651,-62.30790494089835,-0.28107957700183306,-0.11784788443790174
UAV_0089,telemetry_11,207,-0.2609248000100368,-0.7713365899075949,0.2609248000100368,0.7713365899075949,-0.0032127732469521154,-0.0038077604363858397,62.595979676939976,61.75784777455551,-0.8381319023844682,62.38835504507482,61.787540883244134,-0.6008141618306837,-0.8146090455397805
UAV_0089,telemetry_12,207,0.7173582615598723,0.7001713236850079,-0.7173582615598723,-0.7001713236850079,0.03260905206245362,0.029723290142908344,635.7296692520765,645.5846678100936,9.854998558017087,637.2326516576429,643.2477521288649,6.015100471222013,2.2090960483103648
UAV_0089,telemetry_13,207,0.6175389410306269,0.5865073437888972,-0.6175389410306269,-0.5865073437888972,0.0535600093606593,0.05590736016614779,7133.495856866426,7148.901741782126,15.405884915699971,7128.578181020521,7138.221822395923,9.643641375401785,1.856258857111478
UAV_0089,telemetry_14,207,,,,,0.0,0.0,-648.8153498138032,-648.8153498138023,9.094947017729282e-13,-648.8153498138031,-648.8153498138023,7.958078640513122e-13,2.4511901870995922
UAV_0089,telemetry_15,207,0.8328261369316605,0.8887839602624846,-0.8328261369316605,-0.8887839602624846,1.3344472891236576,1.0315379878635818,49880.11939567625,50352.44448895416,472.32509327791195,49938.24735450927,50177.18538158666,238.93802707739087,2.4894991297459743
UAV_0089,telemetry_16,207,-0.662577170127539,-0.6297141408596132,0.662577170127539,0.6297141408596132,-0.03349519696167416,-0.02668165209741416,-694.5992033130013,-703.270740244661,-8.671536931659716,-692.4106725635826,-698.2329902176969,-5.822317654114272,-1.9227534999858833
UAV_0089,telemetry_17,207,,,,,0.0,0.0,40.41581228213973,40.41581228213973,0.0,40.41581228213973,40.41581228213973,0.0,0.0
UAV_0089,telemetry_18,207,0.9349311689030495,0.9401700382071847,-0.9349311689030495,-0.9401700382071847,0.005978331315388489,0.006337267345534049,-105.32345426875806,-104.08944525792415,1.2340090108339012,-105.04234813260278,-104.07423658322887,0.9681115493739156,2.527544688539328
UAV_0089,telemetry_19,207,0.7608230523410696,0.8759646502364948,-0.7608230523410696,-0.8759646502364948,0.0404384041475673,0.027237994786667736,33494.614409535534,33511.38532642634,16.770916890804074,33500.65409270796,33508.0488907338,7.394798025838099,2.3226819982129068
UAV_0089,telemetry_20,207,,,,,0.0,0.0,-164.8973841769026,-164.8973841769026,0.0,-164.89738417690262,-164.89738417690262,0.0,
UAV_0089,telemetry_21,207,0.7507070025716486,0.8728952226091781,-0.7507070025716486,-0.8728952226091781,0.04103106997237463,0.029671006893811292,34950.90281738024,34968.41411480904,17.51129742879857,34957.12181556674,34964.605635356245,7.483819789507834,2.2858868467067293
UAV_0089,telemetry_22,207,0.6514943980416534,0.614579869924812,-0.6514943980416534,-0.614579869924812,1.1046651072506142,0.8868773737700246,23017.398502515603,23244.224893979703,226.8263914640993,22919.70158625451,23123.659420986758,203.95783473224947,2.008141100873546
UAV_0089,telemetry_23,207,-0.8466367067151841,-0.8826482016646642,0.8466367067151841,0.8826482016646642,-0.5356882791193818,-0.4542757023386109,-17323.621306621928,-17502.589705332924,-178.96839871099655,-17342.837710675783,-17436.473220504526,-93.63550982874222,-2.4705822221253437
UAV_0089,telemetry_24,207,-0.5007629913585713,-0.897840428180234,0.5007629913585713,0.897840428180234,-0.48942441048227536,-0.3165995599238157,-3625.470213646988,-3746.468366118844,-120.99815247185597,-3628.2611258038405,-3711.0763603877567,-82.81523458391621,-1.414590111523283
UAV_0089,telemetry_25,207,-0.7319580077797866,-0.6931574201325613,0.7319580077797866,0.6931574201325613,-0.011080255423392046,-0.008943202398340322,-171.8050060675137,-174.32683857614197,-2.521832508628279,-171.2045697559355,-173.14405138405726,-1.9394816281217686,-2.13892643222177
UAV_0089,telemetry_26,207,0.524026795168958,0.5105435053197823,-0.524026795168958,-0.5105435053197823,0.4279214575728365,0.5420011907822806,-7816.432082242035,-7785.593749665106,30.838332576929133,-7780.614345370612,-7720.011953453677,60.60239191693472,1.2389477141520555
UAV_0089,telemetry_27,207,,,,,0.0,0.0,969.0302044744708,969.0302044744708,0.0,969.0302044744707,969.0302044744707,0.0,0.0
UAV_0089,telemetry_28,207,-0.665039638284699,-0.619592276303969,0.665039638284699,0.619592276303969,-0.685080896145592,-0.6448270841422337,-9684.112619595233,-9857.78409932504,-173.67147972980638,-9699.048977073926,-9816.780282911068,-117.73130583714192,-1.9079694563689202
UAV_0090,telemetry_01,181,0.04271125795978981,0.013472163195920102,-0.04271125795978981,-0.013472163195920102,0.009141242799425601,0.04546555271621582,80.39523177386617,87.07256230278284,6.67733052891667,88.92962339568963,90.77856824320494,1.8489448475153125,0.1648833173930053
UAV_0090,telemetry_02,181,-0.07538270483332965,-0.05310343431890392,0.07538270483332965,0.05310343431890392,-0.01028372657508501,0.003174517931943904,18.181569730612367,24.8975605590358,6.715990828423433,12.08704164803706,9.991900404606787,-2.095141243430273,-0.2931231662442867
UAV_0090,telemetry_03,181,,,,,0.0,0.0,30377.82504938608,30377.82504938608,0.0,30377.825049386083,30377.825049386083,0.0,0.0
UAV_0090,telemetry_04,181,-0.012663185679522475,-0.08691098031024129,0.012663185679522475,0.08691098031024129,-1.5298722891158488e-05,-8.8896183254783e-05,-125.85963154922308,-125.89376768359296,-0.034136134369873616,-125.87831063367526,-125.88711090650244,-0.008800272827187428,-0.13902713550867954
UAV_0090,telemetry_05,181,0.019887389379499736,0.0210592354238763,-0.019887389379499736,-0.0210592354238763,9.548311287099288e-07,-3.248053521550294e-06,-113.5293145496422,-113.52512136342952,0.0041931862126745045,-113.52578598485913,-113.52584457464737,-5.858978823880534e-05,-0.023291034451499097
UAV_0090,telemetry_06,181,0.7507516147048392,0.7370738264859055,-0.7507516147048392,-0.7370738264859055,0.01889435751864943,0.019573543976587518,-137.3072188582309,-133.95207207896942,3.3551467792614744,-138.08082215554865,-135.26694382202797,2.8138783335206767,2.1339542445678927
UAV_0090,telemetry_07,181,,,,,0.0,0.0,140.5912754437698,140.5912754437698,0.0,140.59127544376977,140.59127544376977,0.0,0.0
UAV_0090,telemetry_08,181,,,,,0.0,0.0,-4680.605940223165,-4680.605940223165,0.0,-4680.605940223167,-4680.605940223167,0.0,0.0
UAV_0090,telemetry_09,181,0.036533512427645826,0.03597029121891,-0.036533512427645826,-0.03597029121891,0.006772698119551688,-0.006151160887637551,-150.8543589854498,-159.52488216413255,-8.670523178682743,-153.38859232735769,-152.30291980754055,1.0856725198171375,0.11177487609307259
UAV_0090,telemetry_10,181,0.09554546590436536,0.03543197134357355,-0.09554546590436536,-0.03543197134357355,0.00432702958396133,0.0024289485269267126,-62.13756081274244,-60.872941757615344,1.264619055127099,-62.96226864586269,-61.90617488882567,1.0560937570370257,0.44508026193617223
UAV_0090,telemetry_11,181,0.31711133818504295,0.7171615727638312,-0.31711133818504295,-0.7171615727638312,0.003678450147486308,0.0028496840802550707,62.495553419675296,63.12909353199396,0.6335401123186628,62.3635626210256,62.987548906693135,0.6239862856675344,1.0266858627710815
UAV_0090,telemetry_12,181,-0.7555734538046155,-0.7458604104548415,0.7555734538046155,0.7458604104548415,-0.03497986777874723,-0.03381425849156347,638.2600067196756,631.0685212854469,-7.191485434228753,637.9648606708233,632.4974600829388,-5.467400587884526,-2.254005981831787
UAV_0090,telemetry_13,181,0.6588319547946664,0.6448525691619614,-0.6588319547946664,-0.6448525691619614,0.06758798853817667,0.07111133732600464,7130.965906003333,7147.068458517693,16.102552514360468,7133.138696570572,7143.11431329266,9.97561672208758,1.855925460374285
UAV_0090,telemetry_14,181,,,,,0.0,0.0,-648.8153498138018,-648.8153498138018,0.0,-648.8153498138018,-648.8153498138018,0.0,
UAV_0090,telemetry_15,181,0.4501298533692523,0.44515602526023496,-0.4501298533692523,-0.44515602526023496,0.18386333887758968,0.16473632852272202,50015.87122778707,50053.18602034821,37.3147925611338,50032.624127730756,50063.08273347912,30.45860574836115,1.4232078668915829
UAV_0090,telemetry_16,181,-0.7219572721044463,-0.7117452012618143,0.7219572721044463,0.7117452012618143,-0.03560712451042749,-0.0333520651217677,-691.1305885403375,-699.8021254719972,-8.671536931659716,-694.2242179321728,-699.6615059541866,-5.437288022013831,-2.104130020156649
UAV_0090,telemetry_17,181,,,,,0.0,0.0,40.41581228213973,40.41581228213973,0.0,40.41581228213973,40.41581228213973,0.0,0.0
UAV_0090,telemetry_18,181,-0.16197879025438583,-0.0192682087709712,0.16197879025438583,0.0192682087709712,-5.4306198829208284e-05,-9.362696669352486e-06,-103.32158171091656,-103.32943678701834,-0.007855076101776604,-103.31751733222642,-103.32794826255117,-0.010430930324758947,-0.5938098971718855
UAV_0090,telemetry_19,181,0.7988898094857337,0.785673810535689,-0.7988898094857337,-0.785673810535689,0.01368945567306229,0.013680326303274221,33504.22993170794,33507.672892447845,3.4429607399069937,33504.30584237821,33506.41098373675,2.1051413585373666,2.3447557353254957
UAV_0090,telemetry_20,181,,,,,0.0,0.0,-164.8973841769026,-164.8973841769026,0.0,-164.89738417690265,-164.89738417690265,0.0,0.0
UAV_0090,telemetry_21,181,0.8146319292808862,0.7948847453553786,-0.8146319292808862,-0.7948847453553786,0.015200200472248198,0.013377614537272497,34961.35073433356,34963.85234825196,2.5016139184008352,34960.80189058039,34963.10067093784,2.298780357450596,2.35139305673885
UAV_0090,telemetry_22,181,0.6595237317774449,0.6460181916272201,-0.6595237317774449,-0.6460181916272201,1.1342722790989854,1.3160989917190258,22993.06966027122,23219.459006665063,226.38934639384388,23006.834611312872,23169.135826097743,162.30121478487126,1.8011526490522105
UAV_0090,telemetry_23,181,-0.6343438709196271,-0.6037581203327059,0.6343438709196271,0.6037581203327059,-0.13480987773126912,-0.12167492937001548,-17389.530624514184,-17412.108454772886,-22.577830258702306,-17379.37483231587,-17400.972470625155,-21.597638309285685,-1.939657002725166
UAV_0090,telemetry_24,181,0.24970062114200434,0.7560641936332543,-0.24970062114200434,-0.7560641936332543,0.1864297886565671,0.10621766001010861,-3647.256647919163,-3624.660712889101,22.59593503006181,-3656.0269188370858,-3624.161518684738,31.865400152347775,0.8145904862443946
UAV_0090,telemetry_25,181,-0.8645469722583761,-0.8731197281969258,0.8645469722583761,0.8731197281969258,-0.013401204504570299,-0.012976055115559625,-171.31886968030824,-174.38760562454266,-3.068735944234419,-171.60874492470606,-173.59763399533378,-1.988889070627721,-2.4488994989366817
UAV_0090,telemetry_26,181,0.8123434549171639,0.8113572229166707,-0.8123434549171639,-0.8113572229166707,0.16245023646835388,0.1508958576199196,-7476.702460273786,-7439.672938439129,37.02952183465641,-7477.043817692751,-7452.6096088056265,24.43420888712444,2.3320253215353985
UAV_0090,telemetry_27,181,,,,,0.0,0.0,969.0302044744708,969.0302044744708,0.0,969.0302044744706,969.0302044744706,0.0,0.0
UAV_0090,telemetry_28,181,-0.7855746826020313,-0.7734786392244956,0.7855746826020313,0.7734786392244956,-0.8607290455920558,-0.811661714047595,-9720.4026669819,-9901.406788442964,-181.00412146106464,-9735.694334761729,-9869.394602687174,-133.7002679254456,-2.3289970537813325
UAV_0091,telemetry_01,156,0.08959509005494092,0.10508763888669373,-0.08959509005494092,-0.10508763888669373,0.02171045360748198,0.05057464166774105,74.49981182730943,93.71890126468276,19.219089437373327,85.34773906867183,88.0294174508933,2.6816783822214774,0.2449630053260621
UAV_0091,telemetry_02,156,-0.041063357680914715,-0.031230737620710908,0.041063357680914715,0.031230737620710908,-0.006863109573314251,0.004034644852213278,17.645216433000588,12.725034483215811,-4.9201819497847765,11.1056603706362,8.857191310066987,-2.248469060569212,-0.29778234040579904
UAV_0091,telemetry_03,156,,,,,0.0,0.0,30377.82504938608,30377.82504938608,0.0,30377.82504938608,30377.82504938608,0.0,0.0
UAV_0091,telemetry_04,156,-0.08359168290693413,-0.05516566642115967,0.08359168290693413,0.05516566642115967,-9.939029916458027e-05,-0.00014223389320839886,-125.92221446223454,-126.00471012029509,-0.08249565806055159,-125.89243424084414,-125.90350181565938,-0.01106757481524312,-0.20603928541038072
UAV_0091,telemetry_05,156,0.09732183041954456,0.09541812204643517,-0.09732183041954456,-0.09541812204643517,5.262033241757262e-06,7.665081638641724e-06,-113.52776656197248,-113.52852420032936,-0.0007576383568732581,-113.52720406131661,-113.52613955995187,0.00106450136473768,0.43579415532332894
UAV_0091,telemetry_06,156,0.7180693477447758,0.6899865340760367,-0.7180693477447758,-0.6899865340760367,0.02192700328112711,0.02226753281803874,-138.53080168889107,-134.03973922139136,4.491062467499717,-138.09489247804498,-135.25655133078408,2.8383411472609055,2.057454300653377
UAV_0091,telemetry_07,156,,,,,0.0,0.0,140.5912754437698,140.5912754437698,0.0,140.5912754437698,140.5912754437698,0.0,0.0
UAV_0091,telemetry_08,156,,,,,0.0,0.0,-4680.605940223165,-4680.605940223165,0.0,-4680.605940223165,-4680.605940223165,0.0,0.0
UAV_0091,telemetry_09,156,-0.05843300259196353,-0.052317807526354884,0.05843300259196353,0.052317807526354884,-0.01144166168531153,-0.015696878999250333,-169.632433750686,-154.11869395644237,15.513739794243634,-151.03598772801772,-153.23186731620584,-2.19587958818812,-0.24823105923194813
UAV_0091,telemetry_10,156,0.04296506375580385,0.09020246242354314,-0.04296506375580385,-0.09020246242354314,0.001489904596176107,0.002372102557564421,-63.09694461575976,-61.29852328673243,1.7984213290273274,-62.602193278183606,-62.00960650185249,0.5925867763311174,0.3782574184344623
UAV_0091,telemetry_11,156,0.4345231171499666,0.7823905156652168,-0.4345231171499666,-0.7823905156652168,0.0036145205622404772,0.003828071174694254,62.313931465047695,63.02065454143688,0.7067230763891885,62.434289396377196,62.930144041621546,0.49585464524434997,1.31945648036251
UAV_0091,telemetry_12,156,-0.7532260859702282,-0.7414851213573666,0.7532260859702282,0.7414851213573666,-0.03685289143459194,-0.040356259451341844,638.2600067196756,632.7998048159093,-5.460201903766347,637.9020971436664,633.1618761311743,-4.740221012492157,-2.144523813767295
UAV_0091,telemetry_13,156,0.746675902382409,0.7171942912234672,-0.746675902382409,-0.7171942912234672,0.10242784240351133,0.10368463622006549,7123.554716347789,7150.024693769763,26.469977421974363,7130.5267512110795,7144.347760933217,13.821009722137205,2.230141302682275
UAV_0091,telemetry_14,156,,,,,0.0,0.0,-648.8153498138018,-648.8153498138018,0.0,-648.8153498138018,-648.8153498138018,0.0,0.0
UAV_0091,telemetry_15,156,-0.6932547191021387,-0.6628913452002677,0.6932547191021387,0.6628913452002677,-0.5522024551343993,-0.5173344490681395,50048.868606332864,49951.665113644696,-97.2034926881679,50066.275108999165,49998.809732758615,-67.46537624055054,-1.874795686703843
UAV_0091,telemetry_16,156,-0.7739339360322771,-0.7748214944373398,0.7739339360322771,0.7748214944373398,-0.04522504396499288,-0.04230018015443709,-694.5992033130013,-701.5364328583291,-6.937229545327796,-693.894640937304,-699.5853370487057,-5.690696111401735,-2.1556030268407644
UAV_0091,telemetry_17,156,,,,,0.0,0.0,40.41581228213973,40.41581228213973,0.0,40.41581228213973,40.41581228213973,0.0,0.0
UAV_0091,telemetry_18,156,-0.057259036471849704,0.05253591692876672,0.057259036471849704,-0.05253591692876672,-1.9840289569530676e-05,3.296428993173921e-05,-103.33502980245312,-103.31576556972688,0.019264232726243335,-103.32262639464487,-103.32740115882893,-0.004774764184062974,-0.305018692021766
UAV_0091,telemetry_19,156,0.7892147354887665,0.7930584311928055,-0.7892147354887665,-0.7930584311928055,0.019826113770462263,0.019871264162980146,33503.497534988965,33508.0672119243,4.569676935338066,33503.924633683964,33506.51410569537,2.589472011408361,2.281640989416038
UAV_0091,telemetry_20,156,,,,,0.0,0.0,-164.8973841769026,-164.8973841769026,0.0,-164.8973841769026,-164.8973841769026,0.0,0.0
UAV_0091,telemetry_21,156,0.8422534411851957,0.8406940421605095,-0.8422534411851957,-0.8406940421605095,0.021688032850730482,0.019847517554626944,34961.056426813746,34964.440963291585,3.384536477838992,34960.504600214095,34963.33271153729,2.8281113231932977,2.4310709284977827
UAV_0091,telemetry_22,156,0.6651315191883543,0.6481736412029739,-0.6651315191883543,-0.6481736412029739,1.2627614571857206,1.3376933595531035,23078.43913066169,23373.15318970593,294.71405904423955,23007.783510969923,23163.121165577068,155.33765460714494,1.8110959202203543
UAV_0091,telemetry_23,156,0.35005109614236807,0.33467465347473563,-0.35005109614236807,-0.33467465347473563,0.07225676058466332,0.07734016783269013,-17391.29894787941,-17372.93899789132,18.359949988091103,-17390.113169848184,-17381.736327026498,8.376842821686296,0.8982801831311906
UAV_0091,telemetry_24,156,0.16783825512783557,0.7885097438004772,-0.16783825512783557,-0.7885097438004772,0.09418144533507287,0.10945188954202238,-3642.460906015094,-3627.1244317058417,15.33647430925248,-3647.66253563814,-3632.8721736593643,14.790361978775763,0.5834221395530688
UAV_0091,telemetry_25,156,-0.8381266309237639,-0.8508668163029345,0.8381266309237639,0.8508668163029345,-0.016051678598812055,-0.014881726138942439,-171.653088446512,-174.53952324554436,-2.886434799032372,-171.5942203683738,-173.71347118134761,-2.119250812973803,-2.4493454484541357
UAV_0091,telemetry_26,156,0.840420524195286,0.8465536138164789,-0.840420524195286,-0.8465536138164789,0.21701327881629018,0.20876404135117974,-7476.128359160071,-7439.672938439129,36.45542072094213,-7479.492232873247,-7451.029376094816,28.46285677843116,2.439873591449696
UAV_0091,telemetry_27,156,,,,,0.0,0.0,969.0302044744708,969.0302044744708,0.0,969.0302044744708,969.0302044744708,0.0,0.0
UAV_0091,telemetry_28,156,-0.8034908057430532,-0.7855826523999935,0.8034908057430532,0.7855826523999935,-1.1403526288759,-1.125364374315375,-9769.294178009704,-9929.355160020226,-160.0609820105219,-9724.845208643947,-9877.800519378801,-152.95531073485472,-2.3855295562116186
UAV_0092,telemetry_01,158,-0.011320931788094861,0.025372741530883428,0.011320931788094861,-0.025372741530883428,-0.002647347098619674,0.005579213586766203,79.1979253705991,90.8404349957804,11.642509625181305,87.37549107550043,86.07173157173133,-1.3037595037691005,-0.1218518962648708
UAV_0092,telemetry_02,158,0.19821676791533335,0.18033525060126962,-0.19821676791533335,-0.18033525060126962,0.03568396709193797,0.05129300652846537,6.383023259909788,16.519427135580088,10.1364038756703,9.17556417460054,14.741165832665352,5.565601658064812,0.6756828520964444
UAV_0092,telemetry_03,158,,,,,0.0,0.0,30377.82504938608,30377.82504938608,0.0,30377.82504938608,30377.825049386076,-3.637978807091713e-12,-0.23405166403498098
UAV_0092,telemetry_04,158,0.07950327183296396,-0.004832538809786334,-0.07950327183296396,0.004832538809786334,8.304993851077467e-05,2.6978920772177618e-05,-125.95919527446856,-125.88238897213634,0.07680630233221564,-125.90132385916962,-125.89277180175225,0.008552057417375636,0.178928619781361
UAV_0092,telemetry_05,158,0.03506576531794293,0.03679420225478011,-0.03506576531794293,-0.03679420225478011,2.0047670456056007e-06,-3.8324089761880856e-07,-113.52594139778834,-113.52219414533486,0.0037472524534791773,-113.52643919865153,-113.5258123740131,0.0006268246384308895,0.2396232660945651
UAV_0092,telemetry_06,158,0.6416465439899699,0.6070810837974602,-0.6416465439899699,-0.6070810837974602,0.015117577300693527,0.014473258725172192,-137.8958411002066,-133.38849759197143,4.507343508235181,-136.9374513753728,-134.78854968387282,2.1489016914999866,1.9933966615386416
UAV_0092,telemetry_07,158,,,,,0.0,0.0,140.5912754437698,140.5912754437698,0.0,140.5912754437698,140.5912754437698,0.0,0.0
UAV_0092,telemetry_08,158,,,,,0.0,0.0,-4680.605940223165,-4680.605940223165,0.0,-4680.605940223165,-4680.605940223165,0.0,0.0
UAV_0092,telemetry_09,158,-0.045970315289902725,-0.055496311756589624,0.045970315289902725,0.055496311756589624,-0.010078436196491077,-0.02425638712562514,-135.9808935518737,-137.9386998765092,-1.9578063246354986,-150.84550582151923,-153.84490581085748,-2.999399989338258,-0.29900760516103564
UAV_0092,telemetry_10,158,0.10202516346131216,0.054705267593506746,-0.10202516346131216,-0.054705267593506746,0.005226178880313922,0.0008845541560755018,-61.65112344682178,-61.652839134244765,-0.001715687422986889,-62.10840176213434,-61.7557090452236,0.3526927169107452,0.15048147438132947
UAV_0092,telemetry_11,158,0.15707421152093506,0.6142497583504121,-0.15707421152093506,-0.6142497583504121,0.0016625093025888376,0.0022863456130091044,62.82728057798044,63.16969138067543,0.34241080269499236,62.70133042654061,62.838728320585574,0.13739789404496605,0.2837163720569727
UAV_0092,telemetry_12,158,-0.666399087929448,-0.6635174135801403,0.666399087929448,0.6635174135801403,-0.026724109632031163,-0.03170848956890964,633.3325074406669,628.9377107864161,-4.39479665425074,635.6755666417496,632.1547352312418,-3.5208314105077534,-1.918845008426853
UAV_0092,telemetry_13,158,0.5951033752297555,0.5624308787131537,-0.5951033752297555,-0.5624308787131537,0.05954580050957952,0.06507700935199212,7134.836972280939,7149.241842985382,14.404870704443056,7137.456238339475,7144.708010398486,7.251772059011273,1.5839772416366706
UAV_0092,telemetry_14,158,,,,,0.0,0.0,-648.8153498138018,-648.8153498138018,0.0,-648.8153498138018,-648.8153498138018,0.0,0.0
UAV_0092,telemetry_15,158,-0.5445042756990437,-0.5045751395383865,0.5445042756990437,0.5045751395383865,-0.2873853679701858,-0.29576530494609976,49953.82382065237,49891.838090860736,-61.98572979163146,49927.84031246453,49884.785672163365,-43.05464030116127,-1.78287183604285
UAV_0092,telemetry_16,158,-0.6131715175322454,-0.616893141731931,0.6131715175322454,0.616893141731931,-0.029675549405213626,-0.028086409941252583,-694.5992033130013,-701.5364328583291,-6.937229545327796,-696.8212846517391,-700.5066878476946,-3.685403195955473,-1.664300450003964
UAV_0092,telemetry_17,158,,,,,0.0,0.0,40.41581228213973,40.41581228213973,0.0,40.41581228213973,40.41581228213974,7.105427357601002e-15,0.5081571451928294
UAV_0092,telemetry_18,158,0.03445029170072435,0.027395989101845413,-0.03445029170072435,-0.027395989101845413,3.950203012853896e-06,9.870211246752005e-06,-103.33953902070216,-103.33428184994828,0.0052571707538788814,-103.32804556596716,-103.32692967401469,0.001115891952466086,0.21269591578849867
UAV_0092,telemetry_19,158,0.7846856914440812,0.7754316895334208,-0.7846856914440812,-0.7754316895334208,0.014471818528896186,0.01451647728247445,33505.604039493875,33509.021826303135,3.417786809259269,33505.60140643446,33507.61661702531,2.015210590849165,2.3881223863511627
UAV_0092,telemetry_20,158,,,,,0.0,0.0,-164.8973841769026,-164.8973841769026,0.0,-164.8973841769026,-164.8973841769026,0.0,0.0
UAV_0092,telemetry_21,158,0.781142140997589,0.7777554690384539,-0.781142140997589,-0.7777554690384539,0.015088790193338268,0.016053137444330127,34962.08650313309,34965.17673209112,3.090228958026273,34962.3854092079,34964.34439363664,1.958984428740223,2.216512318441856
UAV_0092,telemetry_22,158,0.5181615330463718,0.5049497645604885,-0.5181615330463718,-0.5049497645604885,0.887234444802107,0.7505760972932038,23218.14787145429,23334.984586903367,116.83671544907702,23070.066986034555,23188.94779769765,118.88081166309348,1.5174068980136841
UAV_0092,telemetry_23,158,0.11923550532833023,0.1329821300081082,-0.11923550532833023,-0.1329821300081082,0.02285146809728039,0.018923052709722082,-17354.83219400241,-17333.83015057348,21.002043428929028,-17349.79724612992,-17345.295320313373,4.501925816548464,0.5133970178926797
UAV_0092,telemetry_24,158,0.20647028642670637,0.74115817992908,-0.20647028642670637,-0.74115817992908,0.16913554723832455,0.08142887508313723,-3642.167890407187,-3626.522561522985,15.645328884201717,-3641.339325847871,-3619.8980957272233,21.44123012064756,0.5720524931311237
UAV_0092,telemetry_25,158,-0.8379683866282424,-0.838606930682572,0.8379683866282424,0.838606930682572,-0.011491364363595519,-0.011288228051139739,-172.71651179352392,-174.44837267294335,-1.731860879419429,-172.54750344015952,-174.08187141227674,-1.5343679721172236,-2.4453953460329982
UAV_0092,telemetry_26,158,0.7914532839177698,0.7926966761298657,-0.7914532839177698,-0.7926966761298657,0.1457147540306428,0.14352527842890128,-7471.10497441506,-7431.348472290254,39.75650212480559,-7464.628396225955,-7446.266130916957,18.36226530899785,2.179774327411527
UAV_0092,telemetry_27,158,,,,,0.0,0.0,969.0302044744708,969.0302044744708,0.0,969.0302044744708,969.0302044744708,0.0,0.0
UAV_0092,telemetry_28,158,-0.7587551446777558,-0.7363693202648781,0.7587551446777558,0.7363693202648781,-0.8059812438991313,-0.8768005250282128,-9810.22237431564,-9931.81061677616,-121.58824246052063,-9793.813805044349,-9902.943025521945,-109.12922047759639,-2.2453357116184267
UAV_0093,telemetry_01,171,0.07023234933783201,0.08640890872873017,-0.07023234933783201,-0.08640890872873017,0.015543146108509173,0.03983358986932191,80.53681434755615,100.6998807990174,20.163066451461248,84.51234495299083,87.17395485891481,2.6616099059239815,0.24292433096929641
UAV_0093,telemetry_02,171,-0.03263288950573555,-0.030923752609979125,0.03263288950573555,0.030923752609979125,-0.005044778140307232,-0.0022049364629309425,7.165822841991595,15.877441706392542,8.711618864400947,10.909892089633715,9.555389749213951,-1.3545023404197636,-0.1769789291783851
UAV_0093,telemetry_03,171,,,,,0.0,0.0,30377.82504938608,30377.82504938608,0.0,30377.825049386087,30377.82504938608,-7.275957614183426e-12,-0.7559289460184544
UAV_0093,telemetry_04,171,0.14260407061291536,0.07856014788546158,-0.14260407061291536,-0.07856014788546158,0.0001453389984063578,5.793665303222578e-05,-125.93928252941949,-125.91368042864208,0.025602100777405212,-125.91222001731941,-125.89579959635306,0.01642042096635521,0.3254336002633567
UAV_0093,telemetry_05,171,-0.034119575207437185,-0.038147694818441456,0.034119575207437185,0.038147694818441456,-1.7823786463185012e-06,-2.4252253972179007e-06,-113.52941887640588,-113.52775725380452,0.0016616226013610458,-113.52597614384503,-113.52627850391566,-0.0003023600706342222,-0.11691128326462466
UAV_0093,telemetry_06,171,0.7138694464224256,0.6989829438709784,-0.7138694464224256,-0.6989829438709784,0.019471547143084824,0.020827965067461346,-137.0304411657275,-132.82492310497344,4.205518060754059,-137.8063848324292,-135.12237475654132,2.684010075887869,1.9876083856485927
UAV_0093,telemetry_07,171,,,,,0.0,0.0,140.5912754437698,140.5912754437698,0.0,140.59127544376977,140.59127544376977,0.0,0.0
UAV_0093,telemetry_08,171,,,,,0.0,0.0,-4680.605940223165,-4680.605940223165,0.0,-4680.605940223166,-4680.605940223166,0.0,0.0
UAV_0093,telemetry_09,171,0.06310155140804993,0.05893632850937192,-0.06310155140804993,-0.05893632850937192,0.012509901825295943,-0.011933788084866602,-151.06184771616543,-158.0115325447589,-6.949684828593462,-154.1504536250156,-150.86965577896677,3.280797846048813,0.3342673442789422
UAV_0093,telemetry_10,171,0.18106071285778885,0.15466196270429838,-0.18106071285778885,-0.15466196270429838,0.006739192468634876,0.00831527456472551,-63.5210890301916,-60.97483192874353,2.54625710144807,-62.59939076790499,-61.78895479466329,0.8104359732417024,0.4398082994375066
UAV_0093,telemetry_11,171,0.3106452641143741,0.7193827194118545,-0.3106452641143741,-0.7193827194118545,0.0031334416053235697,0.0031457397370142233,62.51157888626009,63.1339011719694,0.6223222857093091,62.39380540629389,62.91931254322451,0.5255071369306137,1.0523255000006182
UAV_0093,telemetry_12,171,-0.7203252139372026,-0.702352514774785,0.7203252139372026,0.702352514774785,-0.03231188461484963,-0.03024175997120129,637.9936554072967,629.7367647235526,-8.256890683744132,636.8483447640677,632.4801832410548,-4.368161523012986,-1.9669501845236097
UAV_0093,telemetry_13,171,0.6701941552796263,0.6652386780905752,-0.6701941552796263,-0.6652386780905752,0.0701455168166044,0.06752589855146263,7135.114909494589,7149.763986720512,14.649077225923065,7133.273405937264,7143.283739291564,10.0103333543002,1.9318686782612011
UAV_0093,telemetry_14,171,,,,,0.0,0.0,-648.8153498138018,-648.8153498138018,0.0,-648.8153498138018,-648.8153498138018,0.0,0.0
UAV_0093,telemetry_15,171,-0.8027578772916776,-0.7979364890846187,0.8027578772916776,0.7979364890846187,-0.760940353064739,-0.6331594960469556,50006.61962632564,49858.59400294264,-148.0256233830005,50042.915861621106,49935.13734791006,-107.77851371104771,-2.2966483047891693
UAV_0093,telemetry_16,171,-0.6742159587117516,-0.6541529620200361,0.6742159587117516,0.6541529620200361,-0.03497168181045199,-0.03690015715599952,-692.8648959266694,-701.5364328583291,-8.671536931659716,-695.1442713487055,-699.8516771116067,-4.707405762901203,-1.833126724190932
UAV_0093,telemetry_17,171,,,,,0.0,0.0,40.41581228213973,40.41581228213973,0.0,40.41581228213974,40.41581228213973,-7.105427357601002e-15,-0.5240577358467364
UAV_0093,telemetry_18,171,-0.02811077032662809,0.07451220390236879,0.02811077032662809,-0.07451220390236879,-6.608290943042695e-06,3.0089194110435742e-05,-103.31931647132542,-103.32054218692784,-0.0012257156024162441,-103.32553513107821,-103.32672071808071,-0.0011855870024959358,-0.1018697793190567
UAV_0093,telemetry_19,171,0.8445039674352116,0.8413276693786451,-0.8445039674352116,-0.8413276693786451,0.018277344081490284,0.018575482282459102,33504.21459628847,33507.975888031804,3.761291743336187,33504.31271622948,33506.902775425624,2.5900591961471946,2.417278230364451
UAV_0093,telemetry_20,171,,,,,0.0,0.0,-164.8973841769026,-164.8973841769026,0.0,-164.89738417690262,-164.89738417690262,0.0,0.0
UAV_0093,telemetry_21,171,0.846939796138929,0.8540299419157203,-0.846939796138929,-0.8540299419157203,0.018688142556877257,0.01765845118876314,34960.17350425431,34964.29380953168,4.1203052773707896,34960.89665987442,34963.57065391156,2.673994037140801,2.4477957734365865
UAV_0093,telemetry_22,171,0.6232253032156294,0.6139967720175079,-0.6232253032156294,-0.6139967720175079,1.02937136136587,0.942328404691772,23013.028051813017,23214.50582920214,201.4777773891219,23016.761665413225,23163.421503989935,146.65983857671017,1.7935460970082429
UAV_0093,telemetry_23,171,0.6726562669484192,0.6425036599707203,-0.6726562669484192,-0.6425036599707203,0.16056418063061878,0.17272695068637053,-17387.798887945875,-17347.674837690916,40.124050254959,-17384.020603503734,-17361.06090471557,22.959698788163223,1.9428490346831528
UAV_0093,telemetry_24,171,0.027323692418418623,0.7326613387092903,-0.027323692418418623,-0.7326613387092903,0.0165832320801799,0.09481531789641154,-3648.4822486900193,-3626.397788376068,22.08446031395124,-3637.7376641587985,-3633.266393360819,4.471270797979287,0.14880911259283242
UAV_0093,telemetry_25,171,-0.8357797228025972,-0.854599426343837,0.8357797228025972,0.854599426343837,-0.013671528551970038,-0.013080134344923243,-171.6227049223116,-174.66105734234574,-3.03835242003413,-171.8084784702794,-173.71829999144376,-1.9098215211643605,-2.3582828020245814
UAV_0093,telemetry_26,171,0.7886393053547175,0.7900168911244514,-0.7886393053547175,-0.7900168911244514,0.16707552145313012,0.161061170165693,-7474.980156932639,-7421.875803913945,53.10435301869438,-7475.217998822607,-7451.3681982699645,23.84980055264259,2.273938364775801
UAV_0093,telemetry_27,171,,,,,0.0,0.0,969.0302044744708,969.0302044744708,0.0,969.0302044744707,969.0302044744707,0.0,0.0
UAV_0093,telemetry_28,171,-0.801983585382276,-0.7956968344253246,0.801983585382276,0.7956968344253246,-0.9897894229040252,-0.9483331491890465,-9794.76327552434,-9961.704800296386,-166.94152477204625,-9738.063045246383,-9879.500059890886,-141.4370146445035,-2.3148033182739134
UAV_0094,telemetry_01,392,-0.07224387933756304,-0.06476198179238504,0.07224387933756304,0.06476198179238504,-0.0073969812929473786,0.017636844271647495,83.29688341794889,91.58713514789808,8.29025172994919,87.17198419399124,83.07062526276407,-4.101358931227168,-0.35352947708414295
UAV_0094,telemetry_02,392,-0.0762350467753998,-0.06362823921470347,0.0762350467753998,0.06362823921470347,-0.005317102349969758,-0.005079530302208899,-1.7592701263851414,12.77750839356873,14.536778519953872,12.049912475213905,11.21104964270509,-0.8388628325088145,-0.10615046910314954
UAV_0094,telemetry_03,392,,,,,0.0,0.0,30377.82504938608,30377.82504938608,0.0,30377.825049386058,30377.825049386058,0.0,0.0
UAV_0094,telemetry_04,392,-0.037932430719501156,-0.03775439987363214,0.037932430719501156,0.03775439987363214,-2.474332888271e-05,-2.0344762070564002e-05,-125.9236368011666,-125.85394219349476,0.06969460767183477,-125.88469618899704,-125.89665449990946,-0.011958310912419279,-0.1617982055383676
UAV_0094,telemetry_05,392,-0.03439688732848756,-0.03949930453429297,0.03439688732848756,0.03949930453429297,-7.795766028230365e-07,9.910575384442781e-07,-113.5268728402699,-113.52596248307724,0.000910357192665856,-113.52635577461784,-113.52649779911034,-0.00014202449250433347,-0.055306338567622765
UAV_0094,telemetry_06,392,-0.6491225680244659,-0.6173859176962784,0.6491225680244659,0.6173859176962784,-0.006623262257261694,-0.008263883377658137,-139.36990148064365,-143.31241811413202,-3.942516633488367,-139.75138830075957,-141.9556858568531,-2.204297556093536,-1.9066733223921108
UAV_0094,telemetry_07,392,0.812053055808142,0.8204443542061883,-0.812053055808142,-0.8204443542061883,0.0003362843542053684,0.00023325008167937304,140.5912754437698,140.7631728418209,0.17189739805110094,140.59236340198535,140.6881037249504,0.09574032296504242,2.0404405485909862
UAV_0094,telemetry_08,392,,,,,0.0,0.0,-4680.605940223165,-4680.605940223165,0.0,-4680.605940223163,-4680.605940223163,0.0,0.0
UAV_0094,telemetry_09,392,-0.05571720870470305,-0.06050511807776546,0.05571720870470305,0.06050511807776546,-0.004536642000692246,-0.01051554330240348,-164.46709211411428,-166.1529879686467,-1.6858958545324185,-153.58255223575821,-153.68905961203802,-0.10650737627980789,-0.011544784820756472
UAV_0094,telemetry_10,392,0.026318465492186773,-0.0047170544288076995,-0.026318465492186773,0.0047170544288076995,0.0006933532844328909,-0.0009427644923267904,-61.991285796144304,-63.09484111009998,-1.103555313955674,-62.36632226843423,-62.26907039246873,0.09725187596550455,0.032580315730071197
UAV_0094,telemetry_11,392,-0.19048819469234826,-0.6839737015277746,0.19048819469234826,0.6839737015277746,-0.001174525955472185,-0.0013061175163767058,62.25517142090346,61.589046193195735,-0.6661252277077239,62.32913468939563,61.88152385751501,-0.4476108318806169,-0.6407038730199126
UAV_0094,telemetry_12,392,0.6924655530543121,0.6734820103348986,-0.6924655530543121,-0.6734820103348986,0.012422832196460006,0.013713461441115349,641.1898711558429,646.2505460910406,5.060674935197767,640.3267580423113,644.3624861551907,4.035728112879383,1.985412581348043
UAV_0094,telemetry_13,392,0.6039800417449448,0.577134537850985,-0.6039800417449448,-0.577134537850985,0.024274188098300023,0.024179610692842066,7130.547815118818,7145.3587260511,14.81091093228224,7131.837066612016,7140.100282942593,8.263216330577052,1.8145891589317202
UAV_0094,telemetry_14,392,,,,,0.0,0.0,-648.8153498138018,-648.8153498138018,0.0,-648.8153498138022,-648.8153498138022,0.0,
UAV_0094,telemetry_15,392,0.837508583941825,0.8858714380197777,-0.837508583941825,-0.8858714380197777,0.5434660814713702,0.46847038694123966,50038.07507129452,50345.35159450039,307.2765232058664,50041.556327911945,50222.73235210963,181.1760241976881,2.4641597649501397
UAV_0094,telemetry_16,392,-0.6428768410180541,-0.6114048693010462,0.6428768410180541,0.6114048693010462,-0.015492358882442651,-0.013496555535657189,-696.3335106993333,-701.5364328583291,-5.202922158995875,-694.8626424096595,-699.8899385042166,-5.027296094557073,-1.841178993310308
UAV_0094,telemetry_17,392,,,,,0.0,0.0,40.41581228213973,40.41581228213973,0.0,40.41581228213971,40.41581228213972,7.105427357601002e-15,0.3916548067395735
UAV_0094,telemetry_18,392,-0.0858643633314803,-0.059527760656204055,0.0858643633314803,0.059527760656204055,-2.9446456514703788e-05,-2.2964752632589683e-05,-103.24445296275762,-103.33228692270578,-0.08783395994815635,-103.26633521371959,-103.27984026892301,-0.013505055203424376,-0.347558241632274
UAV_0094,telemetry_19,392,0.8457986708198932,0.872982780898619,-0.8457986708198932,-0.872982780898619,0.012947575593396848,0.011865409790309037,33505.389771269816,33511.58405189423,6.194280624411476,33505.05086579283,33509.36651030616,4.315644513328152,2.488144057187306
UAV_0094,telemetry_20,392,,,,,0.0,0.0,-164.8973841769026,-164.8973841769026,0.0,-164.89738417690253,-164.89738417690253,0.0,0.0
UAV_0094,telemetry_21,392,0.8348261992024476,0.8654695563873049,-0.8348261992024476,-0.8654695563873049,0.013246998015603808,0.012262813325472782,34961.93934937318,34969.00272984867,7.063380475490703,34961.78474479,34966.177005117315,4.392260327316762,2.4429691669040476
UAV_0094,telemetry_22,392,0.6552508718533631,0.6345537431619522,-0.6552508718533631,-0.6345537431619522,0.49007068016709604,0.4837565575470264,22943.10084057168,23272.05009678616,328.94925621448056,23002.39697658079,23163.83626213256,161.43928555177263,1.9050633774250503
UAV_0094,telemetry_23,392,-0.8454173629778546,-0.8695291591578549,0.8454173629778546,0.8695291591578549,-0.21563943499932056,-0.19396796276164568,-17373.66584172408,-17482.983865932038,-109.31802420795793,-17384.09491846924,-17454.92704113869,-70.83212266944975,-2.450894114126682
UAV_0094,telemetry_24,392,-0.3579754209715644,-0.8900715945189891,0.3579754209715644,0.8900715945189891,-0.17686342863212187,-0.14472101345223926,-3666.804736316028,-3744.284597796251,-77.47986148022301,-3659.3661811666097,-3719.097240570865,-59.73105940425512,-1.0670056042475664
UAV_0094,telemetry_25,392,-0.7676246720024679,-0.7604111115461175,0.7676246720024679,0.7604111115461175,-0.004868111168801999,-0.004789114337371802,-172.01769073691605,-174.35722210034234,-2.339531363426289,-171.8507736546003,-173.45340840577524,-1.6026347511749464,-2.2303566095569796
UAV_0094,telemetry_26,392,-0.8672167294477177,-0.9482783368924976,0.8672167294477177,0.9482783368924976,-0.3218819689890064,-0.2721417484272005,-7510.14385014772,-7683.091810654546,-172.94796050682635,-7517.103917763683,-7623.499751695728,-106.3958339320452,-2.529920855543181
UAV_0094,telemetry_27,392,,,,,0.0,0.0,969.0302044744708,969.0302044744708,0.0,969.0302044744714,969.0302044744714,0.0,0.0
UAV_0094,telemetry_28,392,-0.7357806032114051,-0.7108595844577459,0.7357806032114051,0.7108595844577459,-0.32512192752552743,-0.34431992716441584,-9721.516261272636,-9886.861434015416,-165.34517274278005,-9730.878862063679,-9840.304516202887,-109.42565413920784,-2.1856093476861553
UAV_0095,telemetry_01,166,0.10079259589588642,0.1000072144866893,-0.10079259589588642,-0.1000072144866893,0.02431742261514724,0.022372569304550727,70.46230346318184,93.90583347163204,23.443530008450196,84.42273294280906,87.74845271466995,3.3257197718608893,0.2867973167761132
UAV_0095,telemetry_02,166,0.010734402818190016,-0.008312400390894007,-0.010734402818190016,0.008312400390894007,0.001730033102642157,-0.002047059224631141,-0.805149785306039,24.7792985526592,25.584448337965238,10.69820820194598,11.67758219971033,0.9793739977643501,0.12643007288868766
UAV_0095,telemetry_03,166,,,,,0.0,0.0,30377.82504938608,30377.82504938608,0.0,30377.825049386087,30377.825049386083,-3.637978807091713e-12,-0.24938673367388495
UAV_0095,telemetry_04,166,0.011786602943052645,-0.11923237327762234,-0.011786602943052645,0.11923237327762234,2.180424730678896e-05,-0.00015192905801943607,-125.83971880417398,-125.90514639504958,-0.06542759087560057,-125.8781277026899,-125.89870403635726,-0.02057633366736411,-0.23141627129137884
UAV_0095,telemetry_05,166,-0.012664865851396829,-0.015049419233821516,0.012664865851396829,0.015049419233821516,-6.706919424023624e-07,-1.6438928970608076e-08,-113.5257420580304,-113.52926060535,-0.0035185473196008843,-113.52546053117258,-113.52559460008717,-0.00013406891459055714,-0.05267250123855984
UAV_0095,telemetry_06,166,0.6295452304931345,0.6016447750300719,-0.6295452304931345,-0.6016447750300719,0.013786558948185037,0.012569102601999303,-136.70482035101753,-134.87257707439954,1.8322432766179872,-137.1503757101501,-135.126995962092,2.0233797480580904,1.922324929892331
UAV_0095,telemetry_07,166,,,,,0.0,0.0,140.5912754437698,140.5912754437698,0.0,140.59127544376977,140.59127544376977,0.0,
UAV_0095,telemetry_08,166,,,,,0.0,0.0,-4680.605940223165,-4680.605940223165,0.0,-4680.605940223166,-4680.605940223166,0.0,0.0
UAV_0095,telemetry_09,166,0.02658355075274406,0.023659581166254568,-0.02658355075274406,-0.023659581166254568,0.004958118067356093,0.031004961823266362,-170.84229821409554,-153.0651133112769,17.777184902818647,-152.61008036601208,-153.32826190691156,-0.7181815408994794,-0.08011405356949997
UAV_0095,telemetry_10,166,0.009816701951470655,-0.03427405867345266,-0.009816701951470655,0.03427405867345266,0.0006342234289954102,0.0009003473726301208,-63.34011221226594,-62.830545561894496,0.5095666503714469,-62.53102633701254,-62.50383641485504,0.027189922157504043,0.008756078203170849
UAV_0095,telemetry_11,166,0.0761411963132039,0.5147222597683649,-0.0761411963132039,-0.5147222597683649,0.0014051983734302157,0.0020439461189072717,62.600787316915415,62.99821888821818,0.39743157130276785,62.832272055153304,62.93592381468026,0.10365175952695438,0.11685225019001272
UAV_0095,telemetry_12,166,-0.6630799223252981,-0.6623446887722788,0.6630799223252981,0.6623446887722788,-0.02815947458961477,-0.02471951241069944,637.4609527825389,628.9377107864161,-8.523241996122806,635.674832217175,631.9263291885494,-3.748503028625578,-1.8364433677767946
UAV_0095,telemetry_13,166,0.7193893187606695,0.7059453928943865,-0.7193893187606695,-0.7059453928943865,0.06803354396696076,0.07387887264243384,7131.098798827468,7149.221419321112,18.122620493643808,7135.249608790526,7144.319852513804,9.070243723278509,1.9954377826303704
UAV_0095,telemetry_14,166,,,,,0.0,0.0,-648.8153498138018,-648.8153498138018,0.0,-648.8153498138018,-648.8153498138018,0.0,0.0
UAV_0095,telemetry_15,166,0.8533723103457549,0.9213469586657534,-0.8533723103457549,-0.9213469586657534,1.9292701715968934,1.600456068673941,49924.77379206345,50374.77168714777,449.9978950843142,49949.656971915705,50216.64186373728,266.9848918215721,2.4570303830265123
UAV_0095,telemetry_16,166,-0.6522723807358395,-0.632308240149503,0.6522723807358395,0.632308240149503,-0.03276815078634683,-0.030969774755927153,-694.5992033130013,-703.270740244661,-8.671536931659716,-696.1804835770099,-700.6182701243887,-4.437786547378778,-1.8378997083338189
UAV_0095,telemetry_17,166,,,,,0.0,0.0,40.41581228213973,40.41581228213973,0.0,40.41581228213974,40.41581228213973,-7.105427357601002e-15,-0.2763853991962833
UAV_0095,telemetry_18,166,-0.13133854117064833,-0.11043805051452409,0.13133854117064833,0.11043805051452409,-1.4859809097371837e-05,-1.4750753947547588e-05,-103.32396611473077,-103.33018613816483,-0.006220023434067912,-103.32494519004584,-103.3270343011933,-0.002089111147455469,-0.3841659311683675
UAV_0095,telemetry_19,166,0.41756844281071037,0.3991040919256777,-0.41756844281071037,-0.3991040919256777,0.004492278764317032,0.005427200344074165,33506.404689575684,33505.952775406884,-0.4519141687997035,33505.38079130737,33506.0201362305,0.6393449231327395,1.2364442412041259
UAV_0095,telemetry_20,166,,,,,0.0,0.0,-164.8973841769026,-164.8973841769026,0.0,-164.89738417690262,-164.89738417690262,0.0,0.0
UAV_0095,telemetry_21,166,0.4501344862391409,0.43400795495392297,-0.4501344862391409,-0.43400795495392297,0.004790307480871228,0.004598554997035839,34963.263733212334,34962.67511817271,-0.5886150396254379,34962.1081433919,34962.78764751852,0.6795041266159387,1.3284626174813008
UAV_0095,telemetry_22,166,0.5735103570170704,0.5596212760828241,-0.5735103570170704,-0.5596212760828241,0.9779747312671816,1.0215459527301933,23146.181116551743,23235.629674264623,89.44855771287985,23058.76353298888,23201.677270963373,142.91373797449342,1.743676656602082
UAV_0095,telemetry_23,166,-0.8622886055518971,-0.919016731050495,0.8622886055518971,0.919016731050495,-0.7419705298613263,-0.6423946257973929,-17344.896116328495,-17511.247162194817,-166.35104586632224,-17355.367866858414,-17458.959418500162,-103.59155164174808,-2.504774728598667
UAV_0095,telemetry_24,166,-0.0025159247465004913,0.6292829456093291,0.0025159247465004913,-0.6292829456093291,-0.002981810967856777,0.06867553142935803,-3640.1613537957137,-3627.216463443216,12.944890352497623,-3634.098517416369,-3633.261775003548,0.8367424128209677,0.014688845588758295
UAV_0095,telemetry_25,166,-0.7774573977126286,-0.7676419313899165,0.7774573977126286,0.7676419313899165,-0.00952275218019517,-0.008525458277438598,-172.74689531772427,-174.8433584875478,-2.0964631698235223,-172.5297424829983,-173.81389319699502,-1.2841507139967234,-2.181265141094548
UAV_0095,telemetry_26,166,0.8128994953650054,0.8086420465201621,-0.8128994953650054,-0.8086420465201621,0.122551352674298,0.12607523533832454,-7475.123682211068,-7443.978696791997,31.144985419070508,-7468.006516933681,-7450.817254175963,17.189262757718097,2.3722165884558333
UAV_0095,telemetry_27,166,,,,,0.0,0.0,969.0302044744708,969.0302044744708,0.0,969.0302044744708,969.0302044744708,0.0,0.0
UAV_0095,telemetry_28,166,-0.7248369601479031,-0.704859284716438,0.7248369601479031,0.704859284716438,-0.7532860614548267,-0.7787801914105386,-9795.4077929839,-9944.25535304619,-148.84756006228963,-9796.098518157953,-9892.877418152244,-96.77889999429135,-1.9374897955649026
UAV_0096,telemetry_01,491,0.07803274559866867,0.08184047549773472,-0.07803274559866867,-0.08184047549773472,0.005779707347877286,0.015648610745562272,80.98623606548647,86.74449419708718,5.758258131600712,85.78895276779404,88.02772322065499,2.2387704528609476,0.21303351405965928
UAV_0096,telemetry_02,491,0.040143939048597935,0.04403767567331935,-0.040143939048597935,-0.04403767567331935,0.0022078755288369653,0.004462300463425223,16.202898843182812,15.288040676339968,-0.9148581668428442,12.163889813177754,12.34600032886338,0.18211051568562553,0.023337146276188474
UAV_0096,telemetry_03,491,,,,,0.0,0.0,30377.82504938608,30377.82504938608,0.0,30377.825049386065,30377.825049386072,7.275957614183426e-12,0.7307940513606328
UAV_0096,telemetry_04,491,-0.06645910228120779,-0.00867539967383773,0.06645910228120779,0.00867539967383773,-3.1191178286437364e-05,-1.8903391847236453e-05,-125.91225808970998,-125.84683049883438,0.06542759087560057,-125.8917740312911,-125.90442492529633,-0.012650894005219016,-0.18998146491685308
UAV_0096,telemetry_05,491,0.014687676100164256,0.013343315568739045,-0.014687676100164256,-0.013343315568739045,2.702616595414091e-07,9.163940952780253e-07,-113.52682568084124,-113.52675628132836,6.939951288131851e-05,-113.5258970896861,-113.52557791194504,0.0003191777410620489,0.12225554605943234
UAV_0096,telemetry_06,491,-0.6484334182480277,-0.6217743177965408,0.6484334182480277,0.6217743177965408,-0.0054951386132470305,-0.005095190601978246,-137.89333632470886,-142.2115692828625,-4.318232958153658,-138.9571701402891,-141.1767174908449,-2.219547350555814,-1.8459438101466414
UAV_0096,telemetry_07,491,0.700523564202098,0.7054278352426523,-0.700523564202098,-0.7054278352426523,0.00017950942726411298,0.0,140.5912754437698,140.67722414279535,0.08594869902555047,140.59127544376977,140.6763559741183,0.08508053034853447,2.34009237431538
UAV_0096,telemetry_08,491,,,,,0.0,0.0,-4680.605940223165,-4680.605940223165,0.0,-4680.605940223163,-4680.605940223163,0.0,
UAV_0096,telemetry_09,491,-0.013721589778464783,-0.019302041019080125,0.013721589778464783,0.019302041019080125,-0.0009544521653322071,-0.010287076202862691,-142.43607800567517,-163.26736342352353,-20.831285417848363,-153.38038389918157,-154.25308865204272,-0.8727047528611536,-0.08842700802978158
UAV_0096,telemetry_10,491,0.07593434792355207,0.04686000573792678,-0.07593434792355207,-0.04686000573792678,0.0012962982818694533,-0.0004703344745854182,-60.566440578922126,-62.78638589889071,-2.2199453199685806,-62.980498628803424,-61.82409216291552,1.1564064658879047,0.47743159872056984
UAV_0096,telemetry_11,491,-0.20851373267420611,-0.673783655529967,0.20851373267420611,0.673783655529967,-0.0010028092923313316,-0.0007247422969721741,62.29523508736544,61.59011455763472,-0.7051205297307206,62.362377119570084,61.843722885789994,-0.5186542337800901,-0.7600839572484512
UAV_0096,telemetry_12,491,0.6788199359983046,0.6610829309525506,-0.6788199359983046,-0.6610829309525506,0.01079235323620515,0.009062282580186841,637.8604797511073,648.5145322462608,10.654052495153564,638.8075066395654,643.3058843597413,4.498377720175881,1.994167720582964
UAV_0096,telemetry_13,491,0.6413272602667414,0.6216125196290826,-0.6413272602667414,-0.6216125196290826,0.020916613810441003,0.01910020544859247,7127.162648465546,7138.772312591953,11.609664126406642,7129.651621784541,7138.184994860415,8.533373075873897,1.8440656631990955
UAV_0096,telemetry_14,491,,,,,0.0,0.0,-648.8153498138018,-648.8153498138018,0.0,-648.815349813802,-648.815349813802,0.0,
UAV_0096,telemetry_15,491,0.8052527621564213,0.8335780361212457,-0.8052527621564213,-0.8335780361212457,0.4690535370305847,0.3925501370231752,50030.488758096144,50327.58851969443,297.0997615982851,50001.663633758246,50199.83418306915,198.17054931090388,2.3978181695415826
UAV_0096,telemetry_16,491,-0.6992698251525133,-0.6830754153382196,0.6992698251525133,0.6830754153382196,-0.013061206963351972,-0.01357584366445498,-694.5992033130013,-703.270740244661,-8.671536931659716,-693.1802245423661,-698.6809570606309,-5.50073251826484,-2.0756270869190963
UAV_0096,telemetry_17,491,,,,,0.0,0.0,40.41581228213973,40.41581228213973,0.0,40.41581228213972,40.41581228213972,0.0,0.0
UAV_0096,telemetry_18,491,0.81628940589382,0.7374807257362236,-0.81628940589382,-0.7374807257362236,0.00034321099235510595,0.00031137734662343037,-103.15647316706912,-103.0534707557511,0.10300241131801613,-103.14954839361333,-103.01072157842965,0.1388268151836769,2.327146142221217
UAV_0096,telemetry_19,491,0.8050839572718891,0.8397078726180254,-0.8050839572718891,-0.8397078726180254,0.010193245195307376,0.008141857099296702,33503.5391486489,33510.88859546711,7.349446818210708,33503.942583912205,33508.22179752832,4.2792136161151575,2.382100025958462
UAV_0096,telemetry_20,491,,,,,0.0,0.0,-164.8973841769026,-164.8973841769026,0.0,-164.89738417690253,-164.89738417690253,0.0,0.0
UAV_0096,telemetry_21,491,0.8017696048153554,0.8323246492621235,-0.8017696048153554,-0.8323246492621235,0.010514742180638914,0.007911492468074065,34960.320658014214,34967.97265352933,7.651995515116141,34960.55848227265,34964.95674465206,4.398262379407242,2.363738446162853
UAV_0096,telemetry_22,491,0.6275547133826898,0.5961516811720715,-0.6275547133826898,-0.5961516811720715,0.4049824682101587,0.3773452845049807,22913.67313917428,23278.75145453012,365.07831535584046,22976.397200183586,23146.872736696598,170.47553651301132,1.8618503226475733
UAV_0096,telemetry_23,491,-0.8206162421179755,-0.8465621607045282,0.8206162421179755,0.8465621607045282,-0.1894960925778526,-0.18110898204828058,-17364.341381615668,-17486.71194281591,-122.37056120024135,-17366.814762063117,-17445.525232009775,-78.71046994665812,-2.4023688072774703
UAV_0096,telemetry_24,491,-0.31170001682051374,-0.8453849733226955,0.31170001682051374,0.8453849733226955,-0.108627557817527,-0.08064676841628511,-3655.553494661326,-3740.996279592805,-85.44278493147885,-3654.7830023803085,-3699.928594648767,-45.145592268458586,-0.9130183170281423
UAV_0096,telemetry_25,491,-0.7999396463833446,-0.814044798066388,0.7999396463833446,0.814044798066388,-0.004535673181609517,-0.004105881648694873,-170.80234976890242,-174.78259143914713,-3.980241670244709,-171.37349864301186,-173.26648427197856,-1.8929856289666986,-2.3530443366175624
UAV_0096,telemetry_26,491,-0.8293698564509101,-0.9125348644380474,0.8293698564509101,0.9125348644380474,-0.2647040548825868,-0.20171513541600278,-7489.619735332387,-7671.179212544946,-181.5594772125587,-7486.399839944604,-7597.096972871039,-110.69713292643519,-2.4445073703050557
UAV_0096,telemetry_27,491,,,,,0.0,0.0,969.0302044744708,969.0302044744708,0.0,969.0302044744712,969.0302044744712,0.0,0.0
UAV_0096,telemetry_28,491,-0.7282969986567054,-0.7037138376288372,0.7282969986567054,0.7037138376288372,-0.29638325418336064,-0.30289662254603555,-9671.255641035452,-9921.28391019672,-250.02826916126833,-9708.934227369467,-9829.833854483668,-120.89962711420048,-2.0938576115617167
UAV_0097,telemetry_01,275,-0.020132562038466802,0.005612648221343873,0.020132562038466802,-0.005612648221343873,-0.0028177415724154943,0.0014396784886692164,76.81442126573731,89.33719497545208,12.52277370971477,85.58906459600291,87.26081585407103,1.671751258068113,0.15018939930295
UAV_0097,telemetry_02,275,-0.029444290486890273,-0.03181673927468913,0.029444290486890273,0.03181673927468913,-0.002748532653933805,-0.008981982698762627,15.426743286619915,14.643817740930045,-0.7829255456898707,12.948556318016733,10.925095260411723,-2.02346105760501,-0.27256166804922505
UAV_0097,telemetry_03,275,,,,,0.0,0.0,30377.82504938608,30377.82504938608,0.0,30377.825049386083,30377.825049386083,0.0,0.0
UAV_0097,telemetry_04,275,0.019598526534109685,0.0051120099514806875,-0.019598526534109685,-0.0051120099514806875,1.490550317711789e-05,-1.5295735509190626e-05,-125.82976243164944,-125.89661236145712,-0.0668499298076739,-125.8937693977535,-125.89254256235604,0.0012268353974604906,0.020283029061702384
UAV_0097,telemetry_05,275,-0.055942632043738165,-0.05205331640748969,0.055942632043738165,0.05205331640748969,-1.9104053421223404e-06,-3.1743760666837397e-07,-113.52140520874768,-113.5248944096498,-0.003489200902123457,-113.52556056003417,-113.5260626792128,-0.0005021191786340751,-0.18488169604130136
UAV_0097,telemetry_06,275,-0.7044781371079238,-0.6568021653164828,0.7044781371079238,0.6568021653164828,-0.012437729717036503,-0.012012245089848888,-138.79255072840795,-144.56856302626312,-5.776012297855175,-138.86354972842648,-141.78345760892117,-2.9199078804946907,-2.079530478697584
UAV_0097,telemetry_07,275,0.7194208073406263,0.730513989917516,-0.7194208073406263,-0.730513989917516,0.00035360446845282865,0.0,140.5912754437698,140.7631728418209,0.17189739805110094,140.59127544376975,140.68034955003264,0.08907410626289902,2.2786963598078005
UAV_0097,telemetry_08,275,,,,,0.0,0.0,-4680.605940223165,-4680.605940223165,0.0,-4680.605940223167,-4680.605940223167,0.0,0.0
UAV_0097,telemetry_09,275,0.06763646212343759,0.058270101843570586,-0.06763646212343759,-0.058270101843570586,0.008368128778247575,-0.00025461135938376945,-146.66290050205754,-164.2068812653942,-17.543980763336663,-153.6223718185189,-152.02771156651622,1.594660252002683,0.16206544727429611
UAV_0097,telemetry_10,275,0.09336475403459209,0.041993595106892476,-0.09336475403459209,-0.041993595106892476,0.0031948831408655275,0.0037706361553291263,-63.32674851625092,-61.81632822163444,1.5104202946164804,-62.748689031137936,-62.23518587510248,0.5135031560354548,0.18868650144884905
UAV_0097,telemetry_11,275,-0.16484567306847003,-0.6958702373916061,0.16484567306847003,0.6958702373916061,-0.0014577119458860951,-0.002149421224096213,62.29363254070696,61.59545637982964,-0.6981761608773169,62.18508643598158,61.81854753805196,-0.36653889792962246,-0.5211894836180071
UAV_0097,telemetry_12,275,0.6964297270411044,0.6657253913808227,-0.6964297270411044,-0.6657253913808227,0.020104179537769988,0.020514045777360247,638.5263580320543,645.3183164977147,6.7919584656604,638.8266086023725,643.3448954105444,4.518286808171865,1.9680425188871646
UAV_0097,telemetry_13,275,0.6693941930580067,0.6481226738986181,-0.6693941930580067,-0.6481226738986181,0.04285024548767669,0.04805831963109988,7128.994176076402,7145.923844500946,16.929668424543706,7128.9743630109615,7138.747478175752,9.773115164790397,1.9196912164303965
UAV_0097,telemetry_14,275,,,,,0.0,0.0,-648.8153498138018,-648.8153498138018,0.0,-648.8153498138021,-648.8153498138021,0.0,0.0
UAV_0097,telemetry_15,275,0.8340792048277952,0.8886345840605059,-0.8340792048277952,-0.8886345840605059,0.9220511354320937,0.8186744769010235,49973.252183721386,50325.18310331446,351.9309195930764,49986.59579654436,50202.198481220425,215.6026846760651,2.4523146128264957
UAV_0097,telemetry_16,275,-0.7222162175820497,-0.7140916816914268,0.7222162175820497,0.7140916816914268,-0.026170974159633438,-0.019596693630869157,-692.8648959266694,-699.8021254719972,-6.937229545327796,-692.8964287882391,-699.1084025174645,-6.211973729225406,-2.1554933793833295
UAV_0097,telemetry_17,275,,,,,0.0,0.0,40.41581228213973,40.41581228213973,0.0,40.41581228213971,40.415812282139726,1.4210854715202004e-14,0.9000287422527156
UAV_0097,telemetry_18,275,-0.1274730580914518,0.011759614552378755,0.1274730580914518,-0.011759614552378755,-4.106176272820776e-05,9.387011866821636e-06,-103.15489540900286,-103.2335401839648,-0.07864477496194411,-103.16238409637882,-103.1720233089166,-0.009639212537777553,-0.3762635137966237
UAV_0097,telemetry_19,275,0.819665928705626,0.8544606329880846,-0.819665928705626,-0.8544606329880846,0.02020180821970137,0.015745444166747943,33503.6432931366,33511.17131625683,7.528023120226862,33503.696479497834,33508.44031526841,4.74383577057597,2.420170816373468
UAV_0097,telemetry_20,275,,,,,0.0,0.0,-164.8973841769026,-164.8973841769026,0.0,-164.89738417690253,-164.89738417690253,0.0,0.0
UAV_0097,telemetry_21,275,0.817428237018852,0.8581653681291167,-0.817428237018852,-0.8581653681291167,0.020586751998196765,0.01625010845587236,34960.17350425431,34968.11980728923,7.946303034921584,34960.33938667457,34965.25164673252,4.912260057950334,2.452521869057254
UAV_0097,telemetry_22,275,0.6644625983498982,0.6437473502224842,-0.6644625983498982,-0.6437473502224842,0.7738610032401271,0.7639183623891592,22950.2392433859,23397.773395330485,447.5341519445865,22962.746678669293,23144.554779138776,181.80810046948318,1.962865503336317
UAV_0097,telemetry_23,275,-0.8315256262140843,-0.8729165344335132,0.8315256262140843,0.8729165344335132,-0.35843987383271203,-0.2987104023881361,-17355.97536482017,-17505.24308012657,-149.26771530639962,-17361.418069293046,-17445.39940936731,-83.98134007426415,-2.4496941077609273
UAV_0097,telemetry_24,275,-0.38252120733532347,-0.8702962984333977,0.38252120733532347,0.8702962984333977,-0.23385703946995104,-0.2135637000059348,-3644.0251015480617,-3747.9833385246047,-103.95823697654305,-3649.7811259210653,-3709.0775565197937,-59.29643059872842,-1.2195605203835644
UAV_0097,telemetry_25,275,-0.790455781815096,-0.7827960107231955,0.790455781815096,0.7827960107231955,-0.008212887229332645,-0.007435447594166103,-171.47078730130994,-173.99261980993822,-2.521832508628279,-171.360854186476,-173.26838707854463,-1.9075328920686445,-2.3084660468409886
UAV_0097,telemetry_26,275,-0.8440288120242683,-0.9301937432493181,0.8440288120242683,0.9301937432493181,-0.5327501315040252,-0.43323736174110306,-7473.401378869921,-7685.244689830979,-211.8433109610578,-7481.451842214526,-7605.661227717413,-124.20938550288702,-2.4743313333287666
UAV_0097,telemetry_27,275,,,,,0.0,0.0,969.0302044744708,969.0302044744708,0.0,969.0302044744706,969.0302044744706,0.0,0.0
UAV_0097,telemetry_28,275,-0.7359348944274746,-0.7143123395170364,0.7359348944274746,0.7143123395170364,-0.5312151163748629,-0.47322591001696124,-9714.343428971752,-9886.235544253424,-171.8921152816729,-9704.023627430604,-9825.902080263088,-121.87845283248316,-2.1230764754474283
UAV_0098,telemetry_01,307,0.08210545509881398,0.10726250820138537,-0.08210545509881398,-0.10726250820138537,0.010387263450525418,0.022366860784949153,95.5710141418558,105.41910855616324,9.84809441430744,85.85093890327207,88.92160230824695,3.07066340497488,0.273431884890248
UAV_0098,telemetry_02,307,-0.009936199651026715,-0.01451448213279982,0.009936199651026715,0.01451448213279982,-0.0008295923611488154,-0.0034494179964043113,4.54198000865658,15.673530316254215,11.131550307597635,12.82498938595377,11.313745138896154,-1.5112442470576166,-0.2039089566844898
UAV_0098,telemetry_03,307,,,,,0.0,0.0,30377.82504938608,30377.82504938608,0.0,30377.825049386083,30377.825049386083,0.0,0.0
UAV_0098,telemetry_04,307,0.08077469706914729,-0.018042739910085905,-0.08077469706914729,0.018042739910085905,4.909164119547923e-05,-3.4904022873052346e-05,-125.93643785155533,-125.92790381796284,0.008534033592482615,-125.90499638216913,-125.8913064498008,0.0136899323683366,0.2537553259672153
UAV_0098,telemetry_05,307,0.04190517673879444,0.041466038591924784,-0.04190517673879444,-0.041466038591924784,1.232568132242139e-06,3.130169426350763e-07,-113.5214588435938,-113.52495167652376,-0.0034928329299503957,-113.52608822404687,-113.525801530506,0.00028669354087185184,0.10980464880892872
UAV_0098,telemetry_06,307,-0.7402586967470035,-0.7252594689316841,0.7402586967470035,0.7252594689316841,-0.010931799317501226,-0.010100971388887279,-137.7205068153628,-142.9630019321933,-5.242495116830497,-138.72918394827485,-141.48393200076066,-2.754748052485809,-2.101453717751702
UAV_0098,telemetry_07,307,0.7209839727241475,0.7279408755244087,-0.7209839727241475,-0.7279408755244087,0.0003081947710931791,0.0,140.5912754437698,140.7631728418209,0.17189739805110094,140.5912754437698,140.67861041213445,0.08733496836464383,2.3016251198603
UAV_0098,telemetry_08,307,,,,,0.0,0.0,-4680.605940223165,-4680.605940223165,0.0,-4680.605940223164,-4680.605940223164,0.0,0.0
UAV_0098,telemetry_09,307,-0.012640713704894418,-0.00607503883993633,0.012640713704894418,0.00607503883993633,-0.0014109062607699627,0.009443860031535939,-162.91762744627405,-140.35404663398216,22.56358081229189,-153.8537128987381,-152.39286122901714,1.4608516697209666,0.14744350046887336
UAV_0098,telemetry_10,307,-0.06600864141937669,-0.03745264762701053,0.06600864141937669,0.03745264762701053,-0.0014663121171511974,0.0019221024589694523,-62.47426535806836,-62.11709697302761,0.357168385040751,-62.04095000741258,-62.47775929137825,-0.43680928396566543,-0.22151967631112948
UAV_0098,telemetry_11,307,-0.36985378854356826,-0.7683473484958383,0.36985378854356826,0.7683473484958383,-0.002119071547436247,-0.0020085690544409266,62.419165362287806,61.53295706014897,-0.886208302138833,62.399375236818685,61.88455100491009,-0.514824231908598,-1.0122540164667424
UAV_0098,telemetry_12,307,0.6980645588161973,0.6774656268967711,-0.6980645588161973,-0.6774656268967711,0.017439862577038216,0.016855655912226732,636.528723189213,645.717843466283,9.18912027707006,638.509174076417,643.0951422371334,4.585968160716334,2.0679005224910942
UAV_0098,telemetry_13,307,0.6202163860883578,0.5947852045763524,-0.6202163860883578,-0.5947852045763524,0.03510068752009256,0.03309348495800564,7132.232642735527,7143.825412869188,11.592770133660451,7130.117173219047,7139.020963833076,8.903790614029276,1.7723464853962838
UAV_0098,telemetry_14,307,,,,,0.0,0.0,-648.8153498138018,-648.8153498138018,0.0,-648.8153498138022,-648.8153498138022,0.0,0.0
UAV_0098,telemetry_15,307,0.8390902681206178,0.875747897965172,-0.8390902681206178,-0.875747897965172,0.8054777408127659,0.6970267730208788,49990.583517125815,50327.65019703751,337.06667991169525,50000.2439796841,50206.01252853259,205.76854884849308,2.4147946925313324
UAV_0098,telemetry_16,307,-0.7139359113542885,-0.69531926989345,0.7139359113542885,0.69531926989345,-0.02234221448364349,-0.024775819804741722,-692.8648959266694,-703.270740244661,-10.405844317991637,-693.2844864233628,-699.1307806772882,-5.846294253925407,-2.104552472617371
UAV_0098,telemetry_17,307,,,,,0.0,0.0,40.41581228213973,40.41581228213973,0.0,40.41581228213972,40.41581228213972,0.0,0.0
UAV_0098,telemetry_18,307,0.35385509137867904,0.3136301011372864,-0.35385509137867904,-0.3136301011372864,0.00016765223105910722,7.32684505137074e-05,-103.06938943179637,-103.07232408420428,-0.0029346524079159053,-103.0629417720978,-103.02592124450572,0.037020527592076746,0.8802474837428137
UAV_0098,telemetry_19,307,0.8227043561855534,0.8646661507362791,-0.8227043561855534,-0.8646661507362791,0.017381668204767876,0.014265006397968821,33503.67542569669,33510.9704128497,7.294987153014517,33503.800638124296,33508.3235449392,4.522906814905582,2.4116598796126265
UAV_0098,telemetry_20,307,,,,,0.0,0.0,-164.8973841769026,-164.8973841769026,0.0,-164.89738417690256,-164.89738417690256,0.0,0.0
UAV_0098,telemetry_21,307,0.8226932200828408,0.859611112970757,-0.8226932200828408,-0.859611112970757,0.018048348739490957,0.015058335973039618,34961.056426813746,34968.11980728923,7.063380475483427,34960.44645074446,34965.150624165966,4.70417342150904,2.4156268325449197
UAV_0098,telemetry_22,307,0.6836919160113301,0.6744900478323933,-0.6836919160113301,-0.6744900478323933,0.7084729811258924,0.7302232658808188,22897.356789884638,23248.886708062462,351.5299181778246,22965.582814938512,23146.150570390917,180.56775545240453,1.9630141454427914
UAV_0098,telemetry_23,307,-0.8418059916671787,-0.8786236437127413,0.8418059916671787,0.8786236437127413,-0.31577365097664295,-0.2660901029277343,-17363.437707139252,-17502.4921145506,-139.05440741134953,-17365.798555664696,-17446.54926384765,-80.75070818295353,-2.425093797914354
UAV_0098,telemetry_24,307,-0.5356256168598604,-0.9215387665282282,0.5356256168598604,0.9215387665282282,-0.2463682010208917,-0.17834883178726538,-3652.1723486457176,-3741.961497837291,-89.78914919157342,-3644.218608197304,-3710.5130648598274,-66.29445666252332,-1.6236782746570533
UAV_0098,telemetry_25,307,-0.825712535740278,-0.8380813218268512,0.825712535740278,0.8380813218268512,-0.00767130500638428,-0.007339840115812687,-171.2884861561079,-174.235688003541,-2.9472018474330923,-171.34092223819556,-173.30899051543054,-1.968068277234977,-2.3864144264259415
UAV_0098,telemetry_26,307,-0.8511295211011353,-0.9326957244176841,0.8511295211011353,0.9326957244176841,-0.4595927065325643,-0.364380367783095,-7482.586996689371,-7676.202597289958,-193.61560060058764,-7481.482778015007,-7600.229111600312,-118.74633358530446,-2.4773582384690913
UAV_0098,telemetry_27,307,,,,,0.0,0.0,969.0302044744708,969.0302044744708,0.0,969.0302044744707,969.0302044744707,0.0,0.0
UAV_0098,telemetry_28,307,-0.761359872185196,-0.7394771352426076,0.761359872185196,0.7394771352426076,-0.5001721537780586,-0.4426700816726965,-9707.926947368707,-9910.33384655453,-202.4068991858221,-9704.912625051442,-9830.734789972586,-125.82216492114458,-2.1576137664546904
UAV_0099,telemetry_01,145,0.04975057612264945,0.05811683199496142,-0.04975057612264945,-0.05811683199496142,0.013015347702148058,0.023647583551587574,84.30730004090276,101.41814030683815,17.110840265935394,83.66577875117814,85.89902094442137,2.2332421932432283,0.20323961248180913
UAV_0099,telemetry_02,145,-0.006900804285461113,-0.005416469847268146,0.006900804285461113,0.005416469847268146,-0.0011362388512009879,0.008755072188318516,15.846885891333514,25.68657793278937,9.839692041455855,11.764941353479232,11.358019997538364,-0.4069213559408684,-0.058839741022476716
UAV_0099,telemetry_03,145,,,,,0.0,0.0,30377.82504938608,30377.82504938608,0.0,30377.825049386087,30377.825049386087,0.0,0.0
UAV_0099,telemetry_04,145,0.05777301684040761,0.06501029130344993,-0.05777301684040761,-0.06501029130344993,4.391199907214637e-05,8.110587706950057e-05,-125.97341866378936,-125.87669961640802,0.09671904738134174,-125.89921180847092,-125.89107014423901,0.008141664231914092,0.2550264465932851
UAV_0099,telemetry_05,145,-0.009526130910150086,-0.007349236340733742,0.009526130910150086,0.007349236340733742,-5.786189904389557e-07,-7.993652081865788e-07,-113.5275992926194,-113.52413048477116,0.0034688078482361107,-113.52569301398067,-113.52553901097289,0.00015400300777912435,0.06036472954181686
UAV_0099,telemetry_06,145,0.6205367119549432,0.6190395588099669,-0.6205367119549432,-0.6190395588099669,0.01542827924901354,0.01451063119724574,-136.36792804656756,-135.20571221560277,1.162215830964783,-136.5994470369734,-134.81833572913752,1.7811113078358858,1.7055766594698167
UAV_0099,telemetry_07,145,,,,,0.0,0.0,140.5912754437698,140.5912754437698,0.0,140.59127544376983,140.59127544376983,0.0,0.0
UAV_0099,telemetry_08,145,,,,,0.0,0.0,-4680.605940223165,-4680.605940223165,0.0,-4680.605940223165,-4680.605940223165,0.0,0.0
UAV_0099,telemetry_09,145,-0.0349068125716688,-0.06474964572508266,0.0349068125716688,0.06474964572508266,-0.008274400776059504,0.0009410594405326228,-140.4313408072333,-142.35459330147265,-1.9232524942393354,-151.30188778645226,-153.49939908907245,-2.1975113026201996,-0.220716577493566
UAV_0099,telemetry_10,145,-0.03590784487026495,-0.046083293969453626,0.03590784487026495,0.046083293969453626,-0.0009528055532011204,-0.0022586692723437956,-62.830322680523125,-63.744398768564,-0.914076088040872,-62.61928838295776,-62.579411784934386,0.039876598023376175,0.03577942484895531
UAV_0099,telemetry_11,145,0.7070153937958223,0.6773179603261419,-0.7070153937958223,-0.6773179603261419,0.002729447409172637,0.002920196133228418,62.50677124628465,63.05217129238697,0.5454000461023227,62.69347714203571,63.027359449295346,0.3338823072596355,2.059101424272564
UAV_0099,telemetry_12,145,-0.7139274680313481,-0.7026307540178487,0.7139274680313481,0.7026307540178487,-0.0338726651276302,-0.035957427171143766,635.4633179396976,629.6035890673631,-5.859728872334472,635.3209577554952,631.4450869339825,-3.8758708215127626,-1.9449310559037434
UAV_0099,telemetry_13,145,0.6406079186468111,0.6367973547472837,-0.6406079186468111,-0.6367973547472837,0.07342641893945179,0.07711696435844563,7133.702252058024,7152.6227834281,18.920531370075878,7137.377845120851,7145.787929255612,8.410084134760837,1.746909833062497
UAV_0099,telemetry_14,145,,,,,0.0,0.0,-648.8153498138018,-648.8153498138018,0.0,-648.8153498138018,-648.8153498138018,0.0,
UAV_0099,telemetry_15,145,-0.013085643297096371,-0.023144129728771397,0.013085643297096371,0.023144129728771397,-0.006382842660508629,0.026174858101605438,49978.00133913826,50000.45189201801,22.45055287975265,50001.38130577402,49996.98732678106,-4.393978992957273,-0.21447126279999335
UAV_0099,telemetry_16,145,-0.5621691997290716,-0.5354730998357284,0.5621691997290716,0.5354730998357284,-0.030154447037585685,-0.031248781735711304,-698.0678180856652,-701.5364328583291,-3.4686147726639547,-697.2305662439878,-700.6393773136748,-3.4088110696869762,-1.5130344074112225
UAV_0099,telemetry_17,145,,,,,0.0,0.0,40.41581228213973,40.41581228213973,0.0,40.41581228213974,40.41581228213974,0.0,0.0
UAV_0099,telemetry_18,145,0.08865419323836825,0.05134624468587624,-0.08865419323836825,-0.05134624468587624,1.083887860316545e-05,1.8480201603883103e-05,-103.3388459119854,-103.31475063733308,0.02409527465232486,-103.32796033659216,-103.32685874605953,0.0011015905326274833,0.21451878015217365
UAV_0099,telemetry_19,145,0.6984394503693098,0.6925917178397102,-0.6984394503693098,-0.6925917178397102,0.011924727456372054,0.0120922352901545,33505.440972038086,33507.5326428068,2.0916707687138114,33505.501929692364,33506.91648477226,1.4145550798930344,1.9725606110896838
UAV_0099,telemetry_20,145,,,,,0.0,0.0,-164.8973841769026,-164.8973841769026,0.0,-164.89738417690265,-164.89738417690265,0.0,0.0
UAV_0099,telemetry_21,145,0.7548335224309833,0.7422499880489521,-0.7548335224309833,-0.7422499880489521,0.013070293806156336,0.012922409415295811,34962.67511817271,34964.73527081139,2.060152638681757,34962.15754287925,34963.70519449205,1.5476516128037474,2.12798825962299
UAV_0099,telemetry_22,145,0.5534728340853853,0.5166850859599704,-0.5534728340853853,-0.5166850859599704,0.9859589291206625,0.9977776793398807,22999.333972944925,23273.06986861676,273.73589567183444,23085.64786256768,23202.037485933386,116.38962336570694,1.5555427168822729
UAV_0099,telemetry_23,145,-0.4115090446582434,-0.3958864745709336,0.4115090446582434,0.3958864745709336,-0.08529303058786235,-0.08084320402328127,-17381.345765907052,-17397.1647856755,-15.819019768448925,-17375.007701133127,-17385.085496382617,-10.07779524949001,-1.1576081184202645
UAV_0099,telemetry_24,145,0.7535095122326485,0.7472917650763659,-0.7535095122326485,-0.7472917650763659,0.08784687292929161,0.08551388861697248,-3648.35732121188,-3623.482967011165,24.87435420071506,-3641.716990152173,-3630.913545636826,10.80344451534711,2.206250760356693
UAV_0099,telemetry_25,145,-0.7676943731087291,-0.7586526327712588,0.7676943731087291,0.7586526327712588,-0.010171974294263919,-0.00941675281730286,-172.83804589032528,-174.72182439074643,-1.8837785004211582,-172.75108614864843,-173.90880319145455,-1.1577170428061265,-2.0802509261868294
UAV_0099,telemetry_26,145,0.7742546221298547,0.7796669577744375,-0.7742546221298547,-0.7796669577744375,0.15185069372936025,0.17043626813433121,-7466.512165505333,-7439.242362603843,27.26980290149004,-7464.349388033837,-7447.13625291743,17.213135116407102,2.0895713169114605
UAV_0099,telemetry_27,145,,,,,0.0,0.0,969.0302044744708,969.0302044744708,0.0,969.0302044744709,969.0302044744709,0.0,0.0
UAV_0099,telemetry_28,145,-0.7174425842201473,-0.703794678003464,0.7174425842201473,0.703794678003464,-0.7792590671263409,-0.7079402617251931,-9777.017983717087,-9858.837660006606,-81.81967628951861,-9800.757076866155,-9893.907453021318,-93.15037615516303,-2.0418324126732337
UAV_0100,telemetry_01,152,-0.01976027814912062,-0.011987506748952631,0.01976027814912062,0.011987506748952631,-0.004937234859083822,0.0027162564092040693,84.27861534886497,79.91354951424242,-4.3650658346225555,84.89193841514246,83.37154990944897,-1.5203885056934894,-0.13822511442501542
UAV_0100,telemetry_02,152,0.09968491855383262,0.08438753682023524,-0.09968491855383262,-0.08438753682023524,0.020666724126689573,0.015320033790236273,11.385613153581552,-0.6530115169100004,-12.038624670491552,10.031190981331726,11.173068500098896,1.1418775187671706,0.1251124280276236
UAV_0100,telemetry_03,152,,,,,0.0,0.0,30377.825049386127,30377.82504938608,-4.729372449219227e-11,30377.82504938609,30377.82504938609,0.0,0.0
UAV_0100,telemetry_04,152,-0.12150030236104796,-0.0708157291012533,0.12150030236104796,0.0708157291012533,-0.00018687115293293454,-8.389738338489229e-05,-125.59459547077287,-125.89519002252504,-0.30059455175216954,-125.8716146849135,-125.90142996106577,-0.029815276152277193,-0.4403490294498796
UAV_0100,telemetry_05,152,0.02802824346252112,0.029114469071002395,-0.02802824346252112,-0.029114469071002395,1.4821257846348649e-06,2.856283033894316e-07,-113.52496763854543,-113.523105065012,0.0018625735334296678,-113.52588751083347,-113.52603014208225,-0.00014263124877800237,-0.06127010388832355
UAV_0100,telemetry_06,152,0.6941138403246455,0.682703627205166,-0.6941138403246455,-0.682703627205166,0.018250175439349783,0.017361378647802038,-136.13247914977734,-134.39040779107904,1.742071358698297,-137.29364459101723,-134.98654435954802,2.3071002314692066,1.9932108236537638
UAV_0100,telemetry_07,152,,,,,0.0,0.0,140.5912754437698,140.5912754437698,0.0,140.5912754437698,140.5912754437698,0.0,0.0
UAV_0100,telemetry_08,152,,,,,0.0,0.0,-4680.605940223165,-4680.605940223165,0.0,-4680.605940223166,-4680.605940223166,0.0,
UAV_0100,telemetry_09,152,-0.09952252625877259,-0.08691967550352311,0.09952252625877259,0.08691967550352311,-0.022572182963833384,-0.0020079055809251577,-154.14791097039154,-138.1837949161819,15.964116054209626,-150.68696828648203,-155.82176004410763,-5.134791757625607,-0.5142730648830429
UAV_0100,telemetry_10,152,0.02801918207865031,0.016928765232129796,-0.02801918207865031,-0.016928765232129796,0.0017822675192310608,-0.0014876113318159838,-45.95722884005855,-61.36986231322387,-15.412633473165322,-62.54331695887974,-62.58702259253359,-0.043705633653850384,-0.015607850473896486
UAV_0100,telemetry_11,152,0.007173052260204923,0.6252272447828465,-0.007173052260204923,-0.6252272447828465,0.00010483877812838806,0.0022061903923864764,66.2917777105572,63.058581479020894,-3.2331962315363043,62.92207579100715,62.982176189948895,0.06010039894174213,0.0934076643497415
UAV_0100,telemetry_12,152,-0.7205034313429369,-0.7141050684956534,0.7205034313429369,0.7141050684956534,-0.03530198402779429,-0.034763080922908085,638.126831063486,632.1339265349623,-5.992904528523695,636.2795558324715,632.0179348344102,-4.261620998061289,-1.9757631295224007
UAV_0100,telemetry_13,152,0.5453213656102662,0.5352244069464662,-0.5453213656102662,-0.5352244069464662,0.05792711078203121,0.04538097333485986,7133.115417638658,7147.234098821457,14.118681182799264,7136.792195069029,7144.414060783242,7.621865714213527,1.6298778296443615
UAV_0100,telemetry_14,152,,,,,0.0,0.0,-648.8153498138018,-648.8153498138018,0.0,-648.8153498138018,-648.8153498138018,0.0,
UAV_0100,telemetry_15,152,0.6370158736611655,0.6372228321109716,-0.6370158736611655,-0.6372228321109716,0.3942722227665324,0.3639300113049014,49965.974257238384,49992.18712804579,26.212870807408763,49946.456362542325,49993.94592711932,47.48956457699387,1.7429116569644365
UAV_0100,telemetry_16,152,-0.6791838867247396,-0.6738922840870117,0.6791838867247396,0.6738922840870117,-0.033979358113212385,-0.03503651285519146,-696.3335106993333,-701.5364328583291,-5.202922158995875,-696.0537837015378,-700.1937432689109,-4.1399595673731255,-1.8797124445398385
UAV_0100,telemetry_17,152,,,,,0.0,0.0,40.41581228213982,40.41581228213973,-8.526512829121202e-14,40.41581228213974,40.41581228213974,0.0,0.0
UAV_0100,telemetry_18,152,0.011800912924552646,0.023698221010258407,-0.011800912924552646,-0.023698221010258407,1.6099690367973284e-06,2.7296649626875165e-05,-103.33386119787968,-103.32601861552725,0.007842582352438399,-103.32801242712078,-103.32698059467258,0.001031832448205705,0.17180285510829463
UAV_0100,telemetry_19,152,0.6878591957714696,0.6555163717630655,-0.6878591957714696,-0.6555163717630655,0.010796660738606622,0.010736412726866866,33505.8823219349,33507.1848729074,1.3025509724975564,33505.537730374315,33506.939588545334,1.40185817101883,2.0287908792237546
UAV_0100,telemetry_20,152,,,,,0.0,0.0,-164.8973841769026,-164.8973841769026,0.0,-164.89738417690268,-164.89738417690268,0.0,
UAV_0100,telemetry_21,152,0.7353079657484507,0.7209878404895375,-0.7353079657484507,-0.7209878404895375,0.0119847358740725,0.011319519992796883,34961.64504185337,34964.29380953168,2.6487676783071947,34962.1339720879,34963.686206910126,1.5522348222293658,2.163322858278479
UAV_0100,telemetry_22,152,0.6055482417042435,0.5876315522115221,-0.6055482417042435,-0.5876315522115221,1.0839393685377832,0.9951291566579059,23049.88551940481,23201.394477094385,151.50895768957707,23059.11985879253,23188.71547064753,129.59561185500206,1.6445881908241946
UAV_0100,telemetry_23,152,-0.6916530783535679,-0.6818834191048325,0.6916530783535679,0.6818834191048325,-0.18925259417841575,-0.20494875702119764,-17359.674180648137,-17391.049480044247,-31.375299396109767,-17357.119306103777,-17380.058184401274,-22.938878297496558,-1.9043280471406867
UAV_0100,telemetry_24,152,0.050099061581376274,0.6915506530252392,-0.050099061581376274,-0.6915506530252392,0.058472678662206325,0.07903008349551446,-3378.0432935078743,-3625.033964199695,-246.99067069182092,-3644.6447658580187,-3631.2417656836255,13.403000174393128,0.26085654534899055
UAV_0100,telemetry_25,152,-0.8111833076428183,-0.8194048473041093,0.8111833076428183,0.8194048473041093,-0.012297396009188121,-0.011921169500026814,-172.07845778531674,-174.32683857614197,-2.248380790825223,-172.36073052627475,-173.93087264785368,-1.5701421215789253,-2.352707433129364
UAV_0100,telemetry_26,152,0.7906337196336108,0.783379926756817,-0.7906337196336108,-0.783379926756817,0.1469486425970344,0.15823739277213766,-7467.803893011194,-7438.668261490127,29.135631521066898,-7467.387206718982,-7449.418767829222,17.968438889760364,2.1960550083105366
UAV_0100,telemetry_27,152,,,,,0.0,0.0,969.0302044744708,969.0302044744708,0.0,969.0302044744709,969.0302044744709,0.0,0.0
UAV_0100,telemetry_28,152,-0.7625454680517201,-0.7617773494898132,0.7625454680517201,0.7617773494898132,-0.8683452083863344,-0.8699294134485114,-9756.40393366976,-9982.26925671838,-225.86532304861976,-9784.700296202269,-9893.4980354338,-108.79773923153152,-2.170282741492901
