split,category,uav_id,flight_cycle,telemetry_01,telemetry_02,telemetry_03,telemetry_04,telemetry_05,telemetry_06,telemetry_07,telemetry_08,telemetry_09,telemetry_10,telemetry_11,telemetry_12,telemetry_13,telemetry_14,telemetry_15,telemetry_16,telemetry_17,telemetry_18,telemetry_19,telemetry_20,telemetry_21,telemetry_22,telemetry_23,telemetry_24,telemetry_25,telemetry_26,telemetry_27,telemetry_28
train,short,UAV_0079,1,-0.026092062249505558,-0.6534820915522467,0.0,0.314762354422471,-0.731764411935639,-0.07837899017370761,0.0,0.0,0.5106988633336278,-0.5612741336920036,0.20234722784293946,0.5901794145420027,0.185823491544347,0.0,0.2517104423753853,0.6744907594765952,0.0,-0.640241005653457,-0.6885236414704888,0.0,-0.3854232911322054,0.3060464679563667,-0.26572181381019017,0.0345552512086833,0.6744907594765952,-0.1414254818257227,0.0,0.8874408558883149
train,short,UAV_0079,2,-0.11625215316247081,-0.14016790628771786,0.0,0.1348981518954089,-0.5127434499540496,0.03739181182599868,0.0,0.0,-0.09970352825074391,-0.2421275789461452,0.11587405355106857,0.23185619857005707,-0.09906573162579195,0.0,0.25077818147773495,0.6744907594765952,0.0,-0.6563791939823944,-0.6833607356087005,0.0,-0.2890674683491541,0.07725444822199655,-0.5233361871156668,0.10737928164887814,0.3372453797382976,-0.11150855297797035,0.0,0.8294701962723584
train,short,UAV_0079,3,-0.20641224407543607,-0.053900657672359686,0.0,-0.04496605063165321,-0.731764411935639,0.021572199130392017,0.0,0.0,0.5106988633336278,-0.5612741336920036,0.029400879259197685,0.2529340348037052,-0.2324297323039953,0.0,0.2517104423753853,0.6744907594765952,0.0,-0.6606072690735114,-0.6781978297469121,0.0,-0.1927116455661027,-0.1515375715123736,-0.26572181381019017,0.0345552512086833,0.26979630379062547,-0.081591624130218,0.0,0.7714995366564019
train,short,UAV_0079,4,-0.20641224407543607,-0.6534820915522467,0.0,-0.04496605063165321,-0.731764411935639,0.021572199130392017,0.0,0.0,0.5865875565908086,-0.5612741336920036,0.029400879259197685,0.2529340348037052,-0.3839549547959309,0.0,0.2787460084083455,0.6744907594765952,0.0,-0.640241005653457,-0.6781978297469121,0.0,-0.3854232911322054,-0.6328922104339588,-0.26572181381019017,-0.05623695668149621,0.0,0.010878883217339421,0.0,0.4125504392149535
train,short,UAV_0079,5,-0.026092062249505558,-0.14807598259698013,0.0,-0.35972840505502274,-0.9956137375516858,0.09347952956498856,0.0,0.0,0.5865875565908086,0.07701897579971324,-0.19369991041383405,0.4637123971401142,-0.2324297323039953,0.0,0.2787460084083455,1.3489815189531904,0.0,-0.640241005653457,-0.6342608557089564,0.0,-0.3854232911322054,-0.6328922104339588,-0.36230567723934537,-0.05623695668149621,0.26979630379062547,0.05439441608683498,0.0,0.17820098814329766
train,short,UAV_0079,6,-0.20641224407543607,-0.14807598259698013,0.0,-0.8543549620045559,-0.9956137375516858,0.12727597486926068,0.0,0.0,-0.10767047741407713,-0.31890162539230066,0.029400879259197685,0.2529340348037052,-0.2324297323039953,0.0,0.6572439328693488,1.3489815189531904,0.0,-0.6606072690735114,-0.5661672001438564,0.0,-0.3854232911322054,-0.8096860438650985,-0.6646320912592709,-0.0016557161000644621,0.0,0.05439441608683498,0.0,0.17820098814329766
train,short,UAV_0079,7,0.289060040763177,-0.14807598259698013,0.0,-0.35972840505502274,-0.9956137375516858,0.09347952956498856,0.0,0.0,0.8437160374602252,-0.31890162539230066,-0.0294008792592667,0.2529340348037052,-0.09135129277695374,0.0,0.6572439328693488,0.6744907594765952,0.0,-0.6340745150889816,-0.1974217152687815,0.0,-0.3854232911322054,-0.6328922104339588,-0.36230567723934537,-0.1773454680327121,0.26979630379062547,0.1958198979125577,0.0,0.17820098814329766
train,short,UAV_0079,8,0.289060040763177,-0.14807598259698013,0.0,-0.35972840505502274,-0.5371725210108723,0.09347952956498856,0.0,0.0,-0.10767047741407713,-0.31890162539230066,0.21445347224381128,0.1264670174018886,-0.09135129277695374,0.0,0.8511541995882121,0.0,0.0,-0.6340745150889816,-0.1974217152687815,0.0,-0.3854232911322054,-0.26444791891369324,-0.6646320912592709,-0.0016557161000644621,0.20234722784298487,0.05439441608683498,0.0,0.17820098814329766
train,short,UAV_0079,9,-0.723306077029103,-0.01986567779985822,0.0,-0.35972840505502274,-0.48107849080905224,-0.28978654165144496,0.0,0.0,-0.10767047741407713,0.31103609169162977,0.09166156474935945,0.1264670174018886,-0.028286845532339042,0.0,0.8511541995882121,0.0,0.0,-0.6534590233489475,-0.1974217152687815,0.0,-0.3854232911322054,-0.26444791891369324,-0.7842393971947226,-0.0016557161000644621,0.20234722784298487,0.04895497447816527,0.0,0.17820098814329766
train,short,UAV_0079,10,-0.723306077029103,0.6085627477000066,0.0,-0.08993210126375568,-0.48107849080905224,-0.33940259965134006,0.0,0.0,0.4112274825355832,0.31103609169162977,0.2403954245313806,0.04215567246729619,-0.028286845532339042,0.0,0.8968349835748395,-0.6744907594765952,0.0,-0.681484627660035,-0.19067976849026255,0.0,-0.3854232911322054,-0.6908330466005027,-0.7842393971947226,-0.0838103389728437,0.10117361392147665,-0.03263664965212167,0.0,0.35636956871806624
train,short,UAV_0079,11,0.6767203307802115,0.7279926597992462,0.0,0.0,-0.48107849080905224,-0.33940259965134006,0.0,0.0,1.4148726247788055,0.31103609169162977,0.09166156474935945,0.04215567246729619,0.015346343934693658,0.0,0.43816262191282584,0.0,0.0,-0.6534590233489475,-0.1974217152687815,0.0,-0.3854232911322054,-0.6908330466005027,-0.2069259997221135,-0.1309783231768082,0.20234722784298487,-0.03263664965212167,0.0,0.35636956871806624
train,short,UAV_0079,12,0.6767203307802115,0.6085627477000066,0.0,0.0,-0.5371725210108723,-0.33940259965134006,0.0,0.0,0.4112274825355832,0.8342810222209645,0.09166156474935945,0.04215567246729619,-0.028286845532339042,0.0,0.6991956732651546,-0.6744907594765952,0.0,-0.6679946197333686,-0.2392309335283308,0.0,-0.4817791139152568,-0.6908330466005027,-0.5985584035860052,-0.0838103389728437,0.20234722784298487,-0.13054659860838327,0.0,0.35636956871806624
train,short,UAV_0079,13,0.6767203307802115,0.6085627477000066,0.0,0.0,-0.48107849080905224,-0.33940259965134006,0.0,0.0,0.8678349794410891,0.8342810222209645,0.09166156474935945,-0.08431134493459239,0.015346343934693658,0.0,0.41299157767527633,-0.6744907594765952,0.0,-0.6617871953887339,-0.2392309335283308,0.0,-0.4817791139152568,-0.6908330466005027,-0.5985584035860052,-0.1309783231768082,0.30352084176446154,-0.03263664965212167,0.0,0.35636956871806624
train,short,UAV_0079,14,0.6767203307802115,-0.46700948498807576,0.0,0.044966050632102475,-0.022311142857831697,0.22794623747770237,0.0,0.0,1.2545486391892304,0.8142152614417071,0.20234722784293946,-0.08431134493459239,0.10774904361714359,0.0,0.5183370591139462,-0.6744907594765952,0.0,-0.6617871953887339,-0.2392309335283308,0.0,-0.6744907594813595,-0.48284030138746925,-0.3943480073362506,-0.1344167251535414,0.30352084176446154,-0.03263664965212167,0.0,0.19317815303806174
train,short,UAV_0079,15,0.45101960368834754,-0.528104704866415,0.0,0.35972840505502274,-0.022311142857831697,0.24592307008638414,0.0,0.0,0.8678349794410891,0.8142152614417071,0.20234722784293946,0.29508970727100137,0.2036233514629393,0.0,0.41299157767527633,0.0,0.0,-0.6336821948009089,-0.39164326938194194,0.0,-0.6744907594813595,-0.48284030138746925,-0.5985584035860052,-0.14215115928270727,0.30352084176446154,-0.03807609126079138,0.0,0.19317815303806174
train,short,UAV_0079,16,-0.030422234745811474,-0.528104704866415,0.0,0.35972840505502274,-0.23820741195523543,0.23297975060812934,0.0,0.0,-0.642369606976341,0.8142152614417071,0.20234722784293946,0.29508970727100137,0.10774904361714359,0.0,0.41299157767527633,-0.6744907594765952,0.0,-0.6336821948009089,-0.39164326938194194,0.0,-0.4817791139152568,-0.0980537227432962,-0.727792163380404,-0.3489337133012106,0.5058680696074463,-0.10334939056500025,0.0,0.08641097008470883
train,short,UAV_0079,17,-0.030422234745811474,-0.528104704866415,0.0,0.35972840505502274,-0.0348023838006248,0.23297975060812934,0.0,0.0,0.7944913415439173,0.8142152614417071,0.2507722054464037,-0.1686226898691128,0.10774904361714359,0.0,0.41299157767527633,-0.6744907594765952,0.0,-0.6336821948009089,-0.24431306199521066,0.0,-0.1927116455661027,-0.48284030138746925,-0.727792163380404,-0.3489337133012106,0.5058680696074463,-0.10334939056500025,0.0,0.08641097008470883
train,short,UAV_0079,18,-0.030422234745811474,0.20694935729931863,0.0,0.44966050631877846,-0.23820741195523543,0.23297975060812934,0.0,0.0,-0.642369606976341,0.8859835969018619,0.2576900593897525,0.04215567246729619,-0.11264981716218904,0.0,0.42138192575456945,0.0,0.0,-0.6336821948009089,-0.24431306199521066,0.0,-0.1927116455661027,-0.48284030138746925,-0.7318969854382874,-0.14215115928270727,0.4384189936598058,-0.16862268986917464,0.0,0.19317815303806174
train,short,UAV_0079,19,-0.1855762702225761,0.20694935729931863,0.0,0.44966050631877846,-0.23820741195523543,0.23297975060812934,0.0,0.0,-0.8099662022162522,1.734447277377709,0.2576900593897525,-0.3794010522055938,-0.11264981716218904,0.0,0.35985270650722617,-0.6744907594765952,0.0,-0.6395111067332462,-0.39164326938194194,0.0,-0.1927116455661027,-0.7354029205747215,-0.7318969854382874,-0.09993061999566125,0.47214353163361034,-0.16862268986917464,0.0,0.6478777183110722
train,short,UAV_0079,20,1.6727599518764942,0.8305560647497517,0.0,0.44966050631877846,-0.23820741195523543,0.030920152086903928,0.0,0.0,-0.9175908913823112,1.734447277377709,-0.019024098344266577,-0.3794010522055938,-0.11264981716218904,0.0,0.35985270650722617,-0.6744907594765952,0.0,-0.6395111067332462,-0.5803971846192778,0.0,-0.2890674683491541,-0.508096563306161,-0.7318969854382874,0.0026464556422946582,0.5058680696074463,-0.16862268986917464,0.0,0.7942625879995466
train,short,UAV_0079,21,1.6875670470366952,0.8305560647497517,0.0,0.5845586582137381,-0.21523326084882494,0.030920152086903928,0.0,0.0,-1.1980283740757762,1.734447277377709,0.6623845150757465,0.04215567246729619,-0.11264981716218904,0.0,0.2507781814778449,-0.6744907594765952,0.0,-0.6918166823123479,-0.6450113720880407,0.0,-0.6744907594813595,-0.508096563306161,-0.706367997888557,0.05050506806184521,0.47214353163361034,-0.07615218252154829,0.0,0.7942625879995466
train,short,UAV_0079,22,1.6727599518764942,0.058621096530952814,0.0,0.5845586582137381,-0.714246305799855,-0.10929914226061155,0.0,0.0,-1.1980283740757762,0.37702936645208374,0.07782585686266194,0.04215567246729619,-0.30751124350068354,0.0,0.2507781814778449,-0.6744907594765952,0.0,-0.6945551134631972,-0.6450113720880407,0.0,-0.6744907594813595,-0.2139353950762725,-0.8270110549871803,0.0026464556422946582,0.4384189936598058,0.01631832482607807,0.0,0.7942625879995466
train,short,UAV_0079,23,-0.02792598344589274,0.058621096530952814,0.0,0.22483025315961386,-0.714246305799855,-0.16682500660826918,0.0,0.0,-1.1980283740757762,0.05908039767432311,0.07782585686266194,0.2529340348037052,-0.10703665395487409,0.0,0.2507781814778449,-0.6744907594765952,0.0,-0.6974615454935177,-0.7088258527671021,0.0,-0.6744907594813595,-0.2139353950762725,-0.564755709529323,0.0026464556422946582,0.4046944556859382,0.07615218252154829,0.0,0.6584561407094965
train,short,UAV_0079,24,-0.02792598344589274,0.058621096530952814,0.0,0.7644228607403509,-0.714246305799855,-0.16682500660826918,0.0,0.0,-0.3147347109424757,0.03376684034642801,0.43236587145936595,0.2529340348037052,-0.10703665395487409,0.0,0.5714759302821063,-0.6744907594765952,0.0,-0.6918166823123479,-0.6450113720880407,0.0,-0.6744907594813595,-0.2139353950762725,-0.564755709529323,-0.004386226036601104,0.4046944556859382,0.07615218252154829,0.0,0.14904241543475122
train,short,UAV_0079,25,-0.02792598344589274,-0.07939488861217642,0.0,0.719456810109147,-0.714246305799855,-0.3552222123469304,0.0,0.0,-0.3147347109424757,0.03376684034642801,0.43236587145936595,0.210778362336409,-0.30751124350068354,0.0,0.6796181944137273,-0.6744907594765952,0.0,-0.6918166823123479,-0.4711639064584623,0.0,-0.6744907594813595,-0.2139353950762725,-0.2855022111032852,-0.004386226036601104,0.37096991771213367,0.07615218252154829,0.0,0.14904241543475122
train,short,UAV_0079,26,-0.8605364730411302,-0.07939488861217642,0.0,0.719456810109147,-0.714246305799855,-0.3552222123469304,0.0,0.0,0.057966433741521765,0.03376684034642801,0.4271774810018199,-0.1686226898691128,0.14417852436680476,0.0,0.6796181944137273,0.0,0.0,-0.6608106590825863,-0.4508790509910833,0.0,-0.6744907594813595,-0.2139353950762725,-0.32476119069629805,-0.06383505356011938,0.37096991771213367,0.027197208043383023,0.0,0.14904241543475122
train,short,UAV_0079,27,-0.2259847489430919,0.0025645580089202124,0.0,0.719456810109147,-0.483556883963718,-0.3552222123469304,0.0,0.0,0.4486138908892598,0.03376684034642801,0.4271774810018199,-0.1686226898691128,0.3246020427491961,0.0,0.6796181944137273,0.0,0.0,-0.6453964678930715,-0.4711639064584623,0.0,-0.6744907594813595,-0.2139353950762725,-0.32476119069629805,-0.0548540386677887,0.3372453797382976,-0.19581989791252322,0.0,-0.15898941467857491
train,short,UAV_0079,28,-0.2259847489430919,0.0025645580089202124,0.0,0.719456810109147,-0.483556883963718,-0.137343001130082,0.0,0.0,0.7766416117434637,0.3648200692830712,0.382211430370053,-0.1686226898691128,0.14417852436680476,0.0,0.6348696713248603,0.0,0.0,-0.6453964678930715,-0.4711639064584623,0.0,-0.6744907594813595,-0.2139353950762725,-0.32476119069629805,-0.0548540386677887,0.26979630379062547,-0.19581989791252322,0.0,0.14904241543475122
train,short,UAV_0079,29,-0.018936999904790877,0.2545013493195765,0.0,0.08993210126375568,0.024153817962356758,0.14165744095616692,0.0,0.0,0.7766416117434637,0.4568327731673161,0.20234722784293946,-0.3372453797382976,-0.2853784603742327,0.0,0.46706270974108677,0.0,0.0,-0.6453964678930715,-0.42531334875988197,0.0,-0.3854232911322054,-0.07428312329037703,-0.43010442218451467,-0.0548540386677887,0.06744907594764059,-0.20125933952126185,0.0,0.15579631171587222
train,short,UAV_0079,30,-0.2259847489430919,0.2545013493195765,0.0,0.08993210126375568,0.2365964806293831,0.22938438408638645,0.0,0.0,0.7766416117434637,0.4568327731673161,0.20234722784293946,-0.1686226898691128,0.13029429487047095,0.0,0.46706270974108677,-0.6744907594765952,0.0,-0.6453964678930715,-0.5330675673594968,0.0,-0.3854232911322054,0.19016479562331623,-0.5575839064622328,-0.0548540386677887,0.06744907594764059,-0.19581989791252322,0.0,0.15579631171587222
train,short,UAV_0079,31,-0.2259847489430919,0.2545013493195765,0.0,-0.08993210126375568,0.2365964806293831,0.22938438408638645,0.0,0.0,0.6591214292392548,0.4568327731673161,0.20234722784293946,-0.29508970727100137,-0.06822828901695406,0.0,0.47918210141109135,-0.6744907594765952,0.0,-0.6319643163510402,-0.5330675673594968,0.0,-0.3854232911322054,0.19016479562331623,-0.5575839064622328,-0.0387250914275815,0.26979630379062547,-0.08703106573888772,0.0,0.28908858430245105
train,short,UAV_0079,32,-0.5787837999211992,0.2591210820010561,0.0,-0.08993210126375568,0.7431410145067537,0.22938438408638645,0.0,0.0,-0.08198211790829953,0.3964169694500361,0.07955532034848763,0.0,-0.06822828901695406,0.0,0.47918210141109135,-0.6744907594765952,0.0,-0.6434558266259783,-0.5330675673594968,0.0,-0.09635582278305135,0.19016479562331623,-0.5700025820089661,0.016812720548996216,-0.13489815189534426,-0.03263664965212167,0.0,0.28908858430245105
train,short,UAV_0079,33,-0.6778045456431705,-0.009886746299955585,0.0,-0.08993210126375568,0.7431410145067537,0.23657511712987223,0.0,0.0,-0.08198211790829953,0.4568327731673161,0.07955532034848763,-0.29508970727100137,-0.06822828901695406,0.0,0.4987595802624088,-0.6744907594765952,0.0,-0.6307176095365653,-0.5330675673594968,0.0,-0.09635582278305135,-0.5482094498829877,-0.5700025820089661,0.016812720548996216,-0.13489815189534426,-0.03263664965212167,0.0,0.4478361553331505
train,short,UAV_0079,34,-0.6778045456431705,-0.009886746299955585,0.0,-0.22483025315916458,0.21048413439743346,0.22938438408638645,0.0,0.0,0.6591214292392548,0.9775066573470756,0.3839408938559017,0.0,-0.06822828901695406,0.0,0.4987595802624088,-0.6744907594765952,0.0,-0.6307176095365653,-0.5330675673594968,0.0,-0.09635582278305135,-0.5482094498829877,-0.5700025820089661,0.07058081337098307,0.13489815189531273,-0.0163183248260436,0.0,0.4478361553331505
train,short,UAV_0079,35,-0.5787837999211992,0.24674318592600575,0.0,-0.314762354422471,0.21048413439743346,0.23657511712987223,0.0,0.0,0.6591214292392548,0.9775066573470756,0.2559605959039038,-0.29508970727100137,-0.2744219562356667,0.0,0.48291114500180277,-0.6744907594765952,0.0,-0.6434558266259783,-0.635438680476806,0.0,-0.4817791139152568,-0.5482094498829877,-0.4829804600586289,0.07058081337098307,0.37096991771213367,-0.0163183248260436,0.0,0.07662697287253159
train,short,UAV_0079,36,-0.3342622408220666,0.24674318592600575,0.0,-0.314762354422471,0.22226293248312012,0.23657511712987223,0.0,0.0,-0.7845176893620387,0.605190508381318,0.3839408938559017,-0.04215567246729619,-0.2744219562356667,0.0,0.4987595802624088,0.6744907594765952,0.0,-0.6434558266259783,-0.7620107354015346,0.0,-0.09635582278305135,-0.19759310795236507,-0.4947242555109928,0.016812720548996216,0.13489815189531273,-0.04351553286949556,0.0,-0.07457111245912747
train,short,UAV_0079,37,-0.22996442263152217,-0.15829246694684565,0.0,-0.314762354422471,0.22226293248312012,0.09563674947804734,0.0,0.0,0.6965170050840392,0.9775066573470756,0.3839408938559017,-0.4637123971401862,-0.2744219562356667,0.0,0.4987595802624088,0.6744907594765952,0.0,-0.6178736615859942,-0.8045834828218363,0.0,-0.4817791139152568,-0.19759310795236507,-0.4947242555109928,-0.0635635599544585,0.13489815189531273,-0.05983385769550469,0.0,-0.07457111245912747
train,short,UAV_0079,38,-0.22996442263152217,0.13911025600838858,0.0,-0.314762354422471,0.4360726448132457,0.005752586434769029,0.0,0.0,-0.2320523209791721,0.605190508381318,0.31995074487991426,-0.4637123971401862,-0.025847861370528857,0.0,0.6684310636417029,-0.6744907594765952,0.0,-0.6753691249894715,-0.8045834828218363,0.0,-0.4817791139152568,0.3015894805589374,-0.4829804600586289,-0.0635635599544585,0.13489815189531273,-0.04351553286949556,0.0,-0.16613164985269324
train,short,UAV_0079,39,-0.3342622408220666,0.13911025600838858,0.0,-0.9442870632678623,0.4360726448132457,0.06255937747811727,0.0,0.0,-0.2320523209791721,-0.1575488275530292,0.2559605959039038,-0.5480237420747066,0.05663276224746477,0.0,0.6684310636417029,-0.6744907594765952,0.0,-0.5971143037489307,-0.8045834828218363,0.0,-0.4817791139152568,0.1559945589098029,-0.4947242555109928,-0.12041695201857144,0.30352084176446154,-0.1414254818257227,0.0,-0.07457111245912747
train,short,UAV_0079,40,-0.3342622408220666,-0.15829246694684565,0.0,-0.314762354422471,0.22226293248312012,-0.09635582278238938,0.0,0.0,0.20044673651559933,-1.3055986231380017,0.31995074487991426,-0.5901794145420027,0.14696508577040746,0.0,0.6684310636417029,0.6744907594765952,0.0,-0.5971143037489307,-0.5622680452285688,0.0,-0.3854232911322054,-0.19759310795236507,-0.4947242555109928,-0.12041695201857144,0.30352084176446154,-0.1414254818257227,0.0,-0.07085052594833197
train,short,UAV_0079,41,-0.22996442263152217,0.13911025600838858,0.0,0.6295247088453912,0.4360726448132457,0.06255937747811727,0.0,0.0,0.20044673651559933,-0.1575488275530292,0.31995074487991426,-0.5901794145420027,0.05663276224746477,0.0,0.6507181065855763,0.6744907594765952,0.0,-0.5971143037489307,-0.32742832623727525,0.0,-0.4817791139152568,-0.27484755617436163,-0.36286986467575816,-0.07309185276150848,0.30352084176446154,-0.11422827378233967,0.0,-0.05459678840466502
train,short,UAV_0079,42,-0.3948250576052573,0.13911025600838858,0.0,0.8993210126362091,0.4360726448132457,-0.09635582278238938,0.0,0.0,-0.14320682173171786,-0.3700686191635547,0.3649167955117271,-0.5901794145420027,0.14696508577040746,0.0,0.6283438450409778,0.6744907594765952,0.0,-0.6046048406776099,-0.17939125870559738,0.0,-0.4817791139152568,-0.27484755617436163,-0.36286986467575816,-0.07799321643161268,0.30352084176446154,-0.11422827378233967,0.0,-0.05459678840466502
train,short,UAV_0079,43,-0.6975849841940164,0.31731786709525495,0.0,0.6295247088453912,-0.5149328385645298,-0.25886638956457364,0.0,0.0,-0.14320682173171786,-0.1575488275530292,0.3649167955117271,-0.4637123971401862,0.05663276224746477,0.0,0.6283438450409778,0.6744907594765952,0.0,-0.600061737821422,-0.17939125870559738,0.0,-0.3854232911322054,-0.3342740548066781,-0.36286986467575816,-0.07799321643161268,0.26979630379062547,-0.11422827378233967,0.0,0.057829346416017405
train,short,UAV_0079,44,0.04257085695986252,-0.05331993044583802,0.0,0.6295247088453912,-0.5149328385645298,-0.25886638956457364,0.0,0.0,-0.27347054821656575,-0.3700686191635547,0.4565783602610636,-0.4637123971401862,-0.12795390095004197,0.0,0.6283438450409778,0.0,0.0,-0.6046048406776099,-0.17939125870559738,0.0,-0.4817791139152568,-0.3342740548066781,-0.36286986467575816,-0.07799321643161268,0.033724537973836066,-0.09790994895633054,0.0,0.057829346416017405
train,short,UAV_0079,45,0.47175170543591344,0.23371516919300211,0.0,0.044966050632102475,0.19969950816894502,0.0021572199130261466,0.0,0.0,-0.27347054821656575,0.6691969441591641,0.4704140681477841,-0.4637123971401862,-0.34686726699343384,0.0,0.6283438450409778,0.0,0.0,-0.600061737821422,-0.17939125870559738,0.0,-0.4817791139152568,-0.3342740548066781,-0.5052034347767939,-0.07799321643161268,-0.10117361392150821,-0.081591624130218,0.0,0.057829346416017405
train,short,UAV_0079,46,0.026828491066590358,0.23371516919300211,0.0,-0.8093889113720042,-0.2630759008051435,-0.049616057999862476,0.0,0.0,-0.31818950015788705,0.6691969441591641,0.5932059756422359,-0.2529340348037052,-0.34686726699343384,0.0,0.8119992418852473,0.0,0.0,-0.6046048406776099,-0.17939125870559738,0.0,-0.4817791139152568,-0.2986181556273179,-0.5052034347767939,-0.12444151280551971,-0.10117361392150821,-0.081591624130218,0.0,-0.020257469730182165
train,short,UAV_0079,47,0.11083547692233364,0.948660746905076,0.0,-0.8093889113720042,-0.7252439643804294,-0.049616057999862476,0.0,0.0,-0.31818950015788705,0.6691969441591641,0.5932059756422359,-0.2529340348037052,-0.5995289912955065,0.0,0.8119992418852473,0.0,0.0,-0.678246325623667,-0.12715939704260368,0.0,-0.3854232911322054,-0.2986181556273179,-0.5885117165151953,-0.20985553564763554,-0.1686226898691488,-0.081591624130218,0.0,-0.3798666299809695
train,short,UAV_0079,48,0.11083547692233364,0.2653275744991544,0.0,-0.8093889113720042,-0.7261964750454464,-0.03163922539121334,0.0,0.0,-0.38942047085596904,-0.5033279356808095,0.5932059756422359,0.1264670174018886,-0.34686726699343384,0.0,0.478249840513441,0.6744907594765952,0.0,-0.678246325623667,-0.12715939704260368,0.0,-0.4817791139152568,-0.2986181556273179,-0.5885117165151953,-0.20985553564763554,-0.1686226898691488,-0.081591624130218,0.0,-0.428078215231555
train,short,UAV_0079,49,0.11083547692233364,0.948660746905076,0.0,-0.8093889113720042,-0.7261964750454464,-0.03163922539121334,0.0,0.0,-0.38942047085596904,0.8463797455368347,0.5015444108928535,0.1264670174018886,-0.32093291361656084,0.0,0.478249840513441,0.6744907594765952,0.0,-0.647876834532851,-0.287532130827919,0.0,-0.3854232911322054,-0.2986181556273179,-0.5885117165151953,0.024147744218636365,-0.10117361392150821,-0.11422827378233967,0.0,-0.3798666299809695
train,short,UAV_0079,50,0.026828491066590358,1.0591166333690023,0.0,-0.22483025315916458,-0.7261964750454464,-0.03163922539121334,0.0,0.0,-0.553390878982576,0.30001636763867723,0.5015444108928535,0.29508970727100137,0.06198367207964631,0.0,0.8119992418852473,0.6744907594765952,0.0,-0.647876834532851,-0.38240855679383534,0.0,-0.3854232911322054,-0.5511807748146073,-0.5885117165151953,-0.08652076281847232,0.06744907594764059,-0.11422827378233967,0.0,-0.020257469730182165
train,short,UAV_0079,51,-0.13257353603162736,1.1655682490151624,0.0,-0.17986420252751137,-0.7261964750454464,-0.03163922539121334,0.0,0.0,-0.553390878982576,0.30001636763867723,0.5015444108928535,0.1686226898691128,0.06198367207964631,0.0,0.6320728886316892,0.6744907594765952,0.0,-0.6302010075815716,-0.3960122804803176,0.0,-0.3854232911322054,-0.5511807748146073,-0.680853952030352,0.024147744218636365,0.2360717658167894,-0.11422827378233967,0.0,0.06378486918865396
train,short,UAV_0079,52,-0.2427646177318329,1.1655682490151624,0.0,-0.17986420252751137,-0.7509702609398599,-0.023729419043418163,0.0,0.0,0.43562019690221376,0.30001636763867723,0.5015444108928535,0.1264670174018886,0.18187623351050058,0.0,0.6320728886316892,0.0,0.0,-0.6302010075815716,-0.3960122804803176,0.0,-0.2890674683491541,-0.4293564526183177,-0.680853952030352,0.024147744218636365,0.2360717658167894,-0.021757766434713312,0.0,0.15557967256531305
train,short,UAV_0079,53,-0.2427646177318329,1.1655682490151624,0.0,-0.22483025315916458,-0.7789394772436745,-0.023729419043418163,0.0,0.0,0.43562019690221376,0.30001636763867723,0.5015444108928535,-0.1686226898691128,0.2680154705752431,0.0,0.7225021957074035,-0.6744907594765952,0.0,-0.6270013011754954,-0.3960122804803176,0.0,-0.2890674683491541,-0.0445698739742188,-0.680853952030352,0.024147744218636365,0.16862268986911724,-0.11422827378233967,0.0,0.15557967256531305
train,short,UAV_0079,54,-0.2427646177318329,1.1791706732668177,0.0,-0.26979630379126707,-0.9192102746117622,0.31351596069489573,0.0,0.0,0.43562019690221376,0.30001636763867723,0.41680070008679676,0.1686226898691128,0.2680154705752431,0.0,0.6320728886316892,-0.6744907594765952,0.0,-0.6302010075815716,-0.28374659215700415,0.0,-0.3854232911322054,-0.0445698739742188,-0.43475447555838903,-0.08652076281847232,0.16862268986911724,-0.021757766434713312,0.0,0.3062073507297883
train,short,UAV_0079,55,-0.2427646177318329,1.1655682490151624,0.0,-0.26979630379126707,-0.9192102746117622,0.31351596069489573,0.0,0.0,0.43562019690221376,-0.1307680141143519,0.41680070008679676,0.04215567246729619,0.18187623351050058,0.0,0.4390948828105862,-0.6744907594765952,0.0,-0.6404060212934997,-0.2186750983368552,0.0,-0.3854232911322054,0.09211107288009424,-0.43475447555838903,-0.20315767738562918,0.033724537973836066,-0.021757766434713312,0.0,0.3062073507297883
train,short,UAV_0079,56,-0.031453583524153554,0.9421810998526071,0.0,-0.26979630379126707,-0.9192102746117622,0.31351596069489573,0.0,0.0,0.29449600544534293,-0.6026443788335919,0.33551591625243743,-0.1686226898691128,-0.38630650194540533,0.0,0.3468010539395713,-0.6744907594765952,0.0,-0.6404060212934997,-0.2186750983368552,0.0,-0.3854232911322054,0.09211107288009424,-0.43475447555838903,-0.20315767738562918,0.0,-0.005439441608669711,0.0,0.15557967256531305
train,short,UAV_0079,57,-0.031453583524153554,-0.015623785750763342,0.0,-0.44966050631877846,0.2138440433007821,0.16466778669524304,0.0,0.0,0.29449600544534293,-0.1307680141143519,0.34762216065330925,-0.3372453797382976,-0.5560814707246456,0.0,0.3468010539395713,-0.6744907594765952,0.0,-0.6318659856086463,-0.13278413656678972,0.0,-0.5781349366935439,-0.0445698739742188,-0.5901784825496884,-0.19039997233143058,0.0,-0.005439441608669711,0.0,0.043621225851021794
train,short,UAV_0079,58,-0.031453583524153554,-0.015623785750763342,0.0,-0.44966050631877846,0.48570308712271854,0.23729419043421426,0.0,0.0,0.3992281577461788,-0.6026443788335919,0.34762216065330925,0.04215567246729619,-0.5560814707246456,0.0,0.3468010539395713,0.0,0.0,-0.6318659856086463,-0.24428803835971316,0.0,-0.5781349366935439,-0.32536008001185657,-0.7942793337001617,-0.19039997233143058,0.0,0.01631832482607807,0.0,0.043621225851021794
train,short,UAV_0079,59,-0.8962706034158411,-0.015623785750763342,0.0,0.4046944556862267,0.48570308712271854,0.16466778669524304,0.0,0.0,0.3992281577461788,-0.6026443788335919,0.34762216065330925,0.04215567246729619,-0.38630650194540533,0.0,0.3561236629164048,0.0,0.0,-0.6096887352302246,-0.24428803835971316,0.0,-0.5781349366935439,-0.32536008001185657,-0.7942793337001617,0.1229131843268182,-0.10117361392150821,0.01631832482607807,0.0,-0.023308904045779937
train,short,UAV_0079,60,-0.031453583524153554,-0.1610297882135713,0.0,0.4046944556862267,0.23513224703451394,0.11433265539103853,0.0,0.0,0.3992281577461788,0.021599940525408028,0.34762216065330925,0.1686226898691128,0.07416888186499575,0.0,0.3561236629164048,0.0,0.0,-0.6096887352302246,-0.2759784752752568,0.0,-0.5781349366935439,-0.32536008001185657,-0.7942793337001617,0.36116236772758,-0.033724537973836066,-0.0163183248260436,0.0,-0.061108855067086396
train,short,UAV_0079,61,0.4970773993397557,-0.3930385748017825,0.0,0.4046944556862267,0.2138440433007821,0.16466778669524304,0.0,0.0,0.3992281577461788,0.7386225077108894,0.34762216065330925,0.1686226898691128,0.07416888186499575,0.0,0.3561236629164048,0.0,0.0,-0.6217064404441813,-0.2759784752752568,0.0,-0.6744907594813595,-0.0846827605510454,-0.865511030726526,0.1229131843268182,0.47214353163361034,-0.0163183248260436,0.0,-0.023308904045779937
train,short,UAV_0079,62,0.8728245858017422,-0.1610297882135713,0.0,0.4046944556862267,0.23513224703451394,0.23729419043421426,0.0,0.0,-0.12506798910266262,1.4233968932726924,0.23520703407388055,0.1686226898691128,0.23518321933901368,0.0,0.3561236629164048,0.0,0.0,-0.5926138551912348,-0.3255159742361037,0.0,-0.3854232911322054,-0.0846827605510454,-0.5813537615706335,0.2697024113145815,0.4384189936598058,0.01631832482607807,0.0,-0.023308904045779937
train,short,UAV_0079,63,0.4970773993397557,-0.15825842201985485,0.0,0.4046944556862267,0.21276508913409065,0.11433265539103853,0.0,0.0,-0.21235900808708835,1.4233968932726924,0.5499693884963177,0.08431134493452042,0.23518321933901368,0.0,0.32163000970191175,0.0,0.0,-0.5926138551912348,-0.34252715139426093,0.0,-0.5781349366935439,0.1025107101406884,-0.44092422012954435,0.1229131843268182,0.06744907594764059,-0.0163183248260436,0.0,-0.023308904045779937
train,short,UAV_0079,64,0.4970773993397557,-0.15825842201985485,0.0,0.5395926075816356,0.21276508913409065,0.11433265539103853,0.0,0.0,-0.2320833515249307,0.7386225077108894,0.8111183748577446,0.08431134493452042,0.23518321933901368,0.0,0.31137513982742787,0.0,0.0,-0.6217064404441813,-0.33028807674538724,0.0,-0.4817791139152568,-0.057940836166432495,-0.5705118849075211,0.04842576855419735,0.16862268986911724,0.07615218252154829,0.0,-0.27653463307221143
train,short,UAV_0079,65,0.45298308297301165,-0.0777823460202441,0.0,0.4946265569499824,0.21276508913409065,0.020853125826049968,0.0,0.0,-0.2320833515249307,0.527413234113485,0.23520703407388055,-0.2529340348037052,0.3849907118523755,0.0,0.31137513982742787,0.0,0.0,-0.6217064404441813,-0.34252715139426093,0.0,-0.4817791139152568,-0.0846827605510454,-0.5500382653808413,0.04842576855419735,0.16862268986911724,0.07615218252154829,0.0,-0.0006368563674878883
train,short,UAV_0079,66,-0.004229672926880748,0.5049612926548931,0.0,0.4046944556862267,0.24385620525004226,0.020853125826049968,0.0,0.0,-0.2320833515249307,0.001818702013298071,0.8111183748577446,-0.4637123971401862,0.3849907118523755,0.0,0.31137513982742787,0.0,0.0,-0.6318976360532268,-0.454620482511391,0.0,-0.2890674683491541,-0.057940836166432495,-0.351082185679853,0.1458213610906128,0.10117361392147665,0.07615218252154829,0.0,-0.0006368563674878883
train,short,UAV_0079,67,-0.004229672926880748,0.5049612926548931,0.0,0.4046944556862267,0.21276508913409065,0.020853125826049968,0.0,0.0,-0.6072341945219855,0.001818702013298071,0.8111183748577446,-0.4637123971401862,0.23229249859196083,0.0,0.31137513982742787,0.0,0.0,-0.6682807237416576,-0.34252715139426093,0.0,-0.2890674683491541,-0.057940836166432495,-0.5500382653808413,0.1458213610906128,0.06744907594764059,0.19038045630388797,0.0,-0.27653463307221143
train,short,UAV_0079,68,-0.0006739131432208458,0.5049612926548931,0.0,0.4046944556862267,-0.022489964837629148,0.18695905912997712,0.0,0.0,-0.9835806543407984,0.527413234113485,0.4185301635726685,-0.4637123971401862,0.23229249859196083,0.0,0.3225622705996721,0.0,0.0,-0.6682807237416576,-0.33028807674538724,0.0,-0.2890674683491541,-0.057940836166432495,-0.5500382653808413,0.1458213610906128,0.10117361392147665,0.26653263882543626,0.0,-0.34997617900588857
train,short,UAV_0079,69,-0.0006739131432208458,0.5049612926548931,0.0,-0.314762354422471,0.24385620525004226,0.18695905912997712,0.0,0.0,-0.9835806543407984,0.001818702013298071,0.4185301635726685,-0.5480237420747066,-0.135978525924945,0.0,0.3225622705996721,-0.6744907594765952,0.0,-0.6691440880133848,-0.21686976186491289,0.0,-0.2890674683491541,-0.31496044275118823,-0.3067289482335126,0.1458213610906128,0.10117361392147665,0.26653263882543626,0.0,-0.13826912721793916
train,short,UAV_0079,70,-0.0006739131432208458,0.37630487690947767,0.0,-0.314762354422471,0.44190440231840944,0.2833148819123665,0.0,0.0,0.06850292572650514,0.001818702013298071,0.4185301635726685,-0.4637123971401862,-0.4798971232256977,0.0,0.3654462718932383,0.0,0.0,-0.6682807237416576,-0.18151861733123414,0.0,-0.2890674683491541,-0.4293564526183177,-0.3067289482335126,0.1458213610906128,0.10117361392147665,0.19038045630388797,0.0,-0.13826912721793916
train,short,UAV_0079,71,0.5095112831552471,0.37630487690947767,0.0,-0.314762354422471,-0.022489964837629148,0.21716013791250635,0.0,0.0,0.06850292572650514,0.11715954057222215,0.22828918013050878,-0.21077836233648098,-0.36957095847336163,0.0,0.3654462718932383,-0.6744907594765952,0.0,-0.6722823343878045,-0.18151861733123414,0.0,-0.2890674683491541,-0.6031789611178007,-0.42155951595096686,-0.12593865951144118,0.0,0.1577438066517663,0.0,-0.13826912721793916
train,short,UAV_0079,72,0.5095112831552471,0.37630487690947767,0.0,-0.22483025315916458,0.44190440231840944,0.21716013791250635,0.0,0.0,0.1212652512457359,0.11715954057222215,0.4185301635726685,-0.3372453797382976,-0.2886111222696191,0.0,0.6413954976086328,-0.6744907594765952,0.0,-0.6516695529234013,-0.21686976186491289,0.0,-0.2890674683491541,-0.4293564526183177,-0.42155951595096686,-0.12593865951144118,-0.033724537973836066,0.1577438066517663,0.0,-0.06596058439571204
train,short,UAV_0079,73,0.5095112831552471,0.6622144278740221,0.0,0.13489815189585816,0.4743504887293929,0.21716013791250635,0.0,0.0,0.1212652512457359,-0.8431067099087584,0.22828918013050878,-0.21077836233648098,-0.2886111222696191,0.0,0.34959783663263233,-0.6744907594765952,0.0,-0.6516695529234013,-0.25871463839695474,0.0,-0.1927116455661027,-0.7324315956430648,-0.4407209192938178,0.1199881540204649,-0.1686226898691488,0.135986040217053,0.0,-0.06596058439571204
train,short,UAV_0079,74,0.5095112831552471,0.7080060624083708,0.0,0.5395926075816356,0.4743504887293929,0.42425324956419136,0.0,0.0,0.1212652512457359,0.11715954057222215,0.0985794186927082,-0.21077836233648098,-0.2886111222696191,0.0,0.34959783663263233,-0.6744907594765952,0.0,-0.6328258508018056,-0.25871463839695474,0.0,-0.1927116455661027,-0.5170105381010197,-0.4407209192938178,0.1199881540204649,-0.1686226898691488,0.135986040217053,0.0,-0.06596058439571204
train,short,UAV_0079,75,-0.2863999418494834,0.7080060624083708,0.0,0.5395926075816356,-0.7176325980278937,0.21716013791250635,0.0,0.0,-0.52094094499309,0.3433421617928088,0.22828918013050878,-0.21077836233648098,0.3618523972622513,0.0,0.34959783663263233,-0.6744907594765952,0.0,-0.6328258508018056,-0.2858204940998516,0.0,-0.09635582278305135,-0.5170105381010197,-0.4407209192938178,-0.12593865951144118,-0.033724537973836066,0.10878883217366996,0.0,0.08504538803444117
train,short,UAV_0079,76,-0.2935088326699104,0.44922525751218617,0.0,0.5395926075816356,0.49429124709167505,0.20349774512994215,0.0,0.0,-0.52094094499309,0.3433421617928088,0.1850525929845906,-0.3372453797382976,0.3618523972622513,0.0,0.34959783663263233,-0.6744907594765952,0.0,-0.6176261858019789,-0.3234335192301162,0.0,0.09635582278305135,-0.2094784076788803,-0.3960328615929584,0.1199881540204649,-0.10117361392150821,0.05439441608683498,0.0,-0.2723371943744074
train,short,UAV_0079,77,-0.6810761796976836,0.44922525751218617,0.0,0.5395926075816356,-0.7176325980278937,0.20349774512994215,0.0,0.0,-0.7324529079090842,0.3433421617928088,0.1850525929845906,-0.21077836233648098,0.6790066150367398,0.0,0.24798139878467387,-0.6744907594765952,0.0,-0.6176261858019789,-0.3234335192301162,0.0,0.09635582278305135,-0.2094784076788803,-0.3960328615929584,-0.08111253355829753,0.0,0.021757766434713312,0.0,-0.2723371943744074
train,short,UAV_0079,78,-0.6810761796976836,0.44922525751218617,0.0,0.5395926075816356,-0.7176325980278937,0.20349774512994215,0.0,0.0,-1.0107975063363313,0.3433421617928088,0.3579989415683554,-0.5480237420747066,0.3618523972622513,0.0,0.20323287569580692,-0.6744907594765952,0.0,-0.615810562535357,-0.1972334747575203,0.0,0.1927116455661027,-0.2005644328839846,-0.2411879921944286,-0.08111253355829753,0.0,0.04895497447816527,0.0,0.26394537425219766
train,short,UAV_0079,79,-0.2863999418494834,0.13344933071824056,0.0,0.22483025315961386,-0.7285499005612676,0.20349774512994215,0.0,0.0,-0.7324529079090842,-0.9663604649778765,0.3579989415683554,-0.21077836233648098,0.3527240868531023,0.0,0.20323287569580692,0.0,0.0,-0.6105420884914012,-0.3234335192301162,0.0,0.09635582278305135,-0.15005190904656382,-0.3161788178658425,0.10017289128884102,0.0,0.04895497447816527,0.0,0.5037581771479163
train,short,UAV_0079,80,0.5924819151122651,0.11793321882853375,0.0,0.22483025315961386,-0.7312884034799567,0.4400728622597817,0.0,0.0,-1.0107975063363313,-0.9663604649778765,0.354540014596658,-0.08431134493459239,-0.24295807029200564,0.0,0.20323287569580692,0.0,0.0,-0.6176261858019789,-0.35672631675263833,0.0,0.0,-0.15005190904656382,-0.3161788178658425,0.10017289128884102,-0.033724537973836066,0.021757766434713312,0.0,0.26394537425219766
train,short,UAV_0079,81,0.8009705810600739,0.13344933071824056,0.0,0.7644228607403509,-0.7312884034799567,0.8621688919109469,0.0,0.0,-1.0107975063363313,-0.9663604649778765,0.3579989415683554,-0.08431134493459239,0.3527240868531023,0.0,0.36171722830263686,0.0,0.0,-0.6421566023341234,-0.16862642998233268,0.0,-0.1927116455661027,-0.05645517370069693,-0.7485706211211915,0.09105050459508837,0.2360717658167894,0.04895497447816527,0.0,0.26394537425219766
train,short,UAV_0079,82,0.8009705810600739,0.11793321882853375,0.0,0.7644228607403509,-0.4960787537651194,0.4400728622597817,0.0,0.0,0.39835993564739397,-0.9663604649778765,0.354540014596658,-0.1264670174018886,0.010146178527863915,0.0,0.3663785327909987,0.0,0.0,-0.6005056630577179,-0.16862642998233268,0.0,-0.2890674683491541,0.0044569873974292995,-0.752366319225074,0.10017289128884102,0.0,0.05439441608683498,0.0,0.33961673953800214
train,short,UAV_0079,83,0.5924819151122651,-0.39773133918420567,0.0,0.22483025315961386,-0.46391151518925,0.4400728622597817,0.0,0.0,0.4258369242326702,-0.8940762164865482,0.354540014596658,-0.08431134493459239,0.010146178527863915,0.0,0.6656342809485319,0.0,0.0,-0.6223603930515718,-0.36409739877821184,0.0,-0.4817791139152568,0.09062541041428446,-0.7978086075543315,0.10017289128884102,0.0,0.05439441608683498,0.0,-0.10763038060048292
train,short,UAV_0079,84,0.11865527681600967,-0.39773133918420567,0.0,-0.1348981518954089,-0.46391151518925,0.34731240599916785,0.0,0.0,0.7658219070861506,-0.07454852507145246,0.42890694448769157,-0.1264670174018886,0.010146178527863915,0.0,0.6656342809485319,0.0,0.0,-0.6223603930515718,-0.16862642998233268,0.0,-0.4817791139152568,0.4234138027551528,-0.7978086075543315,0.16147702986355736,0.0,0.10878883217366996,0.0,-0.13899216935735237
train,short,UAV_0079,85,0.020507079173415182,0.10102187386893335,0.0,-0.40469445568667595,0.2355272517649273,0.34731240599916785,0.0,0.0,0.7658219070861506,-0.4086283758895234,0.44447211586023777,-0.1264670174018886,0.010146178527863915,0.0,0.36171722830263686,-0.6744907594765952,0.0,-0.6223603930515718,-0.1036558931363602,0.0,-0.4817791139152568,0.4234138027551528,-0.752366319225074,0.16147702986355736,0.0,0.10878883217366996,0.0,-0.2134835018089725
train,short,UAV_0079,86,-0.35223074782074587,-0.39773133918420567,0.0,-0.40469445568667595,0.4457692398653595,0.34731240599916785,0.0,0.0,0.4258369242326702,-0.13392715146073847,0.44447211586023777,-0.04215567246729619,0.010146178527863915,0.0,0.6656342809485319,-0.6744907594765952,0.0,-0.6223603930515718,-0.054972770604476175,0.0,-0.4817791139152568,0.3654729665887203,-0.5219769610769776,0.16147702986355736,0.0,0.04351553286946109,0.0,-0.13899216935735237
train,short,UAV_0079,87,-0.35223074782074587,-0.39773133918420567,0.0,-0.40469445568667595,0.4457692398653595,0.34731240599916785,0.0,0.0,0.36925538170166466,-0.07454852507145246,0.5551577789538178,0.08431134493452042,-0.11738761634678753,0.0,0.5994437572127169,-0.6744907594765952,0.0,-0.6223603930515718,0.019911867322584834,0.0,-0.3854232911322054,0.2495912942557069,-0.3257071841439105,-0.03520043228189133,0.13489815189531273,0.04351553286946109,0.0,-0.5991794275739906
train,short,UAV_0079,88,-0.35223074782074587,0.10102187386893335,0.0,-0.40469445568667595,0.4923695505569625,0.34731240599916785,0.0,0.0,0.035900931555267385,-0.07454852507145246,0.44447211586023777,0.1264670174018886,-0.11738761634678753,0.0,0.5621533213051628,-0.6744907594765952,0.0,-0.606540673113704,0.019911867322584834,0.0,-0.2890674683491541,0.2495912942557069,-0.3257071841439105,-0.03520043228189133,0.13489815189531273,-0.0163183248260436,0.0,-0.5991794275739906
train,short,UAV_0079,89,0.020507079173415182,-0.03875922114686812,0.0,0.0,0.4923695505569625,0.26030453617329036,0.0,0.0,0.01003169404870555,-0.13392715146073847,0.44447211586023777,0.1264670174018886,-0.08845568306816808,0.0,0.5621533213051628,-1.3489815189531904,0.0,-0.6105080679351637,0.03312222134229409,0.0,-0.2890674683491541,0.15748022137557557,-0.3257071841439105,-0.03520043228189133,-0.06744907594767213,-0.0163183248260436,0.0,-0.6022068401491746
train,short,UAV_0079,90,-0.35223074782074587,-0.7387064777786388,0.0,0.0,0.4457692398653595,-0.007190733043453126,0.0,0.0,0.01003169404870555,0.8562572946225228,0.5551577789538178,-0.04215567246729619,0.5888587350592478,0.0,0.5621533213051628,-1.3489815189531904,0.0,-0.6105080679351637,0.03312222134229409,0.0,-0.2890674683491541,-0.10845336000389036,-0.37602875280659454,-0.024824628576798055,0.10117361392147665,0.07071274091287859,0.0,-0.47440455915865576
train,short,UAV_0079,91,0.7545607140057636,-0.5571856521735243,0.0,0.0,0.4923695505569625,-0.043863471565093445,0.0,0.0,0.035900931555267385,0.8562572946225228,0.40642391917179665,-0.1686226898691128,0.23496715907721683,0.0,0.28527183469222794,-1.3489815189531904,0.0,-0.6105080679351637,0.022144225219268635,0.0,-0.09635582278305135,-0.1827364832943045,-0.3257071841439105,0.24545843756851418,-0.06744907594767213,0.07071274091287859,0.0,-0.4976496480179415
train,short,UAV_0079,92,0.01974330066888146,-0.2801188569463901,0.0,0.0,0.23279737472725232,-0.043863471565093445,0.0,0.0,0.38978297015512936,-0.05355954344869565,0.2525016689322524,-0.42155672467288996,0.23496715907721683,0.0,0.206029658388758,-1.3489815189531904,0.0,-0.6120848686555407,-0.14313181259603155,0.0,0.0,-0.2362203320633819,-0.0980783498237011,0.3027423915901405,-0.269796303790657,0.05439441608683498,0.0,-0.47440455915865576
train,short,UAV_0079,93,0.01974330066888146,-0.2801188569463901,0.0,0.8543549620041067,0.23279737472725232,0.26030453617329036,0.0,0.0,0.8507223882498806,-0.3839805278108429,0.40642391917179665,-0.42155672467288996,0.23496715907721683,0.0,0.206029658388758,-1.3489815189531904,0.0,-0.6120848686555407,-0.14285463923745922,0.0,0.0,-0.3833009161783262,-0.0980783498237011,0.3027423915901405,-0.33724537973832913,0.05439441608683498,0.0,-0.4976496480179415
train,short,UAV_0079,94,-0.10741925394954731,-0.5571856521735243,0.0,0.8543549620041067,0.23279737472725232,0.18480183921695095,0.0,0.0,0.8507223882498806,-0.3839805278108429,0.9010504761213014,-0.1686226898691128,0.23496715907721683,0.0,0.206029658388758,-0.6744907594765952,0.0,-0.6257687553405062,-0.14285463923745922,0.0,0.0,-0.3833009161783262,-0.14405011808408613,0.17559735959452932,-0.33724537973832913,0.05439441608683498,0.0,-0.47440455915865576
train,short,UAV_0079,95,0.01974330066888146,-0.5571856521735243,0.0,0.8543549620041067,0.7150522351164282,0.32142576704269094,0.0,0.0,0.38978297015512936,-0.3839805278108429,0.40642391917179665,-0.08431134493459239,-0.028662017324085076,0.0,0.17246826607213528,-0.6744907594765952,0.0,-0.6257687553405062,-0.14285463923745922,0.0,0.1927116455661027,-0.2362203320633819,-0.14405011808408613,0.3027423915901405,-0.33724537973832913,0.04351553286946109,0.0,-0.17890226800085934
train,short,UAV_0079,96,0.01974330066888146,-0.7417624011557972,0.0,0.6295247088453912,0.26425045913459944,0.32142576704269094,0.0,0.0,0.23514475052570705,-0.05355954344869565,0.9010504761213014,-0.08431134493459239,-0.028662017324085076,0.0,0.16128113529989102,-0.6744907594765952,0.0,-0.6372465239897689,0.07372332358528894,0.0,0.09635582278305135,-0.2362203320633819,-0.2894794654414631,0.25847731415409453,-0.33724537973832913,0.05439441608683498,0.0,-0.04220421922401186
train,short,UAV_0079,97,-0.10741925394954731,-0.7417624011557972,0.0,0.08993210126375568,0.26425045913459944,0.32142576704269094,0.0,0.0,0.23514475052570705,0.09869528199139328,0.9010504761213014,-0.08431134493459239,0.2909781800349461,0.0,0.16128113529989102,-0.6744907594765952,0.0,-0.6372465239897689,0.07372332358528894,0.0,0.09635582278305135,-0.19462178302078262,-0.2894794654414631,0.17559735959452932,-0.269796303790657,0.081591624130218,0.0,-0.17890226800085934
train,short,UAV_0079,98,0.14158563558149762,-0.7417624011557972,0.0,0.08993210126375568,0.26425045913459944,0.32142576704269094,0.0,0.0,0.23514475052570705,0.09869528199139328,0.920074574465545,-0.21077836233648098,0.261200575286392,0.0,0.16128113529989102,0.0,0.0,-0.6483735509402042,0.07372332358528894,0.0,0.1927116455661027,-0.19462178302078262,-0.24784029040806804,0.25847731415409453,-0.269796303790657,0.26653263882543626,0.0,0.1591049341595999
train,short,UAV_0079,99,0.14158563558149762,-0.31925977633966673,0.0,0.08993210126375568,0.26425045913459944,0.5802921566072645,0.0,0.0,0.07666463176151936,0.21906461932932955,1.1155039483651585,-0.42155672467288996,0.261200575286392,0.0,0.19763931030957482,-0.6744907594765952,0.0,-0.6372465239897689,0.07553366265451761,0.0,0.1927116455661027,-0.19462178302078262,-0.2894794654414631,0.25847731415409453,-0.269796303790657,0.13054659860838327,0.0,-0.17890226800085934
train,short,UAV_0079,100,0.14158563558149762,-0.31925977633966673,0.0,0.8543549620041067,0.26425045913459944,0.8226198601719058,0.0,0.0,0.07666463176151936,0.09869528199139328,1.1155039483651585,-0.5058680696074823,0.261200575286392,0.0,0.19763931030957482,-0.6744907594765952,0.0,-0.6372465239897689,0.07553366265451761,0.0,0.1927116455661027,-0.19462178302078262,-0.5271437567307543,0.25847731415409453,0.0,0.13054659860838327,0.0,0.015885592154378386
train,short,UAV_0079,101,-0.6133677516675637,-0.31925977633966673,0.0,0.8543549620041067,-0.23925747049393215,0.9081895833890992,0.0,0.0,-0.5985282579288088,-0.5340129562518584,0.8595433524612088,-0.632335087009299,0.261200575286392,0.0,0.19763931030957482,-0.6744907594765952,0.0,-0.6246985367790926,0.1918722286906267,0.0,0.1927116455661027,-0.05942649863227936,-0.24784029040806804,0.2758066804897341,-0.539592607581314,0.13054659860838327,0.0,-0.3280480776681455
train,short,UAV_0079,102,0.14158563558149762,-0.9969715376496641,0.0,0.8543549620041067,-0.6918871819582183,1.004545406171456,0.0,0.0,-0.5985282579288088,-0.5340129562518584,0.8595433524612088,-0.632335087009299,0.261200575286392,0.0,0.13424556926693082,-0.6744907594765952,0.0,-0.6172339510193795,0.1918722286906267,0.0,0.1927116455661027,0.23027768220021702,-0.5271437567307543,0.5432402027870904,-0.539592607581314,0.1468649234343924,0.0,-0.3280480776681455
train,short,UAV_0079,103,-0.6553994831264708,-1.0634421185499565,0.0,1.034219164531618,-0.6918871819582183,1.004545406171456,0.0,0.0,-0.5985282579288088,1.040005754278482,0.7125389561650364,-0.8009577768784838,0.23275616179070438,0.0,0.13424556926693082,-0.6744907594765952,0.0,-0.6172339510193795,0.1918722286906267,0.0,0.1927116455661027,0.23027768220021702,-0.6751408769410233,0.29595392495981365,-0.539592607581314,0.1468649234343924,0.0,-0.3407381943200754
train,short,UAV_0079,104,0.14327698231673727,-1.0634421185499565,0.0,-0.1348981518954089,0.026597092995929265,1.004545406171456,0.0,0.0,-0.3848076874520732,1.040005754278482,0.6347130993023284,-0.8009577768784838,0.5059452228647875,0.0,0.11093904682479198,-0.6744907594765952,0.0,-0.6512717701026911,0.08562541349054993,0.0,0.1927116455661027,0.44124175234483287,-0.6751408769410233,0.4197416276109326,-0.47214353163364187,0.17950157308658302,0.0,-0.6175988621549533
train,short,UAV_0079,105,-0.7675989351963499,-1.0634421185499565,0.0,-0.1348981518954089,-0.6918871819582183,0.23873233704289837,0.0,0.0,-0.3073573570565402,1.040005754278482,0.4807908490627842,-0.8009577768784838,0.5059452228647875,0.0,-0.03169687052143198,-0.6744907594765952,0.0,-0.6581616418515919,0.08562541349054993,0.0,0.1927116455661027,0.6418061852288546,-0.42681815851755744,0.3490844012783375,-0.47214353163364187,0.24477487239072296,0.0,-0.7369839077132928
train,short,UAV_0079,106,0.14327698231673727,-0.27502114146560663,0.0,-0.1348981518954089,-0.24649338188972783,0.17185851973872882,0.0,0.0,-0.024050907267802447,1.040005754278482,0.6347130993023284,-0.8009577768784838,0.7147108000734242,0.0,-0.03169687052143198,-0.6744907594765952,0.0,-0.6581616418515919,0.08562541349054993,0.0,0.1927116455661027,0.6418061852288546,-0.42681815851755744,0.3490844012783375,-0.47214353163364187,0.2393354307819843,0.0,-0.6175988621549533
train,short,UAV_0079,107,-0.7675989351963499,-0.27502114146560663,0.0,-0.719456810109147,0.026597092995929265,0.17185851973872882,0.0,0.0,-0.024050907267802447,-0.28038579048856926,0.6347130993023284,-0.843113449345708,0.7147108000734242,0.0,0.17060374427672456,-0.6744907594765952,0.0,-0.6581616418515919,-0.008173816455698259,0.0,0.1927116455661027,-0.18719347069173378,-0.4259043942701726,0.29595392495981365,-0.06744907594767213,0.24477487239072296,0.0,-0.7369839077132928
train,short,UAV_0079,108,0.14327698231673727,-0.14808341369325084,0.0,-0.719456810109147,0.026597092995929265,0.17185851973872882,0.0,0.0,0.36693811105898894,-0.28038579048856926,0.6433604167315259,-0.3794010522055938,0.7147108000734242,0.0,0.17060374427672456,-0.6744907594765952,0.0,-0.6168376932946624,0.3407425524641958,0.0,0.2890674683443898,0.6418061852288546,-0.36239003231728567,0.3490844012783375,-0.06744907594767213,0.29372984686881926,0.0,-0.6175988621549533
train,short,UAV_0079,109,0.018052519593026773,0.027380221469754006,0.0,0.314762354422471,-0.24649338188972783,0.7456790166068823,0.0,0.0,0.5758235108370306,-0.28038579048856926,0.8059299844002445,-0.29508970727100137,1.06181543899015,0.0,0.2153522673657015,-0.6744907594765952,0.0,-0.6063380442785243,0.3407425524641958,0.0,0.2890674683443898,0.3149604427512253,-0.21835564945510147,0.3490844012783375,-0.40469445568600126,0.29916928847748897,0.0,-0.6557671342681624
train,short,UAV_0079,110,0.018052519593026773,-0.23132068890254395,0.0,-1.0791852151632713,-0.24649338188972783,0.8779885046065373,0.0,0.0,0.5758235108370306,-0.16714268693522888,0.8059299844002445,-0.3794010522055938,1.06181543899015,0.0,0.2153522673657015,-0.6744907594765952,0.0,-0.6063380442785243,-0.008173816455698259,0.0,0.4817791139104925,0.13668094685431303,-0.08754848154251094,0.28552958851263827,-0.40469445568600126,0.29372984686881926,0.0,-0.6083335569426495
train,short,UAV_0079,111,0.018052519593026773,-0.23132068890254395,0.0,0.314762354422471,0.24851575714204993,0.8779885046065373,0.0,0.0,0.36693811105898894,-0.16714268693522888,0.8439781810886856,-0.6744907594765952,0.8250934333329882,0.0,0.1995038321049855,-0.6744907594765952,0.0,-0.6168376932946624,-0.008173816455698259,0.0,0.4817791139104925,0.3149604427512253,-0.08754848154251094,0.3759980112724304,-0.40469445568600126,0.36444258778169786,0.0,-0.6083335569426495
train,short,UAV_0079,112,0.018052519593026773,-0.15184554903181618,0.0,0.314762354422471,0.484035111858733,0.7456790166068823,0.0,0.0,0.28867246765411547,-0.16714268693522888,0.8059299844002445,-0.6744907594765952,0.8250934333329882,0.0,0.1995038321049855,-0.6744907594765952,0.0,-0.6205019491124699,0.40762001527288355,0.0,0.4817791139104925,0.6878617216689202,-0.027651458558878832,0.3759980112724304,-0.5733171455551501,0.38076091260777595,0.0,-0.6083335569426495
train,short,UAV_0079,113,0.018052519593026773,-0.2283905018367646,0.0,0.314762354422471,-0.4523816380699891,0.7176351577373792,0.0,0.0,-0.35306009925403653,-0.25859476360421835,0.8059299844002445,-0.7588021044111876,1.093544594488172,0.0,0.1995038321049855,-0.6744907594765952,0.0,-0.6332573561885775,0.47416679537918527,0.0,0.4817791139104925,0.42935645261839184,-0.027651458558878832,0.3726951209128667,-0.775664373398135,0.36444258778169786,0.0,-0.6557671342681624
train,short,UAV_0079,114,-0.56004326299643,-0.23132068890254395,0.0,-0.9892531138995155,-0.4523816380699891,0.7176351577373792,0.0,0.0,-0.390855060691165,-0.29421986750601536,0.7661523242260007,-0.7588021044111876,0.8250934333329882,0.0,0.12958426477845905,-0.6744907594765952,0.0,-0.6820291200956243,0.626462466181469,0.0,0.1927116455661027,0.6447775101604741,-0.1772041847093165,0.3726951209128667,-0.775664373398135,0.29372984686881926,0.0,-0.4569226688374759
train,short,UAV_0079,115,-0.56004326299643,-0.5126276893670441,0.0,0.5395926075816356,0.484035111858733,0.5587199574769052,0.0,0.0,-0.390855060691165,-0.29421986750601536,0.7765291051410238,-0.8852691218130042,0.6805872057917988,0.0,0.12958426477845905,-1.3489815189531904,0.0,-0.6820291200956243,0.626462466181469,0.0,0.1927116455661027,0.6447775101604741,-0.1772041847093165,0.3759980112724304,-0.775664373398135,0.38076091260777595,0.0,-0.6827131477760467
train,short,UAV_0079,116,-0.56004326299643,-0.2283905018367646,0.0,0.5395926075816356,-0.4927304889105267,0.7176351577373792,0.0,0.0,-0.390855060691165,-0.25859476360421835,0.7661523242260007,-1.0117361392148927,0.7359271476109855,0.0,-0.01864521795377705,-1.3489815189531904,0.0,-0.6820291200956243,0.5627955010494643,0.0,0.1927116455661027,0.42935645261839184,-0.10874969014065283,0.45394960575636656,-0.7082152974504629,0.33724537973831487,0.0,-0.6827131477760467
train,short,UAV_0079,117,-0.3506655993762957,-0.2283905018367646,0.0,0.5395926075816356,-0.4927304889105267,0.5587199574769052,0.0,0.0,-0.8391545784104946,0.24977962088631966,0.7765291051410238,-1.0117361392148927,0.7359271476109855,0.0,0.24518461609161282,-1.3489815189531904,0.0,-0.6425993041480395,0.47416679537918527,0.0,0.1927116455661027,0.42935645261839184,-0.1772041847093165,0.45394960575636656,-0.7082152974504629,0.33724537973831487,0.0,-0.7000507595422836
train,short,UAV_0079,118,-0.56004326299643,0.4814782200462176,0.0,0.17986420252706212,0.02212330378056557,0.6140886019115367,0.0,0.0,-0.8391545784104946,0.24977962088631966,0.46349621420441234,-1.0117361392148927,0.6805872057917988,0.0,-0.01864521795377705,-1.3489815189531904,0.0,-0.6425993041480395,0.5627955010494643,0.0,0.1927116455661027,0.6447775101604741,-0.1863086790156658,0.46070486919066794,-0.539592607581314,0.4460342119119159,0.0,-0.7147719378198675
train,short,UAV_0079,119,-0.3506655993762957,0.4814782200462176,0.0,0.17986420252706212,0.02212330378056557,0.5321142452161188,0.0,0.0,-0.8391545784104946,0.7010431791751086,0.7765291051410238,-1.0117361392148927,0.6032393682683237,0.0,0.24518461609161282,-1.3489815189531904,0.0,-0.6425993041480395,0.347828574605865,0.0,0.2890674683443898,-0.04605553644002856,-0.10874969014065283,0.46070486919066794,-0.7082152974504629,0.5058680696074206,0.0,-0.9691393793408078
train,short,UAV_0079,120,0.06284028252773473,0.718613573744115,0.0,-0.40469445568667595,0.02212330378056557,0.6140886019115367,0.0,0.0,-0.8391545784104946,0.7010431791751086,0.3389748432241348,-1.0117361392148927,0.7359271476109855,0.0,-0.01864521795377705,-0.6744907594765952,0.0,-0.6640004809326625,0.5162695137835907,0.0,0.2890674683443898,0.6522058224894859,-0.10874969014065283,0.575458774475668,-0.539592607581314,0.5058680696074206,0.0,-0.7147719378198675
train,short,UAV_0079,121,0.06284028252773473,0.718613573744115,0.0,-0.40469445568667595,0.26035441302537626,0.6140886019115367,0.0,0.0,-0.6553323133381701,0.12602300751202355,0.8941326221779756,-0.8852691218130042,0.6314421925618381,0.0,-0.047545305782147974,-0.6744907594765952,0.0,-0.6640004809326625,0.34743097647570914,0.0,0.3854232911322054,0.6522058224894859,-0.037852164625661794,0.575458774475668,-0.7419398354242989,0.5058680696074206,0.0,-0.7147719378198675
train,short,UAV_0079,122,-1.038445891763239,0.041271327458539675,0.0,-0.44966050631877846,0.02212330378056557,0.8643261118239731,0.0,0.0,-0.036582020739897594,0.03355926274167784,0.48597923952030725,-0.632335087009299,0.6314421925618381,0.0,-0.047545305782147974,-1.3489815189531904,0.0,-0.6640004809326625,0.5162695137835907,0.0,0.3854232911322054,0.4798689764558497,-0.037852164625661794,0.5789386791261028,-0.505868069607478,0.5058680696074206,0.0,-0.6343211166025466
train,short,UAV_0079,123,0.025374155974413667,-0.08361387711662685,0.0,-0.40469445568667595,-0.733771365029456,1.164898753040614,0.0,0.0,-0.4554865083106367,0.12602300751202355,0.6952443213066645,-0.632335087009299,1.0160219391227274,0.0,-0.03449365321449304,-1.3489815189531904,0.0,-0.6640004809326625,0.4300340147346521,0.0,0.5781349366983082,0.4798689764558497,-0.037852164625661794,0.5789386791261028,-0.7419398354242989,0.5765808105202991,0.0,-0.5719055927904515
train,short,UAV_0079,124,0.025374155974413667,-0.08361387711662685,0.0,-0.40469445568667595,0.4901932020062286,1.164898753040614,0.0,0.0,-0.6553323133381701,0.12602300751202355,0.6952443213066645,-0.632335087009299,1.2087639713817797,0.0,-0.13424556926693082,-0.6744907594765952,0.0,-0.5932379565714556,0.5162695137835907,0.0,0.6744907594765952,0.6522058224894859,-0.25924931936081885,0.6856013530924151,-0.6070416835289546,0.5765808105202991,0.0,-0.5719055927904515
train,short,UAV_0079,125,-0.2805401189148535,-0.28332902482377653,0.0,-0.8543549620045559,0.4815767970469818,1.164898753040614,0.0,0.0,-0.4554865083106367,0.5005353316396066,0.6952443213066645,-0.632335087009299,1.3411417680774378,0.0,-0.03449365321449304,-0.6744907594765952,0.0,-0.5932379565714556,0.4919415305237416,0.0,0.7708465822596466,0.4798689764558497,-0.26650104279190373,0.5789386791261028,-0.7419398354242989,0.6255357849984644,0.0,-0.5719055927904515
train,short,UAV_0079,126,0.025374155974413667,-0.08361387711662685,0.0,-0.8543549620045559,-0.2609540734430058,1.0311511184322424,0.0,0.0,0.8372383647647825,0.5005353316396066,0.548239925010446,-0.5480237420747066,1.3411417680774378,0.0,0.033561392316732705,-0.6744907594765952,0.0,-0.5886418263827535,0.49492491957352486,0.0,0.6744907594765952,0.2525626191873264,-0.37845604540342387,0.5789386791261028,-0.7419398354242989,0.6255357849984644,0.0,-0.5937308144507581
train,short,UAV_0079,127,0.025374155974413667,-0.08361387711662685,0.0,-0.35972840505502274,-0.2609540734430058,1.00598355278014,0.0,0.0,-0.36372346530196,0.5005353316396066,0.6952443213066645,-0.843113449345708,1.3816144202882386,0.0,-0.03449365321449304,0.0,0.0,-0.6362600703297384,0.49492491957352486,0.0,0.7708465822596466,0.7250032833140903,-0.37845604540342387,0.653138645438864,-0.775664373398135,0.6255357849984644,0.0,-0.5937308144507581
train,short,UAV_0079,128,0.2046024805177217,-0.3290103698467073,0.0,-0.35972840505502274,-0.255691008145991,1.00598355278014,0.0,0.0,0.9307571713799236,-0.11334724514401834,0.9356397458380681,-0.8852691218130042,1.3816144202882386,0.0,-0.11560035131315376,0.0,0.0,-0.5973695064020662,1.0010246682928687,0.0,0.7708465822596466,0.7710588197541187,-0.3217714814909198,0.5689531827913472,-0.8431134493457756,0.6255357849984644,0.0,-0.6159588446855485
train,short,UAV_0079,129,0.2046024805177217,-0.3290103698467073,0.0,-0.22483025315916458,-0.2609540734430058,1.00598355278014,0.0,0.0,1.7806263523532062,-0.11334724514401834,0.8284130097161625,-0.843113449345708,1.1930130611651732,0.0,-0.11560035131315376,-0.6744907594765952,0.0,-0.6362600703297384,1.0010246682928687,0.0,0.7708465822596466,0.7710588197541187,-0.5455517275270116,0.5689531827913472,-0.8431134493457756,0.5113075112160903,0.0,-0.931786679643392
train,short,UAV_0079,130,0.2046024805177217,0.00044612548864642705,0.0,-0.1348981518954089,-0.2609540734430058,0.8981225571282615,0.0,0.0,0.9307571713799236,-0.11334724514401834,0.9356397458380681,-0.5480237420747066,1.1930130611651732,0.0,-0.23026844172887712,-1.3489815189531904,0.0,-0.6362600703297384,1.0010246682928687,0.0,0.3854232911322054,0.7710588197541187,-0.5455517275270116,0.653138645438864,-1.0454606771887605,0.5113075112160903,0.0,-0.931786679643392
train,short,UAV_0079,131,0.2046024805177217,0.7100731012522131,0.0,0.314762354422471,-0.9373431310510448,0.8981225571282615,0.0,0.0,0.27409974326145126,-0.07470688584303695,0.9356397458380681,-0.8852691218130042,1.1930130611651732,0.0,-0.23399748531947856,-1.3489815189531904,0.0,-0.6484673780388975,1.0010246682928687,0.0,0.5781349366983082,1.335610556761014,-0.3217714814909198,0.8544701514817056,-0.9442870632672837,0.6255357849984644,0.0,-0.931786679643392
train,short,UAV_0079,132,0.2046024805177217,-0.045695259666595385,0.0,0.314762354422471,-0.9373431310510448,1.561827217039677,0.0,0.0,0.27409974326145126,-0.07470688584303695,0.8284130097161625,-1.1382031566167814,1.1930130611651732,0.0,-0.23399748531947856,-1.3489815189531904,0.0,-0.6663249720474974,0.8307664272572762,0.0,0.3854232911322054,1.335610556761014,-0.365995347204287,0.8544701514817056,-1.0454606771887605,0.5113075112160903,0.0,-1.0122520212019532
train,short,UAV_0079,133,0.04172244489680312,0.4666918436676529,0.0,0.044966050632102475,-0.9373431310510448,1.2921747279098748,0.0,0.0,-0.49343771852838014,-0.07470688584303695,0.8284130097161625,-1.053891811682189,1.2274545976488305,0.0,-0.23399748531947856,-1.3489815189531904,0.0,-0.6681284833326803,0.7183604911346733,0.0,0.3854232911322054,0.3417023671356898,-0.365995347204287,0.8615418710391408,-1.0454606771887605,0.614656901781125,0.0,-0.931786679643392
train,short,UAV_0079,134,-0.8897468828790962,0.4666918436676529,0.0,0.26979630379126707,-0.4686753090296965,1.4201697760834775,0.0,0.0,-0.49343771852838014,-0.07470688584303695,0.875108523833755,-1.053891811682189,1.4283908575955035,0.0,-0.2945944436690615,-1.3489815189531904,0.0,-0.6729216369534131,0.7005421787713358,0.0,0.4817791139104925,0.3417023671356898,-0.1943793079826013,0.8615418710391408,-1.0454606771887605,0.614656901781125,0.0,-0.6809007272817739
train,short,UAV_0079,135,-0.8897468828790962,0.4666918436676529,0.0,0.044966050632102475,-0.9332201824356596,1.4848863734746536,0.0,0.0,-0.49343771852838014,-0.13690568063719163,0.875108523833755,-1.264670174018598,1.7033830643937442,0.0,-0.23399748531947856,-1.3489815189531904,0.0,-0.6681284833326803,0.7005421787713358,0.0,0.5781349366983082,0.41004284056290197,0.07723715135913725,0.9319778536084196,-1.3827060569270895,0.6037780185637511,0.0,-1.4774698176657812
train,short,UAV_0079,136,-0.8897468828790962,-0.045695259666595385,0.0,-0.5395926075816356,-0.4686753090296965,1.4201697760834775,0.0,0.0,-0.08118634847879676,-0.13690568063719163,0.875108523833755,-1.3489815189531904,1.8461999716650561,0.0,-0.16687470068601315,-0.6744907594765952,0.0,-0.6681284833326803,0.7005421787713358,0.0,0.6744907594765952,0.3417023671356898,-0.11027909694194543,0.7961449080421658,-1.3827060569270895,0.6037780185637511,0.0,-1.3238149875104754
train,short,UAV_0079,137,-0.6766150311704594,-0.0679699748758457,0.0,-0.5395926075816356,-0.4686753090296965,1.376306304518384,0.0,0.0,0.37703266976456495,-0.5050690448129972,1.0497843359033225,-1.053891811682189,1.8461999716650561,0.0,-0.2945944436690615,-1.3489815189531904,0.0,-0.6184427652608171,0.5903352560100958,0.0,0.9635582278257493,0.41004284056290197,0.07723715135913725,0.7961449080421658,-1.3827060569270895,0.6037780185637511,0.0,-1.3238149875104754
train,short,UAV_0079,138,-0.6766150311704594,-0.0679699748758457,0.0,-0.1348981518954089,-0.28673204235648253,1.376306304518384,0.0,0.0,0.37703266976456495,-0.5859840644685999,1.4302663027875728,-1.1382031566167814,1.7033830643937442,0.0,-0.2945944436690615,-1.3489815189531904,0.0,-0.6184427652608171,0.5903352560100958,0.0,0.9635582278257493,1.1900156351118794,0.07723715135913725,0.6494976816566154,-1.1803588290840732,0.6037780185637511,0.0,-1.3238149875104754
train,short,UAV_0079,139,-0.5768050244973859,-0.0679699748758457,0.0,-0.40469445568667595,-0.7619726399145588,1.35401503208365,0.0,0.0,0.37703266976456495,-0.5859840644685999,1.4302663027875728,-1.1382031566167814,1.5783129824341808,0.0,-0.45028201358283043,-0.6744907594765952,0.0,-0.6009795023122358,0.7850442741388994,0.0,1.2526256961749034,1.1900156351118794,0.07723715135913725,0.6494976816566154,-1.1803588290840732,0.6309752266071341,0.0,-1.406519406785001
train,short,UAV_0079,140,-0.5768050244973859,-0.7517708326461,0.0,-0.22483025315916458,-0.28673204235648253,1.35401503208365,0.0,0.0,-0.2648651976635636,-0.5859840644685999,1.3230395666656671,-1.0960474841494852,1.1260643543694544,0.0,-0.6768214117207761,-1.3489815189531904,0.0,-0.6009795023122358,0.8152235802240055,0.0,0.9635582278257493,1.2761840581286603,0.14752705474068314,0.6494976816566154,-1.1803588290840732,0.6309752266071341,0.0,-1.3253405577989203
train,short,UAV_0079,141,0.0732517594500423,-0.0679699748758457,0.0,-0.1348981518954089,-0.7619726399145588,1.376306304518384,0.0,0.0,-0.5494117866970173,-0.5859840644685999,1.3230395666656671,-1.0960474841494852,1.1260643543694544,0.0,-0.6768214117207761,-1.3489815189531904,0.0,-0.6199269773407914,0.8152235802240055,0.0,0.9635582278257493,1.2761840581286603,0.17572981179134337,0.6494976816566154,-1.1803588290840732,0.7180062923460219,0.0,-1.406519406785001
train,short,UAV_0079,142,-0.31503105194100683,0.021250361052602706,0.0,-0.1348981518954089,-0.28673204235648253,1.5035822793876121,0.0,0.0,-0.7109906201193849,0.10697804698507657,1.2538610272322026,-1.1382031566167814,1.3965186998917365,0.0,-0.6796181944138372,-1.3489815189531904,0.0,-0.6203885647005299,0.8152235802240055,0.0,0.9635582278257493,1.2761840581286603,0.14752705474068314,0.6494976816566154,-1.1803588290840732,0.7560823836068132,0.0,-1.3253405577989203
train,short,UAV_0079,143,0.0732517594500423,-0.7517708326461,0.0,0.22483025315961386,-0.47771655561666104,1.698451144865417,0.0,0.0,-0.5494117866970173,0.10697804698507657,1.174305706883646,-1.3068258464858942,1.5783129824341808,0.0,-0.48477566679721346,-1.3489815189531904,0.0,-0.6405048540293266,1.1314307392198253,0.0,0.9635582278257493,1.2761840581286603,0.0038606325967414775,0.6516845201835703,-1.3152569809794175,0.7560823836068132,0.0,-1.3493348234144231
train,short,UAV_0079,144,0.1681004234395188,0.021250361052602706,0.0,0.22483025315961386,0.49787484129499454,1.7221805639088352,0.0,0.0,-0.5494117866970173,0.10697804698507657,1.174305706883646,-1.3911371914204866,1.6471352456019186,0.0,-0.48477566679721346,-1.3489815189531904,0.0,-0.6462051134423874,1.1314307392198253,0.0,0.9635582278257493,1.025107101407255,0.17572981179134337,0.6516845201835703,-1.3152569809794175,0.7560823836068132,0.0,-1.3493348234144231
train,short,UAV_0079,145,0.0732517594500423,0.3470248446680039,0.0,0.22483025315961386,0.4251242903255218,1.8552091252128322,0.0,0.0,-0.5494117866970173,0.5190228471019415,1.2538610272322026,-1.3911371914204866,1.6736386096611193,0.0,-0.48477566679721346,-0.6744907594765952,0.0,-0.6462051134423874,1.1314307392198253,0.0,1.156269873391852,1.025107101407255,0.10310306959610362,0.6516845201835703,-1.2140833670579092,0.7887190332590038,0.0,-1.5121245781587682
train,short,UAV_0079,146,-0.31503105194100683,0.5610758881414791,0.0,-0.08993210126375568,0.4251242903255218,1.7221805639088352,0.0,0.0,-0.07414354789884084,0.10697804698507657,1.2936386874064234,-1.5176042088223032,1.6471352456019186,0.0,-0.3384107058603881,-0.6744907594765952,0.0,-0.6486259781100192,1.1314307392198253,0.0,1.156269873391852,1.078590950176258,0.0038606325967414775,0.6516845201835703,-1.3489815189532535,0.8703106573891873,0.0,-1.5121245781587682
train,short,UAV_0079,147,0.1681004234395188,0.5610758881414791,0.0,-0.08993210126375568,-0.03556187845189812,1.7221805639088352,0.0,0.0,0.07549776960719826,0.5190228471019415,1.461396645532688,-1.3068258464858942,1.6736386096611193,0.0,-0.3384107058603881,-1.3489815189531904,0.0,-0.6486259781100192,1.2525989977330632,0.0,1.156269873391852,1.1187038367530848,0.10310306959610362,0.8765188350597121,-1.7199514366653872,0.9083867486499443,0.0,-1.5674303030948402
train,short,UAV_0079,148,-0.5922039856206035,0.5610758881414791,0.0,-0.08993210126375568,0.4251242903255218,1.1778420725188525,0.0,0.0,0.07549776960719826,0.5194670871499292,1.4700439629618627,-1.6019155537568956,1.6602333661815898,0.0,-0.3384107058603881,-1.3489815189531904,0.0,-0.6539763678331747,1.5995098832984975,0.0,1.3489815189579548,1.078590950176258,0.23856938685838933,1.2222942486658996,-1.7536759746392232,0.9083867486499443,0.0,-1.7617906551863496
train,short,UAV_0079,149,-0.5922039856206035,0.3470248446680039,0.0,-0.08993210126375568,0.4251242903255218,1.036903704867044,0.0,0.0,0.4859983361413493,0.5190228471019415,1.777888463440951,-1.686226898691416,1.6602333661815898,0.0,-0.8147960245784184,-1.3489815189531904,0.0,-0.6539763678331747,1.5995098832984975,0.0,1.3489815189579548,1.1187038367530848,0.10310306959610362,1.2222942486658996,-1.7536759746392232,0.9083867486499443,0.0,-1.7617906551863496
train,short,UAV_0079,150,-0.03314818091305577,-0.02245970671685874,0.0,0.0,-0.03556187845189812,1.036903704867044,0.0,0.0,0.3257758962739872,-0.1953539999055053,1.777888463440951,-1.9813166059624894,1.6602333661815898,0.0,-0.6423277585062831,-1.3489815189531904,0.0,-0.6312165074802791,1.4361199937765876,0.0,1.3489815189579548,1.3326392318293572,0.31109269975898834,1.2222942486658996,-1.7536759746392232,0.9627811647367448,0.0,-1.7617906551863496
train,short,UAV_0079,151,0.0918282755181583,-0.02245970671685874,0.0,0.0,-0.7465495222150416,1.036903704867044,0.0,0.0,0.4859983361413493,0.5194670871499292,1.777888463440951,-1.9813166059624894,1.8055924538666719,0.0,-0.6423277585062831,-1.3489815189531904,0.0,-0.6281035496273184,1.4361199937765876,0.0,1.3489815189579548,1.3326392318293572,0.46941562367987877,1.2222942486658996,-1.922298664508372,0.9627811647367448,0.0,-2.026773296350439
train,short,UAV_0079,152,0.0918282755181583,-0.02245970671685874,0.0,-0.08993210126375568,-0.7628005014108064,1.036903704867044,0.0,0.0,0.3257758962739872,0.4236172119194903,1.7467581206958818,-2.276406313233491,1.8055924538666719,0.0,-0.6423277585062831,-1.3489815189531904,0.0,-0.6281035496273184,1.4896778013983802,0.0,1.4453373417362418,1.2033865973040931,0.31109269975898834,1.2125378131020386,-1.9560232024821766,0.9736600479541186,0.0,-2.0360547327785343
train,short,UAV_0079,153,0.10761250127181007,-0.1303236630101502,0.0,0.4046944556862267,-0.7628005014108064,1.7897734545173467,0.0,0.0,0.3257758962739872,-0.1953539999055053,1.5409519658812219,-2.0656279508970097,1.9050950777976667,0.0,-0.8101347200898367,-1.3489815189531904,0.0,-0.6142648552432526,1.4361199937765876,0.0,1.4453373417362418,1.2033865973040931,0.10518361710522788,1.1939956247597623,-1.9560232024821766,0.9736600479541186,0.0,-2.1759593035121476
train,short,UAV_0079,154,0.0918282755181583,-0.1303236630101502,0.0,0.35972840505502274,-0.7628005014108064,1.863838004865002,0.0,0.0,-0.5970160094298689,0.1469890036686833,1.5409519658812219,-1.9813166059624894,2.342789695984711,0.0,-0.8101347200898367,-2.02347227842983,0.0,-0.6281035496273184,1.4361199937765876,0.0,1.5416931645240575,0.6195212482417451,0.3208454345223462,1.1939956247597623,-2.090921354377521,0.9573417231280751,0.0,-2.431436139666684
train,short,UAV_0079,155,0.0918282755181583,0.1942076474997269,0.0,-0.22483025315916458,0.44304864568181357,1.7897734545173467,0.0,0.0,-0.8168518425707438,0.1469890036686833,1.7467581206958818,-2.0234722784297854,2.342789695984711,0.0,-0.9257350714032103,-2.6979630379064248,0.0,-0.6281035496273184,1.421328773365003,0.0,1.5416931645240575,0.6195212482417451,0.3208454345223462,1.0678587403067679,-2.090921354377521,0.9573417231280751,0.0,-2.431436139666684
train,short,UAV_0079,156,0.10761250127181007,-0.2026691559541741,0.0,-0.22483025315916458,0.44304864568181357,1.7897734545173467,0.0,0.0,-0.843818970843595,0.1469890036686833,1.7467581206958818,-2.0234722784297854,2.342789695984711,0.0,-0.9257350714032103,-2.6979630379064248,0.0,-0.6328339419282759,1.421328773365003,0.0,1.5416931645240575,0.6195212482417451,0.3208454345223462,1.1939956247597623,-2.090921354377521,1.0443727888669627,0.0,-2.431436139666684
train,short,UAV_0079,157,0.10761250127181007,-0.38275722912702637,0.0,0.35972840505502274,0.49220825938115903,1.7897734545173467,0.0,0.0,-0.843818970843595,-0.5253493069781058,1.8418786124169615,-2.0234722784297854,2.1711752031857774,0.0,-1.1075259464521792,-2.02347227842983,0.0,-0.6328339419282759,1.421328773365003,0.0,1.7344048100901601,1.2212145468938103,0.3208454345223462,1.3621599246809446,-2.057196816403685,1.0062966976062404,0.0,-2.154053213262992
train,short,UAV_0079,158,-0.15832129958718566,-0.38275722912702637,0.0,0.35972840505502274,0.44304864568181357,1.5603890704309602,0.0,0.0,-0.8168518425707438,-0.4304178103527106,1.9421874945955184,-2.0234722784297854,1.9099552732550549,0.0,-1.1392228169736112,-2.6979630379064248,0.0,-0.6397048145820535,1.5480012513472365,0.0,1.5416931645240575,1.3786947682693858,0.49264430952696947,1.445084060411628,-2.057196816403685,1.0062966976062404,0.0,-2.154053213262992
train,short,UAV_0079,159,-0.15832129958718566,-0.38275722912702637,0.0,-1.169117316427027,0.7422008093322304,1.5603890704309602,0.0,0.0,-0.7030982621883568,-0.5253493069781058,2.0424963767740985,-2.276406313233491,1.9099552732550549,0.0,-1.1392228169736112,-2.6979630379064248,0.0,-0.6328339419282759,1.5480012513472365,0.0,1.5416931645240575,1.3786947682693858,0.6712175045472919,1.445084060411628,-2.057196816403685,1.0062966976062404,0.0,-2.154053213262992
train,short,UAV_0079,160,-0.8102269278824472,-0.38275722912702637,0.0,0.6744907594765952,-0.4946354660054728,1.9350262619952892,0.0,0.0,-0.6821670450120836,-0.5253493069781058,1.9421874945955184,-2.318561985700787,2.0012611482183944,0.0,-1.1392228169736112,-2.6979630379064248,0.0,-0.6173406981494941,1.652834511515337,0.0,2.023472278439314,1.3237252570345357,0.6830209006427583,1.4457712284537936,-2.225819506272865,1.000857255997605,0.0,-2.2281619241013044
train,short,UAV_0079,161,-0.8102269278824472,0.016103977298545912,0.0,0.6744907594765952,-0.46896165408993173,1.9379025552126574,0.0,0.0,-0.6171808697807489,-0.5253493069781058,2.0424963767740985,-2.318561985700787,2.0012611482183944,0.0,-1.175580991983295,-2.6979630379064248,0.0,-0.6173406981494941,1.825348175597294,0.0,2.023472278439314,1.3237252570345357,0.7665769788140983,1.445084060411628,-2.5293403480373264,0.9845389311714581,0.0,-2.30577128411769
train,short,UAV_0079,162,-0.8102269278824472,0.5169682717390449,0.0,0.6744907594765952,-0.46896165408993173,2.2607664688640323,0.0,0.0,-0.06907846260676989,-0.4304178103527106,2.310563217078874,-2.276406313233491,2.0012611482183944,0.0,-1.3275395183063525,-2.6979630379064248,0.0,-0.6435364015412247,1.9446049563486916,0.0,1.9271164556562628,1.5465746269056297,0.7665769788140983,1.4105355570277724,-2.6305139619588034,0.9845389311714581,0.0,-2.30577128411769
train,short,UAV_0079,163,-0.7847900571550632,0.6098149496933396,0.0,0.7644228607403509,-0.27717649533102584,2.2665190552987853,0.0,0.0,0.20332136321793973,-0.7109560725433928,2.310563217078874,-2.318561985700787,2.6347826338406155,0.0,-1.4990755234807274,-2.6979630379064248,0.0,-0.609594444600376,1.9446049563486916,0.0,2.023472278439314,1.3296679068977377,0.7665769788140983,1.3734808079568235,-2.5630648860111314,1.000857255997605,0.0,-2.6534807874034314
train,short,UAV_0079,164,-0.2049281832333075,0.6098149496933396,0.0,0.7644228607403509,-0.27717649533102584,2.275867008255313,0.0,0.0,0.3398167485964806,0.10189126171085694,2.310563217078874,-2.318561985700787,2.850652326481362,0.0,-1.538230481183582,-2.6979630379064248,0.0,-0.609594444600376,2.0552755177810544,0.0,2.023472278439314,1.5465746269056297,0.8866980584145137,1.3734808079568235,-2.6642384999326394,1.0824488801277887,0.0,-2.6534807874034314
train,short,UAV_0079,165,-0.15506328777589642,0.9388846626612642,0.0,0.2922793291064198,0.11974058493824097,2.3125397467769533,0.0,0.0,0.27156905590721014,0.1783831618337436,2.33304624239478,-2.3607176581680474,2.9870198408030086,0.0,-1.5186530023321547,-2.6979630379064248,0.0,-0.6244870889640163,2.2347330227814632,0.0,2.07165018983084,1.6966265359521935,1.0128212728926353,1.3098837155874257,-2.6642384999326394,1.2701096156273073,0.0,-2.562849433022249
train,short,UAV_0079,166,-0.2049281832333075,0.5169682717390449,0.0,0.7644228607403509,0.5166576652075078,2.349212485298594,0.0,0.0,0.3398167485964806,0.10189126171085694,2.3555292677106867,-2.529340348037196,3.123387355124655,0.0,-1.538230481183582,-2.6979630379064248,0.0,-0.6054377763868078,2.4141905277818716,0.0,2.216183924005417,1.8466784449987574,0.8866980584145137,1.3734808079568235,-2.6642384999326394,1.4577703511268258,0.0,-2.4722180786410664
train,median,UAV_0021,1,-0.08161311341807159,-0.38497886552201643,0.0,0.17986420252706212,0.010251627290913678,-0.40915271017291044,0.0,0.0,-0.43217118236014246,0.5916306855242093,-0.5499693884963868,1.1382031566167095,-1.1136169705757266,0.0,-0.05686791475898151,1.3489815189531904,0.0,1.3669131353821289,-0.7951253794309352,0.0,-0.5781349366935439,0.3417023671356898,0.4581428793882061,-0.2156975502547626,0.6744907594765952,-0.3916397958251498,0.0,0.06139529132550667
train,median,UAV_0021,2,0.20623859076722945,-0.18687044210052273,0.0,-0.314762354422471,0.24981971423795832,-0.23046299404291584,0.0,0.0,-0.2992209981756937,0.4202373776876917,-0.45744309200406846,0.9485026305139126,-0.9922335809921978,0.0,-0.18691830998626574,0.6744907594765952,0.0,1.3646417454943238,-0.806410904882079,0.0,-0.5781349366935439,-0.20650708274726076,0.5444210216448916,-0.1872645149519679,0.45528126264669233,-0.3372453797383148,0.0,0.3592264630098411
train,median,UAV_0021,3,0.4940902949525305,-0.1196500969638881,0.0,0.17986420252706212,0.010251627290913678,-0.27684322217322277,0.0,0.0,-0.43217118236014246,0.2488440698511741,-0.5499693884963868,0.7588021044111156,-0.8708501914086691,0.0,-0.12399069939244692,1.3489815189531904,0.0,1.3669131353821289,-0.8176964303332228,0.0,-0.5781349366935439,-0.7547165326302113,0.4581428793882061,-0.2156975502547626,0.2360717658167894,-0.2828509636514799,0.0,0.1579543570710611
train,median,UAV_0021,4,0.4940902949525305,-0.1196500969638881,0.0,-0.5395926075816356,0.48938780118500297,-0.27684322217322277,0.0,0.0,-0.16627081399124488,-1.4818559208285378,-0.520568509237143,0.7588021044111156,-0.8708501914086691,0.0,-0.12399069939244692,1.3489815189531904,0.0,1.362370355606519,-0.9511334549905591,0.0,-0.5781349366935439,0.1559945589098029,0.34857341689081395,-0.22445227190161907,0.2360717658167894,-0.26109319721676655,0.0,0.37648955053232613
train,median,UAV_0021,5,0.4940902949525305,-0.1196500969638881,0.0,-0.5395926075816356,-0.4841785321601792,-0.25239472982546257,0.0,0.0,-0.16627081399124488,-1.4818559208285378,-0.520568509237143,0.5058680696074104,-0.8708501914086691,0.0,-0.31696870521355,0.6744907594765952,0.0,1.3504443451833896,-0.8176964303332228,0.0,-0.5781349366935439,-0.53335282522489,0.4581428793882061,-0.2156975502547626,0.4384189936598058,-0.17406213147787883,0.0,0.6570576346941756
train,median,UAV_0021,6,0.4940902949525305,0.011237981320970963,0.0,-0.5395926075816356,0.02676427424051875,-0.25239472982546257,0.0,0.0,-0.3839501168565571,-1.4818559208285378,-0.4029649922001683,0.08431134493452042,-0.859780255169715,0.0,-0.42417870844763056,0.6744907594765952,0.0,1.3504443451833896,-0.8611807472818188,0.0,-0.5781349366935439,-0.53335282522489,0.48368045055467146,-0.22445227190161907,0.4046944556859382,-0.17406213147787883,0.0,0.37648955053232613
train,median,UAV_0021,7,-0.8424578143009918,-0.1196500969638881,0.0,0.35972840505502274,0.02676427424051875,-0.25239472982546257,0.0,0.0,-0.3839501168565571,-1.133825626753388,-0.520568509237143,0.08431134493452042,-0.8543128317990185,0.0,-0.12399069939244692,0.6744907594765952,0.0,1.3663036747278032,-0.8611807472818188,0.0,-0.5781349366935439,-0.53335282522489,0.34857341689081395,-0.25493037554382914,0.4046944556859382,-0.26109319721676655,0.0,0.37648955053232613
train,median,UAV_0021,8,-0.8424578143009918,0.5074904886316328,0.0,-0.5395926075816356,0.02676427424051875,-0.25239472982546257,0.0,0.0,0.24479627434735168,-0.7494040235418975,-0.4029649922001683,0.5058680696074104,-0.8543128317990185,0.0,-0.42417870844763056,0.6744907594765952,0.0,1.3663036747278032,-0.7574093680135998,0.0,-0.5781349366935439,-0.34021670466991716,0.48368045055467146,-0.22445227190161907,0.4384189936598058,-0.17406213147787883,0.0,0.6737607380251482
train,median,UAV_0021,9,-0.8424578143009918,0.5074904886316328,0.0,0.0,-0.4841785321601792,-0.1970260853908474,0.0,0.0,0.009643116164053495,1.3296076632783165,-0.4029649922001683,0.1686226898691128,-0.8543128317990185,0.0,-0.43536583921987476,0.6744907594765952,0.0,1.3982371509258327,-0.7468375866940081,0.0,-0.5781349366935439,-0.53335282522489,0.48368045055467146,-0.4187182236754994,0.47214353163361034,-0.05983385769550469,0.0,0.6737607380251482
train,median,UAV_0021,10,-0.6143242256789142,0.222486832106589,0.0,-0.08993210126375568,-0.702411263107261,-0.08053621008673377,0.0,0.0,0.24479627434735168,-0.6537184607028019,-0.4254480175160632,0.4637123971401142,-0.8474833838165496,0.0,-0.43536583921987476,0.6744907594765952,0.0,1.3982371509258327,-0.7574093680135998,0.0,-0.6744907594813595,-0.7606591824934134,0.4834237583459294,-0.4187182236754994,0.47214353163361034,-0.07615218252154829,0.0,0.7598238062943765
train,median,UAV_0021,11,-0.35193292803862286,-0.30339458135606817,0.0,-0.08993210126375568,-0.702411263107261,-0.08053621008673377,0.0,0.0,0.24479627434735168,-0.6375708646370744,-0.4254480175160632,0.5480237420747066,-0.8474833838165496,0.0,-0.27967826930610584,0.6744907594765952,0.0,1.3982371509258327,-0.7574093680135998,0.0,-0.7708465822644108,-0.7606591824934134,0.41034605039477545,-0.4040319947844599,0.6407662215027591,-0.07615218252154829,0.0,0.7598238062943765
train,median,UAV_0021,12,-0.3256635953625401,-0.9185266230298188,0.0,-0.22483025315916458,-0.702411263107261,-0.31279688739052103,0.0,0.0,0.009643116164053495,0.9481346519180166,-0.37875250339847066,0.5480237420747066,-0.6148005642603316,0.0,-0.27967826930610584,0.0,0.0,1.3972192523284555,-0.7468375866940081,0.0,-0.8672024050474623,-0.7562021950960212,0.41034605039477545,-0.40172445753011443,0.6407662215027591,-0.07615218252154829,0.0,0.3422244529560427
train,median,UAV_0021,13,-0.3256635953625401,-1.2056593092557641,0.0,-0.08993210126375568,0.024536455652733734,0.020853125826049968,0.0,0.0,-0.15173123356235302,0.2478134136050708,-0.37875250339847066,0.8852691218130042,-0.6148005642603316,0.0,-0.27967826930610584,0.0,0.0,1.3972192523284555,-0.7002825032856885,0.0,-0.8672024050474623,-0.7606591824934134,0.29511945602125483,-0.4040319947844599,0.6407662215027591,-0.26109319721676655,0.0,0.3422244529560427
train,median,UAV_0021,14,-0.3256635953625401,-1.2056593092557641,0.0,-0.08993210126375568,0.024536455652733734,-0.23369882391247138,0.0,0.0,-0.47420587440298184,0.007983415821201198,-0.37875250339847066,0.8852691218130042,-0.8358365589710111,0.0,-0.27967826930610584,0.0,0.0,1.3954140462819034,-0.7181090580889764,0.0,-0.8672024050474623,-0.7562021950960212,0.29511945602125483,-0.40172445753011443,0.7082152974504312,-0.26109319721676655,0.0,0.8465766958961469
train,median,UAV_0021,15,-0.3256635953625401,-0.9185266230298188,0.0,-0.22483025315916458,0.039576883609613124,-0.23369882391247138,0.0,0.0,-0.47420587440298184,0.007983415821201198,-0.16084010418291597,0.8852691218130042,-0.8358365589710111,0.0,-0.28993313918069974,0.0,0.0,1.3954140462819034,-0.7181090580889764,0.0,-0.8672024050474623,-0.7562021950960212,0.29511945602125483,-0.4040319947844599,0.7082152974504312,-0.26109319721676655,0.0,0.6538513231758082
train,median,UAV_0021,16,0.34428520186994216,-0.9185266230298188,0.0,0.044966050632102475,0.7487546235845189,-0.23369882391247138,0.0,0.0,-0.47420587440298184,0.2478134136050708,-0.37875250339847066,0.9274247942803003,-0.8358365589710111,0.0,-0.3729043590748811,0.0,0.0,1.4221498415352358,-0.7181090580889764,0.0,-0.8672024050474623,-0.8037433940018595,0.29511945602125483,-0.40172445753011443,0.7082152974504312,-0.05439441608680051,0.0,0.6538513231758082
train,median,UAV_0021,17,0.31492052591828035,-0.5124333116288098,0.0,1.034219164531618,0.7487546235845189,-0.07622177026066515,0.0,0.0,-0.15173123356235302,0.007983415821201198,-0.16084010418291597,0.7588021044111156,-1.185306381457332,0.0,-0.3934140988239589,0.0,0.0,1.4221498415352358,-0.7608868581894438,0.0,-0.8672024050474623,-0.8037433940018595,0.45805606917732533,-0.2308101766690151,0.7082152974504312,-0.05439441608680051,0.0,0.8465766958961469
train,median,UAV_0021,18,-0.44868306312431355,-0.5124333116288098,0.0,0.044966050632102475,0.039576883609613124,-0.07622177026066515,0.0,0.0,-0.19502496728003985,0.007983415821201198,-0.09512049172107984,0.5901794145420027,-0.8358365589710111,0.0,-0.3934140988239589,0.6744907594765952,0.0,1.4221498415352358,-0.8352138370977796,0.0,-0.7708465822644108,-0.7888867693437989,0.45805606917732533,-0.2308101766690151,0.7082152974504312,-0.05439441608680051,0.0,0.8465766958961469
train,median,UAV_0021,19,0.31492052591828035,0.4176342104569058,0.0,0.044966050632102475,0.039576883609613124,-0.07622177026066515,0.0,0.0,-0.15077087358285746,-0.4483533990338841,-0.09512049172107984,0.3372453797382976,-1.1780411331738305,0.0,-0.3934140988239589,0.6744907594765952,0.0,1.4480547545516729,-0.8352138370977796,0.0,-0.7708465822644108,-0.7888867693437989,0.5818106160721728,-0.20141802898419858,0.6407662215027591,-0.05439441608680051,0.0,0.6538513231758082
train,median,UAV_0021,20,0.34428520186994216,0.43519084033823296,0.0,0.26979630379126707,0.7487546235845189,-0.07622177026066515,0.0,0.0,-0.15077087358285746,0.2754067137024256,-0.46868460466202744,0.5901794145420027,-1.1780411331738305,0.0,-0.27035566032927233,0.6744907594765952,0.0,1.4480547545516729,-0.8352138370977796,0.0,-0.7708465822644108,-0.53335282522489,0.4428272876653862,-0.13176953358558408,0.7756643733980718,0.021757766434713312,0.0,0.24876699339657082
train,median,UAV_0021,21,0.31492052591828035,0.43519084033823296,0.0,0.26979630379126707,-0.480965629738926,-0.07622177026066515,0.0,0.0,-0.15077087358285746,0.2754067137024256,-0.46868460466202744,0.3372453797382976,-1.1780411331738305,0.0,-0.27035566032927233,0.6744907594765952,0.0,1.3880341565395595,-0.7608868581894438,0.0,-0.7708465822644108,-0.53335282522489,0.4428272876653862,-0.13176953358558408,0.6407662215027591,-0.1577438066517663,0.0,0.9557382052635552
train,median,UAV_0021,22,-0.18039918443361858,-0.5579664307127068,0.0,0.26979630379126707,-0.480965629738926,0.24232770356464126,0.0,0.0,0.5490699760867908,0.754166624754953,-0.5776408042697817,0.3372453797382976,-0.5544502673581638,0.0,-0.27035566032927233,0.6744907594765952,0.0,1.4248076339241493,-0.7266448068221826,0.0,-0.4817791139152568,-0.4219281402893059,0.4428272876653862,-0.220874960930271,0.8093889113719079,-0.23933543078205324,0.0,0.4810957440323281
train,median,UAV_0021,23,0.3445653489433037,-0.5579664307127068,0.0,0.26979630379126707,0.4650750357364467,-0.14884817399962005,0.0,0.0,1.3468257376362092,1.0292651259980794,-0.5776408042697817,0.3372453797382976,-0.5544502673581638,0.0,-0.27035566032927233,0.6744907594765952,0.0,1.3880341565395595,-0.6260381451449952,0.0,-0.3854232911322054,-0.53335282522489,0.4428272876653862,-0.220874960930271,0.5395926075812509,-0.23933543078205324,0.0,0.4810957440323281
train,median,UAV_0021,24,0.3445653489433037,-0.5579664307127068,0.0,0.17986420252706212,0.4650750357364467,-0.14884817399962005,0.0,0.0,0.5490699760867908,1.4333652779377672,-0.5776408042697817,0.04215567246729619,-0.5544502673581638,0.0,-0.27035566032927233,0.0,0.0,1.3880341565395595,-0.6260381451449952,0.0,-0.3854232911322054,-0.53335282522489,0.4428272876653862,-0.32503221916370595,0.5395926075812509,-0.23933543078205324,0.0,0.822360681867064
train,median,UAV_0021,25,0.21373951075025183,-0.5579664307127068,0.0,0.17986420252706212,-0.283988174830825,-0.24664214339069354,0.0,0.0,-0.03087535223793553,1.0292651259980794,-0.5776408042697817,0.04215567246729619,-0.08235453579652913,0.0,-0.5062176674440516,0.0,0.0,1.4050472764355293,-0.607321157287291,0.0,-0.4817791139152568,-0.5526664372803799,0.4733611598347176,-0.3486578081591744,0.5395926075812509,-0.23933543078205324,0.0,0.822360681867064
train,median,UAV_0021,26,0.9048362455277227,-0.8021393470759108,0.0,0.8543549620041067,-0.283988174830825,-0.24664214339069354,0.0,0.0,-0.03087535223793553,0.754166624754953,-0.5724524138122817,0.2529340348037052,-0.2630689160919542,0.0,-0.5276596680908897,0.0,0.0,1.4050472764355293,-0.607321157287291,0.0,-0.4817791139152568,-0.27039056877696943,0.5504401836057354,-0.3486578081591744,0.4384189936598058,-0.23933543078205324,0.0,0.5914505860969096
train,median,UAV_0021,27,0.9048362455277227,-0.8021393470759108,0.0,-0.1348981518954089,-0.283988174830825,-0.42712954278155957,0.0,0.0,-0.03087535223793553,0.7104242356889559,-0.5724524138122817,0.5058680696074104,-0.2630689160919542,0.0,-0.18738444043509092,0.0,0.0,1.3709119330606536,-0.607321157287291,0.0,-0.6744907594813595,-0.27039056877696943,0.5504401836057354,-0.3812658333334276,0.4384189936598058,-0.23933543078205324,0.0,0.822360681867064
train,median,UAV_0021,28,0.34656513045092147,-0.3569486518263699,0.0,-0.1348981518954089,-0.4796608955849013,-0.5731014235638114,0.0,0.0,-0.03087535223793553,0.6104989626702185,-0.5724524138122817,0.5058680696074104,-0.6602573715113946,0.0,-0.5276596680908897,0.6744907594765952,0.0,1.3709119330606536,-0.5501471786137767,0.0,-0.8672024050474623,0.09953938520910596,0.5504401836057354,-0.37359787258559407,0.5395926075812509,-0.23933543078205324,0.0,1.1591047346832943
train,median,UAV_0021,29,0.33123207874573746,-0.07951783735632227,0.0,0.314762354422471,-0.283988174830825,-0.42712954278155957,0.0,0.0,-0.04101417788272607,0.04604154482068731,-0.09339102823525415,0.5480237420747066,-1.1515760437440203,0.0,-0.5276596680908897,0.6744907594765952,0.0,1.3432207867608035,-0.5501471786137767,0.0,-0.6744907594813595,0.09953938520910596,0.4733611598347176,-0.37359787258559407,0.8768379873195801,-0.37532147099910623,0.0,0.7135913366805129
train,median,UAV_0021,30,0.33123207874573746,0.1114264561298479,0.0,-0.08993210126375568,-0.4554776756634159,-0.11145636217363769,0.0,0.0,-0.04101417788272607,0.04604154482068731,-0.326868598823332,0.5480237420747066,-1.1515760437440203,0.0,-0.5425758424537354,0.6744907594765952,0.0,1.3432207867608035,-0.5501471786137767,0.0,-0.8672024050474623,0.12628130959364467,0.35602821630564363,-0.37359787258559407,0.8768379873195801,-0.37532147099910623,0.0,1.1591047346832943
train,median,UAV_0021,31,0.33123207874573746,0.20360900404149956,0.0,-0.314762354422471,-0.4554776756634159,-0.42712954278155957,0.0,0.0,0.3402392574453976,-0.26715630683086256,-0.326868598823332,0.5480237420747066,-1.1515760437440203,0.0,-0.5425758424537354,0.6744907594765952,0.0,1.3631421361972877,-0.5241492869025988,0.0,-0.9635582278305136,0.09953938520910596,0.20515975229503633,-0.37359787258559407,0.8768379873195801,-0.271972080434106,0.0,1.1591047346832943
train,median,UAV_0021,32,-0.13593939837253466,1.0420246942385956,0.0,-0.08993210126375568,-0.4554776756634159,-0.11145636217363769,0.0,0.0,-0.45386237190318146,-0.26715630683086256,-0.0588017585185334,0.5480237420747066,-0.5046627956927252,0.0,-0.5425758424537354,0.6744907594765952,0.0,1.3631421361972877,-0.5241492869025988,0.0,-0.8672024050474623,-0.05645517370069693,0.20515975229503633,-0.37359787258559407,0.8768379873195801,-0.28829040526014954,0.0,0.8804187669083081
train,median,UAV_0021,33,-0.13593939837253466,1.0420246942385956,0.0,0.314762354422471,0.7111035123486547,-0.11145636217363769,0.0,0.0,-0.664400658086757,-0.26715630683086256,-0.0588017585185334,0.5480237420747066,-0.5046627956927252,0.0,-0.5034208847509906,0.6744907594765952,0.0,1.3900640690879873,-0.8625588009242005,0.0,-0.9635582278305136,-0.8275139934547786,0.20515975229503633,-0.1806434185075223,0.843113449345744,-0.271972080434106,0.0,0.8743078099774827
train,median,UAV_0021,34,0.4902931601643119,1.2486442973417002,0.0,-0.08993210126375568,0.7111035123486547,-0.0402681050433832,0.0,0.0,-0.7695790712277264,0.013869175518903603,-0.326868598823332,0.3794010522055218,-0.3947934631631083,0.0,-0.5034208847509906,0.6744907594765952,0.0,1.392817843538396,-0.8625588009242005,0.0,-0.9635582278305136,-0.8275139934547786,0.20515975229503633,-0.446670532767508,0.843113449345744,-0.23389598917338353,0.0,0.8743078099774827
train,median,UAV_0021,35,0.4902931601643119,1.2486442973417002,0.0,-0.5395926075816356,0.7111035123486547,-0.4220960296511326,0.0,0.0,-0.7695790712277264,0.013869175518903603,-0.013835707886720507,0.5480237420747066,-0.3947934631631083,0.0,-0.4978273193648684,0.6744907594765952,0.0,1.392817843538396,-0.875374524692021,0.0,-0.8672024050474623,-0.8275139934547786,0.45471253383959886,-0.446670532767508,0.6070416835289231,-0.23389598917338353,0.0,0.5147028128985943
train,median,UAV_0021,36,-0.5205399038168412,1.2486442973417002,0.0,-0.5395926075816356,0.7111035123486547,-0.38470421782515024,0.0,0.0,-0.7695790712277264,0.013869175518903603,-0.013835707886720507,0.4637123971401142,-0.8114625361094356,0.0,-0.4978273193648684,0.6744907594765952,0.0,1.3900640690879873,-0.875374524692021,0.0,-0.4817791139152568,-0.8275139934547786,0.45471253383959886,-0.568366832024489,0.6070416835289231,-0.23389598917338353,0.0,0.4539406443734856
train,median,UAV_0021,37,-0.23150240688134963,0.8021567627593814,0.0,-0.8093889113720042,-0.48827772556890386,-0.38470421782515024,0.0,0.0,-0.6567531441776104,0.013869175518903603,-0.5880175851848048,0.5058680696074104,-1.032009574219697,0.0,-0.3915495770285482,0.6744907594765952,0.0,1.3663731163125343,-0.8625588009242005,0.0,-0.8672024050474623,-1.1097898619582263,0.26413030719755276,-0.446670532767508,0.6070416835289231,-0.08703106573888772,0.0,0.1493430097217489
train,median,UAV_0021,38,-0.23150240688134963,0.8021567627593814,0.0,-0.8093889113720042,-0.48827772556890386,-0.38470421782515024,0.0,0.0,-0.6567531441776104,-0.5322629845739838,-0.5880175851848048,0.4637123971401142,-1.032009574219697,0.0,-0.4978273193648684,0.6744907594765952,0.0,1.3663731163125343,-0.695226062165348,0.0,-0.6744907594813595,-1.1097898619582263,0.26413030719755276,-0.446670532767508,0.6070416835289231,-0.07615218252154829,0.0,0.1493430097217489
train,median,UAV_0021,39,-0.23150240688134963,0.5403091581482566,0.0,-0.8093889113720042,-0.48827772556890386,-0.38470421782515024,0.0,0.0,-0.5860862474647283,-0.5322629845739838,-0.20753561830055456,0.5058680696074104,-1.032009574219697,0.0,-0.3915495770285482,0.6744907594765952,0.0,1.3581092678316613,-0.6689956801748353,0.0,-0.6744907594813595,-1.5985728132088974,0.26413030719755276,-0.009067564709945445,0.6070416835289231,-0.07615218252154829,0.0,0.4539406443734856
train,median,UAV_0021,40,-0.23150240688134963,-0.30468613625793073,0.0,-0.35972840505502274,0.02309916303868006,-0.38470421782515024,0.0,0.0,-0.5228261536881645,1.797099466737603,-0.5067328013504455,0.4637123971401142,-0.8089603465660984,0.0,-0.3915495770285482,0.6744907594765952,0.0,1.3581092678316613,-0.561633352022033,0.0,-0.4817791139152568,-1.5985728132088974,0.0840593662344417,-0.009067564709945445,0.5395926075812509,-0.07615218252154829,0.0,0.5094358362717262
train,median,UAV_0021,41,0.2538853345631771,-0.30468613625793073,0.0,-0.35972840505502274,0.6846717582801902,-0.34731240599916785,0.0,0.0,0.7430253397462211,1.797099466737603,-0.5067328013504455,0.3794010522055218,-0.8089603465660984,0.0,-0.3915495770285482,0.0,0.0,1.3924876289125083,-0.6097651424856516,0.0,-0.6744907594813595,-1.5985728132088974,0.0840593662344417,-0.009067564709945445,0.5395926075812509,-0.07615218252154829,0.0,0.5094358362717262
train,median,UAV_0021,42,0.2538853345631771,-0.41422284705582485,0.0,-0.26979630379126707,0.6846717582801902,-0.34731240599916785,0.0,0.0,0.7430253397462211,0.6346987979849903,-0.20753561830055456,0.29508970727100137,-0.6406778839578223,0.0,-0.48757244949027456,0.0,0.0,1.398373850419791,-0.561633352022033,0.0,-0.6744907594813595,-1.396522717859103,0.2692589914530488,-0.20716613250934487,0.5395926075812509,-0.271972080434106,0.0,0.7538707616222943
train,median,UAV_0021,43,0.06046779318844046,-0.41422284705582485,0.0,-0.35972840505502274,0.26003429138762085,-0.3142350339992378,0.0,0.0,0.7430253397462211,0.6346987979849903,-0.3009266465357627,0.29508970727100137,-0.7608060955082181,0.0,-0.34307201034874985,0.0,0.0,1.3924876289125083,-0.561633352022033,0.0,-0.7708465822644108,-0.6522058224894487,0.2692589914530488,-0.20716613250934487,0.7082152974504312,-0.271972080434106,0.0,0.7299559861172696
train,median,UAV_0021,44,-0.11609665605207649,-0.30468613625793073,0.0,-0.26979630379126707,0.26003429138762085,-0.34731240599916785,0.0,0.0,0.13243724617985211,-0.10547699773585462,-0.4150712366010631,0.210778362336409,-0.7455108329721789,0.0,-0.4223141866522198,0.0,0.0,1.3924876289125083,-0.5344778962088809,0.0,-0.8672024050474623,-0.4486700646738446,0.3364820755606634,-0.23842307722626174,0.4046944556859382,-0.271972080434106,0.0,0.7403233977080973
train,median,UAV_0021,45,-0.11609665605207649,-0.7669478240812828,0.0,-0.35972840505502274,0.26003429138762085,-0.34731240599916785,0.0,0.0,-0.3253638437033156,-0.15738123532102713,-0.3009266465357627,0.04215567246729619,-0.7455108329721789,0.0,-0.4223141866522198,0.0,0.0,1.3801015772448446,-0.5344778962088809,0.0,-0.8672024050474623,-0.4486700646738446,0.3364820755606634,-0.23842307722626174,0.5733171455551186,-0.24477487239072296,0.0,0.7299559861172696
train,median,UAV_0021,46,-0.1706554894827178,0.6580227605851189,0.0,-0.1348981518954089,0.26003429138762085,-0.508384826172668,0.0,0.0,-0.3892797406470737,-0.15960335107747456,-0.11587405355114909,0.210778362336409,-0.4040579960903016,0.0,-0.37476888087018184,0.0,0.0,1.3504637836745494,-0.5344778962088809,0.0,-0.9635582278305136,-0.5690087244042502,0.3364820755606634,-0.23842307722626174,0.5733171455551186,-0.15230436504309658,0.0,0.7299559861172696
train,median,UAV_0021,47,-0.1706554894827178,0.6580227605851189,0.0,-0.1348981518954089,0.25478033146379325,-0.508384826172668,0.0,0.0,-0.3892797406470737,-0.15960335107747456,-0.3009266465357627,0.29508970727100137,-0.7455108329721789,0.0,-0.34307201034874985,-0.6744907594765952,0.0,1.3504637836745494,-0.41461543659614647,0.0,-0.8672024050474623,-0.5690087244042502,0.3364820755606634,-0.1675581149511635,0.8093889113719079,-0.15230436504309658,0.0,0.7299559861172696
train,median,UAV_0021,48,-0.1706554894827178,0.6580227605851189,0.0,-0.1348981518954089,0.25478033146379325,-0.660828366694031,0.0,0.0,-0.3253638437033156,-0.43897913076655387,-0.4150712366010631,0.210778362336409,-0.7455108329721789,0.0,-0.37476888087018184,-0.6744907594765952,0.0,1.3801015772448446,-0.41063495149785006,0.0,-0.7708465822644108,-0.5690087244042502,0.3364820755606634,-0.23842307722626174,0.5733171455551186,-0.15230436504309658,0.0,0.6693439668837647
train,median,UAV_0021,49,-0.18272033180784752,0.8752142064325044,0.0,-0.35972840505502274,-0.4755498511784588,-0.660828366694031,0.0,0.0,-0.23863325352230597,-0.43897913076655387,-0.41161230962936574,0.1686226898691128,-0.4159418434458939,0.0,-0.2619653122501991,-0.6744907594765952,0.0,1.3625886067163135,-0.41063495149785006,0.0,-0.7708465822644108,-0.6982613589295515,0.3575457561766866,-0.2700337328557033,0.5733171455551186,-0.14686492343442686,0.0,0.6693439668837647
train,median,UAV_0021,50,-0.18272033180784752,0.8752142064325044,0.0,0.044966050632102475,-0.42061799287869134,-0.48321726052053315,0.0,0.0,0.1912882381441403,-0.3885606407442037,-0.67622022296249,0.632335087009299,-0.4159418434458939,0.0,-0.2619653122501991,-0.6744907594765952,0.0,1.3625886067163135,-0.41063495149785006,0.0,-0.3854232911322054,-0.9567666279800427,0.4205567225615814,-0.30401043624456514,0.47214353163361034,-0.24477487239072296,0.0,0.6693439668837647
train,median,UAV_0021,51,-0.18272033180784752,0.3098603358122109,0.0,-0.4946265569499824,-0.42061799287869134,-0.48321726052053315,0.0,0.0,0.1912882381441403,0.06553753922809336,-0.8232246192587084,0.6744907594765952,-0.5720901384790043,0.0,-0.2619653122501991,0.6744907594765952,0.0,1.3639930112770577,-0.41063495149785006,0.0,-0.3854232911322054,-0.9745945775697229,0.6774789287051616,-0.35319309382117514,0.47214353163361034,-0.25565375560809683,0.0,0.6693439668837647
train,median,UAV_0021,52,-0.18272033180784752,0.6162326530877072,0.0,-0.9892531138995155,-0.43909814871132785,-0.44942081521630994,0.0,0.0,0.1912882381441403,0.06553753922809336,-0.8232246192587084,0.1686226898691128,-0.5720901384790043,0.0,-0.4027367078007924,0.6744907594765952,0.0,1.3639930112770577,-0.7268444461869723,0.0,-0.7708465822644108,-0.9567666279800427,0.6774789287051616,-0.35319309382117514,0.4046944556859382,-0.25565375560809683,0.0,0.6693439668837647
train,median,UAV_0021,53,0.18648197375442385,0.4749386278488846,0.0,-0.4946265569499824,-0.43909814871132785,-0.12799504817360272,0.0,0.0,0.1912882381441403,0.06553753922809336,-0.7402103719385004,0.3372453797382976,-0.5720901384790043,0.0,-0.4027367078007924,0.6744907594765952,0.0,1.3639930112770577,-0.7268444461869723,0.0,-0.7708465822644108,-0.9567666279800427,0.6774789287051616,-0.30401043624456514,0.47214353163361034,-0.25565375560809683,0.0,0.6507954756792621
train,median,UAV_0021,54,0.4622689199179088,-0.18442137733544775,0.0,-0.4946265569499824,-0.42061799287869134,-0.0553686444346315,0.0,0.0,-0.3224525787196692,1.0674428891526635,-0.7402103719385004,0.3372453797382976,-0.6739264177941807,0.0,-0.4027367078007924,1.3489815189531904,0.0,1.3838278609614343,-0.7559139779128856,0.0,-0.7708465822644108,-0.7309459331772922,0.6889142590993438,-0.34321800836976524,0.5058680696074463,-0.25565375560809683,0.0,0.561401664709073
train,median,UAV_0021,55,0.6577269173858274,0.4749386278488846,0.0,-0.8093889113720042,-0.23061684809585875,-0.11864709521709081,0.0,0.0,-0.3224525787196692,1.0674428891526635,-0.7402103719385004,0.3372453797382976,-0.6739264177941807,0.0,-0.45494331807130217,0.6744907594765952,0.0,1.385883687766242,-0.994242706863351,0.0,-0.7708465822644108,-0.7309459331772922,0.6774789287051616,-0.34321800836976524,0.5058680696074463,-0.20125933952126185,0.0,0.5051433524488371
train,median,UAV_0021,56,0.4622689199179088,0.4749386278488846,0.0,-0.9892531138995155,-0.23061684809585875,-0.11864709521709081,0.0,0.0,-0.5688455836118795,1.0674428891526635,-0.5257568996946431,-0.1264670174018886,-0.6739264177941807,0.0,-0.5705436693844559,0.6744907594765952,0.0,1.385883687766242,-0.8728450165161113,0.0,-0.8672024050474623,-0.7309459331772922,0.6335686202156451,-0.34321800836976524,0.5058680696074463,-0.20125933952126185,0.0,0.4904596097588037
train,median,UAV_0021,57,0.7500363864195224,-0.492306625585643,0.0,-0.9892531138995155,-0.23061684809585875,-0.12799504817360272,0.0,0.0,-0.5688455836118795,0.9374825199881659,-0.5257568996946431,0.3372453797382976,-0.5699466404658049,0.0,-0.45494331807130217,0.6744907594765952,0.0,1.385883687766242,-0.7559139779128856,0.0,-0.6744907594813595,-0.6224925731733276,0.6335686202156451,-0.34321800836976524,0.5733171455551186,-0.21213822273860128,0.0,0.4904596097588037
train,median,UAV_0021,58,0.4622689199179088,-0.8926262564835721,0.0,-0.9892531138995155,0.25591802325055835,-0.33652630643397186,0.0,0.0,-0.13180665508347358,0.9374825199881659,-0.5257568996946431,0.42155672467288996,-0.41699129314193795,0.0,-0.45494331807130217,0.6744907594765952,0.0,1.3881372937831271,-0.773274032073136,0.0,-0.6744907594813595,-0.6224925731733276,0.750265852340524,-0.39572651754049687,0.5058680696074463,-0.21213822273860128,0.0,0.5051433524488371
train,median,UAV_0021,59,0.8710723662859045,-0.492306625585643,0.0,-0.8093889113720042,0.25591802325055835,-0.33940259965134006,0.0,0.0,0.3516279005827486,0.5666019163020843,-0.7108094926792567,0.5058680696074104,-0.41699129314193795,0.0,-0.45494331807130217,0.0,0.0,1.385883687766242,-0.773274032073136,0.0,-0.6744907594813595,-0.6224925731733276,0.6335686202156451,-0.39572651754049687,0.4046944556859382,-0.30460873008622763,0.0,0.5051433524488371
train,median,UAV_0021,60,0.36519667640410824,-0.492306625585643,0.0,-0.44966050631877846,0.25591802325055835,-0.4580496948684309,0.0,0.0,-0.13180665508347358,0.5666019163020843,-0.7540460798251979,0.42155672467288996,-0.4358812810495433,0.0,-0.446552969992119,0.0,0.0,1.3881372937831271,-0.773274032073136,0.0,-0.8672024050474623,-0.6224925731733276,0.750265852340524,-0.148949277857129,0.5733171455551186,-0.30460873008622763,0.0,0.508063200432022
train,median,UAV_0021,61,0.36519667640410824,0.8395279089621753,0.0,-0.44966050631877846,-0.264685855921645,-0.33940259965134006,0.0,0.0,0.10742149819009804,0.5666019163020843,-0.7540460798251979,0.42155672467288996,-0.5092208939933215,0.0,-0.2740847039198738,0.6744907594765952,0.0,1.3998587044695487,-0.5592901217972341,0.0,-0.8672024050474623,-0.16342287123881463,0.750265852340524,-0.148949277857129,0.5733171455551186,-0.30460873008622763,0.0,0.8383405146673221
train,median,UAV_0021,62,0.09948962370631376,0.8395279089621753,0.0,-0.22483025315916458,0.25591802325055835,-0.33652630643397186,0.0,0.0,-0.13180665508347358,-0.04782906434833182,-0.7540460798251979,0.5058680696074104,-0.4358812810495433,0.0,-0.319765487906611,0.0,0.0,1.3998587044695487,-0.6758256585307102,0.0,-0.8672024050474623,-0.16342287123881463,0.3362527245100323,-0.2479112820452555,1.0454606771887605,-0.30460873008622763,0.0,0.9034767657044512
train,median,UAV_0021,63,-0.02409015000228374,0.8395279089621753,0.0,-0.04496605063165321,-0.264685855921645,-0.23369882391247138,0.0,0.0,-0.1488945182129671,0.5666019163020843,-0.5499693884963868,0.1264670174018886,-0.4358812810495433,0.0,-0.2517104423754953,0.6744907594765952,0.0,1.326974075135016,-0.6758256585307102,0.0,-0.8672024050474623,-0.924082053732265,0.3362527245100323,-0.2479112820452555,1.0454606771887605,-0.30460873008622763,0.0,0.8383405146673221
train,median,UAV_0021,64,-0.1501407788490774,-0.751411782359922,0.0,-0.44966050631877846,-0.264685855921645,-0.23369882391247138,0.0,0.0,-0.5877123319012605,-0.04782906434833182,-0.5067328013504455,0.1264670174018886,-0.5092208939933215,0.0,-0.2433200942963121,0.6744907594765952,0.0,1.3998587044695487,-0.6758256585307102,0.0,-0.5781349366935439,-0.924082053732265,0.3362527245100323,-0.31626371978413165,1.112909753136401,-0.38076091260777595,0.0,0.8383405146673221
train,median,UAV_0021,65,-0.3963229619524921,-0.751411782359922,0.0,-0.04496605063165321,-0.264685855921645,-0.23369882391247138,0.0,0.0,-0.1488945182129671,0.7127409432117283,-0.4427426523744581,0.1264670174018886,-0.7416732606934635,0.0,-0.2433200942963121,0.6744907594765952,0.0,1.3317503554192038,-0.44856318612236074,0.0,-0.4817791139152568,-0.8111717063309083,0.3362527245100323,-0.4671061474949857,1.0454606771887605,-0.38076091260777595,0.0,0.781022394676239
train,median,UAV_0021,66,-0.3963229619524921,-0.7863682026475931,0.0,-0.04496605063165321,0.028935313137844282,-0.23369882391247138,0.0,0.0,-0.5877123319012605,0.5775364037761908,-0.46868460466202744,0.5901794145420027,-0.2306470876694344,0.0,-0.2433200942963121,0.6744907594765952,0.0,1.3317503554192038,-0.5060011756777371,0.0,-0.4817791139152568,-0.8111717063309083,0.39435519297877564,-0.513541583520805,0.7756643733980718,-0.38076091260777595,0.0,0.6693623318263932
train,median,UAV_0021,67,-0.5079468710366088,-0.7863682026475931,0.0,-0.314762354422471,0.028935313137844282,-0.23369882391247138,0.0,0.0,-1.1167766894195488,0.5775364037761908,-0.4427426523744581,0.29508970727100137,-0.5764959157717211,0.0,-0.11000678592703164,0.6744907594765952,0.0,1.3317503554192038,-0.5060011756777371,0.0,-0.4817791139152568,-0.8111717063309083,0.39435519297877564,-0.513541583520805,0.6407662215027591,-0.38076091260777595,0.0,0.6693623318263932
train,median,UAV_0021,68,-0.5079468710366088,0.4554255499137269,0.0,-0.314762354422471,0.028935313137844282,-0.1970260853908474,0.0,0.0,-0.5877123319012605,0.5775364037761908,-0.4427426523744581,0.29508970727100137,-0.7488585970683684,0.0,-0.1025486987456088,0.6744907594765952,0.0,1.3878595999882462,-0.44856318612236074,0.0,-0.4817791139152568,-0.10845336000389036,0.373971824204485,-0.513541583520805,0.7082152974504312,-0.3100481716949318,0.0,0.6778707924607857
train,median,UAV_0021,69,-0.3963229619524921,0.4554255499137269,0.0,-0.314762354422471,0.7240143696367782,-0.1948688654777723,0.0,0.0,-0.3180398570212427,1.4273165845832831,-0.4427426523744581,0.210778362336409,-0.5764959157717211,0.0,-0.11000678592703164,0.6744907594765952,0.0,1.3317503554192038,-0.5060011756777371,0.0,-0.4817791139152568,-0.21987804493951155,0.373971824204485,-0.513541583520805,0.6407662215027591,-0.3100481716949318,0.0,0.6778707924607857
train,median,UAV_0021,70,-0.4383755004029216,0.4554255499137269,0.0,-0.314762354422471,0.7240143696367782,-0.1948688654777723,0.0,0.0,-0.3180398570212427,0.5775364037761908,-0.2801730847056934,0.2529340348037052,-0.5764959157717211,0.0,-0.11000678592703164,0.6744907594765952,0.0,1.3878595999882462,-0.5421070750263929,0.0,-0.8672024050474623,-0.21987804493951155,0.31704698557962463,-0.513541583520805,0.4046944556859382,-0.3100481716949318,0.0,0.5349161199790173
train,median,UAV_0021,71,0.3647806727891413,0.5680788974306286,0.0,-0.7644228607403509,-0.2406301776124151,-0.17689203286912314,0.0,0.0,-0.3180398570212427,0.41464291922090923,-0.2801730847056934,0.2529340348037052,-0.7488585970683684,0.0,-0.11000678592703164,0.0,0.0,1.3363920511168637,-0.5791946072064882,0.0,-0.8672024050474623,-0.2273063572685233,0.25350412476813344,-0.3997909858654145,0.47214353163361034,-0.3100481716949318,0.0,0.6185143755087351
train,median,UAV_0021,72,0.5392279397159052,0.5680788974306286,0.0,-0.5395926075816356,-0.2406301776124151,-0.17689203286912314,0.0,0.0,-0.17019097969086752,0.41464291922090923,-0.2006177643571828,0.210778362336409,-0.7488585970683684,0.0,-0.1025486987456088,0.0,0.0,1.370727380768344,-0.7890505566907571,0.0,-0.7708465822644108,-0.2273063572685233,0.31704698557962463,-0.3997909858654145,0.47214353163361034,-0.32636649652094096,0.0,0.5349161199790173
train,median,UAV_0021,73,0.3647806727891413,0.5023645192156865,0.0,-0.5395926075816356,-0.2406301776124151,-0.11433265539100589,0.0,0.0,-0.11593295912772399,-0.17795894833986145,-0.2006177643571828,0.2529340348037052,-1.3438622106266045,0.0,0.0419517403958059,0.0,0.0,1.370727380768344,-0.7890505566907571,0.0,-0.6744907594813595,-0.8082003813992887,0.31704698557962463,-0.6509530422899927,0.47214353163361034,-0.36444258778169786,0.0,0.2961195657618621
train,median,UAV_0021,74,-0.4383755004029216,0.5680788974306286,0.0,-0.5395926075816356,-0.2406301776124151,-0.11433265539100589,0.0,0.0,0.2820125885975757,-0.9715182081409384,-0.21791239921557767,0.29508970727100137,-1.3438622106266045,0.0,0.0419517403958059,0.0,0.0,1.3955214143557606,-0.5421070750263929,0.0,-0.7708465822644108,-1.2241858718253555,0.31704698557962463,-0.6509530422899927,0.5395926075812509,-0.36444258778169786,0.0,0.2757768375389529
train,median,UAV_0021,75,0.04920649730861887,0.5023645192156865,0.0,-0.8543549620045559,-0.2406301776124151,-0.0553686444346315,0.0,0.0,0.6052220586934143,-0.9715182081409384,-0.40815338265769135,0.29508970727100137,-1.141236661112189,0.0,-0.27781374751069515,0.0,0.0,1.3955214143557606,-0.43401584673182037,0.0,-0.6744907594813595,-1.2241858718253555,0.3195099552657539,-0.49807140320083565,0.5395926075812509,-0.41883700386849837,0.0,0.2757768375389529
train,median,UAV_0021,76,0.04920649730861887,0.5023645192156865,0.0,-0.5395926075816356,-0.24192870355815557,-0.0553686444346315,0.0,0.0,0.6052220586934143,-0.9715182081409384,-0.7246452005659542,0.29508970727100137,-0.31102728613349506,0.0,-0.1920457449235627,0.0,0.0,1.4092952523611912,-0.43401584673182037,0.0,-0.6744907594813595,-0.9775659025013425,0.3195099552657539,-0.5813453457225064,0.7756643733980718,-0.5711413689116295,0.0,0.2757768375389529
train,median,UAV_0021,77,0.04920649730861887,0.9112595140575267,0.0,-0.6295247088453912,-0.24192870355815557,-0.4084336368685684,0.0,0.0,0.5232334537300742,-0.9715182081409384,-0.7246452005659542,0.4637123971401142,-0.282265011269972,0.0,-0.27781374751069515,0.0,0.0,1.4092952523611912,-0.4116880609260985,0.0,-0.6744907594813595,-0.9775659025013425,0.25019784120526484,-0.49807140320083565,0.8093889113719079,-0.5711413689116295,0.0,0.650065203727509
train,median,UAV_0021,78,0.04920649730861887,0.9112595140575267,0.0,-0.6295247088453912,-0.24192870355815557,-0.6859959323461332,0.0,0.0,0.5232334537300742,1.1236401385427581,-0.7246452005659542,0.4637123971401142,-0.282265011269972,0.0,-0.27781374751069515,0.0,0.0,1.4092952523611912,-0.24652457834396765,0.0,-0.6744907594813595,-0.9775659025013425,0.21575920616323402,-0.4725877016338924,0.8093889113719079,-0.4514736535206545,0.0,0.650065203727509
train,median,UAV_0021,79,0.7110802537478036,0.7131901606959626,0.0,-0.6295247088453912,-0.24542470216028991,-0.4688357944336269,0.0,0.0,0.05801774469115557,1.1236401385427581,-0.6087711470148282,0.5901794145420027,-0.7679562644916903,0.0,-0.1920457449235627,0.0,0.0,1.379924588039887,-0.43401584673182037,0.0,-0.4817791139152568,-0.4620410268661325,0.21575920616323402,-0.43824639718459146,0.5395926075812509,-0.41883700386849837,0.0,0.650065203727509
train,median,UAV_0021,80,0.7110802537478036,0.7131901606959626,0.0,-0.6295247088453912,-0.24192870355815557,-0.4688357944336269,0.0,0.0,0.05801774469115557,-0.2977114399140678,-0.5274863631804688,0.5901794145420027,-0.05145818285587689,0.0,-0.11466809041539343,0.0,0.0,1.379924588039887,-0.6482548071930568,0.0,-0.6744907594813595,-0.4620410268661325,0.21575920616323402,-0.43824639718459146,0.30352084176446154,-0.40795812065115894,0.0,0.650065203727509
train,median,UAV_0021,81,0.7110802537478036,0.4390856687771033,0.0,-0.6295247088453912,-0.24542470216028991,-0.4199388097380738,0.0,0.0,0.05801774469115557,-0.2977114399140678,-0.5274863631804688,0.5901794145420027,-0.5098087714661541,0.0,-0.11466809041539343,0.6744907594765952,0.0,1.3725387472266273,-0.6482548071930568,0.0,-0.6744907594813595,-1.0028221644200714,0.25019784120526484,-0.3828808625445451,0.30352084176446154,-0.4025186790424892,0.0,0.7202319705407086
train,median,UAV_0021,82,0.5318605470835501,0.2716494458528634,0.0,-0.5395926075816356,-0.24542470216028991,-0.4199388097380738,0.0,0.0,-0.5382089198964707,-0.07678376568626302,-0.377023039912622,0.5480237420747066,-0.5098087714661541,0.0,-0.11466809041539343,0.0,0.0,1.3725387472266273,-0.8031960328924527,0.0,-0.7708465822644108,-1.0072791518175006,0.25469694954256855,-0.3828808625445451,0.30352084176446154,-0.34812426295561977,0.0,0.7029805833421668
train,median,UAV_0021,83,0.5318605470835501,0.41532370577245503,0.0,-0.719456810109147,-0.47350236601116147,-0.4199388097380738,0.0,0.0,-0.5382089198964707,-0.2977114399140678,-0.5274863631804688,0.5901794145420027,-0.26132125957811053,0.0,-0.11466809041539343,0.0,0.0,1.3791315116868061,-0.8031960328924527,0.0,-0.7708465822644108,-1.0028221644200714,0.4139341663861733,-0.3828808625445451,0.5395926075812509,-0.34812426295561977,0.0,0.7029805833421668
train,median,UAV_0021,84,0.012742010409722603,0.41532370577245503,0.0,-0.719456810109147,-0.47350236601116147,-0.3537840657382463,0.0,0.0,-0.026679553135434273,-0.3569152086034984,-0.3113034274508088,0.5901794145420027,-0.26132125957811053,0.0,-0.16221339619743141,0.0,0.0,1.4027578368681817,-0.6482548071930568,0.0,-0.7708465822644108,-1.0028221644200714,0.4486290311807339,-0.3828808625445451,0.5395926075812509,-0.22301710595597515,0.0,0.7029805833421668
train,median,UAV_0021,85,0.09994393112148031,0.2716494458528634,0.0,-0.5395926075816356,-0.47350236601116147,-0.3537840657382463,0.0,0.0,-0.026679553135434273,-0.3569152086034984,-0.6087711470148282,0.5480237420747066,-0.5098087714661541,0.0,-0.16221339619743141,0.0,0.0,1.3791315116868061,-0.9329215489300071,0.0,-0.7708465822644108,-1.0741339627788289,0.5790093521665112,-0.3828808625445451,0.5395926075812509,-0.34812426295561977,0.0,0.5993464914767406
train,median,UAV_0021,86,-0.32528086316128435,0.2716494458528634,0.0,0.4946265569499824,-0.4487034310031223,-0.317111327216606,0.0,0.0,-1.1314241133121021,-1.3602227801452758,-0.6952443213067335,0.5480237420747066,-0.26132125957811053,0.0,-0.08297121989429138,0.0,0.0,1.4027578368681817,-0.3601035216455668,0.0,-0.7708465822644108,-1.0741339627788289,0.5790093521665112,-0.48813819031120365,0.5395926075812509,-0.5113075112161592,0.0,0.5993464914767406
train,median,UAV_0021,87,-0.32528086316128435,0.15753565033933845,0.0,-0.6295247088453912,-0.47378614571632194,-0.317111327216606,0.0,0.0,-0.026679553135434273,-1.3602227801452758,-0.7609639337685237,0.5480237420747066,-0.1190299126584813,0.0,-0.08297121989429138,0.0,0.0,1.436164101295366,-0.3601035216455668,0.0,-0.7708465822644108,-0.6432918476946272,0.5353918551243095,-0.629695598190523,0.5395926075812509,-0.5113075112161592,0.0,0.5993464914767406
train,median,UAV_0021,88,-0.32528086316128435,0.15753565033933845,0.0,-0.6295247088453912,-0.4487034310031223,-0.317111327216606,0.0,0.0,-0.026679553135434273,-0.6276806224946374,-0.7713407146835928,0.4637123971401142,-0.1190299126584813,0.0,-0.08297121989429138,0.6744907594765952,0.0,1.436164101295366,-0.3601035216455668,0.0,-0.7708465822644108,-1.0741339627788289,0.5353918551243095,-0.5296483016780682,0.6070416835289231,-0.40795812065115894,0.0,0.6878941609487991
train,median,UAV_0021,89,0.09994393112148031,-0.48910259487487034,0.0,0.4946265569499824,-0.2585343884870633,-0.41778158982504765,0.0,0.0,-0.393201478440026,-1.3365007242545848,-0.7713407146835928,0.4637123971401142,-0.1190299126584813,0.0,-0.08297121989429138,0.6744907594765952,0.0,1.4001815801805795,-0.4385403188488214,0.0,-0.7708465822644108,-1.0741339627788289,0.5353918551243095,-0.5296483016780682,0.4384189936598058,-0.5276258360422028,0.0,0.6878941609487991
train,median,UAV_0021,90,-0.43283737087946567,-0.6471625295907935,0.0,-0.35972840505502274,-0.2585343884870633,-0.41778158982504765,0.0,0.0,-0.393201478440026,-0.6276806224946374,-0.6952443213067335,0.4637123971401142,-0.11123655959947376,0.0,-0.08297121989429138,0.6744907594765952,0.0,1.4001815801805795,-0.3601035216455668,0.0,-0.4817791139152568,-0.6967756964637417,0.4520328160021203,-0.629695598190523,0.4384189936598058,-0.49498918639008116,0.0,0.6878941609487991
train,median,UAV_0021,91,-0.21076454194671346,-0.48910259487487034,0.0,-0.4946265569499824,0.22568722305216854,-0.41778158982504765,0.0,0.0,-0.20517167598942757,-0.09722781362852732,-0.5638050963830843,0.1264670174018886,-0.1190299126584813,0.0,-0.15475530901611856,0.6744907594765952,0.0,1.4001815801805795,-0.3352554858447162,0.0,-0.4817791139152568,-0.3209030926144273,0.46489351699241904,-0.629695598190523,0.37096991771213367,-0.49498918639008116,0.0,0.6766572281206823
train,median,UAV_0021,92,-0.21076454194671346,-0.48910259487487034,0.0,-0.44966050631877846,0.4960439086928256,-0.41778158982504765,0.0,0.0,-0.393201478440026,0.058932734631347405,-0.4669551411761787,0.1264670174018886,-0.3447415858302389,0.0,0.01864521795366707,0.0,0.0,1.3649080827375677,-0.3352554858447162,0.0,-0.4817791139152568,0.07131179835875749,0.4520328160021203,-0.6308839854838787,0.4384189936598058,-0.5276258360422028,0.0,0.3382212197503591
train,median,UAV_0021,93,0.11967999739233523,-0.48910259487487034,0.0,-0.35972840505502274,0.22568722305216854,-0.9276045626064324,0.0,0.0,-0.20517167598942757,0.058932734631347405,-0.3735641129409706,0.1264670174018886,-0.3447415858302389,0.0,-0.08390348079183176,0.0,0.0,1.3773947351631537,-0.3352554858447162,0.0,-0.4817791139152568,0.07131179835875749,0.4444210380895117,-0.6308839854838787,0.4384189936598058,-0.5276258360422028,0.0,0.3382212197503591
train,median,UAV_0021,94,0.11967999739233523,-0.18027999620392673,0.0,-0.35972840505502274,0.22568722305216854,0.1452528074779098,0.0,0.0,0.47509524930907504,0.08092641043260482,-0.3735641129409706,0.1264670174018886,-0.6936972829366608,0.0,0.21162322377510007,0.0,0.0,1.3538246486498915,-0.3352554858447162,0.0,-0.2890674683491541,-0.0222849369871094,0.1261691347779115,-0.8234336803648385,0.37096991771213367,-0.5276258360422028,0.0,0.3382212197503591
train,median,UAV_0021,95,0.11967999739233523,-0.18027999620392673,0.0,0.4046944556862267,0.4960439086928256,0.1452528074779098,0.0,0.0,0.47509524930907504,0.6860480198830169,-0.3735641129409706,0.1264670174018886,-0.6936972829366608,0.0,0.07830991540570964,0.0,0.0,1.3538246486498915,-0.46290519318290324,0.0,-0.1927116455661027,-0.0222849369871094,0.1261691347779115,-0.6308839854838787,0.4384189936598058,-0.6472935514332122,0.0,0.28914406287568356
train,median,UAV_0021,96,0.11967999739233523,-0.18027999620392673,0.0,0.4046944556862267,0.48458207396307595,0.1452528074779098,0.0,0.0,-0.41167290226924214,0.6860480198830169,-0.4168007000868888,0.1264670174018886,-0.5381382111800009,0.0,0.07830991540570964,0.0,0.0,1.3397567189943769,-0.6387917626146564,0.0,-0.2890674683491541,-0.23919165699500142,0.10085734340505968,-0.5192663596962683,0.4384189936598058,-0.6581724346505861,0.0,0.2030768328062625
train,median,UAV_0021,97,-0.25305314812891255,0.29778236742615144,0.0,0.4046944556862267,0.48458207396307595,0.1452528074779098,0.0,0.0,0.3148382679232558,0.7063740586188695,-0.5326747536380149,0.2529340348037052,-0.5372841805598039,0.0,0.07830991540570964,0.0,0.0,1.3397567189943769,-0.6387917626146564,0.0,-0.2890674683491541,-0.3431880296015367,0.1261691347779115,-0.46574022169680146,0.5733171455551186,-0.6581724346505861,0.0,0.28914406287568356
train,median,UAV_0021,98,-0.25305314812891255,0.29778236742615144,0.0,0.4046944556862267,0.48458207396307595,0.1452528074779098,0.0,0.0,0.3148382679232558,0.791549192609987,-0.5326747536380149,0.2529340348037052,-0.5381382111800009,0.0,0.08390348079194174,0.0,0.0,1.3397567189943769,-0.6997116642032395,0.0,-0.2890674683491541,-0.3431880296015367,0.1261691347779115,-0.42041069358202277,0.6744907594765952,-0.6581724346505861,0.0,0.28914406287568356
train,median,UAV_0021,99,-0.25305314812891255,-0.6614835703281422,0.0,0.4046944556862267,0.48458207396307595,-0.18911627904300327,0.0,0.0,0.3148382679232558,0.791549192609987,-0.5395926075813406,0.2529340348037052,-0.5381382111800009,0.0,0.08390348079194174,0.6744907594765952,0.0,1.3471594548191586,-0.6387917626146564,0.0,-0.2890674683491541,-0.3431880296015367,0.13140392331993295,-0.42041069358202277,0.6744907594765952,-0.6146569017810906,0.0,0.4453788739136789
train,median,UAV_0021,100,-0.09372263795463333,-0.6614835703281422,0.0,-0.5395926075816356,0.003761661032531001,-0.4422300821728079,0.0,0.0,0.3148382679232558,-0.28270811246179184,-0.6053122200431768,0.04215567246729619,-0.5381382111800009,0.0,0.08390348079194174,0.0,0.0,1.3471594548191586,-0.6387917626146564,0.0,-0.2890674683491541,-0.8468276055103056,0.13140392331993295,-0.46574022169680146,0.6744907594765952,-0.6146569017810906,0.0,0.4453788739136789
train,median,UAV_0021,101,0.29929593055930903,-0.6614835703281422,0.0,0.08993210126375568,-0.02562639902242636,-0.4422300821728079,0.0,0.0,0.38164875746067567,0.843889889203744,-0.5326747536380149,0.04215567246729619,-0.5372841805598039,0.0,0.08390348079194174,0.6744907594765952,0.0,1.3471594548191586,-0.6997116642032395,0.0,-0.2890674683491541,-0.8468276055103056,0.16701573792137092,-0.7418782005020083,0.47214353163361034,-0.6146569017810906,0.0,0.4453788739136789
train,median,UAV_0021,102,0.29929593055930903,-0.6941466702379353,0.0,0.08993210126375568,-0.47680072213206787,-0.5903591828681185,0.0,0.0,0.5681253593805291,-0.28270811246179184,-0.45830782374698126,0.04215567246729619,-0.4722115276769402,0.0,0.09881965515478741,0.6744907594765952,0.0,1.3471594548191586,-0.38968982033621313,0.0,-0.2890674683491541,-0.7012326838611339,0.13140392331993295,-0.8065210751953462,0.47214353163361034,-0.6309752266071341,0.0,0.5217541346435066
train,median,UAV_0021,103,0.29929593055930903,-0.6941466702379353,0.0,0.17986420252706212,-0.02562639902242636,-0.5903591828681185,0.0,0.0,0.5681253593805291,-0.6697779515677368,-0.6053122200431768,0.04215567246729619,-0.4722115276769402,0.0,0.09881965515478741,0.6744907594765952,0.0,1.3471594548191586,-0.38968982033621313,0.0,-0.4817791139152568,-0.4546127145370837,0.34174525349426926,-0.8561715922169211,0.47214353163361034,-0.805037358084944,0.0,0.5217541346435066
train,median,UAV_0021,104,0.14587604624393602,-0.4375357133033471,0.0,0.08993210126375568,-0.02562639902242636,-0.7126016446069522,0.0,0.0,0.15269869447617426,-0.6697779515677368,-0.6053122200431768,0.1264670174018886,0.03734070774454123,0.0,0.09881965515478741,0.6744907594765952,0.0,1.3445634457922058,-0.5654714517066746,0.0,-0.2890674683491541,-0.4546127145370837,0.34174525349426926,-0.8561715922169211,0.6744907594765952,-0.805037358084944,0.0,0.5217541346435066
train,median,UAV_0021,105,0.14587604624393602,0.049086779437210466,0.0,0.08993210126375568,-0.02562639902242636,-0.07478362365199737,0.0,0.0,-0.4682044257657536,-0.3310928369522231,-0.45830782374698126,0.1264670174018886,-0.4722115276769402,0.0,0.09881965515478741,0.6744907594765952,0.0,1.3972489690166354,-0.694502467974474,0.0,-0.4817791139152568,-0.4546127145370837,0.4603526391399844,-0.8561715922169211,0.6744907594765952,-0.7778401500415955,0.0,0.6694911236587986
train,median,UAV_0021,106,0.13337336642733694,-0.4375357133033471,0.0,0.17986420252706212,-0.7234055402157283,-0.7126016446069522,0.0,0.0,-0.5748754702209783,-0.3310928369522231,-0.45830782374698126,0.1264670174018886,-0.4722115276769402,0.0,0.09881965515478741,0.6744907594765952,0.0,1.3972489690166354,-0.694502467974474,0.0,-0.6744907594813595,-0.44718440220803485,0.42957149963106045,-0.7747745612387605,0.7756643733980718,-0.6364146682158038,0.0,0.6875621666550591
train,median,UAV_0021,107,0.13337336642733694,0.049086779437210466,0.0,0.22483025315961386,-0.430432592167999,-0.3034489344340418,0.0,0.0,-0.7749585305962131,1.189672509313977,-0.709080029193431,0.1264670174018886,-0.6048889426179429,0.0,-0.3971431424146703,0.6744907594765952,0.0,1.3652167425612418,-0.694502467974474,0.0,-0.6744907594813595,-0.32238875508023707,0.42957149963106045,-0.707573751510978,0.7756643733980718,-0.6364146682158038,0.0,0.6875621666550591
train,median,UAV_0021,108,0.14587604624393602,-0.4375357133033471,0.0,0.08993210126375568,-0.430432592167999,-0.3034489344340418,0.0,0.0,-0.5748754702209783,1.189672509313977,-0.3147623544224602,0.29508970727100137,-0.4938031632822386,0.0,-0.3971431424146703,0.6744907594765952,0.0,1.3652167425612418,-0.7639402617451214,0.0,-0.3854232911322054,-0.32238875508023707,0.42957149963106045,-0.700833477180078,0.7756643733980718,-0.6364146682158038,0.0,0.6694911236587986
train,median,UAV_0021,109,0.1677781783676647,0.049086779437210466,0.0,-0.35972840505502274,-0.430432592167999,-0.3034489344340418,0.0,0.0,-0.5748754702209783,1.189672509313977,-0.3147623544224602,0.3372453797382976,-0.4938031632822386,0.0,-0.3971431424146703,0.0,0.0,1.3803615693414168,-0.7639402617451214,0.0,-0.4817791139152568,-0.44718440220803485,0.035855527804735506,-0.6420720017460579,0.6407662215027591,-0.6364146682158038,0.0,0.6443037107371545
train,median,UAV_0021,110,0.1677781783676647,0.065605848801926,0.0,-0.04496605063165321,-0.23913345478064296,-0.3034489344340418,0.0,0.0,-0.2728564046593466,-0.13489452746530597,-0.46522567769033,0.3372453797382976,-0.42485898087622714,0.0,-0.23213296352395787,0.0,0.0,1.3803615693414168,-0.7639402617451214,0.0,-0.4817791139152568,-0.44718440220803485,0.035855527804735506,-0.6654685920552631,0.6407662215027591,-0.6200963433897603,0.0,0.4683538327512524
train,median,UAV_0021,111,0.6979918534898517,0.065605848801926,0.0,-0.04496605063165321,-0.23913345478064296,-0.2703715624341117,0.0,0.0,-0.2728564046593466,-0.1408343255969458,-0.6122300739865255,0.5901794145420027,-0.42485898087622714,0.0,0.14077139555059331,0.0,0.0,1.3886356055492706,-0.4463788072038809,0.0,-0.4817791139152568,-0.4798689764558126,-0.24948097097286928,-0.6654685920552631,0.6070416835289231,-0.7724007084328568,0.0,0.4683538327512524
train,median,UAV_0021,112,0.6979918534898517,-0.2101566764850573,0.0,-0.04496605063165321,0.005432153282346853,-0.2703715624341117,0.0,0.0,-0.2728564046593466,-0.22383932773535312,-0.6070416835290025,0.632335087009299,-0.2493289501539406,0.0,0.14077139555059331,0.0,0.0,1.4058137254807404,-0.4463788072038809,0.0,-0.4817791139152568,-0.4798689764558126,-0.32650161788882404,-0.700833477180078,0.4046944556859382,-0.805037358084944,0.0,0.3285491213796062
train,median,UAV_0021,113,0.6979918534898517,-0.2101566764850573,0.0,0.17986420252706212,0.005432153282346853,-0.3307737199991702,0.0,0.0,-0.2728564046593466,-0.40583122527029963,-0.6122300739865255,0.632335087009299,-0.2493289501539406,0.0,0.11746487310856446,0.0,0.0,1.3886356055492706,-0.34313415029755756,0.0,-0.4817791139152568,-0.4798689764558126,-0.32650161788882404,-0.8613837006112474,0.3372453797382976,-0.805037358084944,0.0,0.6443037107371545
train,median,UAV_0021,114,-0.33667886667190694,-0.22179637603913208,0.0,0.35972840505502274,-0.4866090206515396,-0.3307737199991702,0.0,0.0,0.27265809752546905,-0.40583122527029963,-0.6831380769058617,0.2529340348037052,-0.2493289501539406,0.0,0.11746487310856446,0.0,0.0,1.4058137254807404,-0.34313415029755756,0.0,-0.3854232911322054,-0.21987804493951155,0.2937550731507219,-0.8613837006112474,0.26979630379062547,-0.8485528909544741,0.0,0.437614784889237
train,median,UAV_0021,115,-1.0682838807722683,-0.6596773115464629,0.0,0.35972840505502274,-0.5017914050800371,-0.48968892025967686,0.0,0.0,-0.145623903889342,-0.6099307174070261,-0.6831380769058617,0.5480237420747066,-0.2641979203870409,0.0,0.11746487310856446,0.6744907594765952,0.0,1.406829002635472,-0.29345605889828397,0.0,-0.09635582278305135,-0.09211107288005713,-0.14927038105900797,-0.8846024339939156,0.4046944556859382,-0.8811895406065268,0.0,0.437614784889237
train,median,UAV_0021,116,-1.0682838807722683,-0.8538997372764618,0.0,0.17986420252706212,-0.5017914050800371,-0.48968892025967686,0.0,0.0,0.20742699583583382,-0.40583122527029963,-0.7938237399994648,0.29508970727100137,-0.3054949515064818,0.0,0.11746487310856446,0.6744907594765952,0.0,1.4220422524494045,-0.26873603696799936,0.0,-0.09635582278305135,-0.09211107288005713,-0.03377376229842991,-1.1015753329022686,0.3372453797382976,-0.9573417231280751,0.0,0.437614784889237
train,median,UAV_0021,117,-1.0682838807722683,-0.6596773115464629,0.0,1.034219164531618,-0.5017914050800371,-0.497598726607472,0.0,0.0,0.3871127217364256,0.2349721103206174,-0.7938237399994648,0.29508970727100137,-0.3054949515064818,0.0,0.23492974621712892,0.6744907594765952,0.0,1.4205253361645414,-0.29345605889828397,0.0,-0.3854232911322054,0.020799274521336734,-0.03377376229842991,-1.1015753329022686,0.3372453797382976,-0.9573417231280751,0.0,0.437614784889237
train,median,UAV_0021,118,-0.9085311816216338,-0.39292450377338795,0.0,0.0,-0.4866090206515396,-0.8233389334762479,0.0,0.0,0.20742699583583382,0.6109468752495592,-0.7713407146835928,0.5480237420747066,-0.3054949515064818,0.0,0.23492974621712892,0.6744907594765952,0.0,1.4205253361645414,-0.47897924594523544,0.0,-0.3854232911322054,0.35507332932801483,-0.03377376229842991,-1.1181897991988858,0.3372453797382976,-0.8485528909544741,0.0,0.3472025208286864
train,median,UAV_0021,119,-0.6209219473893911,-0.6481822784124072,0.0,0.0,-0.20705259232307072,-0.7521506763459934,0.0,0.0,-0.145623903889342,0.31435250729500125,-0.7713407146835928,0.7166464319438194,-0.3054949515064818,0.0,0.11373582951785303,0.6744907594765952,0.0,1.406829002635472,-0.26873603696799936,0.0,-0.3854232911322054,0.35507332932801483,-0.14927038105900797,-1.1181897991988858,0.37096991771213367,-1.0226150224322839,0.0,0.3472025208286864
train,median,UAV_0021,120,-0.31144512857566936,-0.39292450377338795,0.0,0.0,-0.20705259232307072,-0.7521506763459934,0.0,0.0,-0.5096722266107052,0.31435250729500125,-0.7713407146835928,0.7588021044111156,-0.5692760310377283,0.0,0.1006841769501981,0.6744907594765952,0.0,1.376413184196894,-0.3145488577943903,0.0,-0.3854232911322054,-0.15896588384138532,-0.08702781442063827,-1.0086387283529004,0.3372453797382976,-0.9736600479541186,0.0,0.5058787346808344
train,median,UAV_0021,121,-0.31144512857566936,0.012178998114420189,0.0,-0.35972840505502274,-0.004319645101997466,-0.7521506763459934,0.0,0.0,-0.5096722266107052,0.31435250729500125,-0.47387299511952746,0.8009577768784117,-0.841496912484324,0.0,-0.0009322608977603375,0.6744907594765952,0.0,1.376413184196894,-0.3145488577943903,0.0,-0.1927116455661027,-0.44124175234483287,-0.15090228577846104,-0.9886951009441532,0.37096991771213367,-0.9736600479541186,0.0,0.549013253180523
train,median,UAV_0021,122,-0.31144512857566936,0.33866919825132835,0.0,-0.35972840505502274,-0.0030159052418284593,-0.63350358112887,0.0,0.0,-0.5096722266107052,-0.2503805443325748,-0.3407043067100295,0.7588021044111156,-0.841496912484324,0.0,-0.0009322608977603375,0.6744907594765952,0.0,1.376413184196894,-0.08929537400967719,0.0,-0.1927116455661027,-0.7324315956430648,-0.20208067963357712,-0.9999726160994793,0.30352084176446154,-0.9736600479541186,0.0,0.549013253180523
train,median,UAV_0021,123,1.4562503387215373,0.012178998114420189,0.0,-0.35972840505502274,0.27388453161200255,-0.5184518524334893,0.0,0.0,0.395711936716497,-0.2503805443325748,-0.3407043067100295,0.7166464319438194,-0.5692760310377283,0.0,0.009322608976833536,0.6744907594765952,0.0,1.3930376470750736,-0.08929537400967719,0.0,-0.1927116455661027,-0.7324315956430648,-0.20208067963357712,-0.9886951009441532,0.4384189936598058,-1.01173613921491,0.0,0.549013253180523
train,median,UAV_0021,124,1.4562503387215373,0.012178998114420189,0.0,-0.7644228607403509,0.4690642676434372,-0.36528923860778434,0.0,0.0,0.395711936716497,-0.2784718349083591,-0.3407043067100295,0.5480237420747066,-0.5280039018405966,0.0,0.1006841769501981,0.0,0.0,1.4144371887092508,-0.3145488577943903,0.0,-0.4817791139152568,-1.1721876855221252,-0.08702781442063827,-0.9886951009441532,0.30352084176446154,-0.9736600479541186,0.0,0.45592944711719874
train,median,UAV_0021,125,0.14706397203408725,0.33866919825132835,0.0,-0.7644228607403509,0.948131021754342,-0.1934307188690882,0.0,0.0,0.395711936716497,-0.2784718349083591,-0.3407043067100295,0.5480237420747066,-0.3293333089027617,0.0,0.04288400129356624,0.0,0.0,1.4383923009619934,-0.08929537400967719,0.0,-0.4817791139152568,-1.1721876855221252,-0.20208067963357712,-0.9999726160994793,0.3372453797382976,-1.01173613921491,0.0,0.45592944711719874
train,median,UAV_0021,126,0.14706397203408725,0.7733348030605088,0.0,-0.7644228607403509,0.948131021754342,-0.15675798034741523,0.0,0.0,0.5442971486858201,-0.03557124581089666,-0.32859806230915767,0.1686226898691128,-0.3293333089027617,0.0,0.3971431424146703,0.0,0.0,1.4383923009619934,-0.08929537400967719,0.0,-0.4817791139152568,-0.16787985863620683,-0.20982528646504223,-1.0532374238924587,0.3372453797382976,-1.01173613921491,0.0,0.3724261132520323
train,median,UAV_0021,127,0.14706397203408725,-0.531157284845853,0.0,-0.7644228607403509,0.7583138279891259,-0.15675798034741523,0.0,0.0,0.1778744114947688,-0.03557124581089666,-0.709080029193431,0.5480237420747066,-0.5280039018405966,0.0,0.40366896869844276,0.0,0.0,1.4144371887092508,-0.17010920923635756,0.0,-0.2890674683491541,-0.16787985863620683,-0.2274824719349909,-1.0532374238924587,0.3372453797382976,-1.1368432962146235,0.0,0.19982446247518515
train,median,UAV_0021,128,-0.6421351855881449,-0.531157284845853,0.0,-0.8093889113720042,0.7583138279891259,-0.1934307188690882,0.0,0.0,0.1778744114947688,-0.03557124581089666,-0.709080029193431,0.632335087009299,-0.6164191728149412,0.0,0.5518984514306788,0.0,0.0,1.4383923009619934,-0.014050184830471685,0.0,-0.2890674683491541,-0.7740301446857012,-0.2274824719349909,-1.0628002590488916,0.2360717658167894,-1.1368432962146235,0.0,0.45592944711719874
train,median,UAV_0021,129,-0.8375723176044586,-0.10350220300757677,0.0,0.35972840505502274,0.18581135243836416,-0.2193173578255325,0.0,0.0,0.1778744114947688,0.3886253852664302,-0.5482399250105381,0.632335087009299,-0.6164191728149412,0.0,0.5518984514306788,0.0,0.0,1.3919537775260136,-0.014050184830471685,0.0,-0.2890674683491541,-0.16787985863620683,-0.2274824719349909,-1.0532374238924587,0.2360717658167894,-1.256511011605633,0.0,0.3725302113922307
train,median,UAV_0021,130,-0.8375723176044586,-0.6259285837787969,0.0,0.35972840505502274,-0.23830248462801398,-0.23369882391247138,0.0,0.0,0.7779483813912484,0.3886253852664302,-0.5482399250105381,0.632335087009299,-0.6164191728149412,0.0,0.5518984514306788,0.0,0.0,1.3919537775260136,-0.17010920923635756,0.0,-0.1927116455661027,-0.12628130959360756,-0.1414523034603275,-1.0532374238924587,0.2360717658167894,-1.3163448693011033,0.0,0.3725302113922307
train,median,UAV_0021,131,-0.8375723176044586,-0.6259285837787969,0.0,0.35972840505502274,-0.23830248462801398,-0.23369882391247138,0.0,0.0,0.1778744114947688,0.19404960299635726,-0.6744907594766643,0.632335087009299,0.2447613279424594,0.0,0.5034208847509906,0.0,0.0,1.3919537775260136,-0.17010920923635756,0.0,-0.1927116455661027,-0.7740301446857012,-0.017843837606585436,-1.0628002590488916,0.06744907594764059,-1.3163448693011033,0.0,0.3725302113922307
train,median,UAV_0021,132,-0.9674223390348196,-0.10350220300757677,0.0,-0.719456810109147,-0.23830248462801398,-0.3926140241729454,0.0,0.0,0.7779483813912484,0.3886253852664302,-0.6744907594766643,0.5058680696074104,0.2447613279424594,0.0,0.2945944436691715,0.0,0.0,1.4729369200431632,-0.17297240140350847,0.0,-0.1927116455661027,-0.12628130959360756,-0.017843837606585436,-1.1764832792611826,0.06744907594764059,-0.9954178143889009,0.0,0.3725302113922307
train,median,UAV_0021,133,-0.10945913701766263,-0.03788181760192029,0.0,0.22483025315961386,-0.24104629557056156,-0.2890674683471029,0.0,0.0,0.5882556501990683,0.43347954603113803,-0.764422860740221,0.4637123971401142,0.2447613279424594,0.0,0.18365539684426951,0.0,0.0,1.4729369200431632,-0.17297240140350847,0.0,-0.1927116455661027,-0.12628130959360756,-0.017843837606585436,-1.2534420174672765,0.20234722784298487,-0.9954178143889009,0.0,0.3725302113922307
train,median,UAV_0021,134,-0.10945913701766263,-0.03788181760192029,0.0,-0.04496605063165321,0.7375140661854165,-0.3926140241729454,0.0,0.0,0.5882556501990683,0.19404960299635726,-0.764422860740221,0.29508970727100137,0.011439502994148957,0.0,0.2945944436691715,0.0,0.0,2.0019255663634623,0.0270140976684809,0.0,-0.1927116455661027,-0.3431880296015367,0.009908153851413195,-1.2534420174672765,0.20234722784298487,-0.9954178143889009,0.0,0.33018506495726824
train,median,UAV_0021,135,-0.9674223390348196,0.15706756060489663,0.0,-0.04496605063165321,0.7375140661854165,-0.3926140241729454,0.0,0.0,0.2832954275224128,0.43347954603113803,-0.6744907594766643,0.29508970727100137,-0.49548175649537085,0.0,0.08110669809877069,0.0,0.0,2.0019255663634623,0.05008198543283582,0.0,-0.1927116455661027,-0.5482094498829877,0.009908153851413195,-1.2534420174672765,0.16862268986911724,-0.9954178143889009,0.0,0.2701954504566118
train,median,UAV_0021,136,-0.9674223390348196,0.15706756060489663,0.0,0.22483025315961386,0.7375140661854165,-0.6953438853026125,0.0,0.0,0.2832954275224128,0.43347954603113803,-0.764422860740221,0.29508970727100137,-0.49548175649537085,0.0,0.08110669809877069,0.6744907594765952,0.0,2.0019255663634623,0.05503610706711346,0.0,-0.1927116455661027,-0.3431880296015367,-0.15547002449038572,-1.4440740940508097,0.20234722784298487,-0.9954178143889009,0.0,0.33018506495726824
train,median,UAV_0021,137,0.36032346814077076,1.0096690510256083,0.0,0.7644228607403509,-0.46621662510736733,-0.6953438853026125,0.0,0.0,0.013047507650387924,0.43347954603113803,-0.764422860740221,0.3794010522055218,-0.42323699146994803,0.0,0.08110669809877069,0.6744907594765952,0.0,1.4530059668165602,0.1293050970019074,0.0,0.0,-0.3431880296015367,-0.22134210545195876,-1.4440740940508097,0.16862268986911724,-1.2129954787361719,0.0,0.43865902495224474
train,median,UAV_0021,138,-0.9685123569037093,1.0096690510256083,0.0,0.7644228607403509,0.7156530667138167,-0.7694084356502515,0.0,0.0,-0.4815402325676757,0.4821296790691764,-0.809388911372011,0.5480237420747066,-0.42323699146994803,0.0,0.18458765774202987,0.6744907594765952,0.0,1.3930505152995498,0.1293050970019074,0.0,0.09635582278305135,-0.3431880296015367,-0.22134210545195876,-1.2983369427698437,0.16862268986911724,-1.4686492343442343,0.0,0.43865902495224474
train,median,UAV_0021,139,-0.9685123569037093,1.0096690510256083,0.0,0.8543549620041067,0.7156530667138167,-0.8384394728674799,0.0,0.0,-0.7363550503864127,0.6229095283434358,-0.809388911372011,0.632335087009299,-0.42323699146994803,0.0,0.18458765774202987,0.6744907594765952,0.0,1.387994687796901,0.1293050970019074,0.0,0.0,-0.5482094498829877,-0.22134210545195876,-1.4876373354239634,0.20234722784298487,-1.4686492343442343,0.0,0.43865902495224474
train,median,UAV_0021,140,-0.1473119282970314,0.9052075748691941,0.0,0.7644228607403509,0.7156530667138167,-0.8384394728674799,0.0,0.0,-0.967474272741448,0.4821296790691764,-1.003088821785799,0.5480237420747066,-0.40325041838177067,0.0,0.31137513982742787,0.0,0.0,1.387994687796901,0.1293050970019074,0.0,0.0,-0.30456080549051984,-0.22134210545195876,-1.4689720517416336,0.30352084176446154,-1.4958464423876172,0.0,0.46812633345541865
train,median,UAV_0021,141,-0.1473119282970314,0.2064657858355302,0.0,0.7644228607403509,0.7156530667138167,-0.8384394728674799,0.0,0.0,-0.967474272741448,0.4821296790691764,-1.0601611168184377,0.42155672467288996,-0.10341276062159092,0.0,0.4232464475498702,-0.6744907594765952,0.0,1.387994687796901,0.3546226247251693,0.0,0.0,-0.30456080549051984,-0.1839915795631703,-1.4689720517416336,0.20234722784298487,-1.4958464423876172,0.0,0.46812633345541865
train,median,UAV_0021,142,-0.1473119282970314,0.2064657858355302,0.0,0.35972840505502274,0.7156530667138167,-0.8858983109543651,0.0,0.0,-0.7363550503864127,0.4568327790932107,-1.0601611168184377,0.5480237420747066,-0.10341276062159092,0.0,0.8697994175418792,0.0,0.0,1.3930505152995498,0.4703030620197163,0.0,0.0,-0.2763332186401714,-0.1839915795631703,-1.6674633515752217,0.20234722784298487,-1.561119741691826,0.0,0.24758735473504728
train,median,UAV_0021,143,-0.1473119282970314,0.619044334317868,0.0,1.0791852151637205,0.48401608364995813,-0.8384394728674799,0.0,0.0,-0.967474272741448,0.12768114394931365,-1.0601611168184377,0.42155672467288996,0.03936255898373317,0.0,0.8697994175418792,0.0,0.0,1.387994687796901,0.4789109164131461,0.0,0.0,-0.2763332186401714,-0.31690978123407637,-1.6674633515752217,0.033724537973836066,-1.561119741691826,0.0,0.24013637710391497
train,median,UAV_0021,144,-0.11410646193718058,0.619044334317868,0.0,-0.1348981518954089,-0.22798785682587291,-0.6946248119982704,0.0,0.0,-1.0147624305019072,-0.07883139026545581,-1.2728851255764693,0.42155672467288996,0.03936255898373317,0.0,0.9583642028221827,0.0,0.0,1.3360958956060993,0.4789109164131461,0.0,0.09635582278305135,-0.173822508499483,-0.336001644323562,-1.6674633515752217,0.033724537973836066,-1.561119741691826,0.0,0.24758735473504728
train,median,UAV_0021,145,0.22734454660650572,0.2064657858355302,0.0,0.8543549620041067,-0.22798785682587291,-0.6946248119982704,0.0,0.0,-0.6515991295589241,0.12768114394931365,-1.445831474160211,0.4637123971401142,0.03936255898373317,0.0,0.9583642028221827,0.0,0.0,1.3360958956060993,0.4703030620197163,0.0,0.3854232911322054,-0.173822508499483,-0.418322251243932,-1.6674633515752217,0.033724537973836066,-1.5176042088223305,0.0,-0.022893570691621182
train,median,UAV_0021,146,0.22734454660650572,0.13388442211275736,0.0,-0.1348981518954089,-0.2666574788000735,-0.6946248119982704,0.0,0.0,-0.6515991295589241,0.12768114394931365,-1.445831474160211,0.4637123971401142,0.06954742701183017,0.0,0.826915416248313,0.0,0.0,1.395688697611336,0.4253708337952142,0.0,0.09635582278305135,-0.04159854904259926,-0.418322251243932,-1.5907673224900738,0.16862268986911724,-1.457770351126895,0.0,-0.07637930895760728
train,median,UAV_0021,147,0.22734454660650572,0.13388442211275736,0.0,-0.1348981518954089,-0.2666574788000735,-0.6946248119982704,0.0,0.0,-0.6515991295589241,0.12768114394931365,-1.0048182852716245,0.42155672467288996,0.06954742701183017,0.0,0.5854598437474116,0.0,0.0,1.395688697611336,0.40598341762518375,0.0,0.09635582278305135,-0.5274101753616509,-0.4235469678687377,-1.5027811707452892,0.37096991771213367,-1.4360125846921126,0.0,-0.07637930895760728
train,median,UAV_0021,148,0.22734454660650572,-0.5233888921115649,0.0,-0.1348981518954089,-0.2666574788000735,-0.6946248119982704,0.0,0.0,0.2785239914154876,0.2542232646338436,-1.2884502969489924,0.4637123971401142,-0.14455212534940737,0.0,0.5239306245000683,0.0,0.0,1.395688697611336,0.12138261054916781,0.0,-0.09635582278305135,-0.04159854904259926,-0.5704711859389341,-1.5027811707452892,0.5058680696074463,-1.4360125846921126,0.0,-0.0009507018373596503
train,median,UAV_0021,149,0.22734454660650572,0.13388442211275736,0.0,-0.08993210126375568,-0.21179195346852392,-0.8765503579978532,0.0,0.0,0.2785239914154876,0.9114476029726003,-1.063620043790135,0.4637123971401142,-0.14455212534940737,0.0,0.5239306245000683,0.0,0.0,1.414623663142432,0.40598341762518375,0.0,-0.09635582278305135,-0.4011288657680434,-0.5704711859389341,-1.5027811707452892,0.37096991771213367,-1.457770351126895,0.0,-0.0009507018373596503
train,median,UAV_0021,150,0.6165128110315238,-0.5233888921115649,0.0,-0.08993210126375568,-0.21179195346852392,-0.9772206206062949,0.0,0.0,0.2785239914154876,0.9114476029726003,-0.8301424732020342,0.5480237420747066,-0.14455212534940737,0.0,0.5239306245000683,0.0,0.0,1.414623663142432,0.4253708337952142,0.0,-0.09635582278305135,-0.35358766686220505,-0.5704711859389341,-1.6628255754675527,0.37096991771213367,-1.5719986249091655,0.0,-0.0009507018373596503
train,median,UAV_0021,151,-0.7316527252912401,1.434276523417934,0.0,0.8543549620041067,-0.21179195346852392,-0.8808647978239055,0.0,0.0,0.023176073959733777,0.9114476029726003,-1.063620043790135,0.5480237420747066,-0.34515768829253507,0.0,0.6423277585062831,0.0,0.0,1.4480919203241664,0.40598341762518375,0.0,0.09635582278305135,-0.35358766686220505,-0.5704711859389341,-1.6628255754675527,0.26979630379062547,-1.5719986249091655,0.0,-0.0009507018373596503
train,median,UAV_0021,152,-0.7316527252912401,-0.5233888921115649,0.0,0.8543549620041067,-0.21179195346852392,-0.8808647978239055,0.0,0.0,-0.783605652348785,0.9114476029726003,-1.063620043790135,0.7166464319438194,-0.34515768829253507,0.0,0.6423277585062831,-0.6744907594765952,0.0,1.4097436146774702,0.48322293381765474,0.0,0.1927116455661027,-0.10845336000389036,-0.5704711859389341,-1.8231793991981329,-0.1686226898691488,-1.6535902490393837,0.0,-0.14957706951103042
train,median,UAV_0021,153,0.4060176977645498,0.0036414477008821894,0.0,0.8543549620041067,-0.23579528876470615,-1.351857812170591,0.0,0.0,-1.1434465539654342,0.9571667848848773,-1.063620043790135,0.9274247942803003,0.04939985440858741,0.0,0.6423277585062831,0.0,0.0,1.4097436146774702,0.48322293381765474,0.0,0.3854232911322054,-0.10845336000389036,-0.5502295949240772,-1.8231793991981329,-0.1686226898691488,-1.8167734972998886,0.0,-0.14957706951103042
train,median,UAV_0021,154,0.6165128110315238,0.0036414477008821894,0.0,0.5845586582137381,-0.23579528876470615,-1.3755872312140094,0.0,0.0,-1.2062006431809524,0.7042962327576504,-0.8768379873196728,0.9274247942803003,0.04939985440858741,0.0,0.6423277585062831,-0.6744907594765952,0.0,1.3769355066940163,0.4500775100248504,0.0,0.1927116455661027,-0.005942649863201966,-0.8856505551487956,-1.8710316900518773,-0.10117361392150821,-1.8167734972998886,0.0,-0.2863357367972962
train,median,UAV_0021,155,0.4060176977645498,0.0036414477008821894,0.0,-0.22483025315916458,0.0030294474129908618,-0.8808647978239055,0.0,0.0,-1.2062006431809524,-0.06172720478011255,-0.8768379873196728,0.9274247942803003,-0.3763101788956388,0.0,0.8306444598389144,-0.6744907594765952,0.0,1.3669640246151507,0.3344861344192012,0.0,0.1927116455661027,-0.005942649863201966,-0.5502295949240772,-1.9668902235111823,-0.10117361392150821,-1.8167734972998886,0.0,-0.14957706951103042
train,median,UAV_0021,156,0.7056646492950785,0.0036414477008821894,0.0,-0.22483025315916458,0.0030294474129908618,-0.6493231938244929,0.0,0.0,-1.2062006431809524,0.7042962327576504,-0.869920133376301,0.9274247942803003,-0.3763101788956388,0.0,0.7532668053310752,0.0,0.0,1.3669640246151507,0.13696759897764907,0.0,0.1927116455661027,0.16193720877300485,-0.7054408808908941,-2.040987374258469,-0.10117361392150821,-1.8167734972998886,0.0,-0.7272459156202995
train,median,UAV_0021,157,0.7673958620337783,0.0036414477008821894,0.0,0.17986420252706212,-0.23579528876470615,-0.7679702890415837,0.0,0.0,-0.48446428949275055,-0.06172720478011255,-0.8768379873196728,0.7588021044111156,-0.43627089062680535,0.0,0.7569958489217865,0.0,0.0,1.3628451582854777,0.13696759897764907,0.0,0.3854232911322054,-0.005942649863201966,-0.7054408808908941,-1.9874671665908836,-0.10117361392150821,-1.8167734972998886,0.0,0.5018139777896998
train,median,UAV_0021,158,0.7673958620337783,-0.6089297809380905,0.0,0.17986420252706212,-0.29693104193757225,-0.7305784772156013,0.0,0.0,0.6136138422298067,-0.06172720478011255,-0.8768379873196728,0.42155672467288996,-0.43627089062680535,0.0,0.8306444598389144,-0.6744907594765952,0.0,1.3628451582854777,0.13696759897764907,0.0,0.1927116455661027,-0.2986181556273179,-1.0237711043052198,-2.084648236128435,-0.1686226898691488,-1.8167734972998886,0.0,-0.12337188075146609
train,median,UAV_0021,159,-0.19801104047616055,-0.6089297809380905,0.0,-0.22483025315916458,-0.29693104193757225,-0.7305784772156013,0.0,0.0,0.6136138422298067,-0.6008905551241708,-1.1137744848794249,0.42155672467288996,-0.43627089062680535,0.0,0.877257504723412,0.0,0.0,1.3628451582854777,-0.02780993181466591,0.0,0.4817791139104925,-0.2986181556273179,-1.0237711043052198,-2.084648236128435,-0.1686226898691488,-1.941880654299602,0.0,0.18955136606087225
train,median,UAV_0021,160,0.014000136223992165,-0.26774400271210186,0.0,-0.40469445568667595,-0.29693104193757225,-0.7622177026068147,0.0,0.0,0.29123260745315693,0.07045464290769203,-1.1276101927661224,0.7588021044111156,-0.24220390886460025,0.0,0.877257504723412,-0.6744907594765952,0.0,1.3776728746995683,0.014413845625566407,0.0,0.4817791139104925,0.07725444822195947,-1.0693277484360464,-2.084648236128435,-0.43841899365983733,-2.0669878112992466,0.0,-0.12337188075146609
train,median,UAV_0021,161,0.014000136223992165,-0.8057915644326518,0.0,-0.719456810109147,-0.29693104193757225,-0.7622177026068147,0.0,0.0,0.29123260745315693,-0.6564645540878514,-1.1276101927661224,0.7588021044111156,-0.23927146295196094,0.0,0.9481093329475888,-0.6744907594765952,0.0,1.3776728746995683,0.35886614614474444,0.0,0.4817791139104925,-0.2986181556273179,-1.0697072269808139,-2.082098285505188,-0.43841899365983733,-2.0669878112992466,0.0,0.18955136606087225
train,median,UAV_0021,162,0.014000136223992165,-0.6711124021475474,0.0,-0.719456810109147,-0.50788256386055,-0.7305784772156013,0.0,0.0,-0.4624118735708959,-0.6564645540878514,-1.1276101927661224,1.053891811682189,-0.17256981832000318,0.0,1.2035488189139054,-0.6744907594765952,0.0,1.3947818925185012,0.35886614614474444,0.0,0.2890674683443898,0.07725444822195947,-1.0697072269808139,-2.1344358725853128,-0.43841899365983733,-2.0669878112992466,0.0,-0.10146477219799944
train,median,UAV_0021,163,0.08813680831674704,-0.26774400271210186,0.0,-0.40469445568667595,-0.4965928814790889,-0.7622177026068147,0.0,0.0,-0.4624118735708959,-0.9866704493113188,-1.1276101927661224,1.053891811682189,-0.17256981832000318,0.0,1.2035488189139054,-0.6744907594765952,0.0,1.3947818925185012,0.19576785593843093,0.0,0.3854232911322054,0.07725444822195947,-1.0697072269808139,-2.1344358725853128,-0.30352084176449307,-2.257368267603135,0.0,-0.10146477219799944
train,median,UAV_0021,164,0.11432999089809243,-0.6711124021475474,0.0,-0.314762354422471,-0.50788256386055,-1.0635094171278303,0.0,0.0,-1.3326786373430506,-0.9866704493113188,-1.0930209230493557,1.0117361392148208,-0.23927146295196094,0.0,1.2035488189139054,-0.6744907594765952,0.0,1.4049641558420167,0.21649057060518465,0.0,0.3854232911322054,0.25107695672147956,-1.0697072269808139,-2.2384542216389907,-0.30352084176449307,-2.257368267603135,0.0,-0.10146477219799944
train,median,UAV_0021,165,0.3079884471166636,-0.6711124021475474,0.0,0.26979630379126707,-0.5285501604352599,-0.7291403306068847,0.0,0.0,-0.4624118735708959,-1.3813555501867352,-1.0930209230493557,1.0117361392148208,-0.2539502200752402,0.0,1.2035488189139054,-0.6744907594765952,0.0,1.4049641558420167,0.46921538956195014,0.0,0.3854232911322054,-0.0401128865767895,-1.0697072269808139,-2.4889616351521853,-0.269796303790657,-2.31176268368997,0.0,-0.10146477219799944
train,median,UAV_0021,166,0.3079884471166636,0.5246480440004716,0.0,0.26979630379126707,-0.50788256386055,-1.0635094171278303,0.0,0.0,-0.1771351667145047,-0.9866704493113188,-1.1449048276244944,1.3068258464858222,-0.2539502200752402,0.0,1.1932939490393117,-0.6744907594765952,0.0,1.3755673187790725,0.46921538956195014,0.0,0.3854232911322054,0.25553394411890884,-1.2544026360883376,-2.5121727347695226,-0.033724537973836066,-2.31176268368997,0.0,-0.10146477219799944
train,median,UAV_0021,167,0.13273346768207214,0.5246480440004716,0.0,0.4046944556862267,-0.496989714195143,-1.2267390572143893,0.0,0.0,-0.1768419734908327,-0.7170737145709095,-0.9840647234416013,1.2225145015513017,-0.3337086378413827,0.0,1.044132205409425,-0.6744907594765952,0.0,1.3755673187790725,0.46921538956195014,0.0,0.3854232911322054,-0.0401128865767895,-1.2544026360883376,-2.6489967658528637,-0.13489815189534426,-2.224731617951082,0.0,0.04072205295015589
train,median,UAV_0021,168,0.13273346768207214,0.5246480440004716,0.0,0.4046944556862267,-0.6947248159109235,-1.2267390572143893,2.8695647601215146,0.0,-0.1771351667145047,-0.7170737145709095,-0.9390986728098115,1.3068258464858222,-0.2539502200752402,0.0,1.044132205409425,-1.3489815189531904,0.0,1.4386396870113791,0.5315073398253499,0.0,0.3854232911322054,0.25553394411890884,-1.2544026360883376,-2.6489967658528637,-0.13489815189534426,-2.224731617951082,0.0,0.04072205295015589
train,median,UAV_0021,169,0.038352626310970306,0.5246480440004716,0.0,0.4046944556862267,-0.496989714195143,-1.4029120167791704,2.8695647601215146,0.0,-0.020968782884426142,-0.7170737145709095,-1.1449048276244944,1.3068258464858222,0.04477608624514885,0.0,1.044132205409425,-1.3489815189531904,0.0,1.3755673187790725,0.6635363666627034,0.0,0.3854232911322054,-0.0401128865767895,-1.2544026360883376,-2.6489967658528637,-0.13489815189534426,-2.241049942777091,0.0,0.04072205295015589
train,median,UAV_0021,170,-0.1293008960422094,-0.06294741861341624,0.0,0.4046944556862267,0.2578319047201153,-1.4029120167791704,2.8695647601215146,0.0,0.5074447948143086,0.2800296226835122,-1.1068566309360532,1.2225145015513017,0.183835788944093,0.0,1.044132205409425,-0.6744907594765952,0.0,1.43740316806753,0.6635363666627034,0.0,0.5781349366983082,0.25553394411890884,-0.6667248673674664,-2.6489967658528637,-0.13489815189534426,-2.241049942777091,0.0,0.04072205295015589
train,median,UAV_0021,171,-0.08600135030231013,-0.5318078431746174,0.0,0.4946265569499824,0.2578319047201153,-1.4029120167791704,2.8695647601215146,0.0,0.5074447948143086,-0.7170737145709095,-1.0221129201299965,1.2225145015513017,0.183835788944093,0.0,1.044132205409425,-0.6744907594765952,0.0,1.43740316806753,0.6772208142092463,0.0,0.9635582278257493,-0.06091216109812623,-0.6667248673674664,-2.72511680506367,-0.1686226898691488,-2.41511207425497,0.0,-0.39814885188659266
train,median,UAV_0021,172,-0.1619956911475794,-0.6581970810154064,0.0,0.5395926075816356,0.2578319047201153,-1.512930232344124,2.8695647601215146,0.0,-1.1169497042319898,0.2800296226835122,-1.1068566309360532,1.2225145015513017,0.1980587754091226,0.0,1.3974590856327689,-0.6744907594765952,0.0,1.3715826744628814,0.8345437374904722,0.0,0.9635582278257493,0.48284030138750633,-0.9430596780468392,-2.8175887824061747,-0.1686226898691488,-2.496703698385188,0.0,-0.4732224216803549
train,median,UAV_0021,173,-0.08600135030231013,-0.6581970810154064,0.0,0.5395926075816356,0.45894973626538155,-1.4029120167791704,2.8695647601215146,0.0,-1.1385943188058605,1.8230066964852367,-1.1068566309360532,1.2225145015513017,0.1980587754091226,0.0,1.3974590856327689,-0.6744907594765952,0.0,1.3715826744628814,0.7633646186128189,0.0,0.9635582278257493,-0.06091216109812623,-0.9430596780468392,-2.8175887824061747,-0.47214353163364187,-2.7632363372106243,0.0,-0.39814885188659266
train,median,UAV_0021,174,-0.1619956911475794,-0.6581970810154064,0.0,0.5395926075816356,0.2578319047201153,-1.0325892650409263,2.8695647601215146,0.0,-1.1385943188058605,1.8230066964852367,-1.0221129201299965,0.9695804667475966,0.1980587754091226,0.0,1.3974590856327689,-0.6744907594765952,0.0,1.3964311337621906,0.8345437374904722,0.0,0.9635582278257493,0.5704943868701342,-1.0683525473437296,-2.8385092360738478,-0.47214353163364187,-2.8230701949060943,0.0,-0.39814885188659266
train,median,UAV_0021,175,-0.08600135030231013,-0.6581970810154064,0.0,0.5395926075816356,0.45894973626538155,-1.0325892650409263,2.8695647601215146,0.0,-1.1385943188058605,-0.73957912109659,-0.7938237399994648,1.0117361392148208,0.3002806621080344,0.0,1.3694912587021584,-0.6744907594765952,0.0,1.3964311337621906,0.8345437374904722,0.0,0.867202405042698,0.5140392131694002,-1.3287475073880166,-2.8385092360738478,-0.47214353163364187,-2.8230701949060943,0.0,0.08891918773253833
train,median,UAV_0021,176,-0.06091873107484569,0.6215067146505857,0.0,-0.40469445568667595,-0.01908810862189746,-1.0325892650409263,2.8695647601215146,0.0,0.053020602706829324,-0.7442248555897738,-0.7938237399994648,1.0117361392148208,0.49685284918825534,0.0,1.6445082235199024,-0.6744907594765952,0.0,1.4224483100186618,0.8345437374904722,0.0,0.867202405042698,0.5140392131694002,-1.3436207083764131,-3.119773270803085,-0.505868069607478,-2.8230701949060943,0.0,0.08891918773253833
train,median,UAV_0021,177,-0.0022451136269691445,1.3048399247207525,0.0,-0.40469445568667595,0.5015290261384587,-1.0325892650409263,2.8695647601215146,0.0,0.053020602706829324,-0.7442248555897738,-0.7938237399994648,1.0117361392148208,0.6270731234688656,0.0,1.6445082235199024,-0.6744907594765952,0.0,1.4224483100186618,0.8810856939277402,0.0,1.156269873391852,0.14113793425174234,-1.3287475073880166,-2.8385092360738478,-0.505868069607478,-2.8230701949060943,0.0,0.08891918773253833
train,median,UAV_0021,178,-0.06091873107484569,0.9940935826997174,0.0,0.5395926075816356,-0.006245031334620653,-0.7233877441721482,2.8695647601215146,0.0,0.053020602706829324,-1.0276805279080585,-1.0048182852716245,1.0117361392148208,0.49685284918825534,0.0,1.6957825728926519,-0.6744907594765952,0.0,2.0790731480434634,0.9942890765166487,0.0,1.156269873391852,0.14113793425174234,-1.320291814936233,-2.8385092360738478,-0.809388911371971,-2.8230701949060943,0.0,0.08891918773253833
train,median,UAV_0021,179,-0.06091873107484569,0.6215067146505857,0.0,0.22483025315961386,-0.006245031334620653,-1.1656178263449561,2.8695647601215146,0.0,-0.36914426086147084,-0.7442248555897738,-1.2452137098030742,1.0960474841494132,0.6270731234688656,0.0,1.789008662661317,-1.3489815189531904,0.0,2.0790731480434634,0.9998015090209085,0.0,1.156269873391852,0.14113793425174234,-1.3436207083764131,-3.2366229720903474,-0.809388911371971,-2.8230701949060943,0.0,-0.06303091188543565
train,median,UAV_0021,180,-0.1475163850700369,0.6215067146505857,0.0,0.5395926075816356,-0.016554654372548782,-1.1656178263449561,2.8695647601215146,0.0,-0.7865238430002365,0.11670612513043496,-1.2884502969489924,1.0960474841494132,0.6270731234688656,0.0,1.8328249248525337,-1.3489815189531904,0.0,1.4247504099529376,1.188931081775837,0.0,1.156269873391852,0.14113793425174234,-1.691321328432656,-3.389115111125747,-0.809388911371971,-3.1113606001662784,0.0,-0.36089041456494503
train,median,UAV_0021,181,-0.5062148803193419,-0.1297643645385966,0.0,0.5395926075816356,-0.016554654372548782,-0.662266513302715,2.8695647601215146,0.0,-0.9020325243103764,0.11670612513043496,-1.5253867945087447,1.0960474841494132,0.5538937801485257,0.0,1.8328249248525337,-1.3489815189531904,0.0,1.4204471251398225,1.5235897052222305,0.0,1.3489815189579548,-0.06388348602970867,-1.4666083928835174,-3.389115111125747,-0.809388911371971,-3.3017410564701666,0.0,-0.36089041456494503
train,median,UAV_0021,182,-0.6660055241852382,-0.1297643645385966,0.0,0.22483025315961386,-0.4744861965923318,-0.662266513302715,2.8695647601215146,0.0,-0.9020325243103764,-0.46002205810122365,-1.5253867945087447,1.0960474841494132,0.5538937801485257,0.0,1.8328249248525337,-0.6744907594765952,0.0,1.4204471251398225,1.5235897052222305,0.0,1.156269873391852,-0.06388348602970867,-1.4666083928835174,-3.3950860805049454,-0.539592607581314,-3.3778932389917147,0.0,-0.36089041456494503
train,median,UAV_0021,183,-0.6660055241852382,-0.1297643645385966,0.0,0.22483025315961386,-0.4744861965923318,-1.4525280747790328,2.8695647601215146,0.0,-0.8330523887631219,-0.15572169454934232,-1.5444108928529423,1.0960474841494132,0.5538937801485257,0.0,1.8328249248525337,-0.6744907594765952,0.0,1.4204471251398225,1.6145337601369492,0.0,1.3489815189579548,0.7591735200276778,-1.7258842705197637,-3.540477224431607,-0.539592607581314,-3.486682071165316,0.0,-0.4110575429003563
train,median,UAV_0021,184,-0.27350259399671445,0.016896539532290263,0.0,-0.1348981518954089,-0.4744861965923318,-1.2806695550403366,2.8695647601215146,0.0,-0.9020325243103764,-0.15572169454934232,-1.5444108928529423,1.264670174018598,0.4747235855655302,0.0,1.8328249248525337,-0.6744907594765952,0.0,1.3731003167780689,1.715961006341743,0.0,1.3489815189579548,-0.06388348602970867,-1.7258842705197637,-3.3950860805049454,-0.7082152974504629,-3.486682071165316,0.0,-0.44784663636940963
train,median,UAV_0021,185,-0.27350259399671445,0.8229600378984749,0.0,-0.314762354422471,-0.4744861965923318,-1.4014738701704863,2.8695647601215146,0.0,-0.9020325243103764,-0.15572169454934232,-1.5444108928529423,1.264670174018598,0.4747235855655302,0.0,1.815111967796627,-1.3489815189531904,0.0,1.3731003167780689,1.715961006341743,0.0,1.3489815189579548,-0.06388348602970867,-1.8903924285377958,-3.591301781158002,-0.8431134493457756,-3.486682071165316,0.0,-0.44784663636940963
train,median,UAV_0021,186,-0.20881921642552143,0.8229600378984749,0.0,-0.6295247088453912,-0.2766221743966382,-1.7732347685173817,2.8695647601215146,0.0,-1.193832383962201,-0.15572169454934232,-1.5444108928529423,0.9274247942803003,0.4747235855655302,0.0,1.815111967796627,-1.3489815189531904,0.0,1.44236176423769,1.715961006341743,0.0,1.3489815189579548,0.013370962192250799,-1.898084824137906,-3.786081108485231,-0.7082152974504629,-3.486682071165316,0.0,-0.24099815759453114
train,median,UAV_0021,187,-0.20881921642552143,1.092726228023698,0.0,-0.6295247088453912,-0.02558440369471063,-1.7732347685173817,2.8695647601215146,0.0,-1.193832383962201,-0.07216017242818046,-1.7640527555543226,1.475448536355007,0.4747235855655302,0.0,1.815111967796627,-1.3489815189531904,0.0,1.4533030223208094,1.575978441960793,0.0,1.6380489873023445,0.23919165699503853,-1.898084824137906,-3.7393510466795896,-0.8431134493457756,-3.5682736952956025,0.0,-0.566786494601464
train,median,UAV_0021,188,-0.08007243378588501,0.8229600378984749,0.0,-0.6295247088453912,0.495642172326331,-1.4014738701704863,2.8695647601215146,0.0,-1.193832383962201,0.10898365574861175,-1.5184689405653728,1.475448536355007,1.0890610152578082,0.0,1.9484252761657974,-1.3489815189531904,0.0,2.073279206594459,1.575978441960793,0.0,1.6380489873023445,0.23919165699503853,-1.9192488402616155,-3.7393510466795896,-1.0117361392149244,-3.5682736952956025,0.0,-0.24099815759453114
train,median,UAV_0021,189,-0.20881921642552143,0.8229600378984749,0.0,-0.314762354422471,0.495642172326331,-1.4014738701704863,2.8695647601215146,0.0,-0.5785765384831202,-0.07216017242818046,-1.6326135306306733,1.3068258464858222,1.0890610152578082,0.0,1.9596124069380416,-1.3489815189531904,0.0,2.073279206594459,1.575978441960793,0.0,1.6380489873023445,0.9463669907194115,-1.9192488402616155,-4.061362787669532,-1.0454606771887605,-3.6607442026431944,0.0,-0.24099815759453114
train,median,UAV_0021,190,-0.3886469593245805,0.9893664397989078,0.0,-0.5395926075816356,0.2068894522380488,-1.8566472718215163,2.8695647601215146,0.0,-0.5785765384831202,-0.07216017242818046,-2.281162337819745,1.3068258464858222,1.0890610152578082,0.0,2.0780095409442563,-1.3489815189531904,0.0,2.073279206594459,1.575978441960793,0.0,1.6380489873023445,1.1201894992188575,-1.9373722773609043,-4.07909664714961,-1.2478079050317452,-3.6770625274692383,0.0,-0.24455521156674673
train,median,UAV_0021,191,-0.3886469593245805,0.9893664397989078,0.0,-0.08993210126375568,0.9660546983933326,-2.0529542839080053,2.8695647601215146,0.0,-0.4352431873231985,-0.07216017242818046,-1.6326135306306733,1.475448536355007,1.0890610152578082,0.0,2.079874062739667,-1.3489815189531904,0.0,2.0189381836279683,1.840173694290939,0.0,1.6380489873023445,1.4960621030681347,-2.3726630003872846,-4.07909664714961,-1.4164305949009257,-3.862003542164422,0.0,-0.8112593097076709
train,median,UAV_0021,192,-0.0867075539969274,-0.016959128576122685,0.0,-0.04496605063165321,0.2068894522380488,-2.0565496504297482,2.8695647601215146,0.0,-0.45615665543259054,0.4819124377259404,-1.6326135306306733,1.6440712262241917,1.0699100090717453,0.0,2.3418393749896462,-1.3489815189531904,0.0,1.3642594201697027,2.212111608599922,0.0,1.6380489873023445,1.4960621030681347,-2.492450863243051,-4.0965656403693735,-1.4164305949009257,-3.981671257555466,0.0,-0.8112593097076709
train,median,UAV_0021,193,-0.0867075539969274,-0.016959128576122685,0.0,0.4046944556862267,0.2068894522380488,-2.0565496504297482,2.8695647601215146,0.0,-0.45615665543259054,-0.23674883452395917,-2.0546026211750164,1.4332928638877107,0.4922382686248121,0.0,2.353958766659651,-1.3489815189531904,0.0,1.351511269297117,2.212111608599922,0.0,1.6380489873023445,1.1201894992188575,-2.492450863243051,-4.269049169470935,-1.4164305949009257,-4.0632628816856835,0.0,-0.9707469850462009
train,median,UAV_0021,194,-0.0867075539969274,-0.016959128576122685,0.0,-0.04496605063165321,0.22921147110154863,-2.0615831635601753,2.8695647601215146,0.0,-0.4352431873231985,0.026337996628981758,-2.0546026211750164,1.7283825711587122,0.4922382686248121,0.0,2.353958766659651,-1.3489815189531904,0.0,1.351511269297117,1.9606451584318787,0.0,1.7344048100901601,0.8705982049632618,-2.492450863243051,-4.269049169470935,-1.2815324430055814,-4.182930597076727,0.0,-0.9707469850462009
train,median,UAV_0021,195,0.5775767558046165,-0.7812695411810193,0.0,0.719456810109147,0.22921147110154863,-2.0565496504297482,2.8695647601215146,0.0,-0.050096255907917504,0.026337996628981758,-1.5184689405653728,1.7283825711587122,0.4922382686248121,0.0,2.4210815512931165,-1.3489815189531904,0.0,1.3373931554657397,2.2323867765444096,0.0,1.7344048100901601,0.7874011068779891,-2.492450863243051,-4.460902844392081,-1.2815324430055814,-4.182930597076727,0.0,-1.2359757108763851
train,median,UAV_0021,196,0.4631937163801126,-0.7812695411810193,0.0,0.719456810109147,0.2235416720748613,-2.0615831635601753,2.8695647601215146,0.0,-0.050096255907917504,0.27728319813024715,-2.0546026211750164,1.6440712262241917,0.4922382686248121,0.0,2.4210815512931165,-1.3489815189531904,0.0,1.3373931554657397,2.2323867765444096,0.0,1.9271164556562628,0.7874011068779891,-2.492450863243051,-4.497275590683806,-1.1129097531364325,-4.264522221206946,0.0,-1.2359757108763851
train,median,UAV_0021,197,0.4631937163801126,-0.20266323765711228,0.0,0.4946265569499824,0.22921147110154863,-1.825727119734645,2.8695647601215146,0.0,-0.050096255907917504,0.026337996628981758,-2.0546026211750164,1.6440712262241917,0.4922382686248121,0.0,2.7781374751071715,-1.3489815189531904,0.0,1.3582101271337776,2.2323867765444096,0.0,1.9271164556562628,0.7874011068779891,-2.6974575349789895,-4.497275590683806,-1.1129097531364325,-4.580009834510478,0.0,-1.2359757108763851
train,median,UAV_0021,198,-0.18556370192090693,-0.20266323765711228,0.0,-0.1348981518954089,0.489625161536411,-1.83363692608244,2.8695647601215146,0.0,0.1649861534850047,0.026337996628981758,-2.250031995074676,1.7283825711587122,0.6827789272259337,0.0,2.8918733046250247,-1.3489815189531904,0.0,1.3653244956980655,2.248670197995822,0.0,2.216183924005417,0.7874011068779891,-2.7257112247950364,-4.759500127481033,-1.2815324430055814,-4.6887986666841135,0.0,-1.093755411612757
train,median,UAV_0021,199,-0.18556370192090693,-0.7009130674354804,0.0,-0.1348981518954089,0.2235416720748613,-1.83363692608244,2.8695647601215146,0.0,-0.051319291633562164,0.27728319813024715,-2.250031995074676,1.686226898691416,1.0195974589904926,0.0,2.8918733046250247,-2.6979630379064248,0.0,1.3653244956980655,2.6490004550619686,0.0,2.216183924005417,0.7874011068779891,-2.798151898949137,-4.942187746877497,-1.3489815189532535,-4.906376331031419,0.0,-1.2359757108763851
train,median,UAV_0021,200,-0.18556370192090693,-0.20266323765711228,0.0,-0.1348981518954089,0.2235416720748613,-1.9501268013865376,2.8695647601215146,0.0,-0.051319291633562164,0.27728319813024715,-2.250031995074676,1.7283825711587122,1.071248679519457,0.0,2.9608606110539006,-2.6979630379064248,0.0,1.3653244956980655,2.6490004550619686,0.0,2.216183924005417,0.8795121797581205,-2.798151898949137,-5.125527489426015,-1.4501551328747302,-4.982528513552933,0.0,-1.5117399245497876
train,median,UAV_0021,201,-0.5096353358744342,0.4170476956623861,0.0,-0.1348981518954089,-0.22536500408243498,-1.9501268013865376,2.8695647601215146,0.0,-0.051319291633562164,-0.47387472655504664,-2.2033364809570375,1.897005261027897,1.071248679519457,0.0,2.821953737298498,-2.6979630379064248,0.0,1.3582101271337776,2.8043657593960476,0.0,2.4088955695715195,1.353438506350694,-2.8424965164268072,-5.388895072714854,-1.4501551328747302,-5.129393436987429,0.0,-1.6087625790875275
train,median,UAV_0021,202,-0.5096353358744342,0.4170476956623861,0.0,-0.40469445568667595,-0.22536500408243498,-1.9716990005168968,2.8695647601215146,0.0,-0.051319291633562164,0.4584269012021907,-2.2033364809570375,2.0656279508970097,1.071248679519457,0.0,2.821953737298498,-2.6979630379064248,0.0,1.3972100115824153,2.8043657593960476,0.0,2.4088955695715195,1.353438506350694,-2.8424965164268072,-5.462839759389561,-1.4838796708485662,-5.129393436987429,0.0,-1.5117399245497876
train,median,UAV_0021,203,-0.5096353358744342,0.4170476956623861,0.0,-0.40469445568667595,-0.22536500408243498,-1.9716990005168968,2.8695647601215146,0.0,-0.7201584489862234,0.4584269012021907,-2.2033364809570375,2.0656279508970097,1.1504201946163646,0.0,2.821953737298498,-1.3489815189531904,0.0,1.3972100115824153,2.860714704538161,0.0,2.6016072151376224,1.353438506350694,-2.8424965164268072,-5.492683969044981,-1.6187778227439105,-5.249061152378403,0.0,-1.7684641173060476
train,median,UAV_0021,204,-0.14789858813001602,0.4170476956623861,0.0,-0.17986420252751137,-0.22536500408243498,-1.9716990005168968,2.8695647601215146,0.0,-0.7201584489862234,-0.47387472655504664,-2.3157516075364892,2.2342506407661946,0.7686106039478952,0.0,3.133328877126036,-1.3489815189531904,0.0,1.3972100115824153,2.927723134540731,0.0,2.890674683482012,1.353438506350694,-2.971230300449647,-5.747080713454302,-1.6187778227439105,-5.249061152378403,0.0,-1.7684641173060476
train,median,UAV_0021,205,-0.5112918588581508,-0.09010409981452464,0.0,-0.22483025315916458,-0.6805797936641974,-1.9716990005168968,2.8695647601215146,0.0,-0.7201584489862234,-0.47387472655504664,-2.3157516075364892,2.2342506407661946,0.7686106039478952,0.0,3.262913141904495,-1.3489815189531904,0.0,1.4115208139963753,3.02681952969365,0.0,2.6016072151376224,1.4500065666281434,-3.105965488245161,-5.747080713454302,-1.8548495885607,-5.249061152378403,0.0,-1.41974641766039
train,median,UAV_0021,206,-0.14789858813001602,-0.09010409981452464,0.0,-0.22483025315916458,0.2186437961217934,-1.9716990005168968,2.8695647601215146,0.0,-0.5768488672801946,-0.27335657657058765,-2.4575676133751845,2.0656279508970097,1.1877484672828196,0.0,3.378513493217649,-1.3489815189531904,0.0,1.4115208139963753,3.02681952969365,0.0,2.890674683482012,1.4500065666281434,-3.1963048802118514,-5.806836409837719,-1.8548495885607,-5.303455568465239,0.0,-1.41974641766039
train,median,UAV_0021,207,-0.12848670890285266,-0.46414467931658915,0.0,-0.17986420252751137,0.2186437961217934,-1.8595235650389172,2.8695647601215146,0.0,-0.5301769098549893,-0.7818805517892224,-2.4575676133751845,1.9813166059624174,1.4181024454382085,0.0,3.4102103637389707,-1.3489815189531904,0.0,1.4128370548019642,3.02681952969365,0.0,2.890674683482012,1.781309296503276,-3.4129088788166353,-5.809814456461079,-1.8548495885607,-5.733171455551111,0.0,-1.7684641173060476
train,median,UAV_0021,208,-0.12848670890285266,-0.09010409981452464,0.0,-0.22483025315916458,-0.5092851965759723,-2.022753205125476,2.8695647601215146,0.0,-0.3145695510405195,-0.48282164479882433,-2.2967275091922685,1.9813166059624174,1.1877484672828196,0.0,3.411142624636731,-1.3489815189531904,0.0,1.4128370548019642,3.1747421254077564,0.0,3.276097974614218,1.5822305260850271,-3.7283748613098173,-5.842126036737322,-1.821125050586864,-5.733171455551111,0.0,-1.7846673683808707
train,median,UAV_0021,209,-0.11926796969592701,0.21949431175633183,0.0,-0.22483025315916458,0.21221067516756517,-2.133490493994772,2.8695647601215146,0.0,-0.3145695510405195,-0.27335657657058765,-2.2967275091922685,1.9813166059624174,1.1877484672828196,0.0,3.6992112420220202,-2.02347227842983,0.0,1.4068145136369496,3.2762496625720385,0.0,3.276097974614218,1.781309296503276,-3.788016183610528,-5.9867263188882145,-1.821125050586864,-5.994264652767877,0.0,-1.8486661785722625
train,median,UAV_0021,210,0.5302105929037382,0.21949431175633183,0.0,0.35972840505502274,0.21221067516756517,-2.133490493994772,2.8695647601215146,0.0,-0.13707895778035867,-0.35499742005635476,-2.4575676133751845,2.0656279508970097,0.9519845250190305,0.0,3.6992112420220202,-2.02347227842983,0.0,1.3869529086790162,3.64361054983021,0.0,3.372453797397269,1.781309296503276,-3.95787141277618,-6.11553405964158,-1.821125050586864,-6.168326784245722,0.0,-1.9951873675116159
train,median,UAV_0021,211,0.5302105929037382,-0.46414467931658915,0.0,0.44966050631877846,0.21221067516756517,-2.133490493994772,2.8695647601215146,0.0,-0.3145695510405195,-0.35499742005635476,-2.571712203440439,1.9813166059624174,0.9519845250190305,0.0,3.757011417678542,-2.6979630379064248,0.0,1.3869529086790162,3.64361054983021,0.0,3.372453797397269,1.5822305260850271,-3.9691853440329017,-6.262845249931711,-1.922298664508372,-6.298873382854105,0.0,-1.9801708568853007
train,median,UAV_0021,212,0.5302105929037382,-0.5362120650576888,0.0,0.35972840505502274,-0.24488274088823853,-2.2255318769510763,2.8695647601215146,0.0,-0.13707895778035867,-0.35499742005635476,-2.8726388499761786,2.107783623364306,0.9519845250190305,0.0,3.8157438542328244,-2.6979630379064248,0.0,1.385419871300616,3.6454866958926577,0.0,3.372453797397269,1.5822305260850271,-3.9691853440329017,-6.332970719639531,-2.2595440442466694,-6.315191707680149,0.0,-1.9801708568853007
train,median,UAV_0021,213,0.752422719697377,-0.5362120650576888,0.0,0.35972840505502274,-0.24488274088823853,-2.375818197559413,2.8695647601215146,0.0,-0.05701263355231408,-0.01652482689077637,-2.931440608494643,2.107783623364306,1.3072734292071522,0.0,3.8726117689916957,-2.6979630379064248,0.0,1.3869529086790162,4.133163367422475,0.0,3.5651654429633717,1.5465746269056297,-3.9691853440329017,-6.749996545728645,-2.2595440442466694,-6.63611876259242,0.0,-1.9951873675116159
train,median,UAV_0021,214,0.5302105929037382,-0.626846645522264,0.0,0.35972840505502274,-0.24488274088823853,-2.375818197559413,2.8695647601215146,0.0,-0.13707895778035867,-0.01652482689077637,-2.931440608494643,1.7705382436260084,1.4966024765008272,0.0,3.90990220489925,-2.6979630379064248,0.0,1.3869529086790162,4.235040297000589,0.0,3.7578770885294746,1.5465746269056297,-4.112536830697778,-6.8952652054937715,-2.2595440442466694,-6.799302010852856,0.0,-2.029663004231921
train,median,UAV_0021,215,0.39680032647273084,-1.0074807543938245,0.0,0.35972840505502274,0.710293301123029,-2.7641177819062737,2.8695647601215146,0.0,-0.4535281237466412,0.29614355341099297,-2.8726388499761786,1.7705382436260084,1.836788521108182,0.0,4.28094204217861,-2.6979630379064248,0.0,1.385419871300616,4.250709901477867,0.0,4.046944556873864,2.339918383646858,-4.161756993790382,-7.262176373824406,-2.360717658168178,-6.81018089407023,0.0,-2.0782492129514663
train,median,UAV_0021,216,0.39680032647273084,-1.0959936102234744,0.0,-0.08993210126375568,0.2301259231905427,-2.7195352370368053,2.8695647601215146,0.0,0.2459317951559109,0.29614355341099297,-2.8726388499761786,2.0234722784297134,1.4966024765008272,0.0,4.28094204217861,-2.6979630379064248,0.0,1.415104987755268,4.392350479724979,0.0,4.046944556873864,2.339918383646858,-4.161756993790382,-7.286062466777911,-2.4956158100634904,-6.973364142330735,0.0,-2.0782492129514663
train,median,UAV_0021,217,0.39680032647273084,-0.626846645522264,0.0,-0.08993210126375568,0.5024179020394942,-2.7195352370368053,2.8695647601215146,0.0,0.2459317951559109,0.29614355341099297,-2.8847450943770503,2.0234722784297134,1.4966024765008272,0.0,4.592317182006038,-3.37245379738302,0.0,1.440590423233458,4.540311146759314,0.0,4.046944556873864,2.139353950762873,-4.68589177309677,-7.531905717679967,-2.461891272089686,-7.239896781156171,0.0,-2.22695114007345
train,median,UAV_0021,218,0.39680032647273084,-1.0056557453055182,0.0,-0.08993210126375568,0.5024179020394942,-2.7195352370368053,2.8695647601215146,0.0,0.9657755760247905,0.4995388691797327,-2.8847450943770503,2.360717658168011,2.032411850474025,0.0,4.7153756205007245,-3.37245379738302,0.0,1.440590423233458,4.579689587230691,0.0,4.143300379656916,2.139353950762873,-4.68589177309677,-7.534491500544501,-2.4956158100634904,-7.305170080460345,0.0,-2.3647550662565306
train,median,UAV_0021,219,0.7089253641227371,-1.2816435595547397,0.0,-0.1124151265795823,0.36627191261501846,-2.808340790123538,4.304347140182272,0.0,1.0902799098933884,0.20361083271275504,-2.65991484121817,2.4239511668689553,2.0664617223548265,0.0,4.775040317952712,-3.7096991771213177,0.0,1.4457592290524857,4.6127620922968475,0.0,4.239656202439967,2.103698051583457,-4.697423513023551,-7.597285922575656,-2.563064886011147,-7.335087009308081,0.0,-2.3903671090075678
train,median,UAV_0021,220,1.0210504017727433,-1.0056557453055182,0.0,-0.1348981518954089,0.2301259231905427,-2.7195352370368053,5.739129520243029,0.0,1.2147842437619862,-0.2330243608732839,-2.8847450943770503,2.4871846755698996,2.032411850474025,0.0,4.8347050154047,-4.046944556859615,0.0,1.450928034871513,4.579689587230691,0.0,4.143300379656916,2.0680421524040415,-4.758579633455486,-7.531905717679967,-2.4956158100634904,-7.305170080460345,0.0,-2.4159791517586044
train,long,UAV_0081,1,0.5485232244921799,-0.0961713239385537,0.0,0.6744907594765952,-0.6968356818890844,0.10210840921712577,0.0,0.0,-0.44633990338032575,0.5286326927269306,-0.6329836358165487,0.04215567246729619,-0.269285374856076,0.0,-0.7588603707171973,0.6744907594765952,0.0,1.4693448473188249,-1.1914469442190703,0.0,-0.8672024050474623,-0.9864798772961639,0.5799894787925826,0.3029940274394638,0.9780116012410883,0.2502143139994271,0.0,0.5662681091378285
train,long,UAV_0081,2,0.19784874314814482,-0.14724098159337026,0.0,0.20234722784266407,-0.8435429503834273,0.16466778669524304,0.0,0.0,-0.5796573190043423,0.02981401716792287,-0.6303894405878102,-0.0632335087009083,-0.7235550887385133,0.0,-0.6078341052919001,0.6744907594765952,0.0,1.4377060236472619,-1.3067192869632314,0.0,-0.8190244936559365,-0.9872227085290874,0.6197050021765041,0.1958909504393376,0.8937002563064982,0.2828509636515143,0.0,0.6478673586009132
train,long,UAV_0081,3,-0.15282573819589032,-0.19831063924818684,0.0,0.6744907594765952,-0.9395293701147168,0.10210840921712577,0.0,0.0,-0.44633990338032575,0.21429024579809078,-0.6277952453590717,0.04215567246729619,-1.1778248026209506,0.0,-0.4568078398666029,0.6744907594765952,0.0,1.4060671999756988,-1.4219916297073925,0.0,-0.8672024050474623,-0.9864798772961639,0.6594205255604257,0.17970801632083172,0.8093889113719079,0.2502143139994271,0.0,0.5662681091378285
train,long,UAV_0081,4,0.45107011391125745,-0.19831063924818684,0.0,-0.26979630379126707,-0.9902502188777702,0.10210840921712577,0.0,0.0,-0.44633990338032575,-0.46900465839108485,-0.6277952453590717,0.04215567246729619,-1.1778248026209506,0.0,-0.7588603707171973,0.6744907594765952,0.0,1.3544296252473533,-1.4219916297073925,0.0,-0.7708465822644108,-0.9864798772961639,0.7899108283454915,0.0887878734392114,0.8093889113719079,0.11422827378233967,0.0,0.595517528680722
train,long,UAV_0081,5,0.13345471013507507,-0.19831063924818684,0.0,-0.35972840505502274,-0.9395293701147168,0.15460076043438908,0.0,0.0,-0.4365396965074769,0.03805984335200127,-0.6277952453590717,0.1686226898691128,-0.47286104698422415,0.0,-0.7588603707171973,0.6744907594765952,0.0,1.3544296252473533,-0.9882837307230073,0.0,-1.059914050613565,-0.9404243408560983,0.7899108283454915,0.17970801632083172,0.8093889113719079,0.22845654756464487,0.0,0.595517528680722
train,long,UAV_0081,6,-0.15282573819589032,0.28587004015723727,0.0,-0.35972840505502274,-0.9395293701147168,0.15460076043438908,0.0,0.0,-0.4365396965074769,-0.2984391651433028,-0.16948742161211341,-0.29508970727100137,-0.9700436078519322,0.0,-0.8576800258720946,0.6744907594765952,0.0,1.3544296252473533,-1.4037134233960615,0.0,-1.059914050613565,-0.8096860438650985,0.9186570212363772,0.0887878734392114,0.8093889113719079,0.07071274091287859,0.0,1.1023100625778972
train,long,UAV_0081,7,-0.24244088194240104,0.28587004015723727,0.0,-0.26979630379126707,-0.7386226915564563,0.03307737199993007,0.0,0.0,0.007779927685618566,0.03805984335200127,-0.15565171372541592,0.1686226898691128,-0.8435207494211796,0.0,-0.8576800258720946,0.6744907594765952,0.0,1.3544296252473533,-0.9600572661131147,0.0,-1.059914050613565,-0.3238744175460839,0.9186570212363772,0.17970801632083172,1.0117361392148927,0.0652732993041744,0.0,0.595517528680722
train,long,UAV_0081,8,-0.1580392111874819,0.969953482284054,0.0,-0.26979630379126707,-0.2816727707069513,0.15460076043438908,0.0,0.0,0.33149283817933983,0.03805984335200127,-0.16948742161211341,0.08431134493452042,-0.5302156425603501,0.0,-0.8576800258720946,0.6744907594765952,0.0,1.3665769454538195,-0.9600572661131147,0.0,-0.8672024050474623,-0.3238744175460839,0.9186570212363772,0.19095956266602762,1.0454606771887605,0.0652732993041744,0.0,0.595517528680722
train,long,UAV_0081,9,-0.44437619037816184,0.969953482284054,0.0,0.13489815189585816,0.01156511739048937,0.1883972057386612,0.0,0.0,0.007779927685618566,0.30322472290884367,-0.06399014897603346,0.29508970727100137,-0.5302156425603501,0.0,-0.655379411073938,1.3489815189531904,0.0,1.381391363612524,-0.9600572661131147,0.0,-1.1562698733966164,-0.8096860438650985,0.9186570212363772,0.19095956266602762,1.0454606771887605,0.22845654756464487,0.0,0.6387635271129987
train,long,UAV_0081,10,-0.8052028966209126,0.969953482284054,0.0,0.13489815189585816,-0.2816727707069513,0.1883972057386612,0.0,0.0,0.007779927685618566,0.30322472290884367,-0.06399014897603346,0.1686226898691128,-0.736647851950387,0.0,-0.4978273193648684,1.3489815189531904,0.0,1.405866493987719,-0.9600572661131147,0.0,-1.1562698733966164,-0.8096860438650985,0.9837590364330567,0.19095956266602762,1.0454606771887605,0.3318059381296107,0.0,0.6387635271129987
train,long,UAV_0081,11,-0.44437619037816184,0.14757944057483877,0.0,0.08993210126375568,-0.2816727707069513,0.1883972057386612,0.0,0.0,0.43040194650237895,0.30322472290884367,0.0017294634858026812,0.3372453797382976,-0.736647851950387,0.0,-0.4978273193648684,0.6744907594765952,0.0,1.381391363612524,-0.9600572661131147,0.0,-1.1562698733966164,-0.8215713435915395,0.9837590364330567,0.22778608274479756,1.0454606771887605,0.3318059381296107,0.0,0.5260051958560857
train,long,UAV_0081,12,-0.44437619037816184,-0.9933486877153082,0.0,0.08993210126375568,-0.4755805528301161,0.1883972057386612,0.0,0.0,0.43040194650237895,0.30322472290884367,-0.06399014897603346,0.1686226898691128,-0.736647851950387,0.0,-0.5845275828496512,0.0,0.0,1.381391363612524,-1.106383290732417,0.0,-1.2526256961749034,-1.0072791518175006,0.9837590364330567,0.34751546451965276,0.7082152974504312,0.3318059381296107,0.0,0.6387635271129987
train,long,UAV_0081,13,-0.6949514538539526,-1.1843061685583898,0.0,-0.26979630379126707,-0.4755805528301161,-0.12439968165185984,0.0,0.0,0.43040194650237895,-0.05069132808956127,0.09339102823518514,0.4637123971401142,-1.0731329420771678,0.0,-0.655379411073938,0.0,0.0,1.3580949874687278,-1.106383290732417,0.0,-1.2526256961749034,-0.8215713435915395,0.9837590364330567,0.34751546451965276,0.6070416835289231,0.31004817169489735,0.0,0.9032749815264143
train,long,UAV_0081,14,-0.6949514538539526,-1.1843061685583898,0.0,-0.26979630379126707,-0.7148183002619268,-0.2070931116516524,0.0,0.0,0.49283857120558283,-0.07243729234160616,0.09339102823518514,0.1686226898691128,-1.0731329420771678,0.0,-0.8054734156015848,0.0,0.0,1.3580949874687278,-1.106383290732417,0.0,-1.1562698733966164,-1.2420138214150729,0.5841594790064769,0.34751546451965276,0.7082152974504312,0.2393354307819843,0.0,0.9032749815264143
train,long,UAV_0081,15,0.8317806912997181,-0.9933486877153082,0.0,-0.26979630379126707,-0.4755805528301161,-0.2070931116516524,0.0,0.0,0.49283857120558283,-0.05069132808956127,-0.09339102823525415,0.2529340348037052,-1.1581649076684588,0.0,-0.8054734156015848,0.0,0.0,1.3580949874687278,-1.108746065335249,0.0,-1.059914050613565,-1.2420138214150729,0.5841594790064769,0.31504646598926156,0.7419398354242673,0.2393354307819843,0.0,0.8195245708005978
train,long,UAV_0081,16,-0.6949514538539526,-0.26159337728543314,0.0,-0.26979630379126707,-0.7148183002619268,-0.2070931116516524,0.0,0.0,0.7241707553129624,-0.05069132808956127,-0.09339102823525415,-0.04215567246729619,-1.1581649076684588,0.0,-0.8054734156015848,0.0,0.0,1.3580949874687278,-1.1603181671440912,0.0,-0.9635582278305136,-1.2420138214150729,0.6222879225738576,0.2714177566321279,0.7419398354242673,0.16862268986910572,0.0,0.8195245708005978
train,long,UAV_0081,17,-0.06928096154661545,0.04064714186624278,0.0,-0.1348981518954089,-0.041646088119463756,-0.014381466086906252,0.0,0.0,0.7511961588448396,-0.05069132808956127,0.03977766017422081,-0.04215567246729619,-1.2755808959696238,0.0,-0.8567477649743342,0.0,0.0,1.3850363874835354,-1.2468246185285508,0.0,-0.8672024050474623,-0.5437524624855584,0.6222879225738576,0.18536589484155305,0.8093889113719079,0.16862268986910572,0.0,0.8195245708005978
train,long,UAV_0081,18,-0.06928096154661545,0.3732847477807218,0.0,-0.1348981518954089,-0.7148183002619268,-0.014381466086906252,0.0,0.0,0.7241707553129624,0.35408907370680703,-0.09339102823525415,-0.08431134493459239,-1.564813821383293,0.0,-0.8054734156015848,0.6744907594765952,0.0,1.393818024162285,-1.1603181671440912,0.0,-0.9635582278305136,-0.7339172581089117,0.6801647542257787,0.2714177566321279,1.0117361392148927,0.18494101469521826,0.0,0.7936519839726521
train,long,UAV_0081,19,-0.06928096154661545,0.04064714186624278,0.0,-0.26979630379126707,-0.041646088119463756,0.2516756565211205,0.0,0.0,0.7511961588448396,0.37887720977444306,-0.299197183049937,-0.08431134493459239,-1.564813821383293,0.0,-0.7830991540570964,0.6744907594765952,0.0,1.3850363874835354,-1.177956592832819,0.0,-1.059914050613565,-0.5259245128958412,0.6801647542257787,0.18536589484155305,0.8093889113719079,0.18494101469521826,0.0,0.7936519839726521
train,long,UAV_0081,20,-0.06928096154661545,-0.26159337728543314,0.0,-0.26979630379126707,-0.7159980714557432,0.2516756565211205,0.0,0.0,0.7241707553129624,0.37887720977444306,-0.0726374664052309,-0.21077836233648098,-1.1558610623484151,0.0,-0.8567477649743342,0.6744907594765952,0.0,1.3850363874835354,-1.4359806902225236,0.0,-1.059914050613565,-0.7339172581089117,0.6801647542257787,0.18536589484155305,0.843113449345744,0.18494101469521826,0.0,0.7936519839726521
train,long,UAV_0081,21,-0.06928096154661545,0.3732847477807218,0.0,-0.26979630379126707,-0.041646088119463756,0.11792802191274877,0.0,0.0,0.48794369059692094,0.37887720977444306,-0.13835707886704404,-0.21077836233648098,-1.564813821383293,0.0,-0.9359899412778042,1.3489815189531904,0.0,1.3850363874835354,-1.520888163554887,0.0,-1.059914050613565,-0.7339172581089117,0.6801647542257787,0.2510832807989658,1.0117361392148927,0.18494101469521826,0.0,0.858696124240339
train,long,UAV_0081,22,-0.5446145945598883,-0.6375765807937783,0.0,-0.40469445568667595,0.7250406414628846,0.10570377573886866,0.0,0.0,-0.20058297759617918,0.2716701492713877,-0.13835707886704404,-0.08431134493459239,-0.6638978254714147,0.0,-0.7830991540570964,1.3489815189531904,0.0,1.384537655126406,-1.2691804694860893,0.0,-1.1562698733966164,-0.7339172581089117,0.6801647542257787,0.2962044104302279,0.843113449345744,0.13054659860838327,0.0,0.7936519839726521
train,long,UAV_0081,23,0.09297648470326762,-0.6375765807937783,0.0,-0.5845586582141874,0.7250406414628846,0.11792802191274877,0.0,0.0,-0.5891674773073609,0.2716701492713877,-0.09339102823525415,0.08431134493452042,-0.542072025396014,0.0,-0.8623413303604563,1.3489815189531904,0.0,1.3835999226122426,-1.2691804694860893,0.0,-1.1562698733966164,-1.2940120077183404,0.6619392757982726,0.2510832807989658,0.8093889113719079,0.04351553286946109,0.0,0.6471427008502223
train,long,UAV_0081,24,0.09297648470326762,-0.6375765807937783,0.0,-0.40469445568667595,-0.2570032692809533,0.10570377573886866,0.0,0.0,-0.6805670706657229,0.06281003001991599,-0.0726374664052309,0.08431134493452042,-0.542072025396014,0.0,-0.8623413303604563,1.3489815189531904,0.0,1.3753806994921094,-1.2691804694860893,0.0,-1.1562698733966164,-1.2940120077183404,0.7061700349157177,0.2510832807989658,0.843113449345744,0.04351553286946109,0.0,0.6471427008502223
train,long,UAV_0081,25,0.09297648470326762,-0.14132211538309403,0.0,-0.40469445568667595,0.494605939605505,0.11792802191274877,0.0,0.0,-0.6805670706657229,0.06281003001991599,-0.013835707886720507,0.08431134493452042,-0.6638978254714147,0.0,-0.7821668931593361,1.3489815189531904,0.0,1.3744324304864584,-1.2691804694860893,0.0,-1.1562698733966164,-0.508096563306161,0.7061700349157177,0.20394437713811178,1.0454606771887605,0.04351553286946109,0.0,0.6471427008502223
train,long,UAV_0081,26,0.09297648470326762,-0.2562911705912791,0.0,0.0,-0.2570032692809533,0.030201078782529242,0.0,0.0,-0.7440367400459807,0.5158376137746582,-0.013835707886720507,0.08431134493452042,-0.6638978254714147,0.0,-0.7308925437866967,0.6744907594765952,0.0,1.3744324304864584,-0.9276763069143575,0.0,-1.1562698733966164,-0.508096563306161,0.7941506070577571,0.06482281280298105,1.112909753136401,0.04895497447816527,0.0,0.6471427008502223
train,long,UAV_0081,27,0.5968383204251018,-0.2562911705912791,0.0,0.44966050631877846,-0.5166873972807994,0.030201078782529242,0.0,0.0,-0.6805670706657229,0.5158376137746582,-0.013835707886720507,0.210778362336409,-1.0705032033960422,0.0,-0.7308925437866967,0.6744907594765952,0.0,1.3744324304864584,-0.7768966993180799,0.0,-1.1562698733966164,-0.508096563306161,0.7941506070577571,0.05830392692234354,1.112909753136401,0.04895497447816527,0.0,0.7207088526973483
train,long,UAV_0081,28,0.5968383204251018,-0.2562911705912791,0.0,0.44966050631877846,-0.5166873972807994,-0.1208043151301496,0.0,0.0,-0.46830112289189435,0.9253486242512662,-0.04150712366013851,0.210778362336409,-1.0705032033960422,0.0,-0.6852117597999593,0.6744907594765952,0.0,1.3753806994921094,-0.7768966993180799,0.0,-1.1562698733966164,-0.31496044275118823,0.7941506070577571,0.05830392692234354,1.112909753136401,0.19038045630388797,0.0,1.0723641257782484
train,long,UAV_0081,29,-0.27186502151705794,0.21651875620962405,0.0,0.0,-0.5166873972807994,-0.1208043151301496,0.0,0.0,-0.4511759131567845,0.9253486242512662,-0.1279802979520209,0.210778362336409,-1.0705032033960422,0.0,-0.41019479498232525,0.6744907594765952,0.0,1.3744324304864584,-0.7203550066148177,0.0,-0.9635582278305136,-0.31496044275118823,0.7941506070577571,0.05830392692234354,0.9780116012410883,0.20669878112993156,0.0,0.7207088526973483
train,long,UAV_0081,30,-0.27186502151705794,-0.18901612119968086,0.0,0.4946265569499824,-0.5166873972807994,-0.2070931116516524,0.0,0.0,-0.048889046945832106,0.23724901490161088,-0.5413220710671893,-0.04215567246729619,-0.7395376785516031,0.0,-0.41019479498232525,0.6744907594765952,0.0,1.3855733300982283,-0.7203550066148177,0.0,-0.8672024050474623,-0.11736733479878607,0.7361841763219832,0.0865349503553346,0.9780116012410883,0.26109319721676655,0.0,1.0723641257782484
train,long,UAV_0081,31,1.0202834440168673,-0.18901612119968086,0.0,0.08993210126375568,-0.9739317970641256,-0.1208043151301496,0.0,0.0,-0.048889046945832106,0.18402586022192155,-0.5413220710671893,-0.04215567246729619,-0.5968262588068065,0.0,-0.5211338418072272,0.6744907594765952,0.0,1.3855733300982283,-0.6621670538660211,0.0,-0.8672024050474623,-0.11736733479878607,0.7361841763219832,0.0865349503553346,0.7756643733980718,0.26109319721676655,0.0,0.9854446401262867
train,long,UAV_0081,32,-0.27186502151705794,0.21651875620962405,0.0,0.08993210126375568,-0.2663752427610242,-0.10067026260844168,0.0,0.0,0.031213384244968875,0.1229695748551184,-0.5188390457513403,-0.04215567246729619,-0.5968262588068065,0.0,-0.4223141866522198,0.6744907594765952,0.0,1.2791588181173894,-0.7203550066148177,0.0,-0.8672024050474623,0.2495912942557069,0.7361841763219832,0.0865349503553346,0.9780116012410883,0.26109319721676655,0.0,0.9854446401262867
train,long,UAV_0081,33,0.6695002263904557,-0.18901612119968086,0.0,0.35972840505502274,-0.2663752427610242,-0.015100539391248302,0.0,0.0,0.031213384244968875,-0.7645352383056612,-0.5188390457513403,0.42155672467288996,-0.49611389710813125,0.0,-0.4223141866522198,0.6744907594765952,0.0,1.2791588181173894,-0.7848078209279745,0.0,-0.8672024050474623,-0.7547165326302113,0.7745809178206751,-0.012523895819591966,1.1466342911102054,0.31548761330360153,0.0,0.9854446401262867
train,long,UAV_0081,34,1.215577461841883,-0.2574629826741403,0.0,0.35972840505502274,-0.47949029661779774,-0.10067026260844168,0.0,0.0,-0.8433346387004336,0.1229695748551184,-0.3873998208276681,-0.04215567246729619,-0.7395376785516031,0.0,-0.4428239264014076,0.6744907594765952,0.0,1.4009378404782031,-0.7848078209279745,0.0,-0.6744907594813595,-0.5407811375539389,0.7745809178206751,-0.012523895819591966,1.1466342911102054,0.31548761330360153,0.0,0.9854446401262867
train,long,UAV_0081,35,0.9645469578660539,-0.26232522318710627,0.0,0.08993210126375568,-0.5168272432479193,-0.10067026260844168,0.0,0.0,-0.8433346387004336,0.10034235887540591,-0.2819025481915651,-0.08431134493459239,-0.3919785334352902,0.0,-0.5034208847509906,1.3489815189531904,0.0,1.2791588181173894,-0.7848078209279745,0.0,-0.9635582278305136,-0.5407811375539389,0.8322561884610337,-0.03471819329005829,1.2478079050317452,0.163183248260436,0.0,0.9559851877382689
train,long,UAV_0081,36,0.6695002263904557,-0.26232522318710627,0.0,0.0,-0.47949029661779774,-0.3106396674774949,0.0,0.0,-0.9201042485366256,0.10034235887540591,-0.3873998208276681,-0.08431134493459239,-0.8873508752264109,0.0,-0.5034208847509906,0.0,0.0,1.4009378404782031,-0.9093107671895717,0.0,-0.9635582278305136,-0.5407811375539389,0.8322561884610337,-0.03471819329005829,1.2478079050317452,0.22845654756464487,0.0,0.6629322975834053
train,long,UAV_0081,37,0.6695002263904557,-0.26232522318710627,0.0,-0.26979630379126707,-0.5168272432479193,-0.3106396674774949,0.0,0.0,-0.9201042485366256,-0.3266461908607005,-0.2819025481915651,-0.08431134493459239,-0.8873508752264109,0.0,-0.6451245411994542,0.6744907594765952,0.0,1.4009378404782031,-0.9093107671895717,0.0,-1.1562698733966164,-0.5407811375539389,0.7745809178206751,0.03432691965090665,1.2478079050317452,0.4297158870858723,0.0,0.9559851877382689
train,long,UAV_0081,38,-0.40044771015791225,0.3632773674223947,0.0,-0.26979630379126707,-0.5168272432479193,-0.3106396674774949,0.0,0.0,-0.9201042485366256,-0.3266461908607005,-0.2819025481915651,-0.08431134493459239,-1.340790828314867,0.0,-0.6451245411994542,0.0,0.0,1.3560247110793238,-1.1242545494761618,0.0,-1.1562698733966164,-0.5184962005668294,0.8322561884610337,0.03832846386072672,0.9780116012410883,0.4297158870858723,0.0,0.9559851877382689
train,long,UAV_0081,39,-0.516159396298655,0.3632773674223947,0.0,0.0,-0.5168272432479193,-0.23513697052115548,0.0,0.0,0.6321701545369012,-0.3266461908607005,-0.06744907594768483,0.0,-0.9029875361819076,0.0,-0.6619052373577106,0.0,0.0,1.3560247110793238,-1.1242545494761618,0.0,-1.1562698733966164,-0.5184962005668294,0.8322561884610337,0.03432691965090665,0.9780116012410883,0.22845654756464487,0.0,0.9559851877382689
train,long,UAV_0081,40,-0.5274356837713235,1.0837026839615862,0.0,-0.26979630379126707,-0.27084054654002737,-0.20134052521688336,0.0,0.0,-0.4970315384205906,-0.3266461908607005,-0.06744907594768483,0.0,-1.3852526053267824,0.0,-0.6619052373577106,0.0,0.0,1.3802301137944457,-0.9093107671895717,0.0,-1.059914050613565,-0.5794083616649557,0.7391159712347518,0.03432691965090665,0.9780116012410883,0.22845654756464487,0.0,0.9841365861093955
train,long,UAV_0081,41,-0.5274356837713235,1.0837026839615862,0.0,-0.6744907594765952,-0.27084054654002737,-0.20134052521688336,0.0,0.0,-0.4288441146416983,0.7834250644346266,-0.06744907594768483,0.04215567246729619,-1.3852526053267824,0.0,-0.6619052373577106,0.0,0.0,1.3633556313568407,-0.8451441343706542,0.0,-0.8672024050474623,-0.4754119890584204,0.7391159712347518,0.03832846386072672,0.9780116012410883,0.20669878112993156,0.0,0.9841365861093955
train,long,UAV_0081,42,-0.5274356837713235,0.7861820721261935,0.0,0.6295247088453912,-0.27084054654002737,0.2257890175646762,0.0,0.0,-0.4970315384205906,0.7834250644346266,-0.13835707886704404,0.1686226898691128,-1.3852526053267824,0.0,-0.6619052373577106,0.0,0.0,1.3633556313568407,-0.8451441343706542,0.0,-0.8672024050474623,-0.5794083616649557,0.7418852345286954,0.03832846386072672,0.9780116012410883,0.20669878112993156,0.0,0.7707607934752371
train,long,UAV_0081,43,-0.5274356837713235,0.7861820721261935,0.0,0.6744907594765952,-0.7009979516122804,-0.20134052521688336,0.0,0.0,-0.4288441146416983,0.7834250644346266,-0.19024098344218268,0.1686226898691128,-1.0459765519359858,0.0,-0.718773152116802,0.0,0.0,1.3802301137944457,-0.8451441343706542,0.0,-0.8672024050474623,-0.6893473841346929,0.7391159712347518,-0.15376422995262534,0.7419398354242673,0.12510715699971356,0.0,0.658924018977989
train,long,UAV_0081,44,-0.3154051375563644,1.0837026839615862,0.0,0.6744907594765952,-0.9919600336043745,-0.20134052521688336,0.0,0.0,-0.4288441146416983,-0.4634993267344073,-0.19024098344218268,0.1686226898691128,-1.0459765519359858,0.0,-0.718773152116802,0.6744907594765952,0.0,1.3913130598666497,-0.884035534293877,0.0,-0.8672024050474623,-1.029564088804573,0.7418852345286954,0.3871901049121443,0.7419398354242673,0.20669878112993156,0.0,0.658924018977989
train,long,UAV_0081,45,0.38585627466378747,0.7861820721261935,0.0,0.6744907594765952,-0.9919600336043745,-0.07909806347804967,0.0,0.0,0.33133841995335633,-0.4634993267344073,-0.13835707886704404,0.1686226898691128,-1.0459765519359858,0.0,-0.718773152116802,0.6744907594765952,0.0,1.3709875088196466,-0.998840864192316,0.0,-0.8672024050474623,-0.6893473841346929,0.7418852345286954,0.3871901049121443,0.7419398354242673,0.23389598917331458,0.0,0.658924018977989
train,long,UAV_0081,46,0.6835796470490283,-0.10105703283094208,0.0,0.6744907594765952,-0.9919600336043745,-0.07909806347804967,0.0,0.0,0.33133841995335633,-0.8264973440885468,-0.24731327847479836,0.1686226898691128,-0.9388417551291388,0.0,-0.7719120232848522,0.6744907594765952,0.0,1.3709875088196466,-0.998840864192316,0.0,-1.059914050613565,-1.029564088804573,0.6680585905428508,0.3871901049121443,0.7419398354242673,0.2774115220427757,0.0,0.7455245111590563
train,long,UAV_0081,47,0.7909809349113074,1.5992242149416733,0.0,-0.08993210126375568,-0.9766193024180375,-0.1948688654777723,0.0,0.0,0.33275754316504796,-1.6144699490022785,-0.07609639337688227,0.1264670174018886,-0.6177422738205801,0.0,-0.6991956732651546,0.6744907594765952,0.0,1.3709875088196466,-0.998840864192316,0.0,-0.8672024050474623,-1.029564088804573,0.5233952715554672,0.38780352983105615,0.6407662215027591,0.2774115220427757,0.0,0.7455245111590563
train,long,UAV_0081,48,0.8367545940775651,0.42576331522454824,0.0,-0.08993210126375568,-0.2614796175704293,-0.07909806347804967,0.0,0.0,0.33133841995335633,-1.6144699490022785,0.08993210126353376,0.29508970727100137,-0.6177422738205801,0.0,-0.4418916655036472,0.0,0.0,1.354526968093107,-0.884035534293877,0.0,-0.8672024050474623,-0.6863760592030734,0.6680585905428508,0.38780352983105615,0.7419398354242673,0.2774115220427757,0.0,0.9321059844764011
train,long,UAV_0081,49,0.853560126133654,-0.10105703283094208,0.0,-0.08993210126375568,-0.2614796175704293,-0.1948688654777723,0.0,0.0,0.33133841995335633,-0.3561192170938046,-0.07609639337688227,0.29508970727100137,-0.9388417551291388,0.0,-0.4418916655036472,0.0,0.0,1.354526968093107,-1.356182066047215,0.0,-0.8672024050474623,-0.6863760592030734,0.6560551946289178,0.1461220593873231,0.7756643733980718,0.29372984686881926,0.0,0.9321059844764011
train,long,UAV_0081,50,0.8367545940775651,0.42576331522454824,0.0,0.22483025315961386,-0.45368182346156327,-0.1948688654777723,0.0,0.0,0.2224279186573628,-0.5858319833910187,-0.24731327847479836,0.29508970727100137,-0.8339665102783763,0.0,-0.4996918411602791,0.6744907594765952,0.0,1.354526968093107,-1.2982003520623526,0.0,-0.8672024050474623,-0.25999093151630104,0.5233952715554672,0.23113432847489068,0.8768379873195801,0.29372984686881926,0.0,0.5491680357675616
train,long,UAV_0081,51,0.8367545940775651,1.0917939506701875,0.0,0.22483025315961386,-0.45368182346156327,-0.27109063573845377,0.0,0.0,0.24954074777870644,0.48205920911121697,-0.23520703407394955,0.2529340348037052,-0.8339665102783763,0.0,-0.3542591411209941,0.6744907594765952,0.0,1.3748996120334671,-1.356182066047215,0.0,-0.7708465822644108,-0.1559945589097658,0.6560551946289178,0.1841219638149185,0.8768379873195801,0.1414254818257227,0.0,0.5491680357675616
train,long,UAV_0081,52,-0.1799018051944741,1.0917939506701875,0.0,0.35972840505502274,-0.45368182346156327,-0.20277867182556747,0.0,0.0,-0.0440262655560862,0.48205920911121697,-0.2819025481915651,0.2529340348037052,-0.8339665102783763,0.0,-0.4996918411602791,0.6744907594765952,0.0,1.3748996120334671,-1.2982003520623526,0.0,-0.8672024050474623,-0.25999093151630104,0.7852587607179792,0.1461220593873231,0.8768379873195801,0.1414254818257227,0.0,0.9575631476109832
train,long,UAV_0081,53,-0.1811868287377258,1.0917939506701875,0.0,0.35972840505502274,-0.45368182346156327,-0.20277867182556747,0.0,0.0,0.24954074777870644,0.48205920911121697,-0.2819025481915651,0.210778362336409,-0.8339665102783763,0.0,-0.4996918411602791,0.6744907594765952,0.0,1.3748996120334671,-1.2982003520623526,0.0,-0.8672024050474623,-0.25999093151630104,0.6560551946289178,0.1841219638149185,0.843113449345744,0.22845654756464487,0.0,0.5491680357675616
train,long,UAV_0081,54,-0.18394391642150415,1.0917939506701875,0.0,0.22483025315961386,0.011369788796379225,0.02013405252170792,0.0,0.0,-0.43184081132485913,0.24378239599402096,-0.23520703407394955,0.210778362336409,-0.8339665102783763,0.0,-0.4996918411602791,0.6744907594765952,0.0,1.400216425493355,-1.2644574086506921,0.0,-1.1562698733966164,-0.18719347069173378,0.7852587607179792,0.23113432847489068,0.843113449345744,0.22845654756464487,0.0,0.5425616360878088
train,long,UAV_0081,55,-0.8635699020489674,-0.7752094120124454,0.0,0.22483025315961386,0.7330872290855401,-0.20277867182556747,0.0,0.0,0.21629290904316878,0.48205920911121697,-0.23520703407394955,0.2529340348037052,-0.8486553058822974,0.0,-0.3365461840649774,0.6744907594765952,0.0,1.3652838028797947,-1.1173850669980219,0.0,-1.1562698733966164,-0.18719347069173378,0.7852587607179792,0.1841219638149185,0.843113449345744,0.22845654756464487,0.0,0.7641676327158389
train,long,UAV_0081,56,-0.8635699020489674,-0.8673881460178295,0.0,0.22483025315961386,0.011369788796379225,-0.20277867182556747,0.0,0.0,0.21629290904316878,0.24378239599402096,-0.22137132618725205,0.3372453797382976,-0.7017053635398679,0.0,-0.5584242777145614,0.6744907594765952,0.0,1.3652838028797947,-1.1173850669980219,0.0,-1.1562698733966164,-0.46946933919518136,0.7827769956033994,0.14147889246029335,0.843113449345744,0.22845654756464487,0.0,0.7641676327158389
train,long,UAV_0081,57,-0.8635699020489674,-1.0654236689396417,0.0,0.22483025315961386,0.011369788796379225,-0.18911627904300327,0.0,0.0,0.21629290904316878,0.24378239599402096,0.19197044692791634,0.3794010522055218,-0.8303558166879539,0.0,-0.3365461840649774,0.6744907594765952,0.0,1.3652838028797947,-1.1173850669980219,0.0,-0.9635582278305136,-0.4367847649474036,0.7827769956033994,0.14147889246029335,0.843113449345744,0.22845654756464487,0.0,0.7641676327158389
train,long,UAV_0081,58,-0.8635699020489674,-1.0654236689396417,0.0,0.22483025315961386,-0.510755257212211,-0.338683526346998,0.0,0.0,0.20787373269368883,-0.06962785225325344,-0.22137132618725205,0.3794010522055218,-0.8303558166879539,0.0,-0.560288799509972,0.6744907594765952,0.0,1.400216425493355,-1.2644574086506921,0.0,-0.9635582278305136,-0.4367847649474036,0.7827769956033994,0.14147889246029335,0.8768379873195801,0.26109319721676655,0.0,0.7641676327158389
train,long,UAV_0081,59,-0.8635699020489674,-1.0231874697669976,0.0,0.6744907594765952,-0.510755257212211,-0.6694572463461682,0.0,0.0,0.20787373269368883,-0.06962785225325344,-0.13143922492369528,0.3794010522055218,-0.8303558166879539,0.0,-0.5071499283417019,0.6744907594765952,0.0,1.3673890375820308,-1.3895552597723144,0.0,-0.8672024050474623,-0.46946933919518136,0.7827769956033994,0.14147889246029335,0.8768379873195801,0.13054659860838327,0.0,0.926827579584613
train,long,UAV_0081,60,0.3491063731640823,-1.0231874697669976,0.0,0.6744907594765952,-0.510755257212211,-0.6694572463461682,0.0,0.0,0.20787373269368883,-0.49248025902034,-0.13143922492369528,0.3372453797382976,-0.7017053635398679,0.0,-0.560288799509972,0.6744907594765952,0.0,1.4028428002857256,-1.3895552597723144,0.0,-0.9635582278305136,-0.8393992931812567,0.7892569762969649,0.25053613036115485,0.7419398354242673,0.2828509636514799,0.0,0.926827579584613
train,long,UAV_0081,61,0.3491063731640823,-1.0231874697669976,0.0,1.1691173164274762,-0.23654401301215233,-0.6299082146071271,0.0,0.0,0.20787373269368883,-0.22130769533652916,-0.13143922492369528,0.1264670174018886,-0.7249891189481056,0.0,-0.560288799509972,0.6744907594765952,0.0,1.4028428002857256,-1.310948336013122,0.0,-0.8672024050474623,-0.6730050970107855,0.7892569762969649,0.25351509997380045,0.6744907594765952,0.2828509636514799,0.0,0.7439204150782762
train,long,UAV_0081,62,0.3491063731640823,-1.0231874697669976,0.0,1.1691173164274762,-0.06150600293074214,-0.6299082146071271,0.0,0.0,-0.6046849981261376,-0.49248025902034,-0.34935162413922694,-0.2529340348037052,-0.6773121338340264,0.0,-0.7514022835356644,0.6744907594765952,0.0,1.4028428002857256,-1.310948336013122,0.0,-0.9635582278305136,-0.824542668523159,0.8257786552212397,0.25351509997380045,0.6744907594765952,0.11422827378233967,0.0,0.7439204150782762
train,long,UAV_0081,63,1.0601293330825716,-1.0231874697669976,0.0,1.1691173164274762,-0.06150600293074214,-0.24304677686895065,0.0,0.0,-0.4208569724992945,-0.22130769533652916,-0.2455838149889727,-0.2529340348037052,-0.7249891189481056,0.0,-0.9070898534494333,0.6744907594765952,0.0,1.398051886447429,-0.8356551330659402,0.0,-0.8672024050474623,-0.8393992931812567,0.8257786552212397,0.2630057631006026,0.6744907594765952,0.11422827378233967,0.0,0.6769948781402855
train,long,UAV_0081,64,1.0601293330825716,-0.12912860494581677,0.0,1.1691173164274762,0.26308887848696,-0.020134052521675282,0.0,0.0,-0.4208569724992945,-0.22130769533652916,-0.34935162413922694,0.08431134493452042,-0.6773121338340264,0.0,-0.9070898534494333,0.6744907594765952,0.0,1.398051886447429,-0.8356551330659402,0.0,-0.8672024050474623,-0.824542668523159,0.8257786552212397,0.2630057631006026,1.0117361392148927,0.11422827378233967,0.0,0.6599280313297935
train,long,UAV_0081,65,-0.6346636928930547,0.18042535756453976,0.0,0.7644228607403509,0.7478404155157771,-0.020134052521675282,0.0,0.0,-0.4208569724992945,-0.22130769533652916,-0.39431767477099383,0.08431134493452042,-0.7249891189481056,0.0,-0.9070898534494333,0.6744907594765952,0.0,1.3340638052429727,-0.8356551330659402,0.0,-0.8672024050474623,-0.6730050970107855,0.7086872547123164,0.10419062354494257,1.0117361392148927,0.11422827378233967,0.0,0.6282683645337725
train,long,UAV_0081,66,-0.6346636928930547,0.18042535756453976,0.0,0.6744907594765952,-0.06150600293074214,-0.020134052521675282,0.0,0.0,-0.4208569724992945,0.12245127462857483,-0.39431767477099383,0.210778362336409,-0.6773121338340264,0.0,-0.9070898534494333,0.6744907594765952,0.0,1.3340638052429727,-1.0906909198056944,0.0,-0.9635582278305136,-0.824542668523159,0.7086872547123164,0.10419062354494257,1.0117361392148927,0.271972080434106,0.0,0.6599280313297935
train,long,UAV_0081,67,-0.338849624371914,0.18042535756453976,0.0,0.08993210126375568,-0.22966768660724876,-0.15531983373873112,0.0,0.0,-0.4208569724992945,0.12245127462857483,-0.377023039912622,0.2529340348037052,-1.1254538599598105,0.0,-0.6665665418461822,0.6744907594765952,0.0,1.3340638052429727,-1.0906909198056944,0.0,-1.059914050613565,-0.6611197972843074,0.7010301295202259,0.2217450086174511,1.0117361392148927,0.271972080434106,0.0,0.6599280313297935
train,long,UAV_0081,68,-0.338849624371914,-0.08861490271422613,0.0,-0.1348981518954089,-0.22966768660724876,-0.15531983373873112,0.0,0.0,0.010883832665368916,0.041305195124735516,-0.377023039912622,0.3794010522055218,-1.066433267567014,0.0,-0.55469523412374,0.6744907594765952,0.0,1.3340638052429727,-1.1172671870741273,0.0,-1.059914050613565,-0.6611197972843074,0.7010301295202259,0.05365204732918617,0.8093889113719079,0.11422827378233967,0.0,0.6655237669059924
train,long,UAV_0081,69,-0.23276446394150396,-0.16026225373589142,0.0,-0.1348981518954089,-0.22966768660724876,-0.15531983373873112,0.0,0.0,0.010883832665368916,-0.2608031024255086,-0.21791239921557767,0.2529340348037052,-1.4632423412585827,0.0,-0.4055334904937435,0.6744907594765952,0.0,1.3510979177776414,-1.0906909198056944,0.0,-1.059914050613565,-0.8289996559205883,0.5457708605531446,0.2217450086174511,0.8093889113719079,0.11422827378233967,0.0,0.8588597878501865
train,long,UAV_0081,70,-0.08192257983489214,-0.16026225373589142,0.0,0.4046944556862267,-0.2496108725245678,-0.4400728622597817,0.0,0.0,-0.027266908288350118,0.041305195124735516,-0.21791239921557767,0.2529340348037052,-1.066433267567014,0.0,-0.37849792446089325,0.6744907594765952,0.0,1.3510979177776414,-0.8049705273858125,0.0,-1.1562698733966164,-1.1201894992188575,0.512583566768496,0.2217450086174511,0.7756643733980718,0.09790994895626161,0.0,0.8588597878501865
train,long,UAV_0081,71,0.23088391127053276,-0.16026225373589142,0.0,0.4046944556862267,-0.2496108725245678,-0.640694314172323,0.0,0.0,-0.027266908288350118,-0.5926594337766438,-0.29573825607826265,0.2529340348037052,-1.4044897262239295,0.0,-0.36171722830263686,0.6744907594765952,0.0,1.3510979177776414,-0.8049705273858125,0.0,-0.9635582278305136,-0.8289996559205883,0.512583566768496,0.19409408499493525,0.8768379873195801,0.09790994895626161,0.0,0.6655237669059924
train,long,UAV_0081,72,0.23088391127053276,-0.02946169596993873,0.0,0.4046944556862267,-0.4527348901278506,-0.640694314172323,0.0,0.0,-0.027266908288350118,-0.62566357703923,-0.29573825607826265,0.1264670174018886,-1.066433267567014,0.0,-0.36171722830263686,0.6744907594765952,0.0,1.3218605888210013,-0.8049705273858125,0.0,-0.9635582278305136,-0.8289996559205883,0.5097225196861165,-0.033630739784327984,0.7756643733980718,0.09790994895626161,0.0,0.6639063199190891
train,long,UAV_0081,73,-0.23276446394150396,0.41573888236447043,0.0,0.4046944556862267,-0.43103391462551915,-0.25311380312980464,0.0,0.0,-0.027266908288350118,-0.62566357703923,-0.43063640797358627,0.1264670174018886,-1.4044897262239295,0.0,-0.36171722830263686,0.6744907594765952,0.0,1.3523076111930676,-0.8049705273858125,0.0,-0.9635582278305136,-0.9389386783903627,0.4155581014478078,-0.01525661150624828,0.6407662215027591,0.09790994895626161,0.0,0.6639063199190891
train,long,UAV_0081,74,0.23088391127053276,0.41573888236447043,0.0,0.26979630379126707,-0.43103391462551915,-0.25311380312980464,0.0,0.0,0.047471636494256196,-0.3790323559124801,-0.43063640797358627,0.210778362336409,-1.1859885658278373,0.0,-0.4335013174243541,0.6744907594765952,0.0,1.3523076111930676,-0.9281358371096413,0.0,-1.059914050613565,-0.9389386783903627,0.4155581014478078,-0.025422884077658327,0.6407662215027591,-0.04351553286949556,0.0,0.6639063199190891
train,long,UAV_0081,75,0.23088391127053276,0.1325295965821086,0.0,0.26979630379126707,-0.2786446766916347,-0.22578901756464356,0.0,0.0,0.10028059541222878,-0.3790323559124801,-0.43063640797358627,0.29508970727100137,-1.1859885658278373,0.0,-0.5052854065464012,0.6744907594765952,0.0,1.354818183035952,-0.9576301883935853,0.0,-0.9635582278305136,-0.8795121797580834,0.5097225196861165,-0.01525661150624828,0.8768379873195801,0.11422827378233967,0.0,0.8807109332772728
train,long,UAV_0081,76,-0.2751450118459416,0.1325295965821086,0.0,0.26979630379126707,-0.43103391462551915,-0.22578901756464356,0.0,0.0,0.6029389385507379,-0.10195121367472368,-0.3164918179083089,0.210778362336409,-1.17510595001521,0.0,-0.9462448111522881,0.0,0.0,1.354818183035952,-0.9794501148331655,0.0,-1.059914050613565,-0.8795121797580834,0.7004627264654997,-0.025422884077658327,0.6407662215027591,0.11422827378233967,0.0,0.8807109332772728
train,long,UAV_0081,77,-0.2751450118459416,0.1325295965821086,0.0,0.26979630379126707,-0.2786446766916347,-0.158915200260474,0.0,0.0,0.6029389385507379,-0.10195121367472368,-0.3164918179083089,0.210778362336409,-1.17510595001521,0.0,-0.5192693200117066,0.0,0.0,1.384445118797248,-0.9794501148331655,0.0,-1.059914050613565,-0.9389386783903627,0.7004627264654997,-0.01525661150624828,0.9442870632672522,0.1958198979125577,0.0,0.9331529968649035
train,long,UAV_0081,78,-0.09220212066430793,-0.3691650340116168,0.0,0.4046944556862267,-0.2786446766916347,-0.158915200260474,0.0,0.0,0.23243318724555592,-0.2423437803711968,-0.3164918179083089,0.0,-1.17510595001521,0.0,-0.5192693200117066,0.0,0.0,1.354818183035952,-0.9794501148331655,0.0,-0.9635582278305136,-0.8795121797580834,0.7004627264654997,-0.025422884077658327,0.9442870632672522,0.11422827378233967,0.0,0.9331529968649035
train,long,UAV_0081,79,-0.09220212066430793,-0.9096310416600893,0.0,0.4046944556862267,-0.4652014901821635,-0.03307737199993007,0.0,0.0,0.10028059541222878,-0.04981422014989978,-0.3199507448799602,-0.08431134493459239,-1.0691725586192296,0.0,-0.5052854065464012,0.0,0.0,1.354818183035952,-1.0673217943369981,0.0,-0.8672024050474623,-0.8795121797580834,0.7004627264654997,0.22075860309497689,0.9442870632672522,0.1468649234343924,0.0,0.847553055014386
train,long,UAV_0081,80,-0.2751450118459416,-0.3691650340116168,0.0,0.22483025315961386,-0.5114048320961205,-0.03307737199993007,0.0,0.0,-0.30859931384303907,-0.2423437803711968,-0.354540014596727,-0.08431134493459239,-0.5263821485876109,0.0,-0.5192693200117066,0.0,0.0,1.3253525232357273,-1.0375270489357906,0.0,-0.9635582278305136,-0.806714718933479,0.3069859241958962,0.28442458430635736,0.9442870632672522,0.1468649234343924,0.0,0.847553055014386
train,long,UAV_0081,81,-0.39222317523358025,-0.21632043651934926,0.0,0.0,-0.4652014901821635,-0.02588663895644431,0.0,0.0,-1.0485275885405223,-0.2423437803711968,-0.354540014596727,0.0,-1.0691725586192296,0.0,-0.478249840513441,0.6744907594765952,0.0,1.303472520599689,-1.0673217943369981,0.0,-0.8672024050474623,-0.806714718933479,0.3069859241958962,0.28442458430635736,1.28153244300555,-0.04895497447816527,0.0,0.847553055014386
train,long,UAV_0081,82,-0.2744646327206806,-0.21632043651934926,0.0,-0.08993210126375568,-0.7800530032238467,-0.03307737199993007,0.0,0.0,-1.0485275885405223,0.43540454576260734,-0.354540014596727,0.04215567246729619,-1.0691725586192296,0.0,-0.4521465353780212,0.6744907594765952,0.0,0.7853133723872331,-1.0815911728223988,0.0,-0.8672024050474623,-0.806714718933479,0.6384250388869347,-0.11219347589081141,0.9442870632672522,-0.04895497447816527,0.0,0.8335523372256706
train,long,UAV_0081,83,-0.2744646327206806,-0.21632043651934926,0.0,-0.08993210126375568,-0.7800530032238467,-0.02588663895644431,0.0,0.0,-1.0485275885405223,0.43540454576260734,-0.1591106406970903,0.04215567246729619,-0.5263821485876109,0.0,-0.4521465353780212,0.6744907594765952,0.0,1.303472520599689,-1.0673217943369981,0.0,-0.8672024050474623,-1.1365317863427278,0.8759762654545,-0.11219347589081141,0.9442870632672522,0.05983385769550469,0.0,0.8335523372256706
train,long,UAV_0081,84,-0.2744646327206806,-0.21632043651934926,0.0,-0.40469445568667595,-0.003957238115516247,0.06112123086943317,0.0,0.0,-0.30859931384303907,0.43540454576260734,-0.10549727263612596,0.04215567246729619,-0.5263821485876109,0.0,-0.3896850552331375,0.6744907594765952,0.0,1.303472520599689,-1.0375270489357906,0.0,-0.8672024050474623,-0.806714718933479,0.8759762654545,-0.11219347589081141,0.9442870632672522,0.05983385769550469,0.0,0.9233237800094598
train,long,UAV_0081,85,-0.10259729210926778,-0.4352663942049667,0.0,-0.719456810109147,0.21832865466110257,0.06112123086943317,0.0,0.0,-1.5612663103671385,1.4653374863543034,-0.10549727263612596,0.04215567246729619,-0.9325237484409019,0.0,-0.33468166226967666,0.6744907594765952,0.0,1.35533683589295,-1.0817071172220305,0.0,-0.5781349366935439,-0.4843259638532048,0.8759762654545,-0.11219347589081141,0.9442870632672522,0.10334939056493131,0.0,0.9233237800094598
train,long,UAV_0081,86,-0.07932126635601347,-0.4352663942049667,0.0,-0.44966050631877846,0.21832865466110257,-0.25670916965151486,0.0,0.0,-2.012242174373019,1.4653374863543034,-0.1591106406970903,0.04215567246729619,-0.433434174529292,0.0,-0.23586200711488925,0.6744907594765952,0.0,1.379535518636172,-1.2809022191549808,0.0,-0.8672024050474623,-1.1365317863427278,0.8759762654545,-0.12107908306931706,0.9105625252934162,0.10334939056493131,0.0,0.9457416582380119
train,long,UAV_0081,87,0.14441279329624,-0.4352663942049667,0.0,-0.719456810109147,0.21832865466110257,0.06112123086943317,0.0,0.0,-2.012242174373019,-0.5375169077397227,-0.1591106406970903,0.08431134493452042,-0.9325237484409019,0.0,-0.23586200711488925,0.6744907594765952,0.0,1.379535518636172,-0.9885678104296438,0.0,-0.8672024050474623,-0.4843259638532048,0.49191961075230284,0.06878439731160318,0.9442870632672522,0.10334939056493131,0.0,0.9477982589250722
train,long,UAV_0081,88,0.14441279329624,-0.4352663942049667,0.0,-0.719456810109147,0.21561735844099783,0.2969772746949307,0.0,0.0,-1.476067182440347,0.7402925912081315,-0.10722673612195165,0.1686226898691128,-0.9325237484409019,0.0,-0.23586200711488925,0.6744907594765952,0.0,1.379535518636172,-0.9885678104296438,0.0,-0.7708465822644108,-0.4843259638532048,0.49191961075230284,0.06878439731160318,0.9442870632672522,-0.07615218252154829,0.0,0.9477982589250722
train,long,UAV_0081,89,0.14441279329624,-0.42235960666938577,0.0,-0.44966050631877846,-0.016334010474046968,0.08413157660850928,0.0,0.0,-1.476067182440347,0.7402925912081315,-0.21964186270142635,0.29508970727100137,-0.6046457428102222,0.0,-0.3579881847118155,0.6744907594765952,0.0,1.3520801852868238,-0.9885678104296438,0.0,-0.7708465822644108,-0.4843259638532048,0.49191961075230284,-0.08975730129135696,0.9442870632672522,-0.07615218252154829,0.0,1.0470066107981657
train,long,UAV_0081,90,-0.0949332853929145,-0.3568977801891198,0.0,-0.44966050631877846,-0.2470214204342974,0.11648987530406467,0.0,0.0,0.2876447590689722,0.7402925912081315,-0.10722673612195165,0.5058680696074104,-0.6046457428102222,0.0,-0.3579881847118155,0.6744907594765952,0.0,1.351427778869214,-0.5614702909237278,0.0,-0.7708465822644108,-1.1959582849750443,0.49191961075230284,-0.21341777886569124,0.9105625252934162,-0.0924705073475919,0.0,1.0470066107981657
train,long,UAV_0081,91,-0.0949332853929145,-0.3568977801891198,0.0,-0.40469445568667595,-0.016334010474046968,0.11648987530406467,0.0,0.0,0.2876447590689722,0.7402925912081315,-0.0864731742919284,0.5058680696074104,-1.0189603658472655,0.0,-0.41299157767527633,0.6744907594765952,0.0,0.7597261927074058,-0.42401747673620627,0.0,-0.7708465822644108,-1.0310497512704198,0.4736944797441529,-0.18314800797680547,0.9105625252934162,-0.07615218252154829,0.0,0.7852284559292105
train,long,UAV_0081,92,-0.0949332853929145,-0.42235960666938577,0.0,-0.1348981518954089,-0.016334010474046968,0.11648987530406467,0.0,0.0,0.2876447590689722,0.7402925912081315,-0.10722673612195165,0.5058680696074104,-0.6046457428102222,0.0,-0.4633336661504853,1.3489815189531904,0.0,1.351427778869214,-0.42401747673620627,0.0,-0.7708465822644108,-1.0310497512704198,0.4925499681863752,-0.21771306662659135,0.9105625252934162,-0.05439441608680051,0.0,0.7852284559292105
train,long,UAV_0081,93,-0.03132883447011306,-0.3568977801891198,0.0,-0.1348981518954089,-0.49210498199798336,0.08916508973890362,0.0,0.0,0.2876447590689722,0.7179635443711055,-0.2697963037906933,0.5058680696074104,-1.1301226219081022,0.0,-0.4633336661504853,1.3489815189531904,0.0,1.3445486478149935,-0.42401747673620627,0.0,-0.7708465822644108,-0.4501557271396544,0.4736944797441529,-0.18314800797680547,0.9105625252934162,-0.0163183248260436,0.0,0.5977502290250598
train,long,UAV_0081,94,-0.03132883447011306,0.8370114303223698,0.0,-0.35972840505502274,0.24336891114159903,0.08916508973890362,0.0,0.0,0.5737660851619006,0.5443242821243363,-0.2697963037906933,0.5480237420747066,-1.322419956743764,0.0,-0.48104662320650204,1.3489815189531904,0.0,1.3445486478149935,-0.42401747673620627,0.0,-0.7708465822644108,-0.4501557271396544,0.4100156246327205,-0.18314800797680547,0.9442870632672522,-0.05439441608680051,0.0,0.5977502290250598
train,long,UAV_0081,95,-0.03132883447011306,0.8370114303223698,0.0,-0.35972840505502274,0.24336891114159903,-0.03882995843466647,0.0,0.0,-0.1766900123361714,0.32893131229402706,-0.2697963037906933,0.3794010522055218,-1.1301226219081022,0.0,-0.6124954097802618,0.6744907594765952,0.0,1.3557862510743997,-1.0334700022776402,0.0,-1.1562698733966164,-0.4501557271396544,0.4100156246327205,0.02805868054467948,1.0454606771887605,-0.0163183248260436,0.0,0.9079301058827247
train,long,UAV_0081,96,-0.22509329706616857,0.21382727067189194,0.0,1.1241512657953736,-0.028149253052861502,-0.26318082939065857,0.0,0.0,-0.1766900123361714,0.5443242821243363,-0.2697963037906933,0.3794010522055218,-1.0030814747965417,0.0,-0.6451245411994542,0.6744907594765952,0.0,1.402578903977912,-1.0459238130552373,0.0,-0.8672024050474623,0.09656806027752353,0.4201439988637312,0.0341033515815331,1.0454606771887605,0.021757766434713312,0.0,0.9165419832196308
train,long,UAV_0081,97,-0.22509329706616857,0.21382727067189194,0.0,-0.314762354422471,-0.028149253052861502,-0.26318082939065857,0.0,0.0,-0.3876490004092802,0.32893131229402706,-0.36664625899759884,0.3794010522055218,-1.0030814747965417,0.0,-0.795218545726991,0.0,0.0,1.402578903977912,-1.0334700022776402,0.0,-0.9635582278305136,0.09656806027752353,0.4201439988637312,0.0341033515815331,0.9442870632672522,0.10334939056493131,0.0,0.9079301058827247
train,long,UAV_0081,98,-0.42360506084244753,-0.6600717356342939,0.0,-0.314762354422471,-0.010139757807801082,-0.17833017947780724,0.0,0.0,-0.1766900123361714,-0.23382209282115696,-0.377023039912622,0.1264670174018886,-0.6816342231887855,0.0,-0.795218545726991,0.0,0.0,1.4055552047877653,-1.0459238130552373,0.0,-0.9635582278305136,-0.04605553644002856,0.6315380343628857,0.02805868054467948,0.9105625252934162,0.10334939056493131,0.0,0.9079301058827247
train,long,UAV_0081,99,-0.42360506084244753,-0.9146413310617779,0.0,-0.08993210126375568,-0.028149253052861502,-0.17833017947780724,0.0,0.0,-0.3876490004092802,-0.41824357256735645,-0.16256956766876465,0.1264670174018886,-0.41439905349879924,0.0,-0.795218545726991,0.0,0.0,1.4055552047877653,-1.0334700022776402,0.0,-0.9635582278305136,-0.04605553644002856,0.6315380343628857,0.0341033515815331,0.7419398354242673,0.10334939056493131,0.0,0.5061570623438002
train,long,UAV_0081,100,-0.1427057160457801,-0.9146413310617779,0.0,1.259049417691232,-0.028149253052861502,-0.17833017947780724,0.0,0.0,-0.3876490004092802,-0.23382209282115696,-0.16256956766876465,0.1264670174018886,-0.2539968680668982,0.0,-0.6936021078791426,0.0,0.0,1.3547803708216222,-0.8835836643510209,0.0,-0.8672024050474623,0.14410925918336187,0.6315380343628857,-0.06710404418358147,0.7419398354242673,0.05439441608683498,0.0,0.5061570623438002
train,long,UAV_0081,101,-0.1427057160457801,-0.6600717356342939,0.0,-0.08993210126375568,-0.010139757807801082,-0.17833017947780724,0.0,0.0,0.3640780426286408,-1.0198134858210504,-0.12279190749449784,0.1264670174018886,-0.2539968680668982,0.0,-0.6124954097802618,0.0,0.0,1.3515079209193153,-0.8167776215722322,0.0,-0.9635582278305136,-0.04605553644002856,0.6315380343628857,-0.11603423396877295,0.7419398354242673,-0.05439441608680051,0.0,0.5061570623438002
train,long,UAV_0081,102,-0.42360506084244753,0.35777652305757357,0.0,-0.08993210126375568,-0.2163272868868852,-0.3940521707816295,0.0,0.0,0.4350681247104981,-1.0198134858210504,-0.050154441089335956,0.29508970727100137,-0.41439905349879924,0.0,-0.6087663661896604,0.0,0.0,1.3547803708216222,-0.8835836643510209,0.0,-0.7708465822644108,-0.36695862905445586,0.6735670992471612,-0.06710404418358147,0.7419398354242673,-0.11966771539104386,0.0,0.5259445916626724
train,long,UAV_0081,103,-0.45863539774714623,0.35777652305757357,0.0,-0.17986420252751137,-0.22288137267120825,-0.3940521707816295,0.0,0.0,0.4350681247104981,0.12817309399225987,-0.050154441089335956,0.29508970727100137,-0.2539968680668982,0.0,-0.5649501039983338,0.6744907594765952,0.0,1.3547803708216222,-0.8835836643510209,0.0,-0.9635582278305136,-0.36695862905445586,0.6976195367559475,0.4056197490007291,0.7419398354242673,-0.05439441608680051,0.0,0.6480189449812337
train,long,UAV_0081,104,-0.8582904869603762,0.35777652305757357,0.0,-0.17986420252751137,-0.2163272868868852,-0.017976832608649136,0.0,0.0,0.4350681247104981,0.19852877176625153,-0.050154441089335956,0.29508970727100137,-0.5144423241865849,0.0,-0.35985270650722617,0.6744907594765952,0.0,1.370350449390101,-0.9325048815396451,0.0,-0.8672024050474623,-0.378843928780934,0.8002216093856428,-0.11820250978973768,0.8093889113719079,-0.05439441608680051,0.0,0.7127083697654483
train,long,UAV_0081,105,-1.0456606816474348,0.35777652305757357,0.0,-0.4946265569499824,-0.2163272868868852,0.03954903173904115,0.0,0.0,-0.407069779796095,0.19852877176625153,-0.1020383456644516,0.29508970727100137,-0.7573505629865631,0.0,-0.35985270650722617,0.6744907594765952,0.0,1.3803606561037285,-1.124440288420316,0.0,-0.8672024050474623,-0.812657368796718,0.6976195367559475,0.006011938813001475,0.8093889113719079,-0.05439441608680051,0.0,1.0201538432000685
train,long,UAV_0081,106,-0.8582904869603762,0.35777652305757357,0.0,-0.17986420252751137,-0.5257910691867298,0.17545388626043906,0.0,0.0,-0.407069779796095,0.19852877176625153,-0.12625083446619523,0.29508970727100137,-0.5144423241865849,0.0,-0.5155402764208852,0.6744907594765952,0.0,1.3803606561037285,-1.124440288420316,0.0,-0.7708465822644108,-0.7190606334508141,0.6976195367559475,0.4056197490007291,0.9442870632672522,-0.01087888321737389,0.0,1.0435803306185578
train,long,UAV_0081,107,-0.45863539774714623,-0.906882814289453,0.0,0.0,-0.5257910691867298,0.17545388626043906,0.0,0.0,-0.407069779796095,0.19852877176625153,-0.21964186270142635,0.08431134493452042,-0.6893001862566238,0.0,-0.35985270650722617,1.3489815189531904,0.0,1.3803606561037285,-0.9467099849654514,0.0,-0.7708465822644108,-0.812657368796718,0.6742832807013578,0.006011938813001475,1.0117361392148927,-0.01087888321737389,0.0,1.0201538432000685
train,long,UAV_0081,108,0.18385813471106707,-0.2075732496922867,0.0,0.0,0.02555644081491786,0.30272986112969974,0.0,0.0,-0.407069779796095,-0.0696410613834184,-0.7125389561650823,0.29508970727100137,-0.7573505629865631,0.0,-0.5155402764208852,1.3489815189531904,0.0,1.3803606561037285,-1.124440288420316,0.0,-0.7708465822644108,-0.812657368796718,0.6742832807013578,-0.061267304094863084,0.9442870632672522,-0.01087888321737389,0.0,1.0201538432000685
train,long,UAV_0081,109,0.3970548456838215,0.8576693972871023,0.0,-0.314762354422471,0.020588838688261717,0.17545388626043906,0.0,0.0,0.02925602054734196,-0.7789813747371817,-0.7125389561650823,0.08431134493452042,-0.7573505629865631,0.0,-0.5276596680908897,0.6744907594765952,0.0,1.3774260085148637,-0.9467099849654514,0.0,-0.7708465822644108,-0.7190606334508141,0.44631134667425565,-0.061267304094863084,0.9442870632672522,-0.01087888321737389,0.0,0.6583277167005874
train,long,UAV_0081,110,0.5428985203069434,0.9663561610142474,0.0,-0.314762354422471,0.734482642104931,-0.25239472982546257,0.0,0.0,0.02925602054734196,-0.7789813747371817,-0.43409533494526065,0.0,-0.6893001862566238,0.0,-0.5276596680908897,0.6744907594765952,0.0,1.3680081776293644,-0.9467099849654514,0.0,-0.7708465822644108,-0.6106072734468866,0.44631134667425565,-0.061267304094863084,1.112909753136401,-0.01087888321737389,0.0,0.5940025638305189
train,long,UAV_0081,111,0.5428985203069434,-0.2075732496922867,0.0,-0.314762354422471,0.734482642104931,-0.25239472982546257,0.0,0.0,0.11459312929976562,-1.0644970422634676,-0.43409533494526065,0.0,-0.8072119378470205,0.0,-0.5276596680908897,0.6744907594765952,0.0,1.3680081776293644,-0.8567456941264452,0.0,-0.8672024050474623,-0.6106072734468866,0.69892710687818,-0.061267304094863084,0.9780116012410883,-0.01087888321737389,0.0,0.5214417709351021
train,long,UAV_0081,112,0.5428985203069434,1.1141488415953449,0.0,-0.314762354422471,0.020588838688261717,-0.25239472982546257,0.0,0.0,-0.4204060873179745,-1.3843179889462611,-0.4133417731152144,0.0,-0.8072119378470205,0.0,-0.6889408033905607,0.6744907594765952,0.0,1.359474990337819,-1.3048884585653686,0.0,-0.8672024050474623,-0.6016932986520651,0.9411954748285261,0.10895034933710485,0.9780116012410883,0.01631832482607807,0.0,0.5214417709351021
train,long,UAV_0081,113,0.7358145236918497,1.1141488415953449,0.0,-0.314762354422471,-0.7250981583399885,-0.25239472982546257,0.0,0.0,0.11459312929976562,-1.0644970422634676,-0.32168020836580896,0.0,-0.44828319087437996,0.0,-0.5276596680908897,0.6744907594765952,0.0,1.3680081776293644,-1.2727589342231231,0.0,-0.7708465822644108,-0.41301416549448444,0.69892710687818,0.10895034933710485,0.9780116012410883,0.01631832482607807,0.0,0.5940025638305189
train,long,UAV_0081,114,0.2741797683334779,0.9735419528395052,0.0,0.35972840505502274,-0.7250981583399885,-0.25239472982546257,0.0,0.0,-0.4204060873179745,-0.5467008646389451,-0.15392225023959022,0.210778362336409,-0.44828319087437996,0.0,-0.3085783571343668,0.6744907594765952,0.0,1.3946682517869922,-1.2727589342231231,0.0,-0.7708465822644108,-0.6016932986520651,0.69892710687818,0.10895034933710485,0.9780116012410883,0.01631832482607807,0.0,0.6365421990267638
train,long,UAV_0081,115,0.2741797683334779,0.9369646975069351,0.0,0.35972840505502274,-0.7250981583399885,-0.08413157660850928,0.0,0.0,-0.5654052797870386,-0.6255510163383866,-0.15392225023959022,0.210778362336409,-1.0212031367298735,0.0,-0.3085783571343668,0.6744907594765952,0.0,1.3946682517869922,-1.059396028903778,0.0,-0.7708465822644108,-0.23324900713179947,0.7760621447529349,0.006708335492049903,0.7756643733980718,0.09247050734755742,0.0,0.8896407958155431
train,long,UAV_0081,116,0.2741797683334779,0.9369646975069351,0.0,0.35972840505502274,-0.739915622564752,-0.36097479878173205,0.0,0.0,-0.9968444762533594,-0.5467008646389451,-0.15392225023959022,0.29508970727100137,-0.8511064458275163,0.0,-0.3085783571343668,0.6744907594765952,0.0,1.3387400618680905,-1.059396028903778,0.0,-0.6744907594813595,-0.23324900713179947,0.47224412924331105,-0.13566272600320797,0.7082152974504312,-0.021757766434713312,0.0,1.0839195862768825
train,long,UAV_0081,117,0.1857891355473675,-0.006712945281913713,0.0,0.35972840505502274,-0.19832483018167635,-0.08413157660850928,0.0,0.0,-0.9968444762533594,-0.32615877933031406,-0.19888830087135712,0.29508970727100137,-1.0212031367298735,0.0,-0.3085783571343668,0.0,0.0,1.323083174507566,-0.8861886339904048,0.0,-0.6744907594813595,-0.4397560898790231,0.4702220524970293,-0.1814087654993671,0.6070416835289231,-0.021757766434713312,0.0,0.9889791250437907
train,long,UAV_0081,118,0.1857891355473675,-0.006712945281913713,0.0,0.7644228607403509,0.21825019180876695,-0.0021572199130261466,0.0,0.0,-0.9968444762533594,0.24362021176105633,-0.354540014596727,0.3372453797382976,-1.064306746349457,0.0,-0.4185851430615084,0.0,0.0,1.323083174507566,-0.8861886339904048,0.0,-0.6744907594813595,-0.5823796865965382,0.4702220524970293,-0.13566272600320797,0.6070416835289231,0.027197208043383023,0.0,0.8896407958155431
train,long,UAV_0081,119,0.1739341127922773,-0.006712945281913713,0.0,1.3489815189545382,0.21825019180876695,0.006471659739143715,0.0,0.0,-0.9968444762533594,0.8763978059168314,-0.354540014596727,0.1686226898691128,-1.0212031367298735,0.0,-0.4185851430615084,0.0,0.0,1.323083174507566,-0.9014405696966741,0.0,-0.9635582278305136,-0.5823796865965382,0.34534555573337083,0.006708335492049903,0.47214353163361034,0.09247050734755742,0.0,0.8896407958155431
train,long,UAV_0081,120,-0.731584289606986,-0.006712945281913713,0.0,1.3489815189545382,-0.24559743077813193,-0.0021572199130261466,0.0,0.0,-0.15709484125013112,0.8763978059168314,-0.354540014596727,0.3372453797382976,-0.8511064458275163,0.0,-0.4185851430615084,0.0,0.0,1.3412227906144014,-0.9014405696966741,0.0,-0.9635582278305136,-1.0043078268858812,0.34534555573337083,0.039214818247561276,0.47214353163361034,0.09247050734755742,0.0,0.9889791250437907
train,long,UAV_0081,121,-0.1594933885648234,0.19580083817934713,0.0,0.8093889113724534,0.22804820402132733,-0.0021572199130261466,0.0,0.0,-0.15709484125013112,0.2498784133712383,-0.354540014596727,0.3372453797382976,-1.064306746349457,0.0,-0.3141719225205989,0.0,0.0,1.350083242084355,-0.9014405696966741,0.0,-1.059914050613565,-0.5823796865965382,0.34534555573337083,0.039214818247561276,0.7082152974504312,0.09247050734755742,0.0,0.9889791250437907
train,long,UAV_0081,122,-0.1594933885648234,0.41506019668814165,0.0,0.8093889113724534,0.22804820402132733,-0.312077814086179,0.0,0.0,-0.33352590057887394,0.2498784133712383,-0.354540014596727,0.3372453797382976,-0.9971230207759614,0.0,-0.3141719225205989,0.0,0.0,1.350083242084355,-0.9014405696966741,0.0,-1.059914050613565,-1.0043078268858812,0.2963813590108593,0.039214818247561276,0.7082152974504312,0.09790994895626161,0.0,0.8584260826602949
train,long,UAV_0081,123,-0.731584289606986,0.33823609944400307,0.0,0.719456810109147,0.22804820402132733,-0.312077814086179,0.0,0.0,-0.33352590057887394,0.2498784133712383,-0.354540014596727,0.3372453797382976,-0.8779973296799009,0.0,-0.3141719225205989,0.0,0.0,1.3412227906144014,-0.8933279261166873,0.0,-1.1562698733966164,-1.0043078268858812,0.2963813590108593,-0.03492109600155916,0.6744907594765952,0.09247050734755742,0.0,0.7916361379486073
train,long,UAV_0081,124,-0.7934671346321582,0.61186706087394,0.0,0.6744907594765952,0.22804820402132733,-0.312077814086179,0.0,0.0,-0.18483235274419915,-0.1775911047816035,-0.3389748432241808,0.3372453797382976,-0.9971230207759614,0.0,-0.3141719225205989,0.0,0.0,1.3412227906144014,-0.6747463380356127,0.0,-1.1562698733966164,-1.178130335385364,0.2963813590108593,-0.03492109600155916,0.8093889113719079,0.09790994895626161,0.0,1.014461532251853
train,long,UAV_0081,125,-0.1594933885648234,0.61186706087394,0.0,0.17986420252706212,0.4980655412320341,-0.1776111061734652,0.0,0.0,-0.18483235274419915,-0.1775911047816035,-0.3562694780825527,0.3372453797382976,-1.0990439504787288,0.0,-0.5761372347705781,0.0,0.0,1.354274332988193,-0.6747463380356127,0.0,-1.1562698733966164,-1.4559492164913452,0.2963813590108593,-0.03492109600155916,0.9442870632672522,-0.081591624130218,0.0,0.9511338157516164
train,long,UAV_0081,126,0.6091659789762189,0.5852198292359826,0.0,0.08993210126375568,0.4980655412320341,-0.08556972321719337,0.0,0.0,-0.18483235274419915,-1.2780481949147984,-0.3562694780825527,0.3372453797382976,-0.9971230207759614,0.0,-0.5761372347705781,0.6744907594765952,0.0,1.354274332988193,-0.6747463380356127,0.0,-0.9635582278305136,-1.4559492164913452,0.5964468892780851,-0.0020905669622975835,0.6744907594765952,0.1414254818257227,0.0,0.8885352420702284
train,long,UAV_0081,127,0.6850816150801688,0.33823609944400307,0.0,0.08993210126375568,0.20815393949762276,-0.08556972321719337,0.0,0.0,-0.18483235274419915,-0.1775911047816035,-0.32168020836580896,0.42155672467288996,-0.8796107416517399,0.0,-0.6124954097802618,0.6744907594765952,0.0,1.3654451245600814,-0.6156856368614048,0.0,-0.8672024050474623,-1.5124043901920794,0.5964468892780851,-0.0020905669622975835,0.5733171455551186,0.1414254818257227,0.0,0.9093323636795553
train,long,UAV_0081,128,0.8426784623814798,0.33760776202363046,0.0,0.08993210126375568,0.20815393949762276,-0.027324785565128407,0.0,0.0,-0.317449640630921,-1.2780481949147984,-0.3078445004791344,0.08431134493452042,-0.8796107416517399,0.0,-0.6124954097802618,0.6744907594765952,0.0,1.4314002992338992,-0.8381503142183666,0.0,-0.7708465822644108,-1.643142687183116,0.45494043138859747,-0.0020905669622975835,0.6744907594765952,0.1414254818257227,0.0,0.9093323636795553
train,long,UAV_0081,129,0.8426784623814798,0.33760776202363046,0.0,0.08993210126375568,0.7779856491127555,-0.027324785565128407,0.0,0.0,-0.42848087394902007,-1.2780481949147984,-0.3078445004791344,-0.1264670174018886,-0.6900463751274728,0.0,-0.5761372347705781,0.0,0.0,1.4314002992338992,-0.9712425282374738,0.0,-0.7708465822644108,-1.5124043901920794,0.45494043138859747,-0.04689820602983873,0.6407662215027591,-0.10334939056500025,0.0,0.8885352420702284
train,long,UAV_0081,130,0.6850816150801688,0.5852198292359826,0.0,0.08993210126375568,0.7779856491127555,-0.08556972321719337,0.0,0.0,-0.5179529067663119,-0.07456611452739931,-0.17986420252713653,-0.1264670174018886,-0.6900463751274728,0.0,-0.44562070909435864,0.6744907594765952,0.0,1.4314002992338992,-0.8381503142183666,0.0,-0.7708465822644108,-1.0325354137362297,0.45494043138859747,-0.1978669096498913,0.6407662215027591,-0.33724537973831487,0.0,0.8341238301220928
train,long,UAV_0081,131,-0.08059214757938271,0.6098147581171156,0.0,0.7644228607403509,0.7779856491127555,-0.2559900963471728,0.0,0.0,-0.5780622619611936,0.5058910051529576,-0.17986420252713653,-0.1264670174018886,-0.5549228380274465,0.0,-0.520201580909247,0.0,0.0,1.40233527679182,-0.8381503142183666,0.0,-0.7708465822644108,-1.0325354137362297,0.45494043138859747,-0.23837748193483574,0.6744907594765952,-0.33724537973831487,0.0,0.8095457036501071
train,long,UAV_0081,132,-0.1323174430008838,0.6098147581171156,0.0,0.7644228607403509,0.7779856491127555,-0.027324785565128407,0.0,0.0,-1.0769206993822036,0.5058910051529576,-0.7194568101084542,-0.1264670174018886,-0.6900463751274728,0.0,-0.44562070909435864,0.0,0.0,1.40233527679182,-0.8381503142183666,0.0,-0.8672024050474623,-0.8572272427709369,0.506322073908741,-0.2963777531105773,0.8768379873195801,-0.3916397958251498,0.0,0.8095457036501071
train,long,UAV_0081,133,-0.18475174460228266,0.6098147581171156,0.0,0.26979630379126707,0.23175345666745223,-0.41418622330333743,0.0,0.0,-0.5780622619611936,0.5058910051529576,-0.7194568101084542,-0.1264670174018886,-0.5549228380274465,0.0,-0.3794301853586536,0.0,0.0,1.40233527679182,-0.9433331192213115,0.0,-0.8672024050474623,-0.707175333724373,0.6681580230896159,-0.4280812690107498,0.8768379873195801,-0.3916397958251498,0.0,0.8095457036501071
train,long,UAV_0081,134,-0.18475174460228266,-0.06260360513441598,0.0,0.26979630379126707,0.23175345666745223,-0.41418622330333743,0.0,0.0,-0.5179529067663119,0.5058910051529576,-0.46176675071865564,0.1686226898691128,-0.5549228380274465,0.0,-0.2712879212269227,0.0,0.0,1.40233527679182,-0.8356121055558213,0.0,-0.9635582278305136,-0.5541520997461896,0.6681580230896159,-0.23837748193483574,0.9442870632672522,-0.2828509636514799,0.0,0.8095457036501071
train,long,UAV_0081,135,-0.7890684943032714,-0.06260360513441598,0.0,0.26979630379126707,0.01097659225976887,-0.41418622330333743,0.0,0.0,0.18573391484827703,-0.05445775236044861,-0.5119211918079456,0.1686226898691128,-0.5549228380274465,0.0,-0.30951061803212715,0.0,0.0,1.40233527679182,-0.9433331192213115,0.0,-0.9635582278305136,-0.707175333724373,0.506322073908741,-0.42423010187533206,0.9442870632672522,-0.16862268986917464,0.0,0.8095457036501071
train,long,UAV_0081,136,-0.7890684943032714,-0.687191573241725,0.0,0.26979630379126707,-0.22316838962330254,0.04961605799989511,0.0,0.0,0.18573391484827703,-0.05445775236044861,-0.46176675071865564,0.42155672467288996,-0.5879630942754112,0.0,-0.2712879212269227,0.0,0.0,1.3938330426197423,-0.9964058588619593,0.0,-0.9635582278305136,-0.707175333724373,0.38297192535515284,-0.42423010187533206,0.6407662215027591,-0.20669878112993156,0.0,0.7263739481559792
train,long,UAV_0081,137,-0.4313246797257945,-0.06260360513441598,0.0,0.9892531138999648,-0.22316838962330254,0.04961605799989511,0.0,0.0,0.18573391484827703,-0.834753794109041,-0.3701051859692962,0.4637123971401142,-0.5879630942754112,0.0,-0.2712879212269227,0.0,0.0,1.3938330426197423,-0.9964058588619593,0.0,-0.9635582278305136,-0.7413455704379606,0.31309579435247437,-0.26767840942638993,0.6407662215027591,-0.16862268986917464,0.0,0.7263739481559792
train,long,UAV_0081,138,-0.4313246797257945,0.08011541170598831,0.0,0.9892531138999648,0.4562257638963272,0.04961605799989511,0.0,0.0,0.18573391484827703,-0.834753794109041,-0.06744907594768483,1.053891811682189,-0.5879630942754112,0.0,-0.2712879212269227,0.0,0.0,1.3471716845889687,-0.8682429194961023,0.0,-0.9635582278305136,-0.7829441194805598,0.2857821042776635,-0.2649179814755916,0.8093889113719079,-0.16862268986917464,0.0,0.7263739481559792
train,long,UAV_0081,139,-0.4313246797257945,0.08011541170598831,0.0,0.9892531138999648,0.4562257638963272,-0.4055573436511676,0.0,0.0,-0.5611553264986486,0.2507681273690463,-0.20580615481470585,0.4637123971401142,-0.5879630942754112,0.0,-0.30951061803212715,0.6744907594765952,0.0,1.3284220693852202,-0.8682429194961023,0.0,-0.9635582278305136,-1.129103474013716,0.2857821042776635,-0.26767840942638993,0.8093889113719079,-0.16862268986917464,0.0,0.9213466859827601
train,long,UAV_0081,140,-0.4313246797257945,0.504266851745698,0.0,0.9892531138999648,0.4562257638963272,0.1625105667822169,0.0,0.0,-0.5611553264986486,0.2507681273690463,-0.20580615481470585,0.42155672467288996,-0.5879630942754112,0.0,-0.4362981001175251,0.6744907594765952,0.0,1.3284220693852202,-0.8187090572095853,0.0,-0.6744907594813595,-1.129103474013716,0.18422107481453545,-0.2649179814755916,0.9105625252934162,-0.14686492343442686,0.0,0.9213466859827601
train,long,UAV_0081,141,0.09531180164230058,0.7361274551432032,0.0,0.8093889113724534,0.4562257638963272,-0.12943319478228682,0.0,0.0,0.3466288118542323,0.2507681273690463,-0.20580615481470585,0.2529340348037052,-0.778522032377844,0.0,-0.4362981001175251,0.6744907594765952,0.0,1.3390657839934526,-0.8187090572095853,0.0,-0.6744907594813595,-1.129103474013716,0.18422107481453545,-0.05501454442993338,1.0117361392148927,-0.13054659860838327,0.0,1.3561808978094956
train,long,UAV_0081,142,0.09531180164230058,0.5482962253118373,0.0,0.8093889113724534,0.02648951130613917,-0.12943319478228682,0.0,0.0,0.3466288118542323,0.2507681273690463,-0.20580615481470585,0.2529340348037052,-0.48675094787932394,0.0,-0.319765487906611,0.6744907594765952,0.0,1.3390657839934526,-0.8108835670682147,0.0,-0.6744907594813595,-1.111275524424036,0.18422107481453545,-0.05501454442993338,1.0117361392148927,-0.13054659860838327,0.0,1.147673579630746
train,long,UAV_0081,143,0.4579835483164829,0.504266851745698,0.0,0.35972840505502274,-0.7175101177124023,-0.12943319478228682,0.0,0.0,-0.11875915460250167,1.2682353271907225,-0.2836320116774138,-0.04215567246729619,-0.4285811657196292,0.0,-0.319765487906611,0.6744907594765952,0.0,1.3390657839934526,-0.8187090572095853,0.0,-0.9635582278305136,-1.111275524424036,0.4339357532931827,-0.20902971713580315,0.9105625252934162,-0.13054659860838327,0.0,0.9213466859827601
train,long,UAV_0081,144,0.4579835483164829,0.504266851745698,0.0,0.35972840505502274,-0.9367520832524593,-0.12943319478228682,0.0,0.0,0.3466288118542323,0.2221349429711127,-0.5966649026139793,-0.1686226898691128,-0.778522032377844,0.0,-0.319765487906611,0.6744907594765952,0.0,1.3536238107812362,-0.8187090572095853,0.0,-0.9635582278305136,-0.9820228898987347,0.4339357532931827,0.12974980153476712,0.8093889113719079,-0.03263664965212167,0.0,1.0489678102158646
train,long,UAV_0081,145,0.9767925182837003,-0.42831309052258587,0.0,0.08993210126375568,-0.9367520832524593,-0.5472147846073672,0.0,0.0,-0.11875915460250167,0.2221349429711127,-0.2836320116774138,0.2529340348037052,-0.8709691152122678,0.0,-0.29925574815753325,0.6744907594765952,0.0,1.3390657839934526,-0.8108835670682147,0.0,-1.059914050613565,-0.6462631726262468,0.5100561352900157,-0.20902971713580315,0.4046944556859382,-0.03263664965212167,0.0,1.0489678102158646
train,long,UAV_0081,146,0.9767925182837003,-0.42831309052258587,0.0,0.08993210126375568,-0.9367520832524593,-0.5472147846073672,0.0,0.0,-0.2916866119368465,-0.48974221328645745,-0.2836320116774138,-0.1264670174018886,-0.4285811657196292,0.0,-0.10907452502938128,0.0,0.0,1.3444373867183443,-0.8108835670682147,0.0,-0.9635582278305136,-0.6462631726262468,0.5131326373143048,-0.23121741545526572,0.4046944556859382,-0.03263664965212167,0.0,1.0489678102158646
train,long,UAV_0081,147,0.9767925182837003,-0.8041224253691739,0.0,0.08993210126375568,-0.9367520832524593,-0.5472147846073672,0.0,0.0,-0.5709220343871625,0.2221349429711127,-0.5966649026139793,-0.1264670174018886,-0.48432498551601555,0.0,-0.29925574815753325,0.0,0.0,1.327465351410094,-0.7626684434181492,0.0,-0.9635582278305136,-0.7220319583824707,0.5100561352900157,-0.23830883794665392,0.7419398354242673,-0.03807609126079138,0.0,1.0489678102158646
train,long,UAV_0081,148,-0.5514077415894242,-0.42831309052258587,0.0,0.08993210126375568,-0.9367520832524593,-0.34731240599916785,0.0,0.0,-0.5709220343871625,-0.48974221328645745,-0.4444721158602838,0.04215567246729619,-0.48432498551601555,0.0,-0.38409148984701535,0.6744907594765952,0.0,1.3444373867183443,-0.7626684434181492,0.0,-0.8672024050474623,-0.7220319583824707,0.6203088003585713,-0.3608328433374648,0.7419398354242673,0.010878883217339421,0.0,1.0489678102158646
train,long,UAV_0081,149,-0.5514077415894242,-0.41098022294415476,0.0,-0.08993210126375568,-0.48321396268120415,-0.34731240599916785,0.0,0.0,-0.6081209878995456,-0.5053504837570802,-0.11068566309364904,0.3372453797382976,-0.338870644146112,0.0,-0.4390948828105862,0.0,0.0,1.327465351410094,-0.8106634584885227,0.0,-0.9635582278305136,-0.7220319583824707,0.6801867025210216,-0.3608328433374648,0.4384189936598058,0.010878883217339421,0.0,0.5734349663706255
train,long,UAV_0081,150,-0.577663376833064,-0.21409312322657376,0.0,-0.1348981518954089,-0.2851542201693576,0.11864709521712345,0.0,0.0,-0.6081209878995456,-0.48974221328645745,-0.22483025315890343,0.04215567246729619,-0.338870644146112,0.0,-0.4390948828105862,0.6744907594765952,0.0,1.342033750498253,-0.8106634584885227,0.0,-0.8672024050474623,-0.7220319583824707,0.6203088003585713,-0.33477975568491086,0.4384189936598058,0.010878883217339421,0.0,0.9514576145229334
train,long,UAV_0081,151,-0.577663376833064,-0.19299678610744525,0.0,-0.1348981518954089,-0.2851542201693576,-0.28187673530364976,0.0,0.0,-0.6081209878995456,0.3150491026630275,-0.22483025315890343,0.04215567246729619,-0.48432498551601555,0.0,-0.4390948828105862,0.6744907594765952,0.0,1.3404448822074255,-0.8106634584885227,0.0,-0.8672024050474623,-0.5274101753616509,0.7505832967955838,-0.33477975568491086,0.4384189936598058,-0.03263664965212167,0.0,0.802826242968288
train,long,UAV_0081,152,-1.0485027745271749,-0.19299678610744525,0.0,-0.1348981518954089,-0.2851542201693576,0.12727597486926068,0.0,0.0,-0.6081209878995456,0.3150491026630275,-0.19197044692800835,0.04215567246729619,-0.5640558582732949,0.0,-0.24611687698937315,0.6744907594765952,0.0,1.342033750498253,-0.8106634584885227,0.0,-0.9635582278305136,-0.5274101753616509,0.7505832967955838,-0.33477975568491086,0.4384189936598058,-0.03263664965212167,0.0,0.802826242968288
train,long,UAV_0081,153,-0.577663376833064,-0.1561958985325128,0.0,-0.17986420252751137,-0.2851542201693576,-0.053211424521605356,0.0,0.0,0.11363094004637626,0.3150491026630275,-0.19197044692800835,0.04215567246729619,-0.5640558582732949,0.0,-0.24611687698937315,0.6744907594765952,0.0,1.342033750498253,-0.49116174637235843,0.0,-0.9635582278305136,-0.5274101753616509,0.6751570339166767,-0.33477975568491086,0.6407662215027591,-0.25565375560809683,0.0,0.802826242968288
train,long,UAV_0081,154,-1.2436991746941273,-0.1561958985325128,0.0,-0.17986420252751137,-0.014844603524537307,-0.053211424521605356,0.0,0.0,0.11363094004637626,0.3150491026630275,-0.22483025315890343,0.04215567246729619,-0.6487303691845397,0.0,-0.24611687698937315,1.3489815189531904,0.0,1.342470806014581,-0.36830877486411456,0.0,-0.8672024050474623,-0.7874011068779891,0.6302314930729859,-0.34832870667413074,0.6407662215027591,-0.25565375560809683,0.0,0.802826242968288
train,long,UAV_0081,155,-1.2436991746941273,-0.1561958985325128,0.0,-1.034219164531618,-0.45183560933222155,-0.053211424521605356,0.0,0.0,0.11363094004637626,0.3150491026630275,-0.2525016689322984,0.2529340348037052,-1.1013588150778522,0.0,-0.20043609300274584,0.6744907594765952,0.0,1.342470806014581,-0.37909198545382194,0.0,-0.6744907594813595,-0.8958544668819166,0.6302314930729859,-0.34832870667413074,0.843113449345744,-0.25565375560809683,0.0,0.802826242968288
train,long,UAV_0081,156,0.9371748457551288,-0.1561958985325128,0.0,-1.034219164531618,-0.738572006709715,0.21212662478207936,0.0,0.0,0.11363094004637626,0.3482627190362779,-0.42890694448776057,0.3794010522055218,-0.6487303691845397,0.0,-0.1519585263230575,0.6744907594765952,0.0,1.3902808736223022,-0.37909198545382194,0.0,-0.6744907594813595,-0.8958544668819166,0.6302314930729859,-0.33142507556212136,0.6407662215027591,-0.37532147099910623,0.0,0.40708109182228885
train,long,UAV_0081,157,0.9371748457551288,0.24415866689285481,0.0,-1.034219164531618,-0.738572006709715,0.21212662478207936,0.0,0.0,0.24729301605977766,-0.00574658724775752,-0.5724524138122817,0.3794010522055218,-0.4418794042287835,0.0,-0.024238783339899168,0.6744907594765952,0.0,1.4129553221717959,-0.49116174637235843,0.0,-0.6744907594813595,-0.7874011068779891,0.6751570339166767,-0.4039503377857698,0.6407662215027591,-0.37532147099910623,0.0,0.36600548224771323
train,long,UAV_0081,158,-0.2402301028020451,0.7561602964591121,0.0,0.17986420252706212,-0.7315142124686131,0.21212662478207936,0.0,0.0,-0.3209284160879184,-0.00574658724775752,-0.42890694448776057,0.2529340348037052,-0.4811639719153156,0.0,-0.024238783339899168,0.6744907594765952,0.0,1.4129553221717959,-0.6661447755554797,0.0,-0.7708465822644108,-0.7576878575617938,0.5970107378025272,-0.3263543186116942,0.4384189936598058,-0.37532147099910623,0.0,0.2731363718411008
train,long,UAV_0081,159,0.1180559667078862,0.9140573512773591,0.0,0.22483025315961386,-0.7315142124686131,0.21212662478207936,0.0,0.0,-0.3209284160879184,-0.00574658724775752,-0.5171095822654457,0.1264670174018886,-0.4418794042287835,0.0,-0.024238783339899168,0.6744907594765952,0.0,1.428229516503474,-0.7215804377435908,0.0,-0.8672024050474623,-0.7576878575617938,0.5970107378025272,-0.13714337310795724,0.8093889113719079,-0.37532147099910623,0.0,0.40708109182228885
train,long,UAV_0081,160,0.04043702261355002,0.9140573512773591,0.0,0.8093889113724534,-0.4778641798343295,0.21212662478207936,0.0,0.0,-0.3209284160879184,-0.13546113764524378,-0.5171095822654457,0.1264670174018886,-0.42872041804982397,0.0,-0.13051652567621938,0.6744907594765952,0.0,1.428229516503474,-0.7576561377634548,0.0,-0.8672024050474623,-0.5348384876906627,0.5970107378025272,-0.14709667946652152,0.5058680696074463,-0.30460873008622763,0.0,0.40708109182228885
train,long,UAV_0081,161,-0.2402301028020451,0.7561602964591121,0.0,0.8093889113724534,-0.47440590650884884,-0.03163922539121334,0.0,0.0,-0.5219561586368662,-0.13546113764524378,-0.46176675071865564,0.1264670174018886,-0.4418794042287835,0.0,-0.13051652567621938,0.6744907594765952,0.0,1.3693533068468517,-0.9363105307840932,0.0,-0.8672024050474623,-0.6106072734468866,0.5181433505005184,-0.13714337310795724,0.8093889113719079,-0.16862268986917464,0.0,0.2731363718411008
train,long,UAV_0081,162,-0.14020934311947064,0.7558186525629333,0.0,0.719456810109147,-0.002416020117420005,-0.03163922539121334,0.0,0.0,-0.5219561586368662,-0.3044170298051361,-0.4565783602611326,0.1264670174018886,-0.1609231892971336,0.0,-0.1417036564484636,0.6744907594765952,0.0,1.3611044658948475,-0.7576561377634548,0.0,-0.8672024050474623,-0.6106072734468866,0.5181433505005184,-0.13714337310795724,0.9105625252934162,-0.16862268986917464,0.0,0.46654772325474253
train,long,UAV_0081,163,0.04043702261355002,0.4112073999845571,0.0,0.22483025315961386,-0.2555119094227103,-0.09060323634758773,0.0,0.0,-0.003562851315455532,-0.397571876082269,-0.4565783602611326,0.3372453797382976,-0.1609231892971336,0.0,-0.1417036564484636,0.6744907594765952,0.0,1.3611044658948475,-0.7576561377634548,0.0,-0.6744907594813595,0.3015894805589374,0.49829019516677814,-0.14709667946652152,0.9105625252934162,-0.16862268986917464,0.0,0.5622687224262355
train,long,UAV_0081,164,0.04043702261355002,-0.4987413528139135,0.0,0.719456810109147,-0.0277113517369037,-0.11001821556495359,0.0,0.0,-0.003562851315455532,-0.397571876082269,-0.4565783602611326,0.3372453797382976,-0.21324665492939887,0.0,-0.12305843849468658,0.6744907594765952,0.0,1.3611044658948475,-0.9878619478910586,0.0,-0.6744907594813595,0.3015894805589374,0.43191242351580933,-0.14709667946652152,0.9105625252934162,-0.19581989791252322,0.0,0.46654772325474253
train,long,UAV_0081,165,1.0018133849446462,0.4112073999845571,0.0,0.6744907594765952,-0.002416020117420005,-0.4580496948684309,0.0,0.0,-0.003562851315455532,0.39726207491065846,-0.4565783602611326,0.04215567246729619,-0.21324665492939887,0.0,-0.12305843849468658,0.6744907594765952,0.0,1.3716065480253072,-0.9878619478910586,0.0,-0.5781349366935439,-0.6106072734468866,0.43191242351580933,-0.2855900441824407,0.9105625252934162,-0.19581989791252322,0.0,0.33021173558621714
train,long,UAV_0081,166,1.0018133849446462,0.4128965238046227,0.0,0.6744907594765952,-0.0277113517369037,-0.4580496948684309,0.0,0.0,0.04257086380897354,1.2157414807617644,-0.4565783602611326,0.04215567246729619,-0.21324665492939887,0.0,-0.1361100910623415,0.0,0.0,1.3952115302601742,-0.5730209720181267,0.0,-0.5781349366935439,-0.25701960658468154,0.4272836657945244,-0.29392343946308114,0.8768379873195801,-0.23933543078205324,0.0,0.46654772325474253
train,long,UAV_0081,167,1.0018133849446462,0.3815302667898899,0.0,0.6744907594765952,-0.0277113517369037,-0.4580496948684309,0.0,0.0,0.04257086380897354,1.2157414807617644,-0.3320569892808551,0.210778362336409,-0.23817805142323983,0.0,-0.1361100910623415,0.0,0.0,1.3952115302601742,-0.8398091535634571,0.0,-0.8672024050474623,-0.7146036460534589,0.4272836657945244,-0.29392343946308114,0.7756643733980718,-0.23933543078205324,0.0,0.6075941871768911
train,long,UAV_0081,168,0.9041726346681097,0.4128965238046227,0.0,0.6744907594765952,0.24673581671041991,-0.4256913961728755,0.0,0.0,0.04257086380897354,1.2157414807617644,-0.3320569892808551,0.210778362336409,-0.23817805142323983,0.0,-0.23586200711488925,0.0,0.0,1.4085518056998494,-0.691028987779824,0.0,-0.8672024050474623,-0.7146036460534589,0.4272836657945244,-0.29392343946308114,0.6407662215027591,-0.4623525367379939,0.0,0.33021173558621714
train,long,UAV_0081,169,-0.10373062169941027,0.4128965238046227,0.0,0.13489815189585816,0.958957227716957,-0.004314439826052293,0.0,0.0,0.04257086380897354,-0.19857629870902896,-0.3320569892808551,0.7588021044111156,-0.23817805142323983,0.0,-0.23586200711488925,0.0,0.0,1.4237654253186502,-0.6876221253497143,0.0,-0.8672024050474623,-0.7146036460534589,0.37980403849054994,-0.29392343946308114,0.6407662215027591,-0.49498918639008116,0.0,0.6075941871768911
train,long,UAV_0081,170,-0.10373062169941027,0.3815302667898899,0.0,0.13489815189585816,0.958957227716957,-0.004314439826052293,0.0,0.0,0.04427457937729441,-0.19857629870902896,0.14700439629614945,0.8852691218130042,-0.34008021231008717,0.0,-0.4866401885926242,0.0,0.0,1.4237654253186502,-0.691028987779824,0.0,-0.8672024050474623,-0.8765408548264638,0.27188214768075025,-0.29392343946308114,0.6407662215027591,-0.49498918639008116,0.0,0.8871863858919612
train,long,UAV_0081,171,-0.5642811146595287,0.3815302667898899,0.0,0.13489815189585816,0.958957227716957,-0.39045680425991924,0.0,0.0,0.04427457937729441,-0.19857629870902896,0.14700439629614945,0.8852691218130042,-0.34008021231008717,0.0,-0.23586200711488925,0.6744907594765952,0.0,1.3948195391975802,-0.8398091535634571,0.0,-0.8672024050474623,-0.8765408548264638,0.22455076274264196,-0.3416427511712676,0.6407662215027591,-0.516746952824829,0.0,0.6075941871768911
train,long,UAV_0081,172,-0.10373062169941027,0.42558002863496036,0.0,0.08993210126375568,-0.022819926487829087,-0.4256913961728755,0.0,0.0,0.04427457937729441,0.010784058906990345,-0.3597284050542271,0.7588021044111156,-0.34008021231008717,0.0,-0.15755209170906964,0.6744907594765952,0.0,1.3948195391975802,-0.691028987779824,0.0,-0.7708465822644108,-0.25701960658468154,0.22455076274264196,-0.3416427511712676,0.7756643733980718,-0.5385047192595422,0.0,0.5538217779859793
train,long,UAV_0081,173,-0.07187433247755926,-0.5338458970329462,0.0,0.35972840505502274,-0.2117710913626143,-0.39045680425991924,0.0,0.0,-0.3127920451068623,0.6170848182914305,-0.3597284050542271,0.5480237420747066,-0.34008021231008717,0.0,-0.15755209170906964,0.0,0.0,1.3908939157041649,-0.6876221253497143,0.0,-0.7708465822644108,-0.16936552110201658,0.27188214768075025,-0.14531816861674066,0.7756643733980718,-0.516746952824829,0.0,0.5994592274078059
train,long,UAV_0081,174,-0.07187433247755926,0.42558002863496036,0.0,0.6295247088453912,-0.2278772994610938,-0.6960629586069872,0.0,0.0,-0.5353297693173369,0.6170848182914305,-0.03285980623096408,0.3372453797382976,-0.24379541963172113,0.0,-0.23492974621712892,0.6744907594765952,0.0,1.3908939157041649,-0.5048904361489314,0.0,-0.7708465822644108,-0.16936552110201658,0.27188214768075025,-0.3607033644615998,0.7756643733980718,-0.5385047192595422,0.0,0.5994592274078059
train,long,UAV_0081,175,0.5424926967685291,0.7380912436616255,0.0,0.35972840505502274,-0.2278772994610938,-0.6960629586069872,0.0,0.0,-0.5353297693173369,0.08947131128673594,-0.03285980623096408,0.210778362336409,-0.24379541963172113,0.0,-0.15755209170906964,0.0,0.0,1.3830907846268885,-0.5048904361489314,0.0,-0.6744907594813595,-0.16936552110201658,0.1565511500317312,-0.36720735947338656,0.7756643733980718,-0.516746952824829,0.0,0.5656914424797335
train,long,UAV_0081,176,0.5424926967685291,0.7380912436616255,0.0,-0.04496605063165321,-0.3009444195092953,-0.6586711467809722,0.0,0.0,-0.5353297693173369,0.010784058906990345,-0.03285980623096408,0.3372453797382976,0.12805345409902757,0.0,-0.06152921924734329,0.0,0.0,1.3830907846268885,-0.5048904361489314,0.0,-0.6744907594813595,-0.6358635353656155,0.32865522717263523,-0.6127134669833972,0.7419398354242673,-0.4133975622598631,0.0,0.5994592274078059
train,long,UAV_0081,177,0.5236932289381865,-0.05060281486049943,0.0,-0.04496605063165321,-0.2278772994610938,-0.29122468826012904,0.0,0.0,-0.5353297693173369,-0.13707648080951157,-0.03285980623096408,0.5480237420747066,-0.24379541963172113,0.0,-0.063393741042644,0.0,0.0,1.383219892090454,-0.4440433074321716,0.0,-0.5781349366935439,-1.1261321490820595,0.32865522717263523,-0.393921385221913,0.6070416835289231,-0.4133975622598631,0.0,0.7505211595437107
train,long,UAV_0081,178,0.5236932289381865,0.13522841521946746,0.0,-0.22483025315916458,-0.2278772994610938,-0.4055573436511676,0.0,0.0,-0.4966463477432675,-0.47282233415332,-0.4807908490628992,0.210778362336409,-0.395650536372041,0.0,-0.063393741042644,0.0,0.0,1.383219892090454,-0.5697579020101238,0.0,-0.6744907594813595,-1.1261321490820595,0.1565511500317312,-0.393921385221913,0.6070416835289231,-0.4133975622598631,0.0,0.7505211595437107
train,long,UAV_0081,179,0.8260447872804065,-0.05060281486049943,0.0,-0.35972840505502274,-0.3009444195092953,-0.4055573436511676,0.0,0.0,-0.4966463477432675,-0.13707648080951157,-0.5499693884963868,0.210778362336409,-0.6421151113613417,0.0,-0.063393741042644,0.0,0.0,1.3830907846268885,-0.9457779133854427,0.0,-0.5781349366935439,-1.1261321490820595,0.2621478095617139,-0.393921385221913,0.7419398354242673,-0.36988202939040205,0.0,0.71003968582051
train,long,UAV_0081,180,0.611461740326912,-0.05185962793672294,0.0,-0.35972840505502274,-0.303322502633013,-0.6205602616506478,0.0,0.0,-0.27469719158467826,-0.37502738037715255,-0.5499693884963868,0.1686226898691128,-0.6748949716184502,0.0,-0.1995038321049855,0.0,0.0,1.3563375301259113,-0.5697579020101238,0.0,-0.5781349366935439,-1.1261321490820595,0.2621478095617139,-0.393921385221913,0.7419398354242673,-0.33724537973831487,0.0,0.9422149652305222
train,long,UAV_0081,181,0.8260447872804065,-0.6317061080331283,0.0,-0.35972840505502274,-0.303322502633013,-0.6205602616506478,0.0,0.0,-0.6195709985560838,-0.13707648080951157,-0.6208773914157,0.1686226898691128,-0.8799654646887777,0.0,-0.1995038321049855,0.0,0.0,1.3563375301259113,-0.4085322671625604,0.0,-0.5781349366935439,-0.9003114542793459,0.21908815699008097,-0.393921385221913,0.6070416835289231,-0.33724537973831487,0.0,0.71003968582051
train,long,UAV_0081,182,0.8260447872804065,-0.05185962793672294,0.0,-0.35972840505502274,-0.704011251923137,-0.7046918382591244,0.0,0.0,-0.27469719158467826,-0.37502738037715255,-0.6208773914157,0.1686226898691128,-0.8799654646887777,0.0,-0.2666266167384509,0.0,0.0,1.3563375301259113,-0.6078576813586974,0.0,-0.4817791139152568,-0.2674192438453499,0.21908815699008097,-0.4514261580098126,0.6407662215027591,-0.33724537973831487,0.0,0.2094778603721869
train,long,UAV_0081,183,0.8260447872804065,-0.05185962793672294,0.0,-0.35972840505502274,-0.704011251923137,-0.7046918382591244,0.0,0.0,-0.27469719158467826,0.5495736946146228,-0.7471282258818491,0.5480237420747066,-1.0013397132333395,0.0,-0.2666266167384509,0.0,0.0,1.3430301611663455,-0.3046194051561289,0.0,-0.4817791139152568,-0.2674192438453499,0.21908815699008097,-0.45952374104931615,0.6070416835289231,-0.36988202939040205,0.0,0.71003968582051
train,long,UAV_0081,184,0.611461740326912,0.09193947490399239,0.0,-0.44966050631877846,0.013694194107246475,-0.6205602616506478,0.0,0.0,-0.27469719158467826,-0.37502738037715255,-0.7471282258818491,0.5480237420747066,-0.9802340929615079,0.0,-0.2666266167384509,0.6744907594765952,0.0,1.3430301611663455,-0.3046194051561289,0.0,-0.5781349366935439,-0.0044569873973922,0.21908815699008097,-0.45952374104931615,0.6070416835289231,-0.43515532869457646,0.0,0.9422149652305222
train,long,UAV_0081,185,-0.3161699201385623,0.09193947490399239,0.0,0.0,0.2601149383620013,-0.4587687681727729,0.0,0.0,-0.3634917118358859,-0.1132722948150006,-0.7471282258818491,0.5480237420747066,-0.8799654646887777,0.0,-0.006525826283772478,0.6744907594765952,0.0,1.3970793846204963,-0.5310909658396438,0.0,-0.5781349366935439,-0.0044569873973922,0.3657447539756061,-0.45952374104931615,0.5733171455551186,-0.48411030317270726,0.0,0.6319760139211588
train,long,UAV_0081,186,-0.3620561053624966,0.09193947490399239,0.0,-0.08993210126375568,0.45430681109602283,-0.4587687681727729,0.0,0.0,-0.33902542068956887,-0.1132722948150006,-0.7350219814810003,0.2529340348037052,-0.3837852641996861,0.0,-0.09788739425713705,0.6744907594765952,0.0,1.3808370734673516,-0.6078576813586974,0.0,-0.7708465822644108,-0.4263851276866981,0.40250442813489307,-0.5703763892310221,0.5733171455551186,-0.48411030317270726,0.0,0.6319760139211588
train,long,UAV_0081,187,-0.3620561053624966,0.09193947490399239,0.0,-0.08993210126375568,0.45430681109602283,0.04386347156512608,0.0,0.0,-0.33902542068956887,-0.10777927072135121,-0.6468193437032692,0.2529340348037052,-0.3837852641996861,0.0,-0.09788739425713705,0.6744907594765952,0.0,1.3808370734673516,-0.5864017303643592,0.0,-0.8672024050474623,-0.8260283309889317,0.4404755385844884,-0.4363115392585708,0.4046944556859382,-0.43515532869457646,0.0,0.6319760139211588
train,long,UAV_0081,188,-0.3620561053624966,-0.5740716501723673,0.0,0.22483025315961386,0.4865137564113512,-0.4587687681727729,0.0,0.0,-0.33902542068956887,-0.10777927072135121,-0.6468193437032692,0.2529340348037052,-0.3837852641996861,0.0,-0.09788739425713705,0.6744907594765952,0.0,1.3808370734673516,-0.6904917861478,0.0,-0.7708465822644108,-0.4263851276866981,0.4404755385844884,-0.4363115392585708,0.5733171455551186,-0.43515532869457646,0.0,0.584781828410871
train,long,UAV_0081,189,-0.3620561053624966,-0.5740716501723673,0.0,0.22483025315961386,0.4865137564113512,0.04386347156512608,0.0,0.0,-0.1855004309434089,-0.10777927072135121,-0.3251391353375063,0.6744907594765952,-0.32801592492306203,0.0,0.026103305135199886,0.0,0.0,1.4087208835496472,-0.7061560205955486,0.0,-0.6744907594813595,-0.8260283309889317,0.41561884788184544,-0.4565994119262156,0.5733171455551186,-0.36988202939040205,0.0,0.584781828410871
train,long,UAV_0081,190,-0.12750642039448398,-0.08127126824155459,0.0,-0.08993210126375568,-0.2937684828731606,-0.5213281456508901,0.0,0.0,-0.1855004309434089,0.17296682399125426,-0.30611503699326276,0.6744907594765952,-0.32801592492306203,0.0,0.08390348079194174,0.0,0.0,1.3808370734673516,-0.6904917861478,0.0,-0.7708465822644108,-0.8260283309889317,0.41561884788184544,-0.4565994119262156,0.5733171455551186,-0.36988202939040205,0.0,0.584781828410871
train,long,UAV_0081,191,0.10766978964674938,-0.0021119755564103795,0.0,0.22483025315961386,-0.2937684828731606,-0.5558436642595044,0.0,0.0,0.634351413005021,-0.10777927072135121,-0.30611503699326276,0.843113449345708,-0.5364575568158916,0.0,0.08390348079194174,0.0,0.0,1.3529998852419158,-0.6904917861478,0.0,-0.6744907594813595,-0.8260283309889317,0.2881461557085707,-0.4565994119262156,0.6744907594765952,-0.4514736535206545,0.0,0.34491965275660336
train,long,UAV_0081,192,-0.12750642039448398,-0.08127126824155459,0.0,-0.8993210126357598,0.5102746827418496,-0.6852768590417911,0.0,0.0,1.2935771374135137,0.17296682399125426,-0.5171095822654457,0.6744907594765952,-0.5489945849953821,0.0,0.09322608976877526,0.0,0.0,1.3505455243899205,-0.6904917861478,0.0,-0.6744907594813595,-0.396671878370577,0.27737698329023563,-0.6796628383630635,0.6744907594765952,-0.4514736535206545,0.0,0.34491965275660336
train,long,UAV_0081,193,0.10766978964674938,-0.0021119755564103795,0.0,-0.8993210126357598,-0.2937684828731606,-0.6852768590417911,0.0,0.0,1.2935771374135137,-0.8048726810835818,-0.5171095822654457,0.5058680696074104,-0.7560107258777043,0.0,0.08390348079194174,0.0,0.0,1.3505455243899205,-0.7078361712002681,0.0,-0.7708465822644108,-0.2882185183666866,0.27737698329023563,-0.7717046103227774,0.6407662215027591,-0.4514736535206545,0.0,0.23342825315508423
train,long,UAV_0081,194,0.18061165785303138,-0.0021119755564103795,0.0,0.6744907594765952,-0.2937684828731606,-0.6852768590417911,0.0,0.0,0.3850695345702065,-0.8048726810835818,-0.5171095822654457,0.5058680696074104,-0.7560107258777043,0.0,0.08390348079194174,0.0,0.0,1.3505455243899205,-0.5323013544289147,0.0,-0.7708465822644108,-0.2882185183666866,0.24202246124877894,-0.7434961838502142,0.6407662215027591,-0.6418541098245425,0.0,0.17251800154809963
train,long,UAV_0081,195,0.28024701735230545,-0.0021119755564103795,0.0,0.6744907594765952,0.7196469190445667,-0.5587199574768725,0.0,0.0,0.3850695345702065,-0.8048726810835818,-0.5171095822654457,0.5058680696074104,-0.7560107258777043,0.0,0.10441322054090953,0.0,0.0,1.3795184999110315,-0.5323013544289147,0.0,-0.7708465822644108,-0.8512845929077348,0.1998701477186005,-0.788132295438977,0.6407662215027591,-0.6418541098245425,0.0,0.17251800154809963
train,long,UAV_0081,196,0.28024701735230545,0.5039199490028448,0.0,0.26979630379126707,0.722195524667101,-0.69965832512873,0.0,0.0,-0.4321104737055204,-0.8321892197956047,-0.22483025315890343,0.5058680696074104,-0.46579129442688555,0.0,0.10441322054090953,0.0,0.0,1.4047200941643083,-0.4842416394259699,0.0,-0.7708465822644108,-0.8512845929077348,-0.018743090752870794,-0.9134501100247553,0.6407662215027591,-0.90294730704124,0.0,0.16205391757394091
train,long,UAV_0081,197,0.28024701735230545,0.7919135736502784,0.0,0.6744907594765952,-0.5090075768226366,-0.5587199574768725,0.0,0.0,-0.9846931250754856,-0.958637496173285,-0.16256956766876465,0.3794010522055218,-0.46579129442688555,0.0,0.11373582951785303,0.6744907594765952,0.0,1.4184871689211394,-0.33470530984490904,0.0,-0.7708465822644108,-0.8512845929077348,-0.018743090752870794,-0.788132295438977,0.6407662215027591,-0.90294730704124,0.0,0.1364674228938418
train,long,UAV_0081,198,0.13299987501707097,0.7919135736502784,0.0,0.26979630379126707,-0.5090075768226366,-0.5587199574768725,0.0,0.0,-0.9846931250754856,-0.958637496173285,-0.08993210126357977,0.5058680696074104,-0.46579129442688555,0.0,0.11373582951785303,0.6744907594765952,0.0,1.4047200941643083,-0.2794127134631006,0.0,-0.7708465822644108,-0.9686519277064838,-0.018743090752870794,-0.788132295438977,0.6407662215027591,-0.90294730704124,0.0,0.16205391757394091
train,long,UAV_0081,199,0.13299987501707097,0.7919135736502784,0.0,0.17986420252706212,-0.5090075768226366,-0.5587199574768725,0.0,0.0,-0.9846931250754856,0.21478350254276743,-0.16256956766876465,0.5480237420747066,-0.7067769477587664,0.0,-0.12305843849468658,0.6744907594765952,0.0,1.3795184999110315,-0.33470530984490904,0.0,-0.5781349366935439,-0.9686519277064838,0.052828803429111296,-0.788132295438977,0.8093889113719079,-0.8213556829110221,0.0,0.8806958505152714
train,long,UAV_0081,200,0.13299987501707097,0.7919135736502784,0.0,-0.22483025315916458,-0.5090075768226366,-0.5989880625202884,0.0,0.0,-0.9846931250754856,-0.6911678008779628,-0.16256956766876465,0.8009577768784117,-0.7067769477587664,0.0,-0.12305843849468658,0.6744907594765952,0.0,1.393004590886663,-0.33470530984490904,0.0,-0.5781349366935439,-0.7279746082456726,0.052828803429111296,-1.005636231800685,0.6407662215027591,-0.8213556829110221,0.0,0.16205391757394091
train,long,UAV_0081,201,0.13299987501707097,0.24083881288033177,0.0,-0.26979630379126707,-0.5090075768226366,-0.5989880625202884,0.0,0.0,-0.6567319703143005,-0.11684567450964665,-0.08993210126357977,0.8009577768784117,-0.7513146689271116,0.0,0.030764609623671644,0.6744907594765952,0.0,1.3781994048084802,-0.33470530984490904,0.0,-0.5781349366935439,-0.6462631726262468,0.052828803429111296,-1.005636231800685,0.6070416835289231,-0.8213556829110221,0.0,0.07738364373216666
train,long,UAV_0081,202,0.13299987501707097,0.24083881288033177,0.0,-0.26979630379126707,-0.5500463766903332,-0.5989880625202884,0.0,0.0,-0.367842039805356,0.21478350254276743,-0.47560245860535316,0.8009577768784117,-0.7067769477587664,0.0,-0.12305843849468658,0.6744907594765952,0.0,1.3301878449688609,-0.4354752574614986,0.0,-0.4817791139152568,-0.7279746082456726,0.07128660464703311,-1.005636231800685,0.5733171455551186,-0.8267951245196918,0.0,0.0015793731632959775
train,long,UAV_0081,203,0.272571296843877,0.6709360528994318,0.0,-0.22483025315916458,-0.47023450588025606,-0.25742824295588956,0.0,0.0,0.339287565783073,-0.11684567450964665,-0.736751444966826,0.3372453797382976,-0.25659746615218004,0.0,-0.06059695834969293,0.0,0.0,1.2969496323252439,-0.5094329172466308,0.0,-0.6744907594813595,-0.6715194345449758,0.07128660464703311,-0.9120742480992494,0.5733171455551186,-0.8213556829110221,0.0,0.0015793731632959775
train,long,UAV_0081,204,0.21228668476324775,0.24083881288033177,0.0,-0.17986420252751137,0.5117114816605879,-0.6982201785200459,0.0,0.0,0.339287565783073,-0.11684567450964665,-0.7661523242260467,0.3372453797382976,-0.18187968098578827,0.0,0.030764609623671644,0.0,0.0,1.3301878449688609,-0.6137889818145589,0.0,-0.6744907594813595,-0.3476450169989289,0.2547116112970229,-0.9475922982918656,0.5733171455551186,-0.8267951245196918,0.0,0.0015793731632959775
train,long,UAV_0081,205,-0.02357079347707328,-0.6080443164924102,0.0,-0.17986420252751137,0.5117114816605879,-0.6982201785200459,0.0,0.0,0.4179046877367312,-0.11684567450964665,-0.5845586582131075,0.3372453797382976,-0.0927006704496297,0.0,0.056867914758871534,0.0,0.0,1.3301878449688609,-0.6137889818145589,0.0,-0.4817791139152568,-0.6715194345449758,0.2547116112970229,-0.9475922982918656,0.5733171455551186,-0.8267951245196918,0.0,0.20310433886569254
train,long,UAV_0081,206,-0.02357079347707328,-0.07456305443530287,0.0,-0.17986420252751137,0.4597500578220125,-0.3998047572163985,0.0,0.0,0.339287565783073,-0.0036672899134345136,-0.5845586582131075,0.3372453797382976,-0.03586053173712801,0.0,-0.06059695834969293,0.0,0.0,1.3455723126186365,-0.5094329172466308,0.0,-0.2890674683491541,-0.6715194345449758,0.2599670702485917,-0.9120742480992494,0.7082152974504312,-0.8594317741718135,0.0,0.42869643469857305
train,long,UAV_0081,207,-0.23266764415938457,-0.07456305443530287,0.0,-0.314762354422471,0.4597500578220125,-0.43144398260761185,0.0,0.0,-0.5821828565790326,-0.290763452695213,-0.5845586582131075,0.3794010522055218,0.2839198675869423,0.0,-0.06059695834969293,0.0,0.0,1.3845355942278534,-0.5094329172466308,0.0,-0.2890674683491541,-0.2986181556273179,0.2599670702485917,-0.7522967035987621,0.7082152974504312,-0.8594317741718135,0.0,0.480201042504944
train,long,UAV_0081,208,-0.23266764415938457,-0.6080443164924102,0.0,-0.314762354422471,-0.2538544594844533,-0.43144398260761185,0.0,0.0,-0.7672967044305167,-0.290763452695213,-0.5845586582131075,0.3794010522055218,0.2009084718807092,0.0,-0.0689873064288761,0.0,0.0,1.3849719715307969,-0.6137889818145589,0.0,-0.1927116455661027,-0.2986181556273179,0.2599670702485917,-0.7522967035987621,0.5058680696074463,-0.8594317741718135,0.0,0.480201042504944
train,long,UAV_0081,209,-0.23266764415938457,-0.23022056184539894,0.0,-0.314762354422471,-0.48905591235662543,-0.3998047572163985,0.0,0.0,-0.7672967044305167,-0.3317552661648514,-0.3804819668842963,0.3794010522055218,0.2009084718807092,0.0,-0.0689873064288761,0.6744907594765952,0.0,1.3849719715307969,-0.5888544892294395,0.0,-0.2890674683491541,-0.2986181556273179,0.24024904896376628,-0.7522967035987621,0.5058680696074463,-0.7778401500415955,0.0,0.42869643469857305
train,long,UAV_0081,210,-0.15608875931722713,-0.07456305443530287,0.0,0.044966050632102475,-0.48905591235662543,-0.3559412856512725,0.0,0.0,-0.7993209348093715,-0.6674784098957879,-0.3804819668842963,0.3794010522055218,-0.03586053173712801,0.0,-0.0689873064288761,0.6744907594765952,0.0,1.3849719715307969,-0.5888544892294395,0.0,-0.2890674683491541,0.07725444822195947,0.24024904896376628,-0.7522967035987621,0.6070416835289231,-0.8322345661283616,0.0,0.480201042504944
train,long,UAV_0081,211,-0.15608875931722713,-0.13711596436490694,0.0,0.044966050632102475,-0.48905591235662543,-0.3559412856512725,0.0,0.0,-0.7993209348093715,-0.6674784098957879,-0.4462015793461095,0.3794010522055218,-0.5350401017610555,0.0,-0.045680783986627296,0.6744907594765952,0.0,1.3849719715307969,-0.5888544892294395,0.0,-0.3854232911322054,0.23027768220021702,0.008307818881136235,-0.9293744119463768,0.37096991771213367,-0.805037358084944,0.0,0.6789947478795247
train,long,UAV_0081,212,0.008427724024354759,-0.13711596436490694,0.0,1.1241512657953736,-0.7182986175137653,-0.3559412856512725,0.0,0.0,-0.7993209348093715,-0.3317552661648514,-0.6520077341607923,0.1264670174018886,-0.5350401017610555,0.0,0.08949704617795387,0.6744907594765952,0.0,1.3849719715307969,-0.3917193964672887,0.0,-0.3854232911322054,0.23027768220021702,-0.02179192480769633,-0.9779878990995303,0.3372453797382976,-0.805037358084944,0.0,0.49815402426483885
train,long,UAV_0081,213,-0.15608875931722713,0.11936438502883387,0.0,0.17986420252706212,-0.7112650525694804,-0.634222654433212,0.0,0.0,-0.5323316684916712,0.40429201512449475,-0.4462015793461095,0.1264670174018886,-0.5350401017610555,0.0,0.2470491378870235,0.0,0.0,1.3492012832762075,-0.11990785728480723,0.0,-0.3854232911322054,0.23027768220021702,-0.02179192480769633,-1.0374480689054812,0.5733171455551186,-0.8322345661283616,0.0,0.49815402426483885
train,long,UAV_0081,214,-0.15608875931722713,0.42480755331234415,0.0,0.17986420252706212,-0.7112650525694804,-0.634222654433212,0.0,0.0,0.05124137788333787,0.40429201512449475,-0.6520077341607923,0.210778362336409,-0.3480342901235391,0.0,0.33747844496262774,0.0,0.0,1.3492012832762075,-0.11990785728480723,0.0,-0.3854232911322054,-0.14559492164917162,0.006373840512346184,-0.9779878990995303,0.5733171455551186,-0.8322345661283616,0.0,0.49815402426483885
train,long,UAV_0081,215,-0.3931386656027411,0.11936438502883387,0.0,-0.04496605063165321,-0.7112650525694804,-0.634222654433212,0.0,0.0,0.05124137788333787,0.40429201512449475,-0.6520077341607923,0.1264670174018886,-0.3480342901235391,0.0,0.2470491378870235,0.6744907594765952,0.0,1.3492012832762075,-0.1267572233779612,0.0,-0.3854232911322054,-0.14559492164917162,0.008307818881136235,-0.9779878990995303,0.5733171455551186,-0.8485528909544741,0.0,0.49815402426483885
train,long,UAV_0081,216,0.015828572212015213,0.11936438502883387,0.0,-0.04496605063165321,-0.7112650525694804,-0.279719515390591,0.0,0.0,0.7435706550789426,-0.2503821747200433,-0.520568509237143,0.210778362336409,0.08297729241198165,0.0,0.32442679239508276,0.6744907594765952,0.0,1.3492012832762075,-0.1267572233779612,0.0,-0.3854232911322054,-0.44124175234483287,0.006373840512346184,-0.9779878990995303,0.5733171455551186,-0.9519022815194054,0.0,0.49815402426483885
train,long,UAV_0081,217,-0.3045998209969513,-0.009167191571534495,0.0,-0.22483025315916458,-0.7112650525694804,-0.279719515390591,0.0,0.0,0.7435706550789426,-0.33409745560034876,-0.2507722054464727,0.210778362336409,0.08297729241198165,0.0,0.32442679239508276,0.6744907594765952,0.0,1.326024484446076,-0.2078881629008708,0.0,-0.3854232911322054,-0.44124175234483287,0.4099771827790499,-0.7207827337438186,0.9442870632672522,-0.8485528909544741,0.0,0.4005747336555157
train,long,UAV_0081,218,-0.3045998209969513,-0.027480063215866303,0.0,-0.22483025315916458,1.0075142367012722,-0.279719515390591,0.0,0.0,-0.5332229819947654,-0.8724489521098874,-0.520568509237143,0.210778362336409,-0.6690210873527463,0.0,0.3104428789298875,0.6744907594765952,0.0,1.366367169377692,-0.2078881629008708,0.0,-0.3854232911322054,-0.44124175234483287,0.4099771827790499,-0.6400879659231973,0.9442870632672522,-0.8485528909544741,0.0,0.5127691992099566
train,long,UAV_0081,219,-0.7168658553488605,-0.052045986434225915,0.0,-0.22483025315916458,1.0075142367012722,-0.33940259965134006,0.0,0.0,-0.6442927129162814,-0.33409745560034876,-0.520568509237143,0.632335087009299,-0.730879332673891,0.0,0.30484931354365535,0.0,0.0,1.366367169377692,-0.4397515341014202,0.0,-0.3854232911322054,-0.44124175234483287,0.0566801950375819,-0.7207827337438186,0.16862268986911724,-0.9192656318673527,0.0,0.6524662924051762
train,long,UAV_0081,220,-0.3045998209969513,-0.052045986434225915,0.0,0.22483025315961386,0.45399837034496526,-0.6104932353898265,0.0,0.0,-0.5332229819947654,-0.2503821747200433,-0.5326747536380149,0.7588021044111156,-0.6690210873527463,0.0,0.3104428789298875,0.0,0.0,1.366367169377692,-0.4397515341014202,0.0,-0.3854232911322054,-0.45906970193451296,-0.0013096664923466267,-0.7207827337438186,0.13489815189531273,-0.9519022815194054,0.0,0.5127691992099566
train,long,UAV_0081,221,-0.3045998209969513,-0.052045986434225915,0.0,0.22483025315961386,0.023321906019273336,-0.6392561675636389,0.0,0.0,-0.6442927129162814,-0.8724489521098874,-0.5689934868405613,0.7588021044111156,-0.8475010873187879,0.0,0.30484931354365535,0.0,0.0,1.383118928459307,-0.09698389206856088,0.0,-0.4817791139152568,-0.5615804120752385,0.0566801950375819,-0.7328821498860021,0.16862268986911724,-0.9682206063454489,0.0,0.43742129427976
train,long,UAV_0081,222,-0.13089338900813968,-0.027480063215866303,0.0,0.22483025315961386,0.45399837034496526,-0.6392561675636389,0.0,0.0,-0.5332229819947654,0.6261489881828237,-0.5949354391281306,0.7588021044111156,-0.8475010873187879,0.0,0.1734005269698956,0.0,0.0,1.383118928459307,-0.09698389206856088,0.0,-0.3854232911322054,-0.45906970193451296,0.0566801950375819,-0.8989308161640551,0.16862268986911724,-0.9682206063454489,0.0,0.43742129427976
train,long,UAV_0081,223,-0.13089338900813968,0.5076492107119026,0.0,0.044966050632102475,0.45399837034496526,-0.6514804137375191,0.0,0.0,0.06012796490763718,0.6261489881828237,-0.5689934868405613,0.632335087009299,-0.3806667803305344,0.0,-0.006525826283772478,0.0,0.0,1.3584129898298907,-0.4492933548084099,0.0,-0.5781349366935439,-0.8275139934547786,0.057296152967894816,-0.9124067628087048,0.13489815189531273,-0.9682206063454489,0.0,0.17899744454895164
train,long,UAV_0081,224,-0.13089338900813968,0.546780517530326,0.0,0.044966050632102475,0.45399837034496526,-0.8420348393892391,0.0,0.0,0.254312915605802,0.5572990138216688,-0.5326747536380149,0.6744907594765952,-0.3806667803305344,0.0,0.1734005269698956,0.0,0.0,1.3584129898298907,-0.07287153418968581,0.0,-0.5781349366935439,-0.886940492087095,0.10662710159132666,-1.012207807765184,0.20234722784298487,-1.0280544640409193,0.0,0.12593244882253027
train,long,UAV_0081,225,0.7081348117217524,0.5076492107119026,0.0,-0.35972840505502274,0.7129426444886634,-0.8420348393892391,0.0,0.0,0.06012796490763718,0.46933625311069027,-0.5689934868405613,0.5480237420747066,-0.3806667803305344,0.0,-0.006525826283772478,0.0,0.0,1.392113569570948,-0.006315652101181393,0.0,0.0,-0.886940492087095,0.10662710159132666,-1.1113936985383897,0.4384189936598058,-0.9682206063454489,0.0,0.12593244882253027
train,long,UAV_0081,226,-0.16010342771683825,0.5076492107119026,0.0,-0.35972840505502274,0.7129426444886634,-0.6241556281723907,0.0,0.0,0.06012796490763718,0.46933625311069027,-0.4444721158602838,0.29508970727100137,-0.3709166805202727,0.0,0.02890008782815097,0.0,0.0,1.392113569570948,-0.08610598483399277,0.0,0.0,-0.19907877041817482,0.10662710159132666,-1.1113936985383897,0.4384189936598058,-1.0824488801277887,0.0,0.12593244882253027
train,long,UAV_0081,227,-0.16010342771683825,0.5076492107119026,0.0,0.35972840505502274,0.7491812908721711,-0.6241556281723907,0.0,0.0,0.1305267641170776,-0.7747217927883535,-0.4444721158602838,0.29508970727100137,-0.3709166805202727,0.0,0.02890008782815097,-0.6744907594765952,0.0,1.392113569570948,-0.06903566668711295,0.0,-0.09635582278305135,-0.886940492087095,0.10662710159132666,-1.2106887145976732,0.20234722784298487,-1.1531616210406672,0.0,0.4334729093962409
train,long,UAV_0081,228,-0.09694484571824943,0.09603769972329368,0.0,0.35972840505502274,0.1916913655901258,-0.5098229727813521,0.0,0.0,0.1305267641170776,-0.7747217927883535,-0.7229157370801286,0.29508970727100137,-0.3709166805202727,0.0,0.34307201034874985,-0.6744907594765952,0.0,1.4090131743676355,-0.006315652101181393,0.0,-0.09635582278305135,-0.8423706181128763,0.10662710159132666,-1.2106887145976732,0.5058680696074463,-1.1531616210406672,0.0,0.4334729093962409
train,long,UAV_0081,229,0.17701571323386855,-0.2971127962560489,0.0,-0.17986420252751137,0.2324564535131935,-0.5098229727813521,0.0,0.0,0.1305267641170776,-1.0632420203447857,-0.8439781810887547,0.29508970727100137,-0.20444559886473365,0.0,0.34307201034874985,0.0,0.0,1.392113569570948,-0.06903566668711295,0.0,-0.1927116455661027,-0.8423706181128763,0.1064530052473786,-1.0995937830950397,0.5058680696074463,-1.1531616210406672,0.0,0.8197865922668882
train,long,UAV_0081,230,-0.09694484571824943,-0.2971127962560489,0.0,0.0,0.1916913655901258,-0.5508101511290774,0.0,0.0,0.1305267641170776,-1.0632420203447857,-0.8439781810887547,0.29508970727100137,-0.20444559886473365,0.0,0.34307201034874985,0.0,0.0,1.4055014102147767,-0.06903566668711295,0.0,-0.1927116455661027,-0.8988257918135361,-0.3395087345657688,-1.0573206853112487,0.033724537973836066,-1.1531616210406672,0.0,0.4334729093962409
train,long,UAV_0081,231,0.17701571323386855,0.17736980812875552,0.0,-0.17986420252751137,0.2324564535131935,-0.5508101511290774,0.0,0.0,1.077975946860823,-0.6047263265612679,-0.8439781810887547,0.5058680696074104,-0.20444559886473365,0.0,0.34307201034874985,0.0,0.0,1.3743766228896896,-0.06903566668711295,0.0,-0.1927116455661027,-0.8988257918135361,-0.3395087345657688,-1.0995937830950397,0.033724537973836066,-1.1150855297798414,0.0,0.3779508393532077
train,long,UAV_0081,232,0.28709226290330725,0.17736980812875552,0.0,-0.17986420252751137,-0.026984414440835006,-0.5508101511290774,0.0,0.0,1.077975946860823,-0.44593966709730204,-0.7229157370801286,0.8009577768784117,-0.5067913110865142,0.0,0.32815583598579423,0.6744907594765952,0.0,1.3743766228896896,-0.30893747306703917,0.0,-0.09635582278305135,-0.886940492087095,-0.3395087345657688,-1.0995937830950397,0.13489815189531273,-1.1096460881711716,0.0,0.36892179311197704
train,long,UAV_0081,233,0.28709226290330725,0.17736980812875552,0.0,0.0,-0.010213271666203267,-0.5508101511290774,0.0,0.0,0.12068688062556329,0.3718320815102456,-0.6641139785616411,0.8009577768784117,-0.5067913110865142,0.0,0.32815583598579423,0.0,0.0,1.3711735639934222,-0.30893747306703917,0.0,-0.09635582278305135,-0.886940492087095,-0.2968525436323907,-1.3448727048040365,0.13489815189531273,-1.1150855297798414,0.0,0.36892179311197704
train,long,UAV_0081,234,0.28709226290330725,0.17736980812875552,0.0,0.22483025315961386,-0.026984414440835006,-0.5508101511290774,0.0,0.0,-0.46122212760264064,0.3718320815102456,-0.4271774810019119,1.0117361392148208,-0.5067913110865142,0.0,0.22281035454723433,0.0,0.0,1.3525229865216049,-0.19114832068131704,0.0,0.09635582278305135,-0.8230570060573493,0.004738682638216333,-1.3448727048040365,0.26979630379062547,-1.1150855297798414,0.0,0.36892179311197704
train,long,UAV_0081,235,0.9691848789224267,0.10260878211386085,0.0,0.35972840505502274,-0.010213271666203267,-0.5457766379986504,0.0,0.0,-0.46122212760264064,0.3718320815102456,-0.4271774810019119,1.0117361392148208,0.19817588828690852,0.0,0.22281035454723433,0.0,0.0,1.3525229865216049,-0.42711595098552885,0.0,0.1927116455661027,-0.3283314049434761,0.004738682638216333,-1.3448727048040365,0.26979630379062547,-1.066130555301745,0.0,0.36892179311197704
train,long,UAV_0081,236,0.28709226290330725,0.10260878211386085,0.0,0.35972840505502274,-0.010213271666203267,-0.17042037313001207,0.0,0.0,-0.46122212760264064,0.30290864883649166,-0.487708703006225,1.0117361392148208,-0.07191249260068468,0.0,0.18085861415131843,0.0,0.0,1.3290858733916153,-0.19114832068131704,0.0,0.09635582278305135,-0.3283314049434761,-0.2968525436323907,-1.380211998547141,0.26979630379062547,-1.131403854605954,0.0,0.1805116800866819
train,long,UAV_0081,237,0.8261470316360212,0.10260878211386085,0.0,0.35972840505502274,-0.010213271666203267,-0.5457766379986504,0.0,0.0,-0.46122212760264064,0.30290864883649166,-0.487708703006225,0.8852691218130042,-0.07191249260068468,0.0,0.22281035454723433,0.0,0.0,1.3296251540624318,-0.15758551825321743,0.0,-0.1927116455661027,-0.3283314049434761,-0.3268701646824972,-1.3351008836430207,0.26979630379062547,-1.2075560371275023,0.0,0.1805116800866819
train,long,UAV_0081,238,0.9691848789224267,0.1566336755766578,0.0,0.35972840505502274,0.7371730186015046,-0.5479338579117092,0.0,0.0,-0.46122212760264064,0.30290864883649166,-0.4271774810019119,0.8852691218130042,-0.07191249260068468,0.0,0.19484252761640378,-0.6744907594765952,0.0,1.3296251540624318,-0.19114832068131704,0.0,0.0,-0.3283314049434761,-0.3268701646824972,-1.3351008836430207,0.10117361392147665,-1.1912377123014586,0.0,0.006795777956661888
train,long,UAV_0081,239,0.8261470316360212,0.1566336755766578,0.0,0.35972840505502274,0.7371730186015046,-0.5479338579117092,0.0,0.0,0.286076304023855,0.006744397513218795,-0.487708703006225,0.8852691218130042,-0.07191249260068468,0.0,0.19484252761640378,0.0,0.0,1.3472567449200887,-0.11304966999104211,0.0,-0.1927116455661027,0.07131179835875749,-0.48588748719390606,-1.3351008836430207,0.10117361392147665,-1.2075560371275023,0.0,-0.39370767540377233
train,long,UAV_0081,240,0.6383715088810015,0.3594141765722813,0.0,0.35972840505502274,0.27708451391072353,-0.9729061807802426,0.0,0.0,0.286076304023855,0.3085730539985309,-0.4271774810019119,0.632335087009299,-0.6917885140363452,0.0,0.3458687930418109,-0.6744907594765952,0.0,1.3472567449200887,-0.005317849624292047,0.0,-0.1927116455661027,-0.5779226991991088,-0.5123318375045248,-1.3974397455344458,0.4046944556859382,-1.2456321283882246,0.0,-0.39370767540377233
train,long,UAV_0081,241,0.6383715088810015,0.3594141765722813,0.0,-0.4946265569499824,0.011544098272186113,-0.9729061807802426,0.0,0.0,-0.14249755367630562,1.1447858574364156,-0.4271774810019119,0.632335087009299,-1.2217025455620307,0.0,0.3458687930418109,-0.6744907594765952,0.0,1.354880809512814,-0.015255326409818833,0.0,-0.1927116455661027,-0.5779226991991088,-0.48588748719390606,-1.3351008836430207,0.4046944556859382,-1.2456321283882246,0.0,-0.18322219047283517
train,long,UAV_0081,242,0.02978607940181456,0.4787938572216523,0.0,0.17986420252706212,0.2572970664833891,-1.026117605301848,0.0,0.0,-0.7999242731198873,0.3085730539985309,-0.7108094926792567,0.632335087009299,-1.2217025455620307,0.0,0.3458687930418109,0.0,0.0,1.3784538125880903,-0.11304966999104211,0.0,-0.1927116455661027,-0.19016479562335334,-0.24737973182249853,-1.4999988252561967,0.4046944556859382,-1.267389894823007,0.0,0.006795777956661888
train,long,UAV_0081,243,-0.184339728401471,0.7640027290519099,0.0,-0.08993210126375568,0.2572970664833891,-0.9729061807802426,0.0,0.0,-0.14249755367630562,0.1795638611523778,-0.7108094926792567,0.632335087009299,-0.19669423309786013,0.0,0.462401405252725,0.0,0.0,1.3815482038823639,-0.015255326409818833,0.0,-0.1927116455661027,-0.19016479562335334,-0.44312430207392145,-1.4380014962607612,0.4046944556859382,-1.566559183300496,0.0,0.14974313508761258
train,long,UAV_0081,244,-0.7061754116518408,0.7640027290519099,0.0,-0.08993210126375568,0.2572970664833891,-0.6852768590417911,0.0,0.0,-0.3902815664517089,0.1795638611523778,-0.7108094926792567,0.5901794145420027,-0.5328386730627354,0.0,0.49316601487639666,-0.6744907594765952,0.0,1.3848520469058194,0.14166959674560436,0.0,0.0,-0.19016479562335334,-0.2984627630242055,-1.5452892784791668,0.5058680696074463,-1.566559183300496,0.0,0.24370340728818649
train,long,UAV_0081,245,-0.184339728401471,0.7806282096944637,0.0,0.17986420252706212,0.24200187675893411,-0.6852768590417911,0.0,0.0,-0.14249755367630562,-0.39926725774392463,-0.8232246192587084,0.2529340348037052,-0.5328386730627354,0.0,0.7709797623872018,0.0,0.0,1.4019579783421503,-0.015255326409818833,0.0,0.0,0.0,-0.1259449625418921,-1.4380014962607612,0.2360717658167894,-1.4360125846921126,0.0,0.5035346228306333
train,long,UAV_0081,246,-0.184339728401471,0.7640027290519099,0.0,0.44966050631877846,0.2572970664833891,-0.46955486773796895,0.0,0.0,-0.3902815664517089,-0.5609572482636355,-0.8232246192587084,0.42155672467288996,-0.5328386730627354,0.0,0.7709797623872018,0.0,0.0,1.4019579783421503,0.14166959674560436,0.0,0.09635582278305135,0.1025107101406884,-0.2984627630242055,-1.44506959223096,0.10117361392147665,-1.4360125846921126,0.0,0.5035346228306333
train,long,UAV_0081,247,-0.184339728401471,0.7806282096944637,0.0,0.44966050631877846,0.24200187675893411,-0.46955486773796895,0.0,0.0,-0.3902815664517089,-0.5609572482636355,-0.9650406250974038,0.42155672467288996,-0.5328386730627354,0.0,0.462401405252725,0.0,0.0,1.4019579783421503,0.14166959674560436,0.0,0.1927116455661027,0.0,-0.30997718243469735,-1.44506959223096,0.2360717658167894,-1.4360125846921126,0.0,0.35161874956762007
train,long,UAV_0081,248,-0.2231052819015604,0.5681906741680066,0.0,0.44966050631877846,-0.028321668960445856,-0.3307737199991702,0.0,0.0,-0.3902815664517089,-0.6283490413987444,-1.163928925968692,0.5901794145420027,-0.5328386730627354,0.0,0.7709797623872018,0.0,0.0,1.404793551443913,-0.06530229829396725,0.0,0.2890674683443898,0.1025107101406884,-0.2984627630242055,-1.44506959223096,0.5058680696074463,-1.4142548182573993,0.0,0.5397244803970911
train,long,UAV_0081,249,0.6720458340924007,-0.03185930818977581,0.0,0.44966050631877846,-0.17980561263914419,-0.46164506139017375,0.0,0.0,0.22053688201398272,-0.5609572482636355,-1.163928925968692,0.42155672467288996,-0.3497735217708841,0.0,0.3850237507446657,0.0,0.0,1.409277241565443,-0.06530229829396725,0.0,0.3854232911322054,0.1025107101406884,-0.30997718243469735,-1.44506959223096,0.2360717658167894,-1.4142548182573993,0.0,0.35161874956762007
train,long,UAV_0081,250,0.6720458340924007,-0.05770718744905805,0.0,0.314762354422471,-0.17980561263914419,-0.46164506139017375,0.0,0.0,-0.5427613169020332,-0.5609572482636355,-0.9650406250974038,0.5480237420747066,-0.3497735217708841,0.0,0.3812947071539543,0.0,0.0,1.3981136822469122,0.34114237429612143,0.0,0.3854232911322054,0.13222395945688373,-0.7665212173324952,-1.7295307085711356,0.5058680696074463,-1.4142548182573993,0.0,0.18293645811621195
train,long,UAV_0081,251,0.7632137412171992,-0.48577618861368377,0.0,0.314762354422471,-0.48575754307097735,-0.46164506139017375,0.0,0.0,-0.5427613169020332,-0.5864390755926574,-1.163928925968692,0.8009577768784117,-0.19322066820094627,0.0,0.3850237507446657,-0.6744907594765952,0.0,1.3981136822469122,0.1795879293656724,0.0,0.3854232911322054,0.13222395945688373,-0.43502255889518565,-1.7386267284490007,0.5058680696074463,-1.561119741691826,0.0,-0.05813044284676116
train,long,UAV_0081,252,0.6720458340924007,-0.48577618861368377,0.0,0.0,-0.17980561263914419,-0.46164506139017375,0.0,0.0,0.22053688201398272,-0.5864390755926574,-1.163928925968692,0.9274247942803003,-0.19322066820094627,0.0,0.8334412425321954,-0.6744907594765952,0.0,1.409277241565443,0.1795879293656724,0.0,0.3854232911322054,0.3313027298750957,-0.43502255889518565,-1.7660880571885091,-0.13489815189534426,-1.6590296906480877,0.0,-0.05813044284676116
train,long,UAV_0081,253,0.7632137412171992,-0.48577618861368377,0.0,-0.08993210126375568,-0.17980561263914419,-0.5249235121726331,0.0,0.0,0.22053688201398272,-0.5864390755926574,-1.3040154683215386,0.7588021044111156,-0.3856146041400733,0.0,0.43443357832211443,0.0,0.0,1.409277241565443,0.1795879293656724,0.0,0.1927116455661027,0.13222395945688373,-0.7523639264817983,-1.7660880571885091,-0.13489815189534426,-1.7732579644304274,0.0,-0.05813044284676116
train,long,UAV_0081,254,0.9631598396730365,-0.48577618861368377,0.0,-0.08993210126375568,0.02376441074399948,-0.8118337606067098,0.0,0.0,-1.359846570000996,-0.5864390755926574,-0.8353308636595802,0.8852691218130042,-0.3856146041400733,0.0,0.8334412425321954,-0.6744907594765952,0.0,1.4329999681543029,0.1795879293656724,0.0,0.0,-0.3075321304221394,-0.7517475811810266,-1.7660880571885091,-0.1686226898691488,-1.7732579644304274,0.0,-0.05813044284676116
train,long,UAV_0081,255,0.7632137412171992,-0.4531612269619349,0.0,0.044966050632102475,0.2631545578733939,-0.8118337606067098,0.0,0.0,0.06934014923697843,-0.17356088264301858,-1.3040154683215386,0.8852691218130042,-0.28687669575025043,0.0,0.8334412425321954,0.0,0.0,1.4329999681543029,0.03194837143425153,0.0,0.0,-0.3075321304221394,-0.7517475811810266,-1.7660880571885091,-0.23607176581682093,-1.7732579644304274,0.0,-0.18259889795330198
train,long,UAV_0081,256,0.505322943897377,-0.38423344026533296,0.0,-0.08993210126375568,0.2631545578733939,-0.9225710494760054,0.0,0.0,0.06934014923697843,-0.0932337373153878,-0.958122771154009,0.7588021044111156,-0.28687669575025043,0.0,0.5071499283417019,0.0,0.0,1.4329999681543029,0.03194837143425153,0.0,-0.09635582278305135,-0.3075321304221394,-0.7523639264817983,-1.7660880571885091,-0.23607176581682093,-1.7786974060390972,0.0,0.3626930453072374
train,long,UAV_0081,257,0.9631598396730365,-0.4531612269619349,0.0,0.044966050632102475,0.2631545578733939,-0.9851304269541227,0.0,0.0,-0.2838052016466972,0.04721731243079787,-0.958122771154009,0.7588021044111156,-0.2103252357677905,0.0,0.5071499283417019,-0.6744907594765952,0.0,1.4415710750275654,0.03194837143425153,0.0,-0.09635582278305135,-0.3075321304221394,-0.7523639264817983,-1.6862325281930193,-0.1686226898691488,-1.6535902490393837,0.0,-0.26546939246762435
train,long,UAV_0081,258,0.505322943897377,0.19967254896249725,0.0,0.044966050632102475,0.02376441074399948,-0.9225710494760054,0.0,0.0,-0.2838052016466972,0.04721731243079787,-0.6727612959908386,0.5058680696074104,-0.19730256406474397,0.0,0.5332532334769018,-0.6744907594765952,0.0,1.3843575184884984,0.27661964913569603,0.0,0.1927116455661027,-0.028227586850311365,-0.7517475811810266,-1.8950504836684505,-0.1686226898691488,-1.6535902490393837,0.0,-0.3316288227100479
train,long,UAV_0081,259,0.4397708330804814,0.857779049019437,0.0,0.044966050632102475,0.2514285356310163,-0.9002797770412714,0.0,0.0,0.06934014923697843,0.08618042431477592,-0.7886353495419417,0.5058680696074104,-0.19730256406474397,0.0,0.5071499283417019,-0.6744907594765952,0.0,1.3843575184884984,0.17623709669685622,0.0,0.1927116455661027,-0.028227586850311365,-0.8354205583137677,-2.072084266347972,-0.23607176581682093,-1.843970705343306,0.0,-0.26546939246762435
train,long,UAV_0081,260,0.505322943897377,0.9977162443989012,0.0,0.13489815189585816,-0.23945686526645282,-0.9002797770412714,0.0,0.0,0.2269976322272611,0.08618042431477592,-0.7886353495419417,0.8852691218130042,-0.19730256406474397,0.0,0.5332532334769018,-0.6744907594765952,0.0,1.3712204465635818,0.6250833702677128,0.0,0.1927116455661027,0.1649085337046986,-0.7403896631700941,-2.072084266347972,-0.13489815189534426,-1.843970705343306,0.0,0.3135047369021954
train,long,UAV_0081,261,0.04740789041310854,0.9977162443989012,0.0,0.22483025315961386,-0.1959298925599986,-0.821181713563189,0.0,0.0,0.2269976322272611,0.03172311204742752,-0.7886353495419417,0.8852691218130042,0.11274776831323283,0.0,0.6991956732651546,-0.6744907594765952,0.0,1.4256498851527926,0.4973167588874777,0.0,0.1927116455661027,0.3030751430247101,-0.6010806650558631,-2.050126954962729,-0.13489815189534426,-1.6644691322568264,0.0,-0.26546939246762435
train,long,UAV_0081,262,-0.08459607761013804,0.9977162443989012,0.0,0.13489815189585816,-0.23945686526645282,-0.821181713563189,0.0,0.0,0.2269976322272611,0.03172311204742752,-0.8387897906312546,0.8009577768784117,-0.19730256406474397,0.0,0.7830991540570964,-0.6744907594765952,0.0,1.387222277968872,0.4973167588874777,0.0,0.1927116455661027,0.1649085337046986,-0.7163935843147362,-2.072084266347972,0.0,-2.001714511995107,0.0,-0.1478425500964789
train,long,UAV_0081,263,0.04740789041310854,0.7403707296761457,0.0,0.44966050631877846,-0.1959298925599986,-0.7600604826937886,0.0,0.0,-0.8240424170704294,0.48285260153654386,-0.9961709678424732,0.9274247942803003,0.052162179094398936,0.0,0.7830991540570964,-0.6744907594765952,0.0,1.395526294966422,0.4973167588874777,0.0,0.1927116455661027,-0.0846827605510454,-0.7163935843147362,-2.050126954962729,0.0,-2.1485794354295336,0.0,-0.03555180440881741
train,long,UAV_0081,264,0.04740789041310854,0.24726560144825283,0.0,0.44966050631877846,-0.23945686526645282,-0.821181713563189,0.0,0.0,-0.8240424170704294,0.03172311204742752,-0.9961709678424732,0.9274247942803003,0.43213347905805943,0.0,1.0665064669539137,-0.6744907594765952,0.0,1.387222277968872,0.7966850046322436,0.0,0.3854232911322054,0.1649085337046986,-0.7163935843147362,-2.050126954962729,0.0,-2.0996244609513686,0.0,-0.0738138311272179
train,long,UAV_0081,265,0.04740789041310854,0.24726560144825283,0.0,0.44966050631877846,-0.1959298925599986,-0.6838387124331071,0.0,0.0,-1.1262191146563674,0.9089352022817495,-1.1898708782562382,0.8009577768784117,0.052162179094398936,0.0,1.0665064669539137,-0.6744907594765952,0.0,1.395526294966422,0.4973167588874777,0.0,0.6744907594765952,-0.3209030926144273,-0.7163935843147362,-2.147291041518077,-0.10117361392150821,-2.0996244609513686,0.0,-0.1478425500964789
train,long,UAV_0081,266,-0.17727366205046485,0.24726560144825283,0.0,0.4946265569499824,-0.28758994713896,-0.9858495002584647,0.0,0.0,-0.8240424170704294,0.9089352022817495,-1.234836928888028,0.9274247942803003,-0.1900366320202558,0.0,1.0665064669539137,-0.6744907594765952,0.0,1.3932596315261638,0.2628458782585563,0.0,0.6744907594765952,-0.3209030926144273,-0.8744738160364083,-2.2391286868335,0.0,-2.0996244609513686,0.0,-0.0738138311272179
train,long,UAV_0081,267,-0.17727366205046485,0.24726560144825283,0.0,0.4946265569499824,0.5307816023644347,-0.9858495002584647,0.0,0.0,-0.6812147366933796,0.2989082106513209,-1.1898708782562382,1.0117361392148208,0.052162179094398936,0.0,0.8660703739512777,-0.6744907594765952,0.0,1.395526294966422,0.6611584034707767,0.0,0.7708465822596466,-0.34467369206734644,-0.9244766478671516,-2.161864410909401,-0.10117361392150821,-2.0996244609513686,0.0,-0.03555180440881741
train,long,UAV_0081,268,-0.17727366205046485,0.860362830195018,0.0,0.4946265569499824,0.4643630530774856,-0.9858495002584647,0.0,0.0,-0.6812147366933796,0.2919352473166683,-1.0324897010450196,1.0117361392148208,-0.11355822449055818,0.0,0.8660703739512777,-0.6744907594765952,0.0,1.3932596315261638,0.4286772937131986,0.0,0.7708465822596466,0.1559945589098029,-0.9244766478671516,-2.2391286868335,-0.269796303790657,-2.088745577734029,0.0,-0.0738138311272179
train,long,UAV_0081,269,-0.17727366205046485,0.9532745997555037,0.0,0.4946265569499824,0.4643630530774856,-1.0929914226060176,0.0,0.0,-1.0177107474696994,0.2919352473166683,-1.0324897010450196,0.9274247942803003,-0.11355822449055818,0.0,0.8660703739512777,-0.6744907594765952,0.0,1.3932596315261638,0.4286772937131986,0.0,0.7708465822596466,0.1559945589098029,-1.054084789171511,-2.2094399741569464,-0.269796303790657,-2.088745577734029,0.0,0.08749458136381659
train,long,UAV_0081,270,-0.17727366205046485,0.9532745997555037,0.0,0.4946265569499824,-0.48870665163454835,-1.0929914226060176,0.0,0.0,-0.6812147366933796,0.1406134893034267,-1.0324897010450196,0.9274247942803003,0.3704578627479497,0.0,0.9900610733435047,-0.6744907594765952,0.0,1.3919613232338592,0.5080263001835476,0.0,0.4817791139104925,0.3818152537125164,-1.054084789171511,-2.2391286868335,-0.269796303790657,-2.1213822273860816,0.0,0.10453429276168981
train,long,UAV_0081,271,-0.24865579893278666,0.9532745997555037,0.0,0.4946265569499824,0.4643630530774856,-1.0742955166930264,0.0,0.0,-0.6812147366933796,-0.0013321417820328705,-1.0324897010450196,0.8852691218130042,0.3704578627479497,0.0,1.0059095086042207,-0.6744907594765952,0.0,1.3846295413363487,0.6611584034707767,0.0,0.4817791139104925,0.3818152537125164,-1.214748967837964,-2.2499354208989883,-0.30352084176449307,-2.1268216689947512,0.0,0.31959099996275764
train,long,UAV_0081,272,-0.24865579893278666,0.9532745997555037,0.0,-0.08993210126375568,0.4643630530774856,-0.9815350604323472,0.0,0.0,-1.0177107474696994,-0.0013321417820328705,-1.0826441421343327,0.8009577768784117,-0.07014955351839955,0.0,1.1718519483925836,-0.6744907594765952,0.0,1.3822934165852843,0.5080263001835476,0.0,0.4817791139104925,0.3818152537125164,-1.214748967837964,-2.4655275222941877,-0.30352084176449307,-2.1268216689947512,0.0,0.31959099996275764
train,long,UAV_0081,273,-0.24865579893278666,0.100313418700273,0.0,0.5395926075816356,-0.45109622482925654,-0.9815350604323472,0.0,0.0,-1.4035276265368315,-0.11355653768849389,-1.3386047380383055,0.6744907594765952,0.5033428469360409,0.0,1.1718519483925836,-0.6744907594765952,0.0,1.3745163494504373,0.7217059207686993,0.0,0.4817791139104925,0.19016479562331623,-1.1456886155132693,-2.503804796819067,-0.30352084176449307,-2.41511207425497,0.0,0.31959099996275764
train,long,UAV_0081,274,-0.24865579893278666,0.052917656690334325,0.0,-0.17986420252751137,-0.45109622482925654,-0.6802433459113642,0.0,0.0,-0.04231775920936831,-0.11355653768849389,-1.3386047380383055,0.6744907594765952,-0.07014955351839955,0.0,1.3788138676789918,-0.6744907594765952,0.0,1.363234538900219,0.8700115418220096,0.0,0.4817791139104925,0.07131179835875749,-1.0441262350542824,-2.503804796819067,-0.30352084176449307,-2.4368698406896834,0.0,0.2650308966625454
train,long,UAV_0081,275,-0.7451597526024439,0.03249976973515015,0.0,-0.35972840505502274,0.9246527555737005,-0.6802433459113642,2.8695647601215146,0.0,0.2661912290079793,-0.11355653768849389,-1.0826441421343327,0.6744907594765952,-0.08533538266357298,0.0,1.3788138676789918,-0.6744907594765952,0.0,1.363234538900219,0.7217059207686993,0.0,0.7708465822596466,0.07131179835875749,-1.1456886155132693,-2.528378136697865,-0.30352084176449307,-2.4368698406896834,0.0,-0.20337093374122456
train,long,UAV_0081,276,-0.7451597526024439,-0.01663824287005665,0.0,-0.35972840505502274,-0.45109622482925654,-0.6802433459113642,2.8695647601215146,0.0,-1.3269347429836935,0.8746053395409485,-1.3368752745524337,0.6744907594765952,-0.08533538266357298,0.0,1.1513422086433958,-0.6744907594765952,0.0,1.3719084976400961,0.8798157920061941,0.0,0.867202405042698,0.0668548109613653,-1.0441262350542824,-2.588548114372824,-0.539592607581314,-2.469506490341736,0.0,-0.20337093374122456
train,long,UAV_0081,277,-0.00843673411890798,-0.32018870771378577,0.0,0.7644228607403509,-0.45109622482925654,-0.9160993897368618,2.8695647601215146,0.0,0.4482676827095828,-0.5846041940689709,-1.2400253193455513,1.3068258464858222,0.09888980680784892,0.0,1.1513422086433958,-0.6744907594765952,0.0,1.3719084976400961,0.8798157920061941,0.0,0.867202405042698,0.07131179835875749,-0.9632322830323046,-2.705508081055734,-0.539592607581314,-2.616371413776232,0.0,-0.20337093374122456
train,long,UAV_0081,278,-0.4205106505135064,-0.9967570028148784,0.0,0.8543549620041067,0.7216349494108864,-0.9160993897368618,0.0,0.0,1.0140040513807167,0.42947520666033306,-1.2400253193455513,1.3068258464858222,-0.08533538266357298,0.0,1.3620331715206255,-0.6744907594765952,0.0,1.3719084976400961,1.0164137214100497,0.0,0.867202405042698,0.12628130959364467,-0.9632322830323046,-2.6334114855225446,-0.5733171455551501,-2.616371413776232,0.0,0.028476689895974138
train,long,UAV_0081,279,-0.4205106505135064,-0.32018870771378577,0.0,0.8543549620041067,0.7216349494108864,-0.9160993897368618,0.0,0.0,1.0140040513807167,-0.7114634859801311,-1.2400253193455513,1.4332928638877107,0.09888980680784892,0.0,1.3620331715206255,-0.6744907594765952,0.0,1.3719084976400961,0.8730766328087866,0.0,0.867202405042698,0.12628130959364467,-1.1639858906772562,-2.818382558194414,-0.5733171455551501,-2.6490080634282847,0.0,0.23880743729759246
train,long,UAV_0081,280,-0.4205106505135064,-0.8555084975692872,0.0,0.8543549620041067,0.7216349494108864,-0.9160993897368618,0.0,0.0,0.17119148199561737,0.42947520666033306,-1.2400253193455513,1.4332928638877107,0.09888980680784892,0.0,1.3620331715206255,-0.6744907594765952,0.0,1.3733399015401864,1.2166533927470284,0.0,0.867202405042698,0.12628130959364467,-0.9406209550087329,-2.830883566185567,-0.7082152974504629,-2.665326388254328,0.0,0.23880743729759246
train,long,UAV_0081,281,-0.4205106505135064,-0.9967570028148784,0.0,-0.314762354422471,0.7216349494108864,-1.1864709521710062,2.8695647601215146,0.0,1.0693211430873846,0.0528425743959624,-1.2400253193455513,1.3911371914204145,-0.1427230046895107,0.0,1.3816106503721628,-0.6744907594765952,0.0,1.3704307027200437,1.2166533927470284,0.0,0.867202405042698,0.7874011068779891,-1.1639858906772562,-3.108530288456484,-0.7082152974504629,-2.687084154689076,0.0,0.23880743729759246
train,long,UAV_0081,282,-0.4205106505135064,-0.9967570028148784,0.0,-0.314762354422471,0.7355377899655405,-1.068542930258241,2.8695647601215146,0.0,0.17119148199561737,0.42947520666033306,-1.4077832774717929,1.1803588290840055,-0.1427230046895107,0.0,1.5783176997840873,-0.6744907594765952,0.0,1.3704307027200437,1.2600684542896585,0.0,0.867202405042698,0.7888867693437989,-1.1639858906772562,-2.8882050447378305,-0.775664373398135,-2.687084154689076,0.0,-0.24201054766691968
train,long,UAV_0081,283,0.17322962855937543,-0.9984881087663536,0.0,-0.719456810109147,0.7355377899655405,-1.068542930258241,2.8695647601215146,0.0,-0.10150863426124326,0.0528425743959624,-1.4077832774717929,1.0960474841494132,0.3021336756247297,0.0,1.4739044792430678,-0.6744907594765952,0.0,1.3819578442416929,1.3202293764268074,0.0,0.867202405042698,0.9003114542793459,-1.1096482318117682,-3.220413267443405,-0.775664373398135,-2.687084154689076,0.0,-0.5293341759128753
train,long,UAV_0081,284,0.17322962855937543,-0.9984881087663536,0.0,-0.8543549620045559,0.783162307606152,-1.1864709521710062,2.8695647601215146,0.0,-0.10150863426124326,0.21716869398117059,-1.5098216231362216,1.053891811682189,-0.1427230046895107,0.0,1.6295920491568368,-0.6744907594765952,0.0,1.3819578442416929,1.4604075880415666,0.0,0.9635582278257493,0.9537953030484604,-1.1096482318117682,-3.2468871396136554,-0.775664373398135,-2.687084154689076,0.0,-0.5685098018576612
train,long,UAV_0081,285,0.5879112472257707,-0.9984881087663536,0.0,-1.0791852151632713,0.783162307606152,-1.068542930258241,2.8695647601215146,0.0,-0.22180016976610634,0.21716869398117059,-1.5098216231362216,1.0117361392148208,-0.13910939165273983,0.0,1.6295920491568368,-0.6744907594765952,0.0,1.3840656865207541,1.3415612137247994,0.0,1.156269873391852,0.9537953030484604,-1.6114194644164053,-3.220413267443405,-0.539592607581314,-2.687084154689076,0.0,-0.5685098018576612
train,long,UAV_0081,286,0.17322962855937543,-0.9984881087663536,0.0,-1.0791852151632713,0.783162307606152,-1.068542930258241,2.8695647601215146,0.0,-0.2667297167226987,0.6137503742220795,-1.4077832774717929,0.9695804667475966,0.10950211974774066,0.0,1.4739044792430678,-0.6744907594765952,0.0,1.3874521260041182,1.3415612137247994,0.0,1.2526256961749034,0.9537953030484604,-1.3691034876968184,-3.141629327181823,-0.539592607581314,-2.8393885197321724,0.0,-0.5685098018576612
train,long,UAV_0081,287,0.009225194199254069,-0.4064464151290018,0.0,-1.2590494176907825,0.4964232768641781,-0.9995118930410289,2.8695647601215146,0.0,-0.43120618136181166,0.21716869398117059,-1.5098216231362216,0.9695804667475966,0.10950211974774066,0.0,1.4739044792430678,-0.6744907594765952,0.0,1.3840656865207541,1.3415612137247994,0.0,1.156269873391852,0.9537953030484604,-1.3691034876968184,-3.141629327181823,-0.13489815189534426,-2.8937829358190075,0.0,-0.5603599788410856
train,long,UAV_0081,288,0.009225194199254069,-0.4064464151290018,0.0,-1.0791852151632713,0.4964232768641781,-0.8017667343458559,2.8695647601215146,0.0,-0.43120618136181166,0.21716869398117059,-1.3455225919816312,0.9695804667475966,0.10950211974774066,0.0,1.4533947394939901,-1.3489815189531904,0.0,1.3840656865207541,1.2531132139702226,0.0,1.156269873391852,0.9879655397620108,-1.3691034876968184,-3.056669500568712,-0.40469445568600126,-2.872025169384225,0.0,-0.550223213583896
train,long,UAV_0081,289,0.14603809938266285,-0.3081483281478451,0.0,-1.0791852151632713,0.4474976838021133,-0.8017667343458559,2.8695647601215146,0.0,-0.43120618136181166,0.16630962170237942,-1.3455225919816312,1.0117361392148208,0.2586162863096158,0.0,1.4533947394939901,-0.6744907594765952,0.0,1.408239030152479,1.2531132139702226,0.0,1.2526256961749034,0.9879655397620108,-1.330692219260026,-3.056669500568712,-0.40469445568600126,-2.8937829358190075,0.0,-0.5364231997359369
train,long,UAV_0081,290,0.05739636641150267,-0.14743409406420582,0.0,-0.8093889113720042,0.4474976838021133,-1.1792802191275202,2.8695647601215146,0.0,-0.43120618136181166,0.16630962170237942,-1.4527493281035597,1.1382031566167095,0.5964827287032752,0.0,1.7507859658561127,-1.3489815189531904,0.0,1.408239030152479,1.2531132139702226,0.0,1.156269873391852,0.9879655397620108,-1.2041583110048382,-3.056669500568712,-0.40469445568600126,-3.0624056256881134,0.0,-0.5364231997359369
train,long,UAV_0081,291,0.05739636641150267,0.9115616102561391,0.0,-0.8093889113720042,0.017025775282722738,-1.1792802191275202,2.8695647601215146,0.0,-0.46172754228644475,-0.47694630272357713,-1.5997537243997784,1.1382031566167095,0.5964827287032752,0.0,1.7507859658561127,-1.3489815189531904,0.0,1.3998886385458602,1.2598089782673796,0.0,0.9635582278257493,0.7175749709850414,-1.2041583110048382,-3.48198737864262,-0.40469445568600126,-3.2963016148614965,0.0,-0.4484576809543114
train,long,UAV_0081,292,0.05739636641150267,0.9115616102561391,0.0,-0.08993210126375568,0.4474976838021133,-1.1835946589536053,2.8695647601215146,0.0,1.018941682839602,0.16630962170237942,-1.5997537243997784,1.3068258464858222,0.5964827287032752,0.0,1.7507859658561127,-1.3489815189531904,0.0,1.408239030152479,1.4286919448824749,0.0,1.156269873391852,1.1751590104537817,-1.330692219260026,-3.4822868683970527,-0.505868069607478,-3.2963016148614965,0.0,-0.4484576809543114
train,long,UAV_0081,293,0.05739636641150267,0.9115616102561391,0.0,-0.08993210126375568,0.017025775282722738,-1.1835946589536053,2.8695647601215146,0.0,-0.14274272947751174,-0.47694630272357713,-1.6101305053147783,1.3489815189531904,0.5964827287032752,0.0,1.7927377062521386,-0.6744907594765952,0.0,1.3998886385458602,1.4961219540161075,0.0,1.156269873391852,1.1751590104537817,-1.9135882771135782,-3.646071128835053,-0.6407662215027907,-3.4377270966872193,0.0,-0.4484576809543114
train,long,UAV_0081,294,0.05739636641150267,0.9115616102561391,0.0,-0.08993210126375568,0.017025775282722738,-1.1835946589536053,2.8695647601215146,0.0,-0.14274272947751174,0.21766653037396475,-1.5997537243997784,1.3489815189531904,0.5964827287032752,0.0,1.7507859658561127,-0.6744907594765952,0.0,1.3544084128003686,1.4300576622535064,0.0,1.156269873391852,0.7175749709850414,-1.9135882771135782,-3.646071128835053,-0.775664373398135,-3.4377270966872193,0.0,-0.49737898811770703
train,long,UAV_0081,295,-0.5951517547918979,0.485683976243483,0.0,0.6295247088453912,0.017025775282722738,-1.1835946589536053,2.8695647601215146,0.0,0.7255138374852947,-0.5691956583772851,-1.5997537243997784,1.3911371914204145,0.857839409006448,0.0,1.7927377062521386,-0.6744907594765952,0.0,1.3912933468055118,1.4300576622535064,0.0,1.3489815189579548,1.1751590104537817,-1.9135882771135782,-3.8244696863831056,-0.775664373398135,-3.4377270966872193,0.0,-0.49737898811770703
train,long,UAV_0081,296,0.11081302618633963,0.485683976243483,0.0,0.6295247088453912,-0.5008893611354088,-1.1835946589536053,2.8695647601215146,0.0,0.7255138374852947,-0.5691956583772851,-1.4025948870142928,1.5597598812895994,0.857839409006448,0.0,1.9857157120732416,-0.6744907594765952,0.0,1.3544084128003686,1.6585373355789432,0.0,1.5416931645240575,1.1751590104537817,-1.8105220421470376,-3.8787696304737196,-0.809388911371971,-3.4377270966872193,0.0,-0.49737898811770703
train,long,UAV_0081,297,0.11081302618633963,-0.5839411187776811,0.0,0.35972840505502274,-0.5008893611354088,-1.15483172677976,2.8695647601215146,0.0,0.49786181696492277,-0.5691956583772851,-1.4025948870142928,1.3911371914204145,0.857839409006448,0.0,1.9857157120732416,-0.6744907594765952,0.0,1.3522159606159372,1.6585373355789432,0.0,1.3489815189579548,0.992422527159403,-1.7366602104795943,-3.8244696863831056,-0.809388911371971,-3.4540454215132628,0.0,-0.49737898811770703
train,long,UAV_0081,298,0.11081302618633963,-0.130428408093507,0.0,0.35972840505502274,-0.019480694256155257,-1.34538615243148,2.8695647601215146,0.0,0.7255138374852947,0.4964853191078469,-1.4025948870142928,1.3489815189531904,0.8055525565516624,0.0,1.9857157120732416,-0.6744907594765952,0.0,1.3522159606159372,1.6585373355789432,0.0,1.5416931645240575,0.29118984329830616,-1.7366602104795943,-3.8244696863831056,-0.809388911371971,-3.4540454215132628,0.0,-0.7744810282141816
train,long,UAV_0081,299,0.37918389246751166,-0.130428408093507,0.0,0.35972840505502274,-0.019480694256155257,-1.645958793648121,2.8695647601215146,0.0,0.7255138374852947,0.6555217409828427,-1.4025948870142928,1.3489815189531904,0.8055525565516624,0.0,2.0565675402975283,-1.3489815189531904,0.0,1.3791262851246129,1.6585373355789432,0.0,1.6380489873023445,0.6626054597501542,-1.8105220421470376,-3.8244696863831056,-0.8431134493457756,-3.4703637463393067,0.0,-0.630811269629532
train,long,UAV_0081,300,0.37918389246751166,-0.130428408093507,0.0,0.35972840505502274,0.027997904905064777,-1.645958793648121,2.8695647601215146,0.0,1.3166755047959777,0.6555217409828427,-1.1258807292802737,1.3489815189531904,0.8055525565516624,0.0,2.0407191050368123,-0.6744907594765952,0.0,1.3791262851246129,1.6487643705439712,0.0,1.7344048100901601,0.29118984329830616,-1.830416764325716,-3.8074976715873383,-0.8768379873196116,-3.5410764872521505,0.0,-0.630811269629532
train,long,UAV_0081,301,0.31889461449874895,-0.6725250992873255,0.0,0.35972840505502274,0.027997904905064777,-1.6711263593002232,2.8695647601215146,0.0,1.3166755047959777,0.6767169844225265,-1.6827679717199633,1.3489815189531904,0.8055525565516624,0.0,2.0407191050368123,-1.3489815189531904,0.0,1.393761826767001,1.6487643705439712,0.0,1.7344048100901601,0.29118984329830616,-1.830416764325716,-3.8074976715873383,-0.8768379873196116,-3.65530476103449,0.0,-0.814100914042637
train,long,UAV_0081,302,0.31889461449874895,-0.6725250992873255,0.0,0.044966050632102475,0.027997904905064777,-1.6711263593002232,2.8695647601215146,0.0,1.3166755047959777,0.6555217409828427,-1.5962947974280808,1.3489815189531904,0.8055525565516624,0.0,2.0565675402975283,-1.3489815189531904,0.0,1.3986684416900805,1.6487643705439712,0.0,1.8307606328732116,0.5808940241307654,-1.830416764325716,-3.936365087392612,-0.9442870632672837,-3.9381557246859704,0.0,-0.7404156431114246
train,long,UAV_0081,303,-0.3475289833629922,-0.6725250992873255,0.0,0.044966050632102475,0.027997904905064777,-2.004776372516827,2.8695647601215146,0.0,-0.47836866350608337,0.3716041890616988,-1.5755412355980116,1.264670174018598,0.6080186686912523,0.0,2.094790237102623,-1.3489815189531904,0.0,1.410970418821024,1.6487643705439712,0.0,1.8307606328732116,0.6626054597501542,-1.830416764325716,-4.13780388259604,-0.9442870632672837,-3.9381557246859704,0.0,-0.7025913301412663
train,long,UAV_0081,304,-1.0645154692897176,0.3062611419715017,0.0,0.044966050632102475,-0.04533014239289539,-1.6251056678221036,2.8695647601215146,0.0,-0.47836866350608337,0.3716041890616988,-1.5962947974280808,1.264670174018598,0.6080186686912523,0.0,2.1125031941586396,-1.3489815189531904,0.0,1.410970418821024,1.7120621166529364,0.0,1.8307606328732116,0.6967756964637417,-1.7937170941610103,-4.13780388259604,-0.9442870632672837,-3.8456852173384126,0.0,-0.7025913301412663
train,long,UAV_0081,305,-1.1957451313939234,0.3062611419715017,0.0,-0.17986420252751137,-0.2422460023019304,-1.8969153768648994,2.8695647601215146,0.0,-0.595180129652829,0.35784861094537945,-1.8263134410444843,1.2225145015513017,0.6080186686912523,0.0,2.1973389358482316,-1.3489815189531904,0.0,1.393761826767001,1.9537512093754432,0.0,1.8307606328732116,1.1766446729195914,-1.5258864946071704,-4.13780388259604,-0.9105625252934477,-3.9707923743380573,0.0,-0.7404156431114246
train,long,UAV_0081,306,-1.1957451313939234,0.3062611419715017,0.0,-0.17986420252751137,-0.04533014239289539,-1.6251056678221036,2.8695647601215146,0.0,-0.60024421420511,0.35784861094537945,-1.8643616377329024,1.2225145015513017,0.7078065964184944,0.0,2.1973389358482316,-1.3489815189531904,0.0,1.3789761307373067,1.7120621166529364,0.0,2.023472278439314,1.2330998466202512,-1.7937170941610103,-4.461944317417075,-0.8431134493457756,-3.9707923743380573,0.0,-0.7025913301412663
train,long,UAV_0081,307,-1.1957451313939234,0.3062611419715017,0.0,-0.35972840505502274,-0.04533014239289539,-1.8573663451258584,2.8695647601215146,0.0,-0.595180129652829,0.5086461761719814,-1.8643616377329024,1.2225145015513017,0.7078065964184944,0.0,2.2653939813793476,-1.3489815189531904,0.0,1.3736669161234636,1.9537512093754432,0.0,2.023472278439314,1.2330998466202512,-1.805755495174438,-4.4805455250973445,-0.8431134493457756,-4.04694455685964,0.0,-0.6773321136277963
train,long,UAV_0081,308,-1.1957451313939234,0.3062611419715017,0.0,-0.35972840505502274,0.4756028205959745,-1.6251056678221036,2.8695647601215146,0.0,-0.005672657793060071,0.8448637793939096,-1.8643616377329024,1.2225145015513017,0.8256841345878893,0.0,2.3054811999799627,-1.3489815189531904,0.0,1.3682637527519612,2.150381804438795,0.0,1.9271164556562628,1.2330998466202512,-1.805755495174438,-4.4805455250973445,-0.9105625252934477,-4.057823440077014,0.0,-0.6773321136277963
train,long,UAV_0081,309,-0.1317692648313266,-0.7700141098387869,0.0,0.08993210126375568,0.5566034202051494,-1.7797064282564927,2.8695647601215146,0.0,-0.005672657793060071,0.5086461761719814,-1.6654733368615915,1.2225145015513017,0.7078065964184944,0.0,2.3259909397290404,-1.3489815189531904,0.0,1.3294885045256584,2.150381804438795,0.0,2.023472278439314,1.2509277962099685,-2.3261072481298006,-4.4805455250973445,-0.9105625252934477,-4.182930597076727,0.0,-0.6773321136277963
train,long,UAV_0081,310,-0.039366716385646386,-0.7700141098387869,0.0,0.08993210126375568,0.5566034202051494,-1.7797064282564927,2.8695647601215146,0.0,-0.005672657793060071,0.5086461761719814,-1.6654733368615915,1.6019155537568235,0.8256841345878893,0.0,2.3259909397290404,-1.3489815189531904,0.0,1.3294885045256584,1.8791754076584684,0.0,1.9271164556562628,1.2330998466202512,-2.3261072481298006,-4.487235676784839,-1.1466342911102687,-4.4331449110760515,0.0,-0.6773321136277963
train,long,UAV_0081,311,-0.007590046335261151,-0.07308951615451904,0.0,-0.22483025315916458,0.5566034202051494,-1.7797064282564927,2.8695647601215146,0.0,-0.005672657793060071,0.3502676034608191,-1.390488642613421,1.6440712262241917,0.8237866346919968,0.0,2.4313364211676003,-1.3489815189531904,0.0,1.36912700374207,1.9305712949042577,0.0,1.9271164556562628,1.2509277962099685,-2.3261072481298006,-4.4805455250973445,-1.2140833670579092,-4.460342119119503,0.0,-0.6912561914202164
train,long,UAV_0081,312,0.24145627324106522,-0.07308951615451904,0.0,-0.22483025315916458,0.4987889790752941,-1.7797064282564927,2.8695647601215146,0.0,-0.1918820524698506,0.3502676034608191,-1.390488642613421,1.6019155537568235,0.8256841345878893,0.0,2.4313364211676003,-1.3489815189531904,0.0,1.3199732105008384,1.9305712949042577,0.0,2.216183924005417,1.1409887737401943,-2.491079436908385,-4.501274946414295,-1.2815324430055814,-4.460342119119503,0.0,-0.6912561914202164
train,long,UAV_0081,313,0.3292134724073961,-0.15714257830529887,0.0,-0.22483025315916458,0.4987889790752941,-1.7797064282564927,2.8695647601215146,0.0,-0.1918820524698506,-0.06981823150351359,-1.9179750057938438,1.6440712262241917,0.8317657253166838,0.0,2.4313364211676003,-1.3489815189531904,0.0,1.36912700374207,1.9305712949042577,0.0,2.312539746783704,1.377209105803576,-2.491079436908385,-4.501274946414295,-1.2140833670579092,-4.4331449110760515,0.0,-0.5567992376597227
train,long,UAV_0081,314,0.3292134724073961,-0.07308951615451904,0.0,-0.5395926075816356,0.23777866647406717,-1.7998404807782007,2.8695647601215146,0.0,-0.5408566583752428,0.3502676034608191,-1.9179750057938438,1.897005261027897,0.8317657253166838,0.0,2.4313364211676003,-1.3489815189531904,0.0,1.3819099571719955,2.486342297138354,0.0,2.312539746783704,1.31481128223964,-2.491079436908385,-4.652484242135045,-1.2140833670579092,-4.460342119119503,0.0,-0.6912561914202164
train,long,UAV_0081,315,0.3292134724073961,0.36203118810299123,0.0,-0.5845586582141874,0.4987889790752941,-1.7998404807782007,2.8695647601215146,0.0,-0.5408566583752428,0.5886653600145734,-1.7467581206959508,2.0234722784297134,0.8237866346919968,0.0,2.45650746540526,-1.3489815189531904,0.0,1.4028510288505236,2.610914542065443,0.0,2.312539746783704,1.31481128223964,-2.5616744421229845,-4.673183114825208,-1.2815324430055814,-4.601767600945226,0.0,-0.7638865232973536
train,long,UAV_0081,316,0.3292134724073961,-0.15714257830529887,0.0,-0.5395926075816356,0.23596335185642245,-1.7998404807782007,2.8695647601215146,0.0,-0.5408566583752428,1.0974670533315227,-1.9854240817415287,1.897005261027897,0.8317657253166838,0.0,2.5534625987646367,-1.3489815189531904,0.0,1.4034948051178862,2.644462976519444,0.0,2.312539746783704,1.31481128223964,-2.5616744421229845,-4.897834388502277,-1.3152569809794175,-4.683359225075444,0.0,-0.7638865232973536
train,long,UAV_0081,317,0.5814307102064207,0.36203118810299123,0.0,0.26979630379126707,0.23596335185642245,-1.7480672028652795,2.8695647601215146,0.0,0.25974497505169475,1.0974670533315227,-1.9854240817415287,1.897005261027897,0.4578391120671722,0.0,2.5534625987646367,-1.3489815189531904,0.0,1.4034948051178862,2.610914542065443,0.0,2.312539746783704,1.3861230805983975,-2.7859129989951485,-4.897834388502277,-1.3152569809794175,-4.732314199553609,0.0,-1.1764579632565857
train,long,UAV_0081,318,0.8607394553468253,0.36203118810299123,0.0,-0.5395926075816356,0.23596335185642245,-2.192454504951146,2.8695647601215146,0.0,-0.5408566583752428,1.0974670533315227,-1.9854240817415287,1.3911371914204145,0.4578391120671722,0.0,2.6681306891801397,-2.02347227842983,0.0,1.3819099571719955,2.610914542065443,0.0,2.312539746783704,1.31481128223964,-2.7859129989951485,-5.1765977600021875,-1.4501551328747302,-4.851981914944584,0.0,-1.1843071943560275
train,long,UAV_0081,319,0.8607394553468253,0.5290943353806722,0.0,-0.5845586582141874,0.46832871623489447,-1.7480672028652795,2.8695647601215146,0.0,-0.69359148189576,0.981080220012171,-1.9854240817415287,1.3489815189531904,0.9010927476330891,0.0,2.8415312161499253,-2.02347227842983,0.0,1.4034948051178862,2.6732109062954743,0.0,2.6016072151376224,0.8735695298948443,-2.7859129989951485,-4.985645097143994,-1.4501551328747302,-4.851981914944584,0.0,-1.1899814927534846
train,long,UAV_0081,320,0.9701091855693212,0.6099215278553664,0.0,-0.08993210126375568,0.23596335185642245,-1.7480672028652795,2.8695647601215146,0.0,-0.69359148189576,-0.4976655379213683,-1.9854240817415287,1.3489815189531904,0.9010927476330891,0.0,2.843395737945336,-2.02347227842983,0.0,1.367703190697105,2.686844143654104,0.0,2.6016072151376224,1.79319459622968,-2.7859129989951485,-4.985645097143994,-1.6187778227439105,-4.884618564596706,0.0,-1.4469352032694434
train,long,UAV_0081,321,0.8607394553468253,0.6099215278553664,0.0,-0.7644228607403509,0.46832871623489447,-1.7480672028652795,2.8695647601215146,0.0,-0.69359148189576,-1.069007901176735,-2.307104290107292,1.3911371914204145,0.15678520257519002,0.0,2.9235701751464567,-2.02347227842983,0.0,1.3604742542181556,2.686844143654104,0.0,2.6016072151376224,1.79319459622968,-2.7859129989951485,-5.065711197936827,-1.7874005126130592,-5.0097257215964195,0.0,-1.4469352032694434
train,long,UAV_0081,322,-1.4122791389372438,0.06610673575593957,0.0,-0.7644228607403509,0.46832871623489447,-1.6740026525176241,2.8695647601215146,0.0,-0.69359148189576,-0.4976655379213683,-1.9439169580814362,1.8548495885606007,0.9010927476330891,0.0,2.9422153931001236,-2.02347227842983,0.0,1.3597603398178881,2.7584421362527,0.0,2.6979630379159096,0.8735695298948443,-2.6965204927516657,-5.084836878813131,-1.7874005126130592,-5.123953995378655,0.0,-1.440110603861269
train,long,UAV_0081,323,-1.4122791389372438,0.6099215278553664,0.0,-0.7644228607403509,-0.27746186856497196,-1.6740026525176241,2.8695647601215146,0.0,-0.4925223503730128,-0.445037874730889,-1.8989509074496462,1.8548495885606007,0.42312133152915277,0.0,3.027983395687366,-2.02347227842983,0.0,1.357723544918534,2.7584421362527,0.0,2.6979630379159096,1.5049760778630676,-2.833354441084191,-5.084836878813131,-1.5176042088224022,-5.123953995378655,0.0,-1.319659666581883
train,long,UAV_0081,324,0.7805096862352514,0.5311843399744657,0.0,-0.26979630379126707,-0.27746186856497196,-1.9120159162561805,2.8695647601215146,0.0,0.5758248975485045,-0.5002627788808925,-1.9439169580814362,1.8548495885606007,0.42312133152915277,0.0,3.041035048254911,-2.6979630379064248,0.0,1.357723544918534,2.9412383328027296,0.0,2.7943188606989606,1.6773129238967037,-2.9703861533042004,-5.643868190957631,-1.5176042088224022,-5.3088950100739085,0.0,-1.440110603861269
train,long,UAV_0081,325,-1.0999340797387878,0.06610673575593957,0.0,-0.8093889113720042,-0.27746186856497196,-1.6740026525176241,2.8695647601215146,0.0,-0.4925223503730128,-0.5002627788808925,-2.455838149889313,2.107783623364306,1.0324695968895525,0.0,3.1985871399640904,-2.6979630379064248,0.0,1.3597603398178881,2.9422968762865014,0.0,2.7943188606989606,1.5049760778630676,-3.215235464176898,-5.643868190957631,-1.5176042088224022,-5.417683842247579,0.0,-1.440110603861269
train,long,UAV_0081,326,-1.0586356461574817,-0.4843208143731437,0.0,-0.26979630379126707,-0.27746186856497196,-1.9120159162561805,2.8695647601215146,0.0,-0.4925223503730128,-0.445037874730889,-2.448920295945987,2.149939295831602,1.0819418966066245,0.0,3.260116359211434,-2.6979630379064248,0.0,1.3802404594492192,2.9422968762865014,0.0,2.7943188606989606,1.5049760778630676,-3.215235464176898,-5.778419335912309,-1.5176042088224022,-5.477517699943083,0.0,-1.440110603861269
train,long,UAV_0081,327,-0.47302724366402554,0.27565844989014754,0.0,-0.08993210126375568,-0.27746186856497196,-2.2269700235597605,2.8695647601215146,0.0,0.571937304416157,-0.5002627788808925,-2.448920295945987,1.8126939160933047,1.0324695968895525,0.0,3.3617327970592825,-2.6979630379064248,0.0,1.3802404594492192,2.9422968762865014,0.0,2.890674683482012,1.5049760778630676,-3.215235464176898,-5.778419335912309,-1.5176042088224022,-5.51559379120384,0.0,-1.319659666581883
train,long,UAV_0081,328,-1.0586356461574817,0.27565844989014754,0.0,0.5395926075816356,-0.7396038245128722,-2.2269700235597605,2.8695647601215146,0.0,0.20661224737051986,-0.5002627788808925,-2.554417568582067,1.9813166059624174,1.0324695968895525,0.0,3.3617327970592825,-2.6979630379064248,0.0,1.389160775296377,2.9422968762865014,0.0,2.890674683482012,1.4544635540255726,-3.215235464176898,-5.778419335912309,-1.7199514366653872,-5.814763079681364,0.0,-1.335674594447549
train,long,UAV_0081,329,-1.0586356461574817,-0.2330294743356476,0.0,0.6295247088453912,-0.7399556218414951,-2.2269700235597605,2.8695647601215146,0.0,-0.4322281138912901,-0.39882713607777803,-2.448920295945987,1.9813166059624174,0.854023962472396,0.0,3.6087819349463057,-2.6979630379064248,0.0,1.3802404594492192,3.253343270967104,0.0,2.890674683482012,1.4544635540255726,-3.215235464176898,-5.953929411971146,-1.7199514366653872,-5.847399729333451,0.0,-1.335674594447549
train,long,UAV_0081,330,-0.47302724366402554,-0.2330294743356476,0.0,0.6295247088453912,-0.7396038245128722,-2.2269700235597605,2.8695647601215146,0.0,0.01045867882096705,-0.2016756857499806,-2.448920295945987,1.7283825711587122,0.854023962472396,0.0,3.6087819349463057,-2.6979630379064248,0.0,1.389160775296377,3.253343270967104,0.0,3.083386329048115,1.806565558421968,-3.343053910074314,-6.116504655025359,-1.9897477404560442,-5.847399729333451,0.0,-1.3085749404380582
train,long,UAV_0081,331,-0.47302724366402554,-0.19886236195481483,0.0,0.5395926075816356,-0.7396038245128722,-2.5699679897328105,2.8695647601215146,0.0,0.01045867882096705,-0.39882713607777803,-2.438543515030964,1.5176042088223032,0.854023962472396,0.0,3.6087819349463057,-2.02347227842983,0.0,1.389160775296377,3.4785357233986605,0.0,2.890674683482012,1.5866875134824563,-3.4530023960839595,-6.111317250733784,-1.9897477404560442,-5.847399729333451,0.0,-1.335674594447549
train,long,UAV_0081,332,-0.6387906620956246,-0.2330294743356476,0.0,0.314762354422471,-0.7133488368227082,-2.5699679897328105,2.8695647601215146,0.0,-0.3467353562221985,-0.2016756857499806,-2.438543515030964,1.7283825711587122,1.4270201898806119,0.0,3.6945499375335484,-2.02347227842983,0.0,1.389160775296377,3.4785357233986605,0.0,3.083386329048115,1.6268004000592458,-3.6184510461171193,-6.116504655025359,-1.9897477404560442,-5.939870236681043,0.0,-1.4948397565767304
train,long,UAV_0081,333,-0.6387906620956246,-0.2330294743356476,0.0,0.314762354422471,-0.7133488368227082,-2.7828136878192646,2.8695647601215146,0.0,-0.3467353562221985,0.3801419541951528,-2.3866596104558253,1.7283825711587122,1.4270201898806119,0.0,3.7392984606225252,-2.6979630379064248,0.0,1.373384445250515,3.344728438515501,0.0,3.468809620175556,1.806565558421968,-3.78363538834748,-6.116504655025359,-2.326993120194342,-6.010582977593921,0.0,-1.8492746524356731
train,long,UAV_0081,334,-0.6387906620956246,-0.19886236195481483,0.0,0.314762354422471,-0.27372551625251723,-2.7828136878192646,2.8695647601215146,0.0,-0.3467353562221985,0.33758538142070843,-2.2016070174712117,2.2342506407661946,1.5979914328646296,0.0,3.8427794202657846,-2.02347227842983,0.0,1.373384445250515,3.639794647304282,0.0,3.661521265741659,1.806565558421968,-3.928279618447786,-6.4673986939454124,-2.326993120194342,-6.266236733201984,0.0,-1.8492746524356731
train,long,UAV_0081,335,-0.6387906620956246,0.2549753747826863,0.0,0.6295247088453912,-0.7118644631292572,-2.874855070775569,2.8695647601215146,0.0,-0.3467353562221985,0.33758538142070843,-2.2016070174712117,2.360717658168011,1.5979914328646296,0.0,3.8427794202657846,-2.02347227842983,0.0,1.373384445250515,3.734478957683454,0.0,3.661521265741659,1.6268004000592458,-3.928279618447786,-6.4673986939454124,-2.225819506272865,-6.434859423071158,0.0,-1.8492746524356731
train,long,UAV_0081,336,-0.021721864814703985,0.2549753747826863,0.0,1.5738117721132536,0.21484085253216503,-2.7828136878192646,2.8695647601215146,0.0,0.07510147373753952,0.33758538142070843,-2.039037449802493,2.360717658168011,1.5979914328646296,0.0,3.997534729281903,-2.6979630379064248,0.0,1.373384445250515,3.7496278538046846,0.0,3.661521265741659,1.8882769940413937,-3.78363538834748,-6.4673986939454124,-2.360717658168178,-6.4620566311145415,0.0,-2.0656461801659316
train,long,UAV_0081,337,-0.021721864814703985,0.5818248248343378,0.0,1.5738117721132536,0.21484085253216503,-2.874855070775569,2.8695647601215146,0.0,0.07510147373753952,0.33758538142070843,-2.039037449802493,2.360717658168011,1.6678848029098354,0.0,4.214751518442905,-2.6979630379064248,0.0,1.373384445250515,4.138403448262934,0.0,3.7578770885294746,2.1690672000789943,-3.928279618447786,-6.4673986939454124,-2.360717658168178,-6.467496072723245,0.0,-1.8492746524356731
train,long,UAV_0081,338,-0.021721864814703985,0.5818248248343378,0.0,0.6295247088453912,0.21484085253216503,-2.5706870630371528,2.8695647601215146,0.0,0.07510147373753952,-0.39023184699564084,-2.4368140515451153,2.2342506407661946,1.6678848029098354,0.0,4.214751518442905,-2.6979630379064248,0.0,1.347142085413326,4.138403448262934,0.0,3.7578770885294746,2.1690672000789943,-3.7862338956600903,-6.4673986939454124,-2.225819506272865,-6.467496072723245,0.0,-1.9630364917502277
train,long,UAV_0081,339,-0.021721864814703985,0.5062095381863732,0.0,0.4946265569499824,0.21561477206511684,-2.5706870630371528,2.8695647601215146,0.0,0.5043426555430733,-0.6860601963416173,-2.66510323167567,2.2342506407661946,1.1448896390673882,0.0,4.1075415152089345,-2.6979630379064248,0.0,1.3756668670043886,3.9485744553382744,0.0,3.8542329113077614,1.8318218203406968,-3.7862338956600903,-6.838082416362764,-2.4956158100634904,-6.799302010852856,0.0,-1.9630364917502277
train,long,UAV_0081,340,-0.021721864814703985,0.5062095381863732,0.0,0.17986420252706212,0.21561477206511684,-2.5706870630371528,2.8695647601215146,0.0,0.5043426555430733,-0.6860601963416173,-2.6720210856190416,1.8548495885606007,1.6678848029098354,0.0,4.214751518442905,-2.6979630379064248,0.0,1.3474786519293251,3.9485744553382744,0.0,3.7578770885294746,2.090327089391151,-4.0825773420639075,-7.186351599477633,-2.4956158100634904,-6.799302010852856,0.0,-1.9630364917502277
train,long,UAV_0081,341,-0.07917673895667952,0.6910838157095015,0.0,-0.35972840505502274,0.005340131224412002,-2.5706870630371528,2.8695647601215146,0.0,0.14085749715222,-0.3376173286943211,-2.763682650368424,1.8548495885606007,0.7958545263422796,0.0,4.232464475498922,-2.6979630379064248,0.0,1.3474786519293251,4.282369327082578,0.0,4.143300379656916,2.090327089391151,-4.350823065657854,-7.358233208122899,-2.6305139619588034,-6.804741452461526,0.0,-1.6146862909187918
train,long,UAV_0081,342,-0.23283853605065402,0.5062095381863732,0.0,-0.6295247088453912,0.005340131224412002,-2.5706870630371528,5.739129520243029,0.0,1.3643423760572018,-0.6860601963416173,-2.7844362121984245,2.2342506407661946,0.7958545263422796,0.0,4.310774390904632,-2.6979630379064248,0.0,1.3693774939911079,4.282369327082578,0.0,4.143300379656916,1.8318218203406968,-4.0825773420639075,-7.358233208122899,-2.2595440442466694,-6.804741452461526,0.0,-1.9630364917502277
train,long,UAV_0081,343,-0.23283853605065402,-0.6652943341870825,0.0,-0.8093889113720042,0.24975874614894855,-2.5821922359066907,5.739129520243029,0.0,1.3643423760572018,-0.4185458668435497,-2.7844362121984245,2.2342506407661946,1.4039174537397479,0.0,4.336877696040052,-2.6979630379064248,0.0,1.3693774939911079,4.4669121229328175,0.0,4.143300379656916,1.8318218203406968,-4.350823065657854,-7.358233208122899,-2.6305139619588034,-6.995121908765448,0.0,-1.9935511171434779
train,long,UAV_0081,344,-0.23283853605065402,0.8005863040045551,0.0,-1.169117316427027,0.24975874614894855,-2.5821922359066907,5.739129520243029,0.0,0.14085749715222,-0.3376173286943211,-2.7844362121984245,2.2342506407661946,1.4039174537397479,0.0,4.336877696040052,-3.37245379738302,0.0,1.3693774939911079,4.4669121229328175,0.0,4.143300379656916,2.0650708274724963,-4.498224578539082,-7.4639113249680635,-2.6305139619588034,-7.288851755634267,0.0,-2.3449369591318447
train,long,UAV_0081,345,-0.23283853605065402,-0.6652943341870825,0.0,-1.169117316427027,0.24975874614894855,-2.5124421253851694,2.8695647601215146,0.0,0.14085749715222,-0.4185458668435497,-2.763682650368424,2.2342506407661946,1.1723676987761356,0.0,4.578333268540843,-2.6979630379064248,0.0,1.3693774939911079,4.556493858691778,0.0,4.143300379656916,2.0650708274724963,-4.769379256693232,-7.610411049673838,-2.6979630379064754,-7.3704433797644855,0.0,-2.3449369591318447
train,long,UAV_0081,346,0.3925670786186396,-0.6964883996800428,0.0,-1.461396645533896,0.4985395336271142,-2.727445043384625,4.304347140182272,0.0,0.4498205829669997,-0.8311587420695746,-2.66769742690442,2.5082625118035478,1.2881425762579417,0.0,4.444553829722738,-2.697963037906425,0.0,1.353959048260125,4.614349382809932,0.0,4.1914782910508235,1.8786201880136302,-4.788691590493465,-7.667832026724026,-2.815998920814886,-7.43027723745999,0.0,-2.392246769018849
train,long,UAV_0081,347,1.0179726932879332,-0.6652943341870825,0.0,-1.169117316427027,0.7473203211052798,-2.5124421253851694,2.8695647601215146,0.0,-0.4647012101232023,-0.4185458668435497,-2.5509586416104155,2.782274382840901,1.1723676987761356,0.0,4.578333268540843,-2.02347227842983,0.0,1.338540602529142,4.556493858691778,0.0,4.143300379656916,2.0650708274724963,-4.808003924293698,-7.610411049673838,-2.9340348037232964,-7.490111095155495,0.0,-2.4395565789058535
test,short,UAV_0183,1,0.45647201191447123,-0.5999233847139283,0.0,-1.2590494176907825,0.005817843796599502,0.30704430095578467,0.0,0.0,0.4346282965870849,0.580153472245645,0.43236587145936595,-0.3372453797382976,-0.5500942753803871,0.0,-1.4757690010385884,0.6744907594765952,0.0,-0.6819499329673678,0.4435704586563511,0.0,0.2890674683443898,0.124795647127872,1.4859649695266781,0.08289810010375881,-0.6407662215027907,0.1468649234343924,0.0,0.24977893568889442
test,short,UAV_0183,2,0.11298528967108276,0.7459766857293675,0.0,-0.60704168352934,-0.2550537803061003,0.37535626486865464,0.0,0.0,0.31426536206506966,0.657653895969182,0.4116123096292967,-0.2740118710373893,-0.5538122486464814,0.0,-1.4081800859562428,0.6744907594765952,0.0,-0.6758080862197495,0.6440570728286648,0.0,0.19271164556372056,0.025256261918747483,1.3626426090959125,0.19323420299075325,-0.539592607581314,0.1142282737823052,0.0,-0.19207759584841805
test,short,UAV_0183,3,0.1289180100301788,0.6284913164018163,0.0,-0.5845586582141874,-0.5159254044088002,0.30704430095578467,0.0,0.0,0.4346282965870849,0.580153472245645,0.3908587477992274,-0.3372453797382976,-0.5500942753803871,0.0,-1.3405911708738973,0.6744907594765952,0.0,-0.6696662394721313,0.4435704586563511,0.0,0.09635582278305135,0.124795647127872,1.239320248665147,0.19940131239445405,-0.47214353163364187,0.1468649234343924,0.0,0.20367809577186458
test,short,UAV_0183,4,0.1289180100301788,-0.46519883824052155,0.0,-0.5845586582141874,-0.9583029401005305,0.4436682287815246,0.0,0.0,0.4346282965870849,0.580153472245645,0.3528105511108323,-0.3372453797382976,-0.5575302219125755,0.0,-1.292113604194209,0.6744907594765952,0.0,-0.6515520695770487,0.36650082432292475,0.0,0.0,0.39815754083646093,1.275372758677059,0.19940131239445405,-0.505868069607478,0.16862268986910572,0.0,-0.6339341273857305
test,short,UAV_0183,5,-0.2305014325723057,0.6284913164018163,0.0,-0.5845586582141874,-1.0043077199109078,0.9168184630412364,0.0,0.0,0.6008638516553775,0.41317765815955876,0.3528105511108323,-0.29508970727100137,-0.5575302219125755,0.0,-1.292113604194209,0.0,0.0,-0.6218880800701871,0.29233880204657287,0.0,0.0,0.23919165699503853,0.9566798103953209,0.19940131239445405,-0.47214353163364187,0.16862268986910572,0.0,-0.6339341273857305
test,short,UAV_0183,6,-0.32290916359360333,0.6284913164018163,0.0,-0.5845586582141874,-1.0043077199109078,0.9168184630412364,0.0,0.0,0.21440156034748017,0.0349064999907013,0.23001864361633448,-0.3372453797382976,0.10895082867748596,0.0,-1.3405911708738973,0.0,0.0,-0.6218880800701871,0.3384466017798125,0.0,0.0,0.23919165699503853,0.9566798103953209,0.19940131239445405,-0.43841899365983733,0.29372984686881926,0.0,-0.36819792746454105
test,short,UAV_0183,7,-0.32290916359360333,0.25837161362124256,0.0,-0.6295247088453912,-1.0043077199109078,0.7758800953894115,0.0,0.0,0.21440156034748017,-0.06942321452370792,0.3528105511108323,-0.5901794145420027,0.10895082867748596,0.0,-1.143884121462083,0.0,0.0,-0.6515520695770487,0.3384466017798125,0.0,0.0,0.23919165699503853,0.9566798103953209,0.17150355601916248,-0.47214353163364187,0.29372984686881926,0.0,-0.17434256511565527
test,short,UAV_0183,8,-0.32290916359360333,0.25837161362124256,0.0,-1.3489815189545382,-0.9152174563374437,0.9168184630412364,0.0,0.0,0.21440156034748017,-0.3207250287650516,0.3528105511108323,-0.3372453797382976,0.1975139423994464,0.0,-1.527043350411228,0.0,0.0,-0.6625776429488175,0.32012447835868835,0.0,0.09635582278305135,0.06091216109812623,1.275372758677059,0.11891634993163154,-0.505868069607478,0.1414254818257227,0.0,-0.17434256511565527
test,short,UAV_0183,9,-0.35856448182743095,0.40895157688606565,0.0,-1.3489815189545382,-0.48184783646737117,0.7758800953894115,0.0,0.0,0.3865914946899619,-0.3207250287650516,0.326868598823286,-0.29508970727100137,0.33232824456692334,0.0,-1.5885725696586812,0.0,0.0,-0.6715279683765852,0.3384466017798125,0.0,0.3854232911322054,-0.005942649863201966,0.9566798103953209,-0.03867034239098838,-0.30352084176449307,0.1414254818257227,0.0,-0.17434256511565527
test,short,UAV_0183,10,-0.4384858080642346,0.25837161362124256,0.0,-1.3489815189545382,-0.2595641397407921,0.7758800953894115,0.0,0.0,0.21440156034748017,-0.3207250287650516,0.326868598823286,-0.29508970727100137,0.33232824456692334,0.0,-1.527043350411228,0.0,0.0,-0.6715279683765852,0.3384466017798125,0.0,0.1927116455661027,-0.005942649863201966,1.35341836942236,0.11891634993163154,-0.1686226898691488,0.2774115220427757,0.0,0.14745748667068972
test,short,UAV_0183,11,-0.21593839329647038,0.40895157688606565,0.0,-0.35972840505502274,-0.2595641397407921,0.7758800953894115,0.0,0.0,0.1346416114995642,-0.06942321452370792,0.326868598823286,-0.29508970727100137,0.5364069869245006,0.0,-1.5885725696586812,-0.6744907594765952,0.0,-0.6625776429488175,0.32012447835868835,0.0,0.1927116455661027,0.06091216109812623,0.8670017747646627,0.06631891769576788,-0.13489815189534426,0.2774115220427757,0.0,0.14745748667068972
test,short,UAV_0183,12,0.2780303092449293,0.40895157688606565,0.0,0.8093889113724534,-0.2595641397407921,0.7787563886067798,0.0,0.0,0.3865914946899619,0.47908892789460417,0.326868598823286,0.08431134493452042,0.5364069869245006,0.0,-1.6995116164833632,-0.6744907594765952,0.0,-0.6402677950920582,0.14077806071013776,0.0,0.2890674683443898,0.06091216109812623,1.35341836942236,-0.03867034239098838,-0.13489815189534426,0.2774115220427757,0.0,-0.27617053281628373
test,short,UAV_0183,13,-0.14582682774094985,-0.6037239469640155,0.0,0.8093889113724534,-0.2595641397407921,0.47746467408579674,0.0,0.0,-0.5256106574160586,0.47908892789460417,0.4496605063177148,0.04215567246729619,0.5364069869245006,0.0,-1.6995116164833632,-0.6744907594765952,0.0,-0.6402677950920582,0.1285926419758058,0.0,0.2890674683443898,-0.3833009161783262,1.0546519003859764,0.010780693601101433,0.13489815189531273,0.31004817169489735,0.0,-0.27617053281628373
test,short,UAV_0183,14,0.06627954684448664,-0.72279091127284,0.0,0.8093889113724534,0.28844586145916035,0.7787563886067798,0.0,0.0,-0.5256106574160586,0.47908892789460417,0.5638050963829923,-0.29508970727100137,0.1578559124200961,0.0,-1.5811144824771484,-0.6744907594765952,0.0,-0.6342424096318069,0.09692631374467664,0.0,0.2890674683443898,0.010399637260668367,1.0546519003859764,0.06631891769576788,0.13489815189531273,0.31004817169489735,0.0,0.06133702708106668
test,short,UAV_0183,15,0.06627954684448664,-0.6037239469640155,0.0,0.13489815189585816,0.28844586145916035,0.5695060570421012,0.0,0.0,0.2999831916754016,0.7648363195162681,0.5257568996945511,0.04215567246729619,-0.20471582158951618,0.0,-1.6995116164833632,-0.6744907594765952,0.0,-0.6342424096318069,0.1285926419758058,0.0,0.2890674683443898,-0.3833009161783262,1.0546519003859764,0.06631891769576788,-0.269796303790657,0.0652732993041744,0.0,-0.32295827034146546
test,short,UAV_0183,16,-0.05798941325313667,-0.6037239469640155,0.0,-1.169117316427027,0.28844586145916035,0.5695060570421012,0.0,0.0,0.2999831916754016,1.09877855636872,0.5257568996945511,0.04215567246729619,-0.20471582158951618,0.0,-1.5811144824771484,-0.6744907594765952,0.0,-0.6342424096318069,0.1285926419758058,0.0,0.09635582278305135,-0.3833009161783262,1.0969091574152638,0.19021510442540074,-0.269796303790657,0.0652732993041744,0.0,0.06133702708106668
test,short,UAV_0183,17,-0.05798941325313667,-0.4332538234564599,0.0,-1.169117316427027,0.22371170250791256,0.42425324956419136,0.0,0.0,-0.2308063956333042,1.09877855636872,0.4496605063177148,-0.08431134493459239,-0.37713617414532363,0.0,-1.5811144824771484,0.0,0.0,-0.6349405427146553,0.3190044554082369,0.0,0.09635582278305135,-0.17976515836272206,1.0969091574152638,0.2048359175020529,-0.269796303790657,0.15230436504309658,0.0,0.11081662888062062
test,short,UAV_0183,18,-0.05798941325313667,-0.4332538234564599,0.0,-0.26979630379126707,0.4701612210455791,0.42425324956419136,0.0,0.0,-0.2308063956333042,1.09877855636872,0.4721435316336098,-0.08431134493459239,-0.20471582158951618,0.0,-1.6519663107014353,0.0,0.0,-0.6349405427146553,0.3735566572900519,0.0,0.09635582278305135,0.010399637260668367,1.234718150413117,0.2186469037676392,-0.269796303790657,0.15230436504309658,0.0,0.24799638375057043
test,short,UAV_0183,19,-0.05798941325313667,-0.0795245043165854,0.0,-0.26979630379126707,0.4701612210455791,0.07550269695633942,0.0,0.0,-0.2308063956333042,-0.19494147029486733,0.4721435316336098,-0.04215567246729619,-0.3085499957186691,0.0,-1.6519663107014353,0.6744907594765952,0.0,-0.6716334289594911,0.3735566572900519,0.0,0.09635582278305135,0.15005190904660093,1.3612609773888351,0.2186469037676392,-0.269796303790657,0.15230436504309658,0.0,0.23991239405811693
test,short,UAV_0183,20,-0.1274368490453836,0.01307241904313561,0.0,-0.26979630379126707,0.22371170250791256,0.07550269695633942,0.0,0.0,-0.2308063956333042,-0.19494147029486733,0.3424337701958092,-0.08431134493459239,0.4498165559780278,0.0,-1.6519663107014353,0.6744907594765952,0.0,-0.6716334289594911,0.3190044554082369,0.0,0.2890674683443898,0.15005190904660093,1.3612609773888351,0.2048359175020529,-0.269796303790657,0.15230436504309658,0.0,0.23991239405811693
test,short,UAV_0183,21,-0.2695093953541836,0.01307241904313561,0.0,-0.26979630379126707,0.4701612210455791,-0.08988416304324567,0.0,0.0,-1.1997870329206384,-0.25227084373544745,0.4721435316336098,-0.29508970727100137,-0.2710811517880996,0.0,-1.6519663107014353,0.6744907594765952,0.0,-0.6716334289594911,0.3190044554082369,0.0,0.4817791139104925,0.15005190904660093,1.3612609773888351,0.0840154908892219,-0.13489815189534426,0.13054659860838327,0.0,0.23991239405811693
test,short,UAV_0183,22,-0.4377477958738555,-0.0795245043165854,0.0,-0.26979630379126707,0.4701612210455791,-0.08988416304324567,0.0,0.0,-0.20877148311776408,-0.25227084373544745,0.4721435316336098,-0.29508970727100137,0.1957879305336149,0.0,-1.6519663107014353,0.0,0.0,-0.6731145174163397,0.5977775863434635,0.0,0.6744907594765952,0.15005190904660093,1.4442787506481058,0.05723464256160414,-0.23607176581682093,0.07071274091287859,0.0,0.06988795823914438
test,short,UAV_0183,23,-0.4377477958738555,0.0492980101008881,0.0,0.5395926075816356,-0.7307581168953128,0.5292379519986854,0.0,0.0,-0.20877148311776408,0.014686556364278984,0.3579989415683554,-0.3372453797382976,0.1957879305336149,0.0,-1.2464328202075818,0.0,0.0,-0.6731145174163397,0.2522242766778334,0.0,0.4817791139104925,0.15005190904660093,1.4442787506481058,-0.06750260428082219,-0.10117361392150821,0.07071274091287859,0.0,-0.21594945772425125
test,short,UAV_0183,24,-0.4377477958738555,0.19865409988299243,0.0,0.5395926075816356,-0.7307581168953128,0.5292379519986854,0.0,0.0,0.1250916337153632,0.055843132019823896,0.3579989415683554,-0.3372453797382976,0.22606585535127582,0.0,-1.5578079600350097,0.0,0.0,-0.6619944328258625,0.3797692643421657,0.0,0.4817791139104925,0.38627224110994574,1.1948724934132158,-0.06750260428082219,-0.23607176581682093,0.11422827378233967,0.0,-0.5607521836028913
test,short,UAV_0183,25,-0.2695093953541836,0.3623633788982814,0.0,0.5395926075816356,-0.986256849348852,0.2897865416514776,0.0,0.0,-0.45007011000643427,0.055843132019823896,0.3579989415683554,-0.3794010522055938,0.1957879305336149,0.0,-1.2464328202075818,-1.3489815189531904,0.0,-0.6837791645076198,0.3797692643421657,0.0,0.4817791139104925,0.38627224110994574,1.1948724934132158,-0.02262688310679593,-0.23607176581682093,0.11422827378233967,0.0,-0.5607521836028913
test,short,UAV_0183,26,-0.48745682192772205,0.6588204888011266,0.0,0.314762354422471,-0.986256849348852,0.5292379519986854,0.0,0.0,0.1250916337153632,0.055843132019823896,0.3579989415683554,-0.42155672467288996,0.22606585535127582,0.0,-1.2464328202075818,0.0,0.0,-0.6837791645076198,0.28959056876935707,0.0,0.2890674683443898,0.38627224110994574,1.1948724934132158,-0.02262688310679593,-0.23607176581682093,0.11422827378233967,0.0,-0.3546058059914692
test,short,UAV_0183,27,0.24023814733004456,0.6588204888011266,0.0,-0.26979630379126707,-0.4825959239535674,0.2897865416514776,0.0,0.0,-0.45007011000643427,0.055843132019823896,0.6969737847924902,-0.3794010522055938,0.22606585535127582,0.0,-1.2464328202075818,-0.6744907594765952,0.0,-0.6619944328258625,0.28160687155592073,0.0,0.1927116455661027,0.38627224110994574,1.1948724934132158,0.13333566301228564,-0.40469445568600126,0.1414254818257227,0.0,-0.27579813184480667
test,short,UAV_0183,28,0.24023814733004456,0.6588204888011266,0.0,-0.26979630379126707,0.5003253926193759,0.2897865416514776,0.0,0.0,0.08870666721450214,-0.3505184205711705,0.6969737847924902,-0.3794010522055938,0.33279067357605613,0.0,-1.4067816946097125,-0.6744907594765952,0.0,-0.6619944328258625,0.28160687155592073,0.0,0.1927116455661027,-0.10102504767491573,1.1948724934132158,0.1740996350973285,-0.47214353163364187,0.1414254818257227,0.0,-0.3546058059914692
test,short,UAV_0183,29,-0.15513590729113577,0.6008831676432906,0.0,0.314762354422471,-0.4825959239535674,0.43719656904241355,0.0,0.0,-0.571561039098333,-0.3505184205711705,0.6969737847924902,-0.42155672467288996,0.03845519123579444,0.0,-1.1159162945313623,0.0,0.0,-0.6565692547880154,0.1904967529485703,0.0,0.2890674683443898,-0.10399637260653527,1.240431339611792,0.23834263231856026,-0.47214353163364187,0.16862268986910572,0.0,-0.27579813184480667
test,short,UAV_0183,30,-0.25885179906445505,0.16409143936839096,0.0,-0.40469445568667595,-0.4825959239535674,0.43719656904241355,0.0,0.0,-0.571561039098333,-0.15001436893072764,0.6969737847924902,-0.42155672467288996,0.33279067357605613,0.0,-1.4067816946097125,0.0,0.0,-0.6536789809651851,0.17370681062328525,0.0,0.3854232911322054,-0.10102504767491573,1.240431339611792,0.2038108796946508,-0.40469445568600126,0.29372984686881926,0.0,-0.13573943626939503
test,short,UAV_0183,31,-0.15513590729113577,0.13804579385004703,0.0,-0.17986420252751137,-0.4825959239535674,0.43719656904241355,0.0,0.0,-0.571561039098333,-0.13562266755795277,0.6935148578207928,-0.3794010522055938,-0.0014144950308854591,0.0,-1.4067816946097125,0.0,0.0,-0.6536789809651851,0.17370681062328525,0.0,0.3854232911322054,-0.10102504767491573,1.240431339611792,0.2346660782883977,-0.40469445568600126,0.29372984686881926,0.0,-0.1869110140672646
test,short,UAV_0183,32,-0.15513590729113577,0.16409143936839096,0.0,1.1691173164274762,0.019762327614495707,0.4738693075640539,0.0,0.0,0.06753885635758218,-0.13562266755795277,0.6935148578207928,-0.3794010522055938,0.5589264971668748,0.0,-1.2063456016069665,0.0,0.0,-0.6536789809651851,0.17370681062328525,0.0,0.3854232911322054,-0.10102504767491573,1.1918081481339102,0.2346660782883977,-0.40469445568600126,0.29372984686881926,0.0,-0.13573943626939503
test,short,UAV_0183,33,-0.07528809054895934,0.13605732128378228,0.0,0.044966050632102475,0.019762327614495707,0.43719656904241355,0.0,0.0,0.06753885635758218,-0.13562266755795277,0.6935148578207928,-0.3794010522055938,0.5589264971668748,0.0,-1.2063456016069665,0.0,0.0,-0.6536789809651851,0.2579742791131001,0.0,0.5781349366983082,-0.03714156164516996,1.240431339611792,0.22881466884627497,-0.20234722784301643,0.29372984686881926,0.0,-0.13573943626939503
test,short,UAV_0183,34,-0.007709455625152687,-0.28111035651818145,0.0,0.044966050632102475,0.019762327614495707,0.5313951719117441,0.0,0.0,0.06753885635758218,-0.09803480770400101,0.5620756328971436,-0.3794010522055938,0.5589264971668748,0.0,-1.3275395183063525,-0.6744907594765952,0.0,-0.6412444450683489,0.30284889484511446,0.0,0.3854232911322054,-0.03714156164516996,1.1918081481339102,0.2038108796946508,-0.13489815189534426,0.16862268986910572,0.0,0.05525869423774937
test,short,UAV_0183,35,0.15030221198819194,-0.5588297583735992,0.0,1.1241512657953736,0.49099563757536274,0.5313951719117441,0.0,0.0,0.06753885635758218,-0.09803480770400101,0.30784450047904244,-0.632335087009299,-0.060427992935148986,0.0,-1.3275395183063525,-0.6744907594765952,0.0,-0.6392210589733293,0.47429860868159956,0.0,0.2890674683443898,0.13222395945688373,1.545400767819442,0.13082781438040142,-0.13489815189534426,0.16862268986910572,0.0,-0.1869110140672646
test,short,UAV_0183,36,-0.007709455625152687,-0.7565747152223564,0.0,1.1241512657953736,0.019762327614495707,0.4055573436512002,0.0,0.0,0.06753885635758218,-0.18946498475118737,0.8664612064045806,-0.632335087009299,0.37809621309441654,0.0,-1.3583041279299142,-0.6744907594765952,0.0,-0.6392210589733293,0.6820572062067393,0.0,0.1927116455661027,0.26593358137954015,1.2038751876232598,0.13082781438040142,-0.13489815189534426,0.271972080434106,0.0,0.05525869423774937
test,short,UAV_0183,37,0.48085552917063434,-0.7565747152223564,0.0,0.719456810109147,0.0003314536140728674,0.4055573436512002,0.0,0.0,0.4755670147637826,-0.18946498475118737,0.4081533826576223,-0.632335087009299,-0.060427992935148986,0.0,-1.5093303933552114,0.0,0.0,-0.6392210589733293,0.6820572062067393,0.0,0.1927116455661027,0.26593358137954015,1.2038751876232598,0.13082781438040142,-0.06744907594767213,0.217577664347271,0.0,-0.09308327436339257
test,short,UAV_0183,38,0.49344265820402894,-0.5588297583735992,0.0,0.719456810109147,0.0003314536140728674,0.4055573436512002,0.0,0.0,-0.20361175796806869,-0.18946498475118737,0.30784450047904244,-0.5480237420747066,-0.060427992935148986,0.0,-1.4953464798899059,-0.6744907594765952,0.0,-0.6392210589733293,0.6820572062067393,0.0,0.1927116455661027,0.26593358137954015,1.049931026981691,0.13082781438040142,-0.13489815189534426,0.217577664347271,0.0,0.05525869423774937
test,short,UAV_0183,39,0.48085552917063434,0.4594038887211811,0.0,0.5395926075816356,-0.004522331141618157,-0.4983177999118141,0.0,0.0,0.4755670147637826,-0.18946498475118737,0.30784450047904244,-0.5480237420747066,0.37809621309441654,0.0,-1.4953464798899059,-0.6744907594765952,0.0,-0.6357522497802309,0.6557039614718819,0.0,0.2890674683443898,0.26593358137954015,1.0712463049461163,0.13438244580864714,-0.06744907594767213,0.217577664347271,0.0,0.11251549627472512
test,short,UAV_0183,40,-0.46843472846676515,0.5708127687093401,0.0,0.4946265569499824,-0.004522331141618157,-0.4983177999118141,0.0,0.0,0.4755670147637826,0.103250771886477,0.3631873320258324,-0.5480237420747066,0.37809621309441654,0.0,-1.4953464798899059,0.0,0.0,-0.6415792259688211,0.6376666451996458,0.0,0.3854232911322054,0.6447775101604741,1.0712463049461163,0.2851814725836307,-0.033724537973836066,0.217577664347271,0.0,0.11251549627472512
test,short,UAV_0183,41,-0.46843472846676515,0.5708127687093401,0.0,0.5395926075816356,-0.5213840830161471,0.07909806347804967,0.0,0.0,0.5275160762323957,0.6234131494631165,0.3631873320258324,-0.5901794145420027,-0.023462899761614794,0.0,-1.4953464798899059,-0.6744907594765952,0.0,-0.6462841375349706,0.48495845536814286,0.0,0.7708465822596466,0.658148472352762,1.0712463049461163,0.2851814725836307,-0.06744907594767213,0.18494101469521826,0.0,-0.09308327436339257
test,short,UAV_0183,42,-0.46843472846676515,0.4594038887211811,0.0,0.44966050631877846,0.21673961033866473,-0.34371703947739235,0.0,0.0,-0.20361175796806869,0.6234131494631165,0.3631873320258324,-0.632335087009299,-0.023462899761614794,0.0,-1.339658909976247,-0.6744907594765952,0.0,-0.6490236577641884,0.30985502891255756,0.0,0.3854232911322054,0.6447775101604741,1.2706750838203413,0.2851814725836307,-0.033724537973836066,0.18494101469521826,0.0,0.008675131776329387
test,short,UAV_0183,43,-0.46843472846676515,0.36385360949716195,0.0,0.44966050631877846,0.24228306801141233,0.07909806347804967,0.0,0.0,0.8253204989935845,0.6234131494631165,0.4963560204353304,-0.632335087009299,-0.023462899761614794,0.0,-1.339658909976247,-0.6744907594765952,0.0,-0.6682399726963685,0.30985502891255756,0.0,0.3854232911322054,0.658148472352762,1.410301164438418,0.29337818687553324,0.033724537973836066,0.18494101469521826,0.0,0.008675131776329387
test,short,UAV_0183,44,-0.36064345812357396,-0.12361512468980489,0.0,0.44966050631877846,0.24228306801141233,0.07909806347804967,0.0,0.0,0.5730608619857046,-0.30651554573705264,0.6710318325049439,-0.843113449345708,-0.06790940837746305,0.0,-1.4543270003917503,-0.6744907594765952,0.0,-0.6726385729928414,0.10288219955565855,0.0,0.4817791139104925,0.658148472352762,1.410301164438418,0.29337818687553324,-0.033724537973836066,0.2774115220427757,0.0,-0.15374743802930874
test,short,UAV_0183,45,0.3688100686031131,-1.4882081549776696,0.0,0.4046944556862267,-0.5213840830161471,0.07909806347804967,0.0,0.0,0.7582645213539786,-0.30651554573705264,0.6710318325049439,-0.5901794145420027,-0.21836747452159413,0.0,-1.4543270003917503,-0.6744907594765952,0.0,-0.687845895818762,0.10288219955565855,0.0,0.4817791139104925,0.4947256011139103,1.2706750838203413,0.29337818687553324,-0.033724537973836066,0.18494101469521826,0.0,-0.13106443146025387
test,short,UAV_0183,46,0.3688100686031131,-1.4882081549776696,0.0,-0.719456810109147,-0.07477993303014638,0.5932354760855194,0.0,0.0,0.5730608619857046,-0.35275168328982615,0.4963560204353304,-0.1264670174018886,-0.26105077212748934,0.0,-1.4543270003917503,-0.6744907594765952,0.0,-0.6726385729928414,0.16118829233296142,0.0,0.4817791139104925,0.36992995398607537,1.2369321518681842,0.21031647569729056,0.033724537973836066,0.13054659860838327,0.0,-0.12968022792109918
test,short,UAV_0183,47,-0.1259811237265154,-0.12361512468980489,0.0,0.08993210126375568,-0.07477993303014638,0.5932354760855194,0.0,0.0,0.5730608619857046,-0.30651554573705264,0.6710318325049439,-0.1264670174018886,-0.21836747452159413,0.0,-1.4543270003917503,-0.6744907594765952,0.0,-0.6822678369689206,0.16118829233296142,0.0,0.5781349366983082,0.36992995398607537,1.2369321518681842,0.29653215244352615,-0.033724537973836066,0.13054659860838327,0.0,-0.13106443146025387
test,short,UAV_0183,48,0.40792476311923836,-0.052775732221322764,0.0,-0.719456810109147,-0.07477993303014638,0.4364774957380715,0.0,0.0,0.3019971186788534,-0.4355763804651026,0.4392837254026917,-0.1264670174018886,-0.21836747452159413,0.0,-1.289316821501148,-0.6744907594765952,0.0,-0.6726385729928414,0.16118829233296142,0.0,0.5781349366983082,0.10102504767491573,1.1122585744501023,0.21031647569729056,-0.033724537973836066,0.13054659860838327,0.0,-0.13106443146025387
test,short,UAV_0183,49,-0.1259811237265154,-0.052775732221322764,0.0,-0.9442870632678623,-0.07477993303014638,0.5932354760855194,0.0,0.0,0.3019971186788534,0.9362619526445595,0.4392837254026917,-0.1264670174018886,0.05724714912256866,0.0,-1.1951584708347223,-0.6744907594765952,0.0,-0.6684929129697442,0.2537118841750413,0.0,0.5781349366983082,0.09656806027752353,1.2369321518681842,0.34458526920755134,-0.23607176581682093,0.13054659860838327,0.0,-0.12968022792109918
test,short,UAV_0183,50,-0.4386404729507993,-0.052775732221322764,0.0,-0.719456810109147,-0.07477993303014638,0.4364774957380715,0.0,0.0,0.3019971186788534,0.6689395783719999,0.4392837254026917,-0.21077836233648098,0.3921517188423914,0.0,-1.1951584708347223,0.6744907594765952,0.0,-0.6684929129697442,0.33534976169093345,0.0,0.4817791139104925,0.10102504767491573,1.2369321518681842,0.19551183313531648,-0.23607176581682093,0.1577438066517663,0.0,-0.12968022792109918
test,short,UAV_0183,51,-0.1259811237265154,-0.4892114861005248,0.0,-0.719456810109147,-0.43728021501401687,0.054649571130289454,0.0,0.0,-0.8504337529696342,0.8870862168356776,0.44101318888851737,-0.5058680696074823,0.44255241959713676,0.0,-1.1951584708347223,0.6744907594765952,0.0,-0.6643499559330716,0.33534976169093345,0.0,0.4817791139104925,0.36992995398607537,1.242320578974386,0.3837842745301828,-0.40469445568600126,0.17950157308658302,0.0,-0.0901942218356412
test,short,UAV_0183,52,0.06468475936332631,-0.4892114861005248,0.0,-0.719456810109147,-0.9964054223143733,0.054649571130289454,0.0,0.0,0.4848410425497034,0.6689395783719999,0.4392837254026917,-0.5901794145420027,0.44038039145182944,0.0,-1.2361779503328778,0.6744907594765952,0.0,-0.6282577987702227,0.33534976169093345,0.0,0.09635582278305135,0.10102504767491573,1.1188476615135072,0.3837842745301828,-0.40469445568600126,0.20669878112993156,0.0,-0.0901942218356412
test,short,UAV_0183,53,0.06468475936332631,-0.8473356388784702,0.0,-0.719456810109147,-0.9964054223143733,-0.045301618173810176,0.0,0.0,0.4848410425497034,0.8870862168356776,0.43236587145936595,-0.5901794145420027,0.44038039145182944,0.0,-1.2361779503328778,0.6744907594765952,0.0,-0.6643499559330716,0.46358903641217225,0.0,0.09635582278305135,0.3595303167254441,1.1616951926577885,0.3837842745301828,-0.40469445568600126,0.20669878112993156,0.0,-0.0901942218356412
test,short,UAV_0183,54,0.06468475936332631,-0.4892114861005248,0.0,0.26979630379126707,-0.43728021501401687,-0.045301618173810176,0.0,0.0,0.48571635373275057,0.6689395783719999,0.39258821128509913,-0.6744907594765952,0.44038039145182944,0.0,-1.418901086279607,0.0,0.0,-0.6602526175230623,0.5571678048856442,0.0,0.09635582278305135,0.3595303167254441,1.1616951926577885,0.19551183313531648,-0.40469445568600126,0.1577438066517663,0.0,-0.2081963483914506
test,short,UAV_0183,55,0.06468475936332631,-0.22371615350808582,0.0,0.4046944556862267,-0.04803224510021423,0.19990237860819926,0.0,0.0,0.1746098100981638,0.1910532920870653,0.17813473904121885,-0.6744907594765952,0.44038039145182944,0.0,-1.4524624785963398,0.0,0.0,-0.6316216925137326,0.5571678048856442,0.0,-0.1927116455661027,0.3595303167254441,1.2511246835888634,0.3837842745301828,-0.40469445568600126,0.20669878112993156,0.0,-0.2081963483914506
test,short,UAV_0183,56,-0.6956276420177109,-0.22371615350808582,0.0,0.26979630379126707,-0.0024346745992067384,0.3451551860861417,0.0,0.0,0.1746098100981638,-1.4806848620597972,0.17813473904121885,-0.6744907594765952,0.16250744145308554,0.0,-1.5447563074673547,0.0,0.0,-0.6602526175230623,0.14774481784400753,0.0,0.09635582278305135,0.3595303167254441,1.390099161219857,0.06483440000525045,-0.13489815189534426,0.081591624130218,0.0,-0.2081963483914506
test,short,UAV_0183,57,-0.6956276420177109,-0.1654959118891803,0.0,0.26979630379126707,0.232094748952216,0.4983177999118467,0.0,0.0,0.1746098100981638,-1.4806848620597972,0.43236587145936595,-0.5901794145420027,0.16250744145308554,0.0,-1.5447563074673547,-0.6744907594765952,0.0,-0.6602526175230623,0.06213514901538661,0.0,0.2890674683443898,0.3595303167254441,1.390099161219857,0.06483440000525045,-0.13489815189534426,0.081591624130218,0.0,-0.2081963483914506
test,short,UAV_0183,58,-0.6956276420177109,-0.1654959118891803,0.0,1.259049417691232,0.232094748952216,0.5867638163464083,0.0,0.0,0.1746098100981638,-1.4806848620597972,0.43409533494519165,-0.5901794145420027,0.5754788580502129,0.0,-1.5447563074673547,-0.6744907594765952,0.0,-0.6437768738651427,0.06213514901538661,0.0,0.3854232911322054,0.2897041808324964,1.390099161219857,0.08290567627712986,-0.269796303790657,0.17406213147780988,0.0,-0.3039609289931904
test,short,UAV_0183,59,0.14605396906738646,-0.5730349474503647,0.0,1.259049417691232,0.232094748952216,0.7126016446069522,0.0,0.0,-0.813306600613037,-0.6836422204818781,0.520568509237051,-0.5901794145420027,0.5754788580502129,0.0,-1.5447563074673547,-0.6744907594765952,0.0,-0.6437768738651427,-0.03635294162615528,0.0,0.3854232911322054,0.2897041808324964,1.390099161219857,0.24701787278443105,-0.7419398354242989,0.17406213147780988,0.0,-0.3039609289931904
test,short,UAV_0183,60,0.14605396906738646,-0.5730349474503647,0.0,0.8093889113724534,0.24178496056691634,0.7126016446069522,0.0,0.0,-0.813306600613037,-0.5044207022961653,0.6329836358165027,-0.5901794145420027,0.2415561070437102,0.0,-1.5037368279691992,-0.6744907594765952,0.0,-0.6850982768443796,0.06213514901538661,0.0,0.3854232911322054,0.2897041808324964,1.390099161219857,0.24701787278443105,-0.269796303790657,0.081591624130218,0.0,-0.14637083576478435
test,short,UAV_0183,61,0.17727380558265304,-0.5730349474503647,0.0,0.8093889113724534,0.24178496056691634,1.019645945562737,0.0,0.0,-0.6067190181818622,-0.5044207022961653,0.520568509237051,-0.5901794145420027,0.5472190620058193,0.0,-1.146680904155034,-0.6744907594765952,0.0,-0.6437768738651427,0.07179661315890862,0.0,0.2890674683443898,-0.39370055343899457,1.2965115668989515,0.24701787278443105,-0.47214353163364187,-0.027197208043383023,0.0,-0.3039609289931904
test,short,UAV_0183,62,0.14605396906738646,-0.8504653181292797,0.0,0.4946265569499824,-0.7473185850628176,1.019645945562737,0.0,0.0,-0.9795447612026921,-0.5044207022961653,0.8681906698904063,-0.3794010522055938,0.2415561070437102,0.0,-1.146680904155034,0.0,0.0,-0.6429370121360491,0.24865519766295996,0.0,0.2890674683443898,-0.39370055343899457,1.398290306849752,0.24701787278443105,-0.269796303790657,-0.027197208043383023,0.0,-0.14637083576478435
test,short,UAV_0183,63,-0.3235931858987994,-0.8504653181292797,0.0,0.4946265569499824,0.2504760469785364,0.6097741620854844,0.0,0.0,-0.6067190181818622,0.10193053141610149,0.520568509237051,-0.6744907594765952,0.2415561070437102,0.0,-1.2473650811052321,0.0,0.0,-0.6731699639949315,0.2940541485922063,0.0,0.1927116455661027,-0.39370055343899457,1.398290306849752,0.16258230402171917,-0.3709699177121652,-0.027197208043383023,0.0,0.05933643574204441
test,short,UAV_0183,64,-0.3235931858987994,-0.3547109149411054,0.0,0.35972840505502274,0.5013504442897728,0.6097741620854844,0.0,0.0,-0.6067190181818622,0.9189110655834445,0.7955532034852214,-0.6744907594765952,0.48284592735374027,0.0,-1.146680904155034,0.0,0.0,-0.6429370121360491,0.5456260317846364,0.0,0.1927116455661027,-0.539295475088092,0.9067495907609376,0.12094501117173888,-0.3709699177121652,0.027197208043383023,0.0,-0.14637083576478435
test,short,UAV_0183,65,0.17727380558265304,-0.8504653181292797,0.0,-0.8993210126357598,0.47400602688819143,0.7226686708677899,0.0,0.0,0.08637114727364328,0.38639726791926504,0.42890694448769157,-0.6744907594765952,0.48284592735374027,0.0,-1.2473650811052321,-0.6744907594765952,0.0,-0.5992576561472458,0.5456260317846364,0.0,0.3854232911322054,-0.539295475088092,0.879961911278935,0.12094501117173888,-0.47214353163364187,0.032636649652052735,0.0,-0.45338351244612496
test,short,UAV_0183,66,0.30850587629874765,-0.40445371989966106,0.0,-0.8093889113720042,0.47400602688819143,0.6097741620854844,0.0,0.0,-1.163860188216786,0.38639726791926504,0.42890694448769157,-0.632335087009299,0.1289375204112467,0.0,-1.3946623029398177,0.0,0.0,-0.6429370121360491,0.7036028422945934,0.0,0.4817791139104925,0.0668548109613653,0.879961911278935,0.12094501117173888,-0.5733171455551501,0.0652732993041744,0.0,0.08007389313623396
test,short,UAV_0183,67,0.30850587629874765,-0.3050497436790457,0.0,-0.8093889113720042,0.5013504442897728,0.5982689892159463,0.0,0.0,0.7240009938604792,0.37450611049634486,0.42890694448769157,-0.6744907594765952,0.48284592735374027,0.0,-1.3946623029398177,-0.6744907594765952,0.0,-0.6507590216182055,0.7036028422945934,0.0,0.4817791139104925,0.0668548109613653,0.879961911278935,0.12094501117173888,-0.5733171455551501,0.18494101469521826,0.0,-0.6294691335440245
test,short,UAV_0183,68,0.30850587629874765,-0.3050497436790457,0.0,-0.8093889113720042,0.47400602688819143,0.5982689892159463,0.0,0.0,-0.6648304932560809,0.37450611049634486,0.7696112511976521,-0.632335087009299,0.6362545873645793,0.0,-1.3946623029398177,-0.6744907594765952,0.0,-0.6140192043659749,0.5017849487608408,0.0,0.4817791139104925,0.3892435660416024,0.9059643269900033,0.2798047321427648,-0.5733171455551501,0.22845654756464487,0.0,-0.8015551931822836
test,short,UAV_0183,69,-0.508283043339534,-0.3050497436790457,0.0,-0.04496605063165321,-0.7315979535423208,0.5982689892159463,0.0,0.0,0.7240009938604792,-0.2519792529405417,0.42890694448769157,-0.5480237420747066,0.5570108445507804,0.0,-1.4571237830848114,-0.6744907594765952,0.0,-0.6140192043659749,0.3777040897481297,0.0,0.4817791139104925,0.3892435660416024,1.0077143254445482,0.2798047321427648,-0.33724537973832913,0.18494101469521826,0.0,-0.6294691335440245
test,short,UAV_0183,70,-0.508283043339534,-0.3050497436790457,0.0,0.17986420252706212,-0.7315979535423208,0.5982689892159463,0.0,0.0,0.21647422007902717,-0.2519792529405417,0.7696112511976521,-0.04215567246729619,0.5570108445507804,0.0,-1.3946623029398177,0.0,0.0,-0.6507590216182055,0.24370052376698167,0.0,0.4817791139104925,0.5600947496094287,1.1458136167913109,0.15083616976849248,-0.23607176581682093,0.24477487239072296,0.0,-0.3427578551388327
test,short,UAV_0183,71,-0.508283043339534,-0.264859380122999,0.0,0.17986420252706212,-0.7315979535423208,0.4983177999118467,0.0,0.0,0.7240009938604792,-0.2519792529405417,0.7696112511976521,-0.04215567246729619,0.5570108445507804,0.0,-1.4571237830848114,-0.6744907594765952,0.0,-0.6531350366304386,0.23072106413015675,0.0,0.0,0.5600947496094287,1.1458136167913109,0.15083616976849248,0.033724537973836066,0.31004817169489735,0.0,-0.5089515383512557
test,short,UAV_0183,72,-0.3131766077731276,-0.264859380122999,0.0,0.08993210126375568,-0.7315979535423208,0.26246175608631656,0.0,0.0,1.0892057140463884,-0.5111081328629576,0.4773319220911098,-0.04215567246729619,0.4379804558745457,0.0,-1.3760170849860407,0.0,0.0,-0.626566396608611,0.24370052376698167,0.0,0.09635582278305135,0.5496951123487974,1.2976215889038132,-0.013865429200890874,0.033724537973836066,0.3209270549123057,0.0,-0.3427578551388327
test,short,UAV_0183,73,-0.16003994757979426,-0.264859380122999,0.0,0.17986420252706212,0.22451511282019135,0.26246175608631656,0.0,0.0,1.0892057140463884,0.003764549283716706,0.29054986562067053,-0.21077836233648098,0.22622449226465063,0.0,-1.485091610015312,0.0,0.0,-0.6741004296830011,0.24370052376698167,0.0,0.09635582278305135,-0.3357597172724879,1.2976215889038132,-0.013865429200890874,-0.23607176581682093,0.31004817169489735,0.0,-0.3427578551388327
test,short,UAV_0183,74,-0.056803783144018107,0.24066535027948413,0.0,0.08993210126375568,0.22451511282019135,0.12296153504317575,0.0,0.0,1.0892057140463884,0.003764549283716706,0.4548488967752379,-0.29508970727100137,0.15995658847370617,0.0,-1.485091610015312,0.0,0.0,-0.6741004296830011,0.23072106413015675,0.0,0.09635582278305135,-0.33130272987502146,1.2976215889038132,-0.013865429200890874,-0.033724537973836066,0.3209270549123057,0.0,-0.2619521071028149
test,short,UAV_0183,75,-0.056803783144018107,0.5104253490100558,0.0,0.044966050632102475,-0.21108355116427907,0.12296153504317575,0.0,0.0,1.0892057140463884,-0.1062727387100325,0.4081533826576223,-0.5058680696074823,-0.13807200308767267,0.0,-1.485091610015312,-0.6744907594765952,0.0,-0.626566396608611,0.25848531363264865,0.0,0.09635582278305135,-0.33130272987502146,1.229865550742433,0.05059332319673344,-0.23607176581682093,0.3209270549123057,0.0,-0.2619521071028149
test,short,UAV_0183,76,-0.056803783144018107,0.24066535027948413,0.0,0.08993210126375568,-0.21108355116427907,0.17689203286912314,0.0,0.0,0.8594652746790362,-0.31026647506666816,0.4548488967752379,-0.632335087009299,0.008340269633295686,0.0,-1.08328716311228,0.0,0.0,-0.605203059336381,0.25848531363264865,0.0,0.1927116455661027,-0.33130272987502146,1.229865550742433,0.28103472899531134,-0.30352084176449307,0.2502143139994271,0.0,-0.253131917421643
test,short,UAV_0183,77,-0.056803783144018107,0.5104253490100558,0.0,-0.40469445568667595,-0.2704685143422389,0.17689203286912314,0.0,0.0,0.7420832225550535,-0.31026647506666816,0.4548488967752379,-0.843113449345708,-0.34836977347586795,0.0,-1.08328716311228,0.0,0.0,-0.605203059336381,0.2840999036289966,0.0,0.2890674683443898,-0.33130272987502146,0.9729540773138042,0.29823716386049975,-0.23607176581682093,0.1577438066517663,0.0,-0.253131917421643
test,short,UAV_0183,78,-0.056803783144018107,0.5104253490100558,0.0,-0.40469445568667595,-0.2704685143422389,0.4314439826076445,0.0,0.0,0.7420832225550535,-0.6393197991795008,0.4548488967752379,-0.843113449345708,-0.34836977347586795,0.0,-1.08328716311228,0.0,0.0,-0.605203059336381,0.2840999036289966,0.0,0.3854232911322054,0.043084211508409034,1.229865550742433,0.28103472899531134,-0.13489815189534426,0.2502143139994271,0.0,-0.24244368277805917
test,short,UAV_0183,79,-0.008757841573195264,-0.49671412069446186,0.0,0.17986420252706212,-0.2704685143422389,0.4314439826076445,0.0,0.0,-1.0232104358195067,-0.31026647506666816,0.6987032482783159,-0.843113449345708,-0.34836977347586795,0.0,-0.9275995931986211,0.0,0.0,-0.612626679949545,0.2840999036289966,0.0,0.2890674683443898,0.043084211508409034,0.9729540773138042,0.2970574929073614,-0.30352084176449307,0.135986040217053,0.0,-0.24244368277805917
test,short,UAV_0183,80,-0.621645897825959,-0.9901425949867256,0.0,0.17986420252706212,0.2456588494785549,0.4314439826076445,0.0,0.0,-1.0232104358195067,-0.31026647506666816,0.7142684196508621,-0.7588021044111876,-0.2726103379378653,0.0,-0.906157592551783,0.0,0.0,-0.6492853948666046,0.2273807248547724,0.0,0.4817791139104925,0.043084211508409034,0.9729540773138042,0.28103472899531134,-0.13489815189534426,0.2502143139994271,0.0,-0.24244368277805917
test,short,UAV_0183,81,-0.2750663115997957,-0.49671412069446186,0.0,0.13489815189585816,0.2456588494785549,0.4213769563468232,0.0,0.0,-1.146261298318881,1.0150565250084715,0.6987032482783159,-0.7588021044111876,-0.2726103379378653,0.0,-0.9275995931986211,-0.6744907594765952,0.0,-0.6492853948666046,0.2273807248547724,0.0,0.4817791139104925,-0.48581162631905167,1.301349995474471,0.2970574929073614,-0.13489815189534426,0.3916397958251498,0.0,-0.24244368277805917
test,short,UAV_0183,82,0.15323876940640066,-0.49671412069446186,0.0,0.13489815189585816,0.4529588978414855,0.4213769563468232,0.0,0.0,-1.0232104358195067,1.0150565250084715,1.0255718471016249,-0.5058680696074823,-0.2726103379378653,0.0,-1.3098265612502258,-0.6744907594765952,0.0,-0.6606348163493456,0.1842061747803762,0.0,0.3854232911322054,-0.48581162631905167,1.301349995474471,0.14051405260436736,-0.1686226898691488,0.3916397958251498,0.0,-0.24244368277805917
test,short,UAV_0183,83,0.2727552570404935,0.22427504270524198,0.0,0.13489815189585816,0.2456588494785549,0.41850066312942236,0.0,0.0,0.7618409422973427,1.0150565250084715,1.0255718471016249,-0.29508970727100137,-0.2726103379378653,0.0,-1.0581161188747306,-0.6744907594765952,0.0,-0.6606348163493456,0.1842061747803762,0.0,0.2890674683443898,-0.48581162631905167,1.094904336751336,0.2970574929073614,-0.505868069607478,0.435155328694542,0.0,-0.21485546556852866
test,short,UAV_0183,84,0.2727552570404935,1.0920975584463921,0.0,-0.22483025315916458,-0.9267023188022832,0.4213769563468232,0.0,0.0,0.7618409422973427,0.840459818450401,0.6952443213066645,-0.29508970727100137,-0.048966674668240256,0.0,-1.3098265612502258,-0.6744907594765952,0.0,-0.6645279825207115,0.1842061747803762,0.0,0.3854232911322054,0.7487738827670094,1.1676812219123833,0.14051405260436736,-0.505868069607478,0.435155328694542,0.0,-0.1841199126111815
test,short,UAV_0183,85,0.2727552570404935,1.0920975584463921,0.0,0.13489815189585816,-0.9267023188022832,0.8398776194762129,0.0,0.0,0.7054742627337799,0.3541210912958331,0.6450898802173746,-0.42155672467288996,-0.013361199423682997,0.0,-1.3098265612502258,-0.6744907594765952,0.0,-0.6606348163493456,0.1842061747803762,0.0,0.2890674683443898,0.7279746082457097,1.094904336751336,0.2971125221904111,-0.505868069607478,0.35356370456432396,0.0,-0.1737101658129032
test,short,UAV_0183,86,0.2727552570404935,0.44253504971784796,0.0,-0.22483025315916458,-0.9267023188022832,1.020365018867079,0.0,0.0,0.7054742627337799,-0.5862434703260646,0.6952443213066645,-0.42155672467288996,-0.013361199423682997,0.0,-1.3023684740688029,-0.6744907594765952,0.0,-0.6606348163493456,0.23022393756402323,0.0,0.1927116455661027,0.7279746082457097,1.043130596326736,0.1890551670958761,-0.43841899365983733,0.29916928847748897,0.0,-0.1841199126111815
test,short,UAV_0183,87,-0.38316596593637103,0.29332975312338677,0.0,-0.08993210126375568,-0.9267023188022832,0.8398776194762129,0.0,0.0,0.7054742627337799,-0.5862434703260646,0.6641139785615722,-0.42155672467288996,0.19281369790210862,0.0,-1.2781296907289037,-0.6744907594765952,0.0,-0.6479621508842428,0.44905789355557774,0.0,0.1927116455661027,0.7279746082457097,1.043130596326736,0.1890551670958761,-0.505868069607478,0.3426848213469845,0.0,-0.21485546556852866
test,short,UAV_0183,88,-0.47903796240022983,0.44253504971784796,0.0,-0.22483025315916458,-0.9975573434912639,1.020365018867079,0.0,0.0,0.668793335230894,0.004595604973119769,0.6641139785615722,-0.42155672467288996,0.42385395403614234,0.0,-1.3023684740688029,-0.6744907594765952,0.0,-0.6386898330989085,0.5115572715987261,0.0,0.1927116455661027,0.44718440220807193,1.043130596326736,0.1890551670958761,-0.43841899365983733,0.29916928847748897,0.0,-0.1841199126111815
test,short,UAV_0183,89,-0.47903796240022983,0.29332975312338677,0.0,-0.26979630379126707,-0.7410563145086476,1.020365018867079,0.0,0.0,0.668793335230894,0.004595604973119769,0.5136506552937253,-0.42155672467288996,0.42385395403614234,0.0,-1.2781296907289037,-0.6744907594765952,0.0,-0.6386898330989085,0.44905789355557774,0.0,0.1927116455661027,0.33724537973833474,1.043130596326736,0.2757526228420523,-0.30352084176449307,0.26653263882543626,0.0,-0.243906358376153
test,short,UAV_0183,90,-0.38316596593637103,-0.31948526130818583,0.0,-0.8093889113720042,-1.1742860013454044,0.6536376336505615,0.0,0.0,0.09312063073171142,0.004595604973119769,0.6641139785615722,-0.3794010522055938,0.8412627422864001,0.0,-1.2781296907289037,-0.6744907594765952,0.0,-0.635756071039113,0.44905789355557774,0.0,0.1927116455661027,0.33724537973833474,1.0385374296450423,0.2757526228420523,-0.30352084176449307,0.2393354307819843,0.0,-0.243906358376153
test,short,UAV_0183,91,-0.02907646464144086,0.29332975312338677,0.0,-0.8093889113720042,-0.7410563145086476,0.6536376336505615,0.0,0.0,0.8464564720446383,0.6558515057935869,0.6641139785615722,-0.2529340348037052,0.6456358677515861,0.0,-1.2455005593098214,-0.6744907594765952,0.0,-0.635756071039113,0.31262770199011714,0.0,0.0,0.33724537973833474,1.0385374296450423,0.2757526228420523,-0.30352084176449307,0.217577664347271,0.0,-0.243906358376153
test,short,UAV_0183,92,0.14954775693540262,1.3418677237722105,0.0,-0.8093889113720042,-0.4732183434952716,0.6536376336505615,0.0,0.0,0.6759398640707375,0.4573010174047078,0.5136506552937253,-0.3794010522055938,0.6456358677515861,0.0,-1.233381167639927,-0.6744907594765952,0.0,-0.6358186815215858,0.31262770199011714,0.0,0.0,0.3431880296015367,1.0385374296450423,0.2757526228420523,-0.269796303790657,0.217577664347271,0.0,-0.243906358376153
test,short,UAV_0183,93,0.14954775693540262,-0.07247593502142231,0.0,-0.8093889113720042,-0.4732183434952716,0.6097741620854844,0.0,0.0,0.6759398640707375,0.6558515057935869,0.5136506552937253,-0.632335087009299,0.04465019872286625,0.0,-1.233381167639927,-0.6744907594765952,0.0,-0.6358186815215858,0.31262770199011714,0.0,0.2890674683443898,0.33724537973833474,0.7283989596141273,0.2757526228420523,-0.30352084176449307,0.2393354307819843,0.0,-0.45130998885290685
test,short,UAV_0183,94,0.21934368085946282,1.1877368236019796,0.0,0.314762354422471,-0.97745776254254,0.6083360154768003,0.0,0.0,0.6516195824563369,0.6558515057935869,0.7661523242260007,-0.3794010522055938,0.13497649882595358,0.0,-1.2455005593098214,0.0,0.0,-0.635756071039113,0.32813432631356987,0.0,0.2890674683443898,0.3431880296015367,0.6787493536388907,0.3597709543108167,-0.30352084176449307,0.2393354307819843,0.0,-0.45661791348081543
test,short,UAV_0183,95,0.21934368085946282,1.1877368236019796,0.0,0.8993210126362091,-0.002993997400397397,0.5536864443464782,0.0,0.0,0.6516195824563369,0.7944147847062182,0.7298335910233853,-0.3372453797382976,0.13497649882595358,0.0,-1.2455005593098214,0.0,0.0,-0.6122412557949405,0.32813432631356987,0.0,0.2890674683443898,0.2629622564479206,0.6787493536388907,0.4709241623109034,-0.269796303790657,0.25565375560806236,0.0,-0.564442802972598
test,short,UAV_0183,96,0.3132822332735811,0.1521027315504279,0.0,0.8993210126362091,0.47339711889871844,0.45229710843366183,0.0,0.0,0.16841842240480528,0.8466910548303387,0.7298335910233853,-0.7166464319438913,0.13497649882595358,0.0,-1.3033007349664532,0.0,0.0,-0.6110345776956118,0.545932384219925,0.0,0.3854232911322054,0.39370055343903165,0.7283989596141273,0.4709241623109034,0.033724537973836066,0.32636649652094096,0.0,-0.564442802972598
test,short,UAV_0183,97,0.3467299011235561,0.1521027315504279,0.0,0.8993210126362091,-0.97745776254254,0.5536864443464782,0.0,0.0,0.16841842240480528,0.8466910548303387,0.7298335910233853,-0.5901794145420027,0.1606399714070321,0.0,-1.4254269125634895,0.0,0.0,-0.6110345776956118,0.545932384219925,0.0,0.3854232911322054,0.2629622564479206,1.0429666148653691,0.4709241623109034,0.06744907594764059,0.3698820293903676,0.0,-0.565924055532171
test,short,UAV_0183,98,0.3467299011235561,0.1521027315504279,0.0,0.8993210126362091,-0.97745776254254,0.6083360154768003,0.0,0.0,-0.5065893063550048,0.3972635846902876,0.95293438069644,-0.5901794145420027,0.44809160782781426,0.0,-1.3033007349664532,0.0,0.0,-0.6122412557949405,0.7482005023395688,0.0,0.3854232911322054,0.25999093151637526,1.129849400488756,0.3483127045963123,0.06744907594764059,0.3698820293903676,0.0,-0.565924055532171
test,short,UAV_0183,99,0.3132822332735811,-0.476607573042987,0.0,0.044966050632102475,-0.4501537554825026,1.0304320451279003,0.0,0.0,-0.5065893063550048,-0.09510086536254467,0.7298335910233853,-0.5901794145420027,0.44809160782781426,0.0,-1.3750848240883904,0.0,0.0,-0.6122412557949405,0.7560236423169095,0.0,0.5781349366983082,0.25999093151637526,1.1409169328568638,0.3483127045963123,0.06744907594764059,0.3698820293903676,0.0,-0.565924055532171
test,short,UAV_0183,100,0.2424781301959929,-0.476607573042987,0.0,0.044966050632102475,-0.4501537554825026,1.0304320451279003,0.0,0.0,0.02987257730000258,-0.09510086536254467,0.6969737847924902,-0.7166464319438913,0.44809160782781426,0.0,-1.3750848240883904,0.0,0.0,-0.6204056557466452,0.7560236423169095,0.0,0.5781349366983082,0.39370055343903165,1.1409169328568638,0.08196166861487178,-0.30352084176449307,0.35356370456432396,0.0,-0.5616047388899181
test,short,UAV_0183,101,-0.18092666590494558,0.36334801677556694,0.0,-0.5845586582141874,-0.4501537554825026,1.0304320451279003,0.0,0.0,0.02987257730000258,-0.613178587617145,0.6969737847924902,-0.5901794145420027,0.44809160782781426,0.0,-1.3471169971577799,-1.3489815189531904,0.0,-0.6641400919848529,0.6845501063114143,0.0,0.5781349366983082,-0.019313612055489867,1.129849400488756,0.014008492400260497,-0.30352084176449307,0.35356370456432396,0.0,-0.8505343820804643
test,short,UAV_0183,102,-0.3397382617788349,-0.476607573042987,0.0,-1.034219164531618,-0.25144816707664713,1.0304320451279003,0.0,0.0,0.02987257730000258,-0.6426395805293972,0.6969737847924902,-0.5901794145420027,0.29298688889909197,0.0,-1.336862127283186,-1.3489815189531904,0.0,-0.6641400919848529,0.6845501063114143,0.0,0.3854232911322054,-0.019313612055489867,0.8655245703393784,0.014008492400260497,-0.47214353163364187,0.2774115220427757,0.0,-0.7783024037085753
test,short,UAV_0183,103,-0.18092666590494558,-0.06562536225933147,0.0,-1.034219164531618,-0.25144816707664713,0.8823029444326222,0.0,0.0,0.02987257730000258,-0.19660094018348073,0.6554666611323977,-0.5901794145420027,0.25356386722473906,0.0,-1.336862127283186,-1.3489815189531904,0.0,-0.6641400919848529,0.668859782089832,0.0,0.3854232911322054,0.44124175234483287,0.8655245703393784,0.13531862465923447,-0.30352084176449307,0.35356370456432396,0.0,-0.423201481163954
test,short,UAV_0183,104,0.2424781301959929,-0.06562536225933147,0.0,-1.034219164531618,-0.25144816707664713,0.8823029444326222,0.0,0.0,0.4476014371203677,-0.6269794571450606,0.6969737847924902,-0.8009577768784838,0.23432871042832804,0.0,-1.1886326445509499,-1.3489815189531904,0.0,-0.6641400919848529,0.2043918581527798,0.0,0.1927116455661027,0.4041001906996629,0.8407437428971114,0.13531862465923447,-0.269796303790657,0.35356370456432396,0.0,-0.13455842667980503
test,short,UAV_0183,105,0.24215097043429415,-0.06562536225933147,0.0,-1.034219164531618,-0.4915154122984837,0.5098229727813848,0.0,0.0,0.7096731575893626,-0.6269794571450606,0.7488576893676289,-0.5058680696074823,-0.22700408595313376,0.0,-1.1886326445509499,-0.6744907594765952,0.0,-0.616433624242176,0.2043918581527798,0.0,0.2890674683443898,0.4041001906996629,0.697728254235387,0.43409151806570995,-0.10117361392150821,0.3698820293903676,0.0,-0.6541086175928595
test,short,UAV_0183,106,0.24215097043429415,-0.06562536225933147,0.0,-0.4946265569499824,-0.6875149570256097,0.7442408699981982,0.0,0.0,0.7096731575893626,-0.6269794571450606,0.7488576893676289,-0.5901794145420027,-0.22700408595313376,0.0,-1.1886326445509499,-0.6744907594765952,0.0,-0.616433624242176,0.2043918581527798,0.0,0.2890674683443898,0.4041001906996629,0.697728254235387,0.43409151806570995,-0.269796303790657,0.3753214709990373,0.0,-0.2040102112240098
test,short,UAV_0183,107,1.0318240025230634,-0.06562536225933147,0.0,0.0,-0.6875149570256097,0.7442408699981982,0.0,0.0,0.4476014371203677,-0.19660094018348073,0.7488576893676289,-0.5901794145420027,-0.22700408595313376,0.0,-1.3098265612502258,-0.6744907594765952,0.0,-0.616433624242176,0.2684718547640962,0.0,0.1927116455661027,0.4041001906996629,0.697728254235387,0.43409151806570995,-0.269796303790657,0.3753214709990373,0.0,-0.2040102112240098
test,short,UAV_0183,108,0.46832137628805465,0.019435677780451476,0.0,0.314762354422471,-0.4915154122984837,0.9743443273889267,0.0,0.0,0.8666026434093068,-0.3038711367970112,0.7488576893676289,-0.5480237420747066,-0.22700408595313376,0.0,-1.3918655202466468,-0.6744907594765952,0.0,-0.6218287698742845,0.27066388808143926,0.0,0.2890674683443898,0.39518621590484143,0.697728254235387,0.2632591603705263,-0.33724537973832913,0.34812426295565424,0.0,-0.23918735081327944
test,short,UAV_0183,109,0.24215097043429415,0.019435677780451476,0.0,0.314762354422471,-0.44964585325626993,0.9714680341715585,0.0,0.0,0.8666026434093068,0.07673500237174331,0.6969737847924902,-0.4637123971401862,0.1374482463388104,0.0,-1.3918655202466468,-0.6744907594765952,0.0,-0.6228532149015328,0.27066388808143926,0.0,0.2890674683443898,0.24513430685827758,0.697728254235387,0.2632591603705263,-0.33724537973832913,0.3753214709990373,0.0,-0.6006056622881982
test,short,UAV_0183,110,-0.00528433737762637,0.11246519078878488,0.0,0.44966050631877846,-0.269891583708731,0.9714680341715585,0.0,0.0,0.03658308274941777,-0.3038711367970112,0.46349621420441234,-0.4637123971401862,0.1374482463388104,0.0,-1.3918655202466468,0.0,0.0,-0.6620329753467104,0.27066388808143926,0.0,0.1927116455661027,0.24513430685827758,0.640260092027822,0.23346385327196892,-0.33724537973832913,0.31548761330360153,0.0,-0.6006056622881982
test,short,UAV_0183,111,-0.00528433737762637,-0.21118531375047228,0.0,0.44966050631877846,-0.269891583708731,0.9714680341715585,0.0,0.0,0.03658308274941777,0.09997952859297299,0.46349621420441234,-0.4637123971401862,0.012225335875195226,0.0,-1.1271034253034966,0.0,0.0,-0.6228532149015328,0.5509523397990853,0.0,0.1927116455661027,0.24513430685827758,0.640260092027822,0.2632591603705263,-0.6744907594766267,0.3046087300861587,0.0,-0.6006056622881982
test,short,UAV_0183,112,-0.1856714645286414,-0.40795658132892343,0.0,0.4946265569499824,-0.269891583708731,0.7593414093894465,0.0,0.0,0.45445949302593647,-0.12122786890213057,0.46349621420441234,-0.4637123971401862,0.012225335875195226,0.0,-0.9984514214227979,0.0,0.0,-0.6228532149015328,0.5509523397990853,0.0,0.1927116455661027,0.0059426498632390665,0.6822667630868308,0.32264895582624975,-0.43841899365983733,0.3046087300861587,0.0,-0.6006056622881982
test,short,UAV_0183,113,-0.5413299533148722,-0.40795658132892343,0.0,0.4946265569499824,0.47625625516436204,0.1380620744344567,0.0,0.0,0.03658308274941777,-0.03515305190947382,0.6969737847924902,-0.7588021044111876,0.012225335875195226,0.0,-0.9984514214227979,0.0,0.0,-0.6228532149015328,0.5509523397990853,0.0,0.1927116455661027,0.0059426498632390665,0.6822667630868308,0.32264895582624975,-0.43841899365983733,0.28829040526014954,0.0,-0.6006056622881982
test,short,UAV_0183,114,-0.5413299533148722,-0.3000913892673011,0.0,0.5395926075816356,0.5042928465277912,0.1380620744344567,0.0,0.0,0.45445949302593647,-0.03515305190947382,0.46349621420441234,-0.7588021044111876,0.012225335875195226,0.0,-1.0571838579769701,0.0,0.0,-0.6606300702876982,0.6441251607380352,0.0,0.2890674683443898,0.6254638981049843,0.7222921935362748,0.29799413730336577,-0.43841899365983733,0.26109319721676655,0.0,-0.6996158412875895
test,short,UAV_0183,115,-0.1856714645286414,-0.6321949818088488,0.0,0.5395926075816356,0.47625625516436204,0.3509077725208781,0.0,0.0,0.45445949302593647,-0.03515305190947382,0.7159978831367108,-0.7588021044111876,0.04361231969342753,0.0,-1.0571838579769701,0.0,0.0,-0.6606300702876982,0.6441251607380352,0.0,0.3854232911322054,0.6254638981049843,0.983592753101522,0.29799413730336577,-0.5733171455551501,0.1958198979125577,0.0,-0.4357171826455108
test,short,UAV_0183,116,-0.16348483556194876,-0.3000913892673011,0.0,0.08993210126375568,0.47625625516436204,0.3509077725208781,0.0,0.0,-0.1723102837317633,-0.03515305190947382,0.20234722784293946,-0.8852691218130042,0.2767124126278288,0.0,-1.0571838579769701,0.0,0.0,-0.6606300702876982,0.6441251607380352,0.0,0.5781349366983082,0.6254638981049843,0.983592753101522,0.1600131079894385,-0.43841899365983733,0.1958198979125577,0.0,-0.4357171826455108
test,short,UAV_0183,117,-0.16348483556194876,-0.3000913892673011,0.0,0.08993210126375568,0.45893669218815275,0.492565213477045,0.0,0.0,-0.1723102837317633,-0.03515305190947382,0.13662761538112633,-0.7166464319438913,0.04361231969342753,0.0,-1.0571838579769701,0.0,0.0,-0.6683995930319594,0.6441251607380352,0.0,0.5781349366983082,0.7591735200276778,1.0671063789476998,0.04999277896357201,-0.33724537973832913,0.1958198979125577,0.0,-0.40247062713436627
test,short,UAV_0183,118,-0.04248192262956847,0.4604530286483704,0.0,0.08993210126375568,0.45893669218815275,0.5917973294768026,0.0,0.0,-0.1723102837317633,0.20776975402324022,0.13662761538112633,-0.7166464319438913,0.4428409063929812,0.0,-1.086083945805341,0.6744907594765952,0.0,-0.6683995930319594,0.44891867756283715,0.0,0.4817791139104925,0.6254638981049843,1.0767130390656894,0.04999277896357201,-0.30352084176449307,0.1958198979125577,0.0,-0.410396832497288
test,short,UAV_0183,119,-0.04248192262956847,0.4604530286483704,0.0,-0.26979630379126707,0.45893669218815275,0.492565213477045,0.0,0.0,-0.1723102837317633,0.19943354689276,0.5603461694113179,-0.7166464319438913,0.4428409063929812,0.0,-1.1727842092902339,0.6744907594765952,0.0,-0.6732895998906511,0.2705948422983556,0.0,0.6744907594765952,0.7591735200276778,1.0671063789476998,0.04999277896357201,-0.269796303790657,0.20669878112993156,0.0,-0.40247062713436627
test,short,UAV_0183,120,-0.8109094810042486,0.4604530286483704,0.0,-0.26979630379126707,-0.7761932323601208,0.8075193207806575,0.0,0.0,-0.158945192853529,0.28696669590631735,0.5274863631804227,-0.7166464319438913,0.16909215500062594,0.0,-1.1727842092902339,-0.6744907594765952,0.0,-0.6780973329374248,0.3760598994219296,0.0,0.6744907594765952,0.3015894805589374,0.9363452892622165,0.22268591516038352,-0.269796303790657,0.3698820293903676,0.0,-0.13698136166204256
test,short,UAV_0183,121,-0.8109094810042486,-0.5986874809149086,0.0,-0.5395926075816356,-0.7330311869550826,0.8075193207806575,0.0,0.0,0.4662566732162362,0.28696669590631735,0.5603461694113179,-0.7166464319438913,0.16909215500062594,0.0,-1.2650780381612488,0.0,0.0,-0.6780973329374248,0.07561846492246713,0.0,0.867202405042698,1.154359735932445,0.9363452892622165,0.22268591516038352,-0.33724537973832913,0.3753214709990373,0.0,-0.40247062713436627
test,short,UAV_0183,122,0.5838615973731786,0.37769236193969674,0.0,-0.5395926075816356,-0.22392478568718002,0.37391811825997057,0.0,0.0,0.4662566732162362,0.28696669590631735,0.5603461694113179,-0.7588021044111876,0.16909215500062594,0.0,-1.4300882170518512,0.0,0.0,-0.6550286294729956,0.3760598994219296,0.0,0.867202405042698,0.3015894805589374,0.8659555806110988,0.45249375125269453,-0.47214353163364187,0.3753214709990373,0.0,-0.410396832497288
test,short,UAV_0183,123,0.5838615973731786,-0.5986874809149086,0.0,0.13489815189585816,-0.7330311869550826,0.37391811825997057,0.0,0.0,0.4662566732162362,0.19943354689276,0.5274863631804227,-0.632335087009299,-0.2438144636234323,0.0,-1.4300882170518512,-0.6744907594765952,0.0,-0.6780973329374248,0.3760598994219296,0.0,0.867202405042698,0.19313612055497287,0.8659555806110988,0.22268591516038352,-0.47214353163364187,0.3698820293903676,0.0,-0.13698136166204256
test,short,UAV_0183,124,0.7409125022775512,-0.5986874809149086,0.0,0.13489815189585816,-0.7330311869550826,0.37391811825997057,0.0,0.0,-0.5098152204665664,-0.4276806134112184,0.5274863631804227,-0.632335087009299,0.16909215500062594,0.0,-1.4300882170518512,0.0,0.0,-0.6550286294729956,0.3760598994219296,0.0,0.867202405042698,0.19313612055497287,0.8659555806110988,0.22268591516038352,-0.47214353163364187,0.33724537973831487,0.0,-0.3420532757624098
test,short,UAV_0183,125,0.8523998253195195,-0.5986874809149086,0.0,0.4046944556862267,-0.22392478568718002,0.37391811825997057,0.0,0.0,-0.6564176935626502,-0.4276806134112184,0.4081533826576223,-0.632335087009299,0.3823049414711117,0.0,-1.2650780381612488,0.0,0.0,-0.6506937966980954,0.3982331873309442,0.0,0.6744907594765952,0.35358766686220505,0.8659555806110988,0.2031075137700938,-0.3709699177121652,0.271972080434106,0.0,-0.5779799658461907
test,short,UAV_0183,126,0.7409125022775512,0.0023712354745315588,0.0,0.4046944556862267,-0.22392478568718002,0.2617426827819745,0.0,0.0,-0.6564176935626502,-0.4276806134112184,0.3995060652284019,-0.5480237420747066,0.3823049414711117,0.0,-1.3443202144647188,0.0,0.0,-0.6383216068329073,0.3982331873309442,0.0,0.3854232911322054,0.19313612055497287,0.9492102422788393,0.3447304752401856,-0.33724537973832913,0.271972080434106,0.0,-0.3693039664073302
test,short,UAV_0183,127,0.7409125022775512,0.0023712354745315588,0.0,0.22483025315961386,-0.28915889461784033,0.6378180209549549,0.0,0.0,-0.6564176935626502,-0.3128972225847524,0.4081533826576223,-0.5480237420747066,0.44636652522289966,0.0,-1.0506580316931977,0.0,0.0,-0.6230014684848719,0.3982331873309442,0.0,0.3854232911322054,0.35358766686220505,1.0357363037135816,0.2031075137700938,-0.33724537973832913,0.25565375560806236,0.0,-0.3693039664073302
test,short,UAV_0183,128,0.2898949252628065,0.2772166809626214,0.0,0.22483025315961386,-0.28915889461784033,0.7399264301721132,0.0,0.0,-0.6564176935626502,-0.3128972225847524,0.49981494740702775,-0.5901794145420027,0.44636652522289966,0.0,-0.874460722030461,0.0,0.0,-0.6230014684848719,0.3103317148157077,0.0,0.3854232911322054,0.35358766686220505,1.0634582080624397,0.19800395359054193,-0.3709699177121652,0.25565375560806236,0.0,-0.5781613522624298
test,short,UAV_0183,129,-0.33689580348058235,0.31366299354252425,0.0,0.22483025315961386,-0.28915889461784033,0.7399264301721132,0.0,0.0,-0.27731069839337946,-0.07562486544320153,0.49981494740702775,-0.5480237420747066,0.44636652522289966,0.0,-1.0506580316931977,-0.6744907594765952,0.0,-0.5953529252912462,0.2808972695845233,0.0,0.3854232911322054,0.35358766686220505,1.3495271977973755,0.1870099382326976,-0.6407662215027907,0.26653263882543626,0.0,-0.5781613522624298
test,short,UAV_0183,130,-0.33689580348058235,0.8733141288790456,0.0,0.13489815189585816,-0.28915889461784033,0.5846065964333494,0.0,0.0,-0.27731069839337946,-0.09491850742332256,0.49981494740702775,-0.5480237420747066,0.44636652522289966,0.0,-1.2315166458445161,-0.6744907594765952,0.0,-0.5953529252912462,0.2808972695845233,0.0,0.3854232911322054,0.35358766686220505,1.3495271977973755,0.19800395359054193,-0.6407662215027907,0.28829040526014954,0.0,-0.3693039664073302
test,short,UAV_0183,131,0.1909264273235805,0.31366299354252425,0.0,0.0,-0.2577607933667939,0.7399264301721132,0.0,0.0,-0.4296512848163117,0.0899965096086903,0.49981494740702775,-0.5058680696074823,0.3155402100396429,0.0,-0.9415835066638164,-1.3489815189531904,0.0,-0.6659882035986465,0.3775700931451214,0.0,0.3854232911322054,0.35358766686220505,1.0634582080624397,0.19800395359054193,-0.6407662215027907,0.4623525367379939,0.0,-0.11743258530824034
test,short,UAV_0183,132,0.2898949252628065,0.2772166809626214,0.0,0.13489815189585816,0.21959511148660002,0.5846065964333494,0.0,0.0,-0.27731069839337946,-0.09491850742332256,0.7159978831367108,-0.4637123971401862,0.3081712064994982,0.0,-1.2315166458445161,-1.3489815189531904,0.0,-0.6659882035986465,0.3775700931451214,0.0,0.3854232911322054,0.35358766686220505,1.0634582080624397,0.21396020775682853,-0.47214353163364187,0.4623525367379939,0.0,-0.1049557092860008
test,short,UAV_0183,133,0.7356313220771484,0.18095047959362706,0.0,0.13489815189585816,0.23616582418386536,0.5846065964333494,0.0,0.0,-0.27731069839337946,-0.09491850742332256,0.4617667507186097,-0.4637123971401862,0.2468737507735641,0.0,-1.2315166458445161,-1.3489815189531904,0.0,-0.6659882035986465,0.3775700931451214,0.0,0.3854232911322054,0.35358766686220505,1.1484095080902654,0.21854526658603105,-0.269796303790657,0.4623525367379939,0.0,-0.1049557092860008
test,short,UAV_0183,134,0.7356313220771484,0.18095047959362706,0.0,0.13489815189585816,0.23616582418386536,0.6313463612158438,0.0,0.0,1.027949455398067,-0.09491850742332256,0.4617667507186097,-0.3372453797382976,0.2468737507735641,0.0,-1.2044810798116659,-1.3489815189531904,0.0,-0.6659882035986465,0.4670325364076908,0.0,0.2890674683443898,0.3283314049434761,1.0632214916066187,0.2651465460171136,-0.13489815189534426,0.4514736535206545,0.0,-0.1049557092860008
test,short,UAV_0183,135,0.7356313220771484,0.15908253443401,0.0,0.6295247088453912,0.5011555353456257,0.6313463612158438,0.0,0.0,1.027949455398067,-0.39087904081449243,0.4617667507186097,-0.3372453797382976,0.2468737507735641,0.0,-0.9620932464130041,-0.6744907594765952,0.0,-0.6347983803676122,0.3775700931451214,0.0,0.2890674683443898,0.3283314049434761,0.9483988097218218,0.45566064919294985,-0.13489815189534426,0.41883700386853284,0.0,-0.11077392785945972
test,short,UAV_0183,136,0.7356313220771484,0.18095047959362706,0.0,0.9442870632678623,0.5011555353456257,0.6313463612158438,0.0,0.0,1.027949455398067,-0.39087904081449243,0.382211430370053,-0.3372453797382976,0.2468737507735641,0.0,-0.9620932464130041,0.0,0.0,-0.6166872883666356,0.3018899275312435,0.0,0.3854232911322054,0.12182432219621536,1.1484095080902654,0.45566064919294985,-0.13489815189534426,0.3916397958251498,0.0,-0.11575440963376257
test,short,UAV_0183,137,-0.11264710644393157,0.18095047959362706,0.0,0.9442870632678623,0.5011555353456257,0.6313463612158438,0.0,0.0,0.9583731784925291,0.1653672315279723,0.382211430370053,-0.42155672467288996,0.2468737507735641,0.0,-0.9453125502546378,0.0,0.0,-0.6347983803676122,0.3018899275312435,0.0,0.3854232911322054,0.12182432219621536,0.9483988097218218,0.45566064919294985,-0.40469445568600126,0.3916397958251498,0.0,-0.5546177762939785
test,short,UAV_0183,138,-0.11264710644393157,0.4371270307968584,0.0,0.5845586582137381,-0.2567064241821832,0.6313463612158438,0.0,0.0,-0.5244372850830809,0.1653672315279723,0.6796791499340953,-0.42155672467288996,0.11211602554863181,0.0,-0.9453125502546378,0.0,0.0,-0.6267204789776564,0.3486901843455278,0.0,0.3854232911322054,0.3729012789176949,0.9052745489885714,0.45566064919294985,-0.40469445568600126,0.41883700386853284,0.0,-0.5546177762939785
test,short,UAV_0183,139,-0.11264710644393157,0.4371270307968584,0.0,1.034219164531618,0.5074909824919049,0.831248739824043,0.0,0.0,-0.5244372850830809,0.1653672315279723,0.6796791499340953,-0.42155672467288996,0.11211602554863181,0.0,-0.9453125502546378,-0.6744907594765952,0.0,-0.6347983803676122,0.3486901843455278,0.0,0.3854232911322054,0.5823796865965752,0.9052745489885714,0.4628185765238785,-0.40469445568600126,0.3916397958251498,0.0,-0.6387325193026999
test,short,UAV_0183,140,-0.22803667062304483,0.5172475500489628,0.0,1.034219164531618,-0.2567064241821832,0.831248739824043,0.0,0.0,-0.28677554124678994,0.1653672315279723,0.8387897906311625,-0.42155672467288996,0.11211602554863181,0.0,-0.9453125502546378,-0.6744907594765952,0.0,-0.6439918750070877,0.43364813115891854,0.0,0.3854232911322054,0.5823796865965752,0.884160912089025,0.2915600077290091,-0.30352084176449307,0.17950157308658302,0.0,-0.5546177762939785
test,short,UAV_0183,141,-0.3797033414955218,0.4371270307968584,0.0,0.6295247088453912,-0.2567064241821832,0.831248739824043,0.0,0.0,-0.12343275518944889,0.15085609166905017,0.875108523833755,-0.632335087009299,0.11211602554863181,0.0,-0.8175928072715895,-0.6744907594765952,0.0,-0.6548376077046726,0.5476455069163967,0.0,0.3854232911322054,0.626949560570794,0.884160912089025,0.27407019015045864,-0.30352084176449307,0.17950157308658302,0.0,-0.47237079736349846
test,short,UAV_0183,142,-0.22803667062304483,0.5172475500489628,0.0,0.6295247088453912,-0.2567064241821832,0.831248739824043,0.0,0.0,-0.28677554124678994,-0.37767030853206796,0.9494754537247656,-0.632335087009299,-0.07695712610612646,0.0,-0.9546351592314714,-0.6744907594765952,0.0,-0.6548376077046726,0.43364813115891854,0.0,0.3854232911322054,0.626949560570794,0.884160912089025,0.27407019015045864,-0.30352084176449307,0.17950157308658302,0.0,-0.45632607474842535
test,short,UAV_0183,143,-0.22803667062304483,0.5172475500489628,0.0,0.6295247088453912,-0.9475468474404712,0.44654452199892547,0.0,0.0,-0.28677554124678994,-0.37767030853206796,0.9494754537247656,-0.632335087009299,-0.20865532661012673,0.0,-0.9546351592314714,-0.6744907594765952,0.0,-0.6548376077046726,0.43364813115891854,0.0,0.3854232911322054,0.5823796865965752,0.8373603832856787,0.33703476074893285,-0.3709699177121652,0.17950157308658302,0.0,-0.47237079736349846
test,short,UAV_0183,144,0.2310740704635301,0.024327415796631585,0.0,-1.7087099240082133,-0.9475468474404712,0.44654452199892547,0.0,0.0,-0.3906469202673017,-0.426765338639649,0.875108523833755,-0.632335087009299,-0.20865532661012673,0.0,-0.9527706374361706,-0.6744907594765952,0.0,-0.6101760008405386,0.4325572059037921,0.0,0.1927116455661027,0.2867328559008769,0.7292103974099551,0.33703476074893285,-0.43841899365983733,0.22845654756464487,0.0,-0.47237079736349846
test,short,UAV_0183,145,0.2310740704635301,-0.1897832912315101,0.0,-1.7087099240082133,0.5169013403257696,1.1267878679102896,0.0,0.0,-0.3906469202673017,-0.37767030853206796,0.4704140681477841,-0.6744907594765952,-0.20865532661012673,0.0,-1.0683709887493245,-0.6744907594765952,0.0,-0.6101760008405386,0.3549615296958698,0.0,0.3854232911322054,0.2867328559008769,0.7292103974099551,0.33703476074893285,-0.43841899365983733,0.2828509636514799,0.0,-0.5203861230413486
test,short,UAV_0183,146,0.24884536820788342,-0.29464973368843617,0.0,-1.7087099240082133,0.5169013403257696,0.7701275089546425,0.0,0.0,-0.3906469202673017,-0.32374295900926625,0.4704140681477841,-0.6744907594765952,-0.11470077372647565,0.0,-1.2324489067422764,-1.3489815189531904,0.0,-0.6101760008405386,0.3549615296958698,0.0,0.1927116455661027,0.2867328559008769,0.7292103974099551,0.33703476074893285,-0.47214353163364187,0.22845654756464487,0.0,-0.5203861230413486
test,short,UAV_0183,147,0.2310740704635301,-0.29464973368843617,0.0,-1.2140833670591293,0.2818652993802357,0.9240091960846896,0.0,0.0,0.7471052431893118,-0.2823486583377777,0.4704140681477841,-0.6744907594765952,0.21626466845473596,0.0,-1.2324489067422764,-0.6744907594765952,0.0,-0.6140607563099492,0.3549615296958698,0.0,0.09635582278305135,0.41004284056290197,0.7292103974099551,0.29266241723545444,-0.47214353163364187,0.35356370456432396,0.0,-0.7023288866180815
test,short,UAV_0183,148,0.2310740704635301,-0.19121191318081524,0.0,-0.8993210126357598,0.2818652993802357,1.185032805562322,0.0,0.0,0.7471052431893118,-0.1667671577354198,0.47906138557695854,-0.6744907594765952,0.38820466682198235,0.0,-1.2324489067422764,-0.6744907594765952,0.0,-0.6140607563099492,0.3549615296958698,0.0,0.09635582278305135,0.41004284056290197,0.8357913916606671,0.2830668524974458,-0.47214353163364187,0.22845654756464487,0.0,-0.5203861230413486
test,short,UAV_0183,149,-0.6923022431667684,-0.1897832912315101,0.0,-0.22483025315916458,0.2818652993802357,0.9240091960846896,0.0,0.0,0.7471052431893118,-0.14552209960414977,0.7592344702826289,-0.6744907594765952,0.38820466682198235,0.0,-1.2324489067422764,-0.6744907594765952,0.0,-0.6209831748596335,0.529487312373985,0.0,0.5781349366983082,0.41152850302867466,1.0420168960079448,0.2830668524974458,-0.47214353163364187,0.35356370456432396,0.0,-0.32847881694258796
test,short,UAV_0183,150,-0.6481626846679823,0.09687683224075196,0.0,-0.22483025315916458,0.22462903228888154,0.9240091960846896,0.0,0.0,0.4328730909102378,-0.14552209960414977,0.7592344702826289,-0.5480237420747066,0.38820466682198235,0.0,-1.1224421208151347,-0.6744907594765952,0.0,-0.6209831748596335,0.529487312373985,0.0,0.09635582278305135,0.41004284056290197,0.8357913916606671,0.22848793110824944,-0.47214353163364187,0.3698820293903676,0.0,-0.32847881694258796
test,short,UAV_0183,151,-0.6923022431667684,0.7715558993589186,0.0,-0.314762354422471,0.22462903228888154,0.9240091960846896,0.0,0.0,0.39808963147052173,0.32536512288824937,0.8508960350320344,-0.5480237420747066,0.38820466682198235,0.0,-1.1224421208151347,-0.6744907594765952,0.0,-0.6140607563099492,0.529487312373985,0.0,0.2890674683443898,0.3075321304221394,0.728694050205155,0.2830668524974458,-0.47214353163364187,0.4514736535206545,0.0,-0.44314890439881005
test,short,UAV_0183,152,-0.6923022431667684,0.09687683224075196,0.0,-0.22483025315916458,0.22462903228888154,1.0520042442582922,0.0,0.0,-0.555692573998933,0.32536512288824937,0.8508960350320344,-0.5480237420747066,0.2666576793739046,0.0,-1.0711677714423855,-0.6744907594765952,0.0,-0.6458647133856362,0.529487312373985,0.0,0.5781349366983082,0.3075321304221394,0.7843236697480129,0.2830668524974458,-0.47214353163364187,0.3698820293903676,0.0,-0.44314890439881005
test,short,UAV_0183,153,-0.6923022431667684,0.6604918838361771,0.0,-0.314762354422471,0.22462903228888154,0.45085896182497776,0.0,0.0,0.39808963147052173,0.48075968589907164,0.731563054509257,-0.5480237420747066,0.1954816552290273,0.0,-1.1224421208151347,-0.6744907594765952,0.0,-0.6496566395801429,0.529487312373985,0.0,0.4817791139104925,0.3075321304221394,0.6647403861085431,0.4345857955677757,-0.505868069607478,0.4133975622598631,0.0,-0.44314890439881005
test,short,UAV_0183,154,-0.6481626846679823,0.8147136076467849,0.0,-0.314762354422471,0.22462903228888154,0.3588175788687059,0.0,0.0,-1.0880873115631007,0.48075968589907164,0.5344042171237485,-0.5480237420747066,0.2666576793739046,0.0,-1.0711677714423855,-0.6744907594765952,0.0,-0.6749427094039219,0.42514077547715623,0.0,0.2890674683443898,0.1515375715123736,0.6524375253879513,0.4345857955677757,-0.539592607581314,0.4133975622598631,0.0,-0.44314890439881005
test,short,UAV_0183,155,-0.06913278563247315,0.6604918838361771,0.0,-0.314762354422471,-0.49374011386045624,-0.060402157565058484,0.0,0.0,-1.0880873115631007,0.5005346967517125,0.731563054509257,-0.5901794145420027,0.2790476472423369,0.0,-1.0506580316931977,-0.6744907594765952,0.0,-0.6749427094039219,0.5677678645226045,0.0,0.2890674683443898,0.3075321304221394,0.5965947508979228,0.48110571476192343,-0.539592607581314,0.3426848213469845,0.0,-0.44314890439881005
test,short,UAV_0183,156,0.016293507325178352,-0.4932141104011676,0.0,-0.314762354422471,-0.21734180571773346,-0.060402157565058484,0.0,0.0,-1.0880873115631007,0.5005346967517125,0.731563054509257,-0.5901794145420027,0.2666576793739046,0.0,-0.9490415938453491,-0.6744907594765952,0.0,-0.6853437590888951,0.5677678645226045,0.0,0.3854232911322054,0.1515375715123736,0.5965947508979228,0.48110571476192343,-0.8431134493457756,0.3426848213469845,0.0,-0.583375628530858
test,short,UAV_0183,157,0.04495227005598226,0.6604918838361771,0.0,-0.314762354422471,-0.49374011386045624,-0.060402157565058484,0.0,0.0,-0.4914407837411798,1.137316300382807,0.5344042171237485,-0.5901794145420027,0.2790476472423369,0.0,-0.9490415938453491,-0.6744907594765952,0.0,-0.6749427094039219,0.5677678645226045,0.0,0.3854232911322054,0.019313612055526966,0.5965947508979228,0.48110571476192343,-0.505868069607478,0.3426848213469845,0.0,-0.5787063896636235
test,short,UAV_0183,158,0.04495227005598226,-1.0794590786694254,0.0,-0.314762354422471,-0.21734180571773346,0.48465540712924987,0.0,0.0,-0.4914407837411798,1.137316300382807,0.7955532034852214,-0.5901794145420027,0.2790476472423369,0.0,-0.9387867239708653,-0.6744907594765952,0.0,-0.6743323434824444,0.30713066067566247,0.0,0.2890674683443898,0.019313612055526966,0.5354033506502119,0.38028663903612,-0.6070416835289546,0.29372984686881926,0.0,-0.5787063896636235
test,short,UAV_0183,159,0.04923304263864822,-1.0794590786694254,0.0,-0.314762354422471,-0.21734180571773346,0.48465540712924987,0.0,0.0,-0.4914407837411798,0.4721716346818838,0.7955532034852214,-0.5901794145420027,0.2790476472423369,0.0,-0.9042930707563722,-0.6744907594765952,0.0,-0.631624920921499,0.5677678645226045,0.0,0.3854232911322054,0.46055536440032274,0.47918197218031816,0.31992699430105925,-0.6070416835289546,0.28829040526014954,0.0,-0.5787063896636235
test,short,UAV_0183,160,0.20169882534361788,0.9182443116364687,0.0,0.13489815189585816,0.007342662936808048,0.6047406489550248,0.0,0.0,-0.4914407837411798,0.4721716346818838,0.7246452005658852,-0.5901794145420027,0.3278339038803039,0.0,-0.9042930707563722,-0.6744907594765952,0.0,-0.631624920921499,0.751260334535597,0.0,0.3854232911322054,0.46055536440032274,0.4519815083539346,0.2976488082168565,-0.6070416835289546,0.28829040526014954,0.0,-0.5418157262764105
test,short,UAV_0183,161,0.20169882534361788,0.9410957755122881,0.0,0.13489815189585816,0.023216517859359773,0.6047406489550248,0.0,0.0,-0.5187831146995397,0.6734476413622564,0.7142684196508621,-0.843113449345708,0.3278339038803039,0.0,-0.9042930707563722,-1.3489815189531904,0.0,-0.631624920921499,0.5198966506671966,0.0,0.3854232911322054,0.46055536440032274,0.4519815083539346,0.2976488082168565,-0.6070416835289546,0.25565375560806236,0.0,-0.5418157262764105
test,short,UAV_0183,162,0.04923304263864822,0.9410957755122881,0.0,-0.40469445568667595,0.04014570888471556,0.6845577857374817,0.0,0.0,-0.5187831146995397,0.4721716346818838,0.7142684196508621,-0.4637123971401862,0.3278339038803039,0.0,-0.9816707252644316,-0.6744907594765952,0.0,-0.6501559734129279,0.6014500442921962,0.0,0.4817791139104925,0.46055536440032274,0.4519815083539346,0.2976488082168565,-0.6407662215027907,0.25565375560806236,0.0,-0.5418157262764105
test,short,UAV_0183,163,0.20169882534361788,0.9410957755122881,0.0,-0.40469445568667595,0.04014570888471556,0.8772694313021953,0.0,0.0,-0.6661907507683724,0.22298532825511147,0.5171095822653766,-0.4637123971401862,0.5582791102433823,0.0,-0.9816707252644316,-0.6744907594765952,0.0,-0.6501559734129279,0.6014500442921962,0.0,0.4817791139104925,0.16342287123885174,0.9021174052813682,0.4362543437116054,-0.6407662215027907,0.2502143139994271,0.0,-0.7712180608197768
test,short,UAV_0183,164,-0.08275297369171553,0.9410957755122881,0.0,-0.40469445568667595,0.1926256160583426,0.8772694313021953,0.0,0.0,-0.6661907507683724,0.22298532825511147,0.3995060652284019,-0.42155672467288996,0.3278339038803039,0.0,-1.2110069060954383,-0.6744907594765952,0.0,-0.6501559734129279,0.5198966506671966,0.0,0.4817791139104925,0.11439600986724073,0.9021174052813682,0.4922079368101859,-0.6070416835289546,0.25565375560806236,0.0,-0.7712180608197768
test,short,UAV_0183,165,-0.08275297369171553,0.4882376157120595,0.0,-0.40469445568667595,0.1926256160583426,0.8772694313021953,0.0,0.0,-0.5161700552587961,0.22298532825511147,0.3995060652284019,-0.5480237420747066,0.5582791102433823,0.0,-1.0655742060562632,-0.6744907594765952,0.0,-0.6501559734129279,0.4672271324950266,0.0,0.4817791139104925,0.11439600986724073,0.9087353057557632,0.4922079368101859,-0.6407662215027907,0.25565375560806236,0.0,-0.8096126040349452
test,short,UAV_0183,166,0.659037103536758,0.4882376157120595,0.0,0.13489815189585816,0.1926256160583426,0.9196947562586373,0.0,0.0,0.04289164427560449,0.22298532825511147,0.3995060652284019,-0.42155672467288996,0.5582791102433823,0.0,-1.0655742060562632,-0.6744907594765952,0.0,-0.6510204663475833,0.30802530250084953,0.0,0.4817791139104925,0.051998186303267635,0.9686714008604098,0.4922079368101859,-0.40469445568600126,0.271972080434106,0.0,-0.8096126040349452
test,short,UAV_0183,167,0.7855245426276203,0.680294075777281,0.0,0.3822114303706247,0.07116072877414363,0.4476231319554385,0.0,0.0,0.5770331370029126,0.018283346753402402,0.4660904094331623,-0.421556724672854,0.4730280103748975,0.0,-1.1452825128085034,-0.6744907594765952,0.0,-0.6453412280604314,0.2050103516748675,0.0,0.5299570253044004,-0.19462178302078262,0.9882757865041388,0.4809068157563601,-0.286658572777575,0.2638129180210842,0.0,-0.9823121196310741
test,short,UAV_0183,168,0.9120119817184826,0.9370843846467085,0.0,0.6295247088453912,0.1926256160583426,-0.024448492347760212,0.0,0.0,1.1111746297302207,0.3632177583237716,0.6675729055332464,-0.29508970727100137,0.13787156861250158,0.0,-1.2249908195607435,-0.6744907594765952,0.0,-0.6396619897732796,0.30802530250084953,0.0,0.5781349366983082,0.051998186303267635,1.0078801721478678,0.46960569470253427,-0.40469445568600126,0.271972080434106,0.0,-0.8096126040349452
test,median,UAV_0187,1,-0.4902666674517872,1.16282215103328,0.0,0.314762354422471,0.014247599639000212,-0.03092015208687129,0.0,0.0,-0.08884612780130212,0.6229049159904071,-0.13489815189534665,-0.08431134493459239,-0.9649302682887533,0.0,-0.2983234872598829,0.6744907594765952,0.0,-0.6253438495750061,-0.8503641499921759,0.0,-0.4817791139152568,-1.4128650049829363,0.37882618138136714,-0.2610170608598219,0.5395926075812509,-0.1414254818257227,0.0,0.7654650035650343
test,median,UAV_0187,2,-0.5317451932929056,0.543303750404259,0.0,0.40469445568622675,-0.22585081955509093,-0.13698346447791096,0.0,0.0,0.08551106468876005,0.6050797049165633,-0.056207563289725856,-0.021077836233648096,-1.2451989064741813,0.0,-0.29692509591335237,0.6744907594765952,0.0,-0.6032534974967763,-0.7240207252447382,0.0,-0.4817791139152568,-1.3259537507331949,0.4104406286400598,-0.29558498980383546,0.573317145555087,-0.2529340348037103,0.0,0.7717202830845775
test,median,UAV_0187,3,-0.4902666674517872,0.011535457561718152,0.0,0.314762354422471,0.014247599639000212,-0.24304677686895065,0.0,0.0,0.2598682571788222,0.5872544938427194,0.022483025315894942,0.04215567246729619,-0.9649302682887533,0.0,-0.29552670456682184,0.6744907594765952,0.0,-0.6253438495750061,-0.5976773004973003,0.0,-0.4817791139152568,-1.2390424964834532,0.37882618138136714,-0.2610170608598219,0.6070416835289231,-0.26653263882543626,0.0,0.7779755626041207
test,median,UAV_0187,4,-0.4902666674517872,0.011535457561718152,0.0,0.314762354422471,0.014247599639000212,-0.24304677686895065,0.0,0.0,0.08381335055173196,0.5872544938427194,0.022483025315894942,0.04215567246729619,-0.952883783208733,0.0,-0.29552670456682184,0.6744907594765952,0.0,-0.6444768278791544,-0.8503641499921759,0.0,-0.5781349366935439,-1.2078435847014852,0.44205507589875254,-0.1142457749353576,0.6070416835289231,-0.26653263882543626,0.0,0.8537061584227235
test,median,UAV_0187,5,0.6314016704175025,-0.22338528788892226,0.0,0.314762354422471,-0.46594923874918204,-0.24304677686895065,0.0,0.0,0.930635408694125,0.11508040933512137,0.03631873320256944,0.04215567246729619,-0.9649302682887533,0.0,-0.17340052696978564,0.6744907594765952,0.0,-0.6444768278791544,-0.9085508662965462,0.0,-0.6744907594813595,-0.6180355857759354,0.5817560589438883,-0.1142457749353576,0.7082152974504312,-0.26653263882543626,0.0,0.8537061584227235
test,median,UAV_0187,6,0.6314016704175025,-0.22338528788892226,0.0,0.4946265569499824,-0.5022951071275118,-0.24304677686895065,0.0,0.0,0.930635408694125,0.11508040933512137,0.03631873320256944,0.04215567246729619,-0.952883783208733,0.0,-0.17340052696978564,0.6744907594765952,0.0,-0.6444768278791544,-0.9085508662965462,0.0,-0.6744907594813595,-0.5244388504300315,0.8757237185959872,-0.31336523161347224,0.7082152974504312,-0.36444258778169786,0.0,0.7779755626041207
test,median,UAV_0187,7,0.6314016704175025,-0.22338528788892226,0.0,0.5845586582137381,0.003967136336731544,-0.3767944114773224,0.0,0.0,0.8307254099517675,-0.23668594351169606,0.06053122200426707,0.3794010522055218,-0.952883783208733,0.0,-0.2078941801841687,0.6744907594765952,0.0,-0.6444768278791544,-0.9085508662965462,0.0,-0.8672024050474623,-0.5244388504300315,0.5817560589438883,-0.25063563234120584,0.7082152974504312,-0.36444258778169786,0.0,0.6236866843303082
test,median,UAV_0187,8,-0.44891746909861857,-0.25142327066121495,0.0,0.5845586582137381,-0.2388266927577793,-0.4594878414771476,0.0,0.0,0.15693178872063543,-0.058626871820627834,-0.03804819668846414,0.0,-0.8742972007565022,0.0,-0.4530787962757815,0.6744907594765952,0.0,-0.6473306209696497,-0.9085508662965462,0.0,-0.8672024050474623,-0.5244388504300315,0.5817560589438883,-0.25063563234120584,1.0454606771887605,-0.36444258778169786,0.0,0.6236866843303082
test,median,UAV_0187,9,-0.6845989462212013,-0.25142327066121495,0.0,0.13489815189585816,-0.2388266927577793,-0.7456790166068497,0.0,0.0,0.15693178872063543,0.11508040933512137,-0.0570722950326617,0.632335087009299,-0.8742972007565022,0.0,-0.4530787962757815,0.6744907594765952,0.0,-0.6380145804445306,-0.9031964681841999,0.0,-0.8672024050474623,0.11588167233297629,0.5177987393598187,-0.31336523161347224,0.843113449345744,-0.163183248260436,0.0,0.6236866843303082
test,median,UAV_0187,10,-1.2507504129926452,-0.39832561333821936,0.0,0.22483025315961386,-0.010980461200402178,-0.7456790166068497,0.0,0.0,0.15693178872063543,0.05590882194222927,-0.0570722950326617,0.7166464319438194,-0.8587428565503673,0.0,-0.4530787962757815,0.6744907594765952,0.0,-0.6380145804445306,-0.8592379482176359,0.0,-0.5781349366935439,0.11588167233297629,0.5177987393598187,-0.25063563234120584,0.9105625252934162,-0.25021431399939265,0.0,1.1893130275503958
test,median,UAV_0187,11,-1.2507504129926452,-0.5384327603389566,0.0,0.22483025315961386,0.003967136336731544,-0.7456790166068497,0.0,0.0,-0.03470195214108199,0.05590882194222927,0.06053122200426707,0.7166464319438194,-0.8742972007565022,0.0,-0.4530787962757815,0.6744907594765952,0.0,-0.6380145804445306,-0.8592379482176359,0.0,-0.5781349366935439,-0.21542105754208227,0.5177987393598187,-0.19342340321282783,0.9105625252934162,-0.163183248260436,0.0,1.1893130275503958
test,median,UAV_0187,12,-0.7153405941690133,-0.5920248243141347,0.0,0.13489815189585816,0.0012709129836156647,-0.4292867626945857,0.0,0.0,-0.03470195214108199,0.05590882194222927,-0.0570722950326617,0.632335087009299,-0.8587428565503673,0.0,-0.03915495770285482,0.6744907594765952,0.0,-0.6558176096018619,-0.583809756090842,0.0,-0.5781349366935439,-0.21542105754208227,0.5177987393598187,-0.19342340321282783,0.843113449345744,-0.163183248260436,0.0,1.1893130275503958
test,median,UAV_0187,13,-0.7153405941690133,-0.5384327603389566,0.0,0.22483025315961386,0.2572764153089216,-0.2718097090428284,0.0,0.0,-0.03470195214108199,0.18285411933878515,0.06917853943346451,0.632335087009299,-0.7212265436859591,0.0,-0.03915495770285482,1.3489815189531904,0.0,-0.6380145804445306,-0.583809756090842,0.0,-0.5781349366935439,-0.7799727945489774,0.5177987393598187,-0.1880951629024116,0.843113449345744,-0.163183248260436,0.0,1.1904518240719604
test,median,UAV_0187,14,0.30315943373277837,-0.5384327603389566,0.0,0.22483025315961386,0.008701449599067424,-0.2718097090428284,0.0,0.0,0.4815980928667523,0.05590882194222927,0.06917853943346451,0.632335087009299,-0.8587428565503673,0.0,-0.03915495770285482,0.6744907594765952,0.0,-0.6074294461786459,-0.583809756090842,0.0,-0.5781349366935439,-0.7799727945489774,0.8703608031479342,-0.1880951629024116,0.843113449345744,-0.25021431399939265,0.0,0.8066963237270613
test,median,UAV_0187,15,0.30994358769001135,-0.570375393073903,0.0,0.22483025315961386,0.2344524392182002,-0.009347952956511911,0.0,0.0,0.31214705589448954,-0.028735043547543408,-0.3199507448799602,0.29508970727100137,-0.650865682386086,0.0,-0.12492296029009728,0.6744907594765952,0.0,-0.6074294461786459,-0.5795354180019812,0.0,-0.5781349366935439,-0.44421307727645243,0.4539299763986042,-0.22400850287393712,0.6407662215027591,-0.07615218252154829,0.0,0.6814569243948951
test,median,UAV_0187,16,0.30994358769001135,-0.570375393073903,0.0,0.44966050631877846,0.21524693675198395,0.24232770356464126,0.0,0.0,0.31214705589448954,-0.049988469076799845,-0.3199507448799602,0.210778362336409,-0.650865682386086,0.0,-0.12492296029009728,0.6744907594765952,0.0,-0.6074294461786459,-0.5795354180019812,0.0,-0.6744907594813595,-0.7799727945489774,0.37645508965864816,-0.35603028218665117,0.6407662215027591,-0.36444258778169786,0.0,0.6814569243948951
test,median,UAV_0187,17,0.30315943373277837,-0.570375393073903,0.0,0.5395926075816356,0.2344524392182002,0.24232770356464126,0.0,0.0,-0.33556938642809114,-0.028735043547543408,-0.3199507448799602,0.1264670174018886,-0.650865682386086,0.0,-0.19391026671897338,0.6744907594765952,0.0,-0.6074294461786459,-0.5417850430606084,0.0,-0.5781349366935439,-0.7799727945489774,0.3129088629431346,-0.35603028218665117,0.7082152974504312,-0.2828509636514799,0.0,0.16549108214010264
test,median,UAV_0187,18,-0.3934407788209472,-1.2041264778239684,0.0,0.5395926075816356,0.2344524392182002,-0.38038977799908164,0.0,0.0,0.31214705589448954,-0.049988469076799845,-0.3199507448799602,0.08431134493452042,-0.5898810964796202,0.0,-0.6926698469813821,0.6744907594765952,0.0,-0.6303578971594398,-0.5296129637943525,0.0,-0.6744907594813595,-0.44421307727645243,0.3129088629431346,-0.35603028218665117,0.6407662215027591,-0.2828509636514799,0.0,0.16549108214010264
test,median,UAV_0187,19,-1.3300895522127298,-1.2255151562392093,0.0,0.5395926075816356,0.2344524392182002,-0.7039727649547823,0.0,0.0,-0.4776613136400363,-0.049988469076799845,-0.3199507448799602,0.04215567246729619,-0.5898810964796202,0.0,-0.6926698469813821,0.0,0.0,-0.6303578971594398,-0.5417850430606084,0.0,-0.6744907594813595,-0.8096860438650985,0.27142568226168406,-0.22400850287393712,0.7082152974504312,-0.2828509636514799,0.0,0.16549108214010264
test,median,UAV_0187,20,-1.3300895522127298,-1.2255151562392093,0.0,0.5395926075816356,0.24781153904775072,-0.7039727649547823,0.0,0.0,-0.4776613136400363,-0.5998873812237177,-0.17813473904131086,0.08431134493452042,-0.5898810964796202,0.0,-0.41392383857303666,0.0,0.0,-0.6398397234316973,-0.7500913072645808,0.0,-0.8672024050474623,-0.8884261545529049,0.3129088629431346,-0.4192853125364588,0.7082152974504312,-0.2828509636514799,0.0,0.5084203331728714
test,median,UAV_0187,21,-1.3300895522127298,-1.2255151562392093,0.0,0.8543549620041067,0.4910105310479525,-0.7039727649547823,0.0,0.0,-0.5197667240901903,-0.5998873812237177,-0.09166156474942846,0.1264670174018886,-0.5898810964796202,0.0,-0.4372303610151755,0.6744907594765952,0.0,-0.6398397234316973,-0.39407725836084445,0.0,-0.6744907594813595,-0.8096860438650985,0.3360081767320156,-0.1718010013949521,0.7082152974504312,-0.19581989791252322,0.0,0.5084203331728714
test,median,UAV_0187,22,-1.3314727170019216,-1.2255151562392093,0.0,0.22483025315961386,0.4910105310479525,-0.028043858869470455,0.0,0.0,-0.8060968504108807,-0.5998873812237177,-0.1435454693245441,0.1264670174018886,-0.5247287037524493,0.0,-0.41392383857303666,0.0,0.0,-0.6398397234316973,-0.7447965674233986,0.0,-0.6744907594813595,-0.8096860438650985,0.5759769216910796,-0.1718010013949521,0.7082152974504312,-0.19581989791252322,0.0,0.7652902370750935
test,median,UAV_0187,23,-1.0195837999158883,-0.7032640699842466,0.0,0.17986420252706212,0.2294271851290225,-0.028043858869470455,0.0,0.0,-1.274702581336089,0.010085421908194149,-0.09166156474942846,0.1264670174018886,-0.7351008121065333,0.0,-0.3561236629164048,0.6744907594765952,0.0,-0.651422337062969,-0.7447965674233986,0.0,-0.6744907594813595,-0.8096860438650985,0.5759769216910796,-0.1718010013949521,0.7756643733980718,-0.19581989791252322,0.0,0.5084203331728714
test,median,UAV_0187,24,-0.495424339116946,0.06936861032512073,0.0,-0.08993210126375568,-0.22224170503909912,-0.028043858869470455,0.0,0.0,-1.274702581336089,0.3270222800224709,-0.09166156474942846,0.1264670174018886,-0.5247287037524493,0.0,-0.41392383857303666,0.6744907594765952,0.0,-0.651422337062969,-0.7447965674233986,0.0,-0.6744907594813595,-0.8111717063309083,0.5759769216910796,-0.46417206825091817,0.9105625252934162,-0.19581989791252322,0.0,0.5084203331728714
test,median,UAV_0187,25,-0.495424339116946,0.2115632017981514,0.0,0.17986420252706212,-0.22224170503909912,-0.37895163139034854,0.0,0.0,-1.274702581336089,0.3270222800224709,-0.1297097614378466,0.1264670174018886,-0.04741201204297477,0.0,-0.3561236629164048,0.6744907594765952,0.0,-0.651422337062969,-0.7447965674233986,0.0,-0.6744907594813595,-0.6462631726262468,0.5820499855208994,-0.16923641892225796,0.7756643733980718,-0.28829040526014954,0.0,0.9362391989280757
test,median,UAV_0187,26,-0.02179459694897133,0.2115632017981514,0.0,0.17986420252706212,-0.22224170503909912,-0.37895163139034854,0.0,0.0,-0.4035307026607794,0.010085421908194149,-0.1297097614378466,0.3372453797382976,-0.04741201204297477,0.0,-0.3523946193256934,0.0,0.0,-0.651422337062969,-0.910512860183052,0.0,-0.6744907594813595,-0.8111717063309083,0.5820499855208994,-0.5248862645542267,0.7756643733980718,-0.28829040526014954,0.0,0.9362391989280757
test,median,UAV_0187,27,-0.02179459694897133,0.2504661510220508,0.0,-0.08993210126375568,-0.22224170503909912,-0.37895163139034854,0.0,0.0,-0.4035307026607794,0.010085421908194149,-0.08993210126357977,0.3372453797382976,-0.7410915329748795,0.0,-0.3523946193256934,0.6744907594765952,0.0,-0.6308236450675034,-0.910512860183052,0.0,-0.6744907594813595,-0.6462631726262468,0.5820499855208994,-0.08958913429116115,0.6744907594765952,-0.23389598917338353,0.0,0.7962458770826828
test,median,UAV_0187,28,-0.02179459694897133,0.2115632017981514,0.0,0.314762354422471,-0.22224170503909912,-0.37895163139034854,0.0,0.0,-0.4035307026607794,0.36533789029147284,-0.1297097614378466,0.3372453797382976,-0.5152405813389311,0.0,-0.3523946193256934,0.0,0.0,-0.6248781645738805,-0.910512860183052,0.0,-0.7708465822644108,-0.7175749709850042,0.5120035929490612,-0.24032762996895124,0.6744907594765952,-0.28829040526014954,0.0,0.7962458770826828
test,median,UAV_0187,29,-0.02179459694897133,-0.13465925986702118,0.0,0.35972840505502274,-0.2598240994578732,-0.11433265539100589,0.0,0.0,-0.9834761798423419,-0.5292066819873571,-0.08993210126357977,0.3372453797382976,-0.7410915329748795,0.0,-0.17712957056049705,0.0,0.0,-0.6248781645738805,-0.7874587740538477,0.0,-0.8672024050474623,-0.6462631726262468,0.5954078435798018,-0.24032762996895124,0.6744907594765952,-0.23389598917338353,0.0,0.746130812090111
test,median,UAV_0187,30,-0.612913922343077,-0.13465925986702118,0.0,0.314762354422471,-0.44917100951270544,-0.11433265539100589,0.0,0.0,-0.9834761798423419,-0.5089606812971647,0.10030888217853388,0.08431134493452042,-0.7410915329748795,0.0,-0.3523946193256934,0.6744907594765952,0.0,-0.6101175480905517,-0.39910798881513976,0.0,-0.8672024050474623,-0.3030751430247101,0.5120035929490612,-0.24032762996895124,0.6744907594765952,-0.23389598917338353,0.0,0.746130812090111
test,median,UAV_0187,31,-0.612913922343077,-0.13465925986702118,0.0,-0.8993210126357598,-0.44917100951270544,-0.5385859049551973,0.0,0.0,-0.9834761798423419,-0.5089606812971647,0.20926508178631123,0.0,-0.5152405813389311,0.0,-0.48477566679721346,0.6744907594765952,0.0,-0.6089024508088133,-0.39910798881513976,0.0,-0.8672024050474623,-0.1426235967175521,0.5954078435798018,-0.24032762996895124,0.7756643733980718,-0.26109319721676655,0.0,0.7962458770826828
test,median,UAV_0187,32,0.5336963074215841,-0.7943241868381546,0.0,0.314762354422471,-0.44917100951270544,-0.5385859049551973,0.0,0.0,-0.5465230058229319,-0.6646593189775893,0.23174810710220617,0.0,-0.5152405813389311,0.0,-0.23399748531947856,0.6744907594765952,0.0,-0.5916575775540999,-0.7874587740538477,0.0,-0.4817791139152568,-0.3030751430247101,0.07072400388172631,-0.24032762996895124,0.7756643733980718,-0.34812426295561977,0.0,0.4607973657846293
test,median,UAV_0187,33,-0.612913922343077,-1.087936470651382,0.0,-0.04496605063165321,-0.02027757075350121,-0.5385859049551973,0.0,0.0,-0.012195165380668543,-0.6646593189775893,0.23174810710220617,0.0,-0.479864717613959,0.0,-0.23399748531947856,1.3489815189531904,0.0,-0.5916575775540999,-0.7545543583979073,0.0,-0.2890674683491541,-0.3030751430247101,0.6873612059058821,-0.34041776959001135,0.7756643733980718,-0.28829040526014954,0.0,1.1699025556159994
test,median,UAV_0187,34,-1.4988157968527807,-0.7943241868381546,0.0,-0.22483025315916458,0.29101568625740226,-0.5385859049551973,0.0,0.0,0.09455259960327402,-0.7280026862584604,0.20926508178631123,-0.1264670174018886,-0.479864717613959,0.0,-0.48477566679721346,0.6744907594765952,0.0,-0.5561006987239784,-0.7545543583979073,0.0,-0.2890674683491541,-0.34467369206734644,0.6873612059058821,-0.34041776959001135,0.9442870632672522,-0.28829040526014954,0.0,1.1699025556159994
test,median,UAV_0187,35,0.5336963074215841,-0.7943241868381546,0.0,-0.04496605063165321,0.29101568625740226,-0.19774515869517312,0.0,0.0,0.09455259960327402,-0.7280026862584604,0.05707229503259269,0.0,-0.4911070820169395,0.0,-0.23865878980784033,0.6744907594765952,0.0,-0.5561006987239784,-0.7545543583979073,0.0,-0.3854232911322054,-0.8587129052367466,0.6873612059058821,-0.46153828704625594,0.9105625252934162,-0.28829040526014954,0.0,0.8941886780139618
test,median,UAV_0187,36,-0.7033618859031846,-0.033496575232902434,0.0,-0.04496605063165321,0.2649221281381183,-0.023729419043418163,0.0,0.0,0.5579288280671207,-0.5257644124870042,0.05707229503259269,-0.1264670174018886,-0.4911070820169395,0.0,-0.23865878980784033,0.6744907594765952,0.0,-0.6488826265616954,-0.7545543583979073,0.0,-0.3854232911322054,-1.222700209359583,0.6849380462467438,-0.34041776959001135,0.9442870632672522,-0.31548761330360153,0.0,0.7171932357643215
test,median,UAV_0187,37,-1.1333561672524903,0.057658847019974445,0.0,-0.04496605063165321,0.29101568625740226,-0.023729419043418163,0.0,0.0,0.09455259960327402,-0.16066414932507897,0.006917853943302742,-0.1264670174018886,-0.4911070820169395,0.0,-0.23865878980784033,0.6744907594765952,0.0,-0.6602508864992551,-0.7539518008708738,0.0,-0.6744907594813595,-1.222700209359583,0.6849380462467438,-0.34041776959001135,0.9442870632672522,-0.28829040526014954,0.0,0.8941886780139618
test,median,UAV_0187,38,-0.7033618859031846,0.057658847019974445,0.0,0.35972840505502274,0.2649221281381183,-0.023729419043418163,0.0,0.0,0.09455259960327402,-0.1196884704979324,-0.2386659610455779,-0.1264670174018886,-0.5673537201707785,0.0,-0.2712879212269227,0.0,0.0,-0.6488826265616954,-0.6459615405364391,0.0,-0.7708465822644108,-0.8587129052367466,0.634108787455566,-0.32776654758144824,0.9105625252934162,-0.28829040526014954,0.0,0.7905801906561537
test,median,UAV_0187,39,0.947960649706658,-0.033496575232902434,0.0,0.35972840505502274,0.24579111003817455,-0.10929914226061155,0.0,0.0,0.08899564412345544,-0.10110997274570026,-0.06917853943353353,0.3372453797382976,-0.579828493234981,0.0,-0.2712879212269227,0.0,0.0,-0.6488826265616954,-0.44668559989880924,0.0,-0.7708465822644108,-0.8587129052367466,0.5992566515924506,-0.32776654758144824,0.8093889113719079,-0.31548761330360153,0.0,0.7419466992583426
test,median,UAV_0187,40,-0.7033618859031846,-0.6707138004291064,0.0,0.35972840505502274,0.2649221281381183,-0.10929914226061155,0.0,0.0,0.010408299644785297,-0.10110997274570026,-0.06917853943353353,0.3372453797382976,-0.5673537201707785,0.0,-0.2843395737945776,0.0,0.0,-0.6355589238408088,-0.6459615405364391,0.0,-0.7708465822644108,-0.9196250663348728,0.595865842009006,-0.179311120421301,0.6407662215027591,-0.31548761330360153,0.0,0.7419466992583426
test,median,UAV_0187,41,0.37933912439074424,-0.6707138004291064,0.0,0.314762354422471,0.48018536779510734,-0.20925033156471118,0.0,0.0,0.010408299644785297,-0.10110997274570026,-0.07782585686270796,0.3372453797382976,-0.579828493234981,0.0,-0.2843395737945776,0.0,0.0,-0.6280617321031876,-0.36130614583949644,0.0,-0.6744907594813595,-0.9196250663348728,0.3425941890952258,-0.32776654758144824,0.6407662215027591,-0.32636649652094096,0.0,0.7650966816371423
test,median,UAV_0187,42,0.9075682105724422,-0.6707138004291064,0.0,-0.1348981518954089,0.24579111003817455,-0.22578901756464356,0.0,0.0,0.010408299644785297,-0.2294993055735717,-0.06917853943353353,0.3372453797382976,-0.5673537201707785,0.0,-0.2843395737945776,0.0,0.0,-0.6280617321031876,-0.6459615405364391,0.0,-0.6744907594813595,-0.9196250663348728,0.3425941890952258,-0.32776654758144824,0.6407662215027591,-0.34812426295561977,0.0,0.7419466992583426
test,median,UAV_0187,43,0.37933912439074424,-1.0166314880381377,0.0,-0.4946265569499824,0.24579111003817455,-0.2394514103472404,0.0,0.0,0.010408299644785297,-0.2294993055735717,0.029400879259197685,0.3372453797382976,-0.579828493234981,0.0,-0.2843395737945776,0.0,0.0,-0.6280617321031876,-0.6931493538541843,0.0,-0.5781349366935439,-0.9537953030484233,0.3425941890952258,-0.3294951214541423,0.8093889113719079,-0.36988202939040205,0.0,0.7303683809119651
test,median,UAV_0187,44,-0.20564502382281766,-0.07813037198412709,0.0,-0.4946265569499824,0.4808180125450459,-0.2394514103472404,0.0,0.0,0.4116388509049721,-0.2294993055735717,0.029400879259197685,0.210778362336409,-0.42411410204666916,0.0,-0.4260432302429312,0.0,0.0,-0.635008153504965,-0.6931493538541843,0.0,-0.5781349366935439,-0.9196250663348728,0.4748919005633985,-0.31501025683109013,0.8768379873195801,-0.36988202939040205,0.0,0.7303683809119651
test,median,UAV_0187,45,-0.20564502382281766,-0.014865427553146635,0.0,-0.4946265569499824,0.7170377845881445,-0.2394514103472404,0.0,0.0,0.4116388509049721,0.48375864253039463,0.029400879259197685,0.210778362336409,-0.42411410204666916,0.0,-0.3859560116424261,0.0,0.0,-0.635008153504965,-0.6931493538541843,0.0,-0.6744907594813595,-0.9419100033219452,0.4748919005633985,-0.3294951214541423,0.8768379873195801,-0.32636649652094096,0.0,0.7334988158977455
test,median,UAV_0187,46,-0.3185652637199212,-0.07813037198412709,0.0,-0.4946265569499824,0.7519985697501459,-0.39333309747728745,0.0,0.0,-0.03469460558666597,0.7976898557218397,0.15046332326782383,0.210778362336409,-0.4124064606204428,0.0,-0.4223141866522198,0.0,0.0,-0.635008153504965,-0.7220945351302296,0.0,-0.6744907594813595,-0.9419100033219452,0.5068407461983802,-0.3294951214541423,0.843113449345744,-0.36988202939040205,0.0,0.7334988158977455
test,median,UAV_0187,47,-0.3185652637199212,-0.07813037198412709,0.0,-0.4946265569499824,0.7519985697501459,-0.7579032627807297,0.0,0.0,0.4116388509049721,0.7976898557218397,0.15046332326782383,0.210778362336409,-0.4124064606204428,0.0,-0.4223141866522198,0.6744907594765952,0.0,-0.631275620686966,-0.7561211449984546,0.0,-0.8672024050474623,-0.9537953030484233,0.4748919005633985,-0.4017694951755767,0.8093889113719079,-0.40795812065115894,0.0,0.9150332480962763
test,median,UAV_0187,48,-0.20564502382281766,-0.07813037198412709,0.0,-0.719456810109147,0.7519985697501459,-0.6478850472158089,0.0,0.0,0.41752064964293883,0.7976898557218397,0.0709080029192902,0.1264670174018886,-0.18298878636017327,0.0,-0.4223141866522198,0.0,0.0,-0.635008153504965,-0.7630466633704442,0.0,-0.8672024050474623,-0.9419100033219452,0.33625675049126225,-0.4017694951755767,0.7419398354242673,-0.25565375560809683,0.0,0.9150332480962763
test,median,UAV_0187,49,-0.3185652637199212,-0.2135810922567477,0.0,-0.719456810109147,0.2342346700598154,-0.6478850472158089,0.0,0.0,-0.790260124065859,0.8309430961256682,0.15046332326782383,0.1264670174018886,-0.18298878636017327,0.0,-0.3859560116424261,0.6744907594765952,0.0,-0.631275620686966,-0.7630466633704442,0.0,-0.6744907594813595,-0.9419100033219452,0.33398889918825464,-0.4017694951755767,0.5733171455551186,-0.23933543078205324,0.0,0.7334988158977455
test,median,UAV_0187,50,0.005790856006453662,-0.725900849165103,0.0,-0.719456810109147,0.2342346700598154,-0.6478850472158089,0.0,0.0,0.41752064964293883,1.0189924069887757,0.15046332326782383,0.1264670174018886,-0.18298878636017327,0.0,-0.3160364443160096,0.6744907594765952,0.0,-0.631275620686966,-0.7630466633704442,0.0,-0.5781349366935439,-1.025107101407218,0.33398889918825464,-0.4017694951755767,0.5733171455551186,-0.3100481716949318,0.0,0.5391014618491778
test,median,UAV_0187,51,0.005790856006453662,-0.650268240566799,0.0,-0.5845586582141874,-0.719327310365041,-0.19414979217343023,0.0,0.0,0.41752064964293883,0.521637473910698,0.0709080029192902,0.1264670174018886,-0.18298878636017327,0.0,-0.24798139878478384,-0.6744907594765952,0.0,-0.6337561568214881,-0.7903854893344359,0.0,-0.5781349366935439,-0.9953938520910968,0.33398889918825464,-0.1551652695724359,0.5733171455551186,-0.3100481716949318,0.0,0.5391014618491778
test,median,UAV_0187,52,-0.6871600940674932,-0.725900849165103,0.0,-0.314762354422471,0.22983272101887567,-0.11361358208666383,0.0,0.0,-0.38885686115516566,0.521637473910698,0.0709080029192902,0.42155672467288996,-0.18298878636017327,0.0,-0.24798139878478384,-0.6744907594765952,0.0,-0.6555292876604926,-0.9285051747463219,0.0,-0.5781349366935439,-0.8037433940018595,0.33625675049126225,-0.14540580176546328,0.47214353163361034,-0.23933543078205324,0.0,0.5391014618491778
test,median,UAV_0187,53,-0.6871600940674932,-0.725900849165103,0.0,0.8543549620041067,0.22983272101887567,-0.11361358208666383,0.0,0.0,-0.6351848416164976,1.0189924069887757,-0.20407669132888018,0.5901794145420027,-0.40340963773212846,0.0,-0.24798139878478384,0.6744907594765952,0.0,-0.6543078646297245,-0.7903854893344359,0.0,-0.5781349366935439,-0.9953938520910968,0.6132063196199516,-0.14540580176546328,0.5733171455551186,-0.3100481716949318,0.0,0.35046194647017387
test,median,UAV_0187,54,0.005790856006453662,-0.650268240566799,0.0,0.8543549620041067,0.22983272101887567,-0.19414979217343023,0.0,0.0,-0.38885686115516566,0.521637473910698,-0.20407669132888018,0.7166464319438194,-0.40340963773212846,0.0,-0.24798139878478384,0.0,0.0,-0.6543078646297245,-0.7903854893344359,0.0,-0.5781349366935439,-0.9953938520910968,0.6132063196199516,-0.3364695469468039,0.6744907594765952,-0.4025186790424892,0.0,0.7818216584361392
test,median,UAV_0187,55,0.4371406440245497,-0.36049906781497604,0.0,0.8543549620041067,-0.4881154954533861,-0.19414979217343023,0.0,0.0,-0.6351848416164976,-0.10091102241359136,-0.20407669132888018,0.5901794145420027,-0.40340963773212846,0.0,-0.07737765450805928,0.6744907594765952,0.0,-0.6543078646297245,-0.5768806171312968,0.0,-0.5781349366935439,-0.5348384876906627,0.6132063196199516,-0.20033457644778435,0.6744907594765952,-0.4133975622598631,0.0,0.7818216584361392
test,median,UAV_0187,56,0.4371406440245497,-0.36049906781497604,0.0,0.8543549620041067,0.22983272101887567,-0.312077814086179,0.0,0.0,-0.7807106395054461,-0.10091102241359136,-0.008647317429220445,0.42155672467288996,-0.584566396864096,0.0,-0.6134276706780222,0.6744907594765952,0.0,-0.6543078646297245,-0.4748434396453338,0.0,-0.4817791139152568,-0.5348384876906627,0.5315247937198653,-0.20033457644778435,0.6744907594765952,-0.4025186790424892,0.0,0.7932767148576629
test,median,UAV_0187,57,0.4371406440245497,0.1086448629917025,0.0,0.08993210126375568,0.4698262358232812,-0.312077814086179,0.0,0.0,-0.6351848416164976,-0.08127331707324019,-0.008647317429220445,0.29508970727100137,-0.584566396864096,0.0,-0.6134276706780222,0.6744907594765952,0.0,-0.6528928787291798,-0.4748434396453338,0.0,-0.4817791139152568,-0.5348384876906627,0.5276824975494971,-0.316253950024557,0.8768379873195801,-0.4025186790424892,0.0,0.7932767148576629
test,median,UAV_0187,58,-0.8217070318766707,0.16278900060504145,0.0,0.08993210126375568,0.010179539249877169,-0.10570377573886866,0.0,0.0,-0.0676502325242989,-0.2893158230096493,0.12279190749442882,0.29508970727100137,-0.9143051670155944,0.0,-0.4232464475499802,0.6744907594765952,0.0,-0.6367241696251517,-0.4222848791096117,0.0,-0.4817791139152568,-0.5348384876906627,0.5276824975494971,-0.20033457644778435,0.8768379873195801,-0.4133975622598631,0.0,0.7932767148576629
test,median,UAV_0187,59,-0.8217070318766707,0.16278900060504145,0.0,0.08993210126375568,0.4698262358232812,0.012943319478222155,0.0,0.0,-0.5965500625300967,-0.516320126770429,0.12279190749442882,0.29508970727100137,-0.9143051670155944,0.0,-0.269423399431512,0.6744907594765952,0.0,-0.6367241696251517,-0.4222848791096117,0.0,-0.3854232911322054,-0.5348384876906627,0.5276824975494971,-0.20033457644778435,0.8768379873195801,-0.17950157308654854,0.0,0.8416569931030385
test,median,UAV_0187,60,-0.8217070318766707,-0.04948457461306502,0.0,0.08993210126375568,0.4698262358232812,-0.038110885130324415,0.0,0.0,-0.5965500625300967,-0.08127331707324019,0.12279190749442882,0.29508970727100137,-0.9639971559797532,0.0,-0.4232464475499802,0.6744907594765952,0.0,-0.6300443143954265,-0.4748434396453338,0.0,-0.4817791139152568,-0.8884261545529049,0.5315247937198653,-0.27983222883249564,0.8768379873195801,-0.17950157308654854,0.0,0.8416569931030385
test,median,UAV_0187,61,0.09347754987411769,-0.04948457461306502,0.0,0.314762354422471,0.4698262358232812,-0.038110885130324415,0.0,0.0,0.30134401173278264,-0.08127331707324019,0.06744907594763883,0.3794010522055218,-1.1249754319580347,0.0,-0.4232464475499802,0.6744907594765952,0.0,-0.6300443143954265,-0.5581677167671399,0.0,-0.4817791139152568,-0.5110678882378177,0.22094265099838262,-0.27983222883249564,0.7756643733980718,-0.217577664347271,0.0,0.7365333274956435
test,median,UAV_0187,62,0.09347754987411769,-0.04948457461306502,0.0,0.314762354422471,0.4882047246492859,-0.08413157660850928,0.0,0.0,-0.5965500625300967,0.5149595289483195,0.06744907594763883,0.3794010522055218,-0.9639971559797532,0.0,-0.4232464475499802,0.6744907594765952,0.0,-0.6367241696251517,-0.5581677167671399,0.0,-0.2890674683491541,-0.5110678882378177,0.622944752007995,-0.27983222883249564,0.6070416835289231,-0.29916928847748897,0.0,0.44652313582714154
test,median,UAV_0187,63,0.4274669654479277,-0.04948457461306502,0.0,0.26979630379126707,0.7328017683692601,-0.08413157660850928,0.0,0.0,-0.7475824249635957,0.5149595289483195,0.06744907594763883,0.2529340348037052,-0.564429205535315,0.0,-0.42417870844763056,0.6744907594765952,0.0,-0.6300443143954265,-0.5581677167671399,0.0,-0.2890674683491541,-0.5110678882378177,0.5688165432825137,-0.4372849321331398,0.4046944556859382,-0.29916928847748897,0.0,0.44652313582714154
test,median,UAV_0187,64,0.5623812324744841,-0.2730756748117723,0.0,0.26979630379126707,0.7445893613074627,-0.09060323634758773,0.0,0.0,-0.7784654514671723,0.5149595289483195,-0.005188390457569075,0.2529340348037052,-0.7451334838534921,0.0,-0.42417870844763056,0.6744907594765952,0.0,-0.6300443143954265,-0.5581677167671399,0.0,-0.5781349366935439,-0.6626054597501542,0.5688165432825137,-0.4372849321331398,0.6070416835289231,-0.29916928847748897,0.0,0.41901151004373227
test,median,UAV_0187,65,0.4274669654479277,0.048390311721890344,0.0,0.13489815189585816,0.7445893613074627,-0.09060323634758773,0.0,0.0,-0.7784654514671723,-0.11021798272133498,-0.11068566309364904,0.2529340348037052,-0.7451334838534921,0.0,-0.2712879212269227,0.6744907594765952,0.0,-0.6210537421583836,-0.8227753080714931,0.0,-0.5781349366935439,-0.6626054597501542,0.49198326481561677,-0.4372849321331398,0.6070416835289231,-0.31548761330360153,0.0,0.41901151004373227
test,median,UAV_0187,66,0.4274669654479277,0.7367736986815806,0.0,0.13489815189585816,0.4882047246492859,-0.08413157660850928,0.0,0.0,-0.7784654514671723,-0.5341087240770018,-0.20926508178638023,0.08431134493452042,-0.7451334838534921,0.0,-0.2712879212269227,0.6744907594765952,0.0,-0.5882191150533561,-0.5555637642372258,0.0,-0.6744907594813595,-0.7562021950960212,0.49198326481561677,-0.4372849321331398,0.6070416835289231,-0.31548761330360153,0.0,0.5337166661236661
test,median,UAV_0187,67,0.49695011944381035,0.7367736986815806,0.0,0.26979630379126707,0.487882809499234,-0.034515518608614175,0.0,0.0,0.17729507556359386,-0.5341087240770018,-0.3303275257950064,-0.04215567246729619,-0.8475307257323799,0.0,-0.45121427448059076,0.6744907594765952,0.0,-0.5882191150533561,-0.5555637642372258,0.0,-0.7708465822644108,-0.7562021950960212,0.49198326481561677,-0.4372849321331398,0.6407662215027591,-0.32636649652094096,0.0,0.5337166661236661
test,median,UAV_0187,68,1.4824978824437136,0.7367736986815806,0.0,0.6295247088453912,0.2512748866597258,-0.034515518608614175,0.0,0.0,0.282318680185022,-0.11021798272133498,-0.3303275257950064,-0.04215567246729619,-0.8552797083733561,0.0,-0.2712879212269227,0.6744907594765952,0.0,-0.6210537421583836,-0.5555637642372258,0.0,-0.7708465822644108,-0.7562021950960212,0.49198326481561677,-0.34543875268156976,0.6407662215027591,-0.33180593812964515,0.0,0.41271533138508126
test,median,UAV_0187,69,0.49695011944381035,0.7930619338101281,0.0,0.6295247088453912,0.24300274462768348,0.10714192234758539,0.0,0.0,1.8511951458961986,-0.08864857315513362,-0.20926508178638023,-0.04215567246729619,-1.1321684808486272,0.0,-0.1696714833790742,0.6744907594765952,0.0,-0.6210537421583836,-0.5555637642372258,0.0,-0.7708465822644108,-0.7562021950960212,0.49198326481561677,-0.43017486908225117,0.5058680696074463,-0.33180593812964515,0.0,0.41271533138508126
test,median,UAV_0187,70,1.4824978824437136,0.7367736986815806,0.0,1.259049417691232,0.2512748866597258,0.10714192234758539,0.0,0.0,1.8511951458961986,0.2446883491927073,-0.20580615481470585,-0.1264670174018886,-1.1321684808486272,0.0,-0.462401405252835,0.6744907594765952,0.0,-0.6485558983814856,-0.5555637642372258,0.0,-0.7708465822644108,-0.7562021950960212,0.551457824728207,-0.34543875268156976,0.6407662215027591,-0.32636649652094096,0.0,0.41271533138508126
test,median,UAV_0187,71,0.49695011944381035,-0.4373356118499378,0.0,1.259049417691232,0.4720426088757257,-0.022291272434734066,0.0,0.0,0.17729507556359386,0.2446883491927073,-0.20580615481470585,-0.1264670174018886,-1.1321684808486272,0.0,-0.1696714833790742,0.6744907594765952,0.0,-0.6485558983814856,-0.41905368767171325,0.0,-0.5781349366935439,-0.6715194345449758,0.551457824728207,-0.43017486908225117,0.8093889113719079,-0.32636649652094096,0.0,0.37327398237913506
test,median,UAV_0187,72,0.8389172073681985,-0.4373356118499378,0.0,0.13489815189585816,0.2512748866597258,-0.041706251652067296,0.0,0.0,1.8511951458961986,0.8141056351192375,-0.08474371080610271,-0.1264670174018886,-1.1684211598488476,0.0,-0.1696714833790742,0.6744907594765952,0.0,-0.5728630076045153,-0.3627701720363414,0.0,-0.4817791139152568,-0.6715194345449758,0.4533117274283369,-0.34543875268156976,0.8093889113719079,-0.271972080434106,0.0,0.37327398237913506
test,median,UAV_0187,73,0.5011982125263523,0.17716653394976772,0.0,-0.314762354422471,-0.7317726448267505,-0.022291272434734066,0.0,0.0,0.2600825520676158,0.8141056351192375,-0.11587405355114909,0.04215567246729619,-1.1684211598488476,0.0,-0.14356817824376433,0.6744907594765952,0.0,-0.5728630076045153,-0.41905368767171325,0.0,-0.4817791139152568,-0.6715194345449758,0.4533117274283369,-0.3076360086361669,0.8093889113719079,-0.07071274091287859,0.0,0.7903493420929253
test,median,UAV_0187,74,0.5011982125263523,-0.4024635340716886,0.0,-0.314762354422471,-0.7317726448267505,-0.041706251652067296,0.0,0.0,0.019294570840560205,-0.3997028494386638,-0.11587405355114909,-0.1264670174018886,-1.1684211598488476,0.0,-0.14356817824376433,0.6744907594765952,0.0,-0.05278776598072156,-0.692565170571326,0.0,-0.4817791139152568,-0.8275139934547786,0.551457824728207,-0.3076360086361669,1.0117361392148927,-0.07071274091287859,0.0,0.7903493420929253
test,median,UAV_0187,75,0.35298791876351754,0.17716653394976772,0.0,-0.314762354422471,-0.9215047120040596,-0.041706251652067296,0.0,0.0,0.2600825520676158,-0.3997028494386638,-0.09166156474942846,0.1686226898691128,-1.1684211598488476,0.0,-0.14356817824376433,0.6744907594765952,0.0,-0.05278776598072156,-0.6682323214359807,0.0,-0.4817791139152568,-0.31793176768280773,0.5703188618267482,-0.3076360086361669,1.0117361392148927,-0.24477487239072296,0.0,0.6679442335233237
test,median,UAV_0187,76,0.35298791876351754,0.17716653394976772,0.0,-0.7644228607403509,-0.9215047120040596,-0.126556901564886,0.0,0.0,0.29620192637669795,-0.18652269224104254,0.12279190749442882,0.3794010522055218,-0.9458617834781018,0.0,-0.09415835066642562,0.6744907594765952,0.0,-0.6739975748455561,-0.6682323214359807,0.0,-0.4817791139152568,-0.8275139934547786,0.6155315217386408,-0.3026412859370202,1.0117361392148927,-0.20125933952126185,0.0,0.6679442335233237
test,median,UAV_0187,77,0.35298791876351754,-0.4024635340716886,0.0,-0.4946265569499824,-0.7317726448267505,-0.126556901564886,0.0,0.0,0.2600825520676158,-0.3997028494386638,-0.09166156474942846,0.3794010522055218,-0.19634654546981611,0.0,-0.09415835066642562,0.6744907594765952,0.0,-0.6739975748455561,-0.6682323214359807,0.0,-0.4817791139152568,-0.8275139934547786,0.6155315217386408,-0.30259462018334593,0.5395926075812509,-0.20125933952126185,0.0,0.581769072110655
test,median,UAV_0187,78,-0.3320908144129202,-0.4024635340716886,0.0,0.5395926075816356,-0.9215047120040596,-0.3048870810427259,0.0,0.0,0.29620192637669795,-0.18652269224104254,-0.09166156474942846,0.3794010522055218,-0.19634654546981611,0.0,-0.21442000646805115,0.6744907594765952,0.0,-0.6739975748455561,-0.21067019526479866,0.0,-0.4817791139152568,-0.9478526531852213,0.6155315217386408,-0.10681509371244625,0.9105625252934162,-0.20125933952126185,0.0,0.581769072110655
test,median,UAV_0187,79,-0.3320908144129202,0.23965689206664756,0.0,-0.35972840505502274,-0.4595758954840707,-0.3048870810427259,0.0,0.0,1.3623706849983457,-0.18652269224104254,-0.11933298052282347,0.3794010522055218,-0.19634654546981611,0.0,-0.21442000646805115,0.6744907594765952,0.0,-0.6739975748455561,-0.21067019526479866,0.0,-0.5781349366935439,-0.589807998925587,0.4965720771299298,-0.07158165214503748,0.5395926075812509,-0.20125933952126185,0.0,0.6679442335233237
test,median,UAV_0187,80,0.2947689537775524,-0.5586620038681116,0.0,-0.44966050631877846,0.7327062859327146,-0.317111327216606,0.0,0.0,1.3860995785016257,-0.4802242621212807,-0.11933298052282347,0.3372453797382976,-0.19634654546981611,0.0,0.05500339296346083,0.6744907594765952,0.0,-0.6735944227510982,-0.21067019526479866,0.0,-0.5781349366935439,-0.9478526531852213,0.3611087813395061,-0.10681509371244625,0.5395926075812509,-0.14686492343442686,0.0,0.2979485982496643
test,median,UAV_0187,81,0.2947689537775524,-1.1775457003609928,0.0,-0.44966050631877846,0.7327062859327146,-0.5874828896507177,0.0,0.0,1.3623706849983457,-0.4802242621212807,-0.11933298052282347,0.29508970727100137,-0.43590145490080195,0.0,0.05780017565652189,0.6744907594765952,0.0,-0.6586877607192226,-0.31964358449015906,0.0,-0.5781349366935439,-0.9478526531852213,0.002785925849812288,-0.12177799812629898,0.5395926075812509,-0.14686492343442686,0.0,0.7036326984694642
test,median,UAV_0187,82,-0.5792628145985615,0.419518833596742,0.0,-0.35972840505502274,0.7166975797771615,-0.6651428065201159,0.0,0.0,1.3623706849983457,-0.4802242621212807,-0.07609639337688227,0.0,-0.43590145490080195,0.0,0.05780017565652189,0.6744907594765952,0.0,-0.6586877607192226,-0.4159526934734067,0.0,-0.5781349366935439,-1.1246464866162866,0.002785925849812288,-0.12177799812629898,0.5395926075812509,-0.271972080434106,0.0,0.7036326984694642
test,median,UAV_0187,83,0.2947689537775524,0.419518833596742,0.0,-0.44966050631877846,0.7166975797771615,-0.6651428065201159,0.0,0.0,0.7775128088531891,-0.4802242621212807,-0.07609639337688227,0.0,-0.43590145490080195,0.0,0.05780017565652189,0.6744907594765952,0.0,-0.6447314921435693,-0.5919819583524367,0.0,-0.5781349366935439,-1.1246464866162866,0.21222413606605828,-0.39286756203552986,0.5395926075812509,-0.35900314617302814,0.0,0.6542324393394949
test,median,UAV_0187,84,0.4096268015051354,0.8274391417745351,0.0,-0.44966050631877846,0.6638807477511736,-0.6651428065201159,0.0,0.0,0.27081815667147074,-0.4258873628437889,0.0017294634858026812,0.1264670174018886,-0.21224738774017174,0.0,-0.008390348079183176,0.6744907594765952,0.0,-0.6447314921435693,-0.5919819583524367,0.0,-0.5781349366935439,-1.1246464866162866,0.21222413606605828,-0.5000115796749426,0.5395926075812509,-0.35900314617302814,0.0,0.4513209448434397
test,median,UAV_0187,85,0.2563190553412271,0.8274391417745351,0.0,-0.17986420252751137,0.6638807477511736,-0.6651428065201159,0.0,0.0,-0.3333679144606658,0.37464742685605734,0.006917853943302742,0.1264670174018886,-0.21224738774017174,0.0,-0.008390348079183176,0.0,0.0,-0.6447314921435693,-0.5919819583524367,0.0,-0.5781349366935439,-0.22136370740532132,0.21222413606605828,-0.5000115796749426,0.37096991771213367,-0.35900314617302814,0.0,0.4513209448434397
test,median,UAV_0187,86,0.2563190553412271,0.8381191612493187,0.0,0.5845586582137381,0.4942681754287395,-0.15316261382570498,0.0,0.0,0.27081815667147074,0.37464742685605734,0.13835707886692902,0.1264670174018886,-0.1310176326102347,0.0,-0.2134877455704008,0.0,0.0,-0.6645184756791992,-0.5919819583524367,0.0,-0.5781349366935439,0.21244973261049982,0.21222413606605828,-0.5000115796749426,0.3372453797382976,-0.34812426295561977,0.0,0.38729414419416947
test,median,UAV_0187,87,0.2563190553412271,0.8274391417745351,0.0,0.7644228607403509,0.4942681754287395,-0.08341250330413459,0.0,0.0,-0.3333679144606658,0.6551258368190216,0.0017294634858026812,0.1264670174018886,-0.1310176326102347,0.0,-0.2134877455704008,0.6744907594765952,0.0,-0.6447314921435693,-0.5784282470261224,0.0,-0.7708465822644108,0.21244973261049982,0.21222413606605828,-0.08247398431830989,0.20234722784298487,-0.31548761330360153,0.0,0.4513209448434397
test,median,UAV_0187,88,-0.1693743130705538,0.024021425054683916,0.0,0.7644228607403509,0.4942681754287395,-0.08341250330413459,0.0,0.0,-0.5196498318946889,0.6551258368190216,0.26979630379060127,0.210778362336409,-0.21224738774017174,0.0,-0.1361100910623415,0.6744907594765952,0.0,-0.6244583910423875,-0.5784282470261224,0.0,-0.7708465822644108,0.21244973261049982,0.20779561828468748,-0.08247398431830989,0.20234722784298487,-0.217577664347271,0.0,0.3104242361167691
test,median,UAV_0187,89,-0.3292526643638553,0.024021425054683916,0.0,0.7644228607403509,-0.011880794265309256,-0.14093836765182488,0.0,0.0,-0.3333679144606658,0.6551258368190216,0.26979630379060127,1.0117361392148208,-0.21865826423260792,0.0,-0.2134877455704008,0.0,0.0,-0.6029835850434349,-0.19658036155741285,0.0,-0.8672024050474623,-0.1515375715123736,0.17498028301901405,-0.08247398431830989,0.20234722784298487,-0.29372984686881926,0.0,0.3104242361167691
test,median,UAV_0187,90,-0.3292526643638553,0.024021425054683916,0.0,0.719456810109147,-0.011880794265309256,-0.14093836765182488,0.0,0.0,0.1257506572567153,-0.18103350993298922,0.19024098344209064,1.0117361392148208,-0.10131882057611384,0.0,-0.2433200942963121,0.6744907594765952,0.0,-0.6029835850434349,-0.005239235400453618,0.0,-0.8672024050474623,-0.5779226991991088,0.20779561828468748,-0.23163012923993376,0.47214353163361034,-0.26653263882543626,0.0,0.728542214975164
test,median,UAV_0187,91,-0.3292526643638553,-0.050036974674816076,0.0,0.719456810109147,0.46274198909689784,-0.2408895569559245,0.0,0.0,-0.5196498318946889,-0.18103350993298922,0.19024098344209064,0.5901794145420027,-0.21865826423260792,0.0,-0.2433200942963121,0.6744907594765952,0.0,-0.5872724274157562,-0.005239235400453618,0.0,-0.2890674683491541,-0.769573157288309,0.22897997169668696,-0.5671692605942075,0.47214353163361034,-0.26653263882543626,0.0,0.728542214975164
test,median,UAV_0187,92,-0.36896502563713873,0.024021425054683916,0.0,0.6295247088453912,-0.011880794265309256,-0.2408895569559245,0.0,0.0,0.1257506572567153,-0.18103350993298922,0.26979630379060127,0.5901794145420027,-0.3530572477461988,0.0,-0.17806183145825738,0.0,0.0,-0.5872724274157562,-0.2944654005563297,0.0,-0.2890674683491541,-0.5779226991991088,0.17498028301901405,-0.5671692605942075,0.9442870632672522,-0.26653263882543626,0.0,0.5472316522240809
test,median,UAV_0187,93,-0.2753036907859838,-0.10511863397198536,0.0,0.719456810109147,-0.011880794265309256,-0.2408895569559245,0.0,0.0,0.1685378616053467,-0.18103350993298922,0.19024098344209064,0.5901794145420027,-0.3530572477461988,0.0,-0.17806183145825738,0.6744907594765952,0.0,-0.5872724274157562,-0.049543973387442146,0.0,-0.6744907594813595,-0.5779226991991088,0.28008241351332197,-0.5961728091469001,0.47214353163361034,-0.29372984686881926,0.0,0.5472316522240809
test,median,UAV_0187,94,-0.2753036907859838,-0.10511863397198536,0.0,0.719456810109147,-0.7314999283582762,0.06903103721722835,0.0,0.0,0.1685378616053467,0.2764319906655483,0.19024098344209064,0.2529340348037052,-0.692597718079963,0.0,-0.01771295705601671,0.6744907594765952,0.0,-0.5872724274157562,-0.2944654005563297,0.0,-0.4817791139152568,-0.5779226991991088,0.4933118731000352,-0.5671692605942075,0.47214353163361034,-0.26653263882543626,0.0,0.2840403468809935
test,median,UAV_0187,95,-0.36896502563713873,-0.05861355891937681,0.0,-0.22483025315916458,-0.7314999283582762,0.16035334686919075,0.0,0.0,-0.04711725569463229,0.2764319906655483,-0.039777660174289825,0.08431134493452042,-0.692597718079963,0.0,-0.01771295705601671,0.6744907594765952,0.0,-0.6574365192381277,-0.2944654005563297,0.0,-0.4817791139152568,-0.4219281402893059,0.4933118731000352,-0.5832843392131675,0.47214353163361034,-0.163183248260436,0.0,0.2840403468809935
test,median,UAV_0187,96,-0.36896502563713873,0.3428338417384542,0.0,-0.22483025315916458,-0.7314999283582762,0.16035334686919075,0.0,0.0,0.1685378616053467,-0.22308053123690452,-0.299197183049937,0.08431134493452042,-0.692597718079963,0.0,-0.09881965515478741,0.0,0.0,-0.6574365192381277,-0.2944654005563297,0.0,-0.6744907594813595,-0.4011288657680434,0.37053654815484993,-0.29929993162990426,0.8768379873195801,-0.163183248260436,0.0,0.20027301481610912
test,median,UAV_0187,97,-0.31855850275106806,-0.05861355891937681,0.0,-0.22483025315916458,-0.975865660740925,0.16035334686919075,0.0,0.0,-0.04711725569463229,-0.8366131804786864,-0.299197183049937,0.29508970727100137,-0.23281821492885138,0.0,-0.01771295705601671,0.6744907594765952,0.0,-0.6342039986938793,-0.34754397077359106,0.0,-0.5781349366935439,-0.4189568153577235,0.37053654815484993,-0.24947092952954666,0.8768379873195801,-0.30460873008622763,0.0,0.2840403468809935
test,median,UAV_0187,98,-0.31855850275106806,0.3935443265771047,0.0,-0.22483025315916458,-0.6858784555049647,0.06903103721722835,0.0,0.0,-0.08819715694366843,-0.22308053123690452,-0.039777660174289825,0.2529340348037052,-0.23281821492885138,0.0,-0.01771295705601671,0.0,0.0,-0.6342039986938793,-0.4712169002780093,0.0,-0.4817791139152568,-0.4011288657680434,0.3540996919784706,-0.24947092952954666,0.8768379873195801,-0.163183248260436,0.0,0.29715601638344324
test,median,UAV_0187,99,-0.31855850275106806,-0.05861355891937681,0.0,-0.22483025315916458,-0.2056356833650434,-0.17113944643435414,0.0,0.0,-0.08819715694366843,-0.22308053123690452,-0.039777660174289825,0.2529340348037052,-0.23281821492885138,0.0,0.027967826930610586,0.0,0.0,-0.6342039986938793,-0.4712169002780093,0.0,-0.3854232911322054,0.1604515463071951,0.31513447081235035,-0.5251945522836773,0.47214353163361034,-0.163183248260436,0.0,0.29715601638344324
test,median,UAV_0187,100,-0.20460767339724714,0.5892820957532938,0.0,-0.22483025315916458,-0.2056356833650434,-0.17113944643435414,0.0,0.0,-0.08819715694366843,-0.19259285645950072,0.005188390457477056,0.2529340348037052,-0.40689495368775025,0.0,0.027967826930610586,0.0,0.0,-0.6201316166206399,-0.4712169002780093,0.0,-0.5781349366935439,0.1604515463071951,0.23699711327711348,-0.24947092952954666,0.8768379873195801,-0.30460873008622763,0.0,0.29715601638344324
test,median,UAV_0187,101,0.06720066217123316,0.8957883950298808,0.0,0.26979630379126707,-0.2056356833650434,-0.17113944643435414,0.0,0.0,-0.08819715694366843,-0.19259285645950072,0.005188390457477056,0.1264670174018886,-0.702565035435937,0.0,0.052206610270509754,0.0,0.0,-0.6201316166206399,-0.6619292297839828,0.0,-0.5781349366935439,-0.4189568153577235,0.31513447081235035,-0.24947092952954666,0.47214353163361034,-0.30460873008622763,0.0,0.3599699702529133
test,median,UAV_0187,102,0.2367860278858813,0.8957883950298808,0.0,1.034219164531618,0.4633031237943536,-0.3243020602600591,0.0,0.0,0.07693488701537124,0.7029911076247755,0.005188390457477056,0.04215567246729619,-0.702565035435937,0.0,0.052206610270509754,0.0,0.0,-0.6438167766028292,-0.538359582255866,0.0,-0.4817791139152568,0.1604515463071951,0.23699711327711348,-0.14138693456906107,0.4046944556859382,-0.14686492343442686,0.0,0.3599699702529133
test,median,UAV_0187,103,0.2367860278858813,0.6567428113488264,0.0,1.034219164531618,0.4633031237943536,-0.3243020602600591,0.0,0.0,0.07693488701537124,-0.19060818061155985,0.005188390457477056,-0.08431134493459239,-0.5806872163915399,0.0,0.027967826930610586,0.0,0.0,-0.6438167766028292,-0.538359582255866,0.0,-0.4817791139152568,-1.129103474013716,0.07091721714503242,-0.13775216697638645,0.4046944556859382,-0.27741152204281017,0.0,0.3599699702529133
test,median,UAV_0187,104,0.2367860278858813,0.6567428113488264,0.0,0.26979630379126707,-0.4943957657758188,0.07765991686936556,0.0,0.0,0.7379853637816879,-0.19060818061155985,0.005188390457477056,-0.08431134493459239,-0.5806872163915399,0.0,-0.09322608976877526,0.6744907594765952,0.0,-0.6410542389989956,-0.538359582255866,0.0,-0.4817791139152568,-1.129103474013716,0.07091721714503242,-0.13775216697638645,0.47214353163361034,-0.27741152204281017,0.0,0.3987808113146375
test,median,UAV_0187,105,0.15881106759289162,0.6567428113488264,0.0,0.26979630379126707,-0.4943957657758188,0.07765991686936556,0.0,0.0,0.7379853637816879,0.32890850531970617,0.2611489863614729,0.04215567246729619,-0.40285855253581143,0.0,-0.032629131419082344,0.0,0.0,-0.6410542389989956,-0.538359582255866,0.0,-0.3854232911322054,-0.5125535507035904,0.04721370257526648,-0.14138693456906107,0.47214353163361034,-0.27741152204281017,0.0,0.5752051946991098
test,median,UAV_0187,106,0.019536684141331976,0.6567428113488264,0.0,0.08993210126375568,-0.4943957657758188,0.07765991686936556,0.0,0.0,0.033690111167535564,0.32890850531970617,0.2611489863614729,-0.04215567246729619,-0.19690182231939993,0.0,-0.09322608976877526,0.6744907594765952,0.0,-0.6393437778455893,-0.538359582255866,0.0,-0.2890674683491541,-0.5125535507035904,0.04721370257526648,-0.15250082599489673,0.5395926075812509,-0.17406213147787883,0.0,0.6290333628666783
test,median,UAV_0187,107,0.019536684141331976,0.8343523989707544,0.0,0.0,-0.4943957657758188,0.07765991686936556,0.0,0.0,0.033690111167535564,0.32890850531970617,0.03458926971672075,-0.04215567246729619,-0.009677476515885365,0.0,-0.09322608976877526,0.6744907594765952,0.0,-0.6393437778455893,-0.5467968175674935,0.0,-0.2890674683491541,-0.5125535507035904,0.04721370257526648,-0.1826338319922377,0.5395926075812509,-0.27741152204281017,0.0,0.7121977856456543
test,median,UAV_0187,108,0.15881106759289162,0.8343523989707544,0.0,-0.6295247088453912,0.19840808525278936,0.13590485452144685,0.0,0.0,0.033690111167535564,0.32890850531970617,-0.16429903115459035,-0.04215567246729619,-0.009677476515885365,0.0,-0.09322608976877526,0.6744907594765952,0.0,-0.6393437778455893,-0.5467968175674935,0.0,-0.3854232911322054,-0.5125535507035904,0.10885875520706037,-0.1826338319922377,0.5395926075812509,-0.19038045630388797,0.0,0.7121977856456543
test,median,UAV_0187,109,0.3041997353196529,0.8343523989707544,0.0,0.0,0.19840808525278936,0.13590485452144685,0.0,0.0,0.033690111167535564,-0.44534623904774145,-0.18159366601298524,-0.04215567246729619,0.1623984666173088,0.0,-0.063393741042644,0.6744907594765952,0.0,-0.6393437778455893,-0.40229965136366813,0.0,-0.4817791139152568,-0.9359673534587432,0.1222705582052424,-0.15250082599489673,0.5395926075812509,-0.28829040526014954,0.0,0.7121977856456543
test,median,UAV_0187,110,0.3041997353196529,-0.17988620353385468,0.0,0.08993210126375568,0.19840808525278936,-0.18264461930389217,0.0,0.0,0.42370312106095087,-0.44534623904774145,-0.18159366601298524,-0.04215567246729619,0.1623984666173088,0.0,-0.06712278463346541,0.6744907594765952,0.0,-0.6393437778455893,-0.6548839219363964,0.0,-0.4817791139152568,-0.9359673534587432,0.2824024440814468,-0.15250082599489673,0.5395926075812509,-0.20125933952126185,0.0,0.7121977856456543
test,median,UAV_0187,111,0.3041997353196529,-0.17988620353385468,0.0,0.0,0.19840808525278936,-0.0057525864347363915,0.0,0.0,0.8081930845809789,0.26598799409147084,-0.3873998208276681,-0.04215567246729619,-0.14025158693137582,0.0,-0.06712278463346541,0.0,0.0,-0.642652060694146,-0.3450683978567435,0.0,-0.6744907594813595,-0.7547165326302113,0.2824024440814468,-0.08796132608041213,0.2360717658167894,-0.27741152204281017,0.0,0.2147694231552141
test,median,UAV_0187,112,-0.5123394238441867,-0.19285156558703134,0.0,0.5395926075816356,0.19840808525278936,-0.0057525864347363915,0.0,0.0,0.42370312106095087,-0.6146143236611942,-0.18159366601298524,-0.04215567246729619,-0.14025158693137582,0.0,-0.06712278463346541,0.0,0.0,-0.6362473000213792,-0.3450683978567435,0.0,-0.4817791139152568,-0.7547165326302113,0.1222705582052424,-0.017879199353826952,0.26979630379062547,-0.20125933952126185,0.0,0.2147694231552141
test,median,UAV_0187,113,-0.770315495444786,-0.19285156558703134,0.0,0.5395926075816356,0.49263851661414876,-0.0057525864347363915,0.0,0.0,0.8081930845809789,0.26598799409147084,0.02594195228752331,-0.1686226898691128,-0.14025158693137582,0.0,0.006525826283882454,0.0,0.0,-0.6362473000213792,-0.48242508297637576,0.0,-0.4817791139152568,-0.7547165326302113,0.2824024440814468,-0.08796132608041213,0.4046944556859382,-0.27741152204281017,0.0,0.2639561269653899
test,median,UAV_0187,114,-0.770315495444786,0.4113587699955217,0.0,0.5395926075816356,0.49263851661414876,-0.18264461930389217,0.0,0.0,0.6058952669331429,0.26598799409147084,0.24212488801720627,-0.1686226898691128,-0.7189354561505025,0.0,-0.06712278463346541,0.0,0.0,-0.6362473000213792,-0.48242508297637576,0.0,-0.4817791139152568,-0.6403205227630449,0.10849307996848888,-0.16550963751972705,0.26979630379062547,-0.25565375560809683,0.0,0.4519929586338321
test,median,UAV_0187,115,-0.770315495444786,1.4495978514597334,0.0,-0.04496605063165321,0.49263851661414876,-0.32717835347745994,0.0,0.0,0.8349870523348312,0.3155504843560226,0.02594195228752331,-0.1686226898691128,-0.691431797476029,0.0,0.006525826283882454,0.0,0.0,-0.6439119373601142,-0.3550111579106042,0.0,-0.6744907594813595,-0.6403205227630449,-0.08753263245703558,-0.16550963751972705,0.26979630379062547,-0.25565375560809683,0.0,0.4519929586338321
test,median,UAV_0187,116,-0.5909205330602241,1.4495978514597334,0.0,1.7087099240082133,0.49263851661414876,-0.32717835347745994,0.0,0.0,0.6058952669331429,0.3155504843560226,0.02594195228752331,-0.04215567246729619,-0.691431797476029,0.0,0.056867914758871534,0.0,0.0,-0.6231707830980256,-0.4174018812738109,0.0,-0.4817791139152568,-0.2005644328839846,-0.1357858524455415,-0.16550963751972705,0.4046944556859382,-0.21213822273860128,0.0,0.4519929586338321
test,median,UAV_0187,117,-0.5909205330602241,1.4495978514597334,0.0,-0.04496605063165321,0.21356825942415392,-0.06687381730416955,0.0,0.0,0.7714214177883499,0.3155504843560226,0.022483025315894942,-0.04215567246729619,-0.7189354561505025,0.0,0.19018122312815197,0.0,0.0,-0.6231707830980256,-0.4174018812738109,0.0,-0.5781349366935439,-0.2005644328839846,-0.1357858524455415,-0.16550963751972705,0.4046944556859382,-0.23389598917338353,0.0,0.57986992125832
test,median,UAV_0187,118,-0.509187595923493,0.9961646218262776,0.0,0.314762354422471,-0.006583878574881217,-0.14741002739093595,0.0,0.0,0.6058952669331429,-1.0220502846080013,-0.04669551411766158,-0.04215567246729619,-0.7189354561505025,0.0,0.056867914758871534,0.0,0.0,-0.6231707830980256,-0.3550111579106042,0.0,-0.4817791139152568,-0.2005644328839846,-0.1357858524455415,-0.16550963751972705,0.7082152974504312,-0.21213822273860128,0.0,0.5507290395340816
test,median,UAV_0187,119,-0.288547598325671,0.8826064492863392,0.0,-0.6744907594765952,-0.006583878574881217,-0.12296153504317575,0.0,0.0,0.5076394317635633,0.3155504843560226,-0.04669551411766158,-0.1264670174018886,-0.8086809084853238,0.0,0.056867914758871534,0.0,0.0,-0.6316053776571546,-0.4174018812738109,0.0,-0.4817791139152568,-0.4546127145370837,-0.1357858524455415,-0.12227810470699053,0.7082152974504312,-0.21213822273860128,0.0,0.57986992125832
test,median,UAV_0187,120,-0.288547598325671,0.16498375708940075,0.0,0.314762354422471,-0.4907130914473367,-0.06687381730416955,0.0,0.0,-0.03253598259446678,1.359494675005413,-0.04669551411766158,-0.1264670174018886,-0.8086809084853238,0.0,0.05593565386122117,0.0,0.0,-0.6147219381599898,-0.4174018812738109,0.0,-0.4817791139152568,-0.4620410268661325,0.1755205077228676,-0.12227810470699053,0.7082152974504312,-0.21213822273860128,0.0,0.5507290395340816
test,median,UAV_0187,121,-0.288547598325671,0.40388245884402796,0.0,0.26979630379126707,-0.4907130914473367,-0.06687381730416955,0.0,0.0,-0.3615551464191085,-1.0825648796712595,-0.10895619960777733,-0.5480237420747066,-0.8086809084853238,0.0,0.05593565386122117,0.0,0.0,-0.6316053776571546,-0.35710095157039645,0.0,-0.4817791139152568,-0.4620410268661325,0.24262962773397548,-0.07422095123062476,0.7082152974504312,-0.09790994895633054,0.0,0.5507290395340816
test,median,UAV_0187,122,0.3067781349281235,0.40388245884402796,0.0,0.26979630379126707,-0.4907130914473367,-0.12296153504317575,0.0,0.0,-0.3615551464191085,-0.7044884496542804,-0.1850525929846366,-0.2529340348037052,-0.7940836331779507,0.0,-0.14916174362988646,0.0,0.0,-0.6316053776571546,-0.35710095157039645,0.0,-0.4817791139152568,-0.4546127145370837,0.3403767643800371,-0.09449628147739826,0.7082152974504312,-0.09790994895633054,0.0,0.5507290395340816
test,median,UAV_0187,123,0.3067781349281235,-0.11563806494471232,0.0,0.26979630379126707,-0.4907130914473367,-0.12296153504317575,0.0,0.0,-0.3615551464191085,-0.43366712551611475,-0.1850525929846366,-0.29508970727100137,-0.7940836331779507,0.0,-0.15755209170906964,0.0,0.0,-0.6316053776571546,-0.41112734345151236,0.0,-0.4817791139152568,-0.4546127145370837,0.3403767643800371,-0.09449628147739826,0.6407662215027591,-0.25565375560809683,0.0,0.585997727917363
test,median,UAV_0187,124,0.25066097957786604,-0.11563806494471232,0.0,0.26979630379126707,-0.7486495103790838,-0.443668228781492,0.0,0.0,-0.3615551464191085,-0.540058567338305,-0.1850525929846366,-0.2529340348037052,-0.26162334342695026,0.0,-0.14916174362988646,0.0,0.0,-0.6408303119985344,-0.35710095157039645,0.0,-0.1927116455661027,-0.5660373994726677,0.3403767643800371,-0.23972504846243245,0.7082152974504312,-0.25565375560809683,0.0,0.585997727917363
test,median,UAV_0187,125,0.3067781349281235,-0.11563806494471232,0.0,0.26979630379126707,-0.7486495103790838,-0.45085896182497776,0.0,0.0,-0.3650830266799808,-0.540058567338305,-0.10895619960777733,-0.2529340348037052,-0.3776624328788273,0.0,0.005593565386122117,0.0,0.0,-0.6740307137806623,-0.3111549333999577,0.0,0.0,-0.396671878370577,0.3403767643800371,-0.23972504846243245,0.6407662215027591,-0.26653263882543626,0.0,0.6092309303921566
test,median,UAV_0187,126,0.25066097957786604,-0.11563806494471232,0.0,0.6295247088453912,0.23971917295119283,-0.45085896182497776,0.0,0.0,-0.3253972869245601,-0.43366712551611475,0.3251391353374143,-0.2529340348037052,-0.3776624328788273,0.0,-0.11839713400621482,0.0,0.0,-0.6408303119985344,-0.41112734345151236,0.0,0.0,-0.15005190904656382,0.32297712078425855,-0.2938438331700801,0.6070416835289231,-0.26653263882543626,0.0,0.7677187993924673
test,median,UAV_0187,127,-0.1760034918602165,-0.11563806494471232,0.0,0.719456810109147,0.23971917295119283,-0.443668228781492,0.0,0.0,-0.3650830266799808,-0.43366712551611475,0.3251391353374143,0.08431134493452042,-0.3776624328788273,0.0,-0.11839713400621482,0.0,0.0,-0.6738030124432313,-0.41112734345151236,0.0,0.0,-0.5660373994726677,0.14561927477764836,-0.2938438331700801,0.6070416835289231,-0.25565375560809683,0.0,0.7677187993924673
test,median,UAV_0187,128,-0.11760998908349435,-0.5657410846392573,0.0,0.6295247088453912,0.23971917295119283,-0.14884817399962005,0.0,0.0,-0.3650830266799808,0.14407983927508639,0.3597284050541811,0.08431134493452042,-0.3746013531133248,0.0,-0.11839713400621482,0.0,0.0,-0.6408303119985344,-0.3111549333999577,0.0,0.0,-0.7725444822199656,0.14561927477764836,-0.2938438331700801,0.6407662215027591,-0.13054659860838327,0.0,0.6092309303921566
test,median,UAV_0187,129,-0.11760998908349435,-0.5657410846392573,0.0,0.6295247088453912,0.2511242008753931,0.1581961269561483,0.0,0.0,0.575732064769574,0.14407983927508639,0.3251391353374143,0.1264670174018886,-0.3776624328788273,0.0,-0.11839713400621482,0.6744907594765952,0.0,-0.6610095105240432,-0.40034937448665997,0.0,-0.1927116455661027,-0.7725444822199656,-0.10511668728135272,-0.36263296229992703,0.6407662215027591,-0.11422827378233967,0.0,0.41016893547592614
test,median,UAV_0187,130,-0.1760034918602165,-0.29049413051364553,0.0,0.22483025315961386,0.23971917295119283,0.18911627904300327,0.0,0.0,0.575732064769574,0.14407983927508639,0.20234722784293946,0.1264670174018886,-0.3746013531133248,0.0,-0.11839713400621482,0.6744907594765952,0.0,-0.6610095105240432,-0.40034937448665997,0.0,-0.1927116455661027,-0.7725444822199656,0.14561927477764836,-0.2398137114538546,0.6407662215027591,-0.07615218252154829,0.0,0.29366042051638147
test,median,UAV_0187,131,-0.11760998908349435,-0.3603191365216886,0.0,0.22483025315961386,-0.4707433676042013,0.1581961269561483,0.0,0.0,0.36293441220585126,-1.29149997188662,0.08820263777768507,0.08431134493452042,-0.45344392051454224,0.0,-0.17153600517448492,0.6744907594765952,0.0,-0.6610095105240432,-0.3919435920141284,0.0,-0.4817791139152568,-0.7933437567411911,0.15175686451380144,-0.21522415287038577,0.7082152974504312,-0.11422827378233967,0.0,0.2671150581584327
test,median,UAV_0187,132,-0.11760998908349435,-0.29049413051364553,0.0,0.22483025315961386,0.005553270162291559,0.1581961269561483,0.0,0.0,0.575732064769574,-0.9821903641048765,0.08820263777768507,0.08431134493452042,-0.3746013531133248,0.0,0.007458087181422838,0.0,0.0,-0.631894076127059,-0.3919435920141284,0.0,-0.09635582278305135,-0.7933437567411911,0.15175686451380144,-0.23863661379987766,0.7082152974504312,-0.11422827378233967,0.0,0.2671150581584327
test,median,UAV_0187,133,0.44941234962254983,0.064828260760062,0.0,0.5845586582137381,0.005553270162291559,0.1581961269561483,0.0,0.0,0.575732064769574,-1.0254749593777266,0.08820263777768507,0.08431134493452042,-0.1039719396646763,0.0,0.007458087181422838,0.0,0.0,-0.6610095105240432,-0.3919435920141284,0.0,-0.4817791139152568,-0.7933437567411911,0.15175686451380144,-0.23863661379987766,0.7082152974504312,-0.11422827378233967,0.0,0.17430947638032787
test,median,UAV_0187,134,-0.08611967381135077,0.21223834945542436,0.0,0.5845586582137381,-0.4707433676042013,0.37032275173824397,0.0,0.0,0.6514208057755972,-0.9821903641048765,0.07955532034848763,0.0,-0.1039719396646763,0.0,0.007458087181422838,0.0,0.0,-0.631894076127059,-0.24427876446590163,0.0,-0.1927116455661027,-0.18422214576011425,0.15175686451380144,-0.2141207493897902,0.4046944556859382,-0.07615218252154829,0.0,0.2451695339631363
test,median,UAV_0187,135,-0.08611967381135077,0.064828260760062,0.0,0.5845586582137381,-0.4707433676042013,0.46955486773800154,0.0,0.0,0.6514208057755972,-0.9821903641048765,0.07955532034848763,0.08431134493452042,-0.33079955225393387,0.0,0.007458087181422838,0.0,0.0,-0.6249886411041958,-0.3919435920141284,0.0,-0.3854232911322054,-0.18422214576011425,-0.03922936410416695,0.08968804193354554,0.7082152974504312,-0.01087888321737389,0.0,0.2451695339631363
test,median,UAV_0187,136,-0.08611967381135077,0.064828260760062,0.0,0.719456810109147,-0.4312553088209592,0.46955486773800154,0.0,0.0,0.9447193913061954,-0.5929506690630448,0.07955532034848763,0.0,-0.22264607400737882,0.0,0.09881965515478741,0.0,0.0,-0.6221815178500921,-0.7657624002843583,0.0,-0.3854232911322054,-0.18422214576011425,-0.03922936410416695,-0.2141207493897902,0.6744907594765952,0.03807609126072244,0.0,0.2451695339631363
test,median,UAV_0187,137,-0.08611967381135077,0.21223834945542436,0.0,0.719456810109147,-0.4312553088209592,0.46955486773800154,0.0,0.0,0.6514208057755972,0.4250411059346248,0.07955532034848763,0.0,-0.33079955225393387,0.0,0.174332787867436,0.0,0.0,-0.6208314530412586,-0.351974576772833,0.0,-0.3854232911322054,-0.36547296658868317,-0.10612419616763014,-0.10001107890699355,0.6744907594765952,0.03807609126072244,0.0,0.08377266621927291
test,median,UAV_0187,138,-0.12600189250201793,0.5870203077643388,0.0,0.0,-0.4312553088209592,-0.15028632060832048,0.0,0.0,0.36210435991761253,0.650811840653047,0.07955532034848763,0.08431134493452042,-0.3608720460482613,0.0,0.174332787867436,0.0,0.0,-0.6116204302406568,-0.5317700587802591,0.0,-0.3854232911322054,-0.057940836166432495,-0.13724697152751453,-0.10001107890699355,0.6744907594765952,0.03807609126072244,0.0,0.23704942076425528
test,median,UAV_0187,139,-0.12600189250201793,0.27215764513791774,0.0,0.719456810109147,-0.010919314728169921,-0.15028632060832048,0.0,0.0,-0.047120188783901305,0.4250411059346248,0.07955532034848763,0.210778362336409,-0.33079955225393387,0.0,0.09881965515478741,0.0,0.0,-0.6208314530412586,-0.5317700587802591,0.0,-0.5781349366935439,-0.36547296658868317,-0.21333512606739868,-0.10116020032281352,0.7082152974504312,0.04895497447816527,0.0,0.2258251565579409
test,median,UAV_0187,140,0.007032721757713045,0.27215764513791774,0.0,0.8543549620041067,0.5171421086262808,-0.22075550443424924,0.0,0.0,-0.0617237933686428,0.4250411059346248,-0.027671415773441014,0.08431134493452042,-0.22264607400737882,0.0,0.22001357185417325,0.0,0.0,-0.6116204302406568,-0.5317700587802591,0.0,-0.5781349366935439,-0.6343778728998428,-0.21333512606739868,-0.10116020032281352,0.7082152974504312,0.03807609126072244,0.0,0.04602564947176788
test,median,UAV_0187,141,0.007032721757713045,0.27215764513791774,0.0,0.8543549620041067,0.5171421086262808,-0.15028632060832048,0.0,0.0,-0.2642132011041383,0.650811840653047,-0.027671415773441014,0.210778362336409,-0.15751293375053757,0.0,0.253574964170796,0.0,0.0,-0.6106933580142176,-0.5317700587802591,0.0,-0.6744907594813595,-0.6343778728998428,-0.21333512606739868,-0.10116020032281352,0.7082152974504312,-0.163183248260436,0.0,0.2258251565579409
test,median,UAV_0187,142,0.44365047099224264,0.05568261030515841,0.0,0.0,0.5171421086262808,0.20925033156471118,0.0,0.0,-0.12035105168326161,0.20368316123551242,-0.027671415773441014,0.210778362336409,-0.15751293375053757,0.0,0.253574964170796,0.0,0.0,-0.6116204302406568,-0.5317700587802591,0.0,-0.6744907594813595,-0.16936552110201658,-0.21333512606739868,-0.21099555545020887,0.2360717658167894,-0.163183248260436,0.0,0.2258251565579409
test,median,UAV_0187,143,0.44365047099224264,-0.1603306992011575,0.0,0.0,-0.007901557776941686,0.20925033156471118,0.0,0.0,-0.12035105168326161,0.20368316123551242,-0.027671415773441014,0.04215567246729619,-0.092128703876822,0.0,0.253574964170796,0.0,0.0,-0.6211586343885909,-0.4985446657002854,0.0,-0.6744907594813595,-0.6343778728998428,-0.12449614906113465,-0.10116020032281352,0.26979630379062547,-0.163183248260436,0.0,0.0437550125711252
test,median,UAV_0187,144,0.007032721757713045,-0.35782893725058235,0.0,-1.0791852151632713,-0.48966730138848913,0.20925033156471118,0.0,0.0,-0.0617237933686428,0.20368316123551242,0.03458926971672075,-0.1686226898691128,-0.11172449925597845,0.0,0.253574964170796,0.0,0.0,-0.6211586343885909,-0.4985446657002854,0.0,-0.6744907594813595,-0.16936552110201658,-0.0922773799583467,-0.042146202574008175,0.2360717658167894,-0.163183248260436,0.0,0.0437550125711252
test,median,UAV_0187,145,0.20176813168258848,-0.1603306992011575,0.0,-1.0791852151632713,-0.48966730138848913,0.20925033156471118,0.0,0.0,-0.01961885214983638,0.6774694101299569,0.03458926971672075,-0.1686226898691128,-0.15751293375053757,0.0,0.253574964170796,0.0,0.0,-0.6330899823471875,-0.4985446657002854,0.0,-0.6744907594813595,-0.16936552110201658,-0.0922773799583467,-0.21099555545020887,0.2360717658167894,-0.163183248260436,0.0,0.40933337418170657
test,median,UAV_0187,146,0.20176813168258848,-0.504838874201584,0.0,-1.304015468322885,-0.48966730138848913,0.18911627904300327,0.0,0.0,0.21598653826701295,0.26987212018793316,-0.19024098344218268,-0.1686226898691128,-0.21619883899586362,0.0,0.12399069939233694,0.0,0.0,-0.6384536100939593,-0.42067272248876697,0.0,-0.3854232911322054,-0.1559945589097658,-0.12449614906113465,-0.042146202574008175,0.26979630379062547,-0.11422827378233967,0.0,0.0437550125711252
test,median,UAV_0187,147,0.20176813168258848,-1.0543848373832796,0.0,-1.304015468322885,-0.2601970167579994,0.054649571130289454,0.0,0.0,0.21598653826701295,1.103816007040308,0.44447211586023777,-0.1686226898691128,-0.17786854737228402,0.0,0.1128035686200927,0.6744907594765952,0.0,-0.642576788184235,-0.4985446657002854,0.0,-0.3854232911322054,-0.28673285590083974,-0.0922773799583467,-0.042146202574008175,0.37096991771213367,-0.11422827378233967,0.0,0.21611438413048722
test,median,UAV_0187,148,0.20176813168258848,-1.5524640831034098,0.0,0.35972840505502274,0.9480521337800222,0.005752586434769029,0.0,0.0,0.21598653826701295,1.103816007040308,0.3234096718515656,-0.1686226898691128,-0.18719341153780936,0.0,0.1128035686200927,0.6744907594765952,0.0,-0.642576788184235,-0.3455583247438529,0.0,-0.3854232911322054,-0.1559945589097658,-0.11513741095279947,-0.12181977934967685,0.47214353163361034,-0.21213822273860128,0.0,0.3812642770846639
test,median,UAV_0187,149,0.20176813168258848,-1.0543848373832796,0.0,0.35972840505502274,0.9480521337800222,0.005752586434769029,0.0,0.0,0.313862353622217,1.103816007040308,-0.07955532034855664,0.08431134493452042,-0.18719341153780936,0.0,0.1128035686200927,0.6744907594765952,0.0,-0.642576788184235,-0.1726762327280936,0.0,-0.3854232911322054,-0.22879201973433305,-0.11513741095279947,-0.2455013472536536,0.47214353163361034,-0.21213822273860128,0.0,0.3812642770846639
test,median,UAV_0187,150,0.40057955121428196,-1.0543848373832796,0.0,0.35972840505502274,0.9480521337800222,0.005752586434769029,0.0,0.0,0.313862353622217,0.4682321297440432,0.3234096718515656,0.42155672467288996,-0.18719341153780936,0.0,0.09975191605254774,0.6744907594765952,0.0,-0.6384536100939593,-0.1726762327280936,0.0,-0.1927116455661027,-0.1559945589097658,-0.09085046809742703,-0.12181977934967685,0.5733171455551186,-0.23933543078205324,0.0,0.33012626279437407
test,median,UAV_0187,151,0.013112903074438088,-0.6782182814303716,0.0,0.35972840505502274,-0.024715891253393185,0.005752586434769029,0.0,0.0,0.313862353622217,0.4682321297440432,0.3407043067099605,0.08431134493452042,-0.18719341153780936,0.0,0.09975191605254774,0.6744907594765952,0.0,-0.6146303782571302,-0.46731772048507264,0.0,-0.3854232911322054,-0.22879201973433305,-0.036412075490724366,-0.12181977934967685,0.5733171455551186,-0.24477487239072296,0.0,0.3812642770846639
test,median,UAV_0187,152,0.013112903074438088,-0.6782182814303716,0.0,-0.7644228607403509,-0.2047857424151365,0.01941497921736587,0.0,0.0,0.313862353622217,0.4682321297440432,0.3234096718515656,0.42155672467288996,-0.18719341153780936,0.0,0.20882644108181905,0.0,0.0,-0.5698932089775685,-0.46731772048507264,0.0,-0.3854232911322054,0.15005190904660093,-0.09085046809742703,-0.06274969830313556,0.5733171455551186,-0.32092705491227125,0.0,0.3812642770846639
test,median,UAV_0187,153,0.013112903074438088,-0.6743025738631112,0.0,-0.7644228607403509,-0.21340607514993912,0.14093836765182488,0.0,0.0,-0.1811842396429127,0.4682321297440432,0.2732552307622987,0.08431134493452042,-0.035925074845717296,0.0,0.18738444043509092,0.0,0.0,-0.5698932089775685,-0.46731772048507264,0.0,-0.3854232911322054,-0.1827364832943045,-0.050881717989602886,-0.06274969830313556,0.47214353163361034,-0.32092705491227125,0.0,0.4760632560936538
test,median,UAV_0187,154,0.016986043569021128,-0.44885004595684963,0.0,-0.44966050631877846,-0.2047857424151365,0.09491767617370529,0.0,0.0,-0.1811842396429127,0.4682321297440432,0.2732552307622987,0.42155672467288996,-0.09290112086454094,0.0,0.20882644108181905,0.0,0.0,-0.5698932089775685,-0.6468243784139409,0.0,-0.3854232911322054,-0.1827364832943045,-0.09085046809742703,-0.06274969830313556,0.5733171455551186,-0.32092705491227125,0.0,0.47345702007885954
test,median,UAV_0187,155,0.013112903074438088,0.3602397604201996,0.0,-0.44966050631877846,-0.2364339198474445,0.09491767617370529,0.0,0.0,-0.5941724017511739,0.7848807442825829,0.21618293572963695,-0.08431134493459239,0.13267590035086246,0.0,0.30484931354365535,0.0,0.0,-0.6146303782571302,-0.6468243784139409,0.0,-0.3854232911322054,-0.1827364832943045,-0.42791063044849653,-0.06274969830313556,0.5733171455551186,-0.28829040526014954,0.0,0.4760632560936538
test,median,UAV_0187,156,0.012009319980194952,0.3602397604201996,0.0,-0.44966050631877846,-0.2047857424151365,0.09491767617370529,0.0,0.0,-0.5941724017511739,0.7848807442825829,0.1988883008713111,0.210778362336409,0.22251634818704302,0.0,0.3318848795766156,0.6744907594765952,0.0,-0.6614685254783977,-0.6571234006311117,0.0,-0.3854232911322054,-0.17679383343106542,-0.5205973733966375,-0.1846538769546893,0.5395926075812509,-0.17406213147787883,0.0,0.47345702007885954
test,median,UAV_0187,157,-0.1465495179733265,0.3602397604201996,0.0,0.08993210126375568,-0.2364339198474445,0.27324785565151255,0.0,0.0,-0.12989804031267116,-0.03261713577737239,0.1556517137253469,0.210778362336409,0.22251634818704302,0.0,0.3318848795766156,0.6744907594765952,0.0,-0.6614685254783977,-0.6441301536758873,0.0,-0.3854232911322054,-0.1827364832943045,-0.42791063044849653,-0.1846538769546893,0.5395926075812509,-0.11966771539104386,0.0,0.47345702007885954
test,median,UAV_0187,158,-0.1863935480949273,0.3602397604201996,0.0,0.08993210126375568,0.21600893494432769,0.09491767617370529,0.0,0.0,0.3296460158282589,-0.03261713577737239,0.09339102823518514,0.210778362336409,-0.09290112086454094,0.0,0.3635817500979376,0.6744907594765952,0.0,-0.6614685254783977,-0.6441301536758873,0.0,-0.3854232911322054,-0.20799274521307054,-0.42791063044849653,0.03352421404132675,0.5733171455551186,-0.05983385769550469,0.0,0.47345702007885954
test,median,UAV_0187,159,-0.5098918302155082,0.5904561073270939,0.0,0.08993210126375568,-0.2364339198474445,-0.009347952956511911,0.0,0.0,0.5049724743556894,0.32795505647399337,0.03977766017422081,0.0,-0.2604518539801315,0.0,0.3318848795766156,0.6744907594765952,0.0,-0.6741047045088764,-0.5627390982760907,0.0,-0.2890674683491541,-0.17679383343106542,-0.42791063044849653,0.03352421404132675,0.6070416835289231,-0.05983385769550469,0.0,0.1273576523441582
test,median,UAV_0187,160,-0.5098918302155082,0.18326103182245185,0.0,0.08993210126375568,-0.45104073559850527,-0.25886638956457364,0.0,0.0,0.5068302810309979,0.32795505647399337,0.09339102823518514,0.0,-0.2604518539801315,0.0,0.2153522673657015,0.6744907594765952,0.0,-0.6614685254783977,-0.38090700701142505,0.0,-0.2890674683491541,-0.17679383343106542,-0.4115820703437399,0.03352421404132675,0.5395926075812509,-0.05983385769550469,0.0,0.1273576523441582
test,median,UAV_0187,161,-0.1863935480949273,0.18326103182245185,0.0,0.17986420252706212,-0.7308096738585506,-0.009347952956511911,0.0,0.0,1.0672063089672024,0.32795505647399337,0.09339102823518514,0.0,-0.3941511085331432,0.0,0.2153522673657015,0.0,0.0,-0.6036682415163187,-0.38090700701142505,0.0,-0.2890674683491541,-0.5838653490623479,-0.23116583449442707,0.03352421404132675,0.6070416835289231,-0.16862268986917464,0.0,0.6402393143471323
test,median,UAV_0187,162,-0.5098918302155082,0.18326103182245185,0.0,0.17986420252706212,-0.4875337822850615,-0.25886638956457364,0.0,0.0,1.0672063089672024,0.32795505647399337,-0.2421248880172983,0.0,-0.2604518539801315,0.0,0.5006241020578195,0.0,0.0,-0.6114148446577754,-0.4772123717453033,0.0,-0.4817791139152568,-0.4219281402893059,-0.23116583449442707,-0.06431603976383979,0.7756643733980718,-0.16862268986917464,0.0,0.6402393143471323
test,median,UAV_0187,163,-0.5774983707688107,0.18326103182245185,0.0,0.44966050631877846,-0.7308096738585506,-0.009347952956511911,0.0,0.0,1.0672063089672024,-0.1695535074614172,0.4185301635726685,0.04215567246729619,-0.23882153103945805,0.0,0.4008721860053817,0.6744907594765952,0.0,-0.6069578837657693,-0.5627390982760907,0.0,-0.4817791139152568,-0.4219281402893059,-0.23116583449442707,-0.07416092144045291,0.7756643733980718,-0.16862268986917464,0.0,0.6371337083638728
test,median,UAV_0187,164,-0.15099457296985014,0.18326103182245185,0.0,0.17986420252706212,-0.4875337822850615,-0.24304677686895065,0.0,0.0,1.0672063089672024,-0.1695535074614172,0.6070416835289334,0.04215567246729619,-0.23882153103945805,0.0,0.5901211482357733,0.0,0.0,-0.6069578837657693,-0.5609434404466771,0.0,-0.4817791139152568,-0.769573157288309,-0.23116583449442707,-0.07416092144045291,0.26979630379062547,-0.17406213147787883,0.0,0.6371337083638728
test,median,UAV_0187,165,-0.5008724503836492,-0.08752111696650834,0.0,-0.1348981518954089,-0.4875337822850615,-0.24304677686895065,0.0,0.0,1.0631195817946892,-0.1695535074614172,0.4185301635726685,0.3372453797382976,-0.23882153103945805,0.0,0.7411474136610705,0.0,0.0,-0.6069578837657693,-0.5609434404466771,0.0,-0.4817791139152568,-0.769573157288309,-0.21906694870812052,-0.12040373240103613,0.3372453797382976,-0.0652732993041744,0.0,0.30760157437825736
test,median,UAV_0187,166,-0.5290089113391632,-0.27260267321745,0.0,-1.034219164531618,-0.4875337822850615,-0.26318082939065857,0.0,0.0,-0.5139803769306596,-0.1695535074614172,0.19197044692791634,0.3372453797382976,-0.23882153103945805,0.0,0.5901211482357733,0.6744907594765952,0.0,-0.6069578837657693,-0.4772123717453033,0.0,-0.4817791139152568,-0.4219281402893059,-0.21906694870812052,-0.16188838513649653,0.3372453797382976,-0.03263664965212167,0.0,0.30760157437825736
test,median,UAV_0187,167,-0.5008724503836492,0.6862698489914161,0.0,-2.068438329063236,-0.9988653799847725,-0.24304677686895065,0.0,0.0,-0.5139803769306596,-1.3457328410269624,0.39431767477092483,0.3372453797382976,-0.547292176422435,0.0,0.4008721860053817,1.3489815189531904,0.0,-0.6057843492673662,-0.24826298051671142,0.0,-0.4817791139152568,-0.769573157288309,-0.21906694870812052,-0.16188838513649653,0.3372453797382976,-0.01087888321737389,0.0,0.3572729317112711
test,median,UAV_0187,168,-0.45530824117900137,-0.6318790457402502,0.0,-2.068438329063236,-0.2390710295005684,-0.24304677686895065,0.0,0.0,-0.9703026184639002,0.12643760710923882,0.27671415773397307,0.3372453797382976,-0.617658313274418,0.0,0.7411474136610705,1.3489815189531904,0.0,-0.6057843492673662,-0.2298104432372613,0.0,-0.1927116455661027,-0.38478657864413596,-0.49808828873837196,0.06824706446364653,0.4384189936598058,0.0,0.0,-0.053540424724760435
test,median,UAV_0187,169,-0.45530824117900137,-0.9890738075949812,0.0,-2.068438329063236,-0.9926615772493094,-0.04458254486943549,0.0,0.0,-0.5139803769306596,0.12643760710923882,0.27671415773397307,0.04215567246729619,-0.547292176422435,0.0,0.5724081911798666,1.3489815189531904,0.0,-0.6057843492673662,-0.2298104432372613,0.0,-0.1927116455661027,-0.11736733479878607,0.17112326781466095,0.06824706446364653,0.4384189936598058,0.0,0.0,0.28176835745174006
test,median,UAV_0187,170,0.8641242709069056,-0.9890738075949812,0.0,-0.1348981518954089,-0.9926615772493094,0.037391811826015,0.0,0.0,-0.9703026184639002,-0.7822963743225898,0.27671415773397307,0.04215567246729619,-0.547292176422435,0.0,0.5724081911798666,0.6744907594765952,0.0,-0.610846161998044,-0.24826298051671142,0.0,-0.1927116455661027,-0.014856624658060567,-0.44471504302591763,0.06824706446364653,0.4384189936598058,-0.01087888321737389,0.0,0.28176835745174006
test,median,UAV_0187,171,0.8641242709069056,-0.9890738075949812,0.0,0.0,-0.46716363212474216,0.13230948799968767,0.0,0.0,-0.5116127927043543,-0.09876202198903347,0.27671415773397307,0.04215567246729619,-0.4194561069589772,0.0,0.7066537604466875,0.0,0.0,-0.6438929681242095,-0.2298104432372613,0.0,-0.1927116455661027,-0.014856624658060567,-0.44471504302591763,0.11059739974806675,0.3372453797382976,-0.03263664965212167,0.0,-0.002577228836886854
test,median,UAV_0187,172,0.9560627048451461,-0.9890738075949812,0.0,0.0,-0.2390710295005684,0.4796218939988229,0.0,0.0,-0.025449099588187536,-0.09876202198903347,0.27671415773397307,-0.21077836233648098,-0.102981705194979,0.0,0.718773152116692,0.0,0.0,-0.6448668600559504,-0.2298104432372613,0.0,-0.3854232911322054,-0.014856624658060567,-0.44471504302591763,0.06824706446364653,0.2360717658167894,-0.03263664965212167,0.0,-0.002577228836886854
test,median,UAV_0187,173,0.9560627048451461,0.1334145381222312,0.0,-0.1348981518954089,-0.46716363212474216,0.4796218939988229,0.0,0.0,0.06990541434577349,-0.09876202198903347,0.1971588373854394,-0.21077836233648098,-0.102981705194979,0.0,0.718773152116692,0.0,0.0,-0.6501096800710329,-0.30099901604794616,0.0,-0.5781349366935439,0.18125082082853183,-0.23291343990230592,0.11059739974806675,-0.13489815189534426,-0.03807609126079138,0.0,-0.002577228836886854
test,median,UAV_0187,174,0.9445839677219143,0.1334145381222312,0.0,-0.1348981518954089,-0.46716363212474216,0.4796218939988229,0.0,0.0,0.06990541434577349,-0.09876202198903347,0.1971588373854394,-0.21077836233648098,-0.102981705194979,0.0,0.718773152116692,0.0,0.0,-0.6655536274710486,-0.2954810821984913,0.0,-0.4817791139152568,0.18125082082853183,-0.24711794702717635,-0.04082929543807268,-0.13489815189534426,-0.03807609126079138,0.0,-0.14752436642882163
test,median,UAV_0187,175,0.9070256896629387,0.20095662808040726,0.0,0.13489815189585816,-0.5074932293263458,0.4796218939988229,0.0,0.0,0.06990541434577349,-0.09876202198903347,0.11068566309355701,-0.5058680696074823,-0.17146274064885336,0.0,0.7066537604466875,0.0,0.0,-0.6501096800710329,-0.08131295609486527,0.0,-0.4817791139152568,-0.062397823563936,-0.24711794702717635,-0.0038641071636001246,0.13489815189531273,-0.05983385769550469,0.0,-0.14752436642882163
test,median,UAV_0187,176,0.9070256896629387,0.1334145381222312,0.0,0.4046944556862267,-0.7105261142131949,0.22938438408638645,0.0,0.0,-0.4211658958995553,-1.0836631619320194,0.3026561100215194,-0.21077836233648098,-0.102981705194979,0.0,0.7644539361033194,0.0,0.0,-0.6448668600559504,-0.15411008102561363,0.0,-0.3854232911322054,-0.1827364832943045,-0.5524974665065229,-0.0038641071636001246,0.033724537973836066,-0.05983385769550469,0.0,0.0914440131165999
test,median,UAV_0187,177,0.5536592722608151,-0.0204053872998518,0.0,0.44966050631877846,-0.7105261142131949,0.22938438408638645,0.0,0.0,-0.4211658958995553,-0.17131483330257324,0.11068566309355701,-0.4637123971401862,-0.17146274064885336,0.0,0.7644539361033194,0.0,0.0,-0.6330367488332773,-0.15411008102561363,0.0,-0.3854232911322054,-0.30901779288794917,-0.5524974665065229,0.0836448159446532,0.033724537973836066,-0.05983385769550469,0.0,0.07144296907392898
test,median,UAV_0187,178,0.9070256896629387,-0.05533345415115279,0.0,0.44966050631877846,-0.7105261142131949,0.07334547704331328,0.0,0.0,-0.4211658958995553,-0.17131483330257324,0.11068566309355701,-0.21077836233648098,0.15667259449938314,0.0,0.7019924559582157,0.0,0.0,-0.6330367488332773,-0.15411008102561363,0.0,-0.3854232911322054,-0.30901779288794917,-0.7601295262701938,0.07623729566542056,0.13489815189531273,-0.07615218252154829,0.0,0.07144296907392898
test,median,UAV_0187,179,0.5803232900689498,-0.0204053872998518,0.0,0.44966050631877846,-0.7105261142131949,0.22938438408638645,0.0,0.0,0.6084861300403627,-1.0836631619320194,0.11068566309355701,-0.3372453797382976,0.15667259449938314,0.0,0.9648900291060651,0.0,0.0,-0.6188662173134202,-0.15411008102561363,0.0,-0.3854232911322054,-0.30901779288794917,-0.7601295262701938,0.07623729566542056,0.20234722784298487,-0.07615218252154829,0.0,0.0914440131165999
test,median,UAV_0187,180,0.5803232900689498,-0.0204053872998518,0.0,0.44966050631877846,-0.5518915208392495,0.22938438408638645,0.0,0.0,0.6084861300403627,-1.171984307838328,0.05707229503259269,-0.3372453797382976,0.46670172712282143,0.0,0.9648900291060651,0.0,0.0,-0.6059087645706485,-0.15411008102561363,0.0,-0.4817791139152568,-0.30901779288794917,-0.7601295262701938,0.07623729566542056,0.20234722784298487,0.081591624130218,0.0,0.0914440131165999
test,median,UAV_0187,181,0.5803232900689498,-0.05533345415115279,0.0,0.44966050631877846,-0.48107206362269356,0.07334547704331328,0.0,0.0,0.6084861300403627,-0.17131483330257324,0.05707229503259269,-0.3372453797382976,0.46670172712282143,0.0,0.8306444598389144,0.0,0.0,-0.584545505204475,-0.28287876741103846,0.0,-0.4817791139152568,0.23919165699503853,-0.8296848237128692,0.0622091581265231,0.20234722784298487,0.11966771539100939,0.0,0.07144296907392898
test,median,UAV_0187,182,0.5803232900689498,0.131391410221149,0.0,0.6295247088453912,-0.48107206362269356,0.07334547704331328,0.0,0.0,0.4329183777065487,-1.171984307838328,0.5015444108928535,-0.21077836233648098,0.46670172712282143,0.0,0.4968950584671081,0.0,0.0,-0.584545505204475,-0.31138709171585965,0.0,-0.4817791139152568,0.23919165699503853,-0.7467545498676422,0.01704388645352267,0.20234722784298487,0.07615218252154829,0.0,0.039966833133928965
test,median,UAV_0187,183,0.060451106041702604,0.5240749007584236,0.0,0.6295247088453912,0.2238741052623918,0.24520399678200944,0.0,0.0,-0.030209782458762786,-1.2280918952528175,0.6226068549014796,-0.3372453797382976,0.3500527437715761,0.0,0.7681829796940307,0.0,0.0,-0.584545505204475,-0.28287876741103846,0.0,0.0,0.23919165699503853,-0.7257996601376543,-0.009940064021539158,0.2360717658167894,0.07615218252154829,0.0,-0.20237247731479324
test,median,UAV_0187,184,0.060451106041702604,0.131391410221149,0.0,0.314762354422471,0.2238741052623918,0.08485064991285134,0.0,0.0,-0.030209782458762786,-1.171984307838328,0.6226068549014796,-0.04215567246729619,0.3500527437715761,0.0,0.7681829796940307,0.0,0.0,-0.6079085359594014,-0.31138709171585965,0.0,0.0,0.23919165699503853,-0.7467545498676422,-0.07925201418539524,0.20234722784298487,0.10878883217366996,0.0,-0.20237247731479324
test,median,UAV_0187,185,0.021078907713094855,-0.5419022340851699,0.0,0.314762354422471,-0.48107206362269356,0.2847530285210506,0.0,0.0,0.4329183777065487,-0.13409584887311926,0.7038916387358389,0.0,-0.17296510481165808,0.0,0.7681829796940307,0.0,0.0,-0.6079085359594014,-0.31138709171585965,0.0,0.0,-0.15748022137557557,-0.7257996601376543,-0.10955035130146511,0.16862268986911724,0.07615218252154829,0.0,-0.20237247731479324
test,median,UAV_0187,186,0.021078907713094855,-0.5769098430945665,0.0,0.13489815189585816,-0.6764138520320209,0.5091038994770427,0.0,0.0,-0.030209782458762786,-0.4773290705439213,0.6226068549014796,-0.04215567246729619,-0.17296510481165808,0.0,1.1382905560757408,0.0,0.0,-0.6242985814747428,-0.3295288936035951,0.0,-0.2890674683491541,-0.15748022137557557,-0.7257996601376543,-0.10955035130146511,0.20234722784298487,-0.027197208043383023,0.0,0.25178782541086486
test,median,UAV_0187,187,0.13863318162933722,-0.746663744346094,0.0,0.13489815189585816,-0.7369755806385255,0.5091038994770427,0.0,0.0,-0.030209782458762786,-0.4773290705439213,0.6226068549014796,0.0,-0.17296510481165808,0.0,1.1382905560757408,0.0,0.0,-0.6242985814747428,-0.18123488840155524,0.0,-0.2890674683491541,0.09656806027752353,-1.1989966809244839,-0.03747451832091236,0.16862268986911724,-0.027197208043383023,0.0,0.25178782541086486
test,median,UAV_0187,188,0.14679185488123314,-0.746663744346094,0.0,-0.5395926075816356,-0.7369755806385255,0.08988416304324567,0.0,0.0,1.674105685935734,-0.13409584887311926,0.6018532930714103,0.0,0.45062155311250407,0.0,1.1382905560757408,0.0,0.0,-0.6141714904765427,-0.5259100291463061,0.0,-0.3854232911322054,-0.15748022137557557,-1.1989966809244839,-0.03747451832091236,-0.033724537973836066,-0.027197208043383023,0.0,0.25178782541086486
test,median,UAV_0187,189,0.27443404274635397,-0.5769098430945665,0.0,0.8993210126362091,-0.7369755806385255,0.639975240867981,0.0,0.0,0.08575852309534879,0.5415915168586121,0.7038916387358389,-0.5901794145420027,-0.17296510481165808,0.0,0.9751448989805491,-0.6744907594765952,0.0,-0.6156535505295156,-0.18123488840155524,0.0,-0.2890674683491541,0.09656806027752353,-1.189871224648548,-0.03747451832091236,-0.23607176581682093,-0.027197208043383023,0.0,0.24015947222963627
test,median,UAV_0187,190,0.38192653270567706,0.10157684687365225,0.0,-0.5395926075816356,-0.45249733648614326,0.2890674683471029,0.0,0.0,0.08575852309534879,0.5415915168586121,0.6018532930714103,-0.5901794145420027,-0.3280532678754965,0.0,0.9751448989805491,-0.6744907594765952,0.0,-0.6242985814747428,-0.20852426349486605,0.0,-0.2890674683491541,0.27633321864024557,-1.189871224648548,0.048820478521761954,-0.23607176581682093,0.15230436504309658,0.0,0.24015947222963627
test,median,UAV_0187,191,0.38192653270567706,0.5514578257661302,0.0,-0.5395926075816356,-0.45249733648614326,0.2890674683471029,0.0,0.0,1.0264618670110275,0.5415915168586121,0.6018532930714103,-0.5058680696074823,-0.3280532678754965,0.0,0.9751448989805491,-0.6744907594765952,0.0,-0.6441044058545017,-0.20852426349486605,0.0,-0.09635582278305135,0.27633321864024557,-1.189871224648548,0.048820478521761954,-0.269796303790657,0.15230436504309658,0.0,0.24015947222963627
test,median,UAV_0187,192,0.38192653270567706,0.5926181701220643,0.0,-0.5395926075816356,-0.2687092023880505,0.3681655318251852,0.0,0.0,1.0264618670110275,0.6041104338888784,0.23520703407388055,-0.5058680696074823,-0.25218324904604994,0.0,1.0665064669539137,-0.6744907594765952,0.0,-0.6156535505295156,-0.3487388269979256,0.0,-0.2890674683491541,0.06982613589294773,-1.189871224648548,0.048820478521761954,-0.269796303790657,0.15230436504309658,0.0,0.32951176683823696
test,median,UAV_0187,193,0.8781909460680661,0.7176983463639625,0.0,-0.5395926075816356,0.46430852554181157,0.3681655318251852,0.0,0.0,0.6614426510378174,0.6230638521500657,0.23520703407388055,-0.3372453797382976,-0.25218324904604994,0.0,1.0665064669539137,-0.6744907594765952,0.0,-0.6441044058545017,-0.20852426349486605,0.0,-0.09635582278305135,0.06982613589294773,-0.7199878945377642,0.06565886302226674,-0.23607176581682093,0.15230436504309658,0.0,0.4261177945709503
test,median,UAV_0187,194,0.12176416610967268,0.7176983463639625,0.0,-0.5395926075816356,-0.2687092023880505,0.3681655318251852,0.0,0.0,0.7133488214518444,0.6041104338888784,0.23520703407388055,0.1264670174018886,-0.11474915892439187,0.0,1.0665064669539137,-0.6744907594765952,0.0,-0.6441044058545017,-0.20852426349486605,0.0,-0.09635582278305135,0.06982613589294773,-0.7199878945377642,0.06565886302226674,0.0,0.15230436504309658,0.0,0.4261177945709503
test,median,UAV_0187,195,-0.018644388973859723,0.722456730922051,0.0,-0.5395926075816356,-0.490484260600144,0.7082872047808999,0.0,0.0,0.7133488214518444,0.6041104338888784,0.23520703407388055,-0.1264670174018886,0.17926786433377617,0.0,1.0665064669539137,-0.6744907594765952,0.0,-0.5772459787133462,-0.3487388269979256,0.0,-0.09635582278305135,-0.33724537973833474,-0.6255481601941453,0.06565886302226674,0.20234722784298487,0.15230436504309658,0.0,0.32951176683823696
test,median,UAV_0187,196,-0.07053594588966579,0.7176983463639625,0.0,-0.5395926075816356,0.2671445013453691,0.7082872047808999,0.0,0.0,0.6614426510378174,0.6041104338888784,-0.08993210126357977,0.29508970727100137,0.4442660724932099,0.0,1.0665064669539137,-0.6744907594765952,0.0,-0.5772459787133462,-0.21542209032721493,0.0,-0.2890674683491541,-0.33724537973833474,-0.6255481601941453,0.17089984273197084,0.20234722784298487,0.04895497447816527,0.0,0.32951176683823696
test,median,UAV_0187,197,-0.07053594588966579,-0.7744422644054808,0.0,-0.22483025315916458,0.2638510091356622,0.7420836500851394,0.0,0.0,0.35491737309244686,0.22520641519395634,0.3009266465356937,0.29508970727100137,0.4442660724932099,0.0,1.0003159432180986,-0.6744907594765952,0.0,-0.6293124949079403,-0.21542209032721493,0.0,-0.2890674683491541,-0.33724537973833474,-0.6255481601941453,0.303580059353762,0.0,0.05983385769550469,0.0,0.1936567918542729
test,median,UAV_0187,198,-0.41789809407325423,-0.7744422644054808,0.0,-0.08993210126375568,0.2638510091356622,0.7420836500851394,0.0,0.0,0.7133488214518444,0.22520641519395634,0.2559605959039038,-0.1264670174018886,0.4442660724932099,0.0,1.1634616003134004,0.0,0.0,-0.6293124949079403,-0.6583115759433108,0.0,-0.2890674683491541,0.080225773153579,-0.9398434954437885,0.27723898127000346,0.0,0.05983385769550469,0.0,-0.13268812825540796
test,median,UAV_0187,199,-0.41789809407325423,-0.6928979885912779,0.0,0.5845586582137381,0.2638510091356622,0.7190733043460633,0.0,0.0,0.35491737309244686,0.23070064294256237,0.2559605959039038,-0.5058680696074823,0.5048371482395524,0.0,1.1634616003134004,-0.6744907594765952,0.0,-0.6375783152470571,-0.6769008018969219,0.0,-0.2890674683491541,0.080225773153579,-1.6139776474911034,0.2827763326163337,-0.06744907594767213,0.05983385769550469,0.0,-0.13268812825540796
test,median,UAV_0187,200,-0.05276052557358852,-0.6928979885912779,0.0,0.5845586582137381,0.2638510091356622,0.7190733043460633,0.0,0.0,0.3520546300299122,0.23070064294256237,0.2559605959039038,-0.5058680696074823,0.036760608727941436,0.0,1.1634616003134004,-0.6744907594765952,0.0,-0.6375783152470571,-0.6583115759433108,0.0,-0.2890674683491541,0.080225773153579,-1.6139776474911034,0.27723898127000346,-0.06744907594767213,0.04895497447816527,0.0,0.06188526059999116
test,median,UAV_0187,201,0.00862313238840551,-0.4352426787146499,0.0,0.5845586582137381,-0.036022265457831625,0.7190733043460633,0.0,0.0,0.3520546300299122,0.8784527967508743,0.3009266465356937,-0.5058680696074823,0.036760608727941436,0.0,1.1634616003134004,-0.6744907594765952,0.0,-0.6293124949079403,-0.6583115759433108,0.0,-0.5781349366935439,0.1649085337046986,-1.0773039483032698,0.27723898127000346,-0.30352084176449307,0.021757766434713312,0.0,-0.3929260532278558
test,median,UAV_0187,202,-0.05276052557358852,-0.2557219374515949,0.0,0.4946265569499824,-0.036022265457831625,0.4048382703468255,0.0,0.0,0.31173680458400355,0.8784527967508743,0.2559605959039038,-0.5058680696074823,0.4679174876794381,0.0,1.1634616003134004,-0.6744907594765952,0.0,-0.6179071853092244,-0.6555245929219534,0.0,-0.5781349366935439,0.24216298192665806,-1.0773039483032698,0.1600028345075491,0.10117361392147665,0.021757766434713312,0.0,-0.3929260532278558
test,median,UAV_0187,203,-0.0056998636530581955,0.40899900815867,0.0,0.4946265569499824,-0.036022265457831625,0.44151100886846584,0.0,0.0,0.25136404198567175,0.819153083563333,0.2403954245313806,-0.2529340348037052,0.4679174876794381,0.0,1.2305843849467557,-0.6744907594765952,0.0,-0.6056429046731028,-0.03789628116352319,0.0,-0.5781349366935439,0.24216298192665806,-1.0773039483032698,0.1600028345075491,-0.06744907594767213,0.021757766434713312,0.0,-0.4552746240427975
test,median,UAV_0187,204,-0.0056998636530581955,0.4310035870805401,0.0,0.4046944556862267,0.026258072933917603,0.24017048365158247,0.0,0.0,0.050634676264112076,0.819153083563333,0.2403954245313806,-0.2529340348037052,0.2955226142416981,0.0,1.331268561896954,0.0,0.0,-0.6056429046731028,-0.03789628116352319,0.0,-0.5781349366935439,0.15748022137557557,-0.9882065314485834,-0.0037588288179449514,-0.06744907594767213,0.021757766434713312,0.0,-0.3464187278663223
test,median,UAV_0187,205,-0.14629681021540375,0.4310035870805401,0.0,0.4046944556862267,0.026258072933917603,0.24017048365158247,0.0,0.0,-0.04265761462476526,0.3540866954254761,0.4219890905443198,-0.5058680696074823,0.3265558709928712,0.0,1.4300882170518512,0.0,0.0,-0.6056429046731028,0.013967588908894327,0.0,-0.3854232911322054,0.24216298192665806,-1.065726510163085,0.08664401697835826,-0.06744907594767213,0.021757766434713312,0.0,-0.39041733171125914
test,median,UAV_0187,206,-0.14629681021540375,0.8316872328620479,0.0,-0.8093889113720042,0.026258072933917603,0.44151100886846584,0.0,0.0,-0.1649352802416207,0.3540866954254761,0.2525016689322524,-0.5058680696074823,0.2955226142416981,0.0,1.4673786529594053,0.0,0.0,-0.6056429046731028,-0.03789628116352319,0.0,-0.1927116455661027,0.15748022137557557,-1.065726510163085,0.1600028345075491,-0.06744907594767213,0.010878883217339421,0.0,-0.39041733171125914
test,median,UAV_0187,207,-0.14629681021540375,0.4310035870805401,0.0,0.5845586582137381,-0.5110935424405085,0.44151100886846584,0.0,0.0,-0.1649352802416207,0.3540866954254761,0.5050033378645279,-0.4637123971401862,0.2955226142416981,0.0,1.4673786529594053,0.0,0.0,-0.6056429046731028,-0.18637296359017833,0.0,-0.09635582278305135,0.1069676975381548,-1.4501096993498515,0.08664401697835826,-0.06744907594767213,0.09247050734755742,0.0,-0.39041733171125914
test,median,UAV_0187,208,-0.21493797299639122,-0.4771304995111075,0.0,-0.314762354422471,-0.7209417611961122,0.3868614377381764,0.0,0.0,0.016918887600553732,0.06638175030685668,0.5050033378645279,-0.4637123971401862,0.21143315821393968,0.0,1.5969629177377545,-0.6744907594765952,0.0,-0.6115448209631322,-0.18637296359017833,0.0,-0.09635582278305135,0.1069676975381548,-1.5533526277175043,0.05181127121071302,0.10117361392147665,0.04895497447816527,0.0,-0.3464187278663223
test,median,UAV_0187,209,-0.35914826879405015,-0.4771304995111075,0.0,-0.314762354422471,-0.7392729265909087,0.3868614377381764,0.0,0.0,0.016918887600553732,-0.24491151812639447,0.2525016689322524,-0.4637123971401862,0.21143315821393968,0.0,1.5969629177377545,-0.6744907594765952,0.0,-0.5904506999703839,-0.1804649525829029,0.0,-0.1927116455661027,0.1426235967175892,-1.63112850504104,0.08664401697835826,0.10117361392147665,0.010878883217339421,0.0,-0.39041733171125914
test,median,UAV_0187,210,-0.35914826879405015,-0.2775197025855675,0.0,-0.314762354422471,-0.9617482664489615,0.3868614377381764,0.0,0.0,0.016918887600553732,-0.24491151812639447,0.2525016689322524,-0.42155672467288996,0.21143315821393968,0.0,1.66501796326898,-0.6744907594765952,0.0,-0.5904506999703839,-0.1804649525829029,0.0,-0.1927116455661027,0.1426235967175892,-1.7042028127574205,0.39486742588116086,0.06744907594764059,0.04895497447816527,0.0,-0.4038298602660101
test,median,UAV_0187,211,-0.35914826879405015,-0.2775197025855675,0.0,-0.1348981518954089,-0.7392729265909087,0.3868614377381764,0.0,0.0,0.6278001610343112,-0.5420149917326226,0.5050033378645279,-0.42155672467288996,0.46732878282230134,0.0,1.5606047427279606,-0.6744907594765952,0.0,-0.6115448209631322,-0.1804649525829029,0.0,-0.1927116455661027,0.1426235967175892,-1.7711746066267937,0.09324788032126533,0.06744907594764059,0.081591624130218,0.0,-0.4038298602660101
test,median,UAV_0187,212,-0.5258080523448777,0.4930289286195476,0.0,-0.314762354422471,-0.7392729265909087,0.3372453797383139,0.0,0.0,0.6278001610343112,-0.5420149917326226,0.510191728322051,-0.8852691218130042,0.38118063613301795,0.0,1.5606047427279606,-0.6744907594765952,0.0,-0.6403713728457928,-0.008681666562469492,0.0,-0.1927116455661027,0.1426235967175892,-1.7711746066267937,0.33233011305180543,-0.10117361392150821,0.081591624130218,0.0,-0.5365699457485578
test,median,UAV_0187,213,-0.5480425825642019,0.7135707381057025,0.0,-0.1348981518954089,-0.7392729265909087,0.3372453797383139,0.0,0.0,-0.6493655192231627,-0.3295109412348306,0.5188390457512253,-0.9695804667475966,0.38118063613301795,0.0,1.5606047427279606,-0.6744907594765952,0.0,-0.6403713728457928,-0.06590728613464655,0.0,-0.1927116455661027,0.008913974794858599,-1.7711746066267937,0.33233011305180543,-0.10117361392150821,0.17950157308658302,0.0,-0.5365699457485578
test,median,UAV_0187,214,-0.5515526149370672,0.7135707381057025,0.0,-0.1348981518954089,-0.5435632774412457,0.2574282429559222,0.0,0.0,-0.6493655192231627,-0.12008849444696064,0.5551577789538178,-0.9695804667475966,0.38118063613301795,0.0,1.6034887440215269,-0.6744907594765952,0.0,-0.6403713728457928,-0.008681666562469492,0.0,-0.09635582278305135,0.008913974794858599,-1.7711746066267937,0.09324788032126533,-0.33724537973832913,0.17950157308658302,0.0,-0.4567334457680071
test,median,UAV_0187,215,-0.5515526149370672,0.7135707381057025,0.0,-0.6295247088453912,-0.5435632774412457,0.15100539391267884,0.0,0.0,0.2162503615958172,-0.3295109412348306,0.6952443213066645,-0.9695804667475966,0.38118063613301795,0.0,1.6034887440215269,-0.6744907594765952,0.0,-0.6403713728457928,-0.06590728613464655,0.0,-0.09635582278305135,0.0044569873974292995,-1.7682199228294415,0.09324788032126533,-0.3709699177121652,0.1958198979125577,0.0,-0.4567334457680071
test,median,UAV_0187,216,-0.5917996209541321,0.09414837737717155,0.0,-0.6295247088453912,0.22213914487182979,0.15100539391267884,0.0,0.0,-0.6568551969712482,0.003475174586301291,0.736751444966757,-0.7166464319438913,0.38118063613301795,0.0,1.7069697036647862,-0.6744907594765952,0.0,-0.6431681531833012,-0.06590728613464655,0.0,-0.1927116455661027,-0.010399637260668367,-1.7503390024878487,0.24541419150922988,-0.33724537973832913,0.21213822273860128,0.0,0.026376032452528612
test,median,UAV_0187,217,-0.5716761179455996,0.04477432545887756,0.0,-0.3597284050545735,-0.25938012509099795,0.2042168184343005,0.0,0.0,-0.22030241768771547,0.2116590632540057,0.7808527638555995,-0.6534129232429471,0.29332730202917334,0.0,1.7773554014401927,-1.011736139214893,0.0,-0.6358222863752694,-0.23185193647288244,0.0,-0.2890674683491541,-0.016342287123888882,-1.626915226520048,0.13653249896245398,-0.3203831107514111,0.2039790603255795,0.0,0.08663824916915196
test,median,UAV_0187,218,-0.5917996209541321,-0.004599726459416431,0.0,-0.6295247088453912,0.22213914487182979,0.2574282429559222,0.0,0.0,0.2162503615958172,0.4198429519217101,0.736751444966757,-0.5901794145420027,0.38356628396429543,0.0,1.8477410992155994,-0.6744907594765952,0.0,-0.6431681531833012,-0.3977965868111183,0.0,-0.3854232911322054,-0.0222849369871094,-1.7503390024878487,0.24541419150922988,-0.33724537973832913,0.21213822273860128,0.0,0.1469004658857753
test,long,UAV_0196,1,-0.011336348023210254,-0.14520455813518868,0.0,0.44966050631877846,-0.7190145294922711,-1.2648499423447137,0.0,0.0,-0.8907767098347417,0.07010831998488667,-0.6243363183873973,1.2225145015513017,-0.6545173993366665,0.0,0.18085861415131843,0.0,0.0,-0.5992551948310211,0.06394047455927146,0.0,0.1927116455661027,-0.21244973261046274,-0.35598654967565657,-2.2257360762023057,0.6744907594765952,-1.7841368476477668,0.0,0.13059775949917418
test,long,UAV_0196,2,-0.19491811106225204,-0.06172353472851605,0.0,-0.06744907594770447,0.007521528696663837,-1.068542930258241,0.0,0.0,-0.892734882848385,-0.07798624817722646,-0.6909206625921462,0.8641912855793561,-0.39123211077408226,0.0,0.23213296352406784,-0.3372453797382976,0.0,-0.6328276734589124,0.04195266708742211,0.0,0.3372453797382976,0.11588167233299485,-0.26872496809434054,-2.0331945880276012,0.6913530284635132,-1.7569396396043837,0.0,0.2694478972884725
test,long,UAV_0196,3,-0.011336348023210254,0.02175748867815658,0.0,0.44966050631877846,-0.2728494617676197,-0.8722359181717683,0.0,0.0,-0.8907767098347417,0.07010831998488667,-0.7505871528535235,1.2225145015513017,-0.12794682221149797,0.0,0.18085861415131843,0.0,0.0,-0.5992551948310211,0.06394047455927146,0.0,0.1927116455661027,0.0059426498632390665,-0.35598654967565657,-1.9783584820820168,0.6744907594765952,-1.7297424315610008,0.0,0.4082980350777708
test,long,UAV_0196,4,-0.011336348023210254,0.02175748867815658,0.0,0.44966050631877846,-0.2728494617676197,-0.8722359181717683,0.0,0.0,-0.5278641576162428,0.07010831998488667,-0.7575050067968953,1.0117361392148208,-0.12794682221149797,0.0,0.28340731289681725,0.0,0.0,-0.5946194461012507,0.019964859615572757,0.0,0.1927116455661027,-0.21244973261046274,-0.18146338651302452,-1.8406530998528967,0.6744907594765952,-1.6644691322568264,0.0,0.4082980350777708
test,long,UAV_0196,5,0.4295405663364111,0.02175748867815658,0.0,0.9442870632678623,-0.2728494617676197,-0.6241556281723907,0.0,0.0,-0.5278641576162428,0.2529783380986891,-0.7713407146835928,1.0117361392148208,-0.12460659203019596,0.0,0.18085861415131843,0.0,0.0,-0.6658189739596778,0.1321956021957421,0.0,0.4817791139104925,0.0059426498632390665,-0.1633361921500062,-1.786855159610783,0.4384189936598058,-1.5828775081265394,0.0,0.46547418744366453
test,long,UAV_0196,6,0.4295405663364111,0.5616847490355831,0.0,0.9442870632678623,0.17807179152182975,-0.8722359181717683,0.0,0.0,-0.5278641576162428,-0.10098771642705201,-0.8526254985179521,0.9274247942803003,-0.12794682221149797,0.0,0.22653939813794574,0.0,0.0,-0.5946194461012507,0.019964859615572757,0.0,0.4817791139104925,0.0059426498632390665,-0.10672106557720928,-1.786855159610783,0.3372453797382976,-1.5284830920397734,0.0,0.5803495833121876
test,long,UAV_0196,7,0.5312395281081711,0.5616847490355831,0.0,0.9442870632678623,0.17807179152182975,-0.6744907594765952,0.0,0.0,-0.08130776397822993,-0.10098771642705201,-0.8526254985179521,1.0117361392148208,-0.43330594078051987,0.0,0.22653939813794574,0.0,0.0,-0.5946194461012507,0.1321956021957421,0.0,0.3854232911322054,-0.4352991024815938,-0.06002348171564519,-1.786855159610783,0.30352084176446154,-1.5284830920397734,0.0,0.7214479939796811
test,long,UAV_0196,8,0.4295405663364111,-0.4687787099907586,0.0,0.9442870632678623,0.25715368734849864,-0.6744907594765952,0.0,0.0,-0.08130776397822993,-0.10098771642705201,-0.8526254985179521,0.9274247942803003,-0.4615413243590906,0.0,0.5034208847509906,0.0,0.0,-0.6573873404870134,0.1321956021957421,0.0,0.3854232911322054,-0.490268613716481,0.05838942327591309,-1.786855159610783,0.16862268986911724,-1.5828775081265394,0.0,0.46547418744366453
test,long,UAV_0196,9,-0.3000996668702585,0.5616847490355831,0.0,-0.04496605063165321,0.17807179152182975,-0.5328333185204283,0.0,0.0,-0.08130776397822993,-0.24888703637422663,-0.7108094926792567,0.6744907594765952,-0.43330594078051987,0.0,0.5919856700311841,0.0,0.0,-0.6573873404870134,0.17236762187497617,0.0,0.1927116455661027,-0.4352991024815938,0.05838942327591309,-1.7939304452275375,0.16862268986911724,-1.6155141577786611,0.0,0.504746640809775
test,long,UAV_0196,10,-0.3000996668702585,1.2389575557759813,0.0,-0.04496605063165321,0.17807179152182975,-0.5328333185204283,0.0,0.0,-0.08130776397822993,-0.3966773919308882,-0.6139595374723742,0.843113449345708,-0.43330594078051987,0.0,0.5919856700311841,0.0,0.0,-0.6573873404870134,0.17236762187497617,0.0,0.1927116455661027,-0.4352991024815938,0.05838942327591309,-1.8002868489508828,0.033724537973836066,-1.6155141577786611,0.0,0.504746640809775
test,long,UAV_0196,11,-0.14208779747648778,-0.31938202136279076,0.0,-0.04496605063165321,-0.5210779747889703,-0.5328333185204283,0.0,0.0,-0.08130776397822993,-0.3966773919308882,-0.4496605063177838,0.843113449345708,-0.4615413243590906,0.0,0.5919856700311841,0.0,0.0,-0.6573873404870134,0.5136436302215874,0.0,0.09635582278305135,-0.576437036733299,-0.06002348171564519,-1.84602538710032,0.16862268986911724,-1.7297424315610008,0.0,0.504746640809775
test,long,UAV_0196,12,-0.3558220895321391,0.8699188161952908,0.0,0.17986420252706212,-0.5210779747889703,-0.5328333185204283,0.0,0.0,-0.08583644935523536,-0.23263518471531577,-0.6139595374723742,0.843113449345708,-0.41026517929354195,0.0,0.5761372347705781,0.6744907594765952,0.0,-0.6354355074974776,0.4212928899276343,0.0,0.09635582278305135,-0.2273063572685233,-0.4074761975260473,-1.84602538710032,0.16862268986911724,-1.6155141577786611,0.0,0.504746640809775
test,long,UAV_0196,13,-0.4565358305009174,0.8699188161952908,0.0,0.17986420252706212,-0.5210779747889703,-0.9513339816498506,0.0,0.0,-0.8013212950226777,-0.23263518471531577,-0.5136506552937713,0.9274247942803003,-0.41026517929354195,0.0,0.5761372347705781,0.6744907594765952,0.0,-0.6354355074974776,0.4212928899276343,0.0,0.09635582278305135,-0.2273063572685233,-0.4148523781877561,-1.8515252426796789,0.30352084176446154,-1.6155141577786611,0.0,0.504746640809775
test,long,UAV_0196,14,-0.14208779747648778,0.5603260086527336,0.0,0.17986420252706212,-0.5210779747889703,-0.9513339816498506,0.0,0.0,-0.8013212950226777,-0.23263518471531577,-0.5136506552937713,0.9274247942803003,-0.41026517929354195,0.0,0.3878205334377268,0.6744907594765952,0.0,-0.6354355074974776,0.4212928899276343,0.0,0.09635582278305135,-0.576437036733299,-0.5369858289532813,-1.8206808100871512,0.30352084176446154,-1.5067253256049913,0.0,0.4255285992777857
test,long,UAV_0196,15,-0.422404032455109,-0.14501347783240362,0.0,-1.169117316427027,-0.5210779747889703,-0.9865685735628068,0.0,0.0,-0.8013212950226777,-0.05293748147529648,-0.6502782706749206,0.9274247942803003,-0.6511154972955104,0.0,0.42884001293599233,0.6744907594765952,0.0,-0.6354355074974776,0.5320714803086342,0.0,0.0,-0.576437036733299,-0.4148523781877561,-1.8206808100871512,0.30352084176446154,-1.3652998437792685,0.0,0.4255285992777857
test,long,UAV_0196,16,-0.422404032455109,-0.14501347783240362,0.0,-1.169117316427027,-0.6926846482826626,-0.9865685735628068,0.0,0.0,-0.6294957709895207,-0.05293748147529648,-0.7696112511977441,1.053891811682189,-0.44180551564080744,0.0,0.42884001293599233,0.6744907594765952,0.0,-0.6329832088813434,0.5320714803086342,0.0,0.0,-0.0267419243845758,-0.4074761975260473,-1.8206808100871512,0.30352084176446154,-1.3652998437792685,0.0,-0.017012163869223534
test,long,UAV_0196,17,-0.422404032455109,-0.14501347783240362,0.0,-1.169117316427027,-0.6926846482826626,-0.7916997080850019,0.0,0.0,-0.5539009648445088,-0.45971354500464645,-0.9183451109797652,0.6744907594765952,-0.6612826211428701,0.0,0.42884001293599233,0.0,0.0,-0.6329832088813434,0.5320714803086342,0.0,0.0,-0.9359673534587432,-0.38236094232346013,-1.8206808100871512,0.30352084176446154,-1.5991958329526175,0.0,-0.017012163869223534
test,long,UAV_0196,18,0.07648153176754753,0.5603260086527336,0.0,0.22483025315961386,-0.6926846482826626,-0.7895424881719757,0.0,0.0,0.07255898926683732,-0.45971354500464645,-0.9183451109797652,0.6744907594765952,-0.5665879003756998,0.0,0.42884001293599233,0.0,0.0,-0.6027952731989081,0.5320714803086342,0.0,0.0,-0.9359673534587432,-0.27495002508246313,-1.8206808100871512,0.30352084176446154,-1.5448014168657827,0.0,-0.017012163869223534
test,long,UAV_0196,19,-0.422404032455109,-0.37178135204242035,0.0,0.22483025315961386,-0.2556878116339182,-0.6184030417376053,0.0,0.0,0.07255898926683732,0.28521985730332633,-0.9183451109797652,0.9695804667475966,-0.5665879003756998,0.0,0.5686791475890453,0.0,0.0,-0.5949263452821522,0.46911434138902836,0.0,0.09635582278305135,-0.15450889644395602,-0.218690508217785,-1.6651665143943257,0.16862268986911724,-1.5448014168657827,0.0,0.09094049607119994
test,long,UAV_0196,20,0.07648153176754753,-0.28301384351609227,0.0,0.22483025315961386,-0.01720765813691738,-0.6184030417376053,0.0,0.0,0.07255898926683732,-0.7881937155564993,-0.8906736952063703,1.053891811682189,-0.5665879003756998,0.0,0.5686791475890453,0.0,0.0,-0.5949263452821522,0.27952762512972007,0.0,0.09635582278305135,-1.2152718970305711,-0.218690508217785,-1.8698270290817838,0.13489815189531273,-1.5991958329526175,0.0,0.2927812608506678
test,long,UAV_0196,21,-0.6260913945071663,-0.28301384351609227,0.0,0.35972840505502274,-0.01720765813691738,-0.7895424881719757,0.0,0.0,0.03483815950885797,0.28521985730332633,-0.8906736952063703,0.9695804667475966,-0.5665879003756998,0.0,0.44002714370823653,0.6744907594765952,0.0,-0.6027952731989081,0.06366824500966878,0.0,0.3854232911322054,-1.2152718970305711,-0.218690508217785,-1.8698270290817838,0.13489815189531273,-1.5991958329526175,0.0,0.47847091535365033
test,long,UAV_0196,22,0.4508659947124731,-0.5399126584582319,0.0,0.22483025315961386,-0.2556878116339182,-0.9182566096499205,0.0,0.0,-0.21061228457062955,0.6616717734691894,-0.57072295032641,0.9695804667475966,-0.5665879003756998,0.0,0.44002714370823653,0.6744907594765952,0.0,-0.6302577918815738,0.06366824500966878,0.0,0.09635582278305135,-0.32684574247766635,-0.4085221389756976,-1.8698270290817838,0.16862268986911724,-1.6372719242133744,0.0,0.47847091535365033
test,long,UAV_0196,23,-0.6260913945071663,-1.035833756699398,0.0,0.35972840505502274,-0.2556878116339182,-0.9182566096499205,0.0,0.0,-0.2617143054346034,0.6616717734691894,-0.46522567769033,0.7166464319438194,-0.2331285166918245,0.0,0.44002714370823653,0.6744907594765952,0.0,-0.6302577918815738,0.16428965974338006,0.0,0.09635582278305135,-0.32684574247766635,-0.4085221389756976,-1.7447518292332456,0.16862268986911724,-1.6372719242133744,0.0,0.2927812608506678
test,long,UAV_0196,24,0.7248468644210493,-0.5399126584582319,0.0,0.044966050632102475,-0.28804716972989997,-0.9182566096499205,0.0,0.0,-0.2617143054346034,0.40484380208321197,-0.46522567769033,0.7166464319438194,-0.26076077842159584,0.0,0.44002714370823653,0.0,0.0,-0.6302577918815738,0.16428965974338006,0.0,0.0,-0.32684574247766635,-0.4085221389756976,-1.9086458288184236,0.13489815189531273,-1.6699085738654962,0.0,0.933128600793632
test,long,UAV_0196,25,0.7248468644210493,-0.5399126584582319,0.0,0.35972840505502274,-0.28804716972989997,-0.9182566096499205,0.0,0.0,-0.3457760647703443,0.40484380208321197,-0.57072295032641,0.7166464319438194,-0.26076077842159584,0.0,0.4586723616620136,0.0,0.0,-0.6275945977239621,0.16428965974338006,0.0,0.09635582278305135,-0.23919165699500142,-0.4085221389756976,-1.8133199781374532,0.5733171455551186,-1.7134241067349227,0.0,0.5143392250352353
test,long,UAV_0196,26,0.7248468644210493,-1.035833756699398,0.0,0.6744907594765952,-0.26847917825911155,-0.443668228781492,0.0,0.0,-0.2617143054346034,0.3859516297163182,-0.57072295032641,0.8852691218130042,-0.28413549632250484,0.0,0.5080821892394622,-0.6744907594765952,0.0,-0.6275945977239621,0.33387452630763015,0.0,0.09635582278305135,0.06982613589294773,-0.3051515561209968,-1.7447518292332456,0.13489815189531273,-1.898365121430141,0.0,0.3072553775411611
test,long,UAV_0196,27,0.034924117311045604,-1.035833756699398,0.0,0.6744907594765952,-0.26847917825911155,-0.443668228781492,0.0,0.0,-0.3457760647703443,0.3577686147891878,-0.598394366099828,1.0117361392148208,-0.28413549632250484,0.0,0.5080821892394622,0.0,0.0,-0.6090984506152574,0.33387452630763015,0.0,0.09635582278305135,0.06982613589294773,-0.11234399857741356,-1.7447518292332456,0.0,-1.7134241067349227,0.0,0.5143392250352353
test,long,UAV_0196,28,0.04458283293102227,-0.14959656968683693,0.0,0.5395926075816356,-0.26847917825911155,-0.655794853563604,0.0,0.0,-0.3457760647703443,-0.5440565554079894,-0.736751444966826,1.0117361392148208,-0.7957952260797844,0.0,0.4586723616620136,0.0,0.0,-0.6275945977239621,0.33387452630763015,0.0,0.3854232911322054,0.06982613589294773,-0.3051515561209968,-1.8133199781374532,0.0,-1.7134241067349227,0.0,0.5543680361733291
test,long,UAV_0196,29,0.034924117311045604,-1.2218095637099353,0.0,0.5395926075816356,0.24917322239265968,-1.068542930258241,0.0,0.0,-0.2395261578404587,-0.5440565554079894,-0.7609639337685237,0.8852691218130042,-0.7957952260797844,0.0,0.44189166550353726,0.0,0.0,-0.6313451171898126,0.0177721489429081,0.0,0.4817791139104925,-0.1426235967175521,-0.3051515561209968,-1.7250369234939373,0.10117361392147665,-1.6753480154741658,0.0,0.5143392250352353
test,long,UAV_0196,30,0.034924117311045604,-1.2218095637099353,0.0,0.35972840505502274,0.24917322239265968,-1.068542930258241,0.0,0.0,0.7447630859103341,-0.5440565554079894,-0.736751444966826,0.7166464319438194,-0.2841634325857899,0.0,0.44189166550353726,0.0,0.0,-0.6313451171898126,0.33387452630763015,0.0,0.4817791139104925,-0.1426235967175521,-0.11234399857741356,-1.6986461085976061,0.10117361392147665,-1.6753480154741658,0.0,0.5543680361733291
test,long,UAV_0196,31,0.04458283293102227,-0.3008458122269479,0.0,0.0,0.27159555773141386,-1.0750145899973684,0.0,0.0,0.16951515137627668,-0.5262360457463954,-0.598394366099828,0.7166464319438194,-0.2841634325857899,0.0,0.05127434937285939,0.0,0.0,-0.5903336903542037,0.31482724560440994,0.0,0.3854232911322054,-0.1426235967175521,0.00874428363839887,-1.7250369234939373,0.10117361392147665,-1.5719986249091655,0.0,0.5543680361733291
test,long,UAV_0196,32,0.04458283293102227,-0.3008458122269479,0.0,0.35972840505502274,0.28082686292442754,-1.0750145899973684,0.0,0.0,0.6662954075392717,-0.5262360457463954,-0.736751444966826,0.7166464319438194,-0.14941921367692326,0.0,0.44189166550353726,0.0,0.0,-0.5903336903542037,0.31482724560440994,0.0,0.09635582278305135,-0.3075321304221394,0.00874428363839887,-1.6918168892549839,0.13489815189531273,-1.6753480154741658,0.0,0.4983848920893681
test,long,UAV_0196,33,-0.18249928401625143,-0.5136094393704551,0.0,-0.17986420252751137,0.28082686292442754,-1.068542930258241,0.0,0.0,0.16951515137627668,-0.5262360457463954,-0.7436692989101977,0.7166464319438194,-0.14941921367692326,0.0,0.4446884481967083,0.0,0.0,-0.5903336903542037,0.31482724560440994,0.0,0.0,0.22433503233694085,0.00874428363839887,-1.5109172820695111,0.13489815189531273,-1.8494101469519757,0.0,0.38120827315851286
test,long,UAV_0196,34,-0.18249928401625143,-0.5136094393704551,0.0,0.35972840505502274,0.28082686292442754,-1.0764527366060526,0.0,0.0,0.16951515137627668,0.5721746787586395,-0.3389748432241808,0.9274247942803003,-0.2223952722588637,0.0,0.4521465353782411,-0.6744907594765952,0.0,-0.5903336903542037,0.4660898588163018,0.0,0.0,0.22433503233694085,-0.1503647774540194,-1.6918168892549839,0.13489815189531273,-1.9201228878648198,0.0,0.38120827315851286
test,long,UAV_0196,35,-0.18249928401625143,-0.5136094393704551,0.0,-0.17986420252751137,0.28082686292442754,-0.7269831106938585,0.0,0.0,-0.02271578669781448,-0.14070962967250777,-0.7436692989101977,0.9274247942803003,0.01895014776931837,0.0,0.6619052373577106,-0.6744907594765952,0.0,-0.613798920923821,0.31482724560440994,0.0,0.0,0.22433503233694085,-0.1503647774540194,-1.6799175027884596,0.13489815189531273,-1.8494101469519757,0.0,0.2561161398346928
test,long,UAV_0196,36,-0.4449807642056851,-0.5136094393704551,0.0,-0.04496605063165321,0.5082371347027324,-0.7269831106938585,0.0,0.0,-0.0749302774618248,-0.14070962967250777,-0.7436692989101977,0.9274247942803003,0.01895014776931837,0.0,0.6619052373577106,-0.6744907594765952,0.0,-0.628033489446075,0.022026272378489895,0.0,0.0,0.21096407014469007,-0.24366932655618112,-1.6799175027884596,0.30352084176446154,-1.9310017710821936,0.0,0.2561161398346928
test,long,UAV_0196,37,-0.18249928401625143,-0.3774315874697681,0.0,-0.44966050631877846,0.21693434553155605,-1.017488725649678,0.0,0.0,-0.7390646799745311,-0.14070962967250777,-0.47560245860535316,0.9274247942803003,-0.2223952722588637,0.0,0.811066980987597,0.6744907594765952,0.0,-0.6386999630996457,0.011305646831662703,0.0,0.1927116455661027,0.22433503233694085,-0.1503647774540194,-1.6799175027884596,0.30352084176446154,-1.8494101469519757,0.0,0.2561161398346928
test,long,UAV_0196,38,0.09219232103446702,0.48670631851549584,0.0,-0.04496605063165321,0.00016251751135771728,-1.0764527366060526,0.0,0.0,-0.7390646799745311,0.5632153439026195,-0.4410131888886094,0.843113449345708,-0.2223952722588637,0.0,0.8856478528025952,0.6744907594765952,0.0,-0.6386999630996457,0.022026272378489895,0.0,0.1927116455661027,0.21096407014469007,-0.1503647774540194,-1.8214757215301078,0.30352084176446154,-1.898365121430141,0.0,0.36386472387333013
test,long,UAV_0196,39,0.09219232103446702,0.48670631851549584,0.0,-0.04496605063165321,0.00016251751135771728,-1.2368060834752432,0.0,0.0,-0.0749302774618248,0.028414280142049143,-0.47560245860535316,0.843113449345708,-0.4912590024261382,0.0,0.6619052373577106,0.6744907594765952,0.0,-0.628033489446075,0.022026272378489895,0.0,0.1927116455661027,0.21096407014469007,-0.017357184027701467,-1.6799175027884596,0.30352084176446154,-1.7460607563870445,0.0,0.36386472387333013
test,long,UAV_0196,40,0.09219232103446702,0.48670631851549584,0.0,0.4946265569499824,-0.4906514291583561,-1.2368060834752432,0.0,0.0,-0.3788300695240952,0.5632153439026195,-0.47560245860535316,0.843113449345708,-0.4912590024261382,0.0,0.5742727129751674,0.6744907594765952,0.0,-0.628033489446075,0.14229131633184441,0.0,0.1927116455661027,0.08765408548262783,-0.24366932655618112,-1.7678201706490386,0.30352084176446154,-1.898365121430141,0.0,0.36386472387333013
test,long,UAV_0196,41,0.26440996295304864,0.48670631851549584,0.0,0.4946265569499824,-0.4906514291583561,-1.3202185867793452,0.0,0.0,-0.3788300695240952,0.7069678572434955,-0.5482399250105381,0.7588021044111156,-0.4912590024261382,0.0,0.5248628853977186,0.0,0.0,-0.6327696506740715,0.2818040630674272,0.0,0.09635582278305135,-0.81860001865992,-0.27077769991269524,-1.6787280248305199,0.26979630379062547,-1.898365121430141,0.0,0.2994248280918143
test,long,UAV_0196,42,0.09219232103446702,0.5526222033395721,0.0,0.5845586582137381,-0.7399096614219173,-1.3202185867793452,0.0,0.0,0.08840538019450692,0.7069678572434955,-0.7903648130277904,1.1382031566167095,-0.16200561987256712,0.0,0.5248628853977186,0.0,0.0,-0.6247187199298168,0.2818040630674272,0.0,0.09635582278305135,-0.81860001865992,-0.27077769991269524,-1.7678201706490386,0.16862268986911724,-1.898365121430141,0.0,0.2994248280918143
test,long,UAV_0196,43,0.38103514767376284,0.6844082628014289,0.0,0.4946265569499824,-0.47767130580922845,-1.2080431513013654,0.0,0.0,-0.3788300695240952,0.028414280142049143,-0.7903648130277904,1.1382031566167095,0.22115722184319073,0.0,0.5248628853977186,0.0,0.0,-0.6189853130131798,0.2818040630674272,0.0,0.09635582278305135,-0.6566628098869522,-0.017357184027701467,-1.6787280248305199,0.26979630379062547,-1.561119741691826,0.0,0.2994248280918143
test,long,UAV_0196,44,0.38103514767376284,0.6844082628014289,0.0,-0.6295247088453912,-0.47767130580922845,-1.036184631562653,0.0,0.0,-0.3788300695240952,-0.6206488186797968,-0.7281041275376516,1.1803588290840055,0.22115722184319073,0.0,0.5248628853977186,0.0,0.0,-0.6189853130131798,0.40357622875964083,0.0,0.09635582278305135,-0.6566628098869522,-0.27077769991269524,-1.7678201706490386,0.3372453797382976,-1.6535902490393837,0.0,0.2994248280918143
test,long,UAV_0196,45,0.5181873101808114,0.1379431131727144,0.0,-0.6295247088453912,0.23103809502570885,-1.0742955166930264,0.0,0.0,-0.5420939288505625,-0.6206488186797968,-0.7281041275376516,0.9695804667475966,-0.16200561987256712,0.0,0.6544471501762877,0.0,0.0,-0.6189853130131798,0.40357622875964083,0.0,0.2890674683443898,-0.6566628098869522,-0.3494548278677352,-1.8396142102215747,0.26979630379062547,-1.6535902490393837,0.0,0.4617695268799753
test,long,UAV_0196,46,-0.5918865753125025,0.5186670143923995,0.0,0.6744907594765952,0.009276074512653215,-0.5400240515638813,0.0,0.0,-0.5420939288505625,-0.6206488186797968,-0.7281041275376516,0.9695804667475966,0.22115722184319073,0.0,0.6544471501762877,0.0,0.0,-0.6189853130131798,0.2695969287774529,0.0,0.2890674683443898,-0.19313612055497287,0.09574622897852222,-1.8396142102215747,0.3372453797382976,-1.561119741691826,0.0,0.4617695268799753
test,long,UAV_0196,47,0.5181873101808114,0.25714539117458074,0.0,0.9892531138999648,0.7380021997687971,-0.33940259965134006,0.0,0.0,-0.5420939288505625,-0.060796692567053466,-0.7281041275376516,0.9695804667475966,-0.3836784306243188,0.0,0.26849113853386164,0.0,0.0,-0.599876203623153,0.2695969287774529,0.0,0.0,-0.15302323397818335,-0.3494548278677352,-1.8396142102215747,0.3372453797382976,-1.6535902490393837,0.0,0.31954084870607824
test,long,UAV_0196,48,-0.5918865753125025,0.25714539117458074,0.0,0.9892531138999648,0.7380021997687971,-0.5400240515638813,0.0,0.0,-0.3002329263930195,-0.060796692567053466,-0.9996298948141246,0.5058680696074104,-0.45663054749699133,0.0,0.26849113853386164,0.0,0.0,-0.622068676243076,0.2695969287774529,0.0,0.0,-0.15302323397818335,-0.3494548278677352,-1.8396142102215747,0.20234722784298487,-1.6535902490393837,0.0,0.25365439797032396
test,long,UAV_0196,49,-0.3139251683611318,0.25714539117458074,0.0,0.9892531138999648,0.7380021997687971,-0.5400240515638813,0.0,0.0,-0.3002329263930195,-0.060796692567053466,-0.9996298948141246,0.08431134493452042,-0.5584624605936047,0.0,0.26849113853386164,0.0,0.0,-0.6243477967203963,0.2695969287774529,0.0,0.1927116455661027,-0.15302323397818335,-0.3140089905554367,-1.8023282319126934,0.033724537973836066,-1.6155141577786611,0.0,0.25365439797032396
test,long,UAV_0196,50,-0.3139251683611318,0.25714539117458074,0.0,1.1241512657953736,0.7280918928500223,-0.5400240515638813,0.0,0.0,-0.3002329263930195,-0.9653164409313005,-0.8958620856638473,0.08431134493452042,-0.45663054749699133,0.0,0.26849113853386164,0.0,0.0,-0.622068676243076,0.556064817787115,0.0,0.1927116455661027,-0.15302323397818335,-0.3140089905554367,-1.6477574958349566,-0.033724537973836066,-1.6155141577786611,0.0,0.25365439797032396
test,long,UAV_0196,51,-0.3139251683611318,0.25714539117458074,0.0,0.8993210126362091,0.7280918928500223,-1.1397311873885119,0.0,0.0,1.7969674271199827,-0.9653164409313005,-0.8958620856638473,0.08431134493452042,-1.0102746329072951,0.0,0.26849113853386164,0.6744907594765952,0.0,-0.6156662575773321,0.556064817787115,0.0,0.1927116455661027,-0.23324900713179947,-0.42211963104975697,-1.6477574958349566,-0.033724537973836066,-1.7732579644304274,0.0,0.25365439797032396
test,long,UAV_0196,52,-0.3139251683611318,0.19579750467944526,0.0,0.8993210126362091,0.4861754796263785,-1.1397311873885119,0.0,0.0,1.7969674271199827,-0.9653164409313005,-0.8958620856638473,0.4637123971401142,-0.45663054749699133,0.0,0.3123074007251882,0.0,0.0,-0.622068676243076,0.556064817787115,0.0,0.1927116455661027,-0.23324900713179947,-0.3140089905554367,-1.6477574958349566,-0.033724537973836066,-1.6155141577786611,0.0,0.2243716508198487
test,long,UAV_0196,53,-0.26206225501761954,0.19579750467944526,0.0,0.9442870632678623,0.46455683019608984,-0.9714680341715258,0.0,0.0,-0.5651271692648328,-0.9653164409313005,-0.6312541723307691,0.6744907594765952,-0.32529496550778353,0.0,0.3123074007251882,0.0,0.0,-0.6243477967203963,0.32503285892932327,0.0,0.1927116455661027,-0.23324900713179947,-0.28467159368738304,-1.8023282319126934,-0.033724537973836066,-1.7732579644304274,0.0,0.2243716508198487
test,long,UAV_0196,54,-0.26206225501761954,0.19579750467944526,0.0,0.9442870632678623,0.46455683019608984,-1.1397311873885119,0.0,0.0,-0.61262937469458,0.6606076477737166,-0.6312541723307691,0.6744907594765952,0.022272822337536066,0.0,0.5313887116814912,0.0,0.0,-0.6355727016448722,0.32503285892932327,0.0,0.2890674683443898,-0.5140392131694372,0.13652598655735057,-1.6477574958349566,-0.033724537973836066,-1.7732579644304274,0.0,0.12942416611793076
test,long,UAV_0196,55,-0.7926696241204576,0.5906027925939605,0.0,0.044966050632102475,0.46455683019608984,-0.9714680341715258,0.0,0.0,-0.61262937469458,0.6606076477737166,-0.4168007000868888,0.6744907594765952,0.022272822337536066,0.0,0.31696870521355,0.0,0.0,-0.6355727016448722,0.25177279842371836,0.0,0.3854232911322054,-0.5140392131694372,0.13652598655735057,-2.056591822949726,-0.23607176581682093,-1.702545223517549,0.0,0.12942416611793076
test,long,UAV_0196,56,-0.26206225501761954,0.7789336387929124,0.0,-0.314762354422471,0.47749919306406097,-0.9714680341715258,0.0,0.0,-0.61262937469458,-0.596153800564513,-0.4168007000868888,0.6744907594765952,0.13891807881783755,0.0,0.31696870521355,0.0,0.0,-0.6355727016448722,0.25177279842371836,0.0,0.3854232911322054,-0.0980537227432962,0.13652598655735057,-2.056591822949726,-0.23607176581682093,-1.6046352745612873,0.0,0.12942416611793076
test,long,UAV_0196,57,-0.26206225501761954,0.7789336387929124,0.0,-0.314762354422471,0.47749919306406097,-1.068542930258241,0.0,0.0,-0.44001395774477414,-0.596153800564513,-0.4168007000868888,0.6744907594765952,0.13891807881783755,0.0,0.5966469745196559,0.0,0.0,-0.6355727016448722,0.25177279842371836,0.0,0.3854232911322054,0.15748022137557557,-0.05177613750942701,-1.8220010492982652,-0.23607176581682093,-1.6862268986915396,0.0,0.24685903696982814
test,long,UAV_0196,58,0.4346211871978342,-0.9054906200629326,0.0,-0.5845586582141874,0.47749919306406097,-1.068542930258241,0.0,0.0,-0.2087334764085412,-0.16239459635203524,-0.46349621420448134,0.8852691218130042,0.13891807881783755,0.0,0.31696870521355,0.0,0.0,-0.6043334502990328,0.25177279842371836,0.0,0.3854232911322054,0.15748022137557557,-0.21081304901946699,-1.796738689757681,-0.23607176581682093,-1.6046352745612873,0.0,0.24685903696982814
test,long,UAV_0196,59,0.5027323705268716,0.0039583075858381726,0.0,-0.8543549620045559,-0.702901655915885,-1.068542930258241,0.0,0.0,-0.2087334764085412,-0.16239459635203524,-0.46349621420448134,0.9274247942803003,-0.19961587526380772,0.0,0.28527183469222794,0.0,0.0,-0.6043334502990328,0.25177279842371836,0.0,0.3854232911322054,0.15748022137557557,-0.3465551397193906,-1.796738689757681,0.10117361392147665,-1.6046352745612873,0.0,0.2594398005364796
test,long,UAV_0196,60,0.5027323705268716,0.0039583075858381726,0.0,-0.5845586582141874,-0.704497190179858,-1.068542930258241,0.0,0.0,-0.44001395774477414,-0.158316446713497,-0.4807908490628992,0.8852691218130042,0.2565461762135589,0.0,0.28527183469222794,0.6744907594765952,0.0,-0.5711141369700108,0.27741004538890385,0.0,0.2890674683443898,0.15748022137557557,-0.21081304901946699,-1.6594298685246238,0.10117361392147665,-1.5502408584744523,0.0,0.3524053225516287
test,long,UAV_0196,61,0.4346211871978342,-0.05080242159887501,0.0,-0.8543549620045559,-0.704497190179858,-1.0289938985192162,0.0,0.0,-0.6927303296105265,-0.09785490553622017,-0.6779496864483616,0.8852691218130042,0.2565461762135589,0.0,0.005593565386122117,0.0,0.0,-0.6507897612507599,0.27741004538890385,0.0,0.2890674683443898,0.017827949589717198,-0.14863676105591683,-1.6594298685246238,0.10117361392147665,-1.5502408584744523,0.0,0.3524053225516287
test,long,UAV_0196,62,0.5027323705268716,-0.05080242159887501,0.0,-0.8543549620045559,-0.7516226874740572,-0.6845577857374491,0.0,0.0,-0.6927303296105265,0.6976697487648761,-0.7540460798251979,0.8852691218130042,0.30364327704193717,0.0,0.005593565386122117,0.0,0.0,-0.6518813352548081,0.35627136401846393,0.0,0.2890674683443898,0.017827949589717198,-0.21081304901946699,-1.6594298685246238,0.13489815189531273,-1.5502408584744523,0.0,0.16884635259270353
test,long,UAV_0196,63,0.041386439166640865,-0.05080242159887501,0.0,-0.6295247088453912,-0.704497190179858,-0.8952462639108444,0.0,0.0,-0.7436463081534395,0.6976697487648761,-0.7540460798251979,0.7588021044111156,0.2565461762135589,0.0,0.08576800258713248,0.0,0.0,-0.6518813352548081,0.27741004538890385,0.0,0.09635582278305135,0.017827949589717198,-0.14863676105591683,-1.6594298685246238,0.13489815189531273,-1.457770351126895,0.0,0.5286972699558988
test,long,UAV_0196,64,0.041386439166640865,-0.09017038818154892,0.0,-0.6295247088453912,-0.2381773836810891,-0.8952462639108444,0.0,0.0,-0.7436463081534395,-0.158316446713497,-0.7540460798251979,0.632335087009299,0.2565461762135589,0.0,0.3878205334377268,-0.6744907594765952,0.0,-0.6688937441089968,0.12002656104526341,0.0,0.09635582278305135,0.017827949589717198,-0.14863676105591683,-1.6410321530946097,0.13489815189531273,-1.6644691322568264,0.0,0.5286972699558988
test,long,UAV_0196,65,0.23218333883831999,-0.09017038818154892,0.0,-0.6295247088453912,-0.2234177431516389,-1.0289938985192162,0.0,0.0,-0.7436463081534395,0.9037488052127544,-0.6485488071890949,0.7588021044111156,0.30364327704193717,0.0,0.478249840513441,-0.6744907594765952,0.0,-0.6688937441089968,0.09860508799319793,0.0,0.09635582278305135,-0.07725444822199656,-0.20194882613287138,-1.8180591025698967,0.13489815189531273,-1.6644691322568264,0.0,0.5286972699558988
test,long,UAV_0196,66,0.23218333883831999,-0.4159415992497879,0.0,-0.6295247088453912,-0.2234177431516389,-0.8952462639108444,0.0,0.0,-1.0326509154101957,-0.015809611189762426,-0.5949354391281306,0.7588021044111156,0.16445611204486202,0.0,0.8474251559976107,-0.6744907594765952,0.0,-0.6397173266010122,0.09860508799319793,0.0,0.09635582278305135,-0.07725444822199656,-0.20194882613287138,-1.8180591025698967,0.13489815189531273,-1.6263930409959662,0.0,0.5286972699558988
test,long,UAV_0196,67,0.041386439166640865,-0.4548558103201364,0.0,-0.4946265569499824,-0.2234177431516389,-0.8952462639108444,0.0,0.0,-1.0326509154101957,-0.015809611189762426,-0.5949354391281306,0.8852691218130042,-0.40316226249352655,0.0,0.8474251559976107,-0.6744907594765952,0.0,-0.6397173266010122,0.09860508799319793,0.0,0.09635582278305135,-0.07725444822199656,-0.20194882613287138,-1.7631562232534395,0.10117361392147665,-1.6263930409959662,0.0,0.5286972699558988
test,long,UAV_0196,68,0.11891094595878814,-0.4159415992497879,0.0,0.26979630379126707,-0.7256319288869932,-0.645008753998408,0.0,0.0,-1.0326509154101957,0.9037488052127544,-0.5949354391281306,1.0117361392148208,0.16445611204486202,0.0,0.478249840513441,0.0,0.0,-0.6397173266010122,0.20015527152790769,0.0,-0.09635582278305135,-0.0178279495896801,-0.29976088382304217,-1.7181483988438897,0.16862268986911724,-1.6753480154741658,0.0,0.7776082684771857
test,long,UAV_0196,69,0.11891094595878814,-0.2726334560463301,0.0,0.26979630379126707,-0.7256319288869932,-0.645008753998408,0.0,0.0,-0.648657650502848,0.9037488052127544,-0.46176675071865564,1.0117361392148208,0.338579521278645,0.0,0.41951740395915876,0.0,0.0,-0.6243049088322884,0.3562147536646389,0.0,-0.09635582278305135,-0.0178279495896801,-0.29976088382304217,-1.7631562232534395,0.20234722784298487,-1.6263930409959662,0.0,-0.15756285079489624
test,long,UAV_0196,70,-0.19285916136060716,-0.2726334560463301,0.0,-0.6744907594765952,-0.7256319288869932,-0.645008753998408,0.0,0.0,-0.648657650502848,0.4886060445117092,-0.46176675071865564,0.8852691218130042,0.338579521278645,0.0,0.41951740395915876,0.0,0.0,-0.6022079611291807,0.47225275459307503,0.0,-0.09635582278305135,-0.0178279495896801,-0.29976088382304217,-1.7631562232534395,0.16862268986911724,-1.6753480154741658,0.0,-0.15756285079489624
test,long,UAV_0196,71,0.11891094595878814,-0.03975390818492073,0.0,-0.04496605063165321,-0.7256319288869932,-0.7737228754763528,0.0,0.0,-0.5176921948379565,0.4886060445117092,-0.5568872424397124,0.8852691218130042,0.338579521278645,0.0,0.41951740395915876,0.0,0.0,-0.6237452157173736,0.49774834597144774,0.0,0.1927116455661027,-0.26444791891369324,-0.29976088382304217,-1.8010612738734322,0.16862268986911724,-1.6753480154741658,0.0,-0.03712697001245941
test,long,UAV_0196,72,0.11891094595878814,0.41051057750884434,0.0,-0.6295247088453912,-1.1931767792318246,-0.8082383940849669,0.0,0.0,-0.648657650502848,0.3941625491430034,-0.5568872424397124,0.8852691218130042,0.338579521278645,0.0,0.41951740395915876,0.0,0.0,-0.5661714259523555,0.5567298059745294,0.0,0.1927116455661027,-0.26444791891369324,-0.32507378321178537,-1.8656428592388172,0.20234722784298487,-1.6699085738654962,0.0,-0.03712697001245941
test,long,UAV_0196,73,-0.20956888412929342,0.41051057750884434,0.0,-0.6295247088453912,-0.779148138761503,-0.8082383940849669,0.0,0.0,-0.648657650502848,0.36199152199370754,-0.5568872424397124,0.4637123971401142,0.4889103951345095,0.0,0.41951740395915876,0.0,0.0,-0.6237452157173736,0.5567298059745294,0.0,0.1927116455661027,-0.26444791891369324,-0.32507378321178537,-1.9118577993877988,0.20234722784298487,-1.6699085738654962,0.0,-0.03712697001245941
test,long,UAV_0196,74,-0.21418843304838264,0.4692520518798964,0.0,-0.6295247088453912,-0.779148138761503,-0.8082383940849669,0.0,0.0,-0.5607282840227785,0.36199152199370754,-0.5568872424397124,0.5901794145420027,0.29151631601491784,0.0,0.27967826930610584,0.0,0.0,-0.6237452157173736,0.49774834597144774,0.0,0.1927116455661027,0.06982613589294773,-0.29100902515235677,-1.9241296689684,0.2360717658167894,-1.8548495885606455,0.0,0.07616424863982467
test,long,UAV_0196,75,-0.324956893812271,0.4692520518798964,0.0,-0.6295247088453912,-0.779148138761503,-0.8082383940849669,0.0,0.0,-0.5176921948379565,0.36199152199370754,-0.5568872424397124,0.8852691218130042,-0.04278705962113929,0.0,0.1006841769501981,0.0,0.0,-0.6237452157173736,0.49774834597144774,0.0,0.0,0.06982613589294773,-0.2609718202838087,-1.9118577993877988,0.2360717658167894,-1.6699085738654962,0.0,0.2467792159353084
test,long,UAV_0196,76,-0.7028470152382685,0.41051057750884434,0.0,-0.6744907594765952,-0.779148138761503,-0.8082383940849669,0.0,0.0,-0.5607282840227785,0.37392656370132,-0.764422860740221,1.0117361392148208,0.10550491817763001,0.0,0.1006841769501981,0.0,0.0,-0.6885142638373324,0.3863185877530132,0.0,0.0,0.42489946522099964,-0.2609718202838087,-1.9118577993877988,-0.10117361392150821,-1.6862268986915396,0.0,0.07616424863982467
test,long,UAV_0196,77,-0.7028470152382685,-0.035734102834953804,0.0,-0.6744907594765952,-0.3065186764439058,-0.4393537889554397,0.0,0.0,-0.5607282840227785,0.3095846049903443,-0.7246452005659542,1.0117361392148208,0.10939000037131741,0.0,0.2134877455702908,0.0,0.0,-0.6891463476506738,0.3863185877530132,0.0,-0.09635582278305135,0.5021539134429962,-0.11491113340389504,-1.6795571126171303,-0.10117361392150821,-1.7406213147783747,0.0,0.1496078252359536
test,long,UAV_0196,78,-0.324956893812271,-0.3653753070591258,0.0,-0.6744907594765952,0.21618422563869877,-0.9923211599975432,0.0,0.0,-0.5607282840227785,0.2916087775964218,-0.7246452005659542,1.0117361392148208,0.10550491817763001,0.0,0.1006841769501981,0.0,0.0,-0.6891463476506738,0.43633604939187615,0.0,0.0,0.42489946522099964,-0.11491113340389504,-1.6795571126171303,0.10117361392147665,-1.6862268986915396,0.0,0.2467792159353084
test,long,UAV_0196,79,-0.35479971977724634,-0.3653753070591258,0.0,-0.6744907594765952,0.7520660253071972,-0.4393537889554397,0.0,0.0,-0.9075952649253688,-0.2583859497772407,-0.764422860740221,1.0117361392148208,-0.04278705962113929,0.0,0.2134877455702908,0.0,0.0,-0.6885142638373324,0.43633604939187615,0.0,0.09635582278305135,-0.3729012789176949,-0.11491113340389504,-1.6795571126171303,0.10117361392147665,-1.6862268986915396,0.0,0.20845379800103186
test,long,UAV_0196,80,-0.35479971977724634,-0.035734102834953804,0.0,-0.22483025315916458,0.24204418284066964,-0.4393537889554397,0.0,0.0,-0.9075952649253688,-0.2583859497772407,-1.1760351703695406,0.8009577768784117,-0.3021600917408733,0.0,0.2134877455702908,-0.6744907594765952,0.0,-0.6889202969515746,0.4127252351094123,0.0,0.09635582278305135,0.42489946522099964,-0.2808913266478442,-1.6795571126171303,0.2360717658167894,-1.7243029899522622,0.0,0.20845379800103186
test,long,UAV_0196,81,-0.35479971977724634,-0.3653753070591258,0.0,-0.22483025315916458,0.24204418284066964,-0.813990980519736,0.0,0.0,-0.8191367343768421,-0.40156266878978614,-0.7246452005659542,0.8009577768784117,-0.424788728242501,0.0,0.2134877455702908,-0.6744907594765952,0.0,-0.6889202969515746,0.43633604939187615,0.0,0.2890674683443898,0.9062541041425849,-0.2834375122325267,-1.838687129825228,0.2360717658167894,-1.7406213147783747,0.0,0.41342406796363246
test,long,UAV_0196,82,-0.35479971977724634,-0.6764704348120789,0.0,-0.08993210126375568,0.24204418284066964,-0.813990980519736,0.0,0.0,0.19019846975391172,-0.2583859497772407,-1.2763440525481435,0.8009577768784117,-0.424788728242501,0.0,0.30298479174824466,-0.6744907594765952,0.0,-0.670154258438482,0.4127252351094123,0.0,0.2890674683443898,-0.5066109008403884,-0.31065036520231554,-1.838687129825228,0.47214353163361034,-1.7243029899522622,0.0,0.4205325359537522
test,long,UAV_0196,83,-0.35479971977724634,-0.9282760710813603,0.0,-0.5845586582141874,0.016238556140433007,-0.7312975505199434,0.0,0.0,-0.19606446021278842,0.19180360845352573,-1.2763440525481435,0.8009577768784117,-0.424788728242501,0.0,0.30298479174824466,0.0,0.0,-0.6096794703677928,0.2673789736762073,0.0,0.2890674683443898,-0.15005190904656382,-0.3542254957668585,-1.8578249239214106,0.47214353163361034,-1.7243029899522622,0.0,0.41342406796363246
test,long,UAV_0196,84,-0.3984608281969636,-0.9282760710813603,0.0,-0.5845586582141874,-0.5031623293113564,-0.813990980519736,0.0,0.0,-0.19606446021278842,0.19180360845352573,-1.0567021898467632,0.8009577768784117,-0.4839462908898306,0.0,0.30298479174824466,0.0,0.0,-0.6096794703677928,0.2673789736762073,0.0,0.09635582278305135,-0.15005190904656382,-0.31065036520231554,-1.8578249239214106,0.4384189936598058,-1.6209535993873307,0.0,0.41342406796363246
test,long,UAV_0196,85,-0.32043078027391375,-0.9282760710813603,0.0,-0.5845586582141874,-0.9476716421331123,-1.2555019893882018,0.0,0.0,-0.19606446021278842,0.19180360845352573,-0.47733192209117886,0.5480237420747066,-0.4839462908898306,0.0,0.4372303610151755,0.0,0.0,-0.6048973108692411,0.2673789736762073,0.0,0.09635582278305135,-0.5704943868700971,-0.31065036520231554,-1.8578249239214106,0.2360717658167894,-1.6209535993873307,0.0,0.3735294975021598
test,long,UAV_0196,86,-0.32043078027391375,-0.3690902546385839,0.0,-0.9442870632678623,-1.1990435887738005,-0.7312975505199434,0.0,0.0,-0.19606446021278842,0.7922390149886911,-0.4392837254027607,0.5480237420747066,-0.41056402954752036,0.0,0.3123074007251882,0.0,0.0,-0.5979062664623263,0.2577299348498059,0.0,0.09635582278305135,-0.5704943868700971,-0.2234827022785955,-1.8509002816229814,0.20234722784298487,-1.6209535993873307,0.0,0.3735294975021598
test,long,UAV_0196,87,-0.6188286261489594,-0.11591914549729773,0.0,-0.9442870632678623,-0.5031623293113564,-1.0311511184322424,0.0,0.0,-0.28607605642026557,0.19180360845352573,-0.4012355287143656,0.5480237420747066,-0.4839462908898306,0.0,0.4372303610151755,0.0,0.0,-0.6048973108692411,0.2673789736762073,0.0,0.0,-0.5704943868700971,-0.2234827022785955,-1.933118224076968,0.16862268986911724,-1.6644691322568264,0.0,0.3735294975021598
test,long,UAV_0196,88,-1.090456382017886,0.09524912630280431,0.0,0.314762354422471,-1.1990435887738005,-1.4295177290399568,0.0,0.0,-0.28607605642026557,0.20313524981109868,-0.4012355287143656,0.9274247942803003,-0.4839462908898306,0.0,0.4530787962758915,0.0,0.0,-0.6486328714121162,0.40457047542771973,0.0,0.0,-0.5704943868700971,-0.2234827022785955,-2.071077887161424,0.16862268986911724,-1.7351818731696704,0.0,0.46322557151937616
test,long,UAV_0196,89,-1.090456382017886,-0.11591914549729773,0.0,0.314762354422471,-1.1990435887738005,-1.0901151293886167,0.0,0.0,-0.34198939692417935,0.7922390149886911,-0.4392837254027607,0.9695804667475966,-0.3498203937292706,0.0,0.4922337539787463,0.0,0.0,-0.5723411959560353,0.40457047542771973,0.0,0.09635582278305135,-0.5719800493358327,-0.1995410869119504,-2.0884039430215626,0.06744907594764059,-1.8222129389085926,0.0,0.46322557151937616
test,long,UAV_0196,90,-1.090456382017886,-0.11591914549729773,0.0,0.22483025315961386,-0.7460533696316275,-1.0311511184322424,0.0,0.0,-0.6120873105468327,0.7922390149886911,-0.4150712366010631,0.9695804667475966,-0.3498203937292706,0.0,0.4530787962758915,0.0,0.0,-0.6239151367551066,0.40457047542771973,0.0,-0.09635582278305135,-0.3610159791912168,-0.39245122061990034,-2.0884039430215626,0.06744907594764059,-1.8222129389085926,0.0,0.5661583118909148
test,long,UAV_0196,91,-0.23281221767012028,-0.11591914549729773,0.0,0.22483025315961386,-0.250848553919857,-1.0311511184322424,0.0,0.0,-0.6120873105468327,0.20313524981109868,-0.6433604167315948,0.9274247942803003,0.32770149766406753,0.0,0.4530787962758915,0.0,0.0,-0.6239151367551066,0.40457047542771973,0.0,0.09635582278305135,-0.014856624658060567,-0.39245122061990034,-2.0884039430215626,0.06744907594764059,-1.7351818731696704,0.0,0.5661583118909148
test,long,UAV_0196,92,0.8577629969309389,-0.8179371179373104,0.0,0.17986420252706212,-0.7387144494872808,-0.9412669553889966,0.0,0.0,-0.05865008544507527,0.9089414293171154,-0.6433604167315948,0.9274247942803003,0.32770149766406753,0.0,0.5043531456486409,0.6744907594765952,0.0,-0.6239151367551066,0.5003313376186267,0.0,0.09635582278305135,-0.014856624658060567,-0.24592873034137083,-1.822998955345744,0.06744907594764059,-1.5556803000831565,0.0,0.14753486680079797
test,long,UAV_0196,93,0.8577629969309389,-0.8179371179373104,0.0,0.17986420252706212,-0.250848553919857,-0.9412669553889966,0.0,0.0,-0.9775459810006651,0.9089414293171154,-0.5482399250105381,0.9274247942803003,-0.4486894556558298,0.0,0.3896850552331375,0.0,0.0,-0.5723411959560353,0.16009073275733565,0.0,0.09635582278305135,-0.111424684935547,-0.1791182876907966,-1.777630554447039,0.033724537973836066,-1.5339225336484432,0.0,0.14753486680079797
test,long,UAV_0196,94,-0.23281221767012028,-0.6462200000973476,0.0,0.044966050632102475,0.2060174020553312,-0.9412669553889966,0.0,0.0,-0.27620748864915984,1.1564727643258292,-0.5482399250105381,0.843113449345708,-0.4486894556558298,0.0,0.18831670133274128,0.0,0.0,0.011825306798073342,0.16009073275733565,0.0,0.09635582278305135,0.1381666093200857,-0.24592873034137083,-1.669365074281946,0.16862268986911724,-1.5339225336484432,0.0,0.14753486680079797
test,long,UAV_0196,95,-0.23281221767012028,-0.27338506570938437,0.0,-0.04496605063165321,0.2060174020553312,-0.9412669553889966,0.0,0.0,-0.05865008544507527,-0.12580916493347644,-0.6433604167315948,0.843113449345708,-0.4486894556558298,0.0,0.1761973096627367,0.0,0.0,0.026972309678680393,0.23427199321555242,0.0,0.09635582278305135,-0.111424684935547,-0.24592873034137083,-1.669365074281946,0.16862268986911724,-1.5556803000831565,0.0,0.09236649316538584
test,long,UAV_0196,96,-0.43301300377810037,-0.6462200000973476,0.0,-0.04496605063165321,-0.7387144494872808,-1.1282260145189738,0.0,0.0,-0.27620748864915984,1.1865521218272843,-0.6433604167315948,0.843113449345708,-0.4486894556558298,0.0,0.1761973096627367,0.0,0.0,0.011825306798073342,0.23427199321555242,0.0,-0.2890674683491541,-0.111424684935547,-0.24592873034137083,-1.669365074281946,0.6070416835289231,-1.5991958329526175,0.0,-0.038875215498025965
test,long,UAV_0196,97,-0.6031469948630213,-0.6462200000973476,0.0,0.044966050632102475,-0.9748675046222895,-1.1282260145189738,0.0,0.0,-0.27620748864915984,-0.16041229872691767,-0.658925588104141,1.1382031566167095,-0.12214684372837326,0.0,0.1761973096627367,0.0,0.0,0.029726888800108573,0.23427199321555242,0.0,-0.2890674683491541,-0.111424684935547,-0.1791182876907966,-1.669365074281946,0.6070416835289231,-1.6155141577786611,0.0,0.039427606420844946
test,long,UAV_0196,98,-0.43301300377810037,-1.2312858112644052,0.0,-0.04496605063165321,-0.9748675046222895,-0.8923699706934436,0.0,0.0,-0.20024966292749466,-0.7529420611125833,-0.658925588104141,1.053891811682189,-0.12214684372837326,0.0,0.3225622705996721,0.0,0.0,0.029726888800108573,0.24859341356878323,0.0,-0.2890674683491541,0.047541198905838335,-0.26724143386045063,-1.7108267803967672,0.6070416835289231,-1.6209535993873307,0.0,0.039427606420844946
test,long,UAV_0196,99,-0.173486042844917,-1.2312858112644052,0.0,-0.04496605063165321,-0.9748675046222895,-0.7672512157372416,0.0,0.0,0.6118443767587783,-0.7529420611125833,-0.6433604167315948,1.053891811682189,-0.12214684372837326,0.0,0.3579881847118155,0.0,0.0,-0.6230239956931958,0.23427199321555242,0.0,-0.2890674683491541,0.047541198905838335,-0.16161090746548126,-1.7568202928489205,0.5395926075812509,-1.6318324826047048,0.0,0.039427606420844946
test,long,UAV_0196,100,-0.173486042844917,-1.2312858112644052,0.0,0.17986420252706212,-0.9662413507381656,-0.8923699706934436,0.0,0.0,-0.20024966292749466,0.1180781291326201,-0.49116762997787633,1.053891811682189,-0.12214684372837326,0.0,0.39154957702843823,0.0,0.0,-0.6230239956931958,0.18726902735777623,0.0,0.09635582278305135,0.13668094685431303,-0.16161090746548126,-1.9880113291518957,0.5395926075812509,-1.6209535993873307,0.0,0.552875639598285
test,long,UAV_0196,101,-0.09283997698693826,-0.014286932064334753,0.0,0.17986420252706212,-0.01533833159422253,-0.8923699706934436,0.0,0.0,0.42577297525684626,0.1180781291326201,-0.49116762997787633,1.053891811682189,-0.2406401595743294,0.0,0.3579881847118155,0.0,0.0,-0.6230239956931958,0.18726902735777623,0.0,0.09635582278305135,0.047541198905838335,-0.16161090746548126,-1.7108267803967672,0.20234722784298487,-1.6209535993873307,0.0,0.5796950169887716
test,long,UAV_0196,102,-0.09283997698693826,-0.014286932064334753,0.0,-0.7644228607403509,0.46223446967879717,-0.792418781389344,0.0,0.0,-0.20024966292749466,0.1180781291326201,-0.49116762997787633,1.053891811682189,-0.2406401595743294,0.0,0.39154957702843823,0.0,0.0,-0.6414143952639292,0.18726902735777623,0.0,0.2890674683443898,0.06536914849555553,-0.1792452462243253,-1.7972305754355724,0.5058680696074463,-1.6209535993873307,0.0,0.5796950169887716
test,long,UAV_0196,103,-0.09283997698693826,0.19983334237911018,0.0,0.17986420252706212,0.46223446967879717,-0.792418781389344,0.0,0.0,0.21811600206097229,0.1180781291326201,-0.49116762997787633,1.0117361392148208,0.17209477178956073,0.0,0.43350131742446407,0.0,0.0,-0.6230239956931958,0.18726902735777623,0.0,0.2890674683443898,0.06536914849555553,-0.1792452462243253,-1.9721906874530526,0.5058680696074463,-1.8113340556912187,0.0,0.5796950169887716
test,long,UAV_0196,104,-0.09283997698693826,0.19983334237911018,0.0,0.17986420252706212,0.46223446967879717,-0.792418781389344,0.0,0.0,0.21811600206097229,-0.26318032217086157,-0.49808548392124813,0.9274247942803003,-0.022666243717424327,0.0,0.39154957702843823,0.0,0.0,-0.6254097828461969,0.46475312446442407,0.0,0.09635582278305135,0.04159854904259926,-0.1792452462243253,-1.8440349778683083,0.26979630379062547,-1.789576289256471,0.0,0.4509272266104682
test,long,UAV_0196,105,-0.13290528598573628,0.19983334237911018,0.0,-0.7644228607403509,0.46223446967879717,-0.792418781389344,0.0,0.0,0.21811600206097229,-0.8004111811828838,-0.67622022296249,0.843113449345708,-0.022666243717424327,0.0,0.26569435584080053,0.0,0.0,-0.6254097828461969,0.46475312446442407,0.0,0.1927116455661027,-0.6418061852288175,-0.1792452462243253,-1.7996587805328133,0.10117361392147665,-1.8113340556912187,0.0,0.4509272266104682
test,long,UAV_0196,106,-0.13290528598573628,0.19983334237911018,0.0,-0.35972840505502274,0.46223446967879717,-0.7579032627807297,0.0,0.0,0.21811600206097229,-0.8004111811828838,-0.67622022296249,0.8852691218130042,0.17209477178956073,0.0,0.43350131742446407,0.6744907594765952,0.0,-0.6188542281235836,0.46475312446442407,0.0,0.09635582278305135,-0.9211107288006826,-0.1792452462243253,-1.7996587805328133,0.26979630379062547,-1.8222129389085926,0.0,0.37376717949310756
test,long,UAV_0196,107,-0.8479507133115073,0.5976585715540971,0.0,0.044966050632102475,0.5542459207559709,-0.7579032627807297,0.0,0.0,0.21811600206097229,-0.26318032217086157,-0.8612728159471266,0.8852691218130042,-0.022666243717424327,0.0,0.4810466232063921,0.0,0.0,-0.6004000826458883,0.44612443639524274,0.0,0.09635582278305135,-0.9211107288006826,-0.2601175411561907,-1.7996587805328133,0.26979630379062547,-1.8113340556912187,0.0,0.37376717949310756
test,long,UAV_0196,108,-0.32172868159863977,0.5976585715540971,0.0,0.044966050632102475,0.5542459207559709,-0.9398288087803125,0.0,0.0,-0.1852916810766926,-0.26318032217086157,-0.8180362288011853,0.8852691218130042,-0.022666243717424327,0.0,0.4810466232063921,0.0,0.0,-0.6004000826458883,0.44612443639524274,0.0,0.09635582278305135,-0.9211107288006826,-0.2601175411561907,-1.7329318110710017,0.26979630379062547,-1.789576289256471,0.0,0.37376717949310756
test,long,UAV_0196,109,-0.5405890030608601,0.2848667169747931,0.0,0.044966050632102475,0.5542459207559709,-0.9398288087803125,0.0,0.0,-0.1852916810766926,-0.04583250333744975,-0.8612728159471266,0.8852691218130042,-0.12770908416702859,0.0,0.4810466232063921,0.0,0.0,-0.5920669770662139,0.44407141639096986,0.0,0.1927116455661027,-0.38032959124666954,-0.26438788611842234,-1.7329318110710017,0.30352084176446154,-1.8222129389085926,0.0,0.6360955542952828
test,long,UAV_0196,110,-0.32172868159863977,0.08069274676841016,0.0,0.044966050632102475,-0.5121894769577573,-0.885179237650023,0.0,0.0,0.40391415806709985,-0.037256614996970354,-0.8612728159471266,0.8852691218130042,-0.04838321599456874,0.0,0.4810466232063921,0.0,0.0,0.018949884515032975,0.26120446681208087,0.0,0.1927116455661027,-0.38032959124666954,-0.26438788611842234,-1.7168416311082495,0.30352084176446154,-1.6971057819088446,0.0,0.018347584695425703
test,long,UAV_0196,111,-0.32172868159863977,0.2848667169747931,0.0,0.044966050632102475,-0.5121894769577573,-0.9398288087803125,0.0,0.0,-0.01602581050840028,-0.037256614996970354,-0.8180362288011853,0.8852691218130042,-0.12770908416702859,0.0,0.5351177552723125,-0.6744907594765952,0.0,-0.5920669770662139,0.26120446681208087,0.0,0.3854232911322054,-0.38032959124666954,-0.32478389586298306,-1.7329318110710017,0.30352084176446154,-1.5067253256049913,0.0,0.7582241662250957
test,long,UAV_0196,112,0.08228014404171678,0.08069274676841016,0.0,0.13489815189585816,-0.5121894769577573,-1.005264479475798,0.0,0.0,-0.01602581050840028,-0.037256614996970354,-0.6347130993023744,0.843113449345708,-0.04838321599456874,0.0,0.6330051495293396,-0.6744907594765952,0.0,-0.6097230852591337,0.44407141639096986,0.0,0.3854232911322054,-0.849798930441888,-0.4348748375948118,-1.89621509850217,0.26979630379062547,-1.5067253256049913,0.0,0.7582241662250957
test,long,UAV_0196,113,0.08228014404171678,0.2617892671767818,0.0,-0.17986420252751137,0.2069139556687355,-0.885179237650023,0.0,0.0,0.40391415806709985,-0.037256614996970354,-0.6347130993023744,0.843113449345708,-0.12770908416702859,0.0,0.6330051495293396,-0.6744907594765952,0.0,-0.615168592954947,0.10364817311124831,0.0,0.3854232911322054,-0.9151680789374436,-0.44395497512290827,-1.89621509850217,0.30352084176446154,-1.5067253256049913,0.0,0.7386480009150636
test,long,UAV_0196,114,0.08228014404171678,0.2617892671767818,0.0,-0.17986420252751137,0.9286420032161549,-1.005264479475798,0.0,0.0,0.3731354828637163,-0.09799088190184496,-0.6347130993023744,0.4637123971401142,-0.2740583504325312,0.0,0.6348696713248603,-0.6744907594765952,0.0,-0.615168592954947,0.07919761554249752,0.0,0.1927116455661027,-0.9151680789374436,-0.4348748375948118,-1.89621509850217,0.2360717658167894,-1.5067253256049913,0.0,0.6715955469341681
test,long,UAV_0196,115,0.08228014404171678,0.2617892671767818,0.0,0.044966050632102475,0.9286420032161549,-1.005264479475798,0.0,0.0,0.05154459156100818,-0.09799088190184496,-0.709080029193431,0.4637123971401142,-0.2740583504325312,0.0,0.6330051495293396,-0.6744907594765952,0.0,-0.6539779625993192,0.07919761554249752,0.0,0.4817791139104925,-0.9151680789374436,-0.5252232860944115,-1.89621509850217,0.2360717658167894,-1.5176042088223305,0.0,0.6715955469341681
test,long,UAV_0196,116,0.08228014404171678,0.2617892671767818,0.0,0.13489815189585816,0.2069139556687355,-0.8290915199110169,0.0,0.0,0.05154459156100818,-0.09799088190184496,-0.709080029193431,0.5058680696074104,-0.2740583504325312,0.0,0.5267274071931294,0.0,0.0,-0.615168592954947,0.05669025255359634,0.0,0.2890674683443898,-0.5199818630326393,-0.4348748375948118,-1.7802573623140159,0.2360717658167894,-1.6318324826047048,0.0,0.5580172975723618
test,long,UAV_0196,117,0.32312022306056254,0.8512216316685535,0.0,0.08993210126375568,-0.008399720073879973,-0.5673488371290424,0.0,0.0,0.05154459156100818,-0.19015806022015252,-0.709080029193431,0.5058680696074104,-0.2740583504325312,0.0,0.5267274071931294,0.0,0.0,-0.5920186340033103,0.05669025255359634,0.0,0.09635582278305135,-0.3877579035757555,-0.41890911466173003,-1.6522335249758417,0.4384189936598058,-1.6318324826047048,0.0,0.5580172975723618
test,long,UAV_0196,118,0.5505019520820751,0.8512216316685535,0.0,0.08993210126375568,-0.2273675014731632,-0.5673488371290424,0.0,0.0,-1.004722111712698,0.3546511298704714,-0.46176675071865564,0.7588021044111156,-0.2740583504325312,0.0,0.6171567142687336,-0.6744907594765952,0.0,-0.5920186340033103,0.23336212821681143,0.0,0.2890674683443898,-0.14113793425170523,-0.2060134598644628,-1.6522335249758417,0.4384189936598058,-1.6372719242133744,0.0,0.3835812875227749
test,long,UAV_0196,119,0.5505019520820751,0.8512216316685535,0.0,0.08993210126375568,-0.24093318877673936,-0.5673488371290424,0.0,0.0,-1.004722111712698,1.0014390655708203,-0.4133417731152144,1.3068258464858222,-0.06508573095157134,0.0,0.6171567142687336,-0.6744907594765952,0.0,-0.5920186340033103,0.2891402397457684,0.0,0.4817791139104925,-0.14113793425170523,-0.41890911466173003,-1.6522335249758417,0.4384189936598058,-1.8548495885606455,0.0,0.32301118222864006
test,long,UAV_0196,120,0.5505019520820751,0.8512216316685535,0.0,0.08993210126375568,-0.24093318877673936,-0.6464469006070921,0.0,0.0,-1.4414805168343598,0.5380763678599201,-0.4133417731152144,1.3068258464858222,-0.4088320054405132,0.0,0.6171567142687336,-0.6744907594765952,0.0,-0.5920186340033103,0.2891402397457684,0.0,0.2890674683443898,0.09953938520910596,-0.41890911466173003,-1.924462141595642,0.4384189936598058,-1.6372719242133744,0.0,0.32301118222864006
test,long,UAV_0196,121,-0.33686931985582447,-0.47277543895925983,0.0,0.08993210126375568,-0.24479009803786597,-0.6701763196505103,0.0,0.0,-1.2748013217826253,0.5380763678599201,-0.43755426191691205,1.3068258464858222,-0.4555390881538318,0.0,0.6171567142687336,-0.6744907594765952,0.0,-0.6354500558456305,0.40244556660304504,0.0,0.1927116455661027,0.40707151563128247,-0.2801797980752213,-1.924462141595642,0.3372453797382976,-1.7950157308651407,0.0,0.3835812875227749
test,long,UAV_0196,122,-0.33686931985582447,-0.47277543895925983,0.0,-0.1348981518954089,-0.24479009803786597,-0.6701763196505103,0.0,0.0,-1.2748013217826253,0.5380763678599201,-0.43755426191691205,0.6744907594765952,-0.4555390881538318,0.0,0.5136757546254744,-0.6744907594765952,0.0,-0.6354500558456305,0.42228406971745736,0.0,0.2890674683443898,0.09953938520910596,-0.2801797980752213,-1.924462141595642,0.3372453797382976,-1.7950157308651407,0.0,0.44237098544862347
test,long,UAV_0196,123,-0.33686931985582447,-0.47277543895925983,0.0,0.5845586582137381,-0.00984682013271281,-0.6701763196505103,0.0,0.0,-0.7809644456677568,-0.036395526963097856,-0.43755426191691205,0.6744907594765952,-0.7299943798827692,0.0,0.5136757546254744,0.0,0.0,-0.6455534276576181,0.40244556660304504,0.0,0.1927116455661027,-0.1916504580891631,-0.46356873719893776,-1.924462141595642,0.3372453797382976,-1.7786974060390972,0.0,0.45506710777251286
test,long,UAV_0196,124,-0.45818500995250044,-0.47277543895925983,0.0,0.5845586582137381,-0.00984682013271281,-0.7327356971286275,0.0,0.0,-0.7809644456677568,-0.07204185252276038,-0.43755426191691205,0.3372453797382976,-0.7299943798827692,0.0,0.3850237507446657,0.0,0.0,-0.6455534276576181,0.4563226725075745,0.0,0.1927116455661027,-0.1916504580891631,-0.2801797980752213,-1.6847595748767272,0.3372453797382976,-1.7460607563870445,0.0,0.45506710777251286
test,long,UAV_0196,125,0.6363890380434317,-0.26682673206205076,0.0,0.9892531138999648,-0.24479009803786597,-1.1080919619972658,0.0,0.0,-0.7809644456677568,-0.07204185252276038,-0.43755426191691205,0.3372453797382976,-0.1626875475254664,0.0,0.3850237507446657,-0.6744907594765952,0.0,-0.6594580574348333,0.5216396523993085,0.0,0.2890674683443898,-0.1916504580891631,-0.2801797980752213,-1.6847595748767272,0.3372453797382976,-1.7786974060390972,0.0,0.44237098544862347
test,long,UAV_0196,126,0.6725054311777623,0.39229036247667015,0.0,0.9892531138999648,-0.00984682013271281,-1.1080919619972658,0.0,0.0,-0.7001449275344517,-1.1827936053777104,-0.6710318325049899,0.9695804667475966,-0.1626875475254664,0.0,0.32815583598579423,0.0,0.0,-0.598351196460334,0.5216396523993085,0.0,0.2890674683443898,-0.1916504580891631,-0.7174855064754283,-2.1261483568931094,0.3372453797382976,-1.7460607563870445,0.0,0.30701336829030834
test,long,UAV_0196,127,0.6363890380434317,-0.26682673206205076,0.0,0.9892531138999648,-0.9891267010803194,-1.1080919619972658,0.0,0.0,-0.5620891833788354,-0.07204185252276038,-0.7626933972543953,0.9695804667475966,-0.1626875475254664,0.0,0.3850237507446657,0.0,0.0,-0.598351196460334,0.5216396523993085,0.0,0.2890674683443898,-0.2451343068582405,-0.7174855064754283,-2.1261483568931094,0.20234722784298487,-1.7460607563870445,0.0,0.19133394933330916
test,long,UAV_0196,128,0.6363890380434317,-0.12152624538976725,0.0,0.9892531138999648,-0.9891267010803194,-0.8341250330414439,0.0,0.0,-0.5620891833788354,-1.1827936053777104,-0.7799880321127443,1.0960474841494132,-0.1626875475254664,0.0,0.32815583598579423,0.0,0.0,-0.598351196460334,0.5314709564267645,0.0,0.2890674683443898,-0.11885299726455872,-0.24918421046714975,-2.1259374020037676,0.20234722784298487,-1.7841368476477668,0.0,0.19133394933330916
test,long,UAV_0196,129,0.6363890380434317,-0.26682673206205076,0.0,0.5395926075816356,-0.2429993677333698,-0.6967820319113293,0.0,0.0,-0.5620891833788354,0.10669854738210151,-0.7799880321127443,1.0960474841494132,-0.23750670385878825,0.0,0.07364861091723789,0.0,0.0,-0.598351196460334,0.5216396523993085,0.0,0.2890674683443898,0.3877579035757926,-0.41691967509428307,-2.1259374020037676,0.26979630379062547,-1.7841368476477668,0.0,0.259643975665831
test,long,UAV_0196,130,0.6636843242037953,-0.12152624538976725,0.0,0.4946265569499824,0.45446715348091843,-0.6967820319113293,0.0,0.0,0.05314332231694582,0.10669854738210151,-0.7799880321127443,0.9695804667475966,-0.23750670385878825,0.0,0.32815583598579423,0.0,0.0,0.015566236722422497,0.5162527200281471,0.0,0.09635582278305135,-0.0089139747948215,-0.3325975225498737,-1.892016759519635,0.26979630379062547,-1.7188635483435926,0.0,0.30701336829030834
test,long,UAV_0196,131,-0.12897952178140967,-0.12152624538976725,0.0,0.4946265569499824,0.4932010527635029,-0.63350358112887,0.0,0.0,-0.20317658091693092,0.10669854738210151,-0.7626933972543953,1.0960474841494132,-0.21107034607740266,0.0,0.3999399251076214,0.0,0.0,0.02349664185260877,0.5162527200281471,0.0,0.09635582278305135,0.3877579035757926,-0.24918421046714975,-1.8645500244542383,0.26979630379062547,-1.6699085738654962,0.0,0.259643975665831
test,long,UAV_0196,132,0.17905870426263126,-0.12152624538976725,0.0,0.0,0.7436587917282527,-0.63350358112887,0.0,0.0,0.05314332231694582,-0.6252318949361704,-0.7211862735943029,0.632335087009299,-0.23750670385878825,0.0,0.3999399251076214,0.0,0.0,0.015566236722422497,0.5525197944955839,0.0,0.0,0.3877579035757926,-0.3325975225498737,-1.6439923257399602,0.26979630379062547,-1.6427113658220442,0.0,0.7584597991516102
test,long,UAV_0196,133,0.17905870426263126,-0.47562963456427726,0.0,0.0,0.7436587917282527,-0.6392561675636389,0.0,0.0,0.05314332231694582,0.10669854738210151,-0.575911340783933,0.5058680696074104,-0.21107034607740266,0.0,0.42417870844752054,0.0,0.0,0.015566236722422497,0.24900583472977308,0.0,0.0,-0.0089139747948215,-0.3529602578982087,-1.8645500244542383,0.06744907594764059,-1.6372719242133744,0.0,0.259643975665831
test,long,UAV_0196,134,0.7301583723397045,0.10813809651171663,0.0,0.0,0.4932010527635029,-0.7478362365199085,0.0,0.0,0.041194064795555464,-0.5103538161611615,-0.6347130993023744,0.5058680696074104,-0.21107034607740266,0.0,0.42417870844752054,0.0,0.0,-0.023681456330800276,0.586380351120211,0.0,0.0,-0.0089139747948215,-0.3325975225498737,-1.754294022633481,0.06744907594764059,-1.6427113658220442,0.0,0.1753855221953314
test,long,UAV_0196,135,0.7720468028942541,-0.47562963456427726,0.0,0.08993210126375568,-0.0045259109596329635,-0.6392561675636389,0.0,0.0,0.041194064795555464,-0.5103538161611615,-0.575911340783933,0.5058680696074104,-0.2945712365319506,0.0,0.42417870844752054,0.0,0.0,-0.023681456330800276,0.586380351120211,0.0,0.0,-0.2406773194608112,-0.20211029372898687,-1.754294022633481,0.06744907594764059,-1.6699085738654962,0.0,0.1753855221953314
test,long,UAV_0196,136,0.7720468028942541,-0.47562963456427726,0.0,0.08993210126375568,-0.480332053858668,-0.7478362365199085,0.0,0.0,0.11588234125678745,-0.2495803445209134,-0.575911340783933,0.5058680696074104,-0.2945712365319506,0.0,0.45587557896895253,0.0,0.0,-0.5878155719422641,0.2936998665339482,0.0,0.0,-0.2406773194608112,-0.3529602578982087,-1.8544723443617872,0.06744907594764059,-1.6807874570828356,0.0,0.39593124247821926
test,long,UAV_0196,137,0.7720468028942541,-0.1528133388997359,0.0,0.08993210126375568,-0.480332053858668,-0.7478362365199085,0.0,0.0,0.5924233791362642,0.3792210843138795,-0.5914765121564792,0.6744907594765952,-0.20052755667111208,0.0,0.5938501918265947,0.0,0.0,-0.023681456330800276,0.11853521734733731,0.0,0.0,-0.12182432219621536,-0.47850233308409146,-1.8955336693336482,0.20234722784298487,-1.6807874570828356,0.0,0.39593124247821926
test,long,UAV_0196,138,-0.45113535435718377,-0.08099893014962159,0.0,0.044966050632102475,-0.274408151917577,-0.4487017419119516,0.0,0.0,0.5924233791362642,0.4889493179845763,-0.6347130993023744,1.1803588290840055,-0.2945712365319506,0.0,0.48477566679721346,0.0,0.0,-0.5878155719422641,0.2936998665339482,0.0,0.09635582278305135,0.051998186303267635,-0.029835277989328588,-1.8544723443617872,0.20234722784298487,-1.6807874570828356,0.0,0.39593124247821926
test,long,UAV_0196,139,-0.4943275433222162,-0.1528133388997359,0.0,-0.35972840505502274,-0.274408151917577,-0.4487017419119516,0.0,0.0,0.5924233791362642,0.4889493179845763,-0.5914765121564792,1.1803588290840055,-0.20052755667111208,0.0,0.6236825405526161,0.0,0.0,-0.6409001818081475,0.2936998665339482,0.0,0.2890674683443898,0.11588167233297629,-0.105566505522159,-1.8544723443617872,0.20234722784298487,-1.6807874570828356,0.0,0.5509659483222507
test,long,UAV_0196,140,-0.8034266675449038,-0.1528133388997359,0.0,-0.35972840505502274,-0.274408151917577,-0.6744907594765952,0.0,0.0,-0.6087320457210276,0.16094039294544815,-0.7004327117642336,1.1803588290840055,-0.20052755667111208,0.0,0.6236825405526161,0.6744907594765952,0.0,-0.6409001818081475,0.2936998665339482,0.0,0.2890674683443898,0.11588167233297629,-0.3930387875110249,-1.7143679601855775,0.20234722784298487,-1.6807874570828356,0.0,0.39593124247821926
test,long,UAV_0196,141,-0.4943275433222162,-0.1528133388997359,0.0,0.0,0.4674934522452181,-0.6744907594765952,0.0,0.0,-0.747974765579785,0.36931298004284957,-0.7004327117642336,1.053891811682189,0.0672476110452658,0.0,0.48477566679721346,0.6744907594765952,0.0,0.0018563758080663727,0.23179543066729866,0.0,0.09635582278305135,-0.12182432219621536,-0.3930387875110249,-1.5931955076585222,0.20234722784298487,-1.6209535993873307,0.0,0.6650264508196349
test,long,UAV_0196,142,-0.4943275433222162,0.42772434777652485,0.0,-0.35972840505502274,0.6966702098752203,-0.6744907594765952,0.0,0.0,-0.747974765579785,0.16094039294544815,-0.7004327117642336,1.053891811682189,0.0672476110452658,0.0,0.48477566679721346,0.6744907594765952,0.0,-0.6219748149252512,0.34684728633986694,0.0,0.5781349366983082,0.42638512768677234,-0.3930387875110249,-1.5931955076585222,0.10117361392147665,-1.5774380665178698,0.0,0.23156654438397284
test,long,UAV_0196,143,0.1373470494773882,0.42772434777652485,0.0,0.0,0.4674934522452181,-0.6744907594765952,0.0,0.0,-0.6087320457210276,0.16094039294544815,-0.7540460798251979,0.9274247942803003,0.0672476110452658,0.0,0.42138192575456945,0.6744907594765952,0.0,0.0018563758080663727,0.3138277596118427,0.0,0.5781349366983082,0.3075321304221394,-0.40901346954996715,-1.5787932908291151,0.5395926075812509,-1.5774380665178698,0.0,0.31583456673286486
test,long,UAV_0196,144,0.788800752876448,0.42772434777652485,0.0,0.0,0.26963678185967,-0.7715656555633266,0.0,0.0,-0.25622319259581816,0.16094039294544815,-0.7661523242260467,0.9274247942803003,0.0672476110452658,0.0,0.42138192575456945,0.6744907594765952,0.0,0.0018563758080663727,0.3138277596118427,0.0,0.2890674683443898,0.051998186303267635,-0.47984086055575004,-1.5787932908291151,0.10117361392147665,-1.5774380665178698,0.0,0.31583456673286486
test,long,UAV_0196,145,0.788800752876448,0.42772434777652485,0.0,0.9892531138999648,0.6966702098752203,-0.7715656555633266,0.0,0.0,0.523448914939714,0.36931298004284957,-0.8630022794329753,0.9274247942803003,0.0672476110452658,0.0,0.35985270650722617,0.0,0.0,0.0026572111340494547,0.3138277596118427,0.0,0.2890674683443898,0.3075321304221394,-0.47984086055575004,-1.7210553913223363,0.10117361392147665,-1.5774380665178698,0.0,0.678677097233831
test,long,UAV_0196,146,0.5788355804109179,0.14732658259584788,0.0,0.314762354422471,0.7482294228682307,-0.6680190997374841,0.0,0.0,0.523448914939714,-0.34962507610591603,-0.8630022794329753,0.9274247942803003,-0.13823736580303547,0.0,0.7681829796940307,0.0,0.0,-0.6219748149252512,0.3138277596118427,0.0,0.2890674683443898,0.35507332932801483,-0.481210286332893,-1.8789291428927193,0.10117361392147665,-1.6427113658220442,0.0,0.31583456673286486
test,long,UAV_0196,147,0.5788355804109179,0.06128165539680849,0.0,0.44966050631877846,0.4776699514159341,-0.9455813952150489,0.0,0.0,0.523448914939714,1.0289548942593028,-0.8630022794329753,0.9274247942803003,-0.29383614268422475,0.0,0.48291114500180277,0.0,0.0,0.0026572111340494547,0.3138277596118427,0.0,0.2890674683443898,0.3075321304221394,-0.481210286332893,-1.9654285428625529,0.06744907594764059,-1.925562329473524,0.0,0.31583456673286486
test,long,UAV_0196,148,-0.13877971844009446,0.06128165539680849,0.0,0.44966050631877846,0.4776699514159341,-1.2209864707795877,0.0,0.0,0.23049504690299952,1.0289548942593028,-0.6883264673633618,0.9274247942803003,-0.13823736580303547,0.0,0.48291114500180277,0.0,0.0,0.0026572111340494547,0.21248602723050752,0.0,0.2890674683443898,0.21987804493951155,-0.32286299337174357,-2.0039648233445537,0.06744907594764059,-1.925562329473524,0.0,0.22407946671702064
test,long,UAV_0196,149,-0.3727811756262589,0.06128165539680849,0.0,0.8993210126362091,0.4776699514159341,-1.0699810768669413,0.0,0.0,-0.021438861014422887,1.5931803715709691,-0.5949354391281306,0.9274247942803003,-0.29383614268422475,0.0,0.48291114500180277,0.0,0.0,0.0026572111340494547,0.21248602723050752,0.0,0.2890674683443898,0.21987804493951155,-0.32286299337174357,-1.9654285428625529,0.13489815189531273,-1.925562329473524,0.0,0.11904179011743812
test,long,UAV_0196,150,-0.3727811756262589,0.045805783760369215,0.0,0.44966050631877846,0.46682742065245114,-0.9455813952150489,0.0,0.0,-0.021438861014422887,1.0289548942593028,-0.537863144095492,0.843113449345708,-0.29383614268422475,0.0,0.48291114500180277,0.0,0.0,-0.611200807907672,0.21248602723050752,0.0,0.3854232911322054,-0.0178279495896801,-0.5628950461626671,-1.9654285428625529,0.13489815189531273,-1.925562329473524,0.0,0.11904179011743812
test,long,UAV_0196,151,-0.13877971844009446,0.045805783760369215,0.0,0.44966050631877846,-0.47485019298122033,-0.9455813952150489,0.0,0.0,-0.23695568380409257,1.0289548942593028,-0.537863144095492,0.6744907594765952,-0.29383614268422475,0.0,0.46333366615037536,0.0,0.0,0.01975299946952519,0.4956150017497544,0.0,0.3854232911322054,-0.0178279495896801,-0.26311597537117815,-1.9654285428625529,0.13489815189531273,-1.892925679821437,0.0,0.11904179011743812
test,long,UAV_0196,152,-0.3727811756262589,-0.03916246316659506,0.0,0.26979630379126707,-0.47485019298122033,-0.9117849499108095,0.0,0.0,-0.021438861014422887,0.06696587333543134,-0.5309452901521202,0.6744907594765952,-0.362491445115667,0.0,0.44189166550353726,0.0,0.0,-0.0140706927012026,0.4956150017497544,0.0,0.3854232911322054,-0.0178279495896801,-0.6385277276119027,-2.068667273219696,0.16862268986911724,-1.887486238212767,0.0,0.11904179011743812
test,long,UAV_0196,153,-0.7733432706096705,-0.1865517587026762,0.0,0.17986420252706212,-0.9583844887761017,-0.9117849499108095,0.0,0.0,-0.021438861014422887,0.06696587333543134,-0.5309452901521202,0.6744907594765952,-0.362491445115667,0.0,0.44189166550353726,0.0,0.0,-0.611200807907672,0.5609259367201875,0.0,0.2890674683443898,-0.15005190904656382,-0.6385277276119027,-2.068667273219696,0.26979630379062547,-1.8548495885606455,0.0,0.11904179011743812
test,long,UAV_0196,154,-0.16290838429325508,-0.4437178634733286,0.0,-0.35972840505502274,-0.9583844887761017,-0.7485553098242504,0.0,0.0,-0.11981330510967547,0.048298697996652346,-0.5309452901521202,0.6744907594765952,-0.2426731914277798,0.0,0.44189166550353726,0.0,0.0,-0.611200807907672,0.4956150017497544,0.0,0.3854232911322054,-0.15005190904656382,-0.6385277276119027,-2.068667273219696,0.16862268986911724,-1.8548495885606455,0.0,0.2276004937744852
test,long,UAV_0196,155,-0.7733432706096705,-0.9966449625587368,0.0,-1.5288457214816005,-0.9583844887761017,-0.7485553098242504,0.0,0.0,-0.11981330510967547,0.048298697996652346,-0.5309452901521202,1.0117361392148208,0.43804439739348067,0.0,0.46333366615037536,0.0,0.0,-0.5786328923161449,0.5861784504318661,0.0,0.3854232911322054,-0.23770599452919167,-0.6385277276119027,-2.0945791082131695,0.16862268986911724,-1.8548495885606455,0.0,0.5924074724014146
test,long,UAV_0196,156,-0.7733432706096705,-0.9966449625587368,0.0,-0.6744907594765952,0.01974461212298202,-1.1462028471276229,0.0,0.0,-0.040964058310795644,-0.012749394400179756,-0.7177273466226055,1.0960474841494132,0.43804439739348067,0.0,0.5780017565658788,0.0,0.0,-0.5786328923161449,0.5861784504318661,0.0,0.3854232911322054,-0.23770599452919167,-0.6385277276119027,-2.0945791082131695,0.26979630379062547,-1.8548495885606455,0.0,0.764341102810168
test,long,UAV_0196,157,-0.16656891086420306,-0.9966449625587368,0.0,-0.6744907594765952,-0.7719211699550159,-1.1497982136493659,0.0,0.0,-0.11981330510967547,-0.012749394400179756,-0.7177273466226055,1.0960474841494132,0.43804439739348067,0.0,0.5780017565658788,0.0,0.0,-0.5786328923161449,0.5861784504318661,0.0,0.3854232911322054,0.2718762312427792,-0.3672585321834713,-1.6626661837090964,0.3372453797382976,-1.8222129389085926,0.0,0.6082758269038012
test,long,UAV_0196,158,-0.16656891086420306,-0.9966449625587368,0.0,-0.44966050631877846,-0.7640250391746397,-1.1497982136493659,0.0,0.0,-0.040964058310795644,-0.5102361473968666,-0.7177273466226055,1.0960474841494132,0.43804439739348067,0.0,0.5854598437474116,0.0,0.0,-0.5786328923161449,0.5387226199463906,0.0,0.3854232911322054,0.2718762312427792,-0.4133215359900921,-1.6626661837090964,0.47214353163361034,-1.8222129389085926,0.0,0.6082758269038012
test,long,UAV_0196,159,-0.16656891086420306,0.744256543528225,0.0,-0.44966050631877846,-0.7640250391746397,-1.1497982136493659,0.0,0.0,-0.040964058310795644,-0.012749394400179756,-0.7177273466226055,1.5176042088223032,0.24679262504611402,0.0,0.5780017565658788,0.0,0.0,-0.5786328923161449,0.6977311229554944,0.0,0.3854232911322054,-0.21244973261046274,-0.4133215359900921,-2.0063691323260047,0.47214353163361034,-1.8222129389085926,0.0,0.6082758269038012
test,long,UAV_0196,160,-0.16656891086420306,0.744256543528225,0.0,-0.04496605063165321,0.19912436817365844,-1.0282748252148903,0.0,0.0,-0.28260845982341387,-0.33748133026513727,-0.6502782706749206,1.5176042088223032,0.12299896741131362,0.0,0.08483574168948212,0.0,0.0,-0.6196194983822344,0.5387226199463906,0.0,0.3854232911322054,0.24810563178986003,-0.4133215359900921,-2.0063691323260047,0.3372453797382976,-1.8222129389085926,0.0,0.48490329940621946
test,long,UAV_0196,161,-0.16656891086420306,0.4967133893368829,0.0,-0.04496605063165321,-0.2005727531385064,-0.9463004685194236,0.0,0.0,-0.28260845982341387,-0.33748133026513727,-0.6502782706749206,1.0117361392148208,0.12299896741131362,0.0,0.08483574168948212,0.0,0.0,-0.6196194983822344,0.5713383732600762,0.0,0.1927116455661027,-0.21244973261046274,-0.4133215359900921,-2.043183870544883,0.2360717658167894,-1.8222129389085926,0.0,0.45857499098977733
test,long,UAV_0196,162,0.022387203519641553,0.129130553015126,0.0,0.44966050631877846,0.19912436817365844,-0.9463004685194236,0.0,0.0,0.2569238927492039,-0.33748133026513727,-0.7384809084526517,0.3794010522055218,-0.037611318345634207,0.0,0.40180444690314204,0.0,0.0,-0.6252233704839707,0.5713383732600762,0.0,0.2890674683443898,-0.4635266893319423,-0.4133215359900921,-2.043183870544883,0.2360717658167894,-1.8167734972998886,0.0,0.35149884186838476
test,long,UAV_0196,163,0.022387203519641553,0.35764037055324716,0.0,0.26979630379126707,0.656493178106937,-0.9463004685194236,0.0,0.0,0.2569238927492039,-0.33748133026513727,-0.7384809084526517,0.42155672467288996,-0.037611318345634207,0.0,0.40180444690314204,0.0,0.0,-0.641133396427982,0.5713383732600762,0.0,0.1927116455661027,-0.21244973261046274,-0.5474671416224348,-2.0358621806690604,0.2360717658167894,-1.9038045630388107,0.0,0.3334224450316096
test,long,UAV_0196,164,-0.27263285770901513,0.129130553015126,0.0,0.26979630379126707,0.656493178106937,-0.9463004685194236,0.0,0.0,0.2569238927492039,-0.33748133026513727,-0.6831380769058617,0.42155672467288996,-0.037611318345634207,0.0,0.40180444690314204,0.0,0.0,-0.641133396427982,0.5713383732600762,0.0,0.2890674683443898,-0.4635266893319423,-0.31064547162365336,-2.1464201710839377,0.2360717658167894,-1.9038045630388107,0.0,0.35149884186838476
test,long,UAV_0196,165,0.022387203519641553,0.129130553015126,0.0,0.5395926075816356,0.21840633652728966,-0.9463004685194236,0.0,0.0,0.2569238927492039,-0.28584003957015114,-0.7384809084526517,0.42155672467288996,0.22183790515978014,0.0,0.40180444690314204,0.0,0.0,-0.561476653965665,0.5713383732600762,0.0,0.1927116455661027,-0.4635266893319423,-0.31064547162365336,-2.0358621806690604,0.2360717658167894,-1.8167734972998886,0.0,0.3334224450316096
test,long,UAV_0196,166,0.022387203519641553,-0.02858085586478593,0.0,0.5395926075816356,0.656493178106937,-0.9283236359107745,0.0,0.0,0.054146002565533265,0.1682279275468898,-0.7281041275376516,0.632335087009299,0.22183790515978014,0.0,0.40180444690314204,-0.6744907594765952,0.0,0.055005148031307696,0.4593682566749358,0.0,0.09635582278305135,-0.8423706181128763,-0.5387011559729422,-1.9500528184963972,0.10117361392147665,-1.8167734972998886,0.0,0.3334224450316096
test,long,UAV_0196,167,-0.27263285770901513,-1.3418607971031518,0.0,0.6744907594765952,0.7335593616234705,-0.9283236359107745,0.0,0.0,-0.23299217602082167,0.1682279275468898,-0.6831380769058617,0.7588021044111156,0.22183790515978014,0.0,0.41299157767527633,0.0,0.0,0.055005148031307696,0.4593682566749358,0.0,0.09635582278305135,-0.17679383343106542,-0.5387011559729422,-1.9500528184963972,0.10117361392147665,-1.7351818731696704,0.0,0.5518285790695127
test,long,UAV_0196,168,0.3553142464992119,-1.6835180398984948,0.0,0.6744907594765952,0.5131610447939808,-0.9283236359107745,0.0,0.0,-0.34790421993860865,0.1682279275468898,-0.6571961246182924,0.8852691218130042,-0.02668044243935039,0.0,0.41299157767527633,0.0,0.0,0.055005148031307696,0.5366279544943695,0.0,0.09635582278305135,-0.7027183463269437,-0.4410608061068853,-1.9500528184963972,0.10117361392147665,-1.7351818731696704,0.0,0.5518285790695127
test,long,UAV_0196,169,0.3553142464992119,-1.6835180398984948,0.0,0.314762354422471,0.5131610447939808,-0.9283236359107745,0.0,0.0,-0.38723488037032555,-0.28584003957015114,-0.5793702677556074,0.7588021044111156,-0.11238944842909383,0.0,0.7075860213444478,0.0,0.0,-0.6661016713081784,0.5366279544943695,0.0,0.09635582278305135,-0.17679383343106542,-0.5387011559729422,-1.9500528184963972,0.20234722784298487,-1.7351818731696704,0.0,0.5441271813513725
test,long,UAV_0196,170,-0.14023836457620104,-1.3418607971031518,0.0,0.22483025315961386,0.5131610447939808,-1.0117361392149091,0.0,0.0,-0.34790421993860865,-0.19460334455828918,-0.5793702677556074,0.7166464319438194,-0.15771832397100868,0.0,0.7886927194431085,0.0,0.0,-0.6705268385894307,0.5366279544943695,0.0,0.2890674683443898,-0.17679383343106542,-0.5387011559729422,-1.9586068788737288,0.20234722784298487,-1.7732579644304274,0.0,0.5441271813513725
test,long,UAV_0196,171,-0.14023836457620104,-0.18116555181918975,0.0,-0.17986420252751137,0.22043216355933215,-1.0117361392149091,0.0,0.0,-0.38723488037032555,-0.5895491367200917,-0.5793702677556074,0.7166464319438194,-0.15771832397100868,0.0,0.8483574168951511,0.0,0.0,-0.6705268385894307,0.5366279544943695,0.0,0.2890674683443898,-0.17679383343106542,-0.4410608061068853,-1.9761674464735417,0.20234722784298487,-1.7732579644304274,0.0,0.5441271813513725
test,long,UAV_0196,172,0.3394475481960565,-0.18116555181918975,0.0,-0.26979630379126707,-0.7408268996408437,-0.862887965215289,0.0,0.0,-0.38723488037032555,-0.5895491367200917,-0.6329836358165487,0.7166464319438194,-0.1965036885339575,0.0,0.8483574168951511,0.0,0.0,-0.6705268385894307,0.36476424103480165,0.0,0.2890674683443898,-0.1203386597304056,-0.4410608061068853,-1.9766585466877016,0.20234722784298487,-1.8602890301693151,0.0,0.47989343827125963
test,long,UAV_0196,173,0.02290840585481695,0.44455849032742045,0.0,-0.26979630379126707,-0.7408268996408437,-1.348981518953223,0.0,0.0,0.4031471033576563,-0.19460334455828918,-0.7402103719385004,0.6744907594765952,-0.1965036885339575,0.0,0.8483574168951511,0.0,0.0,-0.6410217051109526,0.11426930540138877,0.0,0.2890674683443898,-0.1203386597304056,-0.3278587287622954,-1.9761674464735417,0.20234722784298487,-1.8602890301693151,0.0,0.2502615992992684
test,long,UAV_0196,174,0.02290840585481695,-0.18116555181918975,0.0,-0.26979630379126707,-0.7408268996408437,-0.6744907594765952,0.0,0.0,0.4031471033576563,-0.19460334455828918,-0.814577301829488,0.42155672467288996,-0.18639333656979312,0.0,0.6479213238924052,0.0,0.0,-0.6042174818703657,0.10435718106692218,0.0,0.4817791139104925,-0.3773582663150871,-0.3278587287622954,-1.9761674464735417,0.20234722784298487,-1.7732579644304274,0.0,0.2502615992992684
test,long,UAV_0196,175,0.02290840585481695,-0.18116555181918975,0.0,-0.26979630379126707,-0.7408268996408437,-0.5788540099985805,0.0,0.0,0.0868319407547949,-0.6986918967931653,-0.7972826669711391,0.6744907594765952,0.17471503125200985,0.0,0.5994437572127169,0.0,0.0,0.024407622258693216,0.10435718106692218,0.0,0.0,-0.47838331399000283,-0.3278587287622954,-1.919475872152271,0.2360717658167894,-1.7460607563870445,0.0,0.2502615992992684
test,long,UAV_0196,176,0.02290840585481695,0.39485773959346265,0.0,0.0,-0.06745557834047346,-0.6744907594765952,0.0,0.0,0.0868319407547949,-0.6986918967931653,-0.814577301829488,0.6744907594765952,-0.18639333656979312,0.0,0.5826630610543505,0.0,0.0,0.030342544073840624,0.11426930540138877,0.0,0.0,-0.47838331399000283,-0.5534112550865703,-1.8265043436266364,0.3372453797382976,-1.887486238212767,0.0,0.06386554609551483
test,long,UAV_0196,177,0.02290840585481695,0.39485773959346265,0.0,0.4946265569499824,-0.06745557834047346,-0.6982201785200459,0.0,0.0,0.0868319407547949,-0.6986918967931653,-0.814577301829488,0.4637123971401142,-0.18639333656979312,0.0,0.5826630610543505,0.0,0.0,0.024407622258693216,0.22053076029255353,0.0,0.0,-0.7963150816728106,-0.5534112550865703,-1.7044203636282624,0.3372453797382976,-1.7460607563870445,0.0,0.03214541922227203
test,long,UAV_0196,178,0.039191745860092136,-0.4936415194560752,0.0,0.0,0.47199226574056513,-0.6982201785200459,0.0,0.0,0.0818634123672703,-0.6986918967931653,-0.7972826669711391,0.6744907594765952,-0.18639333656979312,0.0,0.2470491378870235,0.6744907594765952,0.0,0.024407622258693216,0.22053076029255353,0.0,0.0,-0.47838331399000283,-0.5534112550865703,-1.7044203636282624,0.3372453797382976,-1.6753480154741658,0.0,0.005754386707858698
test,long,UAV_0196,179,0.06702821660454447,-0.09173936298029413,0.0,0.0,0.6849022800597008,-0.8082383940849669,0.0,0.0,0.0868319407547949,-0.6001482348791956,-0.6675729055333385,1.1803588290840055,-0.06820329981413667,0.0,0.2470491378870235,0.0,0.0,0.024407622258693216,0.2229031699730764,0.0,0.0,-0.062397823563936,-0.3659219062893449,-1.7228251731157038,0.5395926075812509,-1.6971057819088446,0.0,0.03214541922227203
test,long,UAV_0196,180,0.49758280928483495,-0.2600992267243752,0.0,0.0,0.6849022800597008,-0.8082383940849669,0.0,0.0,0.6047682470674314,0.6270904520307794,-0.5966649026139793,1.0960474841494132,-0.38490354376339203,0.0,0.2470491378870235,0.0,0.0,0.014441659685453545,0.22053076029255353,0.0,0.09635582278305135,0.07131179835875749,-0.3659219062893449,-1.7044203636282624,0.3372453797382976,-1.6971057819088446,0.0,0.03214541922227203
test,long,UAV_0196,181,0.49758280928483495,-0.4936415194560752,0.0,-0.04496605063165321,0.6849022800597008,-0.8082383940849669,0.0,0.0,0.7308826985691896,0.6270904520307794,-0.4513899698036095,1.1803588290840055,-0.27043110138668813,0.0,0.4707917533319082,0.0,0.0,-0.05143277776965976,0.2229031699730764,0.0,0.09635582278305135,0.2585052690505284,-0.33636982554007644,-1.7228251731157038,0.10117361392147665,-1.6971057819088446,0.0,0.36325303796732283
test,long,UAV_0196,182,0.06702821660454447,-0.2600992267243752,0.0,-0.314762354422471,0.6849022800597008,-0.9247282693890316,0.0,0.0,0.6047682470674314,-0.10892110912599792,-0.36491679551175016,1.264670174018598,-0.06820329981413667,0.0,0.5164725373185355,0.0,0.0,0.014441659685453545,0.2229031699730764,0.0,0.2890674683443898,0.2897041808324964,-0.33636982554007644,-1.894698425707017,0.5395926075812509,-1.7786974060390972,0.0,0.4246803287189192
test,long,UAV_0196,183,0.06702821660454447,-0.2600992267243752,0.0,-0.5395926075816356,0.4735622902392157,-0.9614010079107046,0.0,0.0,0.6047682470674314,-0.10892110912599792,-0.4513899698036095,1.1803588290840055,-0.27043110138668813,0.0,0.55469523412374,0.0,0.0,-0.05143277776965976,0.4566265486850528,0.0,0.2890674683443898,0.2897041808324964,-0.33636982554007644,-1.894698425707017,0.5395926075812509,-1.7786974060390972,0.0,0.4246803287189192
test,long,UAV_0196,184,0.017642403699176717,-0.2600992267243752,0.0,-0.5395926075816356,0.4735622902392157,-0.9247282693890316,0.0,0.0,0.5220318583611544,-0.14838011829959116,-0.5966649026139793,1.0960474841494132,-0.38490354376339203,0.0,0.55469523412374,0.0,0.0,-0.5737684111839987,0.4566265486850528,0.0,0.2890674683443898,0.2585052690505284,-0.25839896174623816,-1.8452532310338738,0.10117361392147665,-1.8657284717780538,0.0,0.4246803287189192
test,long,UAV_0196,185,-0.1681571229608956,-0.15557212017096972,0.0,-0.04496605063165321,0.016799906218507965,-0.9247282693890316,0.0,0.0,0.5220318583611544,-0.26372652570558364,-0.8059299844003135,0.9695804667475966,-0.46119193129330305,0.0,0.6796181944137273,0.0,0.0,-0.05143277776965976,0.646030515639837,0.0,0.2890674683443898,-0.04308421150844613,-0.24489843094721409,-1.8452532310338738,0.10117361392147665,-1.7786974060390972,0.0,0.31170085279872684
test,long,UAV_0196,186,-0.34825547852215916,-0.15557212017096972,0.0,-0.5395926075816356,0.010513955938122757,-0.6687381730418261,0.0,0.0,0.43140246882004746,-0.14838011829959116,-0.8059299844003135,0.9695804667475966,-0.5420856467076858,0.0,0.7821668931593361,0.0,0.0,-0.10465222710706244,0.5886798801064632,0.0,0.2890674683443898,-0.04308421150844613,-0.255909787028476,-1.8368182983455748,-0.20234722784301643,-1.7786974060390972,0.0,0.31170085279872684
test,long,UAV_0196,187,0.017642403699176717,-0.3053452792278137,0.0,-0.26979630379126707,0.016799906218507965,-0.6687381730418261,0.0,0.0,0.5220318583611544,-0.14838011829959116,-0.8560844254896035,0.9695804667475966,-0.5420856467076858,0.0,0.7821668931593361,0.0,0.0,-0.10465222710706244,0.5886798801064632,0.0,0.1927116455661027,-0.04308421150844613,-0.24489843094721409,-1.608162350819685,-0.20234722784301643,-1.756939639604384,0.0,0.31170085279872684
test,long,UAV_0196,188,0.017642403699176717,-0.3053452792278137,0.0,-0.22483025315916458,0.016799906218507965,-0.639975240867981,0.0,0.0,0.7990499540093157,-0.060753879846987574,-0.8059299844003135,0.9695804667475966,-0.5226989401238619,0.0,0.536050016169963,0.0,0.0,-0.03387596954941129,0.3621016498699115,0.0,0.0,-0.0445698739742188,-0.22188237063609348,-1.608162350819685,-0.20234722784301643,-1.8548495885606455,0.0,0.3493917015935905
test,long,UAV_0196,189,-0.34825547852215916,-0.3053452792278137,0.0,-0.26979630379126707,0.010513955938122757,-0.5580008841725305,0.0,0.0,0.7990499540093157,-0.060753879846987574,-0.6520077341607923,0.9695804667475966,-0.46119193129330305,0.0,0.536050016169963,0.0,0.0,-0.01879256706665865,0.30573810381657496,0.0,0.0,-0.0445698739742188,-0.2169809475119984,-1.608162350819685,0.033724537973836066,-1.843970705343306,0.0,0.3493917015935905
test,long,UAV_0196,190,-1.0307163306752907,-0.3053452792278137,0.0,-0.26979630379126707,0.010513955938122757,-0.5285188786943433,0.0,0.0,0.781369264092884,-0.060753879846987574,-0.51538011877962,1.0960474841494132,-0.3827370763725248,0.0,0.4801143623087417,0.0,0.0,0.03664522098266774,0.22591863289777486,0.0,0.1927116455661027,-0.0445698739742188,-0.22188237063609348,-1.8472733916891475,0.033724537973836066,-1.843970705343306,0.0,0.4592752220307551
test,long,UAV_0196,191,0.023020009686191743,0.0767864740891979,0.0,-0.22483025315916458,-0.6897283509845104,-0.5580008841725305,0.0,0.0,0.781369264092884,-0.2912542397832884,-0.4807908490628992,0.9274247942803003,-0.3827370763725248,0.0,0.4801143623087417,0.0,0.0,0.05843251913343607,0.22591863289777486,0.0,0.2890674683443898,-0.6789477468740246,-0.22188237063609348,-2.1431129842087215,0.30352084176446154,-1.843970705343306,0.0,0.4592752220307551
test,long,UAV_0196,192,-0.20293304748241514,0.48131603704218334,0.0,-0.22483025315916458,-0.6897283509845104,-0.5580008841725305,0.0,0.0,0.5672612066298517,-0.2912542397832884,-0.4807908490628992,0.9274247942803003,-0.3827370763725248,0.0,0.4801143623087417,0.0,0.0,0.05843251913343607,0.22591863289777486,0.0,0.2890674683443898,-0.6789477468740246,-0.4994265086772218,-2.1431129842087215,0.033724537973836066,-1.843970705343306,0.0,0.4592752220307551
test,long,UAV_0196,193,-0.20293304748241514,0.48131603704218334,0.0,-1.438913620218294,-0.5090899863284176,-0.45229710843366183,0.0,0.0,0.5672612066298517,-0.2912542397832884,-0.4807908490628992,0.9274247942803003,-0.6259820612728796,0.0,0.4801143623087417,0.0,0.0,0.05843251913343607,0.08050958965875174,0.0,0.2890674683443898,-0.6789477468740246,-0.4994265086772218,-2.1431129842087215,-0.033724537973836066,-1.843970705343306,0.0,0.3014957773304185
test,long,UAV_0196,194,0.5294719531251663,0.35973791523454535,0.0,-1.304015468322885,-0.27072197694232003,-1.2878602880837897,0.0,0.0,0.781369264092884,0.07758394332500411,-0.5257568996946431,1.0960474841494132,-0.6259820612728796,0.0,0.4987595802624088,-0.6744907594765952,0.0,0.05843251913343607,0.33102074252941005,0.0,0.2890674683443898,-0.2629622564479206,-0.6289242410611997,-2.102724450529073,-0.033724537973836066,-1.8820467966040975,0.0,0.28927045682670627
test,long,UAV_0196,195,0.5294719531251663,0.4864694491539863,0.0,-1.438913620218294,-0.27072197694232003,-1.2878602880837897,0.0,0.0,0.8964770229902783,0.07758394332500411,-0.7886353495419417,0.8852691218130042,-0.6259820612728796,0.0,0.6861440206976097,-0.6744907594765952,0.0,0.0409165710241578,0.44775801177179597,0.0,0.3854232911322054,-0.2629622564479206,-0.6289242410611997,-1.9992437158600953,-0.033724537973836066,-1.979956745560359,0.0,0.28927045682670627
test,long,UAV_0196,196,-0.20293304748241514,0.4864694491539863,0.0,-1.438913620218294,-0.012417276204626983,-1.2878602880837897,0.0,0.0,0.8964770229902783,0.2926713996739669,-0.7886353495419417,1.1382031566167095,0.10491627490294195,0.0,0.6861440206976097,-0.6744907594765952,0.0,0.019893867507350678,0.3679719624532305,0.0,0.3854232911322054,0.013370962192250799,-0.6289242410611997,-1.9992437158600953,-0.06744907594767213,-1.979956745560359,0.0,0.28927045682670627
test,long,UAV_0196,197,0.13442764716695216,0.35973791523454535,0.0,-1.304015468322885,0.21091696929073958,-0.6234365548680486,0.0,0.0,0.8964770229902783,0.5252141985458035,-0.5257568996946431,1.0960474841494132,0.10491627490294195,0.0,0.4987595802624088,-0.6744907594765952,0.0,0.0409165710241578,0.33102074252941005,0.0,0.3854232911322054,0.013370962192250799,-0.4584823333742863,-2.102724450529073,-0.033724537973836066,-1.979956745560359,0.0,0.08400935418849845
test,long,UAV_0196,198,-0.5993042680453382,0.4864694491539863,0.0,-0.8093889113720042,0.21091696929073958,-1.4050692366921966,0.0,0.0,-1.143707785031546,0.3542870047385444,-0.7142684196509311,1.1803588290840055,0.31869986347475776,0.0,0.4987595802624088,-0.6744907594765952,0.0,1.5109807212212583e-05,0.3679719624532305,0.0,0.5781349366983082,0.7651161698909168,-0.7423084661232404,-2.102724450529073,-0.269796303790657,-1.9908356287776638,0.0,0.11861330814921271
test,long,UAV_0196,199,-0.5993042680453382,1.0796064975105721,0.0,0.22483025315961386,0.22771079227850397,-1.2389633033882694,0.0,0.0,-1.143707785031546,0.2926713996739669,-0.5914765121564792,1.1803588290840055,0.31869986347475776,0.0,0.4362981001175251,-0.6744907594765952,0.0,1.5109807212212583e-05,0.4195992845522519,0.0,0.5781349366983082,0.7651161698909168,-0.4584823333742863,-2.2119066433228025,-0.269796303790657,-1.9908356287776638,0.0,0.08400935418849845
test,long,UAV_0196,200,0.13442764716695216,1.0796064975105721,0.0,0.22483025315961386,0.2536417867767765,-1.2389633033882694,0.0,0.0,-1.3048506873940087,0.2926713996739669,-0.5914765121564792,1.2225145015513017,0.09095217248214711,0.0,0.24052331160325102,-0.6744907594765952,0.0,-0.6518857051526511,0.3679719624532305,0.0,0.5781349366983082,0.7651161698909168,-0.27552624269884174,-2.2119066433228025,0.5058680696074463,-1.8548495885606455,0.0,0.08400935418849845
test,long,UAV_0196,201,0.13442764716695216,0.8076569045524745,0.0,-0.17986420252751137,0.2536417867767765,-1.2389633033882694,0.0,0.0,-1.3048506873940087,-0.1713689829781718,-0.5914765121564792,1.2225145015513017,-0.44712994961943847,0.0,0.24052331160325102,0.0,0.0,0.00259840115154919,0.08676216940780937,0.0,0.6744907594765952,-0.11439600986720364,-0.27552624269884174,-2.2433158412387066,0.5058680696074463,-1.8548495885606455,0.0,0.03160614954468754
test,long,UAV_0196,202,-0.36481404888017344,0.8599510010515452,0.0,0.6295247088453912,0.22771079227850397,-1.2389633033882694,0.0,0.0,-0.40827760967190824,-0.1713689829781718,-0.7142684196509311,1.3911371914204145,-0.44712994961943847,0.0,0.3719720981770108,0.0,0.0,-0.6577818125841967,0.3358429163766821,0.0,0.6744907594765952,-0.427870790152545,-0.4931174197622629,-2.2433158412387066,0.30352084176446154,-1.925562329473524,0.0,0.03160614954468754
test,long,UAV_0196,203,-0.36481404888017344,0.8076569045524745,0.0,0.6295247088453912,0.22771079227850397,-0.5961117693028876,0.0,0.0,0.5958040636584638,-0.1713689829781718,-0.8508960350321034,1.2225145015513017,-0.44712994961943847,0.0,0.4362981001175251,0.0,0.0,0.00259840115154919,0.3161523374902493,0.0,0.2890674683443898,-0.427870790152545,-0.4931174197622629,-2.2433158412387066,0.30352084176446154,-1.925562329473524,0.0,0.016105698042128087
test,long,UAV_0196,204,-0.36481404888017344,-0.11388834377806228,0.0,0.08993210126375568,-0.2554502032214405,-0.39333309747728745,0.0,0.0,0.17490383837401693,-0.1713689829781718,-0.8508960350321034,0.843113449345708,-0.20638576596117808,0.0,0.3719720981770108,0.0,0.0,0.00259840115154919,0.3161523374902493,0.0,0.0,-0.11439600986720364,-0.6484296491351689,-2.3846130779434342,-0.13489815189534426,-1.925562329473524,0.0,0.012777758009488544
test,long,UAV_0196,205,-0.36481404888017344,-0.4136873502705611,0.0,0.4946265569499824,-0.2554502032214405,-0.5961117693028876,0.0,0.0,0.17490383837401693,-0.1713689829781718,-0.8007415939428135,0.7166464319438194,0.05172557127888881,0.0,0.4661304488434364,0.0,0.0,0.032558921303780665,0.3161523374902493,0.0,0.0,-0.11439600986720364,-0.6484296491351689,-2.3846130779434342,-0.13489815189534426,-1.9636384207343154,0.0,-0.2001481658983129
test,long,UAV_0196,206,-0.6868614329374717,-0.49022871372822896,0.0,0.4946265569499824,-0.22849784110753843,-0.5961117693028876,0.0,0.0,0.17490383837401693,-0.09854492868456481,-0.8007415939428135,0.7166464319438194,0.05172557127888881,0.0,0.3999399251076214,0.0,0.0,0.032558921303780665,0.3161523374902493,0.0,0.0,-0.0222849369871094,-0.4931174197622629,-2.2076412342436478,-0.13489815189534426,-1.9636384207343154,0.0,-0.2001481658983129
test,long,UAV_0196,207,-0.22204716789543444,-0.49022871372822896,0.0,0.4946265569499824,-0.0026464827781008038,-0.7428027233894815,0.0,0.0,0.0034740741409323575,-0.7369897977330019,-0.7263746640518028,0.632335087009299,0.1524304562924183,0.0,0.4661304488434364,0.0,0.0,0.032558921303780665,0.3161523374902493,0.0,0.1927116455661027,-0.011885299726403932,-0.4677493576970164,-1.957968999359669,-0.13489815189534426,-2.02347227842982,0.0,-0.2001481658983129
test,long,UAV_0196,208,-0.22204716789543444,-0.7703851609224243,0.0,0.4046944556862267,-0.0026464827781008038,-0.7478362365199085,0.0,0.0,0.0034740741409323575,-0.7369897977330019,-0.6053122200431768,0.632335087009299,0.1524304562924183,0.0,0.5425758424538454,-0.6744907594765952,0.0,0.032198558351609195,0.5434441878754356,0.0,0.3854232911322054,-0.0222849369871094,-0.4677493576970164,-2.179824235117783,0.26979630379062547,-2.034351161647194,0.0,0.012777758009488544
test,long,UAV_0196,209,-0.34173638638083836,-0.6442438162578998,0.0,0.4946265569499824,0.2302628657506886,-1.0663857103451986,0.0,0.0,-0.10152067582361832,-1.1041996661304425,-0.6156890009581999,0.632335087009299,0.22232732379184095,0.0,0.6218180187572053,0.0,0.0,-0.010838088050811948,0.4344018876884787,0.0,0.5781349366983082,-0.3342740548066781,-0.4677493576970164,-1.957968999359669,0.26979630379062547,-2.034351161647194,0.0,-0.27529749528479786
test,long,UAV_0196,210,-0.34173638638083836,-0.6442438162578998,0.0,1.304015468322885,0.2302628657506886,-1.119597134866804,0.0,0.0,0.0034740741409323575,-0.38122635975008634,-0.6053122200431768,0.3794010522055218,0.3489033613154332,0.0,0.6218180187572053,0.0,0.0,-0.010838088050811948,0.4344018876884787,0.0,0.3854232911322054,-0.04605553644002856,-0.7356594646711417,-1.957968999359669,-0.13489815189534426,-2.02347227842982,0.0,0.17743363610948448
test,long,UAV_0196,211,-0.34173638638083836,-0.18093953003842547,0.0,1.304015468322885,0.2302628657506886,-1.119597134866804,0.0,0.0,0.1162832154974809,-0.38122635975008634,-0.6156890009581999,0.3794010522055218,0.3489033613154332,0.0,0.6292761059387382,0.6744907594765952,0.0,-0.010838088050811948,0.4344018876884787,0.0,0.2890674683443898,-0.04605553644002856,-0.7514168316545936,-2.011992179045327,-0.06744907594767213,-2.0071539536038108,0.0,0.17743363610948448
test,long,UAV_0196,212,-0.34173638638083836,-0.17928582312442967,0.0,0.9442870632678623,-0.013491967441273293,-1.119597134866804,0.0,0.0,0.17394426150419,-0.14639600954755286,-0.6156890009581999,0.42155672467288996,0.3489033613154332,0.0,0.6292761059387382,0.6744907594765952,0.0,0.03936133310517167,0.4344018876884787,0.0,0.5781349366983082,-0.3342740548066781,-0.7514168316545936,-2.1608627345664675,-0.06744907594767213,-1.9146834462561502,0.0,0.0008757984955511938
test,long,UAV_0196,213,-0.12330879774820949,0.3780506626649173,0.0,0.9442870632678623,-0.492173263962459,-1.1986951983448861,0.0,0.0,0.1162832154974809,-0.14639600954755286,-0.6156890009581999,0.42155672467288996,-0.4990227194413045,0.0,0.6292761059387382,0.6744907594765952,0.0,0.03936133310517167,0.4344018876884787,0.0,0.5781349366983082,-0.04605553644002856,-0.7514168316545936,-2.1608627345664675,-0.06744907594767213,-1.9146834462561502,0.0,-0.1734003117598622
test,long,UAV_0196,214,-0.12330879774820949,0.3780506626649173,0.0,0.22483025315961386,-0.492173263962459,-1.1986951983448861,0.0,0.0,0.17394426150419,-0.0921599897211111,-0.6105006105006768,0.5901794145420027,-0.4990227194413045,0.0,0.5509661905329185,-0.6744907594765952,0.0,0.03936133310517167,0.2916119824311222,0.0,0.6744907594765952,-0.04605553644002856,-1.0020301391421722,-2.2374469185243537,-0.06744907594767213,-1.9146834462561502,0.0,-0.06094780059492158
test,long,UAV_0196,215,-0.12330879774820949,0.20132967359789536,0.0,-0.08993210126375568,-0.24052588626022034,-0.973625254084601,0.0,0.0,0.22052278120530985,-0.0921599897211111,-0.6105006105006768,0.5901794145420027,-0.6289230708489632,0.0,0.5509661905329185,-0.6744907594765952,0.0,0.03378712746223217,0.48598916094157796,0.0,0.6744907594765952,0.42638512768677234,-0.8376927349912192,-2.2374469185243537,-0.06744907594767213,-1.9146834462561502,0.0,-0.06094780059492158
test,long,UAV_0196,216,-0.12330879774820949,0.13059182736284536,0.0,-0.6744907594765952,-0.24052588626022034,-0.973625254084601,0.0,0.0,0.22052278120530985,-1.4407915784914906,-0.6105006105006768,0.5901794145420027,-0.4990227194413045,0.0,0.5463048860445567,-0.6744907594765952,0.0,0.03378712746223217,0.48598916094157796,0.0,0.6744907594765952,-0.3387310422040703,-0.380161890258483,-2.2374469185243537,-0.06744907594767213,-1.9146834462561502,0.0,-0.06094780059492158
test,long,UAV_0196,217,-0.12330879774820949,0.20132967359789536,0.0,-1.3939475695866408,-0.24052588626022034,-0.973625254084601,0.0,0.0,1.0120537276888348,-1.4407915784914906,-0.6105006105006768,0.5901794145420027,-0.3099406984834353,0.0,0.5463048860445567,-0.6744907594765952,0.0,0.03378712746223217,0.533289898709231,0.0,0.1927116455661027,-0.7621448449592231,-0.23394951802634914,-2.265460822493689,0.0,-2.088745577734029,0.0,0.23275442731337934
test,long,UAV_0196,218,-0.6300651037868246,0.13059182736284536,0.0,-1.3939475695866408,-0.24052588626022034,-0.973625254084601,0.0,0.0,1.0120537276888348,-0.3035019611201816,-0.6105006105006768,0.5901794145420027,-0.3099406984834353,0.0,0.5509661905329185,-0.6744907594765952,0.0,0.060960944571423856,0.46113579576504504,0.0,0.1927116455661027,-0.8230570060573493,-0.23394951802634914,-1.8842945033448268,-0.30352084176449307,-1.9146834462561502,0.0,0.23275442731337934
test,long,UAV_0196,219,0.9520865239142734,0.13059182736284536,0.0,-1.3939475695866408,-0.24052588626022034,-1.0419372179974382,0.0,0.0,-0.27207480857508154,-0.3035019611201816,-0.814577301829488,0.5480237420747066,-0.5132264659361264,0.0,0.45774010076425325,-0.6744907594765952,0.0,0.060960944571423856,0.533289898709231,0.0,0.1927116455661027,-0.7621448449592231,-0.23394951802634914,-1.8842945033448268,-0.1686226898691488,-1.9146834462561502,0.0,0.23275442731337934
test,long,UAV_0196,220,-0.14337416985112983,-0.46069799333826594,0.0,-0.08993210126375568,0.4492647844064127,-1.0433753646061223,0.0,0.0,-0.34333626073720114,0.4516155423900779,-0.8353308636595802,0.5901794145420027,-0.5132264659361264,0.0,0.45774010076425325,-0.6744907594765952,0.0,0.060960944571423856,0.6405198997145674,0.0,0.2890674683443898,-0.7621448449592231,-0.23394951802634914,-1.930596123890939,-0.30352084176449307,-1.8711679133867236,0.0,0.23275442731337934
test,long,UAV_0196,221,0.832925166436379,-0.46069799333826594,0.0,0.35972840505502274,-0.26576542923955676,-1.1023393755624968,0.0,0.0,-0.34333626073720114,0.4516155423900779,-0.814577301829488,0.7166464319438194,-0.5132264659361264,0.0,0.6628374982554709,0.0,0.0,0.0033817064053983945,0.6405198997145674,0.0,0.2890674683443898,-0.6878617216688461,-0.5236445487437491,-1.9686998967673621,-0.1686226898691488,-1.8711679133867236,0.0,0.13226082320117535
test,long,UAV_0196,222,-0.14337416985112983,-0.46069799333826594,0.0,0.4046944556862267,0.4492647844064127,-1.2202673974752456,0.0,0.0,-0.3677684607581756,0.4516155423900779,-0.8353308636595802,0.8009577768784117,-0.7394140978466762,0.0,0.7411474136610705,0.0,0.0,-0.01821303513863827,0.5745813304468191,0.0,0.2890674683443898,-0.005942649863201966,-0.6005872543007839,-1.9686998967673621,-0.1686226898691488,-1.8711679133867236,0.0,0.13226082320117535
test,long,UAV_0196,223,-0.14337416985112983,-0.16103192163644656,0.0,0.35972840505502274,0.5074650119722901,-1.4438991951268956,0.0,0.0,-0.3677684607581756,0.3204005071698526,-0.8353308636595802,0.8009577768784117,-0.753605429023858,0.0,0.6628374982554709,0.0,0.0,-0.01821303513863827,0.6405198997145674,0.0,0.2890674683443898,-0.005942649863201966,-0.6005872543007839,-2.0687987932728076,0.0,-1.9146834462561502,0.0,0.3603816765231194
test,long,UAV_0196,224,-0.14337416985112983,-0.8881986650343302,0.0,0.4046944556862267,0.5074650119722901,-1.2202673974752456,0.0,0.0,-1.0184007242974684,-0.025813624547834226,-1.0688084342476352,0.9695804667475966,-0.7394140978466762,0.0,0.7411474136610705,0.6744907594765952,0.0,0.0033817064053983945,0.5745813304468191,0.0,0.2890674683443898,-0.09359673534586689,-0.6378069818838755,-2.0687987932728076,0.0,-1.9146834462561502,0.0,0.3603816765231194
test,long,UAV_0196,225,-0.3303580770383245,-0.16103192163644656,0.0,0.4046944556862267,0.5074650119722901,-1.1023393755624968,0.0,0.0,-1.0458469567306656,-0.40526373522589665,-0.7263746640518028,0.9695804667475966,-0.30838403029939837,0.0,0.7411474136610705,0.6744907594765952,0.0,0.008234342667557947,0.4484821281827406,0.0,0.2890674683443898,-0.09359673534586689,-0.5236445487437491,-2.0687987932728076,0.16862268986911724,-2.0180328368211504,0.0,0.6611756007811159
test,long,UAV_0196,226,-0.7667406970308657,0.7265680808141626,0.0,0.8093889113724534,0.5074650119722901,-0.6759289060853119,0.0,0.0,-1.3559641667419198,-0.40526373522589665,-0.819765692287011,0.8009577768784117,-0.30838403029939837,0.0,0.6423277585062831,0.0,0.0,0.01155957201578659,0.21305300508178535,0.0,0.3854232911322054,-0.0980537227432962,-0.36503287374296106,-2.0714941670136775,0.16862268986911724,-2.0180328368211504,0.0,0.6611756007811159
test,long,UAV_0196,227,-0.3303580770383245,-0.16103192163644656,0.0,0.8093889113724534,-0.22386163079261823,-0.5500910778247353,0.0,0.0,-1.0458469567306656,-0.7519584666529011,-0.819765692287011,0.9695804667475966,-0.30838403029939837,0.0,0.48291114500180277,0.0,0.0,0.013009939258700042,0.21305300508178535,0.0,0.2890674683443898,-0.111424684935547,-0.25295531555072037,-2.0714941670136775,0.20234722784298487,-2.0180328368211504,0.0,0.21720565824568872
test,long,UAV_0196,228,-0.3303580770383245,0.7265680808141626,0.0,0.8093889113724534,-0.22386163079261823,-0.5500910778247353,0.0,0.0,-1.0458469567306656,-0.7519584666529011,-0.819765692287011,0.7588021044111156,0.6623540056248501,0.0,0.48291114500180277,0.0,0.0,0.040752288941593065,0.14431229631396575,0.0,0.1927116455661027,-0.0980537227432962,-0.25295531555072037,-2.0714941670136775,0.20234722784298487,-2.0180328368211504,0.0,0.19107811361466948
test,long,UAV_0196,229,-0.8825856871965456,0.7265680808141626,0.0,-0.4946265569499824,0.26705352629470475,-0.6759289060853119,0.0,0.0,-0.39910748355953346,-0.6122366631214304,-0.4825203125487249,0.4637123971401142,-0.30838403029939837,0.0,0.48291114500180277,0.0,0.0,0.04848466486073465,0.21305300508178535,0.0,0.1927116455661027,-0.111424684935547,-0.1868720194737952,-2.0714941670136775,0.5058680696074463,-2.0180328368211504,0.0,0.14056673480033471
test,long,UAV_0196,230,-0.8825856871965456,-0.24377457590295065,0.0,-0.4946265569499824,-0.22386163079261823,-0.6867150056505079,0.0,0.0,-0.1592385556993667,-0.6122366631214304,-0.4825203125487249,0.4637123971401142,-0.3099131916356594,0.0,0.37290435907477115,0.0,0.0,0.05005861091897813,0.6105548090541452,0.0,0.3854232911322054,-0.0980537227432962,-0.25295531555072037,-2.0909297776057496,0.5058680696074463,-1.9853961871690287,0.0,-0.0018570907375575494
test,long,UAV_0196,231,0.18530701871511895,-0.24377457590295065,0.0,-0.4946265569499824,-0.2664999857203139,-0.7492743831285925,0.0,0.0,-0.1592385556993667,-0.6122366631214304,-0.4825203125487249,0.4637123971401142,-0.3099131916356594,0.0,0.25450722506855633,0.0,0.0,0.05005861091897813,0.6105548090541452,0.0,0.1927116455661027,-0.111424684935547,-0.5138255877129249,-2.0909297776057496,0.4384189936598058,-1.9853961871690287,0.0,0.14056673480033471
test,long,UAV_0196,232,0.18530701871511895,1.0130689380761513,0.0,-0.4946265569499824,0.26705352629470475,-0.7492743831285925,0.0,0.0,-0.1592385556993667,0.6999423353868166,-0.4825203125487249,0.4637123971401142,-0.04892048174750838,0.0,0.17712957056049705,0.0,0.0,0.05005861091897813,0.2773123136498002,0.0,0.4817791139104925,-0.17530817096529275,-0.5138255877129249,-1.8426606500806153,-0.13489815189534426,-1.8222129389085926,0.0,0.14056673480033471
test,long,UAV_0196,233,0.21188099385930162,-0.3915941463939624,0.0,0.044966050632102475,-0.017297622069302864,-0.6867150056505079,0.0,0.0,0.14585722839135434,0.1040247240950124,-0.4825203125487249,0.9695804667475966,-0.3099131916356594,0.0,0.17712957056049705,0.0,0.0,0.08355929037227386,0.2773123136498002,0.0,0.4817791139104925,-0.17530817096529275,-0.6867057386035127,-1.7584076908523387,-0.06744907594767213,-1.8222129389085926,0.0,0.1381196897289001
test,long,UAV_0196,234,0.21188099385930162,-0.8920293953506783,0.0,1.3489815189545382,-0.017297622069302864,-0.6737716861722531,0.0,0.0,-0.1592385556993667,0.1040247240950124,-0.4807908490628992,0.9695804667475966,-0.04892048174750838,0.0,0.17712957056049705,-0.6744907594765952,0.0,0.08355929037227386,0.2773123136498002,0.0,0.4817791139104925,-0.24661996932405025,-0.6867057386035127,-1.7584076908523387,-0.06744907594767213,-1.8222129389085926,0.0,0.10594575690257593
test,long,UAV_0196,235,0.4472806644546894,0.2900904605924545,0.0,0.044966050632102475,-0.017297622069302864,-0.6219984082593318,0.0,0.0,0.14585722839135434,0.1040247240950124,-0.6347130993023744,0.632335087009299,-0.04892048174750838,0.0,0.11746487310856446,-0.6744907594765952,0.0,0.0061061293816928545,0.20128252577294825,0.0,0.4817791139104925,-0.24661996932405025,-0.6867057386035127,-1.653925506628833,-0.13489815189534426,-1.8222129389085926,0.0,0.1381196897289001
test,long,UAV_0196,236,0.4472806644546894,-1.047397018639782,0.0,0.08993210126375568,0.20685650083120607,-0.6219984082593318,0.0,0.0,0.9951762836101381,0.035409411823982107,-0.6347130993023744,0.9695804667475966,-0.04892048174750838,0.0,0.26382983404538984,-0.6744907594765952,0.0,0.0010842830241093696,0.2773123136498002,0.0,0.4817791139104925,-0.24661996932405025,-0.6229689861239223,-1.653925506628833,-0.06744907594767213,-1.833091822125932,0.0,0.10594575690257593
test,long,UAV_0196,237,0.22769555030832045,-1.4081813847508406,0.0,1.304015468322885,0.20685650083120607,-0.6219984082593318,0.0,0.0,0.14585722839135434,-0.17126577609977667,-0.6347130993023744,0.632335087009299,-0.1630505951769272,0.0,0.5565597559191506,-0.6744907594765952,0.0,-0.00426192431656667,0.47341060196124735,0.0,0.4817791139104925,-0.15302323397818335,-0.6229689861239223,-1.8670993049361089,0.0,-1.833091822125932,0.0,0.10594575690257593
test,long,UAV_0196,238,0.22769555030832045,-1.4081813847508406,0.0,0.8993210126362091,0.20685650083120607,-0.6953438853026125,0.0,0.0,-0.894657682484787,-0.17126577609977667,-0.7332925179951516,0.632335087009299,-0.1630505951769272,0.0,0.5584242777144514,-0.6744907594765952,0.0,-0.00426192431656667,0.5899959873761735,0.0,0.3854232911322054,-0.6418061852288175,-0.6229689861239223,-1.9110173695089816,0.0,-1.9092440046474803,0.0,0.40061099237576014
test,long,UAV_0196,239,0.26881814088482464,-0.7332656987994071,0.0,0.08993210126375568,-0.00315121664186196,-0.6953438853026125,0.0,0.0,0.6269495533297491,-0.2257771250160228,-0.7332925179951516,0.632335087009299,-0.1630505951769272,0.0,0.8119992418852473,-0.6744907594765952,0.0,0.005721474835171964,0.5899959873761735,0.0,0.3854232911322054,-0.15302323397818335,-0.7092774992707461,-2.2834133599653548,-0.13489815189534426,-1.9092440046474803,0.0,0.40061099237576014
test,long,UAV_0196,240,0.26881814088482464,-0.7332656987994071,0.0,0.8993210126362091,-0.00315121664186196,-0.6953438853026125,0.0,0.0,-0.17357299423966463,-0.2257771250160228,-0.7471282258818491,0.5901794145420027,0.16747819350247214,0.0,0.8119992418852473,0.0,0.0,0.005721474835171964,0.5899959873761735,0.0,0.3854232911322054,-0.15302323397818335,-0.6386952502354255,-2.2834133599653548,-0.10117361392150821,-1.952759537516976,0.0,0.09102421422289916
test,long,UAV_0196,241,0.26881814088482464,-0.7332656987994071,0.0,0.8993210126362091,-0.00315121664186196,-0.6953438853026125,0.0,0.0,-0.17357299423966463,-0.2257771250160228,-0.7332925179951516,0.5901794145420027,-0.1630505951769272,0.0,0.8119992418852473,0.0,0.0,0.005721474835171964,0.659651566193043,0.0,0.3854232911322054,-0.15302323397818335,-0.6386952502354255,-2.0614588475768874,-0.10117361392150821,-1.9146834462561502,0.0,0.13454627218167609
test,long,UAV_0196,242,0.3590812051508175,-0.699142798533924,0.0,0.26979630379126707,-0.4537839587207511,-0.6953438853026125,0.0,0.0,-0.17357299423966463,-0.2257771250160228,-0.7332925179951516,0.7166464319438194,-0.27933125784748525,0.0,0.6861440206976097,0.0,0.0,0.005721474835171964,0.7727131415183338,0.0,0.3854232911322054,-0.4174711528919137,-0.6386952502354255,-2.0614588475768874,-0.10117361392150821,-1.9146834462561502,0.0,0.13454627218167609
test,long,UAV_0196,243,0.8112560427523984,-0.15702003918385782,0.0,0.26979630379126707,-0.4537839587207511,-1.1088110353016079,0.0,0.0,0.08029372861597717,-1.0513145108077617,-0.7471282258818491,0.3794010522055218,-0.11377118154926683,0.0,0.6861440206976097,0.0,0.0,0.005721474835171964,0.5195993569914328,0.0,0.3854232911322054,-0.19016479562335334,-0.6322432684265603,-2.074396326238226,-0.10117361392150821,-1.898365121430141,0.0,0.13454627218167609
test,long,UAV_0196,244,0.3590812051508175,0.10171339721896315,0.0,0.26979630379126707,-0.026051668179506476,-1.1138445484320676,0.0,0.0,0.08029372861597717,-1.0513145108077617,-0.9235335014372653,0.3794010522055218,-0.11377118154926683,0.0,0.52859192898854,0.0,0.0,-0.004744874314850589,0.5195993569914328,0.0,0.1927116455661027,-0.19016479562335334,-0.6322432684265603,-2.074396326238226,-0.033724537973836066,-1.8657284717780538,0.0,0.15473250561848978
test,long,UAV_0196,245,0.1777845486394941,0.8920648900744532,0.0,0.13489815189585816,-0.0051821190104668876,-1.1138445484320676,0.0,0.0,0.08029372861597717,-0.8714482030674061,-1.003088821785799,0.7166464319438194,-0.27933125784748525,0.0,0.5248628853977186,0.0,0.0,-0.004744874314850589,0.5195993569914328,0.0,0.3854232911322054,-0.19016479562335334,-0.6322432684265603,-2.075803233824319,-0.033724537973836066,-1.8657284717780538,0.0,0.24040725303189878
test,long,UAV_0196,246,0.1777845486394941,0.8920648900744532,0.0,0.13489815189585816,-0.026051668179506476,-1.1138445484320676,0.0,0.0,0.383069550545398,-0.8714482030674061,-1.20197712265711,0.08431134493452042,-0.27933125784748525,0.0,0.5677468866913948,0.0,0.0,0.007845462067825756,0.5195993569914328,0.0,0.5781349366983082,-0.1292526345252271,-0.9874808428169775,-2.1508201546527497,0.0,-1.8657284717780538,0.0,0.3155189125865731
test,long,UAV_0196,247,-0.9984786113071955,0.10171339721896315,0.0,0.13489815189585816,-0.026051668179506476,-1.0023881862583972,0.0,0.0,0.503248215661794,-1.0512262210981955,-1.20197712265711,0.08431134493452042,-0.11377118154926683,0.0,0.26382983404538984,0.0,0.0,0.007845462067825756,0.39715325229579945,0.0,0.5781349366983082,-0.1292526345252271,-0.9874808428169775,-2.5209378532555693,0.06744907594764059,-1.751500197995714,0.0,0.3155189125865731
test,long,UAV_0196,248,-0.9984786113071955,0.08026037690315378,0.0,-1.304015468322885,-0.0051821190104668876,-0.9606819346063625,0.0,0.0,0.383069550545398,-0.8714482030674061,-1.003088821785799,0.7588021044111156,0.1375889239601721,0.0,0.26382983404538984,0.0,0.0,0.007845462067825756,0.30470845150047593,0.0,0.2890674683443898,-0.06536914849555553,-0.9874808428169775,-2.5209378532555693,0.06744907594764059,-1.887486238212767,0.0,0.3155189125865731
test,long,UAV_0196,249,-1.2098303723836161,0.08026037690315378,0.0,-0.4946265569499824,-0.7377029947588166,-0.8334059597370692,0.0,0.0,-0.1321883834454642,-0.7769016792956409,-1.003088821785799,0.9695804667475966,-0.7826164251172913,0.0,0.28993313918069974,0.0,0.0,0.03434490661467855,0.39715325229579945,0.0,0.5781349366983082,-0.06536914849555553,-0.7586854678097169,-2.1420905167094264,0.033724537973836066,-2.0452300448645335,0.0,0.3155189125865731
test,long,UAV_0196,250,-1.2098303723836161,0.08026037690315378,0.0,-0.4946265569499824,-0.7377029947588166,-0.6867150056505079,0.0,0.0,0.503248215661794,-0.7769016792956409,-0.8214951557728597,0.9695804667475966,-0.42849527938235366,0.0,0.5677468866913948,0.0,0.0,0.029112772372415347,0.39715325229579945,0.0,0.2890674683443898,-0.1292526345252271,-0.5897182367334219,-2.228777348632332,0.033724537973836066,-2.0452300448645335,0.0,0.3155189125865731
test,long,UAV_0196,251,-0.6534578020834898,0.08026037690315378,0.0,0.044966050632102475,0.01167180488513051,-0.8334059597370692,0.0,0.0,0.503248215661794,-0.7769016792956409,-0.7834469590844186,0.9695804667475966,-0.2106175713809148,0.0,0.3579881847118155,0.0,0.0,0.03434490661467855,0.39715325229579945,0.0,0.2890674683443898,0.3461593545331562,-0.522231926558147,-2.228777348632332,0.033724537973836066,-2.0452300448645335,0.0,0.14690787190667925
test,long,UAV_0196,252,-0.5488334860154763,-0.0035498046109773795,0.0,0.044966050632102475,0.25854792428781304,-0.6867150056505079,0.0,0.0,-0.1321883834454642,-0.11713090977070525,-0.8214951557728597,1.1803588290840055,-0.2106175713809148,0.0,0.6385987149155717,0.0,0.0,0.03434490661467855,0.6977675746386469,0.0,0.3854232911322054,0.3461593545331562,-0.4117993653962503,-2.228777348632332,0.0,-2.050669486473203,0.0,-0.050826345395511355
test,long,UAV_0196,253,-0.16580998285986417,-0.0035498046109773795,0.0,0.044966050632102475,0.01167180488513051,-0.8334059597370692,0.0,0.0,-0.5951774957865456,-0.11713090977070525,-0.7834469590844186,1.3489815189531904,-0.42849527938235366,0.0,0.7569958489217865,0.0,0.0,0.03371260443368755,0.6977675746386469,0.0,0.3854232911322054,0.10399637260657237,-0.40800292372102503,-2.228777348632332,-0.1686226898691488,-2.050669486473203,0.0,-0.050826345395511355
test,long,UAV_0196,254,-0.06363700775314333,-0.0035498046109773795,0.0,0.044966050632102475,0.27077092199357816,-1.2339297902578261,0.0,0.0,-0.21141667701226902,-0.038163015743592946,-0.7834469590844186,1.1803588290840055,-0.42849527938235366,0.0,0.6385987149155717,0.0,0.0,0.029112772372415347,0.6977675746386469,0.0,0.3854232911322054,0.10399637260657237,-0.4117993653962503,-2.3148151581071277,0.0,-2.1812160850815863,0.0,0.19296482883853333
test,long,UAV_0196,255,0.21039773550927918,-0.0035498046109773795,0.0,0.0,0.27077092199357816,-1.2339297902578261,0.0,0.0,-0.21141667701226902,-0.038163015743592946,-0.7834469590844186,0.7588021044111156,-0.4014646782132747,0.0,0.6385987149155717,0.0,0.0,0.03371260443368755,0.6977675746386469,0.0,0.3854232911322054,0.10399637260657237,-0.3890346980902603,-2.3148151581071277,-0.1686226898691488,-2.050669486473203,0.0,-0.050826345395511355
test,long,UAV_0196,256,0.21039773550927918,-0.6676843301522684,0.0,-0.4946265569499824,0.2197000597263485,-1.2360870101709012,0.0,0.0,-0.21141667701226902,0.910503251576238,-0.8042005209144879,1.0960474841494132,-0.4014646782132747,0.0,0.6385987149155717,0.0,0.0,0.015316601218355274,0.5753550459678596,0.0,0.3854232911322054,-0.31793176768280773,-0.3890346980902603,-2.0777906451120494,-0.1686226898691488,-2.050669486473203,0.0,0.1817749321722339
test,long,UAV_0196,257,0.21039773550927918,0.25411510255917197,0.0,-0.4946265569499824,-0.25236200418746907,-1.3230948799967461,0.0,0.0,-0.1289188618631195,0.910503251576238,-0.7384809084526517,1.0960474841494132,-0.7177926035519334,0.0,0.7989475893178124,-0.6744907594765952,0.0,0.015316601218355274,0.5753550459678596,0.0,0.3854232911322054,-0.31793176768280773,-0.3890346980902603,-2.0104879647861598,-0.1686226898691488,-1.9908356287776638,0.0,0.19296482883853333
test,long,UAV_0196,258,0.1859639284971972,0.25411510255917197,0.0,0.0,0.2197000597263485,-1.2360870101709012,0.0,0.0,-0.10048356213458844,1.489465924758606,-0.8042005209144879,1.0960474841494132,-0.4014646782132747,0.0,0.7989475893178124,-0.6744907594765952,0.0,0.024171449768985224,0.5753550459678596,0.0,0.4817791139104925,-0.31793176768280773,-0.41455360551645387,-2.0777906451120494,0.0,-2.0289117200384896,0.0,0.19296482883853333
test,long,UAV_0196,259,0.08983522327294145,0.005985793834103905,0.0,-0.08993210126375568,-0.25236200418746907,-1.2360870101709012,0.0,0.0,-0.10048356213458844,1.489465924758606,-0.8024710574286622,1.0960474841494132,0.14644891362511825,0.0,0.7989475893178124,-0.6744907594765952,0.0,0.024272770255026603,0.5021435041317348,0.0,0.4817791139104925,-0.31793176768280773,-0.41455360551645387,-2.0777906451120494,-0.30352084176449307,-1.9908356287776638,0.0,0.1817749321722339
test,long,UAV_0196,260,-0.8802484049818001,-0.2282776114161683,0.0,-0.08993210126375568,-0.25236200418746907,-1.2360870101709012,0.0,0.0,-0.10048356213458844,1.489465924758606,-0.8042005209144879,1.1382031566167095,0.14644891362511825,0.0,0.5136757546254744,-0.6744907594765952,0.0,0.024272770255026603,0.5021435041317348,0.0,0.5781349366983082,-0.28524719343502997,-0.41455360551645387,-2.178846762279545,0.0,-1.9853961871690287,0.0,0.1817749321722339
test,long,UAV_0196,261,-0.8802484049818001,-0.2282776114161683,0.0,-0.08993210126375568,0.4238215661455939,-1.185032805562322,0.0,0.0,0.791417154188021,0.8267704940189278,-0.864731742918801,1.1382031566167095,0.14644891362511825,0.0,0.8474251559976107,-0.6744907594765952,0.0,0.058857520153544556,0.5021435041317348,0.0,0.5781349366983082,-0.1069676975381548,-0.41455360551645387,-2.2522538307728994,0.0,-1.9853961871690287,0.0,0.4294572078635187
test,long,UAV_0196,262,-0.8802484049818001,-0.42039954204048213,0.0,-0.08993210126375568,0.4238215661455939,-1.185032805562322,0.0,0.0,0.40143462056029655,0.8267704940189278,-0.864731742918801,1.2225145015513017,0.14644891362511825,0.0,1.0721000323400358,-0.6744907594765952,0.0,0.058857520153544556,0.458286171797161,0.0,0.5781349366983082,-0.28524719343502997,-0.9655543531384121,-2.317075442603901,0.0,-2.0289117200384896,0.0,-0.09450059674311204
test,long,UAV_0196,263,-1.3357373947138425,-0.42039954204048213,0.0,-0.08993210126375568,0.22905790680074317,-1.185032805562322,0.0,0.0,0.40143462056029655,0.13224846933489062,-0.864731742918801,1.0960474841494132,0.44736261028075647,0.0,1.0124353348881032,0.0,0.0,0.03187820165903261,0.458286171797161,0.0,0.5781349366983082,-0.019313612055489867,-0.9655543531384121,-2.398095809941703,0.30352084176446154,-2.001714511995107,0.0,-0.23354135790199126
test,long,UAV_0196,264,-1.3357373947138425,-0.42039954204048213,0.0,0.22483025315961386,0.4238215661455939,-0.8715168448674262,0.0,0.0,0.40143462056029655,-0.1384743447452921,-1.0480548724175889,1.1382031566167095,-0.16613983430009469,0.0,1.0124353348881032,0.0,0.0,0.03187820165903261,0.7005657414055659,0.0,0.5781349366983082,-0.019313612055489867,-0.36798343461229027,-2.317075442603901,0.30352084176446154,-2.0941850193426985,0.0,-0.09450059674311204
test,long,UAV_0196,265,-0.3957324218986213,-0.42039954204048213,0.0,0.22483025315961386,0.4238215661455939,-0.7845089750415487,0.0,0.0,0.40143462056029655,-0.1384743447452921,-1.0480548724175889,1.1382031566167095,0.44736261028075647,0.0,1.0124353348881032,0.0,0.0,0.03187820165903261,0.40580524171269966,0.0,0.4817791139104925,-0.12330998466198803,-0.7398264523770774,-2.2522538307728994,0.06744907594764059,-2.159458318646873,0.0,0.1700065520952298
test,long,UAV_0196,266,-1.0719318391469868,-0.41656898952880744,0.0,0.22483025315961386,0.22905790680074317,-0.7845089750415487,0.0,0.0,0.40143462056029655,-0.1384743447452921,-0.9892531138991244,1.1382031566167095,-0.16613983430009469,0.0,1.0021804650135093,0.0,0.0,0.03187820165903261,0.7662130634506744,0.0,0.5781349366983082,-0.12330998466198803,-0.6145168803611679,-2.317075442603901,0.06744907594764059,-2.3715965413854745,0.0,-0.09450059674311204
test,long,UAV_0196,267,-0.008380085891406704,0.20003082122567015,0.0,-0.04496605063165321,-0.006560588357787557,-0.7845089750415487,0.0,0.0,0.3380250443346731,-0.1862205699609984,-1.0480548724175889,1.0117361392148208,0.44736261028075647,0.0,0.9965868996273872,0.0,0.0,0.03187820165903261,0.7662130634506744,0.0,0.5781349366983082,-0.12330998466198803,-0.36798343461229027,-2.3383917392431672,0.06744907594764059,-2.4586276071243964,0.0,0.1700065520952298
test,long,UAV_0196,268,0.15073917245348742,0.20003082122567015,0.0,-0.04496605063165321,-0.006560588357787557,-0.7845089750415487,0.0,0.0,0.653226844395898,-0.1862205699609984,-0.9892531138991244,1.1382031566167095,-0.16613983430009469,0.0,0.4968950584671081,0.0,0.0,0.02145080055750382,0.696288368659374,0.0,0.5781349366983082,-0.12330998466198803,-0.36798343461229027,-2.3383917392431672,0.0,-2.4586276071243964,0.0,0.1700065520952298
test,long,UAV_0196,269,-0.008380085891406704,-0.15036401808422736,0.0,-0.04496605063165321,-0.2239982344024733,-0.9448623219107232,0.0,0.0,0.653226844395898,-0.1862205699609984,-0.819765692287011,0.4637123971401142,0.2670833512477581,0.0,0.46985949243425784,0.0,0.0,0.05637543539300451,0.696288368659374,0.0,0.4817791139104925,-0.12182432219621536,-0.6145168803611679,-2.3383917392431672,-0.06744907594767213,-2.377035982994144,0.0,-0.10064387791638309
test,long,UAV_0196,270,-0.5701274264988521,-0.15036401808422736,0.0,0.8993210126362091,-0.48439205720418216,-1.3194995134750032,0.0,0.0,0.20016699778158548,-0.1862205699609984,-0.7471282258818491,0.4637123971401142,0.036181704553008245,0.0,0.4968950584671081,0.0,0.0,0.02145080055750382,0.696288368659374,0.0,0.4817791139104925,0.09508239781175086,-0.6145168803611679,-2.3383917392431672,0.0,-2.3715965413854745,0.0,-0.10064387791638309
test,long,UAV_0196,271,0.15073917245348742,0.20003082122567015,0.0,0.8993210126362091,-0.48439205720418216,-1.0491279510409242,0.0,0.0,-0.4606772332015329,-0.6481713948639761,-0.7471282258818491,1.0960474841494132,0.036181704553008245,0.0,0.4968950584671081,0.0,0.0,0.02145080055750382,0.696288368659374,0.0,0.3854232911322054,0.09508239781175086,-0.4855245344480909,-2.236503758620873,0.0,-2.2519288259944648,0.0,-0.1174787830379611
test,long,UAV_0196,272,0.15073917245348742,-0.15036401808422736,0.0,1.1241512657953736,-0.48439205720418216,-1.1497982136493659,0.0,0.0,0.20016699778158548,-0.6569685397710012,-0.7471282258818491,1.1382031566167095,-0.22705065360978224,0.0,0.47545305782037994,0.0,0.0,0.044506692391283936,0.7447133857768927,0.0,0.3854232911322054,0.6373491978314253,-0.7330460248464306,-2.236503758620873,0.033724537973836066,-2.2519288259944648,0.0,-0.22191812065247102
test,long,UAV_0196,273,0.4694972217169524,1.281759673704477,0.0,0.8993210126362091,-0.735351116456003,-1.1497982136493659,0.0,0.0,-0.45728935457424785,-0.6569685397710012,-0.9892531138991244,1.1803588290840055,-0.22705065360978224,0.0,0.9993836823204483,0.0,0.0,0.044506692391283936,0.7447133857768927,0.0,0.3854232911322054,0.6373491978314253,-0.7330460248464306,-2.236503758620873,0.033724537973836066,-2.2519288259944648,0.0,-0.22191812065247102
test,long,UAV_0196,274,0.4694972217169524,1.281759673704477,0.0,1.1691173164274762,-0.735351116456003,-1.0491279510409242,0.0,0.0,-0.21770275871181405,-1.0103523682740823,-1.0428664819600657,1.2225145015513017,-0.22705065360978224,0.0,0.9993836823204483,0.0,0.0,0.044506692391283936,0.7284259697888532,0.0,0.7708465822596466,0.6774620844082518,-0.7330460248464306,-2.32637038780412,0.033724537973836066,-2.279126034037917,0.0,-0.1174787830379611
test,long,UAV_0196,275,0.5785044139184043,0.49637935778909553,0.0,0.35972840505502274,-0.226891152379303,-1.0491279510409242,0.0,0.0,-0.21770275871181405,-1.0103523682740823,-1.0618905803042864,1.1803588290840055,-0.3372250126440043,0.0,0.824118633555252,0.6744907594765952,0.0,0.044506692391283936,0.7284259697888532,0.0,0.7708465822596466,0.25553394411890884,-0.4855245344480909,-2.612784329575876,-0.10117361392150821,-2.30088380047263,0.0,-0.1174787830379611
test,long,UAV_0196,276,0.5785044139184043,0.15829550221658228,0.0,0.35972840505502274,-0.7146762695038297,-0.6126504553028526,0.0,0.0,0.25890924018941297,-0.9329421555060652,-1.0618905803042864,1.1803588290840055,-0.22705065360978224,0.0,0.824118633555252,0.6744907594765952,0.0,0.020297178653425507,0.6497630233063312,0.0,0.7708465822596466,0.25553394411890884,-0.7447483689650337,-2.612784329575876,-0.10117361392150821,-2.30088380047263,0.0,-0.32793053078353684
test,long,UAV_0196,277,0.5785044139184043,0.15829550221658228,0.0,-1.034219164531618,-0.458177084273431,-0.6126504553028526,0.0,0.0,-0.216734548079343,-0.41755762548927117,-0.9892531138991244,1.1382031566167095,-0.15877967875052248,0.0,0.9630255073106545,-0.6744907594765952,0.0,0.020297178653425507,0.6497630233063312,0.0,0.5781349366983082,0.25553394411890884,-0.4821382169165986,-2.61282127271049,-0.20234722784301643,-2.30088380047263,0.0,-0.45518933782173104
test,long,UAV_0196,278,0.8213870843708461,0.06714156909896624,0.0,0.35972840505502274,-0.226891152379303,-0.829810593215359,0.0,0.0,-0.216734548079343,-0.41755762548927117,-0.9235335014372653,1.0960474841494132,-0.15877967875052248,0.0,0.9630255073106545,-0.6744907594765952,0.0,-0.004131694062775342,0.6534620697241665,0.0,0.5781349366983082,0.7918580942754184,-0.7740989734319625,-2.61282127271049,-0.20234722784301643,-2.4477487239070226,0.0,-0.31713114294847117
test,long,UAV_0196,279,0.8213870843708461,-0.25608625841708466,0.0,0.08993210126375568,0.27101328985104345,-1.1613033865189037,0.0,0.0,0.25890924018941297,0.3100213727346682,-0.6502782706749206,1.0960474841494132,-0.15877967875052248,0.0,0.9956546387297368,0.0,0.0,-0.004131694062775342,0.6534620697241665,0.0,0.5781349366983082,0.39370055343903165,-0.5811914856300356,-2.3769881284079046,-0.10117361392150821,-2.5130220232112315,0.0,-0.31713114294847117
test,long,UAV_0196,280,1.0705281002317608,-0.588395638077678,0.0,0.08993210126375568,0.007364567468580263,-0.829810593215359,0.0,0.0,0.5168779088894131,0.3100213727346682,-0.6502782706749206,1.0960474841494132,-0.15877967875052248,0.0,1.0273515092510588,-1.3489815189531904,0.0,0.03864460316599179,0.7492918615112188,0.0,0.5781349366983082,0.39370055343903165,-0.5811914856300356,-2.3769881284079046,-0.10117361392150821,-2.4477487239070226,0.0,-0.31713114294847117
test,long,UAV_0196,281,1.0705281002317608,-0.588395638077678,0.0,0.6744907594765952,0.007364567468580263,-1.1613033865189037,0.0,0.0,-0.216734548079343,0.3100213727346682,-0.8802969142913472,1.0960474841494132,0.028221179948490785,0.0,0.9956546387297368,-0.6744907594765952,0.0,0.03864460316599179,0.7492918615112188,0.0,0.5781349366983082,0.39370055343903165,-0.2058289968234628,-2.4588568810830367,-0.20234722784301643,-2.4477487239070226,0.0,-0.03041076552209884
test,long,UAV_0196,282,0.13379464865791876,-0.25608625841708466,0.0,0.6744907594765952,0.007364567468580263,-1.1613033865189037,0.0,0.0,-0.7276272493871218,0.6482583492960302,-0.9235335014372653,1.0960474841494132,-0.3560492191327794,0.0,0.9956546387297368,-0.6744907594765952,0.0,0.03864460316599179,0.7492918615112188,0.0,0.5781349366983082,-0.30901779288794917,-0.5811914856300356,-2.3769881284079046,-0.10117361392150821,-2.257368267603135,0.0,0.2826352997770895
test,long,UAV_0196,283,0.13379464865791876,-0.25608625841708466,0.0,0.08993210126375568,0.007364567468580263,-0.9268854893020577,0.0,0.0,-0.7979770139212398,0.3100213727346682,-0.9892531138991244,1.0960474841494132,-0.40860532101740704,0.0,0.6479213238924052,-0.6744907594765952,0.0,0.03864460316599179,0.7463051523744038,0.0,0.3854232911322054,-0.30901779288794917,-0.5811914856300356,-2.3769881284079046,-0.40469445568600126,-2.257368267603135,0.0,0.2826352997770895
test,long,UAV_0196,284,0.36935810985736917,-0.16957604369970608,0.0,0.6744907594765952,-0.44666848207293325,-0.8887746041717334,0.0,0.0,-0.7979770139212398,0.6482583492960302,-0.9892531138991244,1.2225145015513017,-0.40860532101740704,0.0,0.5658823648958742,-0.6744907594765952,0.0,0.033149811179516,0.7463051523744038,0.0,0.3854232911322054,-0.626949560570794,-0.7809075801086127,-2.4588568810830367,-0.40469445568600126,-2.257368267603135,0.0,0.2826352997770895
test,long,UAV_0196,285,0.12571717883173159,-0.16957604369970608,0.0,-0.17986420252751137,-0.44666848207293325,-0.9268854893020577,0.0,0.0,-0.7979770139212398,0.6482583492960302,-0.9684995520690782,0.9695804667475966,0.21907599703569236,0.0,0.5658823648958742,-0.6744907594765952,0.0,0.033149811179516,0.4651684807984688,0.0,0.3854232911322054,-0.30901779288794917,-0.7809075801086127,-2.6386020802779315,-0.40469445568600126,-2.257368267603135,0.0,0.44231278916691913
test,long,UAV_0196,286,0.36935810985736917,-0.16957604369970608,0.0,-0.719456810109147,-0.21699377561315458,-0.8887746041717334,0.0,0.0,-0.22945448136538665,0.2684774865724654,-0.9892531138991244,0.843113449345708,-0.40860532101740704,0.0,0.5658823648958742,-0.6744907594765952,0.0,0.01633894116397788,0.4651684807984688,0.0,0.5781349366983082,0.1604515463071951,-1.0041187864879189,-2.530828447463327,-0.3709699177121652,-2.41511207425497,0.0,0.5529417243198655
test,long,UAV_0196,287,1.2292795873778013,-0.7549501674903073,0.0,-0.719456810109147,-0.014424486872352009,-0.8456302059109493,0.0,0.0,0.02937528791214523,0.24173145500438747,-1.1449048276244944,0.6744907594765952,0.21907599703569236,0.0,0.5658823648958742,-0.6744907594765952,0.0,0.01633894116397788,0.4651684807984688,0.0,0.6744907594765952,0.1604515463071951,-0.8225339517999756,-2.5983512699381714,-0.3709699177121652,-2.41511207425497,0.0,0.5529417243198655
test,long,UAV_0196,288,0.36935810985736917,-0.16957604369970608,0.0,-0.26979630379126707,-0.014424486872352009,-0.8887746041717334,0.0,0.0,0.15718098623415339,0.24173145500438747,-0.9684995520690782,0.843113449345708,0.5831321427419105,0.0,0.5658823648958742,-0.6744907594765952,0.0,0.0320299667444131,0.8532324395454044,0.0,0.6744907594765952,0.1604515463071951,-0.7809075801086127,-2.6355059783767154,-0.20234722784301643,-2.3443993333420914,0.0,0.5529417243198655
test,long,UAV_0196,289,0.12571717883173159,0.23890087485939032,0.0,-0.26979630379126707,-0.014424486872352009,-0.8456302059109493,0.0,0.0,0.15718098623415339,-0.7456056405682043,-0.9131567205222422,0.632335087009299,0.5831321427419105,0.0,0.7644539361033194,-0.6744907594765952,0.0,0.0320299667444131,0.7774374178263936,0.0,0.6744907594765952,0.1604515463071951,-0.7753441613739603,-2.6355059783767154,-0.20234722784301643,-2.3443993333420914,0.0,0.44231278916691913
test,long,UAV_0196,290,-0.12281557980475737,0.23890087485939032,0.0,-0.4946265569499824,-0.014424486872352009,-0.7988904411284876,0.0,0.0,0.02937528791214523,0.13937282993110173,-0.9131567205222422,0.632335087009299,0.34445604944998787,0.0,0.7644539361033194,-1.3489815189531904,0.0,0.01633894116397788,0.7774374178263936,0.0,0.7708465822596466,0.18422214576015136,-0.7868221989954226,-2.6355059783767154,0.06744907594764059,-2.3443993333420914,0.0,0.22440657652968274
test,long,UAV_0196,291,-0.12281557980475737,-0.7549501674903073,0.0,-0.4946265569499824,-0.014424486872352009,-0.7988904411284876,0.0,0.0,0.15718098623415339,0.13937282993110173,-0.9131567205222422,0.632335087009299,0.34445604944998787,0.0,0.7644539361033194,-1.3489815189531904,0.0,0.0320299667444131,0.7774374178263936,0.0,0.7708465822596466,0.18422214576015136,-0.7868221989954226,-2.6355059783767154,-0.20234722784301643,-2.3443993333420914,0.0,0.22440657652968274
test,long,UAV_0196,292,-0.12281557980475737,0.011904858914589691,0.0,-0.26979630379126707,0.44324741222974845,-0.7988904411284876,0.0,0.0,0.15718098623415339,0.13937282993110173,-0.7799880321127443,1.1382031566167095,-0.29897676251727073,0.0,0.8064056764992352,-0.6744907594765952,0.0,0.0320299667444131,0.7774374178263936,0.0,0.7708465822596466,0.4041001906996629,-0.7868221989954226,-2.6431712840628308,-0.269796303790657,-2.30088380047263,0.0,0.16351618830454176
test,long,UAV_0196,293,0.1530894834775803,-0.2647797401479897,0.0,-0.40469445568667595,0.2625722967484611,-0.7988904411284876,0.0,0.0,0.03367149681668949,0.13937282993110173,-0.7799880321127443,1.053891811682189,-0.3912588810611955,0.0,0.8064056764992352,-1.3489815189531904,0.0,0.04384328752936399,0.7568978141954988,0.0,0.7708465822596466,0.18422214576015136,-0.7868221989954226,-2.6431712840628308,-0.269796303790657,-2.30088380047263,0.0,0.16351618830454176
test,long,UAV_0196,294,0.1530894834775803,-0.2647797401479897,0.0,-0.40469445568667595,0.2625722967484611,-0.7988904411284876,0.0,0.0,0.631715076833204,0.13937282993110173,-0.985794186927427,1.053891811682189,-0.29897676251727073,0.0,0.8064056764992352,-0.6744907594765952,0.0,0.04893264475793084,0.7568978141954988,0.0,0.6744907594765952,0.4041001906996629,-0.8390749630391551,-2.6431712840628308,0.0,-2.30088380047263,0.0,0.16351618830454176
test,long,UAV_0196,295,0.5597510708198757,0.011904858914589691,0.0,-0.40469445568667595,-0.7109682360870085,-1.0922723493016755,0.0,0.0,0.7248851923873377,-0.28119107512652525,-0.9909825773849041,1.053891811682189,-0.29897676251727073,0.0,0.9014962880633112,-0.6744907594765952,0.0,0.04893264475793084,1.026088414904098,0.0,0.6744907594765952,0.5734657118017166,-0.8443428660727391,-2.6431712840628308,-0.269796303790657,-2.453188165515692,0.0,0.16351618830454176
test,long,UAV_0196,296,0.5597510708198757,0.011904858914589691,0.0,-0.40469445568667595,-0.25498652233101526,-1.0922723493016755,0.0,0.0,0.7248851923873377,-0.28119107512652525,-0.985794186927427,1.1382031566167095,-0.06264795849677997,0.0,1.0208256829671765,-0.6744907594765952,0.0,0.04384328752936399,1.1461253592568272,0.0,0.6744907594765952,0.5734657118017166,-0.8443428660727391,-2.658648149080723,0.0,-2.453188165515692,0.0,0.15738423849959693
test,long,UAV_0196,297,0.2968598751609864,-0.11178189871341716,0.0,-0.40469445568667595,-0.46522637187846566,-0.9872876468671489,0.0,0.0,0.9168246622749949,-0.1082794065620752,-0.985794186927427,1.1382031566167095,-0.06264795849677997,0.0,1.0208256829671765,0.0,0.0,0.014458456302555678,1.1461253592568272,0.0,0.6744907594765952,0.0445698739741817,-1.1337296705848816,-2.658648149080723,0.0,-2.453188165515692,0.0,0.038859650723925325
test,long,UAV_0196,298,0.2968598751609864,-0.11178189871341716,0.0,0.17986420252706212,-0.7109682360870085,-0.9872876468671489,0.0,0.0,0.9168246622749949,-0.1082794065620752,-0.9909825773849041,1.2225145015513017,0.2181477808189193,0.0,1.0208256829671765,0.0,0.0,0.014458456302555678,1.1461253592568272,0.0,0.6744907594765952,-0.4843259638532048,-1.1693727560417881,-2.658648149080723,-0.20234722784301643,-2.5674164392980665,0.0,0.13278067839146185
test,long,UAV_0196,299,0.9601834029090542,-0.26635016506620485,0.0,-0.22483025315916458,-0.7109682360870085,-1.0922723493016755,0.0,0.0,0.8090331073142927,-0.1082794065620752,-0.6571961246182924,1.2225145015513017,0.2181477808189193,0.0,0.9798062034690208,0.0,0.0,0.014458456302555678,1.0433972915869116,0.0,0.7708465822596466,-0.4843259638532048,-1.2139233553447644,-2.765386890164034,-0.269796303790657,-2.5782953225154057,0.0,0.13278067839146185
test,long,UAV_0196,300,0.2968598751609864,-0.26635016506620485,0.0,0.17986420252706212,-0.46522637187846566,-0.9872876468671489,0.0,0.0,0.4466457585595716,0.2687980925816695,-0.6571961246182924,1.2225145015513017,-0.06264795849677997,0.0,0.9798062034690208,0.0,0.0,0.052836919821430864,0.6455779264770926,0.0,0.7708465822596466,-0.4843259638532048,-1.1693727560417881,-2.5752349084066477,-0.20234722784301643,-2.5782953225154057,0.0,-0.16674632040467688
test,long,UAV_0196,301,-0.014613480433201416,-0.26635016506620485,0.0,0.17986420252706212,-0.7102816714096462,-0.8226198601719058,0.0,0.0,0.4466457585595716,0.07780144094516837,-1.0947503865351813,1.4332928638877107,-0.34500018840344276,0.0,0.9798062034690208,0.0,0.0,0.052836919821430864,0.6455779264770926,0.0,0.7708465822596466,-0.5600947496094287,-1.1337296705848816,-2.4187321691162698,-0.20234722784301643,-2.5674164392980665,0.0,-0.2454736797529309
test,long,UAV_0196,302,-0.014613480433201416,0.29633169968858475,0.0,0.17986420252706212,-0.7102816714096462,-1.0577568306930287,0.0,0.0,-0.08760264017653831,0.9506139919456404,-1.0947503865351813,1.3068258464858222,-0.34500018840344276,0.0,0.9798062034690208,0.0,0.0,0.053155138551440315,0.6455779264770926,0.0,0.7708465822596466,-0.0534838487690403,-1.1693727560417881,-2.4187321691162698,-0.10117361392150821,-2.5837347641240758,0.0,-0.16674632040467688
test,long,UAV_0196,303,-0.014613480433201416,0.973078669934875,0.0,-0.22483025315916458,-0.21366838746664585,-1.0577568306930287,2.8695647601215146,0.0,-0.08760264017653831,0.07780144094516837,-1.0601611168184377,1.3068258464858222,-0.34500018840344276,0.0,0.9201415060169783,0.0,0.0,0.08656443265878422,0.6455779264770926,0.0,0.5781349366983082,-0.0534838487690403,-1.2652623543348964,-2.8148006545637365,-0.10117361392150821,-2.58917420573278,0.0,-0.16674632040467688
test,long,UAV_0196,304,-0.17681748487492244,0.973078669934875,0.0,-0.35972840505502274,0.004435546227950024,-0.8485064991283501,0.0,0.0,-0.08760264017653831,0.07780144094516837,-1.0601611168184377,1.4332928638877107,-0.34500018840344276,0.0,1.0329450746371809,0.0,0.0,0.08656443265878422,0.7711269838989613,0.0,0.5781349366983082,-0.01634228712387033,-1.1081048296696214,-2.494568270511431,-0.10117361392150821,-2.58917420573278,0.0,-0.2454736797529309
test,long,UAV_0196,305,-0.17681748487492244,0.29633169968858475,0.0,-0.35972840505502274,-0.21366838746664585,-1.0138933591279515,0.0,0.0,-0.08760264017653831,0.07560831437530247,-0.6520077341607923,1.3911371914204145,-0.06753717833727095,0.0,1.1215098599172646,0.0,0.0,0.04960257515498831,0.7711269838989613,0.0,0.6744907594765952,-0.01634228712387033,-1.082685278716427,-2.6298867550153426,-0.13489815189534426,-2.58917420573278,0.0,-0.24455544344375052
test,long,UAV_0196,306,0.01991497494414454,0.07970322568708414,0.0,0.13489815189585816,0.004435546227950024,-1.0577568306930287,2.8695647601215146,0.0,0.2898277944741891,0.07560831437530247,-0.6520077341607923,1.3068258464858222,0.12246559276212696,0.0,0.9201415060169783,0.0,0.0,0.04960257515498831,0.7304810976817014,0.0,0.6744907594765952,0.28376153096922024,-1.082685278716427,-2.9171181037041727,-0.30352084176449307,-2.605492530558789,0.0,-0.02892424153910113
test,long,UAV_0196,307,-0.17681748487492244,0.07970322568708414,0.0,0.13489815189585816,0.21903713288915472,-1.333880979561942,2.8695647601215146,0.0,0.2898277944741891,0.07560831437530247,-0.6520077341607923,1.2225145015513017,0.3504210263070283,0.0,1.1215098599172646,0.0,0.0,0.04187121166262918,0.7751769899666002,0.0,0.6744907594765952,0.28376153096922024,-0.984501705920301,-2.6298867550153426,-0.30352084176449307,-2.58917420573278,0.0,-0.24455544344375052
test,long,UAV_0196,308,-0.17681748487492244,-0.3563979804244867,0.0,0.6295247088453912,0.25108465049106293,-1.333880979561942,0.0,0.0,0.2898277944741891,0.07560831437530247,-0.6900559308492334,1.2225145015513017,0.3504210263070283,0.0,1.1215098599172646,-0.6744907594765952,0.0,0.021185044554197976,0.7751769899666002,0.0,0.6744907594765952,0.37141561645184806,-0.984501705920301,-2.6298867550153426,-0.30352084176449307,-2.469506490341736,0.0,-0.24455544344375052
test,long,UAV_0196,309,0.6416134031979522,-0.4420048739236529,0.0,0.6295247088453912,0.21903713288915472,-1.333880979561942,0.0,0.0,0.2898277944741891,0.07560831437530247,-0.8941326221780216,1.053891811682189,-0.046590982944948664,0.0,1.051590292590848,0.0,0.0,0.04187121166262918,0.7304810976817014,0.0,0.7708465822596466,0.28376153096922024,-1.077479664335971,-2.6644319290813243,-0.13489815189534426,-2.518461464819867,0.0,-0.24455544344375052
test,long,UAV_0196,310,0.7566500888227264,-0.4385939269389232,0.0,0.35972840505502274,0.25108465049106293,-1.333880979561942,0.0,0.0,-0.5933159707827165,-0.10117376265174023,-1.1933298052279355,1.053891811682189,-0.046590982944948664,0.0,1.051590292590848,0.0,0.0,0.021185044554197976,0.7751769899666002,0.0,0.6744907594765952,0.28376153096922024,-1.077479664335971,-2.8357850890432634,-0.10117361392150821,-2.518461464819867,0.0,-0.04426325489115017
test,long,UAV_0196,311,0.7566500888227264,-0.4385939269389232,0.0,0.6295247088453912,0.25108465049106293,-1.6157577148655917,0.0,0.0,-0.5933159707827165,-0.6933282712625628,-1.14663429111032,0.9274247942803003,-0.046590982944948664,0.0,1.2156682105838001,0.0,0.0,0.04187121166262918,0.9060394068023991,0.0,0.867202405042698,0.37141561645184806,-1.3091286169078609,-2.6644319290813243,-0.10117361392150821,-2.518461464819867,0.0,-0.19641794037668941
test,long,UAV_0196,312,0.7725465961450291,-0.4385939269389232,0.0,0.4046944556862267,0.00026190644985877047,-1.341790785909737,0.0,0.0,0.6742506107334358,-0.6933282712625628,-1.14663429111032,0.7166464319438194,-0.13571079174501322,0.0,1.051590292590848,0.0,0.0,0.026571000998035534,0.9060394068023991,0.0,0.9635582278257493,0.5571234246778463,-1.3091286169078609,-2.675775264061141,-0.033724537973836066,-2.5674164392980665,0.0,-0.19641794037668941
test,long,UAV_0196,313,0.7725465961450291,-0.4041802096623792,0.0,0.35972840505502274,0.00026190644985877047,-1.341790785909737,0.0,0.0,0.3730187865207206,-0.6696686683559572,-0.9460165267531603,0.7166464319438194,-0.06512550581087874,0.0,1.2156682105838001,0.0,0.0,0.026571000998035534,0.7020883117065316,0.0,0.867202405042698,0.5571234246778463,-1.1311777100867382,-2.8357850890432634,-0.10117361392150821,-2.600053088950119,0.0,-0.19641794037668941
test,long,UAV_0196,314,0.7725465961450291,-0.4041802096623792,0.0,0.4046944556862267,-0.47155894546303756,-1.6006571754743435,0.0,0.0,0.6742506107334358,-0.6696686683559572,-0.9460165267531603,1.3489815189531904,-0.5561566311203806,0.0,1.2249908195607435,0.0,0.0,0.026571000998035534,0.9060394068023991,0.0,0.4817791139104925,0.7472882203011996,-1.2759995373186743,-2.8357850890432634,-0.10117361392150821,-2.687084154689076,0.0,0.05187887992711009
test,long,UAV_0196,315,0.3359202270473841,-0.20355351650779066,0.0,0.4046944556862267,-0.47155894546303756,-1.6006571754743435,0.0,0.0,0.6742506107334358,-0.6696686683559572,-0.9390986728098115,1.3911371914204145,-0.06512550581087874,0.0,1.3294040401016531,0.0,0.0,0.026571000998035534,0.6766054981856761,0.0,1.156269873391852,0.5571234246778463,-1.2759995373186743,-2.811352676709664,-0.10117361392150821,-2.741478570775842,0.0,-0.19641794037668941
test,long,UAV_0196,316,-0.5140063807489398,0.01885704018344628,0.0,0.4046944556862267,-0.47155894546303756,-1.341790785909737,2.8695647601215146,0.0,0.3730187865207206,-0.5029408499943151,-0.9390986728098115,1.3911371914204145,-0.20742654406541555,0.0,1.2249908195607435,0.0,0.0,0.026571000998035534,0.6766054981856761,0.0,0.3854232911322054,0.48729728878482437,-1.2759995373186743,-2.811352676709664,0.033724537973836066,-2.687084154689076,0.0,0.05187887992711009
test,long,UAV_0196,317,-0.5140063807489398,-0.20355351650779066,0.0,-0.7644228607403509,-0.21405577003717804,-1.185751878866664,2.8695647601215146,0.0,0.3675451608405247,-0.5029408499943151,-0.9460165267531603,1.5176042088223032,-0.06512550581087874,0.0,1.2249908195607435,0.0,0.0,0.05315216516140459,0.6766054981856761,0.0,0.3854232911322054,0.48729728878482437,-1.2759995373186743,-2.811352676709664,0.033724537973836066,-2.741478570775842,0.0,0.12837613940161535
test,long,UAV_0196,318,-0.5140063807489398,0.01885704018344628,0.0,-0.7644228607403509,-0.21405577003717804,-1.185751878866664,2.8695647601215146,0.0,-0.06527881448025902,-0.29739039916584525,-0.9390986728098115,1.5176042088223032,0.20386439862644298,0.0,1.1326969906897286,-0.6744907594765952,0.0,0.05315216516140459,0.9681032064991563,0.0,0.2890674683443898,0.48729728878482437,-1.398725124842005,-2.673580313137178,0.033724537973836066,-2.741478570775842,0.0,0.05187887992711009
test,long,UAV_0196,319,-0.5140063807489398,0.01885704018344628,0.0,-0.7644228607403509,0.48139793341448606,-1.185751878866664,2.8695647601215146,0.0,-0.897410874264626,-0.29739039916584525,-1.1898708782562382,1.3489815189531904,0.6289489162194647,0.0,0.8017443720107634,-0.6744907594765952,0.0,0.05276463052328429,1.0131561988809104,0.0,0.4817791139104925,0.27633321864024557,-1.398725124842005,-2.673580313137178,0.033724537973836066,-2.806751870080051,0.0,-0.332821514559719
test,long,UAV_0196,320,-0.3929433576699984,-0.270206050095201,0.0,-1.1241512657953736,-0.21405577003717804,-1.2425586699099795,2.8695647601215146,0.0,-0.897410874264626,-0.22971114593908365,-1.224460147973005,1.3068258464858222,0.6289489162194647,0.0,0.8017443720107634,-0.6744907594765952,0.0,0.0638378858608024,1.039996095875722,0.0,0.4817791139104925,0.27633321864024557,-1.398725124842005,-2.673580313137178,0.0,-2.806751870080051,0.0,-0.15361591185275322
test,long,UAV_0196,321,-0.3929433576699984,-0.581418102336205,0.0,-1.1241512657953736,-0.21405577003717804,-1.3403526393010532,0.0,0.0,-0.527623388978755,-0.22971114593908365,-1.224460147973005,1.0960474841494132,0.6289489162194647,0.0,1.1326969906897286,-0.6744907594765952,0.0,0.05276463052328429,1.0131561988809104,0.0,0.867202405042698,0.07874011068780633,-1.1240664015279078,-2.72932230289162,-0.13489815189534426,-2.806751870080051,0.0,-0.15361591185275322
test,long,UAV_0196,322,-0.3929433576699984,-0.581418102336205,0.0,-0.44966050631877846,-0.22980786313967194,-1.3403526393010532,0.0,0.0,-0.527623388978755,0.574673440943509,-1.224460147973005,1.0960474841494132,0.4564788271911994,0.0,1.2781296907287938,-0.6744907594765952,0.0,0.026380803399552934,1.0351288356270383,0.0,0.9635582278257493,0.07874011068780633,-0.8620247181568922,-2.7321850479845784,-0.20234722784301643,-2.7360391291671724,0.0,-0.15523661913178477
test,long,UAV_0196,323,0.2681342427500972,-0.6530675983717343,0.0,-0.40469445568667595,-0.22980786313967194,-1.2547829160838597,2.8695647601215146,0.0,-0.4325137735548804,-0.22971114593908365,-1.224460147973005,1.0960474841494132,0.214590600670195,0.0,1.3722880413952194,0.0,0.0,0.026380803399552934,1.0131561988809104,0.0,0.9635582278257493,0.4308421150842387,-0.8015163617463053,-2.8234466031480383,-0.20234722784301643,-2.7360391291671724,0.0,-0.15523661913178477
test,long,UAV_0196,324,0.2681342427500972,-0.9027331140809314,0.0,-0.1348981518954089,-0.22980786313967194,-1.3403526393010532,2.8695647601215146,0.0,-0.4325137735548804,-0.22971114593908365,-1.2953681508923411,1.5597598812895994,-0.23384265095779805,0.0,1.4431398696195061,0.0,0.0,0.016744983834469877,1.0351288356270383,0.0,0.867202405042698,0.4308421150842387,-0.8620247181568922,-3.0447924388921046,-0.43841899365983733,-2.7360391291671724,0.0,-0.15361591185275322
test,long,UAV_0196,325,-0.11743885283383178,-1.1296831973922217,0.0,0.44966050631877846,0.24238254759800787,-1.2547829160838597,2.8695647601215146,0.0,-0.527623388978755,-0.6967087024288534,-1.2953681508923411,1.5597598812895994,-0.23384265095779805,0.0,1.3722880413952194,0.0,0.0,0.016744983834469877,0.9724281406096267,0.0,0.867202405042698,0.4308421150842387,-0.8562363458930992,-2.7321850479845784,-0.43841899365983733,-2.7523574539932847,0.0,0.07531832983242741
test,long,UAV_0196,326,0.5966178770093932,-1.1296831973922217,0.0,-0.1348981518954089,0.24238254759800787,-1.2547829160838597,2.8695647601215146,0.0,-0.24252954560432083,-0.6967087024288534,-1.2884502969489924,1.5597598812895994,0.214590600670195,0.0,1.2781296907287938,0.0,0.0,0.016744983834469877,1.0351288356270383,0.0,0.867202405042698,0.4308421150842387,-0.8620247181568922,-2.822622575919912,-0.40469445568600126,-2.779554662036668,0.0,0.008043452271804467
test,long,UAV_0196,327,-0.11743885283383178,-1.1296831973922217,0.0,-0.22483025315916458,0.24238254759800787,-1.2849839948664217,0.0,0.0,-0.5882816488455797,-0.6967087024288534,-1.2659672716330974,1.5597598812895994,-0.31261365611581327,0.0,1.2660102990590092,0.0,0.0,0.02357095853022551,0.9724281406096267,0.0,0.867202405042698,0.32387441754604684,-0.9445931911145555,-2.822622575919912,-0.1686226898691488,-2.779554662036668,0.0,0.008043452271804467
test,long,UAV_0196,328,-0.24129747614833927,0.09239538889606189,0.0,-0.22483025315916458,-0.21643420612376105,-1.3741490846053253,0.0,0.0,-0.5882816488455797,-0.8879282099193605,-1.2659672716330974,1.475448536355007,0.3071822584181293,0.0,1.2054133407094263,0.0,0.0,0.05718374483355726,0.9724281406096267,0.0,0.867202405042698,0.13519528438846617,-1.251573357500055,-2.822622575919912,-0.1686226898691488,-2.779554662036668,0.0,0.03780992841823991
test,long,UAV_0196,329,-0.11743885283383178,0.09239538889606189,0.0,-0.22483025315916458,-0.4743103664157904,-1.2849839948664217,0.0,0.0,-0.5206047926115478,-0.8879282099193605,-1.1397164371669943,0.8852691218130042,0.3071822584181293,0.0,1.2054133407094263,-0.6744907594765952,0.0,0.05718374483355726,0.9724281406096267,0.0,0.867202405042698,0.1871934706917709,-1.1977712573961516,-2.822622575919912,-0.033724537973836066,-2.7251602459498327,0.0,0.008043452271804467
test,long,UAV_0196,330,0.3033707036982478,0.09239538889606189,0.0,-0.6744907594765952,-0.9590968753028924,-1.2849839948664217,2.8695647601215146,0.0,-0.5206047926115478,-0.12146749337759492,-1.0342191645308914,0.8852691218130042,-0.15105420308329467,0.0,1.1420195996665623,-0.6744907594765952,0.0,0.05718374483355726,1.0004293741129011,0.0,0.867202405042698,0.13519528438846617,-1.1977712573961516,-2.9120931467710442,-0.033724537973836066,-2.7251602459498327,0.0,0.008043452271804467
test,long,UAV_0196,331,0.12251290182948353,0.09239538889606189,0.0,-0.22483025315916458,-1.1870257550504015,-1.1663368996492982,2.8695647601215146,0.0,-0.6688253465861852,-0.12146749337759492,-1.0342191645308914,1.0960474841494132,-0.15105420308329467,0.0,1.1420195996665623,-0.6744907594765952,0.0,0.05718374483355726,0.8709244541695781,0.0,0.867202405042698,0.13519528438846617,-1.1977712573961516,-2.9120931467710442,-0.06744907594767213,-2.7088419211237893,0.0,0.03780992841823991
test,long,UAV_0196,332,0.12251290182948353,0.02732350493925982,0.0,-0.6744907594765952,-1.228315413431151,-1.1663368996492982,2.8695647601215146,0.0,-0.6688253465861852,-0.12146749337759492,-0.9356397458381371,0.9274247942803003,-0.15105420308329467,0.0,1.1420195996665623,-0.6744907594765952,0.0,0.021077100730694298,0.8709244541695781,0.0,0.7708465822596466,0.08171143561942587,-1.1274394166004846,-2.9120931467710442,-0.06744907594767213,-2.7088419211237893,0.0,0.03780992841823991
test,long,UAV_0196,333,0.3033707036982478,-0.27285940233853917,0.0,-0.6295247088453912,-1.228315413431151,-1.0951486425190438,2.8695647601215146,0.0,-1.3508282436966519,-0.12146749337759492,-0.9356397458381371,1.0960474841494132,-0.38816698224086726,0.0,1.197022992630023,-0.6744907594765952,0.0,0.0022402689343803905,1.0004293741129011,0.0,0.867202405042698,0.08171143561942587,-1.1274394166004846,-2.7691688080506354,-0.1686226898691488,-2.719720804341163,0.0,0.0818718816201791
test,long,UAV_0196,334,0.12251290182948353,0.02732350493925982,0.0,-0.6295247088453912,-1.228315413431151,-1.0951486425190438,2.8695647601215146,0.0,-1.3508282436966519,-0.12039995013204141,-1.080914678648484,1.0960474841494132,-0.15105420308329467,0.0,1.1345615124849195,-1.3489815189531904,0.0,-0.0025120587382233338,0.8709244541695781,0.0,0.867202405042698,-0.25999093151630104,-1.1274394166004846,-2.7691688080506354,-0.47214353163364187,-2.719720804341163,0.0,0.0818718816201791
test,long,UAV_0196,335,-0.30431724090019774,0.7644181260577594,0.0,0.314762354422471,-0.46598716975360743,-1.068542930258241,2.8695647601215146,0.0,-0.7227269696637678,0.44462210804813546,-1.080914678648484,0.9274247942803003,0.5515860346011332,0.0,1.197022992630023,-1.3489815189531904,0.0,-0.0025120587382233338,0.8709244541695781,0.0,0.867202405042698,0.08171143561942587,-1.3121994216710169,-2.7691688080506354,-0.7419398354242989,-2.719720804341163,0.0,-0.46316449735840287
test,long,UAV_0196,336,-0.30431724090019774,-0.2256485016668937,0.0,0.26979630379126707,-0.46598716975360743,-1.0253985319974732,2.8695647601215146,0.0,-0.7227269696637678,-0.04615716514783014,-1.080914678648484,0.9274247942803003,0.10697730081360023,0.0,1.358304127930024,-0.6744907594765952,0.0,-0.02821963606301689,1.2758919111291835,0.0,0.867202405042698,0.44569873974222507,-1.4811033331274779,-3.053471846177687,-0.47214353163364187,-2.888343494210338,0.0,-0.46316449735840287
test,long,UAV_0196,337,-0.30431724090019774,-0.2256485016668937,0.0,0.314762354422471,-0.046522653863704626,-1.0124552125192512,2.8695647601215146,0.0,0.6382166571461784,-0.12039995013204141,-1.2832619064914694,1.264670174018598,0.10697730081360023,0.0,1.197022992630023,-1.3489815189531904,0.0,-0.02821963606301689,1.2758919111291835,0.0,0.867202405042698,0.49918258851133956,-1.48250315506159,-3.0667916800587167,-0.269796303790657,-2.8937829358190075,0.0,-0.4599222712032327
test,long,UAV_0196,338,-0.30431724090019774,-0.2256485016668937,0.0,0.314762354422471,-0.46598716975360743,-1.0253985319974732,2.8695647601215146,0.0,0.6382166571461784,-0.04615716514783014,-1.2832619064914694,0.9274247942803003,0.6881225590392126,0.0,1.2529586464913542,-1.3489815189531904,0.0,0.028941559192037187,1.1603200246453926,0.0,0.867202405042698,0.6685481096133933,-1.4811033331274779,-3.24234804867203,-0.47214353163364187,-3.02976897603606,0.0,-0.46316449735840287
test,long,UAV_0196,339,0.25601208445829393,-0.7661413164346564,0.0,0.26979630379126707,-0.7035773486361749,-1.068542930258241,2.8695647601215146,0.0,0.2894025952008693,0.44462210804813546,-1.3610877633541543,1.6440712262241917,0.10697730081360023,0.0,1.390000998451236,-1.3489815189531904,0.0,0.03772135713083471,1.1603200246453926,0.0,0.867202405042698,0.6685481096133933,-1.3121994216710169,-3.24234804867203,-0.40469445568600126,-3.02976897603606,0.0,-0.4599222712032327
test,long,UAV_0196,340,0.25601208445829393,-0.7661413164346564,0.0,0.26979630379126707,-0.7035773486361749,-1.0757336633017105,2.8695647601215146,0.0,0.5494223001540379,0.6734445053244672,-1.3610877633541543,1.6440712262241917,-0.13346109881861498,0.0,1.2529586464913542,-1.3489815189531904,0.0,0.03772135713083471,1.1603200246453926,0.0,0.867202405042698,0.6685481096133933,-1.1305195910582497,-3.24234804867203,-0.40469445568600126,-3.02976897603606,0.0,-0.3892668731974912
test,long,UAV_0196,341,-0.2891228992128217,-0.7661413164346564,0.0,0.314762354422471,-0.2712237523560969,-1.3461052257358221,2.8695647601215146,0.0,0.5494223001540379,0.6734445053244672,-1.4423725471885596,1.6019155537568235,-0.3108332775108053,0.0,1.2529586464913542,-1.3489815189531904,0.0,0.04226896174758521,1.1173582221985932,0.0,0.6744907594765952,0.577922699199146,-1.1305195910582497,-3.24234804867203,-0.40469445568600126,-2.991692884775269,0.0,-0.4599222712032327
test,long,UAV_0196,342,0.08013941786896722,-0.0745737463563159,0.0,0.314762354422471,-0.7035773486361749,-1.447494561648606,2.8695647601215146,0.0,0.5494223001540379,0.6734445053244672,-1.3610877633541543,1.6019155537568235,-0.42510181414268594,0.0,1.3126233439432868,-1.3489815189531904,0.0,0.03772135713083471,1.1603200246453926,0.0,0.9635582278257493,0.40261452823385313,-1.1305195910582497,-3.193189681299253,-0.539592607581314,-2.991692884775269,0.0,-0.3892668731974912
test,long,UAV_0196,343,0.08013941786896722,-0.0745737463563159,0.0,0.314762354422471,-0.2712237523560969,-1.4611569544312026,2.8695647601215146,0.0,0.5494223001540379,0.45296074139532333,-1.2123539035721562,1.6019155537568235,-0.42510181414268594,0.0,1.390000998451236,-1.3489815189531904,0.0,0.04226896174758521,1.274389875079801,0.0,1.2526256961749034,0.40261452823385313,-1.1645171001896995,-3.193189681299253,-0.539592607581314,-2.991692884775269,0.0,-0.38785169096016925
test,long,UAV_0196,344,0.08013941786896722,0.34998722468433996,0.0,0.314762354422471,-0.2389692847305657,-1.5833994161700038,2.8695647601215146,0.0,0.7660083510150472,0.19090688190605012,-1.2123539035721562,1.475448536355007,-0.3229842948494046,0.0,1.3126233439432868,-1.3489815189531904,0.0,0.025703830255263092,1.293060417730061,0.0,1.2526256961749034,0.40261452823385313,-1.1645171001896995,-3.167584072625692,-0.539592607581314,-3.067845067296817,0.0,-0.38785169096016925
test,long,UAV_0196,345,0.5232045071548815,0.34998722468433996,0.0,-0.314762354422471,-0.2389692847305657,-1.6711263593002232,2.8695647601215146,0.0,1.456769324522449,0.19090688190605012,-1.2123539035721562,1.475448536355007,-0.3108332775108053,0.0,1.4105107382004238,-0.6744907594765952,0.0,0.060484598644433334,1.274389875079801,0.0,1.156269873391852,0.40261452823385313,-1.3258571872280567,-3.193189681299253,-0.539592607581314,-3.067845067296817,0.0,-0.38785169096016925
test,long,UAV_0196,346,0.5232045071548815,-0.0745737463563159,0.0,-0.314762354422471,-0.2389692847305657,-1.5833994161700038,2.8695647601215146,0.0,1.4169871197334962,0.45296074139532333,-1.2123539035721562,1.475448536355007,-0.3229842948494046,0.0,1.3331330836923645,-0.6744907594765952,0.0,0.060484598644433334,1.293060417730061,0.0,1.156269873391852,0.6834047342714539,-1.3615001135366707,-3.232439997409629,-0.539592607581314,-3.182073341079157,0.0,-0.38785169096016925
test,long,UAV_0196,347,0.5959043235916763,0.34998722468433996,0.0,-0.314762354422471,-0.2389692847305657,-1.5833994161700038,2.8695647601215146,0.0,0.7660083510150472,0.45296074139532333,-1.2590494176897717,1.4332928638877107,0.12023803731405869,0.0,1.3331330836923645,-0.6744907594765952,0.0,0.060484598644433334,1.274389875079801,0.0,1.0599140506088007,0.6834047342714539,-1.4104308958099097,-3.232439997409629,-0.6070416835289546,-3.182073341079157,0.0,-0.38785169096016925
test,long,UAV_0196,348,0.5232045071548815,0.4201314714287922,0.0,0.8093889113724534,-0.03221205664200007,-1.6028143953873697,2.8695647601215146,0.0,0.7660083510150472,-0.7606445832824114,-1.4873385978203495,1.4332928638877107,0.12023803731405869,0.0,1.292113604194209,-0.6744907594765952,0.0,0.03410642905531889,1.4111806661682573,0.0,1.0599140506088007,0.6834047342714539,-1.4104308958099097,-3.167584072625692,-0.47214353163364187,-3.182073341079157,0.0,-0.2504697958806985
test,long,UAV_0196,349,0.46362882380144393,0.4201314714287922,0.0,0.8093889113724534,-0.0021701104427349995,-1.6028143953873697,2.8695647601215146,0.0,0.45062578931105307,0.8691973322683182,-1.4873385978203495,1.4332928638877107,0.10575610636227994,0.0,1.3331330836923645,-0.6744907594765952,0.0,0.03817525625017849,1.272571733714454,0.0,1.156269873391852,0.6834047342714539,-1.4104308958099097,-3.232439997409629,-0.6070416835289546,-3.182073341079157,0.0,-0.2504697958806985
test,long,UAV_0196,350,0.46362882380144393,-0.8400115133995784,0.0,0.9892531138999648,-0.0021701104427349995,-1.3892496239966061,2.8695647601215146,0.0,-0.1664552561047987,0.8260717026829045,-1.4873385978203495,1.4332928638877107,0.08140308460612034,0.0,1.3331330836923645,-0.6744907594765952,0.0,0.03817525625017849,1.272571733714454,0.0,1.0599140506088007,0.7903724318096086,-1.492651003751566,-3.2797768125318822,-0.505868069607478,-3.2419071987746615,0.0,-0.6363262507497536
test,long,UAV_0196,351,0.46362882380144393,0.4201314714287922,0.0,0.8093889113724534,-0.5015332551824199,-1.3892496239966061,2.8695647601215146,0.0,-0.6520151158610323,0.0326042314119042,-1.4077832774717929,1.3068258464858222,0.10575610636227994,0.0,1.405849433711952,0.0,0.0,0.03817525625017849,1.2365122202427339,0.0,1.0599140506088007,0.7903724318096086,-1.5526159578544338,-3.1535165076023497,-0.6070416835289546,-3.154876133035705,0.0,-0.2504697958806985
test,long,UAV_0196,352,0.46362882380144393,-0.8400115133995784,0.0,0.7644228607403509,-0.0021701104427349995,-1.3892496239966061,2.8695647601215146,0.0,-0.6520151158610323,0.0326042314119042,-1.2867208334631668,1.1803588290840055,0.10575610636227994,0.0,1.405849433711952,-0.6744907594765952,0.0,0.04536864724852205,1.2365122202427339,0.0,1.2526256961749034,0.7903724318096086,-1.492651003751566,-3.3983871182045164,-0.505868069607478,-3.3670143557743755,0.0,-0.13160006842034677
test,long,UAV_0196,353,0.46362882380144393,-0.8719115647516386,0.0,0.35972840505502274,-0.0021701104427349995,-1.355453178692334,2.8695647601215146,0.0,0.12377386630209729,0.0326042314119042,-1.1933298052279355,1.3489815189531904,0.08140308460612034,0.0,1.5233143068205166,-0.6744907594765952,0.0,0.04536864724852205,1.2365122202427339,0.0,1.4453373417362418,0.20353575781564123,-1.492651003751566,-3.4007713002138544,-0.9780116012410883,-3.4214087718611412,0.0,-0.8175835858230112
test,long,UAV_0196,354,0.43396597972254636,-0.8400115133995784,0.0,0.22483025315961386,-0.5015332551824199,-1.3892496239966061,2.8695647601215146,0.0,0.12377386630209729,-0.23276578577991147,-1.1933298052279355,1.1803588290840055,0.029262539413027373,0.0,1.5233143068205166,-0.6744907594765952,0.0,0.04536864724852205,1.2365122202427339,0.0,1.2526256961749034,0.20353575781564123,-1.6578596962809256,-3.3983871182045164,-0.505868069607478,-3.4214087718611412,0.0,-0.2662023079945815
test,long,UAV_0196,355,-0.14378144501000248,-0.7446953869059295,0.0,-0.17986420252751137,0.19288304829669145,-1.355453178692334,2.8695647601215146,0.0,0.12377386630209729,-0.2632286600819669,-1.1933298052279355,1.1803588290840055,0.029262539413027373,0.0,1.5233143068205166,-0.6744907594765952,0.0,0.05699222917056073,1.0903827161016768,0.0,1.2526256961749034,0.20353575781564123,-1.6578596962809256,-3.283816667698794,-0.33724537973832913,-3.4214087718611412,0.0,-0.2662023079945815
test,long,UAV_0196,356,-0.14378144501000248,-0.7446953869059295,0.0,-0.17986420252751137,0.19288304829669145,-1.3475433723445063,2.8695647601215146,0.0,0.6065155230840602,-0.2632286600819669,-1.1933298052279355,1.3068258464858222,0.029262539413027373,0.0,1.3396589099761371,-0.6744907594765952,0.0,0.019986449893466488,1.0903827161016768,0.0,1.3489815189579548,0.6492344975578663,-1.6029234648093644,-3.443920829959815,-0.33724537973832913,-3.4214087718611412,0.0,-0.655669648672318
test,long,UAV_0196,357,-0.2619212577893764,-0.6495476249569259,0.0,-0.24731327847499118,-0.2703667623345451,-1.2857030681707635,2.8695647601215146,0.0,0.36514469469307875,-0.24799722293093918,-1.0229776518729439,1.3279036827195063,-0.00030308120469997417,0.0,1.5689950908071437,-0.3372453797382976,0.0,0.01234745503229745,1.03065821737718,0.0,1.300803607566429,0.7264889457798814,-1.6598523506507723,-3.3638687488293044,-0.57331714555515,-3.263664965209375,0.0,-0.7266060921347908
test,long,UAV_0196,358,-0.14378144501000248,-0.5543998630079221,0.0,-0.17986420252751137,-0.7336165729657816,-1.223862763997021,2.8695647601215146,0.0,0.6065155230840602,-0.2632286600819669,-0.8526254985179521,1.3068258464858222,-0.02986870182242732,0.0,1.204481079811556,-0.6744907594765952,0.0,0.0047084601711284094,0.9709337186526836,0.0,1.2526256961749034,0.8037433940018965,-1.6029234648093644,-3.283816667698794,-0.33724537973832913,-3.1059211585576088,0.0,-0.655669648672318
